Price,Close,High,Low,Open,Volume
Ticker,2303.TW,2303.TW,2303.TW,2303.TW,2303.TW
Date,,,,,
2000-01-04,24.083702087402344,24.28693897400722,23.372367825831557,23.77884572580429,332630460
2000-01-05,23.982084274291992,24.083701684202445,23.372367434540536,23.575606381124356,292754299
2000-01-06,23.473983764648438,23.98207895503024,23.37236225051488,23.98207895503024,248928848
2000-01-07,22.762657165527344,23.06751355475336,22.152942323693633,22.86427458634823,269228882
2000-01-10,23.372365951538086,23.575604885226166,21.74646479894004,21.74646479894004,380487972
2000-01-11,22.559415817260742,23.982084319251662,22.356178933677366,23.778845372286828,286306727
2000-01-12,23.169130325317383,23.169130325317383,22.457800146008406,22.559417563977334,181892693
2000-01-13,22.559415817260742,23.169128531392325,22.559415817260742,22.96589371119041,162467818922
2000-01-14,22.864269256591797,23.27074709865038,22.55941293842906,22.8642692565918,201569289
2000-01-17,23.372365951538086,23.677226415451536,23.270748548075368,23.575604885226166,150538291
2000-01-18,22.864269256591797,23.372364495783827,22.762651859458348,23.372364495783827,118179571
2000-01-19,22.559415817260742,23.169128531392325,22.559415817260742,22.864272174326533,131704223
2000-01-20,22.559415817260742,22.661037354124616,22.05132257661157,22.559415817260742,161466136
2000-01-21,23.067514419555664,23.372370820210765,22.864275443531096,22.96589699492513,146733969027
2000-01-24,23.778844833374023,23.982083775732743,23.37236694865658,23.37236694865658,280150047
2000-01-25,23.880462646484375,23.98208003844661,23.47398482511106,23.778841127759954,165332179
2000-01-26,25.404743194580078,25.50636471769754,24.388556850742013,24.388556850742013,509931527
2000-01-27,25.404743194580078,26.014457889616573,25.099886878752425,26.014457889616573,294787896
2000-01-28,24.490175247192383,24.998270503241475,24.388557846687576,24.998270503241475,220776993
2000-01-31,24.89665985107422,24.896659851074222,24.08370598301257,24.185325474443005,123849502
2000-02-01,24.998271942138672,25.30313241472588,24.591794063197575,25.30313241472588,138152648
2000-02-02,24.998271942138672,24.998271942138672,24.998271942138672,24.998271942138672,0
2000-02-03,24.998271942138672,24.998271942138672,24.998271942138672,24.998271942138672,0
2000-02-04,24.998271942138672,24.998271942138672,24.998271942138672,24.998271942138672,0
2000-02-07,24.998271942138672,24.998271942138672,24.998271942138672,24.998271942138672,0
2000-02-08,24.998271942138672,24.998271942138672,24.998271942138672,24.998271942138672,0
2000-02-09,25.303129196166992,25.81122029007001,25.099886155786198,25.81122029007001,205640473
2000-02-10,24.795032501220703,25.201510371941314,24.38855875726278,25.201510371941314,142264579
2000-02-11,24.89665985107422,25.40475111808092,24.69342086821335,24.99827727912283,248857310
2000-02-14,24.89665985107422,25.607992164323612,24.795038296261964,25.09989470717144,231418814
2000-02-15,24.89665985107422,25.09989470717144,24.591799313401097,24.896659851074222,132398164
2000-02-16,24.795032501220703,25.201510371941314,24.5917935658604,24.99827143658101,96313793
2000-02-17,24.490175247192383,24.693414174964527,24.185318918915435,24.59179264769719,169811146
2000-02-18,23.982084274291992,24.7950338704829,23.88046686438154,24.693416460572447,168258311
2000-02-21,22.559415817260742,23.778845372286828,22.559415817260742,23.778845372286828,204879305
2000-02-22,22.762657165527344,23.06751355475336,22.051324902872743,22.152942323693633,220926964
2000-02-23,22.35618019104004,22.76265604444938,22.35618019104004,22.76265604444938,94785922
2000-02-24,22.661035537719727,22.762652939675498,22.356177141708528,22.559414009001365,96072827
2000-02-25,22.864269256591797,22.8642692565918,22.45779554129561,22.762651859458348,131295083
2000-02-28,22.864269256591797,22.8642692565918,22.8642692565918,22.8642692565918,0
2000-02-29,22.864269256591797,23.27074709865038,22.8642692565918,23.16912557475454,93814074
2000-03-01,23.169130325317383,23.372369288018476,23.06751290734845,23.270751870049548,103782874
2000-03-02,22.661035537719727,23.372365604935307,22.559414009001365,23.372365604935307,77321238
2000-03-03,22.661035537719727,22.762652939675498,22.457796607045594,22.559414009001365,54058051
2000-03-06,22.457796096801758,22.864269822152302,22.356176633773497,22.864269822152302,79299876
2000-03-07,22.152936935424805,22.559412709986102,21.94970214321592,22.254558458291598,89830876
2000-03-08,22.051321029663086,22.35617736534254,21.949703626690813,22.15293843263536,83254277
2000-03-09,22.661035537719727,22.661035537719727,22.152938211034396,22.152938211034396,89730328
2000-03-10,21.74646759033203,22.965895158843146,21.74646759033203,22.965895158843146,121241490
2000-03-13,20.323802947998047,20.831896267823485,20.323802947998047,20.730280905269247,197750221
2000-03-14,20.62865447998047,20.730276008676547,19.71408548229129,19.917320286158272,192705540
2000-03-15,20.120559692382812,20.730276498683555,19.91732075694923,20.527037563249976,168651829
2000-03-16,19.612464904785156,20.12056019262003,18.799511206220526,18.799511206220526,249527376
2000-03-17,19.91732406616211,19.91732406616211,19.40922870654074,19.612467675741964,322737936
2000-03-20,19.30760955810547,19.30760955810547,19.30760955810547,19.30760955810547,19713548
2000-03-21,20.62865447998047,20.62865447998047,18.697892892524738,18.697892892524738,307675855
2000-03-22,20.831892013549805,21.339987292994177,20.32379879748679,20.62865513980087,233479025
2000-03-23,22.254562377929688,22.254562377929688,21.339989144858897,21.543228099626084,250847711
2000-03-24,22.051321029663086,22.457796831696125,21.949703626690813,22.457796831696125,178769243
2000-03-27,23.575607299804688,23.575607299804688,22.35617976292821,22.35617976292821,197371979
2000-03-28,24.083702087402344,24.388560512381893,23.77884572580429,24.388560512381893,277777118920
2000-03-29,23.880462646484375,24.185316885752176,23.677223735797718,24.185316885752176,153859273
2000-03-30,24.591796875,25.201513763126087,23.982086177018765,23.982086177018765,344904162
2000-03-31,23.982084274291992,24.59179492389908,23.88046686438154,24.388560104078174,164745578225
2000-04-03,23.982084274291992,23.982084274291992,23.982084274291992,23.982084274291992,0
2000-04-04,23.982084274291992,23.982084274291992,23.982084274291992,23.982084274291992,0
2000-04-05,24.998271942138672,25.30313241472588,24.286937717373135,24.286937717373135,227783546
2000-04-06,23.778844833374023,25.3031327743016,23.77884483337402,24.998272297382105,219765704
2000-04-07,23.575607299804688,24.185322099933693,23.372368345301172,23.982085208811714,161019549
2000-04-10,24.286937713623047,24.99827193827875,23.473988146010527,23.473988146010527,292980520
2000-04-11,23.778844833374023,24.18532065471005,23.677227425576074,24.08370118353069,132788196
2000-04-12,22.96589469909668,23.778846395163217,22.96589469909668,23.57560743945581,145425077
2000-04-13,22.152936935424805,22.356175854396042,21.746463224244682,21.94970214321592,219826704
2000-04-14,20.831892013549805,21.64484363530826,20.730276671747376,20.933509418733593,238392897
2000-04-17,19.815704345703125,19.815704345703125,19.104372162798953,19.104372162798953,181554560
2000-04-18,20.831892013549805,21.0351309506801,20.32379879748679,20.730276671747376,182132143
2000-04-19,20.22218132019043,21.33998721689549,20.120559788606307,21.33998721689549,132531715
2000-04-20,20.527036666870117,20.628654066768114,19.714085087398654,20.222180340413633,92166119
2000-04-21,19.71408462524414,20.120558342069714,19.61246310096594,19.61246310096594,130066568
2000-04-24,18.90113067626953,19.71408428607803,18.90113067626953,19.71408428607803,103420654
2000-04-25,19.91732406616211,19.91732406616211,18.596279019880914,18.69789644109984,166989715
2000-04-26,19.00275421142578,20.222181660219206,18.79951114484008,20.120560126926353,135289884
2000-04-27,19.71408462524414,19.71408462524414,19.00275252572758,19.510841576687742,144450010
2000-04-28,21.035131454467773,21.035131454467773,19.815703992625018,19.917321400242525,256423426
2000-05-01,21.035131454467773,21.035131454467773,21.035131454467773,21.035131454467773,0
2000-05-02,21.74646759033203,22.051323966614415,21.54322863055605,21.94970655010801,206859407
2000-05-03,20.730276107788086,21.644843046468523,20.730276107788086,21.543225644049198,156718656
2000-05-04,20.323802947998047,21.3399916510307,20.018946543426427,20.933513693759505,147635366
2000-05-05,21.543224334716797,21.543224334716797,19.917319170868293,20.120558090117296,166880357
2000-05-08,21.644847869873047,21.94970839859229,21.339991467917326,21.441608892981392,186385049
2000-05-09,21.644847869873047,21.644847869873047,21.644847869873047,21.644847869873047,0
2000-05-10,25.754316329956055,26.632303636338637,25.75431632995606,26.193311014837988,272766688
2000-05-11,25.168991088867188,25.315324027928703,24.729996398445245,25.022658149805665,128542577
2000-05-12,26.339649200439453,26.339649200439453,25.315328752737965,25.754321461711438,137950184
2000-05-15,25.607986450195312,26.632306816091,25.46165555889065,26.632306816091,93891704
2000-05-16,27.071300506591797,27.217633455619573,25.754318409011933,26.19331312933237,164745727
2000-05-17,28.095617294311523,28.68094282655811,27.65662262928128,27.80295143311644,231459124
2000-05-18,27.949291229248047,27.949291229248047,27.36396348983889,27.656629422925167,116993148
2000-05-19,27.65662384033203,27.802952650574756,27.36395796632146,27.510290903326744,65075344
2000-05-22,26.485971450805664,27.363958782105858,26.485971450805664,27.07129908951425,88601490
2000-05-23,25.900650024414062,26.632304414972793,25.754317082920974,26.485971473479704,68995404
2000-05-24,25.461654663085938,25.607985549242315,25.02265994123536,25.16899289077319,78865786
2000-05-25,25.022659301757812,25.900650786402533,24.876330482722466,25.754317840604376,73734944
2000-05-26,25.315326690673828,25.46165551836405,24.729998999623774,24.87633195407705,76133555
2000-05-29,25.315326690673828,25.900652318342352,25.16899373622055,25.315326690673828,58958664
2000-05-30,25.315326690673828,25.315326690673828,25.315326690673828,25.315326690673828,0
2000-05-31,27.36396026611328,27.949287936565465,27.071300557650098,27.949287936565465,198036592
2000-06-01,26.632299423217773,27.36395367664081,26.632299423217773,27.217626952718117,63749675
2000-06-02,26.778636932373047,27.510291311344574,26.778636932373043,27.217631623137272,110559813
2000-06-05,26.924962997436523,27.07129592168073,26.63230127571031,26.924962997436523,56553474842
2000-06-06,26.924962997436523,26.924962997436523,26.924962997436523,26.924962997436523,0
2000-06-07,27.51029396057129,27.51029396057129,26.632306557874422,26.92496833764621,121034714287
2000-06-08,27.36396026611328,28.095620885869238,27.21763350695387,27.802954987261693,142517212
2000-06-09,27.65662384033203,27.802952650574756,27.510290903326744,27.802952650574756,104072826
2000-06-12,27.217636108398438,27.94929060794111,27.217636108398438,27.802957644650924,65053942
2000-06-13,26.924962997436523,27.217628845924935,26.778634199954517,26.924962997436523,63218332335
2000-06-14,26.924962997436523,27.363955580025838,26.778634199954517,27.217628845924935,86123795335
2000-06-15,26.485971450805664,26.92496614814643,26.33964469958187,26.778637333541297,77502341
2000-06-16,26.193309783935547,26.485969454468407,26.04697685359734,26.485969454468407,74023227
2000-06-19,25.754316329956055,26.33964395205282,25.607983392741225,26.193311014837988,56947143
2000-06-20,25.461654663085938,26.193313220630724,25.461654663085938,26.193313220630724,46836049
2000-06-21,25.461654663085938,25.900651448317976,25.461654663085938,25.754318498780144,68767075
2000-06-22,26.193309783935547,26.339642714273758,25.168989588474023,25.31532251881223,88438051
2000-06-23,25.607986450195312,26.193314142177016,25.607986450195312,25.900652359567694,54476304
2000-06-26,25.022659301757812,25.46165401238947,24.876330482722466,25.46165401238947,68591403
2000-06-27,25.022659301757812,25.315325193354123,24.876330482722466,25.16899224755597,48848735
2000-06-28,25.461654663085938,25.607985549242315,25.02265994123536,25.02265994123536,72286370
2000-06-29,24.72999382019043,25.75431396992281,24.437334162722898,25.75431396992281,88622171
2000-06-30,25.022659301757812,25.315325193354123,24.437337835472213,24.876330482722466,96281055
2000-07-03,24.58366584777832,25.16899142161888,23.99833821055642,25.022658480622738,66417868
2000-07-04,23.99833869934082,24.876330173056097,23.99833869934082,24.58366634848434,63559477
2000-07-05,25.168991088867188,25.461652840227604,23.705678205302465,24.291003771404615,118081376
2000-07-06,24.291006088256836,24.729998757168158,24.291006088256836,24.58366786753105,61066181
2000-07-07,23.55934715270996,24.437338667238617,23.559347152709964,24.144672765680927,84751403
2000-07-10,23.413015365600586,23.705681281704305,22.827693850301028,23.559348323652447,85542807
2000-07-11,23.413015365600586,23.852014239756166,23.12035357626002,23.413015365600586,55118668
2000-07-12,23.413015365600586,23.705681281704305,23.413015365600586,23.559348323652447,45241873
2000-07-13,23.99833869934082,24.29100458729396,23.70567900153182,23.70567900153182,97722181
2000-07-14,24.43733787536621,24.58366669464044,23.99833903725508,24.14467198329212,111560104
2000-07-17,24.291006088256836,24.87633171018677,24.144673135238225,24.87633171018677,64027648
2000-07-18,23.852014541625977,24.437340191096542,23.705681581722136,24.437340191096542,42788685
2000-07-19,23.852014541625977,24.437340191096542,23.705681581722136,24.437340191096542,42788685
2000-07-20,22.82769012451172,23.70567741261554,22.82769012451172,23.559344478447205,76273538
2000-07-21,22.535024642944336,23.120350199519923,21.9497032131313,22.827690516304042,104710478
2000-07-24,21.949705123901367,22.388697782012375,21.949705123901367,22.242364832593918,64678920
2000-07-25,21.364376068115234,22.242363390806076,21.364376068115234,21.65703782121841,71126283
2000-07-26,21.80337142944336,22.24236407255362,21.364376722951715,21.364376722951715,78795369
2000-07-27,21.80337142944336,21.80337142944336,21.07171702425959,21.80337142944336,70315841
2000-07-28,22.38869857788086,22.388698577880863,21.218047321207877,21.364378212446617,75142542
2000-07-31,21.949705123901367,22.242364832593918,21.80337217448291,22.242364832593918,30183169
2000-08-01,21.657039642333984,22.388698213378888,21.657039642333984,22.24236526114101,37343367
2000-08-02,21.510711669921875,21.949706417281988,21.510711669921875,21.65704050119981,57964991
2000-08-03,21.657039642333984,21.949705546809742,21.218046975764835,21.5107108168591,63294923
2000-08-04,22.68136215209961,22.974021894314568,21.803374671927966,21.94970763810798,124649685
2000-08-07,23.12035369873047,23.12035369873047,22.53502805356724,22.681361012394238,87584972
2000-08-08,23.852014541625977,23.998341311385012,23.120353868869973,23.41301566191445,136001946
2000-08-09,24.43733787536621,24.58366669464044,23.99833903725508,24.14467198329212,127546870
2000-08-10,24.43733787536621,24.58366669464044,24.14467198329212,24.58366669464044,93207218
2000-08-11,24.43733787536621,24.729997577296075,24.291004929329166,24.43733787536621,91646587
2000-08-14,23.99833869934082,24.58366634848434,23.99833869934082,24.437337531270526,43254748
2000-08-15,24.14467430114746,24.291007261232267,23.852014571122666,23.998341341062655,67270947
2000-08-16,24.876327514648438,24.876327514648438,24.291001991437085,24.291001991437085,106911793
2000-08-17,25.315326690673828,25.607986409435803,24.87633195407705,25.022660781767275,115808056
2000-08-18,25.168991088867188,25.607983715907814,25.168991088867184,25.461652840227604,91613208
2000-08-21,25.022659301757812,25.46165401238947,25.022659301757812,25.315325193354123,72644017
2000-08-22,24.72999382019043,24.876326743995836,24.437334162722898,24.876326743995836,64667295
2000-08-23,24.72999382019043,24.72999382019043,24.72999382019043,24.72999382019043,0
2000-08-24,25.168991088867188,25.461652840227604,24.876329337506764,24.876329337506764,82936716
2000-08-25,24.876327514648438,25.46165097447863,24.72999458630973,25.315322172902242,72244895
2000-08-28,24.291006088256836,24.58366786753105,24.291006088256836,24.58366786753105,56612931
2000-08-29,24.43733787536621,24.58366669464044,23.70567933532521,23.99833903725508,80506926
2000-08-30,23.852014541625977,24.437340191096542,23.85201454162598,24.437340191096542,57518093
2000-08-31,24.14467430114746,24.291007261232267,23.70568161103786,23.852014571122666,60729585
2000-09-01,23.12035369873047,24.291007052438516,22.827693971221233,24.14467409361152,81453192
2000-09-04,23.99833869934082,24.29100458729396,23.70567900153182,23.99833869934082,47305015
2000-09-05,24.14467430114746,24.291007261232267,23.852014571122666,24.14467430114746,48022251
2000-09-06,23.413015365600586,23.998341007663296,23.413015365600586,23.852014239756166,59011338
2000-09-07,22.535024642944336,22.827690516304042,22.388695833027032,22.681357579624187,76935254
2000-09-08,22.68136215209961,22.974021894314568,22.53502918591959,22.681362152099606,46428370
2000-09-11,22.974018096923828,23.120351038916375,22.38869664586039,22.38869664586039,43423305
2000-09-12,22.974018096923828,22.974018096923828,22.974018096923828,22.974018096923828,0
2000-09-13,23.26668357849121,23.413012391190176,22.09603037970506,22.535025071327205,80999105
2000-09-14,22.38869857788086,22.974020079454295,22.242365623260593,22.827693314978614,52803449
2000-09-15,22.68136215209961,23.2666878266746,22.53502918591959,22.681362152099606,61872723
2000-09-18,22.82769012451172,23.120349802704673,22.681357190343384,22.82769012451172,71697732
2000-09-19,21.80337142944336,22.827691723463406,21.65703848502522,22.535025834627127,95726480
2000-09-20,21.510711669921875,22.388699101260524,20.92538602790225,21.949706417281988,141243663
2000-09-21,21.07171630859375,21.364375997346173,20.779050429697385,21.218045121279307,75419145
2000-09-22,19.608402252197266,20.047396963803454,19.608402252197266,19.608402252197266,178970462
2000-09-25,19.901063919067383,19.901063919067383,19.169405382222088,19.608402155034383,105098935
2000-09-26,21.07171630859375,21.218045121279307,19.31573754226607,19.754730170466676,146168283
2000-09-27,20.779054641723633,21.51071329713175,20.48639283026577,21.07172057994496,84108982
2000-09-28,19.608402252197266,21.071717269757432,19.608402252197266,20.779051377511426,75582140
2000-09-29,19.608402252197266,19.901064017680454,19.169405477209665,19.75473107155745,76469042
2000-10-02,18.14508819580078,19.16940867249537,18.14508819580078,18.73041388771458,78048192
2000-10-03,18.73041343688965,19.16940821110421,17.559766208002024,17.706095048231273,153151848
2000-10-04,18.14508819580078,18.14508819580078,18.14508819580078,18.14508819580078,19298486
2000-10-05,18.4377498626709,18.730409545712067,17.559762560022293,17.559762560022293,184769121
2000-10-06,19.608402252197266,19.608402252197266,18.584079882861882,18.584079882861882,133922872
2000-10-09,19.169404983520508,19.901063505148148,19.169404983520508,19.754730562793807,75314685
2000-10-10,19.169404983520508,19.169404983520508,19.169404983520508,19.169404983520508,0
2000-10-11,18.584081649780273,18.584081649780273,18.584081649780273,18.584081649780273,25119970
2000-10-12,17.41343116760254,17.998756775733682,17.41343116760254,17.559764117171415,92094002
2000-10-13,17.41343116760254,17.41343116760254,16.24277788795879,16.24277788795879,174647816499
2000-10-16,17.41343116760254,17.41343116760254,17.41343116760254,17.41343116760254,0
2000-10-17,16.389110565185547,16.53544351232277,15.364790252132078,15.364790252132078,171714118
2000-10-18,15.364788055419922,15.950114601830812,15.36478805541992,15.657453907851776,145165017
2000-10-19,14.311205863952637,14.545335654131502,14.311205863952637,14.311205863952637,78556968
2000-10-20,15.21845817565918,15.21845817565918,15.21845817565918,15.21845817565918,71428596
2000-10-23,17.120771408081055,17.26709920758209,16.242778818805142,16.68177253421613,270759535381
2000-10-24,18.291419982910156,18.291419982910156,17.559765494581164,18.14508702186274,206797122
2000-10-25,19.0230712890625,19.169404225631364,18.14508398655568,18.291416923124547,292640523
2000-10-26,18.4377498626709,18.730409545712067,18.4377498626709,18.4377498626709,145841574
2000-10-27,18.4377498626709,18.4377498626709,18.4377498626709,18.4377498626709,0
2000-10-30,17.26709747314453,17.26709747314453,17.26709747314453,17.26709747314453,5465247
2000-10-31,16.6817684173584,17.267094946272884,16.6817684173584,16.6817684173584,203859017
2000-11-01,16.242778778076172,16.974438407562463,16.242778778076172,16.82810544997442,128664097934
2000-11-02,17.26709747314453,17.26709747314453,15.950116459199084,15.950116459199084,221912919
2000-11-03,18.291419982910156,18.437752943957577,17.559765494581164,17.852425226531142,229431264
2000-11-06,17.998756408691406,18.14508522851334,17.26709786591184,17.559763759081363,168183699
2000-11-07,19.169404983520508,19.169404983520508,18.437750588655575,18.437750588655575,278776891
2000-11-08,19.608402252197266,20.486389612028237,19.169405477209665,19.315738423332668,344532249
2000-11-09,19.608402252197266,19.608402252197266,18.584079882861882,19.02307253108666,182415106
2000-11-10,19.169404983520508,19.31573792587485,18.584079404247206,19.023072041166166,188915291
2000-11-13,17.8524227142334,18.145084468379917,17.8524227142334,17.8524227142334,176760701
2000-11-14,18.14508819580078,18.437754136830307,17.852426381534755,17.852426381534755,134079805
2000-11-15,17.998756408691406,18.876743771292908,17.559763759081363,18.876743771292908,188622164
2000-11-16,16.82810401916504,17.55976358644198,16.82810401916504,16.974436964311128,156774531
2000-11-17,16.6817684173584,16.828101339200185,15.657453439823879,15.803781203213001,161735708
2000-11-20,14.779467582702637,15.364789006907618,14.779467582702635,15.072128294805127,144757597
2000-11-21,15.80378246307373,15.80378246307373,14.311206762435395,14.311206762435395,178682307
2000-11-22,15.511122703552246,16.389110041409054,15.364789761091645,15.95011637248065,196485756
2000-11-23,15.21845817565918,15.364790089557358,15.072129356833104,15.072129356833104,145110902
2000-11-24,16.242778778076172,16.242778778076172,15.364791349455764,15.364791349455764,235161095
2000-11-27,16.242778778076172,16.82810544997442,16.096450978942055,16.82810544997442,168034022098
2000-11-28,15.80378246307373,15.950115396581024,15.80378246307373,15.950115396581024,76481185
2000-11-29,15.364788055419922,15.657453907851776,15.36478805541992,15.36478805541992,103361542
2000-11-30,15.21845817565918,15.80378376787049,15.072129356833104,15.364790089557358,116430330
2000-12-01,15.657459259033203,15.657459259033205,14.779471718577312,14.779471718577312,123573545
2000-12-04,14.779467582702637,15.072128294805127,14.779467582702635,14.925795359527312,59074436
2000-12-05,14.925795555114746,15.2184573027429,14.633134839177233,14.925795555114746,115079915
2000-12-06,14.925795555114746,15.65745508263834,14.925795555114746,15.65745508263834,127597050
2000-12-07,15.364788055419922,15.36478805541992,14.925794435224958,14.925794435224958,90041784
2000-12-08,15.21845817565918,15.511123035146236,15.072129356833104,15.364790089557358,78399575
2000-12-11,15.21845817565918,15.511123035146236,15.072129356833104,15.364790089557358,64485542
2000-12-12,15.511122703552246,15.657455646012844,15.364789761091645,15.364789761091645,107508156
2000-12-13,15.364788055419922,15.511120981635848,15.218456160894558,15.511120981635848,38342937
2000-12-14,14.925795555114746,15.2184573027429,14.925795555114746,15.2184573027429,57295439
2000-12-15,14.925795555114746,14.925795555114746,14.633134839177233,14.633134839177233,66477675
2000-12-18,14.19414234161377,14.779468979594444,14.194142341613768,14.633136030485868,66812906824
2000-12-19,13.72588062286377,13.901476434564131,13.72588062286377,13.72588062286377,95831052
2000-12-20,13.257621765136719,13.374686687175874,13.257621765136717,13.257621765136717,44505822
2000-12-21,12.81862735748291,12.81862735748291,12.81862735748291,12.81862735748291,14104179
2000-12-22,13.082026481628418,13.08202648162842,12.379634856373517,12.379634856373517,226823066
2000-12-25,13.082026481628418,13.08202648162842,13.08202648162842,13.08202648162842,0
2000-12-26,13.111287117004395,13.960011561223,13.023489210560802,13.960011561223,188777783
2000-12-27,13.228353500366211,13.374686455843014,12.760092788617985,13.111288580351848,174538354
2000-12-28,14.135608673095703,14.135608673095703,13.16982328945245,13.345420162982666,254635162
2000-12-29,14.07707691192627,14.164874821137534,13.813679057529727,14.135606788019071,146583096
2001-01-01,14.07707691192627,14.07707691192627,14.07707691192627,14.07707691192627,0
2001-01-02,14.516070365905762,14.633135274779967,13.403952184064787,13.696612908714297,223293718
2001-01-03,14.135608673095703,14.340472551956644,13.901478820594864,14.047810752176007,131220434
2001-01-04,14.779467582702637,15.072128294805127,14.516069743569448,14.779467582702635,242653012
2001-01-05,15.21845817565918,15.511123035146236,14.63313567851997,14.77946862410885,235456069
2001-01-08,14.779467582702637,15.364789006907618,14.779467582702635,14.925795359527312,167428666
2001-01-09,15.511122703552246,15.511122703552244,14.779468308156034,14.779468308156034,189128390
2001-01-10,15.21845817565918,15.657455980735115,15.072129356833104,15.511123035146236,142972889
2001-01-11,15.072129249572754,15.657455869309308,14.92579630502525,15.364789980214297,180145445
2001-01-12,15.21845817565918,15.511123035146236,15.072129356833104,15.21845817565918,119508086
2001-01-15,15.511122703552246,15.511122703552244,15.07212903462384,15.218457850321725,97484224
2001-01-16,16.535444259643555,16.535444259643555,15.657456854046599,15.657456854046599,247627478
2001-01-17,17.26709747314453,17.26709747314453,16.68177085857319,16.828103801829382,279543346
2001-01-18,17.120771408081055,17.413432165537063,16.828105492171105,17.413432165537063,217204595
2001-01-19,17.120771408081055,17.120771408081055,17.120771408081055,17.120771408081055,0
2001-01-22,17.120771408081055,17.120771408081055,17.120771408081055,17.120771408081055,0
2001-01-23,17.120771408081055,17.120771408081055,17.120771408081055,17.120771408081055,0
2001-01-24,17.120771408081055,17.120771408081055,17.120771408081055,17.120771408081055,0
2001-01-25,17.120771408081055,17.120771408081055,17.120771408081055,17.120771408081055,0
2001-01-26,17.120771408081055,17.120771408081055,17.120771408081055,17.120771408081055,0
2001-01-29,15.950115203857422,17.12076834086474,15.950115203857424,17.12076834086474,138416378
2001-01-30,16.535444259643555,16.535444259643555,15.803784649343564,15.95011760309432,130645362
2001-01-31,17.41343116760254,17.559764117171415,16.681771578211787,16.681771578211787,283216485
2001-02-01,16.82810401916504,17.413430641295896,16.681771074018954,17.26709769614981,143975637
2001-02-02,17.120771408081055,17.413432165537063,16.97443845012608,17.120771408081055,163778538
2001-02-05,16.389110565185547,16.828104248143667,16.389110565185547,16.828104248143667,125633064
2001-02-06,16.389110565185547,16.974437195280895,16.09644982936465,16.09644982936465,163068048
2001-02-07,15.364788055419922,15.803781675614884,15.36478805541992,15.511120981635848,204302959
2001-02-08,15.657459259033203,15.657459259033205,15.218461362041593,15.364793306578186,113619346
2001-02-09,15.950115203857422,16.096448135596592,15.364788635353765,15.511121567092934,121494915
2001-02-12,15.950115203857422,16.096448135596592,15.803782272118255,15.803782272118255,67691139
2001-02-13,16.974437713623047,16.974437713623047,16.242778114048054,16.242778114048054,151657201716
2001-02-14,16.09644889831543,17.120769152120268,16.09644889831543,16.974436213447216,123006975
2001-02-15,17.120771408081055,17.120771408081055,16.535444734715092,16.68177253421613,160798110
2001-02-16,17.41343116760254,17.998756775733682,17.120770426918423,17.70609293997738,365911270
2001-02-19,17.41343116760254,17.41343116760254,16.828104527780663,16.974437477349543,120681516
2001-02-20,16.974437713623047,17.852424074659325,16.974437713623047,17.5597643615923,133902912
2001-02-21,17.120771408081055,17.120771408081055,16.535444734715092,16.68177253421613,88326993
2001-02-22,16.242778778076172,16.681772492386376,16.242778778076172,16.681772492386376,112465048118
2001-02-23,15.950115203857422,16.242775908882745,15.803782272118255,16.096448135596592,110006570
2001-02-26,15.657459259033203,15.95012005303364,15.511126282805694,15.803787076806131,66288160
2001-02-27,15.511122703552246,15.95011637248065,15.511122703552244,15.80378343002005,81211003
2001-02-28,15.511122703552246,15.511122703552244,15.511122703552244,15.511122703552244,0
2001-03-01,14.779467582702637,15.21845710332043,14.779467582702635,15.21845710332043,119729316
2001-03-02,14.925795555114746,15.072128492310107,14.633134839177233,14.925795555114746,71106748
2001-03-05,15.511122703552246,15.511122703552244,14.779468308156034,14.92579609216324,43802984
2001-03-06,15.657459259033203,16.242780847034076,15.657459259033205,15.803787076806131,131912109
2001-03-07,16.242778778076172,16.389111735664216,16.096450978942055,16.242778778076172,118323421321
2001-03-08,15.657459259033203,16.09645302926115,15.657459259033205,16.09645302926115,55773010
2001-03-09,15.657459259033203,15.657459259033205,15.218461362041593,15.364793306578186,41263908
2001-03-12,15.364788055419922,15.36478805541992,15.072127361440886,15.218456160894558,45298650
2001-03-13,15.511122703552246,15.657455646012844,14.92579609216324,15.07212903462384,74389007
2001-03-14,15.511122703552246,15.511122703552244,15.511122703552244,15.511122703552244,0
2001-03-15,16.09644889831543,16.09644889831543,15.511122302076487,15.657455240749538,89363230
2001-03-16,15.80378246307373,16.242776105142536,15.80378246307373,16.096448330088318,86606306
2001-03-19,15.21845817565918,15.657455980735115,15.21845817565918,15.657455980735115,43677471
2001-03-20,15.21845817565918,15.511123035146236,15.21845817565918,15.364790089557358,44045894
2001-03-21,15.21845817565918,15.364790089557358,15.072129356833104,15.072129356833104,45169996
2001-03-22,15.657459259033203,15.657459259033205,15.218461362041593,15.218461362041593,64914069
2001-03-23,15.950115203857422,16.242775908882745,15.803782272118255,15.950115203857424,152202088
2001-03-26,15.950115203857422,16.242775908882745,15.803782272118255,16.242775908882745,77179680
2001-03-27,16.09644889831543,16.535442555881325,16.09644889831543,16.242776678535222,158889995023
2001-03-28,15.511122703552246,15.657455646012844,15.364789761091645,15.364789761091645,154755690
2001-03-29,15.511122703552246,15.657455646012844,15.511122703552244,15.657455646012844,58974226
2001-03-30,15.511122703552246,15.657455646012844,15.364789761091645,15.657455646012844,62427151
2001-04-02,14.925795555114746,15.511122145442979,14.925795555114746,15.511122145442979,59801412
2001-04-03,14.545340538024902,14.779471438508521,14.399008596261277,14.633138465054,91377653
2001-04-04,14.281937599182129,14.516068417190226,14.19413970308094,14.281937599182127,78052831
2001-04-05,14.281937599182129,14.281937599182127,14.281937599182127,14.281937599182127,0
2001-04-06,14.48680305480957,14.925796742876587,14.486803054809569,14.925796742876587,89924496
2001-04-09,14.047808647155762,14.340470403081948,14.047808647155762,14.340470403081948,49995736
2001-04-10,13.842948913574219,14.223412788757654,13.842948913574219,14.047811775670214,57147545
2001-04-11,14.340468406677246,14.39900343210929,13.901474802211682,14.194139612466621,54453904
2001-04-12,14.779467582702637,14.925795359527312,14.603867647693006,14.603867647693006,80044207
2001-04-13,14.633136749267578,15.072130459703109,14.633136749267576,15.072130459703109,54137138
2001-04-16,14.545340538024902,14.633138465054,14.340473549835854,14.633138465054,24837877
2001-04-17,14.545340538024902,14.633138465054,14.340473549835854,14.457538484232215,25380550
2001-04-18,14.779467582702637,14.925795359527312,14.633134647424821,14.633134647424821,52134988
2001-04-19,15.80378246307373,15.80378246307373,15.511121754512219,15.80378246307373,271463143
2001-04-20,15.657459259033203,15.95012005303364,15.511126282805694,15.803787076806131,105074668
2001-04-23,15.511122703552246,15.657455646012844,15.364789761091645,15.511122703552244,34615849
2001-04-24,15.364788055419922,15.511120981635848,15.218456160894558,15.218456160894558,41747937
2001-04-25,15.072129249572754,15.364789980214297,14.92579630502525,15.364789980214297,40596038
2001-04-26,15.072129249572754,15.364789980214297,14.92579630502525,15.364789980214297,40596038
2001-04-27,15.072129249572754,15.364789980214297,15.072129249572754,15.364789980214297,45634138
2001-04-30,15.364788055419922,15.657453907851776,15.072127361440886,15.218456160894558,101316142
2001-05-01,15.364788055419922,15.36478805541992,15.36478805541992,15.36478805541992,0
2001-05-02,15.511122703552246,16.389110041409054,15.511122703552244,16.09644931494125,162210107
2001-05-03,15.80378246307373,15.950115396581024,15.218456919188247,15.511121754512219,90500602
2001-05-04,15.072129249572754,15.803783655403345,15.072129249572754,15.803783655403345,56913192
2001-05-07,15.364788055419922,15.657453907851776,15.072127361440886,15.36478805541992,63636658
2001-05-08,15.364788055419922,15.657453907851776,15.218456160894558,15.36478805541992,54447305
2001-05-09,15.364788055419922,15.657453907851776,15.36478805541992,15.511120981635848,62268980
2001-05-10,15.072129249572754,15.364789980214297,15.072129249572754,15.364789980214297,39862020
2001-05-11,15.364788055419922,15.511120981635848,15.072127361440886,15.072127361440886,54021773
2001-05-14,15.21845817565918,15.364790089557358,15.21845817565918,15.21845817565918,23460459
2001-05-15,14.925795555114746,15.2184573027429,14.925795555114746,15.072128492310107,47449065
2001-05-16,14.779467582702637,15.072128294805127,14.779467582702635,14.925795359527312,33806423
2001-05-17,15.072129249572754,15.218458067357487,14.92579630502525,14.92579630502525,39537973
2001-05-18,15.21845817565918,15.364790089557358,15.072129356833104,15.21845817565918,48700989
2001-05-21,14.925795555114746,15.2184573027429,14.633134839177233,15.2184573027429,51106512
2001-05-22,15.364788055419922,15.511120981635848,15.072127361440886,15.072127361440886,82444722
2001-05-23,15.80378246307373,15.950115396581024,15.364788821004925,15.364788821004925,84510858
2001-05-24,15.511122703552246,15.80378343002005,15.511122703552244,15.80378343002005,47717185
2001-05-25,15.364788055419922,15.657453907851776,15.36478805541992,15.511120981635848,40683791
2001-05-28,15.21845817565918,15.364790089557358,15.072129356833104,15.364790089557358,26184614
2001-05-29,15.21845817565918,15.511123035146236,15.21845817565918,15.21845817565918,40084563
2001-05-30,15.21845817565918,15.364790089557358,15.21845817565918,15.21845817565918,39031526
2001-05-31,15.21845817565918,15.21845817565918,14.925796411244225,15.072129356833104,40850704
2001-06-01,15.072129249572754,15.364789980214297,15.072129249572754,15.364789980214297,25964955
2001-06-04,15.072129249572754,15.218458067357487,14.92579630502525,15.072129249572754,27970285
2001-06-05,15.21845817565918,15.21845817565918,15.072129356833104,15.072129356833104,23535608
2001-06-06,15.80378246307373,15.80378246307373,15.511121754512219,15.511121754512219,102894553
2001-06-07,15.80378246307373,15.80378246307373,15.657454688019513,15.80378246307373,50652055
2001-06-08,16.242778778076172,16.53544469325226,16.096450978942055,16.096450978942055,162388545236
2001-06-11,16.09644889831543,16.242776678535222,15.95011595964238,16.242776678535222,53034289081
2001-06-12,16.09644889831543,16.242776678535222,15.95011595964238,16.09644889831543,39885918982
2001-06-13,15.511122703552246,16.09644931494125,15.364789761091645,16.09644931494125,61652009
2001-06-14,15.21845817565918,15.511123035146236,15.072129356833104,15.364790089557358,54068809
2001-06-15,15.364788055419922,15.36478805541992,15.072127361440886,15.072127361440886,26308907
2001-06-18,14.633136749267578,15.072130459703109,14.633136749267576,15.072130459703109,90953100
2001-06-19,14.164875030517578,14.545337801177023,14.047809086457425,14.48680276576554,88867705
2001-06-20,14.047808647155762,14.16487458755504,14.047808647155762,14.047808647155762,58832745
2001-06-21,13.667352676391602,14.018544375827611,13.608817631412986,13.901479444324735,90780163
2001-06-22,13.872213363647461,13.901476236775896,13.608814491391279,13.608814491391279,51469261
2001-06-25,13.872213363647461,13.872213363647461,13.872213363647461,13.872213363647461,0
2001-06-26,13.228353500366211,13.930745083833935,13.169822587895185,13.930745083833935,68514942
2001-06-27,13.433215141296387,13.579548083752057,13.316154358461517,13.403952266891697,48629167
2001-06-28,12.994221687316895,13.43321536349179,12.877161934236447,13.43321536349179,57546573
2001-06-29,13.374686241149902,13.403953244451772,13.228353288022065,13.316155329618427,56986510
2001-07-02,13.608817100524902,13.608817100524902,13.199091403784793,13.433217130893672,35262021
2001-07-03,13.433215141296387,13.608815084919462,13.374685265724292,13.52101820817996,29048606
2001-07-04,13.286886215209961,13.403951114745144,13.169820283984185,13.345417117441668,33249927
2001-07-05,13.199090003967285,13.316154918488174,13.111287965081774,13.111287965081774,20467556
2001-07-06,12.847893714904785,13.140554441966923,12.818626713676958,12.935691623516222,52660028
2001-07-09,12.057703971862793,12.613762537133002,12.057703971862791,12.52596566248414,82193365
2001-07-10,12.204030990600586,12.438161821296726,11.882103290735893,12.086966091097809,71386659
2001-07-11,12.379634857177734,12.555229668430373,12.086968928793627,12.11623593430837,74043114
2001-07-12,14.438514709472656,14.505827375252878,14.270234592558289,14.270234592558289,110879931
2001-07-13,14.359423637390137,14.978697085069031,14.320720787888469,14.939994235567363,119493093
2001-07-16,14.165900230407715,14.398129692855893,13.972378773439836,14.398129692855893,50455365
2001-07-17,14.436834335327148,14.591652964522613,14.011082331271457,14.049790341565698,60111577
2001-07-18,14.088489532470703,14.514240425380368,13.933669900477344,14.475533454000644,52361241
2001-07-19,13.353105545043945,14.127192415022295,13.120876079470898,13.856261133592717,77619654
2001-07-20,13.662739753723145,13.856261214423958,13.546627083640812,13.740149576032401,69959612
2001-07-23,13.662739753723145,13.97237904296017,13.546627083640812,13.856261214423958,34235126
2001-07-24,13.624037742614746,13.70144756967781,13.546627915551682,13.6627405927646,44446220
2001-07-25,13.972380638122559,14.01108245862327,13.662741313535436,13.662741313535436,39395100
2001-07-26,14.359423637390137,14.514242257232567,13.778852007522088,13.97237966701112,58254056
2001-07-27,14.669058799743652,15.32704011592299,14.514239181023523,14.514239181023523,151538104
2001-07-30,14.669058799743652,14.66905879974365,14.66905879974365,14.66905879974365,0
2001-07-31,15.05610466003418,15.17221628625363,14.746470561710314,14.823874185760609,82012030
2001-08-01,15.133511543273926,15.288331152232583,14.088487436327288,15.172214382132513,157695554
2001-08-02,15.559267044067383,15.597968860288347,15.172217931134334,15.481857221480771,102060818526
2001-08-03,15.597966194152832,15.868902590276798,15.288332115185554,15.559264384547106,58016408597
2001-08-06,15.28833293914795,15.481855409584291,15.017401686875202,15.28833293914795,43268842
2001-08-07,14.398128509521484,14.939992052246149,14.35942153891314,14.901284049947135,59636645361
2001-08-08,14.591650009155273,14.591650009155273,14.282011781787046,14.32071875255076,57062438
2001-08-09,14.320718765258789,14.475533236472245,14.32071876525879,14.359421609294147,32590642709
2001-08-10,14.55294418334961,14.669060978013578,14.243310058383509,14.32071987923848,82142878
2001-08-13,14.320718765258789,14.552943051305663,14.32071876525879,14.552943051305663,32331934
2001-08-14,14.978694915771484,15.017401886430685,14.359421557779187,14.436831372334895,64735883
2001-08-15,14.939993858337402,15.288334970419251,14.785174210713295,15.017403682149455,66747969
2001-08-16,14.939993858337402,15.133515322795146,14.707764386901243,14.823876027546934,46530893
2001-08-17,15.05610466003418,15.210923256732116,14.939992002124065,15.056104660034181,51807559
2001-08-20,14.707762718200684,14.90128416070204,14.669059874067363,14.707762718200684,43710709
2001-08-21,14.978694915771484,15.094811700986392,14.707762628207854,14.707762628207854,31045410
2001-08-22,14.707762718200684,14.978695007422075,14.669059874067363,14.669059874067363,50780987
2001-08-23,14.862580299377441,14.939990103735466,14.63035088630337,14.63035088630337,59247605
2001-08-24,14.127190589904785,14.552942491736832,14.011078967191244,14.514239649189621,80492149
2001-08-27,14.746472358703613,14.939993822699735,14.282013416939211,14.359423240566612,92236163575
2001-08-28,14.746472358703613,15.056106494759248,14.59165167975802,14.746472358703613,63657967
2001-08-29,15.094813346862793,15.172218011405024,14.552944585889698,14.552944585889698,70961503
2001-08-30,15.05610466003418,15.094811630512668,14.90128399995491,14.90128399995491,46638893
2001-08-31,15.40444564819336,15.443152618469213,14.82387410815676,14.978694767425537,84176794
2001-09-03,15.32703971862793,15.675375598194112,15.172214945468026,15.5979657908406,57034613
2001-09-04,15.597966194152832,15.636674193902179,15.133512496475406,15.327040114934901,54828261117
2001-09-05,15.481857299804688,15.48185729980469,15.28833480574068,15.48185729980469,43161611
2001-09-06,15.44315242767334,15.481855270708381,15.210922989175302,15.32704080349627,63492444
2001-09-07,15.40444564819336,15.481855461982416,15.249626020615247,15.327040992857617,60774810
2001-09-10,15.32703971862793,15.559263982235576,15.249624752821536,15.288331719879444,36672182
2001-09-11,14.901287078857422,15.404448911702294,14.901287078857422,15.327044239967988,45874732
2001-09-12,14.901287078857422,14.901287078857422,14.901287078857422,14.901287078857422,0
2001-09-13,13.894969940185547,13.894969940185547,13.894969940185547,13.894969940185547,13320673
2001-09-14,12.927347183227539,13.817555850944181,12.92734718322754,13.275693383578758,85809091
2001-09-17,12.927347183227539,12.92734718322754,12.92734718322754,12.92734718322754,0
2001-09-18,12.927347183227539,12.92734718322754,12.92734718322754,12.92734718322754,0
2001-09-19,12.927347183227539,12.92734718322754,12.92734718322754,12.92734718322754,0
2001-09-20,12.075844764709473,12.075844764709473,12.075844764709473,12.075844764709473,9206899
2001-09-21,11.688803672790527,11.688803672790527,11.688803672790527,11.688803672790527,1271988
2001-09-24,11.688803672790527,11.688803672790527,11.688803672790527,11.688803672790527,0
2001-09-25,10.218026161193848,11.185640664880422,10.179319187523838,11.030821023726407,214596063
2001-09-26,10.566365242004395,10.605073239977285,9.52134111719582,10.218024210965055,200435605
2001-09-27,10.101914405822754,10.256728886690444,9.985796581259487,10.218026040241577,84751214
2001-09-28,10.101914405822754,10.101914405822754,10.101914405822754,10.101914405822754,0
2001-10-01,10.101914405822754,10.101914405822754,10.101914405822754,10.101914405822754,0
2001-10-02,9.714865684509277,10.256729284707726,9.714865684509277,10.256729284707726,66062320
2001-10-03,9.056882858276367,9.560044564605432,9.056882858276367,9.36652313286564,105063670
2001-10-04,9.056882858276367,9.521341722624344,9.056882858276367,9.482634753880768,133729141
2001-10-05,9.67616081237793,9.67616081237793,9.095590358916613,9.17300016538768,110467902
2001-10-08,9.753573417663574,9.869686097307898,9.443934102927454,9.443934102927454,102554880
2001-10-09,10.411547660827637,10.411547660827637,9.908392078512327,10.101914567377491,97041643
2001-10-10,10.411547660827637,10.411547660827637,10.411547660827637,10.411547660827637,0
2001-10-11,11.108230590820312,11.108230590820312,10.992118957676658,11.03082077200975,82409973447
2001-10-12,11.379161834716797,11.882322515106193,11.379161834716797,11.882322515106193,201838430
2001-10-15,11.069528579711914,11.379162690996369,11.03082057592253,11.22434821458092,47844585
2001-10-16,11.301751136779785,11.301751136779785,10.914707267539299,10.992117073077948,63347549988
2001-10-17,11.340462684631348,11.99844423416226,11.340462684631348,11.611395050095878,160356003
2001-10-18,11.224346160888672,11.340457770723624,11.030818557639574,11.108228360910587,64498599
2001-10-19,11.495278358459473,11.611391009895886,10.992117689321551,11.069527499199975,105969288
2001-10-22,11.533982276916504,11.68880191112847,11.340459797532956,11.533982276916502,69500081
2001-10-23,11.417871475219727,11.84362240513827,11.417871475219727,11.804914398703117,82464978
2001-10-24,12.191962242126465,12.191962242126465,11.533981912581954,11.572688883293687,183200616
2001-10-25,12.385486602783203,12.385486602783203,12.037144447108304,12.19196410002233,97752084
2001-10-26,12.269371032714844,12.695122914432018,12.191961224515142,12.385483681633216,89054301
2001-10-29,12.191962242126465,12.462893498367132,12.037142612804928,12.114552427465696,78838874
2001-10-30,11.340462684631348,11.921034397348983,11.340462684631348,11.921034397348983,95892523
2001-10-31,10.992117881774902,11.263049126021098,10.837298259307426,11.030819692319886,87292846
2001-11-01,11.26305103302002,11.417871713391525,11.185641208679668,11.301753881808589,71633429
2001-11-02,12.03714370727539,12.03714370727539,11.804914242177752,11.882324063876965,115021521
2001-11-05,12.540303230285645,12.695123890276333,11.804913090932548,11.95973271923257,132002820
2001-11-06,12.46289348602295,12.966055217438228,12.46289348602295,12.966055217438228,120699792
2001-11-07,13.27569580078125,13.275695800781248,12.656417222300176,12.73382704461031,143620066
2001-11-08,13.546625137329102,14.204601310587607,13.391805514954303,13.391805514954303,208099296
2001-11-09,13.546625137329102,13.546625137329103,13.546625137329103,13.546625137329103,0
2001-11-12,13.15958023071289,13.430512591914674,13.082170395117553,13.23699006630823,89799218
2001-11-13,13.043466567993164,13.43051052803775,13.043466567993164,13.082168384770636,75463569
2001-11-14,13.933670043945312,13.93367004394531,13.35310467151796,13.507919146651906,191218717
2001-11-15,14.669058799743652,14.823873260010762,13.817556055235961,13.933668705894851,175503664
2001-11-16,14.939993858337402,15.404447642755738,14.514241890752702,14.785174210713295,174653555
2001-11-19,15.28833293914795,15.404445596057228,14.707762432766945,14.939991873348138,102592082
2001-11-20,14.514240264892578,15.327041260488977,14.514240264892578,15.210923442705829,129196289
2001-11-21,15.133511543273926,15.133511543273924,14.088487436327288,14.088487436327288,116647250
2001-11-22,14.320718765258789,14.97869496950811,14.32071876525879,14.97869496950811,77750210
2001-11-23,14.630356788635254,14.901288118118684,14.282015623564314,14.282015623564314,99217531
2001-11-26,14.978694915771484,15.017401886430685,14.630352813652147,14.823874254969398,135382038
2001-11-27,15.44315242767334,15.675376707718131,14.901283737844581,15.481855270708381,244201712
2001-11-28,15.481857299804688,16.217247523025534,15.404447476826457,15.55926712278292,218335811
2001-11-29,15.249628067016602,15.365744866663634,14.978696777469667,15.32704304964756,71390414
2001-11-30,15.28833293914795,15.714084850165484,15.249625969003098,15.404445596057228,114757880
2001-12-03,15.907605171203613,16.101126596352003,15.597965938851372,15.597965938851372,134827822039
2001-12-04,16.836519241333008,16.836519241333008,15.520557542583115,15.830196803101536,159138907
2001-12-05,17.997657775878906,17.997657775878906,17.417092363529182,17.417092363529182,219014165
2001-12-06,19.236207962036133,19.236207962036133,19.081388324060683,19.236207962036133,130933260
2001-12-07,19.932891845703125,20.126412262909955,19.23620761417512,19.313617431762996,217761294
2001-12-10,18.733051300048828,19.739372919764442,18.733051300048828,19.739372919764442,165788561
2001-12-11,19.04268455505371,19.04268455505371,17.920246360893046,18.462115067545717,146850980
2001-12-12,20.31993865966797,20.319938659667965,19.197500443039463,19.352320076610678,184158472
2001-12-13,19.12009048461914,20.706983463443354,18.965274978957552,20.319938509145214,159994326
2001-12-14,18.887866973876953,19.120092318018497,18.268594574942473,18.346004398577378,149716863
2001-12-17,18.113773345947266,18.771754726006325,18.113773345947266,18.578226057055137,81845460
2001-12-18,17.997657775878906,18.849159629018935,17.958954928202058,18.849159629018935,131383902
2001-12-19,18.113773345947266,18.733047754187243,17.997656557252835,18.191183162822615,109989351
2001-12-20,18.57822608947754,18.65563590648798,17.997656588662032,17.997656588662032,90024442
2001-12-21,17.64931297302246,18.268591456387252,17.41708973190437,17.99765505653392,123175474
2001-12-24,18.268592834472656,18.268592834472656,17.494500862016995,17.533201643384203,82435951
2001-12-25,18.6556396484375,18.849162166398955,18.0750700311713,18.268596675896408,91501713
2001-12-26,18.307296752929688,18.965276102966733,18.268593905911196,18.771755677729736,74909860
2001-12-27,18.46211814880371,19.081390583902625,18.229888664337196,18.57822876427355,140517583
2001-12-28,19.08138656616211,19.236206189874594,18.462114261455998,18.61692769502466,138206947
2001-12-31,19.73936653137207,19.932888984178643,19.35231749899667,19.35231749899667,165357009
2002-01-01,19.73936653137207,19.73936653137207,19.73936653137207,19.73936653137207,0
2002-01-02,19.313615798950195,19.73936769630813,18.96527371263575,19.73936769630813,93679600
2002-01-03,19.313615798950195,19.313615798950195,19.313615798950195,19.313615798950195,0
2002-01-04,20.12641716003418,20.126417160034183,19.545851640388666,19.73937416806448,199447422
2002-01-07,20.31993865966797,20.319938659667965,19.545846681956103,20.126412054322543,114951506
2002-01-08,19.545846939086914,19.932891901343822,19.352320331195596,19.932891901343822,89879912
2002-01-09,19.545846939086914,19.739369420215368,19.158797850067142,19.545846939086914,92884707
2002-01-10,18.926570892333984,19.31362003239049,18.771757426456492,19.081390548356584,101619020
2002-01-11,18.03636360168457,18.771754801579597,17.99765662970966,18.539525350018614,106611320
2002-01-14,17.64931297302246,17.804132593863656,17.455790510352198,17.455790510352198,72046255
2002-01-15,17.146154403686523,17.61061229149475,16.836520282474265,17.41709186846649,103562628
2002-01-16,16.64299774169922,17.41709181157257,16.64299774169922,17.146154347677637,104041501
2002-01-17,17.30097198486328,17.57190322726046,16.062425330482444,16.294654762598768,134438129
2002-01-18,17.533201217651367,17.997655977170815,17.533201217651367,17.997655977170815,120762357
2002-01-21,18.694337844848633,18.694337844848633,17.64931361942187,17.64931361942187,111788005
2002-01-22,18.38470458984375,18.965274056431774,17.997655527610014,18.771753652077486,96371353
2002-01-23,18.733051300048828,19.545850404326814,17.804137448479185,18.113776774590264,250901317
2002-01-24,18.307296752929688,18.926569129185218,18.191184085111185,18.810458524748228,108893123
2002-01-25,18.57822608947754,18.965275174529754,18.462115490724695,18.77175475876647,96256394
2002-01-28,18.616928100585938,18.96527432490886,18.53952447718731,18.578225257195964,87384716
2002-01-29,17.997657775878906,18.65563713710851,17.997657775878906,18.61693016266857,70161207
2002-01-30,17.41708755493164,17.765427531522633,17.41708755493164,17.49449735567674,98765386
2002-01-31,17.41708755493164,17.41708755493164,17.41708755493164,17.41708755493164,0
2002-02-01,18.152475357055664,18.500815390228738,17.80413326050128,18.500815390228738,114266801
2002-02-04,17.726722717285156,17.95895214768025,17.64931290715346,17.920245179233174,58619846
2002-02-05,17.84284210205078,17.84284210205078,17.417092210902407,17.417092210902407,47380112
2002-02-06,17.494497299194336,17.99765274888909,17.455788272184805,17.455788272184805,136914506
2002-02-07,17.494497299194336,17.494497299194336,17.494497299194336,17.494497299194336,0
2002-02-08,17.494497299194336,17.494497299194336,17.494497299194336,17.494497299194336,0
2002-02-11,17.494497299194336,17.494497299194336,17.494497299194336,17.494497299194336,0
2002-02-12,17.494497299194336,17.494497299194336,17.494497299194336,17.494497299194336,0
2002-02-13,17.494497299194336,17.494497299194336,17.494497299194336,17.494497299194336,0
2002-02-14,17.494497299194336,17.494497299194336,17.494497299194336,17.494497299194336,0
2002-02-15,17.494497299194336,17.494497299194336,17.494497299194336,17.494497299194336,0
2002-02-18,17.64931297302246,17.99765505653392,17.494499542324967,17.804132593863656,104711580
2002-02-19,17.030044555664062,17.804136645901732,17.030044555664062,17.804136645901732,96281993
2002-02-20,16.13983726501465,16.83652049458643,16.13983726501465,16.642998005738622,118350714
2002-02-21,16.255949020385742,16.526880283224845,16.178538172148986,16.526880283224845,80678684
2002-02-22,16.255949020385742,16.37206580858623,15.868904064418254,16.023724729201067,76326479
2002-02-25,16.178537368774414,16.44946964985058,16.178537368774414,16.41076783857146,65964396
2002-02-26,16.178537368774414,16.604289275254846,16.178537368774414,16.44946964985058,60391151
2002-02-27,17.30097198486328,17.30097198486328,16.565586004995946,16.642995815701386,130512411
2002-02-28,17.30097198486328,17.30097198486328,17.30097198486328,17.30097198486328,0
2002-03-01,18.19118309020996,18.50081616633119,17.494500931256944,17.571904557679105,278867050
2002-03-04,19.352317810058594,19.352317810058594,19.042682705943573,19.352317810058594,181523323
2002-03-05,19.932891845703125,20.319938870261062,19.545846884526615,20.319938870261062,296170397
2002-03-06,20.513460159301758,20.513460159301754,19.54584574918403,19.739368218531315,249447817
2002-03-07,19.932891845703125,20.51346135084932,19.739369365114868,20.319938870261062,151745816
2002-03-08,19.932891845703125,20.319938870261062,19.545846884526615,20.126412262909955,120902558
2002-03-11,21.094030380249023,21.28755283754262,20.126409840256336,20.126409840256336,229642022
2002-03-12,20.12641716003418,20.900511397501297,19.932896695740293,20.900511397501297,91514756
2002-03-13,19.932891845703125,20.51346135084932,19.739369365114868,20.126412262909955,66709533
2002-03-14,20.12641716003418,20.126417160034183,19.545851640388666,19.73937416806448,79113619
2002-03-15,19.08138656616211,19.739367903558893,18.96527391175902,19.352318844277683,199785871
2002-03-18,19.545846939086914,19.545846939086914,18.771754951191664,19.158797850067142,84558044
2002-03-19,19.313615798950195,19.932890160535596,19.158796176863216,19.54584523208066,89244714
2002-03-20,20.12641716003418,20.126417160034183,19.352324985948993,19.545851640388666,122232293
2002-03-21,19.932891845703125,20.126412262909955,19.545846884526615,19.545846884526615,66130235
2002-03-22,20.12641716003418,20.51346634214967,20.126417160034183,20.319943814473852,121547127
2002-03-25,20.12641716003418,20.51346634214967,19.932896695740293,20.126417160034183,68949384
2002-03-26,20.31993865966797,20.319938659667965,19.932891639121333,19.932891639121333,60106842
2002-03-27,19.73936653137207,20.513458405979485,19.73936653137207,20.513458405979485,90082374
2002-03-28,20.513460159301758,20.513460159301754,19.932890687878597,19.932890687878597,118014981
2002-03-29,20.31993865966797,20.90050609541581,20.319938659667965,20.90050609541581,95617523
2002-04-01,20.513460159301758,20.70698262864904,20.31993768995447,20.31993768995447,37018221
2002-04-02,21.094030380249023,21.28755283754262,20.706981338899478,20.706981338899478,113394121
2002-04-03,20.9005069732666,21.28755607345125,20.70698448655577,20.9005069732666,102961865
2002-04-04,20.513460159301758,20.900505097996323,20.31993768995447,20.70698262864904,78989487
2002-04-05,20.513460159301758,20.513460159301754,20.513460159301754,20.513460159301754,0
2002-04-08,20.513460159301758,20.70698262864904,20.31993768995447,20.31993768995447,39083909
2002-04-09,20.12641716003418,20.51346634214967,19.932896695740293,20.51346634214967,53896876
2002-04-10,19.545846939086914,20.126412319090846,19.545846939086914,19.932891901343822,86772451
2002-04-11,19.73936653137207,20.126409373604083,19.73936653137207,19.73936653137207,53779216
2002-04-12,20.706985473632812,20.706985473632812,19.739370930572136,19.932893426507956,72713644
2002-04-15,20.513460159301758,20.900505097996323,20.513460159301754,20.70698262864904,49896617
2002-04-16,21.094030380249023,21.28755283754262,20.706981338899478,20.706981338899478,116169962
2002-04-17,22.061647415161133,22.44869237685451,21.868124934314444,21.868124934314444,254782894
2002-04-18,22.061647415161133,22.25516989600782,21.868124934314444,22.25516989600782,100707672
2002-04-19,21.868125915527344,22.061648405057298,21.674599299234345,21.674599299234345,59116179
2002-04-22,22.061647415161133,22.061647415161133,21.674598326704896,21.674598326704896,55663952
2002-04-23,21.674598693847656,21.868125304735322,21.48107620972292,21.868125304735322,71215782
2002-04-24,21.868125915527344,22.061648405057298,21.674599299234345,21.674599299234345,58077856
2002-04-25,21.28755760192871,21.674600539759126,21.09403510132268,21.674600539759126,87089300
2002-04-26,21.094030380249023,21.28755283754262,20.706981338899478,21.094030380249023,55613334
2002-04-29,20.513460159301758,20.70698262864904,20.31993768995447,20.70698262864904,68462889
2002-04-30,20.513460159301758,20.513460159301754,20.126411093844574,20.513460159301754,58101728
2002-05-01,20.513460159301758,20.513460159301754,20.513460159301754,20.513460159301754,0
2002-05-02,19.932891845703125,20.706983831437576,19.932891845703125,20.51346135084932,78304151
2002-05-03,20.31993865966797,20.319938659667965,19.545846681956103,19.545846681956103,64559845
2002-05-06,18.965272903442383,19.739366854086413,18.9265659361909,19.739366854086413,95908797
2002-05-07,18.926570892333984,19.158800376367886,18.191185779753443,18.191185779753443,97612164
2002-05-08,19.236207962036133,19.545847237987036,18.965275658960557,19.003978505072958,73386641
2002-05-09,19.27490997314453,20.126411754977404,19.081387497440222,20.126411754977404,108113774
2002-05-10,19.27490997314453,19.352319788778804,18.849158050537405,19.158797313074494,88587132
2002-05-13,18.849157333374023,19.08138677144109,18.849157333374023,18.926567146063043,48328706
2002-05-14,19.04268455505371,19.27490987399927,18.849157953582107,19.081387399290396,50148956
2002-05-15,19.73936653137207,19.932888984178643,19.35231749899667,19.5458440785655,96705731
2002-05-16,19.15880012512207,19.545849260102866,19.15880012512207,19.545849260102866,37070237
2002-05-17,18.849157333374023,19.313616209508154,18.73304674110308,19.158796584130112,85378226
2002-05-20,18.6556396484375,18.849162166398955,18.384709361320553,18.849162166398955,55293219
2002-05-21,17.920249938964844,18.578229373085318,17.920249938964844,18.578229373085318,61351486
2002-05-22,18.307296752929688,18.384706573729694,17.804134981111147,17.920247648929646,101399967
2002-05-23,17.804134368896484,18.268593277725603,17.804134368896484,18.11377364144923,87775031
2002-05-24,18.268592834472656,18.34600265073264,17.804133936912756,17.804133936912756,71487875
2002-05-27,18.07506561279297,18.11377258298168,17.881543142137314,17.920245985563387,48150324
2002-05-28,18.07506561279297,18.462114680866918,17.920245985563387,18.07506561279297,78934685
2002-05-29,17.804134368896484,18.036363823311046,17.649314732620113,17.997656850860512,64600345
2002-05-30,17.997657775878906,18.152477420112483,17.688022614174844,17.88154510608527,130801754
2002-05-31,17.533201217651367,17.80413350460127,17.417090622843514,17.80413350460127,75970092
2002-06-03,17.33968162536621,17.41709144339348,17.146153985225883,17.41709144339348,55328711
2002-06-04,16.75910758972168,16.991337009662537,16.642994943132386,16.83651739636863,107155129
2002-06-05,16.913928985595703,17.146153271558134,16.87522098312104,16.87522098312104,73883236
2002-06-06,16.913928985595703,17.18486024234212,16.836519170790435,17.030041644422255,76356107
2002-06-07,15.83019733428955,16.526880535380055,15.791495520498135,16.41076890386152,124956692
2002-06-10,16.29465675354004,16.333359600240374,15.985017472885406,16.062427293049065,77188754
2002-06-11,16.255949020385742,16.488177438333214,15.868904064418254,16.449470466678786,71074296
2002-06-12,16.10112762451172,16.333358095295882,16.10112762451172,16.17853743754289,54296679
2002-06-13,16.836519241333008,17.03004171577566,16.294655693879168,16.294655693879168,134838785
2002-06-14,16.75910758972168,16.79781558811686,16.526878169780822,16.642994943132386,43548474
2002-06-17,16.449474334716797,17.030046031950288,16.449474334716797,16.875225330761914,68731760
2002-06-18,16.75910758972168,16.913927203015586,16.68169778307473,16.83651739636863,47314663
2002-06-19,16.255949020385742,16.875221362610002,16.255949020385742,16.759109732863017,67594281
2002-06-20,16.023723602294922,16.062425412774054,15.481854924580714,15.907605790569997,79904003
2002-06-21,15.907605171203613,16.25594724421871,15.520556130763312,15.559264129879102,85179869
2002-06-24,15.71408462524414,15.868903218391635,15.48185518798693,15.752786436381742,60181263
2002-06-25,15.907605171203613,16.217244403555853,15.714083746055222,15.868902330540756,62890326
2002-06-26,15.249628067016602,15.791496836255279,15.0948135771167,15.675379004917446,96156854
2002-06-27,15.249628067016602,15.481857539547462,15.172218242839648,15.404447715370509,62307112
2002-06-28,15.52055549621582,15.714083103595486,15.481853688825849,15.481853688825849,49207432
2002-07-01,15.133511543273926,15.48185360004983,14.978692966005804,15.48185360004983,39649802
2002-07-02,14.978694915771484,15.172216357088736,14.901284069525106,14.901284069525106,38525796
2002-07-03,14.785172462463379,14.862582277122229,13.933669659669413,14.514240174538756,76470149
2002-07-04,14.939993858337402,15.249627995131632,14.823876027546934,14.862584034525348,78777139
2002-07-05,15.985016822814941,15.985016822814941,14.978695391756435,15.210923811112515,104838483
2002-07-08,16.48818016052246,17.030044839043615,16.333361533560577,16.52688301180391,156550149
2002-07-09,16.836519241333008,16.836519241333008,16.13983606361996,16.372065509008774,66120444660
2002-07-10,16.178537368774414,16.565586432285077,16.139835557495292,16.565586432285077,60212422
2002-07-11,15.481857299804688,16.06242787706907,15.28833480574068,15.597968939199681,86565068551
2002-07-12,16.13983726501465,16.449471390127783,15.86890495527511,15.946315807857596,99120490
2002-07-15,15.868902206420898,16.139834469228816,15.714083623146289,16.139834469228816,49388727
2002-07-16,15.868902206420898,16.4494685407063,15.868902206420897,16.25594711707155,69980644
2002-07-17,15.791496276855469,16.023725741159804,15.48185699111635,15.868905066599483,54661888
2002-07-18,15.40444564819336,15.791494717138644,15.365742804680156,15.791494717138644,69734834
2002-07-19,14.862580299377441,15.01739990809349,14.514238243147409,14.939990103735466,119613197
2002-07-22,14.165900230407715,14.475534355218171,14.088490409591657,14.320719872039833,96924086
2002-07-23,14.669058799743652,14.66905879974365,13.972376705646694,13.972376705646694,115409531
2002-07-24,14.049787521362305,14.243308963552172,13.894967891552785,14.165899148647412,110340802
2002-07-25,13.933670043945312,14.552943419841636,13.93367004394531,14.436831789723149,114157575
2002-07-26,12.966056823730469,12.966056823730469,12.966056823730469,12.966056823730469,55518497
2002-07-29,12.308074951171875,12.966055283412636,12.075844474547269,12.075844474547269,192260428
2002-07-30,12.888646125793457,12.927348971875048,12.579012008542696,12.73382648794125,109564890
2002-07-31,12.501599311828613,12.849940321738021,12.501599311828613,12.849940321738021,64466752
2002-08-01,12.385486602783203,12.811237553224284,12.346783752936359,12.811237553224284,92915159
2002-08-02,12.191962242126465,12.191962242126465,11.80491316882262,12.07584442506329,107883939
2002-08-05,13.462156295776367,13.871646774217957,13.359782644475121,13.666898439924614,119498334
2002-08-06,13.769271850585938,13.92283282919364,13.052658421076593,13.052658421076593,128631734
2002-08-07,14.690635681152344,14.690635681152342,14.281139136057083,14.332326462116626,131676680
2002-08-08,14.332328796386719,14.741825408175654,14.332328796386719,14.69063807377936,77185619
2002-08-09,14.84420108795166,14.946575770831776,14.639452753882276,14.741827436762392,70094697
2002-08-12,14.84420108795166,15.048949422021044,14.690640095322333,14.946575770831776,54238994
2002-08-13,15.048948287963867,15.048948287963867,14.690638988266594,14.844199969323887,40567122
2002-08-14,15.202508926391602,15.202508926391602,14.741825993602458,14.741825993602458,54380937
2002-08-15,15.560812950134277,15.970309575305501,15.509625614065191,15.56081295013428,105541575
2002-08-16,15.560812950134277,15.816748598788978,15.458439309686844,15.816748598788978,46775093
2002-08-19,15.867935180664062,15.970308816245737,15.61199954417384,15.867935180664062,50159900
2002-08-20,16.175058364868164,16.379806683491484,15.970310046244848,16.123872058980414,71706842
2002-08-21,15.663185119628906,15.867933399500103,15.611997791738466,15.867933399500103,44293900
2002-08-22,15.867935180664062,16.0726834835181,15.765560513391698,15.765560513391698,61868155
2002-08-23,15.867935180664062,15.867935180664062,15.867935180664062,15.867935180664062,0
2002-08-26,15.509626388549805,15.76556204998484,15.458440081615432,15.76556204998484,48229493
2002-08-27,14.997761726379395,15.50962580826271,14.946574389669385,15.50962580826271,56822049
2002-08-28,14.332328796386719,14.69063807377936,14.332328796386719,14.639450739383067,84710293
2002-08-29,14.332328796386719,14.332328796386719,13.97401848730337,14.22995412759413,80241205
2002-08-30,14.383516311645508,14.588265666491377,14.178769020181226,14.332330004624835,42644723
2002-09-02,14.076393127441406,14.383515069812564,13.974018458857218,14.332328767211173,38335200
2002-09-03,13.974020004272461,14.229955672346673,13.922833696010274,14.076394684178474,49752711
2002-09-04,13.769271850585938,14.025206471035188,13.513341356899701,13.61570984028748,58939353
2002-09-05,13.718083381652832,14.076392646062772,13.71808338165283,14.076392646062772,42617884
2002-09-06,13.718083381652832,13.71808338165283,13.71808338165283,13.71808338165283,0
2002-09-09,13.82045841217041,13.97401939362822,13.6668974307126,13.718084768428795,55680630
2002-09-10,14.281142234802246,14.281142234802246,13.769271958212007,14.025206580661745,59141610
2002-09-11,14.332328796386719,14.537077102281186,14.332328796386719,14.332328796386719,49483527
2002-09-12,14.127579689025879,14.383514283106605,13.974017694548666,14.332327983304848,27886626
2002-09-13,13.769271850585938,13.92283282919364,13.769271850585936,13.871645492427486,35612173
2002-09-16,13.257405281066895,13.666895676716669,13.103843287626308,13.564521014422944,55810314
2002-09-17,13.871644020080566,13.871644020080568,13.257405329299294,13.308592660632383,68143909
2002-09-18,12.950284957885742,13.410967900064025,12.950284957885742,13.410967900064025,90399157
2002-09-19,12.796723365783691,13.052659029860695,12.796723365783691,12.950285383244376,100011829
2002-09-20,12.28485107421875,12.489600414776003,12.080103797042938,12.489600414776003,87177182
2002-09-23,12.131290435791016,12.489600759978908,12.131290435791016,12.28485141376254,48176992
2002-09-24,12.336038589477539,12.489600597137649,12.028916637538789,12.028916637538789,83638343
2002-09-25,12.182478904724121,12.43841457959342,11.875362078687866,12.38722723828139,58201932137
2002-09-26,12.48960018157959,12.796722123299677,12.438412847396007,12.796722123299677,83879208
2002-09-27,12.182478904724121,12.591975571838661,12.18247890472412,12.540788230526632,57140869
2002-09-30,12.131290435791016,12.131290435791016,11.772987333438373,11.926542121265399,48011368
2002-10-01,11.670612335205078,12.131290097832139,11.619425000076985,11.824174340589353,70129117
2002-10-02,11.670612335205078,12.028916459266675,11.670612335205076,12.028916459266675,61885773
2002-10-03,10.902807235717773,11.465864868403978,10.902807235717773,11.363491222320484,73000404
2002-10-04,10.902807235717773,11.158741866771905,10.5956842340857,10.5956842340857,91590900
2002-10-07,10.23737907409668,10.698056778696737,10.23737907409668,10.698056778696737,81921851
2002-10-08,10.544496536254883,10.595682836700654,10.08381880055228,10.08381880055228,75575074
2002-10-09,10.595683097839355,11.107554368437814,10.493309462734075,10.544496796132059,92174400
2002-10-10,10.595683097839355,10.595683097839355,10.595683097839355,10.595683097839355,0
2002-10-11,10.390941619873047,11.056367709418017,10.390941619873047,11.005180372897884,99459663
2002-10-14,10.902807235717773,10.953994574604918,10.544497926889353,10.749245219056338,86323409
2002-10-15,11.619425773620605,11.619425773620605,11.158741790179961,11.261116467251567,85057119
2002-10-16,12.387225151062012,12.387225151062013,12.0289158856338,12.387225151062013,186856542098
2002-10-17,12.336038589477539,12.540786901333616,12.080103973425492,12.182477613508164,98771744
2002-10-18,13.155030250549316,13.155030250549316,12.643160048480427,12.796721005932033,178736320
2002-10-21,12.950284957885742,13.052658601139548,12.79672294546888,13.052658601139548,80853946
2002-10-22,12.48960018157959,13.20621873338693,12.284850844845261,13.103844065019764,103302331
2002-10-23,13.257405281066895,13.308592612213758,12.131289154289124,12.284850116039072,134282497
2002-10-24,13.10384750366211,13.410970557666506,13.00147384012129,13.257409546509793,118286146
2002-10-25,13.155030250549316,13.359779569405607,12.899095665360178,13.00146929309771,76954023
2002-10-28,13.206217765808105,13.615708155749047,13.206217765808104,13.410966055850455,84681979
2002-10-29,13.001469612121582,13.206217904311277,12.899095981872055,13.103843242371111,57295615
2002-10-30,12.540788650512695,12.950286363032,12.284852967072212,12.847911676979454,81602144
2002-10-31,12.899096488952637,13.052657456208934,12.643160855731692,12.796721822987987,65851918
2002-11-01,12.438410758972168,12.950281951482808,12.387223433383,12.899094625893637,62370287
2002-11-04,12.899096488952637,13.10384375750058,12.643160855731692,12.796721822987987,104394818
2002-11-05,13.001469612121582,13.308592566251443,12.950283312842137,13.206217904311277,105797172
2002-11-06,13.871644020080566,13.871644020080568,12.899096073348955,13.00146970432449,171980768
2002-11-07,14.383516311645508,14.588265666491377,13.974019665335357,13.974019665335357,258527255
2002-11-08,14.588261604309082,14.588261604309084,14.025203098651291,14.127577747567438,144868663
2002-11-11,13.615710258483887,14.28114256180986,13.615710258483887,14.076394240147312,105166611
2002-11-12,13.257405281066895,13.359779943360621,13.052656988170087,13.206217949920033,95873332
2002-11-13,13.206217765808105,13.25740509624135,12.796721185723403,13.103843104941616,78831367
2002-11-14,13.05265998840332,13.46215666832224,13.052659988403322,13.103846299625028,73222724
2002-11-15,13.564521789550781,13.718083791766478,13.46215434324188,13.56452178955078,100497294
2002-11-18,13.359781265258789,13.666897029002742,13.155031920412192,13.513341210512252,54227994
2002-11-19,13.308589935302734,13.564518286034083,13.308589935302734,13.359777256153697,40262554
2002-11-20,13.001469612121582,13.308592566251443,12.950283312842137,13.206217904311277,45484782
2002-11-21,13.001469612121582,13.41096619650097,12.950283312842137,13.308592566251443,64496055
2002-11-22,13.871644020080566,13.871644020080568,13.462153622941008,13.666895726438854,159131533
2002-11-25,13.922833442687988,13.974019750018856,13.51334195235026,13.92283344268799,130051046
2002-11-26,13.51333999633789,13.820456764178129,13.51333999633789,13.820456764178129,87543662
2002-11-27,13.206217765808105,13.308592426674593,13.052656806198998,13.25740509624135,65771275
2002-11-28,13.155030250549316,13.564520634737,13.155030250549316,13.5133394951666,109434390
2002-11-29,13.155030250549316,13.359779569405607,13.103842920835243,13.206217580263388,50168745
2002-12-02,13.155030250549316,13.155030250549316,13.155030250549316,13.155030250549316,0
2002-12-03,13.922833442687988,14.02520708904052,13.51334195235026,13.615710440248794,123133260
2002-12-04,13.51333999633789,13.769270464256314,13.51333999633789,13.718083132643848,61229729
2002-12-05,13.564521789550781,13.56452178955078,13.308593372716881,13.308593372716881,46909181
2002-12-06,13.51333999633789,13.564521137806453,13.308592733269332,13.359780064881797,38887400
2002-12-09,13.51333999633789,13.820456764178129,13.410966364803611,13.769270464256314,62641129
2002-12-10,13.001469612121582,13.052656943091666,12.796721319931889,13.052656943091666,89452881
2002-12-11,12.847909927368164,13.052658239900024,12.847909927368164,13.001470903844375,60877523
2002-12-12,12.48960018157959,13.001470428343303,12.336038179028844,12.84790945748326,77075721
2002-12-13,12.182478904724121,12.43841457959342,12.18247890472412,12.336039896969362,72978028
2002-12-16,11.772988319396973,11.824175660237877,11.517052646883284,11.77298831939697,109141925
2002-12-17,11.772988319396973,12.080105142606547,11.77298831939697,11.977735619378919,70454580
2002-12-18,11.568238258361816,11.926542400803248,11.517051952298754,11.824174947130995,68868313
2002-12-19,11.261115074157715,11.517050703484568,11.261115074157715,11.261115074157715,77015325
2002-12-20,11.619425773620605,11.772987789228015,11.005180806263343,11.31230380578737,108459522
2002-12-23,11.261115074157715,11.670611668404414,11.209927741954212,11.619424336200911,38874732
2002-12-24,11.261115074157715,11.465863371281063,11.261115074157715,11.261115074157715,38304087
2002-12-25,11.363490104675293,11.517051074542588,11.312302770822628,11.363490104675293,34521798
2002-12-26,11.772988319396973,11.77298831939697,11.363491656051407,11.568238956033353,37974076
2002-12-27,11.363490104675293,11.670612044409884,11.363490104675293,11.670612044409884,34106481
2002-12-30,10.800431251525879,11.261115182404371,10.749243918830341,11.261115182404371,56017517
2002-12-31,10.800431251525879,10.902805916916954,10.595682952434402,10.800431251525879,44491997
2003-01-01,10.800431251525879,10.800431251525879,10.800431251525879,10.800431251525879,0
2003-01-02,10.800431251525879,11.005179550617356,10.698057617825476,10.800431251525879,39218118
2003-01-03,11.517049789428711,11.51704978942871,11.10755322768189,11.261114180414303,72978817
2003-01-06,11.568238258361816,11.875361253194058,11.363490970728021,11.517051952298754,99968380
2003-01-07,11.772988319396973,12.233666133438424,11.77298831939697,11.875361969387944,95147461
2003-01-08,11.92654037475586,12.131288659298363,11.670610951298675,11.772985609415226,74973228
2003-01-09,11.721799850463867,11.926541972287492,11.568237842719778,11.772987186378563,56570207
2003-01-10,11.670612335205078,12.028916459266675,11.619425000076985,11.977734282592188,72958247
2003-01-13,12.182478904724121,12.336039896969362,11.772988427754653,11.772988427754653,136500613
2003-01-14,12.08010482788086,12.284852122528479,12.02891748837355,12.182478475204668,88581520
2003-01-15,11.772988319396973,12.18247879259752,11.670613637715162,12.080105142606547,114982843
2003-01-16,11.414677619934082,11.772986899215717,11.36349028526793,11.721799564549565,94961286
2003-01-17,11.363490104675293,11.61942471055722,11.261115436969964,11.363490104675293,81288178
2003-01-20,10.902807235717773,11.261116544546194,10.851619896830629,11.261116544546194,99398977
2003-01-21,11.056366920471191,11.312302553118355,10.902805953559163,10.902805953559163,72958726
2003-01-22,10.953993797302246,11.15874107494023,10.800431791537672,11.056367436121237,66470665
2003-01-23,11.261115074157715,11.517050703484568,11.005179444830864,11.056366777034366,122461277
2003-01-24,11.056366920471191,11.465863520030384,11.056366920471191,11.414677218853491,68500818196
2003-01-27,10.851619720458984,11.005180702933792,10.749245044348594,10.902807058514181,77750878
2003-01-28,11.005180358886719,11.107555031796643,10.851619381212577,10.851619381212577,65255998
2003-01-29,11.005180358886719,11.005180358886717,11.005180358886717,11.005180358886717,0
2003-01-30,11.005180358886719,11.005180358886717,11.005180358886717,11.005180358886717,0
2003-01-31,11.005180358886719,11.005180358886717,11.005180358886717,11.005180358886717,0
2003-02-03,11.005180358886719,11.005180358886717,11.005180358886717,11.005180358886717,0
2003-02-04,11.005180358886719,11.005180358886717,11.005180358886717,11.005180358886717,0
2003-02-05,11.005180358886719,11.005180358886717,11.005180358886717,11.005180358886717,0
2003-02-06,10.23737907409668,10.595682121335672,10.23737907409668,10.4933084956652,126231766
2003-02-07,10.083819389343262,10.135005692777785,9.623135436597506,9.82788374540776,146769883
2003-02-10,9.879070281982422,10.032631243254707,9.776695620007139,9.981443912267066,79579679
2003-02-11,9.930255889892578,10.135004167897055,9.93025588989258,10.083817872163861,78345637
2003-02-12,9.930255889892578,10.083817872163861,9.879069594159384,9.93025588989258,58303059
2003-02-13,9.930255889892578,10.237378822744576,9.93025588989258,9.93025588989258,75557272
2003-02-14,9.9814453125,10.186193633482754,9.9814453125,10.083819988836767,44976802
2003-02-17,10.646870613098145,10.646870613098145,10.339753829299141,10.493309641971884,83426200
2003-02-18,10.390941619873047,10.646871080638462,10.390941619873047,10.646871080638462,61622258
2003-02-19,10.23737907409668,10.646869450016204,10.23737907409668,10.544495824345733,79055518
2003-02-20,10.339754104614258,10.493309921375706,10.18619312939915,10.18619312939915,47618114
2003-02-21,10.390941619873047,10.646871080638462,10.339754283352915,10.544497439288948,72684838
2003-02-24,10.544496536254883,10.544496536254883,10.39094072998955,10.544496536254883,38588305
2003-02-25,10.135005950927734,10.442122747666762,10.135005950927734,10.442122747666762,67347518
2003-02-26,10.083819389343262,10.288567698153518,10.083819389343262,10.186193027903029,40861807
2003-02-27,10.083819389343262,10.237380363028272,9.879071080533006,9.981444719092773,41956627
2003-02-28,10.083819389343262,10.083819389343262,10.083819389343262,10.083819389343262,0
2003-03-03,10.288568496704102,10.390942143209632,10.135006479409602,10.237381157605935,53571856
2003-03-04,10.032631874084473,10.186192845012334,10.032631874084473,10.186192845012334,30098200
2003-03-05,9.930255889892578,10.186191495320816,9.879069594159384,10.0326305447401,54957893
2003-03-06,9.930255889892578,10.0326305447401,9.879069594159384,9.98144321731634,37227076
2003-03-07,9.82788372039795,10.08381936368215,9.776696385402966,9.776696385402966,40420657
2003-03-10,9.82788372039795,10.032632028687166,9.82788372039795,9.879071055392933,31524813
2003-03-11,9.879070281982422,10.032631243254707,9.82788295099478,9.930256581279425,46516902
2003-03-12,9.9814453125,10.032632650668383,9.879071667854014,9.879071667854014,45605326
2003-03-13,10.135005950927734,10.237380623785821,9.879071332164015,9.981444973331353,67759467
2003-03-14,10.390941619873047,10.698058417158594,10.339754283352915,10.698058417158594,108092909
2003-03-17,10.23737907409668,10.339752699767153,10.18619174541615,10.339752699767153,68475048
2003-03-18,10.851619720458984,10.953994396569376,10.595684061873786,10.698058737984178,170504945
2003-03-19,11.056366920471191,11.107554253338758,10.749243954956459,10.851618620691594,136504747
2003-03-20,11.20992660522461,11.46586220859861,11.005178328863522,11.056365655876434,195460569
2003-03-21,11.056366920471191,11.261115220250787,10.95399328642673,11.158740554515651,69251905
2003-03-24,11.107553482055664,11.209927108991534,11.005178823429189,11.209927108991534,63679387
2003-03-25,10.698060035705566,10.902808381072438,10.698060035705566,10.749246348279105,77707870
2003-03-26,10.698060035705566,10.902808381072438,10.698060035705566,10.80043369254355,60007693
2003-03-27,10.493307113647461,10.64686804777377,10.39093865991235,10.59568072583485,80315936
2003-03-28,10.339754104614258,10.595683560955534,10.288567800669709,10.493309921375706,57922271
2003-03-31,9.879070281982422,10.237379535514632,9.82788295099478,10.237379535514632,100801902
2003-04-01,9.930255889892578,9.98144321731634,9.776694939311863,9.776694939311863,56171895
2003-04-02,9.9814453125,10.13500629531437,9.879071667854014,9.930257974331616,67849611
2003-04-03,10.135005950927734,10.390941601382202,10.135005950927734,10.288567960214865,69443950
2003-04-04,10.390941619873047,10.390941619873047,10.032632327613625,10.135005968963139,44783497
2003-04-07,10.595683097839355,10.646870431237339,10.288567350976948,10.390940986082228,63605285
2003-04-08,10.595683097839355,10.800431399740601,10.493309462734075,10.595683097839355,66299774
2003-04-09,10.390941619873047,10.493310102768817,10.288567978523533,10.493310102768817,51130457
2003-04-10,10.390941619873047,10.59568374411833,10.390941619873047,10.390941619873047,61306684
2003-04-11,10.493307113647461,10.493307113647461,10.39093865991235,10.39093865991235,29802211
2003-04-14,10.135005950927734,10.544497420524847,10.135005950927734,10.493310084095805,58350959
2003-04-15,10.390941619873047,10.442122766248684,10.237380642003401,10.288567978523533,37216568
2003-04-16,10.749244689941406,10.85161936267646,10.544497407852788,10.544497407852788,123738158
2003-04-17,10.544496536254883,10.80043113355572,10.544496536254883,10.80043113355572,67233321
2003-04-18,10.953993797302246,11.00518010086638,10.749244456282815,10.749244456282815,104047780
2003-04-21,11.107553482055664,11.107553482055664,10.800430537866845,10.90280519649332,57599426
2003-04-22,10.800431251525879,11.005179550617356,10.749243918830341,11.005179550617356,48933497
2003-04-23,10.902807235717773,11.005180881801266,10.851619896830629,11.005180881801266,71322265
2003-04-24,10.544496536254883,10.851618465692153,10.39094072998955,10.851618465692153,87750190
2003-04-25,10.186193466186523,10.493310268317321,10.186193466186523,10.288568140841909,81334760
2003-04-28,9.879070281982422,9.981443912267066,9.674321989722495,9.930256581279425,76146796
2003-04-29,10.135005950927734,10.186193287356778,9.981444973331353,9.981444973331353,82857913
2003-04-30,10.23737907409668,10.800430404367209,10.23737907409668,10.800430404367209,197914638
2003-05-01,10.23737907409668,10.23737907409668,10.23737907409668,10.23737907409668,0
2003-05-02,10.390941619873047,10.442122766248684,10.135005968963139,10.237380642003401,80283256
2003-05-05,10.390941619873047,10.544497439288948,10.288567978523533,10.442122766248684,62718419
2003-05-06,10.390941619873047,10.544497439288948,10.288567978523533,10.390941619873047,56272605
2003-05-07,10.390941619873047,10.493310102768817,10.288567978523533,10.493310102768817,64868362
2003-05-08,10.186193466186523,10.390941783806529,10.186193466186523,10.390941783806529,43811890
2003-05-09,10.288568496704102,10.339754804111466,10.135006479409602,10.135006479409602,29675257
2003-05-12,10.339754104614258,10.544497257010987,10.339754104614258,10.390941440249536,45272516
2003-05-13,10.544496536254883,10.646870168837086,10.49330920411845,10.49330920411845,75626599
2003-05-14,10.595683097839355,10.646870431237339,10.493309462734075,10.544496796132059,38443086
2003-05-15,10.698060035705566,10.749246348279105,10.493311690338695,10.544499034603138,55726470
2003-05-16,10.595683097839355,10.800431399740601,10.544496796132059,10.749244066342618,62501485
2003-05-19,10.390941619873047,10.493310102768817,10.339754283352915,10.493310102768817,47467468
2003-05-20,10.288568496704102,10.339754804111466,10.237381157605935,10.237381157605935,46051099
2003-05-21,10.083819389343262,10.339754001588041,10.083819389343262,10.288567698153518,66787671
2003-05-22,10.135005950927734,10.186193287356778,9.981444973331353,10.08381964618944,53746995
2003-05-23,10.288568496704102,10.390942143209632,10.237381157605935,10.237381157605935,65009815
2003-05-26,10.493307113647461,10.493307113647461,10.39093865991235,10.44211979170854,53099696
2003-05-27,10.442122459411621,10.544497129443652,10.390941314539921,10.493309794427637,50839582
2003-05-28,10.493307113647461,10.749241659961159,10.493307113647461,10.698055369712693,87223035
2003-05-29,10.698060035705566,10.698060035705566,10.595685347176678,10.595685347176678,114576771
2003-05-30,11.15873908996582,11.414675720712774,10.646868923543536,10.698056249692927,294633426236
2003-06-02,11.92654037475586,11.926540374755861,11.414676369388497,11.465862666756173,294548982380
2003-06-03,12.131290435791016,12.2336651088992,11.875360974855806,11.926542121265399,283523704
2003-06-04,12.131290435791016,12.131290435791016,12.131290435791016,12.131290435791016,0
2003-06-05,12.182478904724121,12.591975571838661,12.080105253790908,12.336039896969362,211973800
2003-06-06,12.182478904724121,12.18247890472412,11.875362078687866,12.131291563412091,110383754
2003-06-09,12.233665466308594,12.489601124865523,12.028917145801207,12.13129079020951,164573606
2003-06-10,12.131290435791016,12.182477772345107,11.926542121265399,12.131290435791016,110957710
2003-06-11,11.568238258361816,12.131290720127819,11.568238258361816,12.080104414064756,169185643
2003-06-12,11.977733612060547,12.233664083229307,11.517050716769607,11.619424349604039,175570316
2003-06-13,11.875360488891602,11.977734126119694,11.721799517204106,11.875360488891602,66916590
2003-06-16,11.772988319396973,11.926543120083831,11.670613637715162,11.670613637715162,70086075
2003-06-17,12.182478904724121,12.18247890472412,11.97773572962108,12.028917912478878,175890754
2003-06-18,12.182478904724121,12.643162913150691,12.18247890472412,12.336039896969362,230593790
2003-06-19,12.64316177368164,12.643161773681639,12.233665143473115,12.284851448481115,196442913
2003-06-20,12.28485107421875,12.591974053363908,12.28485107421875,12.489600414776003,125454481
2003-06-23,11.977733612060547,12.387225048326288,11.977733612060547,12.336037716063739,76791503741
2003-06-24,11.721799850463867,11.824174522293259,11.568237842719778,11.721799850463867,137834760
2003-06-25,11.772988319396973,11.875361969387944,11.517052646883284,11.670613637715162,115201031
2003-06-26,11.721799850463867,11.824174522293259,11.67061251454917,11.772987186378563,75973646
2003-06-27,11.568238258361816,11.875361253194058,11.517051952298754,11.772987609377159,120369853
2003-06-30,11.414677619934082,11.517051257575673,11.312302950601781,11.465863922909522,57451256456
2003-07-01,11.824174880981445,11.824174880981447,11.41467824462321,11.41467824462321,112125115383
2003-07-02,11.977733612060547,12.131289418704212,11.82417367865423,11.926541121344682,139645371
2003-07-03,12.336038589477539,12.7967225490764,12.336038589477537,12.489600597137649,375527321
2003-07-04,13.05265998840332,13.052659988403322,12.233666628565484,12.489602311437526,225724184
2003-07-07,13.922833442687988,13.92283344268799,13.206219981601862,13.308594659645195,414165418
2003-07-08,14.22995662689209,14.69064065399019,14.07639562842302,14.178770315196326,369566571
2003-07-09,13.871644020080566,14.178766976388461,13.820456688747479,14.12757964505537,147822869
2003-07-10,13.05265998840332,13.718086161049017,13.001472645490738,13.718086161049017,201987999
2003-07-11,13.257405281066895,13.308592612213758,12.69434670183269,12.796721364126414,135314291
2003-07-14,13.564521789550781,13.666896457694579,13.206218704573082,13.308593372716881,194772860
2003-07-15,14.00971508026123,14.508085586220462,14.00971508026123,14.397336699528472,169768758
2003-07-16,14.286589622497559,14.341963557012406,13.954342920336394,14.009716854851241,133778906
2003-07-17,13.67746639251709,14.120461873611491,13.67746639251709,14.120461873611491,126194582
2003-07-18,13.5113525390625,13.677469172245818,13.289848563355678,13.400597456137234,88308224
2003-07-21,13.289850234985352,13.78822083103393,13.289850234985352,13.622103145265308,87257208
2003-07-22,13.566728591918945,13.566728591918945,13.289849631717919,13.289849631717919,65740826
2003-07-23,13.67746639251709,13.8989651647547,13.566724744076348,13.67746639251709,95561112
2003-07-24,14.231215476989746,14.231215476989746,13.788220880251902,13.89896978735905,144470709
2003-07-25,13.732845306396484,14.120465948364858,13.732845306396484,14.120465948364858,122047384
2003-07-28,13.843600273132324,14.17584078667024,13.843600273132322,14.120465820211207,98828212
2003-07-29,13.78822135925293,13.954344209839363,13.732846387930259,13.954344209839363,59543306
2003-07-30,13.622102737426758,13.843600544218878,13.566728801574088,13.677470483135128,74901311
2003-07-31,13.566728591918945,13.566728591918945,13.289849631717919,13.400598533402507,102279495
2003-08-01,13.622102737426758,13.788220418221906,13.566728801574088,13.677470483135128,75846330
2003-08-04,13.40060043334961,13.566730515420096,13.34522545881086,13.566730515420096,44076719
2003-08-05,13.012983322143555,13.51135390592295,13.012983322143555,13.400598811793275,71477330
2003-08-06,12.791485786437988,12.90223365215755,12.736110821887548,12.79148578643799,65628301
2003-08-07,12.68073558807373,12.902233378190878,12.459237797956582,12.791485514822943,99401907
2003-08-08,12.459238052368164,12.68073584700819,12.459238052368166,12.569986949688177,102271790
2003-08-11,12.29311466217041,12.348488592462301,12.07161687762162,12.29311466217041,89626439
2003-08-12,12.569986343383789,12.680735235361908,12.45923745140567,12.45923745140567,84961519
2003-08-13,13.40060043334961,13.400600433349611,12.736113119174783,12.791488093713534,170397817
2003-08-14,13.566728591918945,13.73284523845627,13.289849631717919,13.622102526915889,216769804
2003-08-15,13.622102737426758,14.009717193323308,13.62210273742676,13.843600544218878,163497745
2003-08-18,13.622102737426758,13.788220418221906,13.566728801574088,13.732845450678518,93040314
2003-08-19,13.566728591918945,14.065091943510033,13.455979690234358,13.954343041825446,172505201
2003-08-20,13.732845306396484,13.898969175590578,13.732845306396484,13.843600398773214,86759902
2003-08-21,14.17584228515625,14.175842285156248,13.677471661106484,13.788221605731591,154123861
2003-08-22,14.286589622497559,14.563462390143872,14.286589622497557,14.452713489423484,204051516
2003-08-25,15.061833381652832,15.061833381652832,14.397339913178401,14.508088824590807,268823373
2003-08-26,14.452713966369629,14.951083520212448,14.39733899833669,14.951083520212448,193648342
2003-08-27,14.508084297180176,14.895704850316852,14.508084297180176,14.563459251451398,197284814
2003-08-28,14.56346321105957,14.895708900258121,14.508088241732645,14.840334962621947,211819362
2003-08-29,15.504826545715332,15.504826545715332,14.729584289908,14.89570711459283,317986937
2003-09-01,15.560203552246094,15.726327441456561,15.172582863573057,15.61557852587986,237951315
2003-09-02,15.94782543182373,15.947825431823729,15.504829765094316,15.670952624272426,197100439
2003-09-03,15.39407730102539,16.00319671825925,15.39407730102539,16.00319671825925,176065245
2003-09-04,15.338706016540527,15.504828866086427,15.061833225042985,15.394079955825568,122732150
2003-09-05,15.504826545715332,15.837073226775615,15.449451583026637,15.504826545715332,159753012
2003-09-08,16.390817642211914,16.501566535540583,15.504826495582554,15.560200426401579,285440402
2003-09-09,16.723066329956055,17.276810863081536,16.66769239248888,16.778441299113975,426378396
2003-09-10,17.166061401367188,17.166061401367188,16.50156798310396,16.61231688614783,272565401
2003-09-11,17.166061401367188,17.166061401367188,17.166061401367188,17.166061401367188,0
2003-09-12,16.778438568115234,17.1106842022207,16.667689679516553,16.999935313622018,127497356
2003-09-15,16.224695205688477,16.667691849446538,16.11394630267164,16.612316882092763,141511519
2003-09-16,16.61231803894043,16.61231803894043,15.892450635046258,15.947824574565447,162899721
2003-09-17,16.723066329956055,16.99993808067342,16.723066329956055,16.889189174048326,161983064
2003-09-18,16.556941986083984,16.8338147606645,16.39081914668825,16.723065857170436,97051858
2003-09-19,16.3354434967041,16.72306515858629,16.3354434967041,16.612316259718618,135262688
2003-09-22,15.94782543182373,16.28007218187079,15.947825431823729,16.22469720768419,105059292
2003-09-23,16.11394500732422,16.11394500732422,15.781698324981933,15.781698324981933,89931912
2003-09-24,15.94782543182373,16.113948291001837,15.726327598459022,16.113948291001837,148723073
2003-09-25,15.67094898223877,15.781697873182338,15.5602000912952,15.67094898223877,63602307
2003-09-26,15.560203552246094,15.781701383399497,15.560203552246096,15.670952467822795,67854095
2003-09-29,15.504826545715332,15.615575439402093,15.338703721030502,15.504826545715332,85682453
2003-09-30,15.504826545715332,15.726324333088854,15.504826545715332,15.67094937040016,66110999
2003-10-01,15.338706016540527,15.560202805371468,15.338706016540527,15.394079955825568,63831153
2003-10-02,16.169321060180664,16.224694995125088,15.56020158564783,15.61557655228295,126694741
2003-10-03,16.3354434967041,16.446192395571774,16.11394569896876,16.280069563115603,122445676
2003-10-06,16.83381462097168,16.94456352354671,16.446192946113722,16.61231681582162,217746247
2003-10-07,16.889188766479492,16.999937670432,16.723065926396085,16.999937670432,115750622
2003-10-08,16.889188766479492,16.94456373430111,16.612317022443577,16.889188766479492,108993653
2003-10-09,16.778438568115234,16.94456138516797,16.667689679516553,16.833812496569283,82467173
2003-10-10,16.778438568115234,16.778438568115234,16.778438568115234,16.778438568115234,0
2003-10-13,16.889188766479492,17.22143547833702,16.889188766479492,16.94456373430111,100282985
2003-10-14,16.667694091796875,17.276812624490503,16.667694091796875,17.11068873177079,106511415
2003-10-15,16.83381462097168,17.055312426121738,16.61231681582162,16.889188556413842,85041341
2003-10-16,17.387561798095703,17.442934707046245,16.7230672885639,16.833816201537402,172673979
2003-10-17,17.276809692382812,17.442932525218385,17.22143472697717,17.332184657788456,80877994
2003-10-20,17.609058380126953,17.609058380126953,17.221437682526556,17.276812657435674,87075961
2003-10-21,17.33218765258789,17.885931212180672,17.2768126776141,17.71980835064101,102075661
2003-10-22,17.33218765258789,17.442935539153762,17.11068878438358,17.33218765258789,60765691
2003-10-23,16.723066329956055,17.055313049831344,16.723066329956055,17.055313049831344,64014704
2003-10-24,16.83381462097168,16.99993745898887,16.72306571839665,16.72306571839665,51987523
2003-10-27,16.999937057495117,17.055312023320177,16.833814223401312,16.833814223401312,30978533
2003-10-28,17.44293212890625,17.44293212890625,17.05531150663639,17.05531150663639,78029289
2003-10-29,17.830556869506836,18.05205677725674,17.719808979013667,18.05205677725674,129530165
2003-10-30,17.609058380126953,17.941306166199944,17.553685468599546,17.830556216381712,67561119
2003-10-31,17.221435546875,17.719806132490078,17.16606161052373,17.609056196406083,74139423
2003-11-03,17.33218765258789,17.498310514127557,17.22143770264031,17.22143770264031,45770463
2003-11-04,17.609058380126953,17.830556216381712,17.553685468599546,17.719808329945188,87936178
2003-11-05,17.830556869506836,17.941306823381787,17.609059025138713,17.609059025138713,64035985
2003-11-06,17.719804763793945,18.162800347149584,17.22143421667353,17.996677519236545,125756008
2003-11-07,17.775178909301758,17.99667669078322,17.553681127820298,17.99667669078322,63579562
2003-11-10,17.609058380126953,17.830556216381712,17.553685468599546,17.775183304854302,56518426
2003-11-11,17.110685348510742,17.387559136091824,16.944562520329,17.27680920838313,108175506
2003-11-12,16.944562911987305,17.221434642586733,16.944562911987305,17.110685744008826,78654828
2003-11-13,17.44293212890625,17.44293212890625,17.166060403240728,17.38755922814006,49239798
2003-11-14,17.33218765258789,17.442935539153762,17.22143770264031,17.442935539153762,28361879
2003-11-17,16.778438568115234,17.05531027376665,16.7230636079706,17.05531027376665,85587002
2003-11-18,16.723066329956055,16.778441299113975,16.39081961008077,16.61231742333096,83298316
2003-11-19,16.3354434967041,16.556941294439447,16.22469459783643,16.390818461983276,66667370
2003-11-20,16.00320053100586,16.44619516950451,15.892451613458483,16.280072309028874,106292851
2003-11-21,16.11394500732422,16.16931997022658,15.504826605542009,15.781698324981933,88579922
2003-11-24,16.169321060180664,16.33544389670463,16.113946093545543,16.169321060180664,40898916
2003-11-25,16.667694091796875,16.723068034909545,16.44619522427364,16.612319116993355,69245803
2003-11-26,16.723066329956055,16.833815236581152,16.556942454173036,16.833815236581152,45944515
2003-11-27,16.28006935119629,16.8338138383265,16.28006935119629,16.723064940900457,50599971
2003-11-28,16.61231803894043,16.723066949669594,16.3908202174821,16.556943067730455,41048969
2003-12-01,16.667694091796875,16.723068034909545,16.39082128116097,16.556944142189835,40275920
2003-12-02,17.05531120300293,17.110685134473957,16.83381341373755,16.889187345208576,72661885
2003-12-03,16.944562911987305,17.166060709143114,16.944562911987305,17.166060709143114,40520119
2003-12-04,17.166061401367188,17.166061401367188,16.833814692235574,16.999937530956025,47540704
2003-12-05,16.944562911987305,17.166060709143114,16.944562911987305,17.166060709143114,28953522
2003-12-08,16.44619369506836,16.72306647995999,16.390819757104484,16.72306647995999,55844504
2003-12-09,16.390817642211914,16.556940466359606,16.224693786373596,16.446191573030937,45050178
2003-12-10,15.837074279785156,16.113946016565993,15.781699313414572,16.058572081886105,94480689
2003-12-11,16.28006935119629,16.28006935119629,15.83707376149212,15.83707376149212,63617646
2003-12-12,16.058570861816406,16.55694036283395,16.058570861816406,16.55694036283395,45469915
2003-12-15,16.3354434967041,16.3354434967041,16.11394569896876,16.3354434967041,59396637
2003-12-16,15.94782543182373,16.05857434850608,15.892451489327973,16.05857434850608,60761078
2003-12-17,15.504826545715332,16.058571014149138,15.283328758341808,15.947822120462376,85510365
2003-12-18,15.560203552246094,15.781701383399497,15.449454636669394,15.50482961030316,69970163
2003-12-19,15.726325035095215,15.892448898886261,15.726325035095213,15.781698968565115,61545644
2003-12-22,16.169321060180664,16.28006996176021,15.781699388806915,15.892449322077159,81205392
2003-12-23,16.11394500732422,16.280068864340677,16.003197144900753,16.224693901438314,37755923
2003-12-24,16.058570861816406,16.280068647088786,16.00319693134362,16.169319754452594,47817311
2003-12-25,15.94782543182373,16.169323265188435,15.947825431823729,16.003200406010325,22213792
2003-12-26,16.058570861816406,16.113944792289193,15.947821969180215,15.947821969180215,24988851
2003-12-29,15.94782543182373,16.05857434850608,15.947825431823729,16.05857434850608,13851452
2003-12-30,16.169321060180664,16.224694995125088,16.058572158601123,16.058572158601123,88786487
2003-12-31,16.11394500732422,16.33544279555241,16.058571076112486,16.16931997022658,54307580
2004-01-01,16.11394500732422,16.11394500732422,16.11394500732422,16.11394500732422,0
2004-01-02,16.61231803894043,16.723066949669594,16.113947424813798,16.113947424813798,105386174
2004-01-05,16.944562911987305,16.944562911987305,16.556941251119305,16.778440079965783,94731128
2004-01-06,17.05531120300293,17.22143402910665,16.94456230837024,17.166060097635622,95114027
2004-01-07,17.221435546875,17.553683291745536,17.11068664248173,17.221435546875,136605836
2004-01-08,17.276809692382812,17.442932525218385,17.22143472697717,17.442932525218385,61784626
2004-01-09,17.498306274414062,17.775179018817038,17.387558414681596,17.609054134146525,116148313
2004-01-12,17.44293212890625,17.498307093053743,17.276809299845066,17.498307093053743,50386891
2004-01-13,17.166061401367188,17.44293314313151,17.055312498323318,17.387560239145643,58450660
2004-01-14,17.276809692382812,17.387559623194097,16.999936928735952,16.999936928735952,69632018
2004-01-15,17.110685348510742,17.33218417223748,17.055311416347045,17.27680920838313,56583071
2004-01-16,17.110685348510742,17.33218417223748,17.110685348510742,17.110685348510742,56437114
2004-01-19,17.110685348510742,17.110685348510742,17.110685348510742,17.110685348510742,0
2004-01-20,17.110685348510742,17.110685348510742,17.110685348510742,17.110685348510742,0
2004-01-21,17.110685348510742,17.110685348510742,17.110685348510742,17.110685348510742,0
2004-01-22,17.110685348510742,17.110685348510742,17.110685348510742,17.110685348510742,0
2004-01-23,17.110685348510742,17.110685348510742,17.110685348510742,17.110685348510742,0
2004-01-26,17.110685348510742,17.110685348510742,17.110685348510742,17.110685348510742,0
2004-01-27,17.553682327270508,17.609055228888625,17.38755949565347,17.44293239727159,82532707
2004-01-28,17.498306274414062,17.609054134146525,17.33218345312476,17.5536812359709,68794649
2004-01-29,17.553682327270508,17.775180123887,17.33218453065401,17.44293239727159,123279773
2004-01-30,17.498306274414062,17.498306274414062,17.33218345312476,17.387558414681596,61823142
2004-02-02,17.166061401367188,17.4983081104988,17.166061401367188,17.44293314313151,43124430
2004-02-03,16.778438568115234,16.94456138516797,16.667689679516553,16.94456138516797,87869980
2004-02-04,16.501567840576172,16.778440611639795,16.390818938488863,16.778440611639795,100600055
2004-02-05,16.44619369506836,16.72306647995999,16.390819757104484,16.390819757104484,90452138
2004-02-06,16.889188766479492,16.94456373430111,16.55694205462196,16.55694205462196,75318033
2004-02-09,17.276809692382812,17.442932525218385,17.11068582785656,17.276809692382812,87890134
2004-02-10,17.110685348510742,17.33218417223748,16.999936452492697,17.27680920838313,56672851
2004-02-11,16.944562911987305,17.221434642586733,16.833814013409402,17.166060709143114,61617883
2004-02-12,16.999937057495117,17.27680982323904,16.889188157535685,16.999937057495117,87398984
2004-02-13,16.999937057495117,17.055312023320177,16.833814223401312,16.999937057495117,53382509
2004-02-16,16.667694091796875,16.94456587074193,16.667694091796875,16.889190895938405,68548753
2004-02-17,16.723066329956055,16.833815236581152,16.61231742333096,16.66769239248888,51762886
2004-02-18,16.999937057495117,17.11068595745455,16.889188157535685,16.944563123360744,77903544
2004-02-19,17.110685348510742,17.221434244528787,16.944562520329,17.16606031236509,75916644
2004-02-20,17.05531120300293,17.22143402910665,16.99993623984127,17.110685134473957,74429063
2004-02-23,16.83381462097168,17.055312426121738,16.77844068552952,17.055312426121738,59873542
2004-02-24,16.667694091796875,16.83381695282574,16.612319116993355,16.667694091796875,63783556
2004-02-25,16.667694091796875,16.77844300971307,16.556944142189835,16.612319116993355,84739840
2004-02-26,16.778438568115234,16.889186425023336,16.667689679516553,16.667689679516553,103988572
2004-02-27,16.83381462097168,16.889188556413842,16.77844068552952,16.83381462097168,66340594
2004-03-01,17.276809692382812,17.332184657788456,16.944562995020984,16.944562995020984,149812663
2004-03-02,18.439674377441406,18.439674377441406,17.719805988874196,17.719805988874196,382396521
2004-03-03,18.605796813964844,19.104161194605236,18.605796813964844,18.77191345962173,302266457
2004-03-04,18.882671356201172,18.993419236010613,18.605798561605187,18.77191522286539,152316793
2004-03-05,18.827287673950195,19.491781053992284,18.827287673950195,19.159535395661894,213002173
2004-03-08,18.49504852294922,19.10416289044791,18.439675615021105,19.10416289044791,96247308
2004-03-09,18.55042266845703,18.550422668457035,18.273549887615605,18.43967479414935,94543053
2004-03-10,18.052053451538086,18.495046995280116,18.052053451538086,18.495046995280116,92336050
2004-03-11,17.99667739868164,18.052052362075475,17.6644296816999,17.775179608487573,102822535
2004-03-12,17.553682327270508,17.775180123887,17.553682327270508,17.609055228888625,97802761
2004-03-15,17.166061401367188,17.885928755306992,17.166061401367188,17.719805916586544,86001505
2004-03-16,17.05531120300293,17.332183955429976,16.889187345208576,17.166060097635622,96680479
2004-03-17,17.110685348510742,17.33218417223748,17.055311416347045,17.33218417223748,54255582
2004-03-18,17.6644287109375,17.885926488958983,17.166059226234456,17.166059226234456,150991725
2004-03-19,17.775178909301758,17.99667669078322,17.553681127820298,17.66442898687043,115346558
2004-03-22,16.556941986083984,16.556941986083984,16.556941986083984,16.556941986083984,16403453
2004-03-23,15.449456214904785,16.16932475553675,15.449456214904787,15.449456214904787,355845545
2004-03-24,15.94782543182373,16.22469720768419,15.726327598459022,16.22469720768419,156298661
2004-03-25,15.781698226928711,16.11394490720672,15.781698226928713,16.05857097633903,96577032
2004-03-26,15.837074279785156,16.058572081886105,15.781699313414572,16.058572081886105,63066695
2004-03-29,16.944562911987305,16.944562911987305,16.335443453963496,16.390818419097783,111130478
2004-03-30,16.556941986083984,16.88918869656617,16.556941986083984,16.88918869656617,88820334
2004-03-31,16.390817642211914,16.723064322197924,16.280068748883245,16.6676903913789,59376249
2004-04-01,16.224695205688477,16.44619301172215,16.169321270025414,16.28007017304225,101931905
2004-04-02,16.3354434967041,16.446192395571774,16.280069563115603,16.3354434967041,56477547
2004-04-05,17.44293212890625,17.44293212890625,16.667690884366532,16.77843978097087,183086785
2004-04-06,17.6644287109375,17.99667640966031,17.49830589326668,17.94130144930965,185661283
2004-04-07,17.498306274414062,17.7198040572602,17.387558414681596,17.664429095703362,61342663
2004-04-08,17.719804763793945,17.885927591706988,17.609054836264388,17.719804763793945,77729660
2004-04-09,17.387561798095703,17.719807505325395,17.33218682576355,17.719807505325395,67328688
2004-04-12,17.6644287109375,17.885926488958983,17.442930932916017,17.442930932916017,110781632
2004-04-13,17.553682327270508,17.719805158887542,17.44293239727159,17.664430193888084,71829572
2004-04-14,18.605796813964844,18.605796813964844,17.387559933581905,17.44293283659466,150632753
2004-04-15,17.609058380126953,18.605799674964217,17.609058380126953,18.605799674964217,161801214
2004-04-16,17.830556869506836,18.16280466774991,17.55368611158302,17.55368611158302,98612867
2004-04-19,17.44293212890625,17.9413026794711,17.44293212890625,17.830552751176107,80967500
2004-04-20,17.775178909301758,18.218174472264682,17.719803948086096,17.719803948086096,110255059
2004-04-21,18.052053451538086,18.10742635489246,17.885928551330743,17.941303518066523,89269114
2004-04-22,18.273550033569336,18.938045538248787,18.052054283184855,18.218177127663967,415934641
2004-04-23,18.827287673950195,18.993416693259316,18.55042110656459,18.827287673950195,284220658
2004-04-26,18.716537475585938,19.159535119271403,18.605795802344367,19.048785192504717,185508667
2004-04-27,18.49504852294922,18.716540154661672,18.162802821854243,18.716540154661672,110615336
2004-04-28,17.99667739868164,18.661164579119998,17.99667739868164,18.439672979069773,101228032
2004-04-29,17.387561798095703,17.775182477657548,17.1660629404579,17.609057560661093,206943261
2004-04-30,16.501567840576172,17.16606125310002,16.22469506951255,16.999937384123704,189582980
2004-05-03,16.3354434967041,16.778440123865465,16.22469459783643,16.50156736085095,74312993
2004-05-04,16.723066329956055,16.833815236581152,16.39081961008077,16.556942454173036,77392792
2004-05-05,15.726325035095215,16.889187954869854,15.67095006993464,16.833814021399956,130977266
2004-05-06,15.837074279785156,16.390818785037524,15.837074279785156,16.003198147206213,94970899
2004-05-07,16.058570861816406,16.22469368492538,15.781698114380623,15.781698114380623,80094926
2004-05-10,15.504826545715332,15.781698264086922,15.338703721030502,15.5602004767134,91680890
2004-05-11,15.338706016540527,15.615577776347289,14.618837583999543,15.504828866086427,156369348
2004-05-12,15.504826545715332,15.726324333088854,15.449451583026637,15.615575439402093,101940713
2004-05-13,15.338706016540527,15.394079955825568,14.951084314782126,15.283331045564706,95569261
2004-05-14,14.895708084106445,15.33870471937734,14.895708084106444,15.283329753084468,80967638
2004-05-17,13.898968696594238,14.28658932520415,13.898968696594238,14.120465461735137,126084138
2004-05-18,14.231215476989746,14.231215476989746,13.84360100810461,13.89896978735905,83026914
2004-05-19,15.172579765319824,15.172579765319824,14.618835300511394,14.618835300511394,98503319
2004-05-20,15.172579765319824,15.338703620607664,14.508086407549708,15.006455910031985,107354565
2004-05-21,15.227958679199219,15.449455490908909,14.784961960707173,14.95108585910305,154426623
2004-05-24,15.006455421447754,15.394077050038675,14.784957642735966,14.9510814926151,77954508
2004-05-25,15.117207527160645,15.449454265917579,14.951084673627578,15.006458614241666,81310639
2004-05-26,15.504826545715332,15.781698264086922,15.449451583026637,15.615575439402093,120483295
2004-05-27,15.67094898223877,15.837072834499422,15.615575052612286,15.781697873182338,79375611
2004-05-28,16.058570861816406,16.058570861816406,15.726324183907836,15.837073076544026,90507837
2004-05-31,15.39407730102539,16.00319671825925,15.39407730102539,15.94782175683317,61958479
2004-06-01,15.504826545715332,15.5602004767134,15.117204901966353,15.504826545715332,48967787
2004-06-02,15.061833381652832,15.283331204477642,14.951084470240426,15.061833381652832,54487104
2004-06-03,14.17584228515625,15.227957473877527,14.120467312843694,15.061833588630671,85169379
2004-06-04,14.286589622497559,14.397338523217945,14.009716854851241,14.17584072177717,70951645
2004-06-07,14.951082229614258,14.95108222961426,14.452712718791387,14.452712718791387,69692657
2004-06-08,15.006455421447754,15.172579271326887,14.89570653209186,15.061830381970994,64084800
2004-06-09,14.729586601257324,15.061833334453373,14.618837690191974,14.951084423388023,64913719
2004-06-10,14.17584228515625,14.563463996271711,14.065093372221947,14.3419651387123,128137152
2004-06-11,13.455979347229004,13.89896875253094,13.289849292947375,13.843599977398902,155214621
2004-06-14,12.957610130310059,13.732846312594393,12.902235159291166,13.455980742716966,90919868
2004-06-15,13.012983322143555,13.068358289981587,12.625362674040222,12.846860482010904,86644399
2004-06-16,12.791485786437988,13.345223051654468,12.736110821887548,13.289849118794688,72351937
2004-06-17,13.179108619689941,13.345225287648846,12.846861871791287,12.846861871791287,88984093
2004-06-18,12.68073558807373,13.068357236624058,12.625361656389762,13.012982273249452,99991178
2004-06-21,12.791485786437988,13.289849118794688,12.736110821887548,13.289849118794688,70615361
2004-06-22,12.791485786437988,12.79148578643799,12.79148578643799,12.79148578643799,0
2004-06-23,13.179108619689941,13.400600261477374,12.902235813928979,12.902235813928979,107344538
2004-06-24,13.345221519470215,13.455977625998994,13.17910489841627,13.345221519470213,80932497
2004-06-25,13.345221519470215,13.511351552501214,13.17910489841627,13.289847592967995,48543993
2004-06-28,13.068357467651367,13.455979123054215,12.957608570634932,13.400597968556724,51309180
2004-06-29,13.179108619689941,13.234482561827633,12.846861871791287,13.068359703723724,39059614
2004-06-30,13.843600273132324,13.898969049447173,13.511353569450227,13.511353569450227,177734712
2004-07-01,13.954345703125,14.06509462593104,13.732847857512917,13.954345703125,84378539
2004-07-02,13.5113525390625,13.677469172245818,13.45597860851703,13.5113525390625,82360574
2004-07-05,13.179108619689941,13.400600261477374,13.068359703723724,13.289851345511154,37586447
2004-07-06,13.455979347229004,13.455979347229004,13.179106584229928,13.179106584229928,30148511
2004-07-07,13.179108619689941,13.345225287648846,13.068359703723724,13.068359703723724,48304686
2004-07-08,13.179108619689941,13.511355367588596,13.179108619689941,13.455981425450904,57537623
2004-07-09,13.455979347229004,13.511353280814415,13.234480517815337,13.345223226532784,62309791
2004-07-12,13.179108619689941,13.622104283554814,13.123733645861416,13.622104283554814,125123615
2004-07-13,13.21675968170166,13.336368735398326,13.097150628004991,13.156955670698643,92417164
2004-07-14,13.156957626342773,13.336370717710336,13.097152574759727,13.097152574759727,82163156
2004-07-15,12.798129081726074,13.097151213489674,12.618716009006052,13.037347199813228,83189624
2004-07-16,12.917739868164062,13.156958018240099,12.618717696414425,12.618717696414425,91823090
2004-07-19,12.977544784545898,13.037348805588245,12.738326636994893,12.857935710770397,45318558
2004-07-20,12.558913230895996,12.977544462888796,12.558913230895996,12.977544462888796,64517145
2004-07-21,12.977544784545898,13.216761900406095,12.738326636994893,12.857935710770397,93517627
2004-07-22,12.85793399810791,12.91773801118443,12.499107856267454,12.558911869343973,69165810
2004-07-23,12.85793399810791,13.097151082104658,12.79812895334072,12.85793399810791,50557578
2004-07-26,12.558913230895996,12.678522301706908,12.49910921133593,12.61871725045606,69057599
2004-07-27,12.738325119018555,12.91773819245645,12.379498972142764,12.55891204558066,52607958
2004-07-28,12.798129081726074,13.037347199813228,12.738325068049628,12.917738140769652,64224159
2004-07-29,12.738325119018555,12.977543238062873,12.738325119018555,12.91773819245645,47830075
2004-07-30,12.977544784545898,13.216761900406095,12.917739731812743,12.977544784545898,93141907
2004-08-02,12.85793399810791,12.97754305595162,12.79812895334072,12.97754305595162,40695109
2004-08-03,13.037347793579102,13.156956858070087,12.857934712687987,12.977543777178973,40512820
2004-08-04,12.917739868164062,13.03734894320208,12.798130793126044,12.97754492152848,31745359
2004-08-05,13.515782356262207,13.635391414880695,12.738325022778042,12.97754314001502,87038735
2004-08-06,13.156957626342773,13.396174737602594,13.097152574759727,13.27656566612729,61603268
2004-08-09,13.097150802612305,13.097150802612305,12.79812868022948,12.91773773552074,36405606
2004-08-10,13.097150802612305,13.216759857903565,12.977542779011694,13.097150802612305,42729291
2004-08-11,13.156957626342773,13.396174737602594,13.097152574759727,13.216761646235032,61078124
2004-08-12,13.037347793579102,13.09715180997923,12.917738729088116,13.09715180997923,35651957
2004-08-13,12.977544784545898,13.097152826630593,12.798130658037241,12.977544784545898,52478459
2004-08-16,12.917739868164062,13.097152964875681,12.917739868164062,12.97754492152848,23297428
2004-08-17,12.977544784545898,13.156957879363748,12.977544784545898,13.037348805588245,31866378
2004-08-18,13.336369514465332,13.455978575149167,12.977543364104516,13.037347378601087,72496123
2004-08-19,13.934414863586426,13.994218882706972,13.695196723722686,13.695196723722686,124013112
2004-08-20,13.755000114440918,13.994218243375887,13.69519609805254,13.814805162520024,67100969
2004-08-23,13.814805030822754,13.994218109968264,13.69519596749551,13.754999983313773,41918090
2004-08-24,13.814805030822754,13.814805030822754,13.814805030822754,13.814805030822754,0
2004-08-25,13.814805030822754,13.814805030822754,13.814805030822754,13.814805030822754,0
2004-08-26,14.293237686157227,14.412839506175503,14.173628644305223,14.173628644305223,102665597
2004-08-27,14.233437538146973,14.412844456557439,14.173633512525338,14.29324259545949,60457035
2004-08-30,13.994218826293945,14.293240984072822,13.994218826293945,14.233435933502586,50070875
2004-08-31,13.814805030822754,14.173631189113772,13.754999983313773,13.814805030822754,56258268
2004-09-01,13.934414863586426,14.113827952638841,13.814805793654555,13.814805793654555,68535787
2004-09-02,13.515782356262207,13.754999441808508,13.336369284179812,13.754999441808508,138151743
2004-09-03,12.917739868164062,13.336371114951717,12.857935846490463,13.276566061587298,142356609
2004-09-06,12.977544784545898,12.977544784545898,12.678522615952547,12.857935710770397,79811679
2004-09-07,13.156957626342773,13.156957626342773,12.917739483392165,13.037348554867469,61798920
2004-09-08,12.977544784545898,13.216761900406095,12.977544784545898,13.156957879363748,72039386
2004-09-09,12.977544784545898,13.097152826630593,12.857935710770397,12.977544784545898,56614530
2004-09-10,13.037347793579102,13.276564890870345,12.977543777178973,13.156956858070087,57928901
2004-09-13,13.276567459106445,13.396176546734765,13.15695940316905,13.336372518766067,79932489
2004-09-14,13.156957626342773,13.396174737602594,13.097152574759727,13.396174737602594,67049876
2004-09-15,12.917739868164062,13.097152964875681,12.917739868164062,13.097152964875681,53971778
2004-09-16,12.917739868164062,12.97754492152848,12.738326771452444,12.798130793126044,103048345
2004-09-17,12.618718147277832,12.91774032971145,12.61871814727783,12.91774032971145,98834497
2004-09-20,12.499109268188477,12.798130399039687,12.499109268188475,12.678522359375517,100327834
2004-09-21,12.678520202636719,12.738324212295565,12.558911151628417,12.618715161287263,81134834
2004-09-22,12.678520202636719,12.798128221954409,12.618715161287263,12.798128221954409,61198837
2004-09-23,12.738325119018555,12.738325119018555,12.55891204558066,12.55891204558066,40471956
2004-09-24,12.558913230895996,12.738326321266973,12.49910921133593,12.738326321266973,56467056
2004-09-27,12.259889602661133,12.499107715657441,12.259889602661133,12.379498659159287,78297420
2004-09-28,12.259889602661133,12.259889602661133,12.259889602661133,12.259889602661133,0
2004-09-29,12.259889602661133,12.499107715657441,12.140280546162979,12.140280546162979,55817080
2004-09-30,12.259889602661133,12.499107715657441,12.259889602661133,12.379498659159287,63748110
2004-10-01,12.499109268188477,12.499109268188475,12.259891125478562,12.259891125478562,50615327
2004-10-04,12.798129081726074,12.798129081726076,12.618716009006052,12.738325068049628,84495328
2004-10-05,12.798129081726074,12.917738140769652,12.738325068049628,12.857934127093204,61156054
2004-10-06,12.738325119018555,12.91773819245645,12.678521105102819,12.857934178540715,77968304
2004-10-07,12.678520202636719,12.917737272962711,12.678520202636719,12.798128221954409,47202937
2004-10-08,12.379496574401855,12.618713615422386,12.31969154037886,12.618713615422386,77010987
2004-10-11,12.319694519042969,12.379499567525668,12.200086485459034,12.259890502251,53740666
2004-10-12,12.020671844482422,12.319693978708798,12.02067184448242,12.200085950370799,68796747
2004-10-13,11.960867881774902,12.140280956744515,11.960867881774904,12.02067189620121,52209691
2004-10-14,12.080475807189941,12.20008485649432,11.960866757885565,11.960866757885565,58394513
2004-10-15,11.960867881774902,12.080476942318208,11.960867881774904,12.080476942318208,54785456
2004-10-18,11.841259002685547,12.080477127437907,11.841259002685547,12.020672080404463,41181936
2004-10-19,12.020671844482422,12.08047689034211,11.96086783031342,11.96086783031342,36628121
2004-10-20,11.960867881774902,12.080476942318208,11.901063867348597,12.02067189620121,28475765
2004-10-21,11.960867881774902,12.140280956744515,11.901063867348597,11.960867881774904,41199235
2004-10-22,12.140280723571777,12.319693795095485,12.0804767102941,12.200085768540129,45174485
2004-10-25,12.140280723571777,12.140280723571777,12.140280723571777,12.140280723571777,0
2004-10-26,11.841259002685547,12.020672080404463,11.841259002685547,11.960868065061728,48580145
2004-10-27,11.602041244506836,11.841258323854749,11.542236200901872,11.841258323854749,54257068
2004-10-28,11.9010648727417,11.960868892220205,11.781455802093909,11.960868892220205,75593538
2004-10-29,12.080475807189941,12.080475807189943,11.901062749078676,11.901062749078676,40003832
2004-11-01,11.841259002685547,12.140281142780642,11.661845924966633,12.080477127437907,53031149
2004-11-02,12.140280723571777,12.200085768540129,11.84125859380204,11.96086765204807,67673035
2004-11-03,12.558913230895996,12.61871725045606,12.140281998903196,12.200087050154043,146547429
2004-11-04,12.499109268188477,12.678522359375517,12.379500196833519,12.55891328802056,96666841
2004-11-05,12.678520202636719,12.798128221954409,12.558911151628417,12.678520202636719,109591549
2004-11-08,12.558913230895996,12.678522301706908,12.439304160085085,12.678522301706908,32482739
2004-11-09,12.558913230895996,12.558913230895996,12.319695089274173,12.558913230895996,35634075
2004-11-10,12.319694519042969,12.558912649592305,12.319694519042967,12.558912649592305,70666751
2004-11-11,12.080475807189941,12.259888865301209,12.020670766692456,12.259888865301209,58822807
2004-11-12,12.259889602661133,12.259889602661133,12.080476533759231,12.140280546162979,36412061
2004-11-15,12.259889602661133,12.499107715657441,12.259889602661133,12.319693615064882,44758698
2004-11-16,12.319694519042969,12.439303584317637,12.200086485459034,12.259890502251,55156018
2004-11-17,12.618718147277832,12.73832722658945,12.200087917223449,12.25989194103383,125465784
2004-11-18,12.977544784545898,13.037348805588245,12.678522615952547,12.798130658037241,161974293
2004-11-19,12.85793399810791,13.097151082104658,12.85793399810791,13.037347069028138,88963467
2004-11-22,12.319694519042969,12.738325731658941,12.319694519042967,12.678521714866973,71986603
2004-11-23,12.20008659362793,12.439303694607489,12.080477527292778,12.319694628272337,53188915
2004-11-24,12.379496574401855,12.439300576734368,12.200083535713837,12.200083535713837,49063885
2004-11-25,12.20008659362793,12.379499677285285,12.140281544614982,12.379499677285285,33885918
2004-11-26,11.960867881774902,12.439303092257433,11.960867881774904,12.200086002861514,55430702
2004-11-29,11.960867881774902,12.080476942318208,11.901063867348597,11.960867881774904,42073605
2004-11-30,12.080475807189941,12.140279815996832,11.841257708581189,11.960866757885565,63309394
2004-12-01,11.9010648727417,12.020672911698709,11.841259821572413,11.841259821572413,54570146
2004-12-02,12.140280723571777,12.140280723571777,12.020671665325748,12.0804767102941,39105236
2004-12-03,12.20008659362793,12.319694628272337,12.140281544614982,12.259890610950134,54078078
2004-12-06,12.259889602661133,12.259889602661133,12.080476533759231,12.200085590257386,31329427
2004-12-07,12.20008659362793,12.259890610950134,12.140281544614982,12.259890610950134,40367209
2004-12-08,12.080475807189941,12.20008485649432,12.020670766692456,12.140279815996832,26684430
2004-12-09,11.9010648727417,12.140281982346501,11.841259821572413,12.080477962867995,100165996
2004-12-10,11.9010648727417,11.960868892220205,11.841259821572413,11.9010648727417,71215796
2004-12-13,11.841259002685547,12.140281142780642,11.781454987342812,11.960868065061728,56704039
2004-12-14,11.960867881774902,12.02067189620121,11.841258821231598,11.901063867348597,34666979
2004-12-15,12.140280723571777,12.200085768540129,11.96086765204807,12.020671665325748,106558385
2004-12-16,12.080475807189941,12.20008485649432,12.020670766692456,12.140279815996832,43281837
2004-12-17,12.020671844482422,12.14028090451111,12.02067184448242,12.08047689034211,32812369
2004-12-20,11.841259002685547,11.960868065061728,11.781454987342812,11.901064049718991,86653756
2004-12-21,11.841259002685547,11.960868065061728,11.841259002685547,11.901064049718991,41254935
2004-12-22,11.9010648727417,12.020672911698709,11.9010648727417,11.9010648727417,43848557
2004-12-23,11.9010648727417,11.960868892220205,11.841259821572413,11.9010648727417,27510151
2004-12-24,11.960867881774902,11.960867881774904,11.841258821231598,11.901063867348597,23239717
2004-12-27,11.9010648727417,11.960868892220205,11.841259821572413,11.960868892220205,21504006
2004-12-28,11.841259002685547,11.960868065061728,11.841259002685547,11.841259002685547,21649507
2004-12-29,12.080475807189941,12.140279815996832,11.901062749078676,11.901062749078676,79456544
2004-12-30,12.080475807189941,12.140279815996832,12.020670766692456,12.140279815996832,39617125
2004-12-31,12.259889602661133,12.259889602661133,12.020671489664824,12.140280546162979,57175991
2005-01-03,12.20008659362793,12.379499677285285,12.140281544614982,12.259890610950134,57594760
2005-01-04,12.080475807189941,12.20008485649432,12.020670766692456,12.140279815996832,28208930
2005-01-05,11.9010648727417,12.020672911698709,11.9010648727417,11.960868892220205,38190990
2005-01-06,11.9010648727417,11.960868892220205,11.841259821572413,11.9010648727417,41269125
2005-01-07,11.841259002685547,11.960868065061728,11.781454987342812,11.901064049718991,47499707
2005-01-10,11.960867881774902,12.02067189620121,11.841258821231598,11.901063867348597,39739955
2005-01-11,11.841259002685547,11.960868065061728,11.841259002685547,11.960868065061728,70705908
2005-01-12,11.602041244506836,11.841258323854749,11.542236200901872,11.841258323854749,59574634
2005-01-13,11.303018569946289,11.721649727988492,11.243214560950516,11.66184468730212,101090455
2005-01-14,11.362822532653809,11.482431581848706,11.123605465954611,11.183409474706762,84319808
2005-01-17,11.602041244506836,11.661845256421152,11.482432188987556,11.542236200901872,52514947
2005-01-18,11.602041244506836,11.721650300026118,11.542236200901872,11.661845256421152,40770051
2005-01-19,11.48243236541748,11.721650480131679,11.48243236541748,11.721650480131679,40052848
2005-01-20,11.48243236541748,11.542236378250697,11.362823308060383,11.362823308060383,26673954
2005-01-21,11.542237281799316,11.602042331004853,11.422629246769736,11.482433264284525,36328011
2005-01-24,11.362822532653809,11.602040631043604,11.30301852390166,11.542235590600859,26755086
2005-01-25,11.362822532653809,11.422627573096555,11.243214515149507,11.30301852390166,30533572
2005-01-26,11.48243236541748,11.60204142277458,11.362823308060383,11.48243236541748,44783575
2005-01-27,11.661844253540039,11.721649292001965,11.542235208306753,11.542235208306753,54711484
2005-01-28,11.661844253540039,11.84125730554469,11.602040246768677,11.661844253540039,59329824
2005-01-31,12.140280723571777,12.259889781817808,11.661845522278332,11.661845522278332,136577988
2005-02-01,12.20008659362793,12.379499677285285,12.140281544614982,12.20008659362793,151373563
2005-02-02,12.499109268188477,12.499109268188475,12.379500196833519,12.379500196833519,158168159
2005-02-03,12.20008659362793,12.319694628272337,12.140281544614982,12.319694628272337,120579021
2005-02-04,12.20008659362793,12.20008659362793,12.20008659362793,12.20008659362793,0
2005-02-07,12.20008659362793,12.20008659362793,12.20008659362793,12.20008659362793,0
2005-02-08,12.20008659362793,12.20008659362793,12.20008659362793,12.20008659362793,0
2005-02-09,12.20008659362793,12.20008659362793,12.20008659362793,12.20008659362793,0
2005-02-10,12.20008659362793,12.20008659362793,12.20008659362793,12.20008659362793,0
2005-02-11,12.20008659362793,12.20008659362793,12.20008659362793,12.20008659362793,0
2005-02-14,12.558913230895996,12.678522301706908,12.439304160085085,12.49910921133593,189030999
2005-02-15,12.558913230895996,12.738326321266973,12.558913230895996,12.61871725045606,80751689
2005-02-16,12.439303398132324,12.499108445719894,12.259890318751054,12.499108445719894,110829643
2005-02-17,11.9010648727417,12.140281982346501,11.602042711967613,11.602042711967613,232651524
2005-02-18,12.20008659362793,12.259890610950134,11.901064443635423,11.960868460957627,195803086
2005-02-21,12.140280723571777,12.259889781817808,12.020671665325748,12.200085768540129,109628532
2005-02-22,11.960867881774902,12.140280956744515,11.960867881774904,12.140280956744515,49883895
2005-02-23,12.140280723571777,12.200085768540129,11.84125859380204,11.96086765204807,92994248
2005-02-24,12.080475807189941,12.259888865301209,12.080475807189943,12.140279815996832,85909635
2005-02-25,12.439303398132324,12.499108445719894,12.259890318751054,12.259890318751054,132516566
2005-02-28,12.439303398132324,12.439303398132326,12.439303398132326,12.439303398132326,0
2005-03-01,12.20008659362793,12.499108743620436,12.20008659362793,12.439303694607489,82972988
2005-03-02,12.259889602661133,12.409397054443856,12.200085590257386,12.200085590257386,61228634
2005-03-03,12.229985237121582,12.259890857301212,12.05057214985909,12.259890857301212,46105593
2005-03-04,11.990768432617188,12.170181539824423,11.990768432617188,12.14028313815644,57474688900
2005-03-07,11.990768432617188,12.170181539824423,11.990768432617188,12.020674056121322,57391903692
2005-03-08,12.05057144165039,12.200086121781668,11.990766394950441,12.050571441650389,58032936
2005-03-09,12.05057144165039,12.050571441650389,11.96086799836328,11.990766394950441,45472100
2005-03-10,11.930963516235352,11.990767536940277,11.841260064404969,11.96086913750562,46540333
2005-03-11,12.020671844482422,12.050571272340198,11.96086783031342,11.99076622648051,34880361
2005-03-14,11.9010648727417,12.020672911698709,11.871158220393934,12.020672911698709,40250999
2005-03-15,11.691743850708008,11.930961965823249,11.631939837774532,11.901063570273848,49164903
2005-03-16,11.661844253540039,11.751547684470681,11.602040246768677,11.661844253540039,48885347
2005-03-17,11.48243236541748,11.542236378250697,11.452533969918203,11.542236378250697,54493795
2005-03-18,11.303018569946289,11.422627619628432,11.21331513567913,11.392720972522849,66479022
2005-03-21,11.362822532653809,11.482431581848706,11.36282253265381,11.482431581848706,39837878
2005-03-22,11.12360668182373,11.362823774670625,10.974099222827885,11.362823774670625,94657329
2005-03-23,11.153512954711914,11.303020422478685,10.884389195824033,11.063802283907236,111482714
2005-03-24,11.303018569946289,11.452533235043418,11.183409520264146,11.183409520264146,78528134
2005-03-25,11.392722129821777,11.452534398418214,11.332918114750974,11.362823733203841,26307638
2005-03-28,11.303018569946289,11.452533235043418,11.303018569946289,11.452533235043418,22227629
2005-03-29,11.12360668182373,11.303019759381579,11.12360668182373,11.303019759381579,30788482
2005-03-30,11.12360668182373,11.21331631567478,11.063801634843976,11.12360668182373,37217643
2005-03-31,11.392722129821777,11.422628779965347,11.273114099680173,11.30301971813304,40927606
2005-04-01,11.452535629272461,11.452535629272461,11.303020932918287,11.422630007605507,31925163
2005-04-04,11.362822532653809,11.392720926112801,11.30301852390166,11.36282253265381,22097041
2005-04-05,11.362822532653809,11.36282253265381,11.36282253265381,11.36282253265381,0
2005-04-06,11.273115158081055,11.42262985240374,11.273115158081055,11.362824800027306,24749939
2005-04-07,11.093706130981445,11.362822625017774,11.093706130981444,11.303018615779498,43319649
2005-04-08,11.273115158081055,11.303020779341674,11.153513306854599,11.213317327540231,32071246
2005-04-11,11.12360668182373,11.303019759381579,11.063801634843976,11.273114140819576,43105247
2005-04-12,11.18341064453125,11.243215691229818,11.123606629523387,11.123606629523387,21392482
2005-04-13,11.273115158081055,11.273115158081055,11.213317327540231,11.243216758656043,21041303
2005-04-14,11.18341064453125,11.273114087816287,11.093707201246215,11.15351224794478,51040392
2005-04-15,10.974100112915039,11.183411604176765,10.974100112915039,11.183411604176765,57347629
2005-04-18,10.67507553100586,10.914292589074192,10.525560871912237,10.914292589074192,60833692
2005-04-19,10.67507553100586,10.734879537600301,10.615270492720857,10.675075531005858,40339078
2005-04-20,10.67507553100586,10.884386974860016,10.645169916791682,10.884386974860016,57067727
2005-04-21,10.884387969970703,10.884387969970701,10.675076506980139,10.675076506980139,46003653
2005-04-22,10.884387969970703,11.033902642733779,10.824583957908647,11.033902642733779,59517979
2005-04-25,10.884387969970703,10.914293586919014,10.824583957908647,10.884387969970701,24213061
2005-04-26,11.003998756408691,11.063802777876257,10.824585660315176,10.884389681782743,39389289
2005-04-27,11.033903121948242,11.123606564710613,10.974099107288833,11.003997503701097,34463613
2005-04-28,11.033903121948242,11.033903121948242,10.79468499992921,10.974099107288833,42068655
2005-04-29,11.003998756408691,11.003998756408691,10.854491281966812,10.944194734941124,23950082
2005-05-02,11.003998756408691,11.003998756408691,11.003998756408691,11.003998756408691,0
2005-05-03,11.003998756408691,11.21331747415384,11.003998756408691,11.003998756408691,40582230
2005-05-04,11.063800811767578,11.093706428104793,10.974098406424776,11.063800811767578,19706928
2005-05-05,11.422629356384277,11.542237392561647,11.123607202559338,11.213316840610014,85881194
2005-05-06,11.691743850708008,11.751548895332153,11.48243238466751,11.512338002051585,94134538
2005-05-09,11.691743850708008,11.751548895332153,11.631939837774532,11.661845455158607,51450241
2005-05-10,11.602041244506836,11.661845256421152,11.452533793947673,11.631939639546719,37129275
2005-05-11,11.452535629272461,11.542238050601911,11.392723354247735,11.48243402910371,30426298
2005-05-12,11.631940841674805,11.631940841674805,11.482433375664469,11.54223739375936,68796987
2005-05-13,11.721650123596191,11.81135252920022,11.542236027172418,11.60204106987722,65677782128
2005-05-16,11.9010648727417,12.200087033515786,11.9010648727417,11.960868892220205,90989110
2005-05-17,12.110376358032227,12.140281978680179,11.990767287420557,12.02067290806851,100527302
2005-05-18,12.020671844482422,12.110375286509198,12.02067184448242,12.110375286509198,38620115
2005-05-19,12.20008659362793,12.259890610950134,12.11037592503628,12.11037592503628,96032256
2005-05-20,12.259889602661133,12.259889602661133,12.1103749290438,12.200085590257386,52241639
2005-05-23,12.05057144165039,12.259890136790911,12.020672013372526,12.259890136790911,36711549
2005-05-24,12.409398078918457,12.499108747538228,12.080477531079351,12.080477531079351,114420591
2005-05-25,12.499109268188477,12.648615706850935,12.409398595831808,12.499109268188475,135396015
2005-05-26,12.558913230895996,12.61871725045606,12.439304160085085,12.49910921133593,84367399
2005-05-27,12.798129081726074,12.828027477646918,12.648614404926894,12.67852105437318,106925776
2005-05-30,12.917739868164062,12.917739868164062,12.738326771452444,12.798130793126044,75917056
2005-05-31,12.678520202636719,12.887831657216148,12.678520202636719,12.887831657216148,76152783
2005-06-01,12.648615837097168,12.648615837097166,12.379500324308596,12.588811816649264,107911579
2005-06-02,12.85793399810791,12.887832393728823,12.708419322808595,12.708419322808595,92836039
2005-06-03,13.276567459106445,13.396176546734765,12.857937199943715,12.857937199943715,186086131
2005-06-06,13.396173477172852,13.455978523128913,13.127050770370573,13.127050770370573,92210736
2005-06-07,13.575584411621094,13.605483834813745,13.246657742405045,13.396171365416745,140327955
2005-06-08,13.87460994720459,13.934414998595356,13.605487215946143,13.635392836713878,141098722
2005-06-09,13.934414863586426,13.934414863586424,13.725096154056024,13.904509243108441,112391380
2005-06-10,13.994218826293945,14.024118256506753,13.6353926496356,13.934414807414477,132482584
2005-06-13,14.054021835327148,14.054021835327147,13.665290066243541,13.87460875988963,95029769
2005-06-14,13.844703674316406,13.964312739773266,13.755000228218654,13.934414342249312,81503808
2005-06-15,13.515782356262207,13.81480448696309,13.515782356262207,13.754999441808508,94858403
2005-06-16,13.90450668334961,13.9344122983221,13.515781146474108,13.665288587524875,95075659
2005-06-17,14.26333236694336,14.562354461896732,13.964310271989985,13.964310271989985,182419568772
2005-06-20,14.652067184448242,14.681966614709447,14.263335386803233,14.353037804349938,119487938
2005-06-21,14.50255012512207,14.592259743466533,14.442745088479803,14.592259743466533,96723973
2005-06-22,14.681966781616211,14.711872402362019,14.472647038520437,14.50255369095703,99576671
2005-06-23,14.50255012512207,14.71186878506054,14.502550125122072,14.622158135025547,88655880
2005-06-24,14.293237686157227,14.382941114551999,14.263332072699995,14.353034469404236,58566424
2005-06-27,13.87460994720459,14.05402303799532,13.844704326436853,14.05402303799532,88627592
2005-06-28,13.994218826293945,14.08392227538622,13.814805737964772,13.87460975684424,57552489
2005-06-29,13.755000114440918,14.23343534062013,13.63539208166416,14.17363132423175,124822529
2005-06-30,13.755000114440918,13.874609178908402,13.72509552701991,13.874609178908402,49556148
2005-07-01,14.024117469787598,14.054022056776681,13.63539188472301,13.87460897851215,43409324
2005-07-04,14.054021835327148,14.054021835327147,13.844703141681057,13.994217820744874,32829460
2005-07-05,13.814805030822754,13.994218109968264,13.814805030822754,13.994218109968264,34869339
2005-07-06,13.87460994720459,13.994219018295338,13.87460994720459,13.904509377827619,38023399
2005-07-07,14.113826751708984,14.113826751708984,13.874608632200049,14.024117119743746,47217193
2005-07-08,14.113826751708984,14.173630765740874,13.934413677922628,13.994217691954518,28264714
2005-07-11,14.50255012512207,14.562354130073809,14.173628613732776,14.233432618684514,72793907
2005-07-12,14.86137866973877,14.921182684555747,14.592262150598424,14.6520661654154,83412252
2005-07-13,14.831473350524902,14.921184023408102,14.741770931168041,14.861380003225014,66059595454
2005-07-14,15.07069206237793,15.100597684513847,14.831473909252225,14.861380563078972,71417708
2005-07-15,14.681966781616211,15.010887342188763,14.681966781616211,15.010887342188763,54384188
2005-07-18,14.681966781616211,14.681966781616211,14.681966781616211,14.681966781616211,0
2005-07-19,14.472646713256836,14.622161401645444,14.41284269494476,14.59226300340707,39961845
2005-07-20,14.532456398010254,14.771667287202254,14.472645164264392,14.592261441612218,47877232
2005-07-21,14.50255012512207,14.831469573130306,14.382941083528065,14.412839475087079,41398618
2005-07-22,14.233437538146973,14.472648482179071,14.23343753814697,14.472648482179071,51584974
2005-07-25,14.083922386169434,14.233436045461863,14.02411836681955,14.203531456559976,35436723
2005-07-26,13.90450668334961,14.203528787285235,13.874607258520625,13.994216306432993,49252104002
2005-07-27,13.455977439880371,13.78489794432474,13.276563348146276,13.75499851882578,122653479
2005-07-28,13.605485916137695,13.605485916137694,13.27656435505691,13.455978460397986,71122768
2005-07-29,13.485876083374023,13.7250941889881,13.485876083374022,13.7250941889881,43771077
2005-08-01,13.515782356262207,13.605485797231374,13.30646366653049,13.366267679994396,78664026457
2005-08-02,15.4955415725708,15.531912801752657,15.095421942390676,15.13179420326338,96500656
2005-08-03,16.223026275634766,16.223026275634766,15.641035051100378,15.677413500435632,90581601
2005-08-04,16.113901138305664,16.259402526450707,15.932027498196144,16.223023052652064,35754981
2005-08-05,16.113901138305664,16.113901138305664,16.113901138305664,16.113901138305664,0
2005-08-08,15.932029724121094,15.968409203002455,15.713784833245866,15.713784833245866,62938284
2005-08-09,15.641035079956055,15.89565946519335,15.641035079956055,15.786536497275886,43799006
2005-08-10,16.2957763671875,16.586771950014313,15.895657827684644,15.93202905150457,77498775
2005-08-11,16.586772918701172,16.623145176335974,16.332148544823923,16.51402221328702,69870169
2005-08-12,16.4412784576416,16.73227508433831,16.332148274563213,16.586772644226997,34141998
2005-08-15,16.004779815673828,16.295776431336865,15.968408591710727,16.295776431336865,44572317
2005-08-16,15.932029724121094,16.041152685404075,15.822907794528849,16.004780428357897,25192277
2005-08-17,15.822908401489258,15.859286850075344,15.750156662770989,15.750156662770989,44094962
2005-08-18,15.459158897399902,15.895656888456868,15.4591588973999,15.859284635095376,35778302
2005-08-19,15.131793975830078,15.313667657750198,15.059043265033031,15.313667657750198,42039405893
2005-08-22,15.350038528442383,15.350038528442381,15.16816588245413,15.240915559863916,15361653
2005-08-23,15.4955415725708,15.641035774515863,15.313667887917092,15.386418599807593,28572968
2005-08-24,15.022669792175293,15.422789384046515,15.022669792175291,15.422789384046515,52703657
2005-08-25,14.804423332214355,15.022668202053545,14.768043856839512,14.840795585754712,29934054
2005-08-26,14.949919700622559,15.059041628193814,14.731673782098609,14.840796741360585,43292526
2005-08-29,14.331555366516113,14.949919839780605,14.186053959382892,14.768045144245542,55606484
2005-08-30,14.258801460266113,14.549796987336647,14.222429211724606,14.440675083259633,34296497
2005-08-31,14.258801460266113,14.549796987336647,14.222429211724606,14.29517267711712,46848556
2005-09-01,14.258801460266113,14.258801460266113,14.258801460266113,14.258801460266113,0
2005-09-02,14.913546562194824,14.913546562194822,14.367926639701793,14.549799259405695,64631845
2005-09-05,14.47705078125,14.62255220073965,14.440679553140862,14.586173750794782,27607979
2005-09-06,14.695303916931152,14.695303916931152,14.549801466000634,14.549801466000634,26117824
2005-09-07,14.84079647064209,14.913547172204431,14.695302289352318,14.840796470642088,22139288
2005-09-08,14.986299514770508,15.095421452300094,14.986299514770508,15.059043002463365,29853157
2005-09-09,14.84079647064209,15.131792055056547,14.73167351337068,15.059041353494203,30326915002
2005-09-12,15.095420837402344,15.204543802177726,14.986298904317737,15.022670130837211,38590484
2005-09-13,15.131793975830078,15.240915915262317,15.022671004707007,15.13179397583008,23139710036
2005-09-14,14.986299514770508,15.095421452300094,14.949921064933779,15.059043002463365,21902969
2005-09-15,14.913546562194824,15.095419181898727,14.840795863608205,14.913546562194822,29761197
2005-09-16,14.913546562194824,15.059040737533438,14.804423609386877,15.02266848331211,43751690
2005-09-19,15.277292251586914,15.277292251586914,14.913544987212235,14.913544987212235,37710459
2005-09-20,15.277292251586914,15.386414161180106,14.986295678115832,15.131789838089169,43122240628
2005-09-21,14.986299514770508,15.277296162739876,14.949921064933779,14.986299514770508,20074809
2005-09-22,14.47705078125,14.840798139829213,14.367928843396037,14.840798139829213,69802965
2005-09-23,14.513427734375,14.695301381978814,14.404304783841479,14.404304783841479,43005614
2005-09-26,14.513427734375,14.731672603751406,14.513427734375,14.622549653217884,43643868
2005-09-27,14.513427734375,14.586171209610821,14.404304783841479,14.4770482590773,33674895
2005-09-28,14.331555366516113,14.549800255380827,14.295175887969885,14.477049551814217,34150891
2005-09-29,14.661877632141113,14.772116879189696,14.404651346773477,14.404651346773477,115763354
2005-09-30,15.654033660888672,15.654033660888672,15.13958213136679,15.433555170872642,116547185
2005-10-03,15.98475170135498,16.168483412265363,15.72752544903741,15.801018958754023,109959325
2005-10-04,16.205230712890625,16.315470981178265,16.094991476293593,16.131738232389473,70318092
2005-10-05,16.058246612548828,16.31547290384168,16.021499852122602,16.168485862136777,63014849
2005-10-06,15.837766647338867,15.911260166175795,15.727527400774179,15.801020919611105,68470017
2005-10-07,15.654033660888672,15.837766423695822,15.543794415880658,15.801020696486942,60020836
2005-10-10,15.4955415725708,15.4955415725708,15.4955415725708,15.4955415725708,0
2005-10-11,15.213074684143066,15.50704772493719,15.176328956773158,15.50704772493719,62897826
2005-10-12,14.55163860321045,15.066090186440144,14.55163860321045,15.066090186440144,119912873
2005-10-13,14.808860778808594,14.808860778808596,14.441395317359135,14.478142069842182,59264972
2005-10-14,14.735370635986328,14.955850169500536,14.661878145942087,14.845610918588802,46575008
2005-10-17,14.514890670776367,14.808862664696658,14.514890670776367,14.735369150371266,42825868
2005-10-18,14.588385581970215,14.73537160339943,14.514893087101012,14.514893087101012,38848571
2005-10-19,14.00043773651123,14.478143502686475,14.00043773651123,14.478143502686475,79793981
2005-10-20,14.25766372680664,14.257663726806639,13.926944967462004,14.110677726174654,86069044
2005-10-21,14.00043773651123,14.110676973179805,13.890198499842656,13.963690980391503,43637667
2005-10-24,13.8534517288208,14.11067695800098,13.853451728820799,14.03718447753119,72523858
2005-10-25,13.890198707580566,14.073931459236453,13.890198707580566,13.963691189228546,67611851
2005-10-26,13.70646858215332,13.890201369013337,13.669721818443152,13.890201369013337,44712214
2005-10-27,12.751056671142578,13.449240988454614,12.75105667114258,13.449240988454614,202881186
2005-10-28,12.310098648071289,12.604071722839558,12.01612557330302,12.346845411378673,260302500
2005-10-31,13.081775665283203,13.081775665283203,12.3468445756448,12.383590304774126,205545475
2005-11-01,12.567323684692383,13.081775223736948,12.567323684692383,13.081775223736948,93802106
2005-11-02,12.861295700073242,12.934789219244907,12.677562933834789,12.677562933834789,74483067
2005-11-03,12.934788703918457,13.081774704715105,12.934788703918455,13.081774704715105,71693660
2005-11-04,13.155268669128418,13.375748210970873,13.04502941405258,13.228762193639495,73886178
2005-11-07,12.677562713623047,13.081774998664542,12.567323468471134,13.081774998664542,75356689
2005-11-08,12.567323684692383,12.751056450900492,12.493830165532856,12.714309691320729,84427047
2005-11-09,13.045029640197754,13.19201566007724,12.604071580559292,12.640817311761065,89246319
2005-11-10,13.632972717285156,13.926944713181744,13.228760449159363,13.228760449159363,167407872
2005-11-11,14.110678672790527,14.110678672790527,13.81670665180542,13.963692662297973,127921932
2005-11-14,13.963693618774414,14.110679639335125,13.89020112433946,14.110679639335125,59611624
2005-11-15,13.596226692199707,13.85345297623201,13.449240686334406,13.81670621684301,80417366
2005-11-16,13.522733688354492,13.669719688602868,13.375746656415455,13.449240172384973,67609643
2005-11-17,13.375746726989746,13.596226244370955,13.302254242323121,13.559480517882976,34328847
2005-11-18,13.48598861694336,13.743213891624247,13.3757483292023,13.596227872993627,73656549
2005-11-21,13.522733688354492,13.669719688602868,13.485986930369734,13.559480446339252,30630490
2005-11-22,13.339000701904297,13.522734502895284,13.302254973396824,13.522734502895284,44760054
2005-11-23,13.8534517288208,13.853451728820799,13.338999207079224,13.412492719239623,93976536
2005-11-24,14.184171676635742,14.331157681768236,14.000438912297449,14.000438912297449,148863096
2005-11-25,14.25766372680664,14.40465075912929,14.22091800041664,14.331157242967965,93084514
2005-11-28,14.073931694030762,14.331156931625895,13.92694466490138,14.29441017434355,72768943
2005-11-29,13.632972717285156,13.96369147059148,13.632972717285156,13.96369147059148,72937485
2005-11-30,13.74321174621582,13.853452016747626,13.596225750530708,13.632972507374644,75599566
2005-12-01,13.816707611083984,13.890201137278202,13.706468353483466,13.743214084889768,47585525
2005-12-02,14.110678672790527,14.294411443828901,14.037186183389617,14.184172193882171,118007392
2005-12-05,14.514890670776367,14.551636396248425,14.037184891042598,14.331156884962887,104500477
2005-12-06,14.367903709411621,14.514890738750758,14.25766343740727,14.478143981415974,75773260
2005-12-07,14.514890670776367,14.661876667736513,14.257663370637495,14.478143913613671,71487582
2005-12-08,14.184171676635742,14.478144718591427,14.110678158224147,14.478144718591427,55123549
2005-12-09,14.00043773651123,14.110676973179805,13.890198499842656,14.110676973179805,54047529
2005-12-12,13.816707611083984,14.000440394878723,13.706468353483466,14.000440394878723,54313958
2005-12-13,13.74321174621582,13.81670525990369,13.632972507374644,13.74321174621582,36168826
2005-12-14,13.155268669128418,13.632974515068867,12.861296634465665,13.596227752813327,185910696
2005-12-15,13.302254676818848,13.37574716388598,13.155267639303181,13.155267639303181,82414111
2005-12-16,13.48598861694336,13.559482142104065,13.22876231057168,13.22876231057168,96737976
2005-12-19,13.74321174621582,13.81670525990369,13.522733268533468,13.559480025377404,75436176
2005-12-20,13.926946640014648,13.926946640014647,13.522735347655711,13.706468128433697,77144412
2005-12-21,13.963693618774414,14.037187144900171,13.743214072087946,13.89020112433946,59477674
2005-12-22,13.676811218261719,14.00417903800756,13.676811218261719,13.82231364402001,56292606
2005-12-23,14.441399574279785,14.441399574279785,13.853454456312772,13.890201219627736,123115908
2005-12-26,14.040567398071289,14.404284817146396,14.040567398071289,14.36792803475491,63502517174
2005-12-27,14.294413566589355,14.441400630600635,14.110680768266146,14.184174300271785,68346371
2005-12-28,13.8534517288208,14.00043772145099,13.70646573619061,13.8167049727406,137327166
2005-12-29,13.890198707580566,13.926944432559244,13.338999420922287,13.706465955924681,161476517
2005-12-30,13.669721603393555,13.890201150495193,13.669721603393555,13.816707624231045,84371848
2006-01-02,13.375746726989746,13.596226244370955,13.265507484144475,13.52273375970433,61476627
2006-01-03,13.522733688354492,13.596226172633349,13.081774655918702,13.375746656415455,92106382
2006-01-04,13.449241638183594,13.74321367071961,13.375748114204203,13.706467940420689,133379308
2006-01-05,13.302254676818848,13.596226688468782,13.228761158061015,13.485987442022733,103418570
2006-01-06,13.412495613098145,13.522735905124012,13.375748849089524,13.375748849089524,100062449
2006-01-09,13.8534517288208,14.00043772145099,13.70646573619061,13.7799582166604,181613242
2006-01-10,13.632972717285156,13.85345223005292,13.449239961927127,13.85345223005292,108399024
2006-01-11,13.632972717285156,13.669719474694892,13.449239961927127,13.522733476746597,106391975
2006-01-12,13.596226692199707,13.89019973562101,13.596226692199707,13.743212698065008,76769056
2006-01-13,13.412495613098145,13.559482669132635,13.375748849089524,13.522735905124012,68908668
2006-01-16,13.632972717285156,13.743211957823716,13.412493204517393,13.449239961927127,57713503
2006-01-17,13.779958724975586,13.816705482411301,13.66971948435909,13.743211967539873,48881606
2006-01-18,13.118521690368652,13.485987214579046,13.118521690368654,13.375746938301518,135583603
2006-01-19,13.375746726989746,13.375746726989746,13.192013967787183,13.265507484144475,49620541
2006-01-20,13.339000701904297,13.522734502895284,13.265508213198625,13.522734502895284,35422530
2006-01-23,13.155268669128418,13.265508955895035,13.155268669128418,13.155268669128418,42773613
2006-01-24,13.265509605407715,13.375748865881143,13.192016077298208,13.228762841352962,45445262
2006-01-25,13.339000701904297,13.449240982498889,13.19201469280223,13.375747462102494,46028167
2006-02-03,13.081775665283203,13.596227221691937,12.93478965369367,13.449241210102404,122887751
2006-02-06,13.228758811950684,13.228758811950684,12.78780087267934,12.934786852436453,67132721
2006-02-07,13.632972717285156,13.669719474694892,13.19201369174963,13.228760449159363,102027546
2006-02-08,13.375746726989746,13.596226244370955,13.375746726989746,13.559480517882976,27400960
2006-02-09,13.375746726989746,13.559480517882976,13.375746726989746,13.52273375970433,41530523
2006-02-10,13.449241638183594,13.485988400173289,13.265508859925891,13.449241638183594,32503589
2006-02-13,13.155268669128418,13.485988497737491,13.11852293856366,13.449241735481952,44916820
2006-02-14,13.155268669128418,13.155268669128418,12.934790158976744,13.00828265179704,51959522
2006-02-15,12.934788703918457,13.118521462836934,12.934788703918455,13.118521462836934,47263896
2006-02-16,13.816707611083984,13.816707611083984,13.706468353483466,13.816707611083984,149502672
2006-02-17,14.037185668945312,14.184171674051022,13.963692150547109,14.110678155652819,188552905
2006-02-20,14.073931694030762,14.110677419622466,13.85345218202733,13.963691422183725,95856994
2006-02-21,13.963693618774414,14.147426402398004,13.926946855711536,14.110679639335125,69513653
2006-02-22,13.74321174621582,13.963691255588802,13.66971926421858,13.853452016747626,87756672
2006-02-23,13.779958724975586,13.926944723027797,13.66971948435909,13.743211967539873,80949488
2006-02-24,14.00043773651123,14.037184492630958,13.779958231483473,13.779958231483473,65069001
2006-02-27,14.073931694030762,14.110677419622466,13.816705424744987,13.890198939309677,63735384
2006-03-01,14.110678672790527,14.147425433336348,13.853453412351241,13.890200172897064,61011480
2006-03-02,14.25766372680664,14.367904001048627,14.22091800041664,14.331157242967965,87354085
2006-03-03,14.367903709411621,14.514890738750758,14.25766343740727,14.331156952076837,136672134
2006-03-06,14.478143692016602,14.478143692016603,14.25766315241502,14.36790342221581,60264449
2006-03-07,14.110678672790527,14.367904964920545,14.110678672790527,14.367904964920545,61110839
2006-03-08,13.816707611083984,14.000440394878723,13.743214084889768,13.816707611083984,59451178
2006-03-09,13.816707611083984,13.926946868684505,13.779960847986876,13.816707611083984,45956040
2006-03-10,14.073931694030762,14.257663417061204,13.816705424744987,13.92694466490138,47563445
2006-03-13,14.25766372680664,14.331157242967965,14.147424484255316,14.257663726806639,47609076
2006-03-14,13.963693618774414,14.257665659895837,13.926946855711536,14.257665659895837,33741526
2006-03-15,14.073931694030762,14.184170934187156,14.000438179466071,14.110677419622466,30635642
2006-03-16,14.037185668945312,14.25766416075853,14.037185668945312,14.147424914851921,34119826
2006-03-17,14.14742660522461,14.184173368814312,13.853454559888615,13.963693818966908,24934653
2006-03-20,14.14742660522461,14.2576658643029,14.037187346146315,14.147426605224608,34455438
2006-03-21,14.037185668945312,14.25766416075853,14.037185668945312,14.147424914851921,28922990
2006-03-22,13.926946640014648,14.037186927495911,13.89020090921168,14.037186927495911,47762163
2006-03-23,13.926946640014648,14.000440165002157,13.853454146717926,13.926946640014647,40458184
2006-03-24,13.926946640014648,14.000440165002157,13.816707384224172,13.963693402508401,35077351
2006-03-27,14.220919609069824,14.257665339616453,13.96369330509872,13.96369330509872,47734195
2006-03-28,14.331158638000488,14.367905399658177,14.147425861402809,14.220919384718187,57720862
2006-03-29,14.478143692016602,14.514890448616866,14.220917427505379,14.294409909015284,54874048
2006-03-30,14.625130653381348,14.661877412410405,14.4046511308977,14.58838389435229,71195393
2006-03-31,15.066091537475586,15.249824335940144,14.661880206206266,14.661880206206266,141632716
2006-04-03,15.543795585632324,15.911261138900322,15.10283650903442,15.213075762338514,139414438
2006-04-04,15.543795585632324,15.69078160060137,15.360062808998325,15.617289108962229,60703100
2006-04-06,15.764273643493652,15.801020401707683,15.617287642328199,15.654033368851563,88187227
2006-04-07,15.80102252960205,16.02150104519633,15.36006343503188,15.727529003276754,82687163
2006-04-10,15.94800853729248,15.984755300424554,15.58054296935335,15.801022516454989,62377480
2006-04-11,15.32331657409668,15.72752890292507,15.286570842859298,15.580542882903146,63365917
2006-04-12,14.95584774017334,15.249819715980962,14.845608507168127,15.066086973178555,75121172
2006-04-13,14.88235855102539,15.139584878302989,14.845612817149341,14.95585208215924,53912107
2006-04-14,15.507052421569824,15.690785240829438,14.91910719360086,14.955853963790982,58457590
2006-04-17,15.433555603027344,15.61728837097919,15.39680884309883,15.507048091193653,40161579
2006-04-18,15.507052421569824,15.580545961950072,15.32331960231021,15.433559912880582,31085333
2006-04-19,15.80102252960205,15.98475531372449,15.764275766439402,15.80102252960205,66758837
2006-04-20,15.764273643493652,15.911259644659108,15.654033368851563,15.764273643493654,49222370
2006-04-21,16.315473556518555,16.535953096205148,15.801021985043688,15.837767715249143,143747955
2006-04-24,16.535951614379883,16.829923619824637,16.20523181864118,16.388965611657504,90401825
2006-04-25,16.058246612548828,16.535952434708307,15.984754123387104,16.535952434708307,57270436
2006-04-26,16.388967514038086,16.388967514038086,16.05824767991045,16.168486936825797,62327433
2006-04-27,15.837766647338867,16.388965975234417,15.837766647338867,16.388965975234417,63797944
2006-04-28,16.315473556518555,16.315473556518555,15.948008000937826,15.948008000937826,63254782
2006-05-02,16.315473556518555,16.315473556518555,16.058247254935736,16.168486508933647,56650731
2006-05-03,16.315473556518555,16.60944558830683,16.278726794622326,16.315473556518555,39994509
2006-05-04,16.425710678100586,16.60944343203843,16.35221819553983,16.38896495266553,37070415
2006-05-05,16.49920654296875,16.71968608544367,16.49920654296875,16.535953305329702,52110400
2006-05-08,16.609445571899414,16.719685857479195,16.53595307987033,16.609445571899414,30450172
2006-05-09,16.425710678100586,16.60944343203843,16.35221819553983,16.60944343203843,40296266
2006-05-10,15.654033660888672,16.168485190410554,15.543794415880658,16.168485190410554,78549420
2006-05-11,15.433555603027344,15.654034099216988,15.286569595004009,15.433555603027344,56636011
2006-05-12,15.139580726623535,15.249819961402876,15.102833971133556,15.139580726623533,46799486
2006-05-15,14.919108390808105,14.992601937085958,14.698628783665637,14.845615876221341,60976889
2006-05-16,14.95584774017334,15.102833728077151,14.882354230376148,14.955847740173342,44634199
2006-05-17,15.507052421569824,15.764278781209686,15.02934750417123,15.139586783050596,51640101
2006-05-18,14.986299514770508,15.13179371199193,14.695303898491954,14.986299514770508,53772074725
2006-05-19,15.131793975830078,15.13179397583008,14.804426094151697,14.913549065274768,27724355140
2006-05-22,14.55163860321045,15.28657076285532,14.55163860321045,15.28657076285532,65264039
2006-05-23,14.772117614746094,14.955850390102913,14.55163807797976,14.55163807797976,45827977
2006-05-24,14.772117614746094,15.066089642640701,14.62513160079879,14.919103628693398,46926812
2006-05-25,14.625130653381348,14.80886341683594,14.58838389435229,14.69862313974877,43426437
2006-05-26,14.514890670776367,14.772115907533962,14.331156884962887,14.772115907533962,68069638
2006-05-29,14.404282569885254,14.622549096454424,14.404282569885256,14.404282569885256,23784445878
2006-05-30,14.55163860321045,14.772118147934831,14.55163860321045,14.55163860321045,23543629
2006-06-01,14.69862174987793,14.919101251513501,14.698621749877931,14.808862016541013,36240953
2006-06-02,14.919108390808105,14.955855163947032,14.735375556804563,14.845615876221341,32578660
2006-06-05,14.404651641845703,14.955849951761058,14.257664600515692,14.919103191428556,58199993
2006-06-06,14.331158638000488,14.441398922973553,13.890200593180516,14.331158638000488,84859810
2006-06-07,14.037185668945312,14.294410919957631,14.037185668945312,14.294410919957631,22240924
2006-06-08,13.816707611083984,14.110679652479241,13.59622806419214,13.890201137278202,69056602
2006-06-09,14.110678672790527,14.110678672790527,13.485987870274492,13.81670665180542,81228428
2006-06-12,14.037185668945312,14.037185668945312,13.449240616831775,13.632973381136587,58691635
2006-06-13,13.412495613098145,13.66972192946767,13.412495613098146,13.522735905124012,57095270
2006-06-14,13.632972717285156,13.743211957823716,13.375746447107659,13.412493204517393,49856058
2006-06-15,13.596226692199707,13.706466970366709,13.559480964501407,13.669720210977708,28526291
2006-06-16,13.779958724975586,14.037184995334938,13.779958724975588,13.963691480463511,44516440
2006-06-19,13.74321174621582,13.963691255588802,13.74321174621582,13.890198773591562,28245142
2006-06-20,13.412495613098145,13.779961189802707,13.339002085080901,13.63297516545905,49540318
2006-06-21,13.596226692199707,13.632973451588708,13.449240686334406,13.449240686334406,20320723
2006-06-22,14.037185668945312,14.037185668945312,13.743212627043196,13.779959386242297,38398880
2006-06-23,13.74321174621582,13.853452016747626,13.632972507374644,13.81670525990369,29939394
2006-06-26,13.890198707580566,13.890198707580566,13.632972442586077,13.816705194241964,17023481
2006-06-27,13.963693618774414,14.037187144900171,13.743214072087946,13.963693618774414,26611977
2006-06-28,13.8534517288208,13.853451728820799,13.596225467950012,13.596225467950012,38075780
2006-06-29,13.963693618774414,14.000440381837294,13.779960835150826,13.779960835150826,38696956
2006-06-30,14.25766372680664,14.294410484887303,14.147424484255316,14.294410484887303,43618531
2006-07-03,14.25766372680664,14.294410484887303,14.110677726174654,14.257663726806639,22859893
2006-07-04,14.25766372680664,14.331157242967965,14.110677726174654,14.294410484887303,27574654
2006-07-05,14.073931694030762,14.184170934187156,13.963691422183725,14.14742417690481,36251993
2006-07-06,14.073931694030762,14.110677419622466,13.85345218202733,13.890198939309677,24857374
2006-07-07,14.110678672790527,14.147425433336348,14.000439422843796,14.07393294393544,14788275
2006-07-10,14.25766372680664,14.257663726806639,13.81670572491068,13.890199241072006,28688945
2006-07-11,14.110678672790527,14.184172193882171,13.963692662297973,14.037186183389617,23983752
2006-07-12,14.037185668945312,14.220918433250123,13.8534529046405,14.147424914851921,48582793
2006-07-13,13.669721603393555,13.853454387363119,13.669721603393555,13.816707624231045,30049057
2006-07-14,13.302254676818848,13.559480960780565,13.302254676818848,13.449240682643815,53084117
2006-07-17,12.934788703918457,13.375746706308403,12.898041945796628,13.228760705511755,42135508
2006-07-18,13.008280754089355,13.155266749977741,12.971533997194602,13.081774267878865,24856638
2006-07-19,13.1920166015625,13.228763367077606,13.045030571192942,13.155269836047392,22764950
2006-07-20,13.522733688354492,13.596226172633349,13.449240172384973,13.559480446339252,32422629
2006-07-21,13.412495613098145,13.48598914111539,13.375748849089524,13.412495613098146,10354663
2006-07-24,13.1920166015625,13.1920166015625,13.08177733670805,13.155269836047392,24894909
2006-07-25,13.228758811950684,13.449238297431615,13.228758811950684,13.3022523176745,21384230
2006-07-26,12.949325561523438,13.167570442247428,12.876574860670493,13.094819741394483,34401161
2006-07-27,12.949325561523438,13.022069040541538,12.876574860670493,12.949325561523438,58912026
2006-07-28,13.1920166015625,13.1920166015625,13.045030571192942,13.08177733670805,26255021
2006-07-31,13.228758811950684,13.449238297431615,13.118519585055477,13.412491544569706,26211598
2006-08-01,13.118521690368652,13.339000179542342,13.118521690368654,13.30225445247385,40217515
2006-08-02,13.067111015319824,13.104233308076925,12.88149851984367,13.067111015319822,28418828
2006-08-03,13.401213645935059,13.512580523644761,13.326968029104618,13.47545823107486,52585906
2006-08-04,13.289846420288086,13.51258121885768,13.25272412580827,13.438336629898046,32701177
2006-08-07,13.215601921081543,13.364092131699968,13.215601921081545,13.326968805277337,26290039
2006-08-08,13.438335418701172,13.43833541870117,13.252722931340644,13.252722931340644,20313838
2006-08-09,13.62394905090332,13.661072379658647,13.438337565580508,13.47545986264507,31369409
2006-08-10,13.735315322875977,13.88380552497726,13.586826152465337,13.586826152465337,45983162
2006-08-11,13.661075592041016,13.88381045849494,13.661075592041016,13.809564815216294,27071032
2006-08-14,13.661075592041016,13.88381045849494,13.586830980453376,13.661075592041016,28273849
2006-08-15,13.698196411132812,13.735318712897648,13.623950775912244,13.698196411132812,17079855
2006-08-16,13.958051681518555,13.958051681518556,13.8095614627009,13.92092938473683,53916218
2006-08-17,14.255029678344727,14.329274259195692,14.106539484952219,14.255029678344728,88819767
2006-08-18,14.143662452697754,14.366397237607684,14.143662452697752,14.329274945404466,31896142
2006-08-21,13.661075592041016,14.106545324948863,13.586830980453376,14.032300713361224,44952280
2006-08-22,13.772440910339355,13.772440910339354,13.661072982540087,13.661072982540087,22330432
2006-08-23,13.661075592041016,13.809564815216294,13.475463031380912,13.77244354111348,32205043
2006-08-24,13.62394905090332,13.661072379658647,13.512582159709632,13.549704456774196,19749220
2006-08-25,13.549704551696777,13.772440399026058,13.512582254372154,13.661072475361417,18295786
2006-08-28,13.364090919494629,13.549702376318182,13.326967596439312,13.549702376318182,24175820
2006-08-29,13.401213645935059,13.549702816214662,13.364091353365158,13.47545823107486,23796252
2006-08-30,13.62394905090332,13.735316973787771,13.47545986264507,13.512582159709632,33463957
2006-08-31,13.364090919494629,13.772438187887657,13.364090919494627,13.69819257346763,45795199
2006-09-01,13.438335418701172,13.512580000969143,13.401213127567186,13.43833541870117,41966001
2006-09-04,13.586827278137207,13.623948542124735,13.51258165508998,13.586827278137209,27590480
2006-09-05,13.512582778930664,13.623949675227797,13.475460480164953,13.623949675227797,23764924
2006-09-06,13.438335418701172,13.6239468743711,13.401213127567186,13.512580000969143,31134091
2006-09-07,13.401213645935059,13.43833593850496,13.326968029104618,13.326968029104618,25318168
2006-09-08,13.401213645935059,13.47545823107486,13.364091353365158,13.364091353365158,29814708
2006-09-11,13.364090919494629,13.549702376318182,13.364090919494627,13.40121321085934,27356619
2006-09-12,13.178482055664062,13.40121689680517,13.1042364208231,13.364094595230135,44971222
2006-09-13,13.326966285705566,13.40121189282339,13.289843997991907,13.326966285705566,29587404
2006-09-14,13.289846420288086,13.438336629898046,13.178479536848636,13.364092040938413,33008620
2006-09-15,13.252723693847656,13.364091605347861,13.215601400577805,13.252723693847654,26209899
2006-09-18,13.698196411132812,13.735318712897648,13.364094663558388,13.364094663558388,58511838
2006-09-19,13.735315322875977,13.958050110182581,13.698193030273318,13.735315322875978,41615574
2006-09-20,13.698196411132812,13.846686649883052,13.661074109367975,13.661074109367975,28355445
2006-09-21,13.772440910339355,13.883807806447813,13.698195281242906,13.809562177351363,23734326
2006-09-22,13.698196411132812,13.80956331642732,13.661074109367975,13.77244204635338,24015542
2006-09-25,13.809560775756836,13.84668410238265,13.623948269390578,13.623948269390578,24380539
2006-09-26,13.772440910339355,13.95805240385345,13.772440910339354,13.883807806447813,25505403
2006-09-27,13.958051681518555,14.069419603554488,13.883807087955105,13.883807087955105,50987493
2006-09-28,13.883806228637695,14.069418732748868,13.80956060797881,14.032296438264773,43219087
2006-09-29,13.772440910339355,13.920930105150632,13.698195281242906,13.809562177351363,45729631
2006-10-02,13.846685409545898,13.920930006425003,13.73531748253644,13.73531748253644,31624397
2006-10-03,13.920929908752441,13.958052206931535,13.77244071603607,13.809561982524368,31565386
2006-10-04,13.661075592041016,13.920932764288759,13.661075592041016,13.84668815270112,38242441
2006-10-05,13.920929908752441,13.99517450511063,13.735317386166182,13.735317386166182,55194074
2006-10-09,13.920929908752441,13.920929908752443,13.920929908752443,13.920929908752443,0
2006-10-11,13.62394905090332,13.846684896672222,13.62394905090332,13.809561567916896,46434856
2006-10-12,13.512582778930664,13.69819530445003,13.401215882633531,13.586828408152897,53015015
2006-10-13,13.661075592041016,13.698197897834836,13.586830980453376,13.62395225455619,37282227
2006-10-16,14.069417953491211,14.06941795349121,13.698192965829763,13.735315258257781,55457076
2006-10-17,13.9951753616333,14.069420994226212,13.92093076073125,14.069420994226212,35209535
2006-10-18,13.735315322875977,13.920927817579921,13.698193030273318,13.88380552497726,21404460
2006-10-19,13.586827278137207,13.809561052206718,13.549703950768231,13.698194165171962,33647549
2006-10-20,13.62394905090332,13.69819467672321,13.586827785529522,13.586827785529522,19094264
2006-10-23,13.512582778930664,13.661073005684319,13.475460480164953,13.661073005684319,27662605
2006-10-24,13.62394905090332,13.661072379658647,13.512582159709632,13.512582159709632,39786942
2006-10-25,13.438335418701172,13.586825614927713,13.43833541870117,13.549702292103127,25941797
2006-10-26,13.401213645935059,13.512580523644761,13.401213645935059,13.43833593850496,47950945
2006-10-27,13.549704551696777,13.586827880712171,13.438337659722908,13.438337659722908,21121787
2006-10-30,13.512582778930664,13.549705077696375,13.438338181399242,13.512582778930664,33898166
2006-10-31,13.772440910339355,13.772440910339354,13.512582756038,13.512582756038,48828833
2006-11-01,13.549704551696777,13.772440399026058,13.549704551696777,13.772440399026058,32980207
2006-11-02,13.62394905090332,13.661072379658647,13.47545986264507,13.47545986264507,23625774
2006-11-03,13.62394905090332,13.661072379658647,13.512582159709632,13.586827785529522,32225442
2006-11-06,13.438335418701172,13.586825614927713,13.43833541870117,13.43833541870117,20862427
2006-11-07,13.661075592041016,13.661075592041016,13.51258533717473,13.586830980453376,24033027
2006-11-08,13.512582778930664,13.661073005684319,13.512582778930664,13.661073005684319,10973246
2006-11-09,13.549704551696777,13.772440399026058,13.512582254372154,13.549704551696777,43460962
2006-11-10,13.735315322875977,13.735315322875978,13.586826152465337,13.623947413377357,23781681
2006-11-13,13.586827278137207,13.735316460850214,13.549703950768231,13.735316460850214,11569919
2006-11-14,13.735315322875977,13.772438647169277,13.661070737670657,13.661070737670657,25569514
2006-11-15,14.032299995422363,14.106544603211404,13.88380974815333,13.88380974815333,82110656
2006-11-16,14.255029678344727,14.329274259195692,14.106539484952219,14.106539484952219,67786861
2006-11-17,14.18078327178955,14.477763641945979,14.18078327178955,14.40351803356161,42998340
2006-11-20,14.106542587280273,14.255032813328937,13.958052361231614,14.180787184459202,29650058
2006-11-21,14.255029678344727,14.366396549621175,14.069417194526736,14.180784065803183,37551058
2006-11-22,14.143662452697754,14.366397237607684,14.143662452697752,14.329274945404466,19290241
2006-11-23,14.255029678344727,14.366396549621175,14.1436617753777,14.180784065803183,28531752
2006-11-24,14.774746894836426,14.774746894836426,14.217909327032354,14.292154955087375,78147407
2006-11-27,15.777052879333496,15.777052879333498,15.442950158251435,15.777052879333498,192671469
2006-11-28,15.368706703186035,15.665686119219982,15.368706703186035,15.591441523134193,121241915
2006-11-29,15.554319381713867,15.665686276963948,15.368706857939598,15.368706857939598,91170761
2006-11-30,15.702810287475586,15.777054887525997,15.554320055683915,15.628564655734326,84337798
2006-12-01,15.591438293457031,15.702806196207284,15.442948100353558,15.702806196207284,83530578
2006-12-04,15.554319381713867,15.59144168013056,15.183094334165329,15.442951454772984,48463836
2006-12-05,15.331583976745605,15.702809010183303,15.331583976745605,15.628563384481307,41697899
2006-12-06,15.405827522277832,15.55431773188522,15.331582933319481,15.442949816757006,30812077
2006-12-07,15.294462203979492,15.480074739581003,15.29446220397949,15.480074739581003,37461448
2006-12-08,15.0346040725708,15.220215551470039,14.923236153540527,15.18309325569019,45356619
2006-12-11,14.886114120483398,15.034605379896217,14.811869522467806,14.997482049197604,32921196
2006-12-12,14.366397857666016,14.774745152907057,14.292153270055161,14.774745152907057,47580847
2006-12-13,14.143662452697754,14.329274945404466,14.032295576088103,14.255030360998033,61654025
2006-12-14,14.255029678344727,14.292151968770211,14.180784065803183,14.180784065803183,33184927
2006-12-15,14.255029678344727,14.477764452588202,14.180784065803183,14.329274259195692,51375075
2006-12-18,14.403518676757812,14.440641998453017,14.2921518067439,14.329274096748538,24381268
2006-12-19,14.366397857666016,14.440643476967542,14.329275563860588,14.403520151471442,16781155
2006-12-20,14.55201244354248,14.552012443542482,14.366399916228245,14.403522215352927,20691949
2006-12-21,14.589132308959961,14.737622512378906,14.477765430163737,14.477765430163737,27240053
2006-12-22,14.700499534606934,14.700499534606934,14.514887046902887,14.626253920510955,13879386
2006-12-25,14.514886856079102,14.700499341342944,14.514886856079102,14.700499341342944,9568624
2006-12-26,14.774746894836426,14.81186919301854,14.514889775870843,14.514889775870843,23876391
2006-12-27,14.811866760253906,14.960356960284484,14.811866760253908,14.848990084029522,27343317
2006-12-28,14.96036148071289,15.03460711900758,14.8861158424182,14.960361480712889,32852713766
2006-12-29,15.0346040725708,15.034604072570799,14.848991561980831,14.960358449320376,26136317
2007-01-02,15.14596939086914,15.257336266671674,15.03460251506661,15.183091682803319,27186870
2007-01-03,14.923237800598145,15.331585162626673,14.923237800598145,15.145972631550903,38309466
2007-01-04,15.0346040725708,15.220215551470039,14.923236153540527,14.997480745100223,31763548
2007-01-05,14.848993301391602,15.18309503423763,14.737625369315692,15.034605833724216,37265471
2007-01-08,14.626254081726074,14.848989894778473,14.626254081726074,14.774744279864136,41413769
2007-01-09,14.700499534606934,14.886110990620379,14.589131629308266,14.737621825809622,32649451
2007-01-10,14.366397857666016,14.58913265218925,14.292153270055161,14.58913265218925,48720281
2007-01-11,14.366397857666016,14.552010358383823,14.292153270055161,14.366397857666014,46523009
2007-01-12,14.923237800598145,15.034605731919944,14.552012738446601,14.552012738446601,58540251
2007-01-15,15.0346040725708,15.108848664130495,14.848991561980831,15.071725336659918,30132351
2007-01-16,14.923237800598145,15.108850331673915,14.886114469030316,15.034605731919944,16174282
2007-01-17,14.848993301391602,14.886114569829106,14.737625369315692,14.848993301391602,23928117
2007-01-18,14.774746894836426,14.848992522891447,14.663380000290088,14.774746894836426,26333022
2007-01-19,14.55201244354248,14.700502671732036,14.514890144417798,14.700502671732036,26974865
2007-01-22,14.55201244354248,14.737624970856718,14.477767845293116,14.700502671732036,23273161
2007-01-23,14.55201244354248,14.626257041791847,14.477767845293116,14.552012443542482,12904601
2007-01-24,15.554319381713867,15.554319381713867,15.554319381713867,15.554319381713867,30271501
2007-01-25,16.036911010742188,16.630870868860562,15.962666415361433,16.630870868860562,281338243
2007-01-26,15.66568374633789,15.925541856659011,15.591439161497934,15.739929362868484,71254705
2007-01-29,15.702810287475586,15.851299487576409,15.591442355709122,15.73993258750079,31526045
2007-01-30,15.405827522277832,15.739930235971784,15.40582752227783,15.702807941492608,42073825
2007-01-31,15.331583976745605,15.59144108747569,15.220216054037992,15.442950867762457,28889464
2007-02-01,15.294462203979492,15.442952438798873,15.257339903197362,15.368707837234616,16196867
2007-02-02,15.331583976745605,15.517196493464455,15.331583976745605,15.40582857075684,34600477
2007-02-05,15.220216751098633,15.442951575023985,15.183094452392876,15.294461348510147,30606629
2007-02-06,15.294462203979492,15.368707837234616,15.220217602415234,15.220217602415234,34849637
2007-02-07,15.183094024658203,15.331584246988808,15.183094024658203,15.294460917638071,30833933
2007-02-08,14.997482299804688,15.331585059839325,14.96036000017658,15.257339428892275,38672279
2007-02-09,15.294462203979492,15.29446220397949,15.03460609850459,15.071727367595852,29071599
2007-02-12,15.14596939086914,15.220213974737495,15.03460251506661,15.183091682803319,23669486
2007-02-13,14.811866760253906,15.145969452400049,14.811866760253908,15.071723836539448,37765977
2007-02-14,14.848993301391602,14.923237901648308,14.811869969572399,14.923237901648308,56932367
2007-02-26,14.923237800598145,15.183094931427888,14.886114469030316,15.145972631550903,63009835
2007-02-27,14.997482299804688,15.257339428892275,14.997482299804688,15.03460563112363,50640709
2007-03-01,14.589132308959961,14.77474480531098,14.552010016027886,14.700500219446832,72484477
2007-03-02,14.55201244354248,14.626257041791847,14.403522215352927,14.403522215352927,44822600
2007-03-05,13.846685409545898,14.403521949520785,13.73531748253644,14.403521949520785,58393086
2007-03-06,14.106542587280273,14.180787184459202,13.883807764052685,13.883807764052685,40564293
2007-03-07,14.069417953491211,14.29215273974995,13.958050044516522,14.29215273974995,42857004
2007-03-08,14.106542587280273,14.180787184459202,13.92093006264215,14.106542587280275,36615614
2007-03-09,14.143662452697754,14.255030360998033,14.032295576088103,14.18078474490097,28029060
2007-03-12,14.18078327178955,14.255028880173919,14.143660983442627,14.217905560136474,10074958
2007-03-13,14.55201244354248,14.552012443542482,14.255033018854194,14.292155317978878,32146759
2007-03-14,14.18078327178955,14.292151168520842,14.143660983442627,14.217905560136474,25921398
2007-03-15,14.366397857666016,14.440643476967542,14.292153270055161,14.292153270055161,17495122
2007-03-16,14.292152404785156,14.477764894265684,14.217906789978578,14.403519279459106,29690856
2007-03-19,14.217906951904297,14.329274859537211,14.180784659923532,14.292152567556446,18090338
2007-03-20,14.217906951904297,14.366397151517974,14.143662367942769,14.292152567556446,26993078
2007-03-21,14.329276084899902,14.440644002056402,14.255031494589376,14.329276084899902,21245638
2007-03-22,14.55201244354248,14.626257041791847,14.477767845293116,14.589134742667165,54105638
2007-03-23,14.477766990661621,14.589133881461613,14.403521365104197,14.552011584528282,24030112
2007-03-26,14.440644264221191,14.589133447538012,14.440644264221191,14.552011151708808,16989517
2007-03-27,14.440644264221191,14.552011151708808,14.403520936701256,14.440644264221191,29518193
2007-03-28,14.292152404785156,14.440642602707701,14.255030113227173,14.403519279459106,31682680
2007-03-29,14.255029678344727,14.292151968770211,14.180784065803183,14.217906356228665,51832597
2007-03-30,14.18078327178955,14.255028880173919,14.106538695095704,14.255028880173919,38325494
2007-04-02,14.18078327178955,14.292151168520842,14.106538695095704,14.143660983442627,30677297
2007-04-03,14.217906951904297,14.217906951904297,14.143662367942769,14.180784659923532,22777026
2007-04-04,14.329276084899902,14.366398380055164,14.292153789744638,14.329276084899902,27639292
2007-04-09,14.403518676757812,14.514886578462292,14.366396386753175,14.403518676757812,28720443
2007-04-10,14.477766990661621,14.47776699066162,14.366399068170866,14.44064469372829,38055206
2007-04-11,14.477766990661621,14.700501803952367,14.47776699066162,14.51488928759495,48509005
2007-04-12,14.366397857666016,14.440643476967542,14.329275563860588,14.403520151471442,31196017
2007-04-13,14.18078327178955,14.440641353599055,14.18078327178955,14.366395745214687,29188165
2007-04-16,14.255029678344727,14.329274259195692,14.1436617753777,14.255029678344728,30737766
2007-04-17,14.18078327178955,14.329273456867764,14.143660983442627,14.255028880173919,20998664
2007-04-18,14.292152404785156,14.292152404785156,14.143662206862611,14.143662206862611,12711539
2007-04-19,14.106542587280273,14.255032813328937,14.106542587280275,14.255032813328937,27631278
2007-04-20,14.143662452697754,14.18078474490097,14.106540160494536,14.106540160494536,11480309
2007-04-23,14.18078327178955,14.329273456867764,14.18078327178955,14.18078327178955,17905289
2007-04-24,14.217906951904297,14.292152567556446,14.143662367942769,14.180784659923532,17993443
2007-04-25,14.143662452697754,14.29215265320125,14.143662452697752,14.255030360998033,21488242
2007-04-26,14.143662452697754,14.29215265320125,14.143662452697752,14.29215265320125,17424454
2007-04-27,14.143662452697754,14.29215265320125,14.143662452697752,14.217907037104187,24594001
2007-04-30,14.18078327178955,14.217905560136474,14.106538695095704,14.217905560136474,18691382
2007-05-02,14.255029678344727,14.255029678344728,14.180784065803183,14.180784065803183,19937912
2007-05-03,14.403518676757812,14.477764288457655,14.329274096748538,14.403518676757812,41018172
2007-05-04,14.55201244354248,14.552012443542482,14.440645546168431,14.477767845293116,42152507
2007-05-07,14.626254081726074,14.663377405028548,14.58913179011421,14.626254081726074,41203950
2007-05-08,14.589132308959961,14.700500219446832,14.58913230895996,14.663377926514757,20777917
2007-05-09,14.477766990661621,14.626256178394945,14.44064469372829,14.589133881461613,17131582
2007-05-10,14.55201244354248,14.589134742667165,14.477767845293116,14.552012443542482,20067592
2007-05-11,14.329276084899902,14.403520675210428,14.329276084899902,14.366398380055164,19751406
2007-05-14,14.55201244354248,14.589134742667165,14.366399916228245,14.366399916228245,26236855
2007-05-15,14.366397857666016,14.477765770772969,14.329275563860588,14.440643476967542,18139879
2007-05-16,14.329276084899902,14.403520675210428,14.255031494589376,14.329276084899902,15692718
2007-05-17,14.329276084899902,14.477766297211666,14.292153789744638,14.329276084899902,36138422
2007-05-18,14.255029678344727,14.329274259195692,14.180784065803183,14.292151968770211,27061561
2007-05-21,14.329276084899902,14.366398380055164,14.069418987122349,14.069418987122349,109237058
2007-05-22,14.329276084899902,14.366398380055164,14.255031494589376,14.255031494589376,34033674
2007-05-23,14.700499534606934,14.960356604716358,14.36639685040153,14.36639685040153,88344031
2007-05-24,14.626254081726074,14.811866571476,14.552009498502349,14.737621988252274,30428866
2007-05-25,14.477766990661621,14.552011584528282,14.329276771237534,14.51488928759495,50898611
2007-05-28,14.514886856079102,14.589131437508403,14.440642274649798,14.514886856079102,10475654
2007-05-29,14.403518676757812,14.626253448476202,14.403518676757812,14.514886578462292,11119682
2007-05-30,14.403518676757812,14.440641998453017,14.255029516739263,14.403518676757812,24878131
2007-05-31,14.255029678344727,14.552009033439168,14.255029678344728,14.514886743013685,42553932
2007-06-01,14.477766990661621,14.51488928759495,14.366399068170866,14.403521365104197,17230663
2007-06-04,14.737625122070312,14.774747421575885,14.626257191862765,14.626257191862765,41859634
2007-06-05,14.774746894836426,14.848992522891447,14.626256670417181,14.848992522891447,22522038
2007-06-06,14.848993301391602,14.96036020177666,14.626257437239783,14.737625369315692,39372404
2007-06-07,14.811866760253906,14.886111344423883,14.663377591913957,14.737622176083931,28872708
2007-06-08,14.626254081726074,14.663377405028548,14.552009498502349,14.663377405028548,26037236
2007-06-11,14.848993301391602,14.923237901648308,14.663380769058985,14.700503069187338,47899218
2007-06-12,14.700499534606934,14.886110990620379,14.700499534606934,14.84898973110829,27173027
2007-06-13,14.589132308959961,14.626254601892034,14.552010016027886,14.552010016027886,23028372
2007-06-14,14.848993301391602,15.034605833724216,14.737625369315692,14.737625369315692,58971546
2007-06-15,14.737625122070312,14.8861143200926,14.737625122070312,14.84899305227786,31862629
2007-06-20,15.071722984313965,15.071722984313967,14.848989244398444,15.034601726018613,124746185
2007-06-21,14.96036148071289,15.14597402891321,14.8861158424182,15.14597402891321,59912818
2007-06-22,14.886114120483398,15.071726647213195,14.84899285316642,14.997482049197604,36010928
2007-06-25,14.848993301391602,14.997482501905015,14.774747669444045,14.774747669444045,40511110
2007-06-26,14.737625122070312,14.8861143200926,14.700502822564742,14.84899305227786,34043145
2007-06-27,14.737625122070312,14.84899305227786,14.700502822564742,14.737625122070312,24306957
2007-06-28,14.848993301391602,14.96036020177666,14.774747669444045,14.848993301391602,44731533
2007-06-29,14.737625122070312,14.8861143200926,14.737625122070312,14.84899305227786,29683571
2007-07-02,14.848993301391602,14.848993301391602,14.663380769058985,14.737625369315692,19624640
2007-07-03,14.811866760253906,14.886111344423883,14.77474446816892,14.848990084029522,30804063
2007-07-04,14.886114120483398,14.960359750189808,14.811869522467806,14.84899285316642,43702108
2007-07-05,14.96036148071289,14.960361480712889,14.811871235814445,14.8861158424182,35421540
2007-07-06,15.554319381713867,15.59144168013056,14.923237213557673,14.960359511974367,103015339
2007-07-09,15.591438293457031,15.777050776913732,15.480070390706782,15.702806196207284,119952402
2007-07-10,15.405827522277832,15.517195437406045,15.071724808583879,15.294459607149616,100877079
2007-07-11,15.10884952545166,15.294461014932187,15.108849525451658,15.294461014932187,40665560
2007-07-12,15.0346040725708,15.18309325569019,14.997480745100223,15.108848664130495,46646132
2007-07-13,15.10884952545166,15.257338717036081,15.034604929659448,15.220216419139977,45280851
2007-07-16,14.886114120483398,15.10884997791181,14.84899285316642,15.071726647213195,47642044
2007-07-17,14.848993301391602,14.96036020177666,14.737625369315692,14.96036020177666,34384101
2007-07-18,14.737625122070312,14.84899305227786,14.700502822564742,14.84899305227786,47653701
2007-07-19,14.848993301391602,15.034605833724216,14.663380769058985,14.663380769058985,35417897
2007-07-20,14.886114120483398,14.960359750189808,14.700502625444418,14.923237451182011,39263852
2007-07-23,14.66337776184082,14.77474463938636,14.66337776184082,14.77474463938636,38897397
2007-07-24,14.848993301391602,14.848993301391602,14.700503069187338,14.737625369315692,36193791
2007-07-25,14.66337776184082,14.811866931901541,14.626254437635003,14.66337776184082,68610110
2007-07-26,14.477766990661621,14.737624100885698,14.403521365104197,14.663379507019036,48205204
2007-07-27,13.62394905090332,14.069419710750362,13.586827785529522,14.069419710750362,111475856
2007-07-30,13.586827278137207,13.623948542124735,13.401214768055224,13.438337063733476,65035900
2007-07-31,13.586827278137207,13.883806675253945,13.549703950768231,13.883806675253945,59392641
2007-08-01,13.141357421875,13.586828091762486,13.141357421874998,13.586828091762486,87029020
2007-08-02,13.512582778930664,13.661073005684319,13.252725655879876,13.586828408152897,75400088
2007-08-03,13.512582778930664,13.661073005684319,13.512582778930664,13.586828408152897,60416966
2007-08-06,13.252723693847656,13.40121389861771,13.178479107307956,13.215601400577805,39854697
2007-08-07,13.289846420288086,13.475458924377863,13.25272412580827,13.438336629898046,46607520
2007-08-08,13.62394905090332,13.62394905090332,13.364092971451383,13.438337565580508,31335896
2007-08-09,14.069417953491211,14.06941795349121,13.809559843113817,13.920927752088504,59952887
2007-08-10,13.62394905090332,13.735316973787771,13.47545986264507,13.69819467672321,60019913
2007-08-13,13.735315322875977,13.8095599080813,13.549702828172036,13.8095599080813,25110535
2007-08-14,13.586827278137207,13.809561052206718,13.549703950768231,13.809561052206718,22941676
2007-08-15,13.289846420288086,13.438336629898046,13.25272412580827,13.438336629898046,46399886
2007-08-16,13.029989242553711,13.215601745437148,12.992866948315159,13.141356125269361,74682478
2007-08-17,12.73300838470459,13.029988791718907,12.62164150584221,12.99286649876478,67145748
2007-08-20,13.326966285705566,13.40121189282339,13.178477134850928,13.36408960510973,41485894
2007-08-21,13.141357421875,13.438337868466657,13.067112826072478,13.364093272664135,33499655
2007-08-22,13.178482055664062,13.326971261964209,13.141358722398136,13.141358722398136,16487554
2007-08-23,13.586827278137207,13.623948542124735,13.475459359411728,13.549703950768231,40918363
2007-08-24,13.586827278137207,13.66107186949371,13.51258165508998,13.66107186949371,27371918
2007-08-27,13.549704551696777,13.735317070010664,13.512582254372154,13.735317070010664,22790140
2007-08-28,13.549704551696777,13.586827880712171,13.36409306507366,13.549704551696777,13988667
2007-08-29,13.215601921081543,13.289846510545406,13.141356299926983,13.215601921081545,31217873
2007-08-30,13.512582778930664,13.549705077696375,13.401215882633531,13.512582778930664,28245436
2007-08-31,13.735315322875977,13.735315322875978,13.438335950364054,13.512580535569375,37307726
2007-09-03,13.661075592041016,13.77244354111348,13.586830980453376,13.735320203628655,14862913
2007-09-04,13.661075592041016,13.809564815216294,13.661075592041016,13.735320203628655,25401222
2007-09-05,13.661075592041016,13.88381045849494,13.62395225455619,13.809564815216294,18354069
2007-09-06,13.62394905090332,13.846684896672222,13.512582159709632,13.661072379658647,34406686
2007-09-07,13.735315322875977,13.8095599080813,13.661070737670657,13.735315322875978,19815517
2007-09-10,13.586827278137207,13.698194165171962,13.51258165508998,13.698194165171962,24308414
2007-09-11,13.661075592041016,13.698197897834836,13.549707642968551,13.586830980453376,21166228
2007-09-12,13.735315322875977,13.8095599080813,13.698193030273318,13.735315322875978,40385073
2007-09-13,13.62394905090332,13.809561567916896,13.586827785529522,13.809561567916896,17925689
2007-09-14,14.032299995422363,14.069422299316884,13.69819719698978,13.735319500884298,46888007
2007-09-17,13.920929908752441,14.255032655745872,13.809561982524368,14.106542431338704,52529080
2007-09-18,13.920929908752441,13.920929908752443,13.920929908752443,13.920929908752443,0
2007-09-19,14.255029678344727,14.292151968770211,14.032294904101253,14.180784065803183,181064394
2007-09-20,14.255029678344727,14.255029678344728,14.255029678344728,14.255029678344728,0
2007-09-21,14.255029678344727,14.255029678344728,14.255029678344728,14.255029678344728,0
2007-09-26,14.255029678344727,14.255029678344728,14.255029678344728,14.255029678344728,0
2007-09-27,14.255029678344727,14.255029678344728,14.255029678344728,14.255029678344728,0
2007-09-28,14.255029678344727,14.255029678344728,14.255029678344728,14.255029678344728,0
2007-10-01,14.255029678344727,14.255029678344728,14.255029678344728,14.255029678344728,0
2007-10-02,14.255029678344727,14.255029678344728,14.255029678344728,14.255029678344728,0
2007-10-03,14.255029678344727,14.255029678344728,14.255029678344728,14.255029678344728,0
2007-10-04,14.255029678344727,14.255029678344728,14.255029678344728,14.255029678344728,0
2007-10-05,14.255029678344727,14.255029678344728,14.255029678344728,14.255029678344728,0
2007-10-08,14.255029678344727,14.255029678344728,14.255029678344728,14.255029678344728,0
2007-10-09,12.137968063354492,12.784980509830064,12.137968063354492,12.784980509830064,220399905
2007-10-11,11.594473838806152,12.215607213345082,11.594473838806152,12.1379652836051,108019560
2007-10-12,11.025103569030762,11.387431236048572,10.999223610924105,11.387431236048572,98307330
2007-10-15,10.89570140838623,11.128626205296998,10.89570140838623,11.050985294120505,72752900
2007-10-16,11.076866149902344,11.102747143514991,10.86982232776408,10.86982232776408,35638680
2007-10-17,11.025103569030762,11.050984558827997,10.895700683425748,10.999223610924105,33768130
2007-10-18,11.076866149902344,11.128627105436909,10.973344238833212,11.102747143514991,41568010
2007-10-19,10.973343849182129,11.076865756575312,10.973343849182127,11.076865756575312,24720520
2007-10-22,10.55925464630127,10.559254646301268,10.429851752851924,10.559254646301268,56633775
2007-10-23,10.636897087097168,10.68865804056402,10.585136133630316,10.611016094518398,31207880
2007-10-24,10.55925464630127,10.792179441833834,10.559254646301268,10.766299482158349,30101225
2007-10-25,10.636897087097168,10.66277704798525,10.507494187584694,10.611016094518398,22243870
2007-10-26,10.86982250213623,10.86982250213623,10.740419595378588,10.818061545771322,44976800
2007-10-29,11.309791564941406,11.387433518202744,11.20626964838681,11.387433518202744,90280685
2007-10-30,11.076866149902344,11.387432914800465,11.076866149902344,11.387432914800465,47737690
2007-10-31,10.999225616455078,11.23215044033795,10.9215836645972,11.102747531138407,38650370
2007-11-01,10.55925464630127,10.766299482158349,10.559254646301268,10.636896588709003,68836240
2007-11-02,10.222806930541992,10.300448865216957,10.17104598465553,10.300448865216957,71664010
2007-11-05,10.17104721069336,10.300450106853264,10.093406298349946,10.300450106853264,46709410
2007-11-06,10.196928024291992,10.300450968898149,10.171048061908515,10.171048061908515,30950810
2007-11-07,10.196928024291992,10.352211925355853,10.196928024291994,10.352211925355853,39125845
2007-11-08,10.015765190124512,10.093407140637753,9.989884196056517,10.041645152501761,57988095
2007-11-09,9.964003562927246,10.041644476523146,9.938122570601495,9.938122570601495,40833375
2007-11-12,9.756959915161133,9.88636282926756,9.73107995135433,9.88636282926756,60442800
2007-11-13,9.78283977508545,9.808719735888157,9.67931683680257,9.731078821789353,46373965
2007-11-14,10.041644096374512,10.119286038721782,9.964003185717878,10.093406079066451,64506805
2007-11-15,10.015765190124512,10.067526146569758,9.912242245543275,10.041645152501761,43288080
2007-11-16,9.938122749328613,9.989883703220308,9.860481834336419,9.989883703220308,32587280
2007-11-19,10.611015319824219,10.611015319824219,9.989882891879247,10.04164384156711,114270750
2007-11-20,10.611015319824219,10.662776269512083,10.171046731632075,10.352210571384903,92922445
2007-11-21,10.455733299255371,10.559255206833999,10.378091352726052,10.559255206833999,60418765
2007-11-22,10.300450325012207,10.559255091122722,10.196927386877316,10.50749413790062,33037675
2007-11-23,10.196928024291992,10.403972881813559,10.196928024291994,10.326330931281628,20392130
2007-11-26,10.32632827758789,10.45573115132315,10.32632827758789,10.45573115132315,45258950
2007-11-27,9.912240982055664,10.093405854057528,9.912240982055664,10.093405854057528,47051125
2007-11-28,9.808720588684082,9.938123499020296,9.782840625631303,9.938123499020296,31226690
2007-11-29,9.912240982055664,9.98988292267209,9.834600073129854,9.98988292267209,41484410
2007-11-30,9.989884376525879,10.041645333906196,9.91224242461002,9.93812341914556,39465470
2007-12-03,9.989884376525879,10.01576537106142,9.860482498920467,9.989884376525879,20508125
2007-12-04,9.989884376525879,9.989884376525879,9.886362461765243,9.886362461765243,15695900
2007-12-05,9.886362075805664,9.964004024690412,9.834601120446072,9.886362075805664,44975755
2007-12-06,10.067524909973145,10.067524909973145,9.964003009798276,9.989882968996683,43353915
2007-12-07,10.093406677246094,10.300450493521625,10.093406677246094,10.145166599624277,44601645
2007-12-10,10.067524909973145,10.119285860060579,10.041643919084118,10.119285860060579,20266730
2007-12-11,10.248687744140625,10.248687744140623,10.067523920789528,10.067523920789528,22100705
2007-12-12,9.964003562927246,10.041644476523146,9.938122570601495,9.989883523562321,31636330
2007-12-13,9.808720588684082,9.989884456816627,9.782840625631303,9.938123499020296,39987970
2007-12-14,9.912240982055664,9.938121972824678,9.679316191897005,9.731078173435032,53793465
2007-12-17,9.989884376525879,10.041645333906196,9.886362461765243,10.01576537106142,44382195
2007-12-18,9.938122749328613,10.015764696011503,9.653436987078944,9.679316948179443,50772370
2007-12-19,9.938122749328613,10.041644657112002,9.834600841545223,10.041644657112002,33647955
2007-12-20,10.015765190124512,10.067526146569758,9.938123239611272,9.938123239611272,26179340
2007-12-21,10.11928653717041,10.171047490721316,9.938122683896898,9.938122683896898,31565270
2007-12-24,10.300450325012207,10.352211278234309,10.248689371790103,10.274569332555814,38931475
2007-12-25,10.11928653717041,10.300450390443924,10.093406576240302,10.300450390443924,7915875
2007-12-26,10.27457046508789,10.27457046508789,10.041645634068548,10.11928758830526,15902810
2007-12-27,10.32632827758789,10.352209265011135,10.274567334431882,10.300448321855127,36509165
2007-12-28,10.403971672058105,10.481613613561967,10.30044977118004,10.30044977118004,51219630
2007-12-31,10.429853439331055,10.481615430433079,10.378092479919838,10.429853439331055,16342755
2008-01-02,10.145167350769043,10.37809217717004,10.119287387663807,10.352212214064803,40000510
2008-01-03,10.015765190124512,10.093407140637753,9.938123239611272,9.964004233679267,31792035
2008-01-04,9.912240982055664,9.96400296359369,9.782839123282443,9.860481063898868,29463775
2008-01-07,9.446393013000488,9.679317842888912,9.42051304950777,9.575795925536454,40214735
2008-01-08,9.265229225158691,9.549914984585012,9.23934823262417,9.498154031206653,38163400
2008-01-09,9.446393013000488,9.446393013000488,9.1099472974504,9.265230173479086,35346080
2008-01-10,9.420512199401855,9.446392160559169,9.316990291391203,9.446392160559169,29842065
2008-01-11,9.627557754516602,9.756959633192611,9.627557754516602,9.627557754516602,34722215
2008-01-14,9.834600448608398,9.98988330407923,9.705197553204046,9.808719456851266,52466315
2008-01-15,9.989884376525879,10.19692820604715,9.91224242461002,9.93812341914556,42697655
2008-01-16,9.54991626739502,9.886363025393527,9.524035271383985,9.808721069051247,33775445
2008-01-17,9.627557754516602,9.731079670133719,9.472273849400153,9.498154844149818,22388080
2008-01-18,9.524035453796387,9.524035453796387,9.316991608505926,9.420513531151157,45972685
2008-01-21,9.394632339477539,9.575795164602972,9.368751346350644,9.575795164602972,21055705
2008-01-22,8.954663276672363,9.109947182431277,8.85114136062694,8.877022355483685,53778835
2008-01-23,8.851140975952148,9.239348660096185,8.851140975952148,9.239348660096185,67345025
2008-01-24,9.006424903869629,9.161708821166089,8.954663942001094,9.135827824386393,30365610
2008-01-25,9.109947204589844,9.187588125967373,9.058185214750452,9.13582716781876,42762445
2008-01-28,8.928783416748047,9.032305333990474,8.82526046781483,8.954663380213258,49099325
2008-01-29,9.21346664428711,9.21346664428711,9.032303835023358,9.084064785054517,31952965
2008-01-30,9.21346664428711,9.316989576040049,9.135825735085678,9.21346664428711,26668400
2008-01-31,8.980542182922363,8.980542182922363,8.5923340563469,8.851139302115453,76404130
2008-02-01,8.954663276672363,9.006424234695075,8.877022355483685,9.006424234695075,25652660
2008-02-12,8.773499488830566,8.928783396024585,8.695858566924343,8.851141442427576,32768065
2008-02-13,8.877021789550781,9.006423660512471,8.773498848414434,8.9287827442736,25339160
2008-02-14,9.420512199401855,9.47227315340718,9.006423535668551,9.006423535668551,57338105
2008-02-15,9.291109085083008,9.342870037899143,9.213467140013469,9.342870037899143,19926060
2008-02-18,9.31698989868164,9.42051180232886,9.26522894685803,9.31698989868164,18446340
2008-02-19,9.524035453796387,9.549916450303115,9.394633566335271,9.420513531151157,22215655
2008-02-20,9.31698989868164,9.472272754152472,9.161707043210809,9.472272754152472,23210495
2008-02-21,9.472273826599121,9.498154821286489,9.316990953547233,9.342870916543829,16465020
2008-02-22,9.36875057220459,9.36875057220459,9.265228671632508,9.342869581216258,11724900
2008-02-25,9.31698989868164,9.472272754152472,9.291108906924508,9.394631842262383,25912865
2008-02-26,9.446393013000488,9.472274008183998,9.394633086015052,9.394633086015052,19183065
2008-02-27,9.67931842803955,9.67931842803955,9.472274580818071,9.498155577566184,44664345
2008-02-29,9.498153686523438,9.679316500928046,9.446391703332809,9.472272694928124,28513870
2008-03-03,9.342869758605957,9.342869758605957,9.213466864588616,9.316989798816874,25209580
2008-03-04,9.342869758605957,9.420511701354489,9.213466864588616,9.265228847548068,31522425
2008-03-05,9.239350318908691,9.3428722490411,9.187589353842485,9.291111283974896,29908945
2008-03-06,9.472273826599121,9.472273826599121,9.239349001175903,9.239349001175903,39625355
2008-03-07,9.31698989868164,9.42051180232886,9.291108906924508,9.31698989868164,20725485
2008-03-10,9.13582706451416,9.213467985013752,9.006424154760479,9.13582706451416,42393560
2008-03-11,9.032304763793945,9.032304763793945,8.928782853086709,8.954662814918155,38391210
2008-03-12,9.18758773803711,9.291109649963298,9.135826782074014,9.26522968782712,28580750
2008-03-13,9.032304763793945,9.187587629854796,8.980543808440327,9.16170766802335,23094500
2008-03-14,8.928783416748047,9.135827251232898,8.902902421592046,9.109947287767687,28961130
2008-03-17,8.695858001708984,8.799379911982397,8.59233557559021,8.799379911982397,57077900
2008-03-18,8.980542182922363,9.006422140069423,8.825258313277855,8.928781236937708,48526665
2008-03-19,9.239350318908691,9.239350318908691,9.109948422088637,9.161709387154842,43336150
2008-03-20,9.21346664428711,9.239347635148,9.058183794193628,9.161706725946567,28306960
2008-03-21,9.498153686523438,9.524033646428105,9.2652288889282,9.2652288889282,70018135
2008-03-24,9.860482215881348,10.145166957456013,9.756959272401511,10.145166957456013,92355010
2008-03-25,9.912240982055664,10.067524863288513,9.834600073129854,10.067524863288513,54473760
2008-03-26,9.938122749328613,9.964003742119807,9.860481834336419,9.912241756537417,33620785
2008-03-27,9.834600448608398,9.834600448608398,9.653436601380434,9.834600448608398,27306895
2008-03-28,9.756959915161133,9.88636282926756,9.73107995135433,9.808720874465543,30861985
2008-03-31,9.67931842803955,9.67931842803955,9.472274580818071,9.653438462982294,24413290
2008-04-01,9.601675987243652,9.73107888719905,9.601675987243652,9.67931690186434,17923840
2008-04-02,9.938122749328613,9.938122749328613,9.756958894862333,9.756958894862333,40882490
2008-04-03,9.834600448608398,9.938122352255618,9.782839496784788,9.938122352255618,14920510
2008-04-07,9.860482215881348,9.886362177983257,9.756959272401511,9.834601222088706,19314735
2008-04-08,9.575794219970703,9.782839049489198,9.575794219970703,9.782839049489198,37816460
2008-04-09,9.446393013000488,9.627557915903473,9.42051304950777,9.498155003367508,37499825
2008-04-10,9.601675987243652,9.62755697991101,9.368751180000213,9.394632172667569,23637900
2008-04-11,9.498153686523438,9.627556581118714,9.472272694928124,9.627556581118714,25435300
2008-04-14,9.498153686523438,9.498153686523438,9.420511743428143,9.472272694928124,21833185
2008-04-15,9.498153686523438,9.524033646428105,9.446391703332809,9.472272694928124,17703345
2008-04-16,9.808720588684082,9.808720588684082,9.601676757498756,9.679317678347868,50070130
2008-04-17,9.964003562927246,10.041644476523146,9.886361617640668,10.015764515888073,76365465
2008-04-18,9.808720588684082,9.964004493763849,9.756959630887751,9.964004493763849,32253925
2008-04-21,9.834600448608398,9.912241360498486,9.782839496784788,9.808719456851266,34400355
2008-04-22,9.7310791015625,9.886361965915249,9.705198108325018,9.834601011131,22096525
2008-04-23,9.7310791015625,9.86048200436848,9.679317115087537,9.78284005634675,16338575
2008-04-24,9.67931842803955,9.834602345146514,9.67931842803955,9.834602345146514,14556850
2008-04-25,9.834600448608398,9.834600448608398,9.679316561446912,9.705197553204046,17736785
2008-04-28,9.938122749328613,9.938122749328613,9.808719848754029,9.886361795436917,28781390
2008-04-29,9.653436660766602,9.938122413393119,9.653436660766602,9.938122413393119,28866035
2008-04-30,9.627557754516602,9.731079670133719,9.601676759766935,9.627557754516602,24806210
2008-05-02,9.808720588684082,9.860482578171187,9.731079667834972,9.731079667834972,39765385
2008-05-05,9.7310791015625,9.886361965915249,9.653437153540768,9.86048200436848,24408065
2008-05-06,9.808720588684082,9.808720588684082,9.653437715295087,9.679317678347868,10945330
2008-05-07,9.756959915161133,9.860482865460757,9.756959915161133,9.83460186996315,13204620
2008-05-08,9.627557754516602,9.679317680634387,9.57579576501727,9.653437717575494,17111875
2008-05-09,9.67931842803955,9.705199424787663,9.52403554262344,9.705199424787663,18376325
2008-05-12,9.808720588684082,9.834601583427634,9.627557752242309,9.653437715295087,30437715
2008-05-13,9.886362075805664,9.886362075805664,9.73107920972689,9.834601120446072,23509365
2008-05-14,9.808720588684082,9.860482578171187,9.782840625631303,9.860482578171187,14494150
2008-05-15,9.938122749328613,9.938122749328613,9.834600841545223,9.860481834336419,30450255
2008-05-16,10.32632827758789,10.352209265011135,9.9898816312286,10.015762618651845,136961880
2008-05-19,10.50749397277832,10.50749397277832,10.352211115552237,10.352211115552237,82254040
2008-05-20,10.145167350769043,10.507495087768543,10.119287387663807,10.507495087768543,48554880
2008-05-21,9.912240982055664,10.093405854057528,9.912240982055664,10.067524863288513,38243865
2008-05-22,9.808720588684082,9.834601583427634,9.731079667834972,9.834601583427634,30349935
2008-05-23,9.7310791015625,9.86048200436848,9.705198108325018,9.808720017893517,24508385
2008-05-26,9.575794219970703,9.705197109458437,9.575794219970703,9.679316118884648,23434125
2008-05-27,9.627557754516602,9.705198675384054,9.57579576501727,9.627557754516602,14024945
2008-05-28,9.575794219970703,9.705197109458437,9.575794219970703,9.627556201118283,20959565
2008-05-29,9.575794219970703,9.679316118884648,9.575794219970703,9.601675210544494,23608640
2008-05-30,9.78283977508545,9.782839775085451,9.47227302361818,9.67931683680257,54039040
2008-06-02,9.78283977508545,9.782839775085451,9.67931683680257,9.705197829295962,20886415
2008-06-03,9.498153686523438,9.65343654102338,9.472272694928124,9.65343654102338,29773095
2008-06-04,9.498153686523438,9.549914638023418,9.420511743428143,9.472272694928124,30143025
2008-06-05,9.54991626739502,9.57579623171523,9.342871394379214,9.446393315041705,36037870
2008-06-06,9.627557754516602,9.679317680634387,9.601676759766935,9.679317680634387,17935335
2008-06-09,9.36875057220459,9.446391481788337,9.36875057220459,9.394631563192922,23310815
2008-06-10,9.239350318908691,9.394634245798224,9.239350318908691,9.394634245798224,43229560
2008-06-11,9.16170883178711,9.265230755644192,9.13582783497741,9.265230755644192,24725745
2008-06-12,8.7993803024292,8.98054416929165,8.7993803024292,8.98054416929165,46265285
2008-06-13,8.7993803024292,8.928783211858201,8.7993803024292,8.928783211858201,31162945
2008-06-16,8.7993803024292,8.902902217296095,8.747619344995751,8.7993803024292,27701905
2008-06-17,8.7993803024292,8.851141259862647,8.747619344995751,8.825260265300539,17814115
2008-06-18,8.7993803024292,8.851141259862647,8.773499307867091,8.7993803024292,14481610
2008-06-19,8.644097328186035,8.721738768053887,8.644097328186035,8.721738768053887,53901100
2008-06-20,8.669978141784668,8.773500065592257,8.644097660832772,8.747620100485788,16110765
2008-06-23,8.644097328186035,8.773499727965788,8.592336368274132,8.618216848230084,15661415
2008-06-24,8.618217468261719,8.747620393196684,8.618217468261719,8.695859429560876,18636530
2008-06-25,8.773499488830566,8.773499488830566,8.618216613327334,8.669977571828412,31731425
2008-06-26,8.669978141784668,8.799381062389582,8.669978141784668,8.799381062389582,20906270
2008-06-27,8.359410285949707,8.540573618619348,8.307649333758382,8.540573618619348,44814825
2008-06-30,8.33353042602539,8.462933331916933,8.255888476152318,8.437052853907698,36153865
2008-07-01,8.359410285949707,8.437052230082028,8.307649333758382,8.333529809854044,20709810
2008-07-02,8.281767845153809,8.359409784629886,8.281767845153809,8.333529310086293,32467105
2008-07-03,8.178247451782227,8.204127929455424,8.048844031725512,8.204127929455424,32746120
2008-07-04,8.048845291137695,8.152367733874128,8.048845291137695,8.12648725215138,23347390
2008-07-07,8.100605964660645,8.100605964660645,7.997083532221597,8.048844490518425,21329495
2008-07-08,7.660636901855469,8.100606085640054,7.63475642232054,8.100606085640054,44926640
2008-07-09,7.790038585662842,7.919441487324599,7.738278147181631,7.738278147181631,27512760
2008-07-10,7.919443130493164,7.971204611404827,7.712399270228343,7.790040201982191,19770355
2008-07-11,8.281767845153809,8.333529310086293,8.022962583872586,8.07472404880507,57302575
2008-07-14,8.074726104736328,8.255889472668045,8.022964626624692,8.178248545114169,23887655
2008-07-15,7.712398052215576,7.97120335251915,7.660636579478559,7.919441879782132,32977065
2008-07-16,7.790038585662842,7.919441487324599,7.738278147181631,7.841800055834756,32600865
2008-07-17,8.100605964660645,8.28176931869954,7.971203568918575,8.048844490518425,49318775
2008-07-18,7.919443130493164,8.307651400180621,7.867682165426959,8.307651400180621,40211600
2008-07-21,8.20412826538086,8.230008744113757,8.074725355870989,8.074725355870989,31160855
2008-07-22,8.02296257019043,8.15236545853301,8.02296257019043,8.02296257019043,18015800
2008-07-23,8.126487731933594,8.152368215184307,8.022965283085266,8.074726765432167,47182795
2008-07-24,8.126487731933594,8.178249214280493,8.04884576633598,8.152368215184307,32224665
2008-07-25,7.815920352935791,7.919442271844052,7.738278913754596,7.919442271844052,52363905
2008-07-28,7.815920352935791,7.815920352935791,7.815920352935791,7.815920352935791,0
2008-07-29,7.350070953369141,7.660637237229943,7.324190472701193,7.660637237229943,67305315
2008-07-30,7.427711486816406,7.5829948676752785,7.427711486816407,7.557113874327667,27214935
2008-07-31,7.401830673217773,7.531233054853235,7.350069720563589,7.479472618044386,31469130
2008-08-01,7.246547222137451,7.27242769634627,7.168905283665702,7.246547222137452,28694655
2008-08-04,7.1430253982543945,7.220667343126147,7.117144921912256,7.194786866784008,30104360
2008-08-05,6.832459449768066,7.117145217187956,6.832459449768066,7.117145217187956,61788760
2008-08-06,7.1430253982543945,7.220667343126147,7.0136230165437,7.0136230165437,49104550
2008-08-07,7.375950336456299,7.427711290089889,7.1430255292597975,7.246547952372324,63012455
2008-08-08,7.774909496307373,7.831868759109685,7.376196286302546,7.4046759177037025,93708000
2008-08-11,7.575555801391602,7.803391845546125,7.575555801391602,7.774912204225815,31610000
2008-08-12,7.575555801391602,7.632514540828244,7.547076160071292,7.604035442711911,26614000
2008-08-13,7.575555801391602,7.660994182148554,7.518596518750982,7.575555801391602,20615000
2008-08-14,7.689472675323486,7.86034995452701,7.547075033187866,7.5755546702557695,49240000
2008-08-15,7.604033946990967,7.774910674893251,7.547074675554292,7.746431582378784,35988000
2008-08-18,7.433156490325928,7.632512848969881,7.404676855318546,7.575554122158976,29735000
2008-08-19,7.31923770904541,7.347716797796627,7.233798813180361,7.347716797796627,36264000
2008-08-20,7.433156490325928,7.518594852144214,7.290758858492878,7.3477175853037835,28441000
2008-08-21,7.31923770904541,7.433155693661676,7.31923770904541,7.40467606170666,23646000
2008-08-22,7.347718238830566,7.433157151451888,7.23380023187271,7.347718238830566,26397000
2008-08-25,7.404676914215088,7.461636184682901,7.319238551717227,7.404676914215088,22254000
2008-08-26,7.37619686126709,7.37619686126709,7.290758503607604,7.290758503607604,13574000
2008-08-27,7.575555801391602,7.604035442711911,7.319240115916768,7.40467849667372,31095000
2008-08-28,7.547076225280762,7.547076225280762,7.319240179157652,7.433158202219207,91475000
2008-08-29,7.575555801391602,7.604035442711911,7.43315813799403,7.575555801391602,36545000
2008-09-01,7.433156490325928,7.433156490325927,7.31923849350026,7.404676855318546,35568000
2008-09-02,7.31923770904541,7.40467606170666,7.205319181225345,7.40467606170666,30517000
2008-09-03,7.29075813293457,7.347716854077084,7.1768401474457395,7.3192377651077285,29820000
2008-09-04,7.119880676269531,7.176839938961202,6.949003431398305,7.176839938961202,34406000
2008-09-05,6.835085868835449,6.863565501929694,6.806606235741204,6.835085868835449,40169000
2008-09-08,7.29075813293457,7.29075813293457,7.005962897610593,7.119880883099423,32708000
2008-09-09,7.119880676269531,7.176839938961202,7.005962694089976,7.176839938961202,22481000
2008-09-10,6.977484703063965,6.977484703063966,6.83508705606266,6.83508705606266,43469000
2008-09-11,6.550290584564209,6.977483448774918,6.550290584564209,6.977483448774918,43203000
2008-09-12,6.407893180847168,6.635729165551311,6.26549555460612,6.550290807088216,54493000
2008-09-15,6.037660121917725,6.436373403205751,5.980700848932056,6.436373403205751,46452000
2008-09-16,5.752864837646484,5.809823567371331,5.627554763125605,5.695905564717752,85479000
2008-09-17,5.809823513031006,5.923741514619088,5.678817947005681,5.923741514619088,65244000
2008-09-18,5.4566779136657715,5.525028720595564,5.405414672667446,5.525028720595564,84275000
2008-09-19,5.838302135467529,5.838302135467529,5.781342872961941,5.838302135467529,84230000
2008-09-22,6.066138744354248,6.066138744354248,5.781343487939423,5.923741116146836,74279000
2008-09-23,6.066138744354248,6.066138744354248,5.9522207504290865,6.066138744354248,48274000
2008-09-24,6.322454929351807,6.350934020518777,5.9237411345680835,5.952220768938899,84586000
2008-09-25,6.293975353240967,6.464852617843733,6.208536449337659,6.322454987875403,45365000
2008-09-26,6.265496730804443,6.407894383777271,6.066139799360909,6.293976370039796,58375000
2008-09-29,6.265496730804443,6.265496730804443,6.265496730804443,6.265496730804443,0
2008-09-30,5.838302135467529,5.838302135467529,5.838302135467529,5.838302135467529,27053000
2008-10-01,5.838302135467529,5.980699748527713,5.6959045224073455,5.838302135467529,38907000
2008-10-02,5.752864837646484,5.895262476764428,5.43389388701258,5.695905564717752,27113000
2008-10-03,5.695905685424805,6.151578248899568,5.690209649370445,6.151578248899568,24525000
2008-10-06,5.695905685424805,6.094618974763762,5.599075245316271,6.094618974763762,50541000
2008-10-07,6.066138744354248,6.0946183786365,5.297191877956525,6.0946183786365,51915000
2008-10-08,5.6446428298950195,5.9237420970271595,5.6446428298950195,5.6446428298950195,35034000
2008-10-09,5.695905685424805,6.037660243831851,5.251625194058761,6.037660243831851,40039000
2008-10-13,5.5535078048706055,5.5535078048706055,5.496548533180127,5.496548533180127,37336000
2008-10-14,5.923742294311523,5.923742294311523,5.923742294311523,5.923742294311523,16058000
2008-10-15,5.9807000160217285,6.322454519933065,5.866782029119219,6.322454519933065,51761000
2008-10-16,5.78134298324585,6.37941307814806,5.78134298324585,6.37941307814806,12664000
2008-10-17,5.5819878578186035,6.1800580824427245,5.581987857818604,6.1800580824427245,55426000
2008-10-20,5.468069076538086,5.4965481672836445,5.388326210120547,5.388326210120547,49843000
2008-10-21,5.297191619873047,5.838302472057087,5.297191619873047,5.838302472057087,44845000
2008-10-22,5.114923000335693,5.667425999118903,5.114923000335693,5.667425999118903,37716000
2008-10-23,4.93834924697876,5.468068539520912,4.93834924697876,4.93834924697876,24110000
2008-10-24,4.767473220825195,5.28010508287762,4.767473220825195,5.28010508287762,25197000
2008-10-27,4.43710994720459,5.097834836410332,4.43710994720459,5.097834836410332,44990000
2008-10-28,4.260537624359131,4.744689571572268,4.129531777785981,4.744689571572268,65318000
2008-10-29,4.556724548339844,4.556724548339844,4.556724548339844,4.556724548339844,32842000
2008-10-30,4.87569522857666,4.87569522857666,4.237753621655103,4.237753621655103,95364000
2008-10-31,5.2117533683776855,5.2117533683776855,4.539636610298876,4.539636610298876,126226000
2008-11-03,5.388326644897461,5.576291483644731,5.217449370617066,5.576291483644731,85222000
2008-11-04,5.126315116882324,5.752864959560611,5.0807479148552375,5.752864959560611,47094000
2008-11-05,5.069355010986328,5.485156340265289,5.035179886675284,5.485156340265289,43722000
2008-11-06,4.7162089347839355,5.422501529712114,4.7162089347839355,5.422501529712114,32728000
2008-11-07,4.556724548339844,4.710514262584184,4.39154330519068,4.39154330519068,68421000
2008-11-10,4.7560811042785645,4.7560811042785645,4.237753541485387,4.237753541485387,31737000
2008-11-11,4.7560811042785645,4.915566299290368,4.425718371407404,4.425718371407404,33353000
2008-11-12,4.613684177398682,4.864303807827409,4.425719047174183,4.425719047174183,31029000
2008-11-13,4.448502063751221,4.932653966139148,4.300408665285212,4.932653966139148,33077000
2008-11-14,4.7560811042785645,4.7560811042785645,4.140923108712972,4.140923108712972,24091000
2008-11-17,4.607987403869629,4.699121800357894,4.425718339291175,4.425718339291175,25601000
2008-11-18,4.357368469238281,4.556725139783409,4.289017657326006,4.289017657326006,40253000000
2008-11-19,4.334583759307861,4.385846719361442,4.0554842744747255,4.0554842744747255,24132000000
2008-11-20,4.03270149230957,4.07826869784496,4.03270149230957,4.03270149230957,37680000
2008-11-21,4.1466193199157715,4.249145521050332,3.7536018081637126,3.7536018081637126,31907000000
2008-11-24,3.9871339797973633,4.10674802091944,3.8618241742228747,3.8618241742228747,25626000
2008-11-25,4.266232490539551,4.266232490539551,3.708034090597764,3.708034090597764,43297000
2008-11-26,4.232057571411133,4.562420309399143,4.232057571411133,4.562420309399143,36842000
2008-11-27,4.494070053100586,4.528245458752829,4.357368430491617,4.528245458752829,31635000000
2008-11-28,4.613684177398682,4.613684177398682,4.414327245791059,4.494069855472927,43812000
2008-12-01,4.556724548339844,4.9326542366652575,4.328888266602462,4.9326542366652575,47658000
2008-12-02,4.237752914428711,4.875694414886047,4.237752914428711,4.875694414886047,26359000
2008-12-03,4.009917736053467,4.533941122856243,3.9814380978829846,4.533941122856243,49787000
2008-12-04,3.930175304412842,4.2890174576492335,3.9301753044128414,4.2890174576492335,35486000000
2008-12-05,3.873216152191162,4.20357865362591,3.873216152191162,4.20357865362591,29350000
2008-12-08,4.1010518074035645,4.140923243252915,3.8732158071270946,3.8732158071270946,57836000
2008-12-09,4.038397312164307,4.1409235191189575,3.8162567896929653,3.8162567896929653,48232000000
2008-12-10,4.214970588684082,4.237754191465998,3.987134289262948,4.038397531323245,85788000000
2008-12-11,4.169402122497559,4.505460297724302,3.924478059242026,4.505460297724302,79272000000
2008-12-12,4.015613079071045,4.459893510936474,3.9301744509117205,4.459893510936474,64932000000
2008-12-15,4.214970588684082,4.29471319842079,4.106748339668994,4.29471319842079,38529000
2008-12-16,4.163707256317139,4.505461562235546,4.123835816512572,4.505461562235546,26429000
2008-12-17,4.454198360443115,4.454198360443115,3.987133994714181,4.163707039030718,118803000
2008-12-18,4.397238731384277,4.48837340002984,4.146619139514282,4.146619139514282,44046000
2008-12-19,4.340280055999756,4.704818214487266,4.340280055999756,4.704818214487266,44783000000
2008-12-22,4.158010482788086,4.642162049745978,4.129530851036729,4.642162049745978,47599000
2008-12-23,3.9871339797973633,4.158011259000887,3.8675199386752865,3.8675199386752865,29184000
2008-12-24,4.049788951873779,4.266233157947665,3.947262477394732,4.266233157947665,35510000000
2008-12-25,4.0213093757629395,4.0782683782181195,3.7706894933582022,4.0497890127915035,10054000000
2008-12-26,4.044092655181885,4.083964089531135,4.015613292019785,4.021309056011434,13476000000
2008-12-29,4.027005195617676,4.044092759635902,3.764993526788128,3.764993526788128,12486000000
2008-12-30,4.254840850830078,4.26053688611243,3.7479053895830208,3.7479053895830208,34314000000
2008-12-31,4.232057571411133,4.551028237977069,4.2149700074818846,4.551028237977069,24139000000
2009-01-02,4.232057571411133,4.232057571411133,4.232057571411133,4.232057571411133,0
2009-01-05,4.488373279571533,4.528244441407103,4.232057387362389,4.232057387362389,60332000000
2009-01-06,4.488373279571533,4.528244441407103,4.454197881597365,4.488373279571533,35236000
2009-01-07,4.59089994430542,4.613683543943497,4.48837347433214,4.48837347433214,70679000
2009-01-08,4.59089994430542,4.59089994430542,4.271929006168474,4.271929006168474,51361000
2009-01-09,4.511157035827637,4.522548835550356,4.271928970048606,4.271928970048606,47976000
2009-01-12,4.471285820007324,4.761776862966306,4.3687596174809675,4.761776862966306,42488000
2009-01-13,4.476981163024902,4.778864231142649,4.374454704765112,4.778864231142649,19856000
2009-01-14,4.454198360443115,4.49976556264068,4.163707039030718,4.163707039030718,17540000
2009-01-15,4.186490535736084,4.761776856538045,4.152315134940101,4.761776856538045,44874000
2009-01-16,4.214970588684082,4.47698229227809,4.135227978947374,4.47698229227809,23089000
2009-01-19,4.175098419189453,4.243449215603559,3.895999198030897,3.895999198030897,11549000000
2009-01-20,4.044092655181885,4.465589783039067,4.044092655181885,4.465589783039067,31735000
2009-01-21,4.158010482788086,4.3231916951014036,3.964349638723412,4.3231916951014036,33678000
2009-02-02,4.078268527984619,4.44850246494233,4.044093125256486,4.44850246494233,39823000
2009-02-03,4.311800479888916,4.363063443731979,4.061180610027281,4.363063443731979,54850000
2009-02-04,4.414327144622803,4.425718945744848,4.01561383374927,4.01561383374927,86964000
2009-02-05,4.397238731384277,4.721905428255117,4.3288879336015516,4.721905428255117,36300000
2009-02-06,4.511157035827637,4.52824459961075,4.089659902883171,4.089659902883171,42507000
2009-02-09,4.556724548339844,4.596595714312571,4.1978824249736135,4.1978824249736135,38422000
2009-02-10,4.562419891357422,4.562419891357422,4.471285229544759,4.556723856168296,45407000
2009-02-11,4.66494607925415,4.881390540157813,4.328887860063644,4.881390540157813,80866000
2009-02-12,4.66494607925415,4.66494607925415,4.340279659500578,4.340279659500578,73122000
2009-02-13,4.96113395690918,4.98961359445456,4.340280139876312,4.340280139876312,128293000
2009-02-16,4.926958084106445,5.04657212240009,4.86430331860173,4.96113375642058,67415000
2009-02-17,4.670642375946045,5.268712558832693,4.664946340108106,5.268712558832693,31866000
2009-02-18,4.59089994430542,4.664946235726274,4.345975840793191,4.345975840793191,38488000
2009-02-19,4.556724548339844,4.909870635651714,4.437110507217767,4.909870635651714,56364000
2009-02-20,4.334583759307861,4.8756948945549965,4.334583759307861,4.8756948945549965,65583000
2009-02-23,4.442805767059326,4.636466613441462,4.300408149802321,4.334583545351774,28326000
2009-02-24,4.30610466003418,4.385847263478716,4.135227652653031,4.135227652653031,34286000
2009-02-25,4.43710994720459,4.602291169506025,4.368759152790599,4.602291169506025,59663000
2009-02-26,4.528244495391846,4.744688956743904,4.476981533620407,4.744688956743904,24627000
2009-02-27,4.46558952331543,4.551027879434466,4.2149696754148795,4.2149696754148795,22784000
2009-03-02,4.442805767059326,4.773168195639274,4.4143261349671645,4.773168195639274,32353000
2009-03-03,4.471285820007324,4.511157256790767,4.1352275759255175,4.1352275759255175,17481000
2009-03-04,4.682034015655518,4.778864443151353,4.163706481107557,4.163706481107557,90963000
2009-03-05,4.852911472320557,5.0067006296582335,4.761776533182702,5.0067006296582335,98746000
2009-03-06,4.830127716064453,4.84721582407032,4.516853069209432,4.516853069209432,131475000
2009-03-09,5.137706756591797,5.166185848058949,4.738992957605461,5.166185848058949,99913000
2009-03-10,5.2117533683776855,5.496548646282562,5.001004927912543,5.496548646282562,142818000
2009-03-11,5.422502040863037,5.57629119964008,5.280104410082439,5.57629119964008,102228000
2009-03-12,5.633250713348389,5.781343842942835,5.422502275844871,5.781343842942835,147349000
2009-03-13,5.809823513031006,6.00918042321306,5.240232961886714,6.00918042321306,101557000
2009-03-16,5.69020938873291,6.20853669545219,5.661729752969504,6.20853669545219,68811000
2009-03-17,5.633250713348389,6.066139116845514,5.519332169224215,6.066139116845514,76339000
2009-03-18,5.6788177490234375,5.752864583275145,5.240232779194984,5.240232779194984,58007000
2009-03-19,5.530724048614502,5.781343641925092,5.285799947748986,5.285799947748986,61623000
2009-03-20,5.251625061035156,5.895262452369298,5.240232989214997,5.895262452369298,81715000
2009-03-23,5.616162300109863,5.616162300109863,4.887086590700961,5.251624717007336,65023000
2009-03-24,6.009180068969727,6.009180068969726,5.61616230765453,5.61616230765453,56632000
2009-03-25,6.407893180847168,6.407893180847168,5.593378584923145,5.593378584923145,188341000
2009-03-26,6.835085868835449,6.835085868835449,5.980700135231018,5.980700135231018,150885000
2009-03-27,6.664207935333252,7.119880388861116,6.3794127197788075,6.8350851733066715,128733000
2009-03-30,6.350934982299805,6.664209921413215,6.237016970768727,6.664209921413215,97150000
2009-03-31,6.322454929351807,6.436372923631223,6.2370160262393615,6.350934020518777,90312000
2009-04-02,6.436373710632324,6.721169002755844,6.037660410300179,6.037660410300179,111462000
2009-04-03,6.4933319091796875,6.607250451224557,6.009180278304459,6.009180278304459,80932000
2009-04-06,6.151576519012451,6.9205232443866675,6.151576519012451,6.9205232443866675,73466000
2009-04-07,6.322454929351807,6.578770552281454,6.15157766633076,6.578770552281454,94344000
2009-04-08,6.037660121917725,6.2654961274526295,5.895262482657437,5.895262482657437,114322000
2009-04-09,6.436373710632324,6.436373710632324,5.695905842470391,5.695905842470391,190659000
2009-04-10,6.436373710632324,6.578771356694084,6.009180772447045,6.009180772447045,149266000
2009-04-13,6.407893180847168,6.550290807088216,6.009179936013,6.009179936013,100072000
2009-04-14,6.664207935333252,6.8350851733066715,6.322454002590177,6.8350851733066715,203835000
2009-04-15,6.692688465118408,6.892045360084322,6.2085363163176694,6.2085363163176694,173155000
2009-04-16,6.806606292724609,7.148360806309004,6.237015798886503,7.148360806309004,134827000
2009-04-17,7.062923431396484,7.262280364568168,6.35093516036039,6.35093516036039,320158000
2009-04-20,7.005964279174805,7.17684156270666,6.578771341947121,6.578771341947121,131720000
2009-04-21,7.091402530670166,7.091402530670165,6.521811957231535,7.005964161935931,93396000
2009-04-22,7.461636066436768,7.575554062363253,7.062922265888292,7.575554062363253,226927000
2009-04-23,7.148361682891846,7.4616366015595625,6.949004768320418,6.949004768320418,132099000
2009-04-24,6.977484703063965,7.319239273148664,6.66420977102031,6.66420977102031,108056000
2009-04-27,6.607251167297363,7.091402850643407,6.521812251504115,6.977484839456333,105967000
2009-04-28,6.379414081573486,6.692688994197998,6.151578077775958,6.151578077775958,95934000
2009-04-29,6.607251167297363,6.664209901288938,5.952221652364822,5.952221652364822,109940000
2009-04-30,7.062923431396484,7.062923431396484,6.265496785117635,6.265496785117635,55929000
2009-05-04,7.547076225280762,7.547076225280762,6.578772214451574,6.578772214451574,70709000
2009-05-05,7.974267959594727,8.05970632759454,7.034443738781192,7.034443738781192,449762000
2009-05-06,8.51537799835205,8.51537799835205,7.746431137355271,7.746431137355271,300787000
2009-05-07,8.14514446258545,8.429939719716383,7.945787565312259,7.945787565312259,241996000
2009-05-08,7.974267959594727,8.71473580734073,7.689472675323486,8.71473580734073,146585000
2009-05-11,7.974267959594727,8.515378891069304,7.433157028120149,8.515378891069304,165440000
2009-05-12,7.689472675323486,7.803390680391203,7.433157028120149,7.433157028120149,109732000
2009-05-13,7.831869602203369,7.888828871137296,7.176840725482444,7.176840725482444,126350000
2009-05-14,7.461636066436768,7.660992423507153,7.290758800945114,7.290758800945114,111402000
2009-05-15,7.689472675323486,7.888829591594913,6.9490048275774825,6.9490048275774825,154941000
2009-05-18,7.63251256942749,7.774910196045196,7.490114942809784,7.689471837356107,88242000
2009-05-19,7.746432304382324,7.917309048211116,7.632513750891236,7.632513750891236,195679000
2009-05-20,7.6609930992126465,7.746432011096178,7.4616367245588755,7.746432011096178,94523000
2009-05-21,7.71795129776001,7.888828554499356,7.660992031112286,7.660992031112286,157237000
2009-05-22,7.575555801391602,7.717953464789173,7.518596518750982,7.717953464789173,118305000
2009-05-25,7.37619686126709,8.08818498577557,7.347717227645984,8.08818498577557,130544000
2009-05-26,7.347718238830566,7.575554795950184,7.290759506953591,7.376197876371006,113364000
2009-05-27,7.404676914215088,7.632512909678622,7.3477176437472735,7.3477176437472735,152536000
2009-06-01,7.5185956954956055,7.91730900071054,7.404677685891898,7.404677685891898,114219000
2009-06-02,7.6609930992126465,7.860350017070319,7.518595455943996,7.518595455943996,219240000
2009-06-03,7.63251256942749,8.17362398513784,7.547074210738401,8.17362398513784,70646000
2009-06-04,7.404676914215088,8.145144714277368,7.3477176437472735,8.145144714277368,113165000
2009-06-05,7.461636066436768,7.917308050142707,7.3761971620890145,7.917308050142707,62308000
2009-06-08,7.433156490325928,7.888829020832455,7.3477175853037835,7.3477175853037835,125461000
2009-06-09,7.062923431396484,7.9457889961220305,7.005964695635962,7.9457889961220305,114473000
2009-06-10,7.2622785568237305,7.54707379434623,7.062921673276459,7.062921673276459,118582000
2009-06-11,6.977484703063965,7.119882350065271,6.778127779980572,7.062923073983183,155280000
2009-06-12,6.721168518066406,6.97748415385288,6.721168518066406,6.892045789658679,139867000
2009-06-15,6.265496730804443,6.5502920367501,6.265496730804443,6.493332758279393,154187000
2009-06-16,6.151576519012451,6.3224537501635245,6.094617260894179,6.20853523392698,122927000
2009-06-17,6.094618797302246,6.3224553440074915,6.066139161063606,6.151578069779528,75784000
2009-06-18,5.8667826652526855,6.2085366630164955,5.8667826652526855,6.094618663761892,91677000
2009-06-19,5.923742294311523,5.980701574204576,5.838303917675896,5.95222193425805,63140000
2009-06-22,6.094618797302246,6.094618797302246,5.752864792050199,5.9522211593129235,160936000
2009-06-23,5.895262241363525,5.9807006041411395,5.838302970709208,5.923741333486822,81311000
2009-06-24,6.037660121917725,6.208536854466961,5.838303209671769,5.923741575946386,122771000
2009-06-25,6.180057048797607,6.23701577201371,6.037659425951614,6.094618149167718,110657000
2009-06-26,6.208537578582764,6.350935234451212,6.208537578582764,6.265496858211723,97884000
2009-06-29,6.151576519012451,6.3509328360189174,6.151576519012451,6.293974121104388,79992000
2009-06-30,6.265496730804443,6.322456009275149,6.180058356302321,6.293976370039796,53863000
2009-07-01,6.407893180847168,6.436372814736145,6.2939751884950965,6.322454822384073,67869000
2009-07-02,6.436373710632324,6.4933324431346815,6.40789407277919,6.40789407277919,71439000
2009-07-03,6.322454929351807,6.350934020518777,6.265495660610177,6.322454929351807,44574000
2009-07-06,6.237016677856445,6.350934684037532,6.180057946367852,6.322455589895187,50875000
2009-07-07,6.350934982299805,6.350934982299806,6.151578597921401,6.208537332084976,60803000
2009-07-08,6.635730266571045,6.635730266571045,6.293976232810004,6.322455871424405,112205000
2009-07-09,6.607251167297363,6.778127912476012,6.607251167297363,6.664209901288938,107288000
2009-07-10,6.749648094177246,6.92052482105455,6.692688823082234,6.778127186520885,102020000
2009-07-13,6.550290584564209,6.8635654602928255,6.464852229003594,6.835085827371349,90534000
2009-07-14,6.749648094177246,6.806606822068392,6.635729551987222,6.664209187534728,60641000
2009-07-15,6.977484703063965,7.062923073983183,6.83508705606266,6.863566694103704,123061000
2009-07-16,7.091402530670166,7.176841442608301,7.034443799248643,7.119882167982877,101825000
2009-07-17,7.034444332122803,7.2053210825355505,7.034444332122804,7.176841986269387,48356000
2009-07-20,7.119880676269531,7.319237552486593,7.06292141357786,7.148360307615367,96591000
2009-07-21,7.29075813293457,7.376196486250242,7.205319236415096,7.347716854077084,68342000
2009-07-22,7.205320358276367,7.347717998109527,7.148361628265435,7.290759268098595,54115000
2009-07-23,7.233798980712891,7.319237878556678,7.148360626072916,7.2337989807128915,48036000
2009-07-24,7.37619686126709,7.4331561285092995,7.319238137228709,7.347717227645984,83639000
2009-07-27,7.831869602203369,7.888828871137296,7.376197080343495,7.4331563492774215,172114000
2009-07-28,7.974267959594727,8.088185964662443,7.888829591594913,7.945788322526823,156594000
2009-07-29,7.888829231262207,8.088185595223871,7.8603495954951486,8.088185595223871,137615000
2009-07-30,7.974267959594727,8.031227233730533,7.63251340118768,7.888829591594913,106912000
2009-07-31,8.287542343139648,8.344501070375399,8.05970580458506,8.145144710244479,239006000
2009-08-03,8.372981071472168,8.401460707936458,8.173624702629905,8.287542705283181,98915000
2009-08-04,7.8033905029296875,8.458419967779466,7.8033905029296875,8.429940331359235,147526000
2009-08-05,7.604033946990967,7.917308310281068,7.604033946990967,7.860349582048263,98756000
2009-08-06,7.888829231262207,7.917308323825394,7.632513052562555,7.660992688329612,59187000
2009-08-07,7.888829231262207,7.888829231262207,7.888829231262207,7.888829231262207,0
2009-08-10,7.860350608825684,7.945788983937421,7.717952954836826,7.8888302482642425,33795000
2009-08-11,7.9173078536987305,7.9457874877746795,7.746431135650717,7.888828762826621,41274000
2009-08-12,7.774909496307373,7.917307110109367,7.774909496307373,7.831868759109685,48285000
2009-08-13,7.9173078536987305,7.974267121850628,7.8033898605987755,7.8033898605987755,54503000
2009-08-14,7.9173078536987305,8.14514438310248,7.9173078536987305,8.088185114950583,48236000
2009-08-17,7.8033905029296875,7.9742677782471905,7.8033905029296875,7.917308505406728,44400000
2009-08-18,7.433156490325928,7.746431388999406,7.376197220311165,7.746431388999406,62731000
2009-08-19,7.575555801391602,7.632514540828244,7.518596518750982,7.547076160071292,29326000
2009-08-20,7.404676914215088,7.5755541824146695,7.376197278981181,7.5755541824146695,52471000
2009-08-21,7.233798980712891,7.54707385306582,7.176840258687512,7.461635498425844,65285000
2009-08-24,7.71795129776001,7.717951297760011,7.40467641760518,7.40467641760518,60317000
2009-08-25,7.774909496307373,7.831868759109685,7.689471145307691,7.7179507767088475,59548000
2009-08-26,7.8033905029296875,7.831870139349919,7.632513227612185,7.831870139349919,54546000
2009-08-27,7.6609930992126465,7.774911105186788,7.632513461918137,7.689472736507158,25435000
2009-08-28,7.689472675323486,7.746431949459293,7.547075033187866,7.5755546702557695,49798000
2009-08-31,7.689472675323486,7.803390680391203,7.604034307323673,7.746431949459293,46731000
2009-09-01,7.974267959594727,7.974267959594727,7.689472675323486,7.71795231239139,59418000
2009-09-02,8.14514446258545,8.259062456797054,7.860349205454517,7.945787565312259,100428000
2009-09-03,8.259062767028809,8.372980765519468,8.059705862267258,8.173624403961782,133170000
2009-09-04,8.686256408691406,8.686256408691406,8.401461116603164,8.401461116603164,182139000
2009-09-07,9.113449096679688,9.170408370815494,8.71473580734073,8.71473580734073,173998000
2009-09-08,9.198887825012207,9.255847101379185,8.999531444135622,9.227368006399614,159574000
2009-09-09,9.113449096679688,9.36976528708692,9.084969459611784,9.2273676449513,106867000
2009-09-10,8.857132911682129,9.398243810301118,8.771694005666165,9.341284539623807,122714000
2009-09-11,9.141926765441895,9.141926765441895,8.80017280351353,8.80017280351353,89779000
2009-09-14,8.828654289245605,9.113449588898689,8.828654289245605,9.113449588898689,48002000
2009-09-15,8.857132911682129,8.971050909832885,8.828653276343474,8.828653276343474,40400000
2009-09-16,9.056488990783691,9.113448259688282,8.914091361726062,8.999530265082948,59578000
2009-09-17,9.028011322021484,9.113449695636504,8.971052044142183,9.056490417757203,79932000
2009-09-18,8.942571640014648,8.971051276517384,8.857133273710323,8.942571640014648,47345000
2009-09-21,8.714736938476562,8.942572978184147,8.686257297712123,8.885614239859235,51262000
2009-09-22,8.942571640014648,8.971051276517384,8.714735634400522,8.714735634400522,98172000
2009-09-23,8.771695137023926,9.113449718758961,8.714736402204043,8.99953170591526,79825000
2009-09-24,8.629297256469727,8.914092552633136,8.600818161416521,8.800174542808556,57145000
2009-09-25,8.657776832580566,8.714736108685958,8.572338461626396,8.572338461626396,54922000
2009-09-28,8.629297256469727,8.686256532983975,8.572338523159395,8.657776894726851,30074000
2009-09-29,8.942571640014648,9.056489642821711,8.857133273710323,8.857133273710323,128846000
2009-09-30,8.971052169799805,9.05649054461156,8.94257253046124,9.028011448476935,52090000
2009-10-01,9.113449096679688,9.2273676449513,9.028010728679874,9.056489822543881,111905000
2009-10-02,8.999530792236328,8.999530792236328,8.885612790958174,8.942571519995312,53980000
2009-10-05,8.999530792236328,8.999530792236328,8.857133154837666,8.999530792236328,44949000
2009-10-06,9.113449096679688,9.170408370815494,9.028010728679874,9.084969459611784,39871000
2009-10-07,9.056488990783691,9.255845888745911,9.056488990783691,9.255845888745911,34215000
2009-10-08,8.771695137023926,9.056490440735145,8.771695137023926,8.99953170591526,83232000
2009-10-09,8.828654289245605,8.942572300466054,8.800174650639512,8.885613566457792,62733000
2009-10-12,8.771695137023926,8.914092788879536,8.743216041215952,8.857134054059651,55830000
2009-10-13,8.771695137023926,8.771695137023926,8.600818389360343,8.657777124180226,56036000
2009-10-14,9.198887825012207,9.341285472725733,8.77169488187163,8.77169488187163,141219000
2009-10-15,9.34128475189209,9.54064166058893,9.227367294356574,9.312805659110149,170543000
2009-10-16,9.36976432800293,9.483681778206222,9.312805059697443,9.341284150646347,48078000
2009-10-19,9.42672348022461,9.455203660512751,9.255846744126922,9.369765292463908,58636000
2009-10-20,9.739997863769531,9.768476954488593,9.483681701667306,9.483681701667306,112000000
2009-10-21,9.569121360778809,9.739999187540322,9.398244620425118,9.739999187540322,86668000
2009-10-22,9.398244857788086,9.569121602457457,9.227368113118715,9.569121602457457,78362000
2009-10-23,9.398244857788086,9.512163411839564,9.284326303736606,9.398244857788086,33422000
2009-10-26,9.398244857788086,9.569121602457457,9.369765762479139,9.426723953097031,30113000
2009-10-27,9.28432559967041,9.398244145083007,9.227367413371876,9.398244145083007,28567000
2009-10-28,8.999530792236328,9.312805703154165,8.999530792236328,9.284325523829779,54119000
2009-10-29,8.942571640014648,8.971051276517384,8.74321527090326,8.857133273710323,81850000
2009-10-30,9.227368354797363,9.369766007887398,8.914092866154563,9.084970158503392,83654000
2009-11-02,9.084969520568848,9.198887526400915,8.942571877477787,8.971051514736779,44599000
2009-11-03,8.914092063903809,9.084969340874018,8.914092063903809,9.084969340874018,29470000
2009-11-04,9.028011322021484,9.056490417757203,8.914092766262883,8.914092766262883,42490000
2009-11-05,8.828654289245605,9.028011216284334,8.828654289245605,9.028011216284334,36768000
2009-11-06,9.028011322021484,9.141928791372223,8.857134031587513,8.857134031587513,76374000
2009-11-09,8.942571640014648,9.113448915827185,8.914092003511911,9.113448915827185,41153000
2009-11-10,8.885611534118652,9.056488240264017,8.885611534118652,8.971049887191334,52209000
2009-11-11,9.31280517578125,9.341284267085143,8.91409137908057,8.971050648096051,93774000
2009-11-12,9.36976432800293,9.483681778206222,9.28432488234086,9.36976432800293,57647000
2009-11-13,9.483680725097656,9.597599249058629,9.369763287544243,9.398242375330707,89464000
2009-11-16,9.597601890563965,9.597601890563965,9.455204239625058,9.483683335249696,36484000
2009-11-17,9.654560089111328,9.739998452843482,9.597600817820645,9.683039181552799,61679000
2009-11-18,9.512162208557129,9.683038931610705,9.48368203044306,9.683038931610705,39524000
2009-11-19,9.45520305633545,9.626079781514298,9.45520305633545,9.512162326864306,31891000
2009-11-20,9.084969520568848,9.426723538065051,9.056489883309855,9.39824444400996,122578000
2009-11-23,8.942571640014648,9.084969279324447,8.942571640014648,9.084969279324447,55778000
2009-11-24,8.999530792236328,9.113448793514484,8.97105115611582,9.056489521273468,53943000
2009-11-25,9.141926765441895,9.227366206530656,8.999529688707934,8.999529688707934,48016000
2009-11-26,9.113449096679688,9.284325832679315,9.113449096679688,9.284325832679315,33320000
2009-11-27,8.885611534118652,9.056488240264017,8.85713190202649,9.028009151375658,74444000
2009-11-30,8.999530792236328,9.084969157393976,8.999530792236328,9.056489521273468,28793000
2009-12-01,9.056488990783691,9.141927350936731,8.971050630630652,8.999530265082948,43086000
2009-12-02,9.141926765441895,9.25584529595516,9.084968043389072,9.170406941274022,40829000
2009-12-03,9.084969520568848,9.2558468009189,9.084969520568848,9.227367706863808,35008000
2009-12-04,8.999530792236328,9.141927886431114,8.999530792236328,9.113448793514484,30465000
2009-12-07,9.31280517578125,9.341284267085143,8.999530282603793,9.028009917111534,61805000
2009-12-08,9.31280517578125,9.31280517578125,9.170407546446393,9.31280517578125,29172000
2009-12-09,9.170408248901367,9.25584661576534,9.084969338833508,9.170408248901367,46041000
2009-12-10,9.056488990783691,9.198886619841321,8.999530265082948,9.170407528592872,56101000
2009-12-11,9.113449096679688,9.113449096679688,8.99953109161197,9.113449096679688,32334000
2009-12-14,9.084969520568848,9.113449157827839,8.999531151995772,9.113449157827839,31876000
2009-12-15,9.084969520568848,9.113449157827839,8.999531151995772,9.084969520568848,28257000
2009-12-16,9.056488990783691,9.084968625235986,8.942570996178357,9.084968625235986,27208000
2009-12-17,8.914092063903809,9.113448977569702,8.914092063903809,9.084969340874018,56400000
2009-12-18,8.885611534118652,8.942570255099174,8.800172637842168,8.885611534118652,64471000
2009-12-21,9.113449096679688,9.255846738815308,9.028010728679874,9.056489822543881,100037000
2009-12-22,9.34128475189209,9.36976493108178,9.141927843195248,9.17040802238494,79118000
2009-12-23,9.483680725097656,9.569119074864604,9.42672146311717,9.512160899291679,69211000
2009-12-24,9.45520305633545,9.540641418924872,9.426722877867158,9.512162326864306,37116000
2009-12-25,9.398244857788086,9.512163411839564,9.369765762479139,9.512163411839564,26266000
2009-12-28,9.597601890563965,9.626080986188603,9.483683335249696,9.483683335249696,47061000
2009-12-29,9.626079559326172,9.654559737137086,9.512162107305612,9.597600467922957,37223000
2009-12-30,9.711518287658691,9.739998466547974,9.654560102695605,9.683039195177148,73442000
2009-12-31,9.79695987701416,9.79695987701416,9.683041309399215,9.768479691906435,36657000
2010-01-04,9.683038711547852,9.796957248599725,9.56912017449598,9.796957248599725,30047000
2010-01-05,9.79695987701416,9.882398259521382,9.711520408098963,9.79695987701416,64811000
2010-01-06,10.480464935302734,10.480464935302734,9.768476813523911,9.796956990239659,140587000
2010-01-07,10.480464935302734,10.879178718061937,10.480464935302734,10.594383469350408,137376000
2010-01-08,10.366548538208008,10.508946176994337,10.16719162662559,10.480465997392411,55124000
2010-01-11,10.594383239746094,10.822219216496064,10.309587997206725,10.423505442377893,107861000
2010-01-12,10.451987266540527,10.736782553986275,10.338068716999105,10.5943849102634,53705000
2010-01-13,10.167190551757812,10.252628908715579,10.138710375166788,10.252628908715579,55935000
2010-01-14,10.224149703979492,10.281107883708067,10.167190437843276,10.167190437843276,27502000
2010-01-15,10.252630233764648,10.338068601764462,10.167191865764835,10.252630233764648,30826000
2010-01-18,10.167190551757812,10.309588175489973,9.996312751434628,10.138710375166788,47352000
2010-01-19,9.996313095092773,10.309588529918056,9.996313095092775,10.195669992452919,45429000
2010-01-20,10.309590339660645,10.309590339660645,10.053274128574257,10.138712503467094,65249000
2010-01-21,10.252630233764648,10.366548782036261,10.224151139900641,10.309589507900455,54695000
2010-01-22,10.081753730773926,10.195671195270599,9.967835179869432,10.138711919818354,51236000
2010-01-25,9.910876274108887,10.024794829262724,9.825437900947437,9.853916996531968,44211000
2010-01-26,9.398244857788086,9.996314550538735,9.341285580762346,9.967835455229787,78406000
2010-01-27,9.34128475189209,9.455203295835355,9.312805659110149,9.455203295835355,48210000
2010-01-28,9.398244857788086,9.59760178417425,9.341285580762346,9.341285580762346,72428000
2010-01-29,9.141926765441895,9.227366206530656,8.828652436141844,9.227366206530656,107284000
2010-02-01,8.828654289245605,9.084969950292596,8.828654289245605,9.056490311686503,57493000
2010-02-02,8.885611534118652,9.056488240264017,8.800172637842168,9.056488240264017,48237000
2010-02-03,9.483680725097656,9.483680725097656,9.170406413816323,9.284323851369734,93317000
2010-02-04,9.398244857788086,9.768478528843623,9.398244857788086,9.569121602457457,129750000
2010-02-05,8.942571640014648,9.056489642821711,8.828653637207585,8.942571640014648,152460000
2010-02-08,9.113449096679688,9.198887464679501,9.056489822543881,9.170408370815494,44950000
2010-02-09,9.255846977233887,9.312806252836891,9.113449331430289,9.113449331430289,57855000
2010-02-10,9.255846977233887,9.398244623037485,9.227367882636296,9.312806252836891,80828000
2010-02-22,9.45520305633545,9.512162326864306,9.25584615268831,9.45520305633545,61113000
2010-02-23,9.28432559967041,9.28432559967041,9.11344886795928,9.11344886795928,67885000
2010-02-24,9.084969520568848,9.198887526400915,8.999531151995772,9.198887526400915,75795000
2010-02-25,8.828654289245605,9.084969950292596,8.74321591663125,9.084969950292596,122052000
2010-02-26,8.800174713134766,8.82865435194311,8.657777062296974,8.771695074326422,69438000
2010-03-01,9.113449096679688,9.141928190543695,8.800174175340544,8.85713344947635,66218000
2010-03-02,8.971052169799805,9.17040910196582,8.94257253046124,9.141928919423316,55086000
2010-03-03,9.056488990783691,9.056488990783691,8.942570996178357,9.028009899535242,39637000
2010-03-04,8.999530792236328,9.113448793514484,8.914091883874804,9.113448793514484,39114000
2010-03-05,9.170408248901367,9.198887342386765,9.056489702144223,9.113448975522795,60811000
2010-03-08,9.227368354797363,9.284326546907076,9.141928893817044,9.25584745085222,49140000
2010-03-09,9.31280517578125,9.31280517578125,9.11344827743091,9.255845906765769,53450000
2010-03-10,9.45520305633545,9.45520305633545,9.341284515277733,9.398243785806592,60107000
2010-03-11,9.512162208557129,9.597600570083918,9.426722760622631,9.512162208557129,45855000
2010-03-12,9.540640830993652,9.540640830993652,9.398243206650463,9.512161740688077,26471000
2010-03-15,9.28432559967041,9.512162690495604,9.255846506521143,9.455203417789306,40518000
2010-03-16,9.398244857788086,9.398244857788086,9.19888793140192,9.227368113118715,33025000
2010-03-17,9.569121360778809,9.569121360778809,9.398244620425118,9.51216317159946,57174000
2010-03-18,9.540640830993652,9.626079188318034,9.45520247366927,9.569119921299228,46403000
2010-03-19,9.654560089111328,9.739998452843482,9.569120638971436,9.569120638971436,46844000
2010-03-22,9.540640830993652,9.540640830993652,9.426722296956038,9.540640830993652,38589000
2010-03-23,9.42672348022461,9.626080396610439,9.42672348022461,9.626080396610439,28338000
2010-03-24,9.540640830993652,9.626079188318034,9.540640830993652,9.597600098012459,31445000
2010-03-25,9.512162208557129,9.597600570083918,9.398243668916272,9.54064130026349,24657000
2010-03-26,9.683038711547852,9.683038711547852,9.398243455325856,9.455202723851793,34905000
2010-03-29,9.540640830993652,9.711517545642415,9.540640830993652,9.683038455336842,45394000
2010-03-30,9.569121360778809,9.597601541776305,9.540642266189133,9.597601541776305,23162000
2010-03-31,9.597601890563965,9.768478637127512,9.569121708531467,9.626080986188603,48792000
2010-04-01,9.626079559326172,9.739998097754432,9.569120290112043,9.597600467922957,53644000
2010-04-02,9.540640830993652,9.683038455336842,9.512161740688077,9.626079188318034,23168000
2010-04-06,9.711518287658691,9.768477559029515,9.59760083132478,9.59760083132478,44375000
2010-04-07,9.79695987701416,9.79695987701416,9.711520408098963,9.740000593206688,28942000
2010-04-08,9.711518287658691,9.82543683040034,9.71151828765869,9.796957737918799,34009000
2010-04-09,9.654560089111328,9.796957724134163,9.626079910262117,9.796957724134163,23792000
2010-04-12,9.654560089111328,9.683039181552799,9.569120638971436,9.683039181552799,16844000
2010-04-13,9.45520305633545,9.626079781514298,9.398243785806592,9.626079781514298,38188000
2010-04-14,9.483680725097656,9.540639987078142,9.312804025563759,9.512160899291679,29241000
2010-04-15,9.45520305633545,9.654559959982588,9.398243785806592,9.626079781514298,57127000
2010-04-16,9.512162208557129,9.512162208557129,9.398243668916272,9.4552029387367,27250000
2010-04-19,9.227368354797363,9.369766007887398,9.198888172334632,9.341285825424666,45603000
2010-04-20,9.31280517578125,9.369764444796733,9.227366815461874,9.341284267085143,21840000
2010-04-21,9.31280517578125,9.398243536100626,9.284324998069662,9.31280517578125,36248000
2010-04-22,9.255846977233887,9.312806252836891,9.198887701630884,9.227367882636296,26566000
2010-04-23,9.227368354797363,9.369766007887398,9.227368354797363,9.369766007887398,24050000
2010-04-26,9.569121360778809,9.68303991195315,9.341285344837946,9.341285344837946,72790000
2010-04-27,9.483680725097656,9.597599249058629,9.455201637311193,9.569119074864604,31874000
2010-04-28,9.34128475189209,9.36976493108178,9.227367294356574,9.227367294356574,47225000
2010-04-29,9.170408248901367,9.312805889143911,9.141928069008193,9.312805889143911,53383000
2010-04-30,9.113449096679688,9.341285106815121,9.084969459611784,9.2273676449513,55822000
2010-05-03,8.999530792236328,9.113448793514484,8.942571519995312,9.056489521273468,29053000
2010-05-04,8.914092063903809,9.084969340874018,8.857133333716332,9.084969340874018,39166000
2010-05-05,8.372981071472168,8.714735622635883,8.372981071472168,8.714735622635883,136375000
2010-05-06,8.401459693908691,8.600816581893136,8.372980060881796,8.372980060881796,76364000
2010-05-07,8.429941177368164,8.486899912720986,8.230584245623442,8.316023163458581,58207000
2010-05-10,8.54385757446289,8.600816842240844,8.486898306684937,8.54385757446289,43846000
2010-05-11,8.60081672668457,8.771693441314945,8.543857459671893,8.771693441314945,87347000
2010-05-12,8.486898422241211,8.714734953251376,8.458419331168303,8.714734953251376,39678000
2010-05-13,8.714736938476562,8.743216579241002,8.600818918622771,8.657777656947683,40029000
2010-05-14,8.657776832580566,8.714736108685958,8.657776832580566,8.657776832580566,23606000
2010-05-17,8.486898422241211,8.572337325071464,8.372980428338051,8.543857690794713,39815000
2010-05-18,8.372981071472168,8.543858347054025,8.372981071472168,8.486899074125445,34025000
2010-05-19,8.230584144592285,8.316023061378655,8.145145771009847,8.259063783521075,49597000
2010-05-20,7.974267959594727,8.28754288093387,7.974267959594727,8.259063243865967,78425000
2010-05-21,7.974267959594727,8.088185964662443,7.689472675323486,7.746431949459293,46297000
2010-05-24,8.14514446258545,8.20210318808933,8.088185193877726,8.173624096939312,43867000
2010-05-25,7.860350608825684,8.00274826281454,7.860350608825683,7.9742686233759805,38856000
2010-05-26,7.974267959594727,8.05970632759454,7.945788322526823,8.00274759666263,33431000
2010-05-27,8.03122615814209,8.088184881445757,7.860348901823441,7.974266891634599,28054000
2010-05-28,8.173625946044922,8.31602360682477,8.116666664451394,8.202105043637717,45207000
2010-05-31,8.60081672668457,8.60081672668457,8.202102944003485,8.31602147802884,48655000
2010-06-01,8.429941177368164,8.543859191277747,8.372981898811403,8.543859191277747,32220000
2010-06-02,8.202103614807129,8.401460522451943,8.173624522175475,8.173624522175475,52278000
2010-06-03,8.486898422241211,8.515378056517962,8.3445007940613,8.429939696891552,40730000
2010-06-04,8.344500541687012,8.543857432390999,8.344500541687012,8.543857432390999,36286000
2010-06-07,8.08818531036377,8.116664945127795,7.974267314511518,8.03122658403957,38642000
2010-06-08,7.974267959594727,8.05970632759454,7.945788322526823,8.00274759666263,66251000
2010-06-09,7.860350608825684,8.00274826281454,7.831870969387123,7.917309344498861,83134000
2010-06-10,7.94578742980957,8.002746697545946,7.888828705277031,7.974267063677758,26357000
2010-06-11,8.14514446258545,8.259062456797054,8.088185193877726,8.259062456797054,27445000
2010-06-14,8.287542343139648,8.287542343139648,8.173624345464285,8.202103437480229,25557000
2010-06-15,8.372981071472168,8.429940344400748,8.230583432354601,8.287542705283181,32385000
2010-06-17,8.54385757446289,8.714734834592916,8.515377940573915,8.572337208351868,106471000
2010-06-18,8.51537799835205,8.572337266516483,8.40146000522703,8.572337266516483,37968000
2010-06-21,8.572338104248047,8.657776471640316,8.515378830517271,8.600817741113433,67576000
2010-06-22,8.51537799835205,8.629295991477074,8.51537799835205,8.600816900598698,29418000
2010-06-23,8.429941177368164,8.515379551999366,8.429941177368164,8.515379551999366,15351000
2010-06-24,8.316020965576172,8.486897669676726,8.287541333824816,8.458418581129163,34142000
2010-06-25,8.173625946044922,8.230584684434481,8.145146305248158,8.202105043637717,31587000
2010-06-28,8.202103614807129,8.287542522313709,8.173624522175475,8.259062886478182,21130000
2010-06-29,8.11666488647461,8.316021785178332,8.11666488647461,8.259062516061883,25321000
2010-06-30,8.173625946044922,8.230584684434481,7.945789362874782,7.974269003671545,49497000
2010-07-01,8.05970573425293,8.116665004195493,8.002747007514222,8.116665004195493,12852000
2010-07-02,8.03122615814209,8.088184881445757,7.945787258380854,7.945787258380854,39119000
2010-07-05,8.14514446258545,8.20210318808933,8.002746834019984,8.059705559523863,26776000
2010-07-06,8.287542343139648,8.287542343139648,8.031226712569115,8.05970580458506,43772000
2010-07-07,8.372981071472168,8.372981071472168,8.316022341747471,8.344501435007878,64396000
2010-07-08,8.372981071472168,8.490910271455848,8.372981071472168,8.490910271455848,55255000
2010-07-09,8.461429595947266,8.490911478385764,8.372982261639184,8.461429595947266,33297000
2010-07-12,8.461429595947266,8.549876367924483,8.431947151177905,8.490911478385764,33869000
2010-07-13,8.490910530090332,8.520392971566986,8.402463767991165,8.520392971566986,22736000
2010-07-14,8.75625228881836,8.785734169135136,8.54987575261599,8.54987575261599,73406000
2010-07-15,8.697285652160645,8.756250525582153,8.638320778739137,8.756250525582153,27700000
2010-07-16,8.726770401000977,8.726770401000977,8.579358740721672,8.697287956478943,40391000
2010-07-19,8.667803764343262,8.726768641498753,8.549874572363024,8.549874572363024,20648000
2010-07-20,8.697285652160645,8.756250525582153,8.638320778739137,8.726768088871399,17549000
2010-07-21,8.726770401000977,8.756252845523008,8.667805511956912,8.697287956478943,21908000
2010-07-22,8.638321876525879,8.726769197898323,8.638321876525879,8.726769197898323,20485000
2010-07-23,8.638321876525879,8.785733516482503,8.608839998399178,8.756251638355803,42569000
2010-07-26,8.726770401000977,8.756252845523008,8.667805511956912,8.726770401000977,29922000
2010-07-27,8.697285652160645,8.815214836672952,8.697285652160645,8.7857323999622,38043000
2010-07-28,8.60883903503418,8.697285784178282,8.579356597875906,8.667803347020008,40089000
2010-07-29,8.520393371582031,8.608840700164418,8.461429048191265,8.608840700164418,31154000
2010-07-30,8.372981071472168,8.431945952629398,8.343498630893553,8.431945952629398,42328000
2010-08-02,8.549875259399414,8.608840141293106,8.490910377505724,8.490910377505724,41565000
2010-08-03,8.490910530090332,8.579357854520298,8.490910530090332,8.549875413043642,26870000
2010-08-04,8.43194580078125,8.490910118545829,8.343498480638223,8.461428240828925,51962000
2010-08-05,8.490910530090332,8.638322175142807,8.43194620946782,8.549875413043642,90148000
2010-08-06,8.461429595947266,8.549876367924483,8.461429595947266,8.520393923155124,30528000
2010-08-09,8.520393371582031,8.579358257303621,8.43194660533047,8.43194660533047,31647000
2010-08-10,8.461429595947266,8.608841257463204,8.461429595947266,8.579358812693844,33659000
2010-08-11,8.402463912963867,8.461428796934534,8.372981470978534,8.4319463549492,26650000
2010-08-12,8.314016342163086,8.372980658078326,8.284533903040089,8.314016342163086,46170000
2010-08-13,8.314016342163086,8.372980658078326,8.255051463917091,8.343498218955329,50860000
2010-08-16,8.255051612854004,8.34349836948799,8.255051612854004,8.34349836948799,39626000
2010-08-17,8.196086883544922,8.314016644322884,8.196086883544922,8.255051763933903,40976000
2010-08-18,8.166604995727539,8.314016634189546,8.166604995727539,8.225569313713878,39936000
2010-08-19,8.225569725036621,8.255052166669458,8.137122962468911,8.166605404101748,39127000
2010-08-20,8.166604995727539,8.255051753872435,8.166604995727539,8.196086873555322,20819000
2010-08-23,8.10763931274414,8.196086062132698,8.078156875504382,8.1371217499839,37148000
2010-08-24,7.96022891998291,8.107640566649259,7.960228919982909,8.107640566649259,44645000
2010-08-25,7.724370002746582,7.901263517259394,7.69488756288419,7.901263517259394,88847000
2010-08-26,7.8128180503845215,7.930747266980757,7.665406389056511,7.72437127852006,89502000
2010-08-27,7.694887161254883,7.783333913894872,7.665404722931307,7.783333913894872,53748000
2010-08-30,7.694887161254883,7.842298790542023,7.694887161254883,7.783333913894872,26502000
2010-08-31,7.665404796600342,7.665404796600341,7.517993165896488,7.665404796600341,45361000
2010-09-01,7.635922431945801,7.694887309730703,7.635922431945801,7.694887309730703,29576000
2010-09-02,7.783334732055664,7.842299614901027,7.7243704115410985,7.812817173478345,43505000
2010-09-03,7.871781349182129,7.871781349182129,7.783334032859525,7.783334032859525,34672000
2010-09-06,7.842300891876221,7.930747668215407,7.812818445652862,7.901265221992048,31523000
2010-09-07,7.753851413726807,7.871781166080506,7.753851413726807,7.842298727992081,33492000
2010-09-08,7.8128180503845215,7.8128180503845215,7.72437127852006,7.72437127852006,26479000
2010-09-09,7.8128180503845215,7.87178293984807,7.783335605652748,7.842300495116296,35090000
2010-09-10,7.9012627601623535,7.9307451971997445,7.842298448418284,7.871780885455676,45269000
2010-09-13,8.078158378601074,8.078158378601074,7.930746727304226,7.930746727304226,58966000
2010-09-14,8.225569725036621,8.461428695768515,8.048675637570401,8.107640520836075,106872000
2010-09-15,8.166604995727539,8.255051753872435,8.07815767525187,8.255051753872435,63805000
2010-09-16,8.078158378601074,8.166605706777675,8.078158378601074,8.166605706777675,27296000
2010-09-17,8.137124061584473,8.166606507199628,8.078159170354164,8.078159170354164,47435000
2010-09-20,8.10763931274414,8.1371217499839,8.048674438264625,8.10763931274414,28193000
2010-09-21,8.166604995727539,8.255051753872435,8.137122555568983,8.166604995727539,24778000
2010-09-23,8.166604995727539,8.196086873555322,8.07815767525187,8.166604995727539,27410000
2010-09-24,8.078158378601074,8.137123264052141,8.019194055480828,8.107640821326608,48956000
2010-09-27,8.10763931274414,8.166604187223658,8.078156875504382,8.1371217499839,20612000
2010-09-28,8.10763931274414,8.10763931274414,8.019192563355583,8.019192563355583,30741000
2010-09-29,8.10763931274414,8.166604187223658,8.078156875504382,8.10763931274414,40281000
2010-09-30,8.166604995727539,8.196086873555322,8.107640115410426,8.137122555568983,31139000
2010-10-01,8.166604995727539,8.196086873555322,8.107640115410426,8.166604995727539,18966000
2010-10-04,8.137124061584473,8.22557083609906,8.10764161596932,8.166606507199628,32310000
2010-10-05,8.078158378601074,8.137123264052141,8.04867593587554,8.107640821326608,26085000
2010-10-06,8.196086883544922,8.225569323739412,8.107640125292226,8.137122565486717,46290000
2010-10-07,8.196086883544922,8.225569323739412,8.166605005681207,8.196086883544922,35537000
2010-10-08,8.225569725036621,8.284534608302295,8.196087283403784,8.255052166669458,34256000
2010-10-11,8.196086883544922,8.284534204128393,8.166605005681207,8.255051763933903,24384000
2010-10-12,8.019194602966309,8.137123819588872,7.960229713489597,8.137123819588872,51742000
2010-10-13,7.96022891998291,8.078158124849828,7.930746478183479,8.078158124849828,37567000
2010-10-14,8.078158378601074,8.107640821326608,8.019194055480828,8.04867593587554,31680000
2010-10-15,8.048673629760742,8.107638498317131,7.989709323535014,8.107638498317131,19917000
2010-10-18,7.871781349182129,8.078157295940043,7.871781349182129,8.048674857165842,30237000
2010-10-19,7.871781349182129,7.901263225625583,7.842298910407928,7.871781349182129,31758000
2010-10-20,7.989710330963135,8.01919276895879,7.812816265319933,7.842298703315588,31923000
2010-10-21,7.842300891876221,8.019195006885482,7.842300891876221,7.989712560662124,25835000
2010-10-22,7.9012627601623535,7.989710071274528,7.871780885455676,7.871780885455676,25522000
2010-10-25,8.166604995727539,8.166604995727539,7.930746036789862,7.960228476948418,67800000
2010-10-26,8.166604995727539,8.255051753872435,8.107640115410426,8.225569313713878,45418000
2010-10-27,8.137124061584473,8.166606507199628,8.048676724739009,8.137124061584473,29737000
2010-10-28,8.520393371582031,8.697287466415979,8.402464162469673,8.461429048191265,454055000
2010-10-29,8.579357147216797,8.638321462978142,8.46142795336335,8.549874708170746,229466000
2010-11-01,8.490910530090332,8.638322175142807,8.490910530090332,8.608840295996952,113218000
2010-11-02,8.520393371582031,8.608840700164418,8.461429048191265,8.461429048191265,73987000
2010-11-03,8.490910530090332,8.608840295996952,8.43194620946782,8.579357854520298,86264000
2010-11-04,8.75625228881836,8.75625228881836,8.52039330996839,8.52039330996839,161858000
2010-11-05,9.080556869506836,9.080556869506836,8.785733587219852,8.844698468609561,230809000
2010-11-08,8.933145523071289,9.139522052412934,8.9036636437346,9.139522052412934,75862000
2010-11-09,8.962628364562988,9.080557574162997,8.93314592158028,9.021593250528406,47052000
2010-11-10,8.962628364562988,9.021593250528406,8.87418159794569,8.992110807545698,52455000
2010-11-11,8.874180793762207,9.021592432986393,8.874180793762207,8.9921099926754,45671000
2010-11-12,8.60883903503418,8.84469740763893,8.60883903503418,8.84469740763893,75061000
2010-11-15,8.75625228881836,8.75625228881836,8.608840637911188,8.608840637911188,50191000
2010-11-16,8.815216064453125,8.815216064453125,8.69728686351568,8.815216064453125,43707000
2010-11-17,8.785733222961426,8.815215662433932,8.667804027402157,8.75625134581968,36523000
2010-11-18,8.667803764343262,8.726768641498753,8.57935701094077,8.726768641498753,51290000
2010-11-19,8.667803764343262,8.7857329563235,8.667803764343262,8.7857329563235,37236000
2010-11-22,8.874180793762207,8.933145112053415,8.697286714227028,8.785733472829229,56057000
2010-11-23,8.726770401000977,8.903664505802313,8.726770401000977,8.87418206128028,49579000
2010-11-24,8.638321876525879,8.726769197898323,8.608839998399178,8.608839998399178,34818000
2010-11-25,8.844697952270508,8.844697952270508,8.726768758706385,8.726768758706385,55645000
2010-11-26,8.785733222961426,8.933144857993199,8.785733222961426,8.903662980851454,57580000
2010-11-29,8.90366268157959,8.933144557730385,8.81521536613498,8.90366268157959,61608000
2010-11-30,8.90366268157959,9.051074311656532,8.844697804616516,8.90366268157959,82244000
2010-12-01,9.051074981689453,9.051074981689453,8.903663340699923,8.962627659697265,64069000
2010-12-02,9.493309020996094,9.493309020996094,9.16900332854019,9.198485766459951,195060000
2010-12-03,9.67020320892334,9.935544606668143,9.58175645122892,9.67020320892334,195064000
2010-12-06,9.67020320892334,9.788132968956928,9.552274573551294,9.729168088940135,76614000
2010-12-07,9.581756591796875,9.670203350788842,9.463826830033213,9.670203350788842,73483000
2010-12-08,9.493309020996094,9.640720648264166,9.493309020996094,9.611237648013672,44679000
2010-12-09,9.847098350524902,9.876580229704155,9.552275060085973,9.581756939265226,114596000
2010-12-10,9.611238479614258,9.75865011963694,9.552274723334433,9.75865011963694,62449000
2010-12-13,9.552275657653809,9.729169193118569,9.552275657653809,9.729169193118569,33886000
2010-12-14,9.463826179504395,9.611237809245344,9.434344303420797,9.552274057078149,63171000
2010-12-15,9.581756591796875,9.581756591796875,9.434344951923077,9.463826830033213,46767000
2010-12-16,9.67020320892334,9.67020320892334,9.493309693534501,9.552274573551294,66262000
2010-12-17,9.847098350524902,9.994509995744368,9.758650463663944,9.788133467504796,145453000
2010-12-20,9.699685096740723,9.906060466094065,9.699685096740723,9.906060466094065,62711000
2010-12-21,9.699685096740723,9.788131844272357,9.640720223499164,9.729166971030796,29030000
2010-12-22,9.640721321105957,9.78813295866213,9.611238318797799,9.699686201060734,39369000
2010-12-23,9.611238479614258,9.670203360555641,9.581756601474344,9.611238479614258,34218000
2010-12-24,9.581756591796875,9.670203350788842,9.552274713686739,9.552274713686739,31276000
2010-12-27,9.581756591796875,9.611238469907011,9.493309832804908,9.581756591796875,29819000
2010-12-28,9.552275657653809,9.67020430640976,9.522792651968569,9.611239419700949,30787000
2010-12-29,9.463826179504395,9.552274057078149,9.434344303420797,9.493309180249474,45394000
2010-12-30,9.522791862487793,9.552274865728764,9.434345102088033,9.463826980667427,40230000
2010-12-31,9.611238479614258,9.670203360555641,9.463826839591574,9.52279172053296,56577000
2011-01-03,9.552275657653809,9.67020430640976,9.552275657653809,9.67020430640976,32075000
2011-01-04,9.552275657653809,9.611239419700949,9.522792651968569,9.552275657653809,27608000
2011-01-05,9.1690034866333,9.522791060778284,9.1690034866333,9.493309184680925,89570000
2011-01-06,9.37537956237793,9.37537956237793,9.139521176308714,9.198486053991392,42701000
2011-01-07,9.37537956237793,9.611237948447146,9.345897685867339,9.37537956237793,70086000
2011-01-10,9.552275657653809,9.552275657653809,9.404863440881783,9.434345884236189,42872000
2011-01-11,9.81761360168457,9.847096600285063,9.493308489708934,9.581755236187616,133375000
2011-01-12,9.81761360168457,9.965025220702842,9.758648729144982,9.847096600285063,112920000
2011-01-13,9.78813362121582,9.906062264446362,9.758650616911972,9.817615500858052,62423000
2011-01-14,9.847098350524902,9.847098350524902,9.758650463663944,9.788133467504796,45223000
2011-01-17,10.171402931213379,10.259849688291622,9.90606153531711,9.90606153531711,153696000
2011-01-18,10.495707511901855,10.584155388836932,10.082955626404553,10.171402378678156,189319000
2011-01-19,10.643118858337402,10.73156673292696,10.407260483641945,10.554672108409287,186147000
2011-01-20,10.407259941101074,10.613636429949027,10.407259941101074,10.613636429949027,86274000
2011-01-21,10.31881332397461,10.377778196472459,10.141919831142461,10.25984845147676,68812000
2011-01-24,10.259851455688477,10.34829822800286,10.17140468337409,10.318816345451975,34369000
2011-01-25,10.259851455688477,10.436746124978976,10.23036957313759,10.318816345451975,46454000
2011-01-26,10.259851455688477,10.436746124978976,10.200886565924975,10.259851455688475,61372000
2011-01-27,10.613638877868652,10.731568648598516,10.377780461070566,10.377780461070566,193089000
2011-01-28,10.67260456085205,10.702086443407028,10.495709891537008,10.643121553635346,98079000
2011-02-08,10.377779960632324,10.790531888959803,10.348296957040768,10.73156813109987,99808000
2011-02-09,10.023991584777832,10.43674462930978,9.965026703464472,10.318814866683061,94833000
2011-02-10,9.81761360168457,10.023990093242428,9.81761360168457,10.023990093242428,63244000
2011-02-11,9.552275657653809,9.78813407982738,9.493310770945,9.75865107414214,77188000
2011-02-14,9.67020320892334,9.788132968956928,9.611238328906547,9.729168088940135,48021000
2011-02-15,9.552275657653809,9.729169193118569,9.434345884236189,9.552275657653809,47466000
2011-02-16,9.611238479614258,9.699686363357115,9.493309842393048,9.552274723334433,45666000
2011-02-17,9.522791862487793,9.670203504707919,9.493309983908398,9.670203504707919,37352000
2011-02-18,9.67020320892334,9.817614846634553,9.640721331245715,9.67020320892334,51012000
2011-02-21,9.611238479614258,9.699686363357115,9.581756601474344,9.699686363357115,27614000
2011-02-22,9.37537956237793,9.493309317743286,9.28693280818466,9.493309317743286,78629000
2011-02-23,9.080556869506836,9.345898273429752,9.02159255044791,9.28693339204004,92336000
2011-02-24,9.139522552490234,9.227969320001355,9.08055766592893,9.198487439051537,52836000
2011-02-25,9.080556869506836,9.22796851065033,9.02159255044791,9.169004191591403,76622000
2011-03-01,9.316414833068848,9.345897270600192,9.080555895148827,9.080555895148827,66953000
2011-03-02,9.110039710998535,9.257451358627414,9.110039710998535,9.257451358627414,37998000
2011-03-03,9.257451057434082,9.286933498466801,9.110039414601275,9.198486737699433,41201000
2011-03-04,9.37537956237793,9.493309317743286,9.316415247026,9.37537956237793,72299000
2011-03-07,9.198485374450684,9.375378869769163,9.198485374450684,9.375378869769163,27158000
2011-03-08,9.139522552490234,9.257451763282006,9.110040109209583,9.139522552490234,46097000
2011-03-09,8.933145523071289,9.198486935747919,8.874181202067106,9.198486935747919,114216000
2011-03-10,8.667803764343262,8.903662710634482,8.638321325765517,8.874180272056735,111803000
2011-03-11,8.75625228881836,8.75625228881836,8.54987575261599,8.54987575261599,50504000
2011-03-14,8.60883903503418,8.697285784178282,8.490909286401086,8.667803347020008,62523000
2011-03-15,8.43194580078125,8.608839878736532,8.255051722825968,8.579357438688856,118936000
2011-03-16,8.314016342163086,8.608839608731554,8.255051463917091,8.490909852239563,90966000
2011-03-17,8.520393371582031,8.608840700164418,8.19608762477493,8.255052510496522,92281000
2011-03-18,8.60883903503418,8.60883903503418,8.431944974415257,8.579356597875906,55834000
2011-03-21,8.726770401000977,8.726770401000977,8.579358740721672,8.608841185243705,34507000
2011-03-22,8.667803764343262,8.7857329563235,8.638321325765517,8.7857329563235,37403000
2011-03-23,8.75625228881836,8.75625228881836,8.608840637911188,8.667804960875563,27283000
2011-03-24,8.844697952270508,8.903662830217945,8.726768758706385,8.785733074323069,39311000
2011-03-25,8.90366268157959,8.962626996211922,8.785732927653443,8.90366268157959,52454000
2011-03-28,8.874180793762207,8.9036632340732,8.785733472829229,8.844698353451214,33662000
2011-03-29,8.933145523071289,8.992110406406274,8.874181202067106,8.874181202067106,33533000
2011-03-30,8.933145523071289,8.992110406406274,8.9036636437346,8.933145523071289,34641000
2011-03-31,9.021594047546387,9.021594047546387,8.844699936353148,8.992111601959035,32352000
2011-04-01,8.933145523071289,9.021592848073768,8.9036636437346,9.021592848073768,27189000
2011-04-06,9.051074981689453,9.198486622678983,9.051074981689453,9.139521741350858,86925000
2011-04-07,9.139522552490234,9.139522552490234,9.051075784979114,9.08055766592893,44306000
2011-04-08,9.198485374450684,9.198485374450684,9.08055562779742,9.139520501124052,51342000
2011-04-11,9.110039710998535,9.227968916635476,8.992110505361595,9.198487036974347,39262000
2011-04-12,9.051074981689453,9.080556860022732,8.933145219033202,9.080556860022732,23640000
2011-04-13,9.021594047546387,9.05107649313374,8.93314671078433,9.05107649313374,34946000
2011-04-14,8.933145523071289,9.021592848073768,8.933145523071289,9.021592848073768,30212000
2011-04-15,8.785733222961426,8.992109736938213,8.785733222961426,8.962627297465707,47182000
2011-04-18,8.697285652160645,8.7857323999622,8.667803215449892,8.756250525582153,43223000
2011-04-19,8.785733222961426,8.785733222961426,8.579357271315398,8.667804027402157,34752000
2011-04-20,8.90366268157959,8.933144557730385,8.81521536613498,8.90366268157959,33912000
2011-04-21,9.021594047546387,9.110040821977568,8.992111601959035,9.021594047546387,37020000
2011-04-22,8.962628364562988,9.051075693511116,8.962628364562988,9.021593250528406,21599000
2011-04-25,8.874180793762207,8.9921099926754,8.874180793762207,8.962627552364408,16889000
2011-04-26,8.992110252380371,8.992110252380371,8.815216167736239,8.844698608898726,30673000
2011-04-27,9.021594047546387,9.110040821977568,9.021594047546387,9.021594047546387,41641000
2011-04-28,8.90366268157959,9.051074311656532,8.90366268157959,9.021591873174994,39033000
2011-04-29,8.75625228881836,8.93314582004231,8.69728740352316,8.903663939725531,57223000
2011-05-03,8.815216064453125,8.844698505270184,8.756251745149797,8.844698505270184,27258000
2011-05-04,8.815216064453125,8.874180946087241,8.726769304332738,8.815216064453125,32399000
2011-05-05,8.844697952270508,8.903662830217945,8.756251197680102,8.815215513296788,15667000
2011-05-06,8.844697952270508,8.933144706860912,8.785733074323069,8.844697952270508,24803000
2011-05-09,8.962628364562988,8.992110807545698,8.87418159794569,8.93314592158028,27984000
2011-05-10,8.90366268157959,9.021591873174994,8.874180243098053,9.021591873174994,19405000
2011-05-11,8.874180793762207,8.962627552364408,8.844698353451214,8.962627552364408,17355000
2011-05-12,8.785733222961426,8.903662980851454,8.785733222961426,8.84469810190644,34784000
2011-05-13,8.815216064453125,8.903663386904299,8.815216064453125,8.844698505270184,27129000
2011-05-16,8.815216064453125,8.903663386904299,8.785733623636068,8.874180946087241,28160000
2011-05-17,8.75625228881836,8.844699054430334,8.726769846170761,8.785734169135136,39795000
2011-05-18,8.60883903503418,8.667803347020008,8.549874160717632,8.638320909861735,78456000
2011-05-19,8.697285652160645,8.726768088871399,8.638320778739137,8.667803215449892,39876000
2011-05-20,8.60883903503418,8.726768221336554,8.60883903503418,8.697285784178282,42395000
2011-05-23,8.549875259399414,8.608840141293106,8.490910377505724,8.549875259399414,34355000
2011-05-24,8.520393371582031,8.520393371582031,8.402464162469673,8.520393371582031,45609000
2011-05-25,8.579357147216797,8.608839586262846,8.46142795336335,8.520392269124697,29817000
2011-05-26,8.579357147216797,8.667803902024193,8.520392269124697,8.667803902024193,26455000
2011-05-27,8.461429595947266,8.608841257463204,8.461429595947266,8.549876367924483,34105000
2011-05-30,8.667803764343262,8.697286202921008,8.520392133785279,8.549874572363024,41996000
2011-05-31,8.726770401000977,8.785734727714184,8.667805511956912,8.697287956478943,44781000
2011-06-01,8.874180793762207,8.933145112053415,8.756251594849013,8.756251594849013,64240000
2011-06-02,8.874180793762207,8.874180793762207,8.756251594849013,8.785733472829229,43553000
2011-06-03,8.844697952270508,8.874180391244225,8.756251197680102,8.874180391244225,24367000
2011-06-07,8.75625228881836,8.844699054430334,8.726769846170761,8.785734169135136,31667000
2011-06-08,8.844697952270508,8.903662830217945,8.756251197680102,8.756251197680102,28935000
2011-06-09,8.815216064453125,8.903663386904299,8.815216064453125,8.903663386904299,16723000
2011-06-10,8.785733222961426,8.903662980851454,8.785733222961426,8.903662980851454,18897000
2011-06-13,8.638321876525879,8.756251638355803,8.579357557941698,8.726769197898323,33996000
2011-06-14,8.697285652160645,8.697285652160645,8.579356467648337,8.608838904359091,37192000
2011-06-15,8.726770401000977,8.756252845523008,8.579358740721672,8.667805511956912,47761000
2011-06-16,8.490910530090332,8.608840295996952,8.43194620946782,8.549875413043642,54240000
2011-06-17,8.43194580078125,8.54987499864118,8.43194580078125,8.43194580078125,36832000
2011-06-20,8.372981071472168,8.520392712034463,8.343498630893553,8.520392712034463,28782000
2011-06-21,8.43194580078125,8.490910118545829,8.402463360733574,8.402463360733574,26258000
2011-06-22,8.43194580078125,8.520392558593505,8.43194580078125,8.490910118545829,29134000
2011-06-23,8.372981071472168,8.490910271455848,8.343498630893553,8.372981071472168,25337000
2011-06-24,8.284534454345703,8.372981215269752,8.255052013260757,8.343498774184805,42511000
2011-06-27,8.225569725036621,8.255052166669458,8.166605404101748,8.255052166669458,42441000
2011-06-28,8.255051612854004,8.284534052508922,8.19608673354417,8.255051612854004,36631000
2011-06-29,8.402463912963867,8.4319463549492,8.314017149338676,8.3434990289932,37349000
2011-06-30,8.402463912963867,8.4319463549492,8.372981470978534,8.402463912963867,36563000
2011-07-01,8.402463912963867,8.461428796934534,8.372981470978534,8.4319463549492,40720000
2011-07-04,8.461429595947266,8.490911478385764,8.402464706408544,8.461429595947266,39987000
2011-07-05,8.402463912963867,8.490910676589058,8.372981470978534,8.490910676589058,35076000
2011-07-06,8.43194580078125,8.43194580078125,8.343498480638223,8.402463360733574,25043000
2011-07-07,8.461429595947266,8.549876367924483,8.402464706408544,8.431947151177905,46552000
2011-07-08,8.402463912963867,8.520393118574392,8.402463912963867,8.461428796934534,29739000
2011-07-11,8.284534454345703,8.431946097439646,8.284534454345703,8.372981215269752,27765000
2011-07-12,8.196086883544922,8.255051763933903,8.166605005681207,8.196086883544922,47551000
2011-07-13,8.196086883544922,8.255051763933903,8.166605005681207,8.166605005681207,24547000
2011-07-14,8.10763931274414,8.255050936612216,8.019192563355583,8.196086062132698,39804000
2011-07-15,8.196086883544922,8.196086883544922,8.048675244903245,8.107640125292226,28665000
2011-07-18,8.166604995727539,8.225569313713878,8.107640115410426,8.196086873555322,19417000
2011-07-19,8.166604995727539,8.166604995727539,8.07815767525187,8.166604995727539,27429000
2011-07-20,8.314016342163086,8.314016342163086,8.166604708878852,8.225569024794092,45776000
2011-07-21,8.520393371582031,8.520393371582031,8.255052510496522,8.314017396218112,130094000
2011-07-22,8.559773445129395,8.623652596933523,8.527834478424069,8.623652596933523,87728000
2011-07-25,8.432014465332031,8.559772140268025,8.40007489429887,8.432014465332031,21225000
2011-07-26,8.495894432067871,8.495894432067871,8.40007570966757,8.432015283801004,24583000
2011-07-27,8.368135452270508,8.495893119875335,8.368135452270508,8.495893119875335,32049000
2011-07-28,8.336196899414062,8.368136472508475,8.272317753225236,8.304257326319648,20221000
2011-07-29,8.272316932678223,8.36813564245702,8.272316932678223,8.36813564245702,24637000
2011-08-01,8.368135452270508,8.400074412274256,8.240377175469067,8.272316744669427,20369000
2011-08-02,8.176499366760254,8.30425704562281,8.176499366760254,8.272317473608004,30105000
2011-08-03,8.080680847167969,8.112620419959269,8.016802310782053,8.112620419959269,32582000
2011-08-04,7.920983791351318,8.048742085725289,7.85710525336103,8.016802512131797,52766000
2011-08-05,7.3780131340026855,7.537710385348213,7.3780131340026855,7.3780131340026855,67197000
2011-08-08,6.962800979614258,7.218316986354075,6.866982857834802,7.218316986354075,105314000
2011-08-09,6.675344467163086,6.803102136500841,6.483707658558142,6.483707658558142,126791000
2011-08-10,7.090558052062988,7.122497014292981,6.771163556189821,6.898921232699757,98655000
2011-08-11,6.898921012878418,7.026678685317593,6.7711633404392435,6.835041872060513,74981000
2011-08-12,6.962800979614258,7.15443783236993,6.930862011818946,7.026680133598402,93944000
2011-08-15,7.154437065124512,7.154437065124512,7.0586189536206385,7.090558527187495,33473000
2011-08-16,7.154437065124512,7.2821947501952415,7.122497491557656,7.218316212258225,41510000
2011-08-17,7.090558052062988,7.218315728572925,7.026678909209693,7.218315728572925,50610000
2011-08-18,6.994740009307861,7.154437272576062,6.898921895025626,7.154437272576062,52163000
2011-08-19,6.835043430328369,6.866983008018975,6.771164884143932,6.835043430328369,36887000
2011-08-22,6.835043430328369,6.962801131894018,6.803103852637763,6.898922585709581,21016000
2011-08-23,7.090558052062988,7.15443658571963,6.866981661273109,6.962799766356397,25120000
2011-08-24,6.994740009307861,7.122497698083079,6.898921895025626,7.122497698083079,39032000
2011-08-25,6.962800979614258,7.026680133598402,6.930862011818946,6.99474055660633,26160000
2011-08-26,6.898921012878418,7.026678685317593,6.898921012878419,6.9627995444996875,21976000
2011-08-29,7.026679992675781,7.090559145378806,6.962800839972756,6.994740416324269,34439000
2011-08-30,7.090558052062988,7.218315728572925,7.058618480636341,7.122497014292981,64068000
2011-08-31,7.218316555023193,7.250256130106714,7.090558863885833,7.218316555023193,29973000
2011-09-01,7.505770683288574,7.697407503424635,7.250255329238264,7.28219429159706,78182000
2011-09-02,7.409952640533447,7.537710318639887,7.346073496881896,7.537710318639887,40008000
2011-09-05,7.058618545532227,7.218315794937043,7.026678973811931,7.218315794937043,47354000
2011-09-06,6.962800979614258,7.058619710590474,6.962800979614258,6.99474055660633,32980000
2011-09-07,7.282193660736084,7.282193660736084,6.994738760032718,7.026678328821227,39679000
2011-09-08,7.250256061553955,7.409953326264864,7.186376911990904,7.378013751483339,44775000
2011-09-09,7.218316555023193,7.250256130106714,7.090558863885833,7.15443740485615,23680000
2011-09-13,6.962800979614258,7.15443783236993,6.962800979614258,7.15443783236993,25291000
2011-09-14,6.86698055267334,7.090556907369233,6.83504098640299,7.026677774828533,33428000
2011-09-15,7.026679992675781,7.154437688885082,6.962800839972756,7.090559145378806,31572000
2011-09-16,7.31413459777832,7.31413459777832,7.218316482684724,7.218316482684724,63291000
2011-09-19,7.154437065124512,7.2821947501952415,7.154437065124512,7.2821947501952415,12095000
2011-09-20,7.218316555023193,7.250256130106714,7.090558863885833,7.186376979939672,23399000
2011-09-21,7.282193660736084,7.282193660736084,7.122496425990147,7.25025470114418,18336000
2011-09-22,7.026679992675781,7.154437688885082,7.026679992675781,7.122498112533569,28031000
2011-09-23,6.86698055267334,7.026677774828533,6.80310142013264,6.83504098640299,66329000
2011-09-26,6.930860996246338,6.930860996246337,6.930860996246337,6.930860996246337,23287000
2011-09-27,7.346073150634766,7.346073150634766,7.090557806465254,7.090557806465254,53217000
2011-09-28,7.3780131340026855,7.441891669022895,7.2183158826571585,7.441891669022895,48458000
2011-09-29,7.31413459777832,7.3780137473051965,7.186376907921286,7.31413459777832,23760000
2011-09-30,7.282193660736084,7.314133229524592,7.218315132355672,7.282193660736084,31645000
2011-10-03,7.218316555023193,7.282195095993511,7.122497829772629,7.282195095993511,25259000
2011-10-04,7.346073150634766,7.346073150634766,7.058618236144906,7.090557806465254,30600000
2011-10-05,7.31413459777832,7.441892287635355,7.31413459777832,7.3780137473051965,17624000
2011-10-06,7.505770683288574,7.537710254844027,7.378013006263419,7.409952577818872,36994000
2011-10-07,7.601588726043701,7.601588726043701,7.537710192656462,7.537710192656462,33515000
2011-10-11,7.761286735534668,7.825165884392064,7.697408195873984,7.697408195873984,48167000
2011-10-12,7.761286735534668,7.793226309963366,7.633529047016589,7.793226309963366,17309000
2011-10-13,7.633527755737305,7.761285422644035,7.537709657856409,7.761285422644035,31458000
2011-10-14,7.601588726043701,7.665467868627592,7.537710192656462,7.569649763948408,14412000
2011-10-17,7.7932257652282715,7.7932257652282715,7.665468085640267,7.665468085640267,20379000
2011-10-18,7.601588726043701,7.697407439919537,7.569649763948408,7.665467868627592,14336000
2011-10-19,7.697408676147461,7.69740867614746,7.601589946882836,7.665469099725919,12916000
2011-10-20,7.697408676147461,7.729348252569002,7.633529523304378,7.69740867614746,19882000
2011-10-21,7.697408676147461,7.729348252569002,7.633529523304378,7.729348252569002,11956000
2011-10-24,8.112619400024414,8.176498537575998,7.920982596566265,7.920982596566265,48061000
2011-10-25,8.112619400024414,8.20843810635179,8.048740871669434,8.20843810635179,31672000
2011-10-26,8.176499366760254,8.240377901593199,7.920983399838475,7.920983399838475,31873000
2011-10-27,8.432014465332031,8.463954036365191,8.208438686493203,8.240377648329716,77805000
2011-10-28,8.432014465332031,8.751408957270339,8.304256790396037,8.623651282334345,65169000
2011-10-31,8.527832984924316,8.527832984924316,8.368135742578891,8.432014273999082,32232000
2011-11-01,8.40007495880127,8.495893672636521,8.336196425441086,8.495893672636521,40262000
2011-11-02,8.3042573928833,8.336196966233729,8.112620561977424,8.240378246182445,33957000
2011-11-03,8.144556999206543,8.304254195269417,8.016799364195535,8.304254195269417,28832000
2011-11-04,8.336196899414062,8.432015009500613,8.272317753225236,8.304257326319648,29055000
2011-11-07,8.272316932678223,8.40007460318666,8.208438402022319,8.336196072530754,10397000
2011-11-08,8.3042573928833,8.368136539584157,8.208439282028708,8.272317819532873,12794000
2011-11-09,8.336196899414062,8.432015009500613,8.336196899414062,8.432015009500613,15250000
2011-11-10,8.016802787780762,8.176500052042543,7.984863213089062,8.144560477350844,37033000
2011-11-11,8.176499366760254,8.176499366760254,7.984862543868086,8.080680650715836,14308000
2011-11-14,8.40007495880127,8.40007495880127,8.304256854162668,8.304256854162668,27635000
2011-11-15,8.336196899414062,8.368136472508475,8.240378180130824,8.336196899414062,12616000
2011-11-16,8.3042573928833,8.400075503737893,8.240378246182445,8.368136539584157,18233000
2011-11-17,8.2084379196167,8.30425601456769,8.2084379196167,8.240376878469302,12588000
2011-11-18,8.048741340637207,8.144559443350914,7.984862199363642,8.144559443350914,23225000
2011-11-21,7.889044761657715,8.016802445777552,7.857105188328584,7.98486287244842,18514000
2011-11-22,8.016802787780762,8.112620902659144,7.825165948827281,7.88904509821068,30564000
2011-11-23,7.633527755737305,7.9848617966282704,7.633527755737305,7.889043698747375,41278000
2011-11-24,7.601588726043701,7.665467868627592,7.409952516685333,7.537710192656462,21810000
2011-11-25,7.761286735534668,8.11262083585692,7.761286735534668,7.761286735534668,45066000
2011-11-28,8.016802787780762,8.016802787780762,7.793226374135581,7.857105523518981,25607000
2011-11-29,8.048741340637207,8.176499013987698,7.920983058090076,8.080680302077349,33357000
2011-11-30,8.3042573928833,8.3042573928833,8.080680988626996,8.208439282028708,49348000
2011-12-01,8.463955879211426,8.68753231592591,8.463955879211426,8.623653159951264,53149000
2011-12-02,8.40007495880127,8.52783324391494,8.368135996719504,8.463954101358105,14445000
2011-12-05,8.272316932678223,8.432014173112925,8.272316932678223,8.40007460318666,17147000
2011-12-06,8.144556999206543,8.336193756321283,8.144556999206543,8.304254195269417,13044000
2011-12-07,8.2084379196167,8.30425601456769,8.176498351567506,8.272316446518497,26167000
2011-12-08,8.176499366760254,8.240377901593199,8.016802115882891,8.208438938775059,24620000
2011-12-09,7.952922821044922,8.080680497484856,7.952922821044922,8.048741535272363,25550000
2011-12-12,8.016802787780762,8.144560477350844,7.952923638397363,8.016802787780762,11870000
2011-12-13,7.7932257652282715,7.920983444816275,7.7932257652282715,7.857104909620608,22147000
2011-12-14,7.697408676147461,7.825166372636875,7.665469099725919,7.793226796215334,23306000
2011-12-15,7.505770683288574,7.633528360313729,7.505770683288574,7.633528360313729,34089000
2011-12-16,7.825165748596191,7.825165748596191,7.505771228245327,7.505771228245327,24173000
2011-12-19,7.761286735534668,7.920983998481445,7.601589472587891,7.857105458820761,29701000
2011-12-20,7.505770683288574,7.761286037338884,7.473831111733121,7.761286037338884,37679000
2011-12-21,7.952922821044922,7.952922821044922,7.7293470395742006,7.79322557319584,30199000
2011-12-22,7.889044761657715,7.98486287244842,7.8251656149994515,7.889044761657716,15316000
2011-12-23,8.112619400024414,8.112619400024414,7.952922165342057,7.98486173411785,16844000
2011-12-26,7.984862327575684,8.17649914527683,7.9848623275756845,8.112620002977565,17131000
2011-12-27,8.048741340637207,8.080680302077349,7.984862199363642,7.984862199363642,11031000
2011-12-28,8.080680847167969,8.080680847167969,7.952923165199453,8.048741883573351,18333000
2011-12-29,8.112619400024414,8.144558968800206,7.98486173411785,8.016801302893642,14709000
2011-12-30,8.112619400024414,8.20843810635179,8.112619400024414,8.144558968800206,13203000
2012-01-02,7.505770683288574,8.144559677611007,7.505770683288574,8.112620106055553,27460000
2012-01-03,7.665468215942383,8.272317661198485,7.665468215942383,8.176499552177878,62362000
2012-01-04,7.72934627532959,8.368135203565206,7.72934627532959,8.272316498811906,72931000
2012-01-05,8.40007495880127,8.40007495880127,8.27231728288425,8.304256854162668,70328000
2012-01-06,8.3042573928833,8.368136539584157,8.240378246182445,8.368136539584157,18841000
2012-01-09,8.240378379821777,8.304257527558601,8.176499841281656,8.304257527558601,13490000
2012-01-10,8.495894432067871,8.527834006201305,8.24037844819711,8.24037844819711,52430000
2012-01-11,8.59171199798584,8.59171199798584,8.400075174589068,8.59171199798584,56245000
2012-01-12,8.84722900390625,8.84722900390625,8.591713006323873,8.591713006323873,87623000
2012-01-13,8.84722900390625,8.97498669809907,8.78334985221147,8.91110754640429,81922000
2012-01-16,8.59171199798584,8.94304607268048,8.59171199798584,8.94304607268048,41680000
2012-01-17,9.006924629211426,9.006924629211426,8.751408678288264,8.815287818318211,68811000
2012-01-18,9.102743148803711,9.134682720287968,8.911106329094828,8.97498547206334,60049000
2012-01-30,9.709592819213867,9.709592819213867,9.422137886877284,9.45407745918061,158774000
2012-01-31,9.901229858398438,9.901229858398438,9.64571449282812,9.741532602617818,81361000
2012-02-01,9.933170318603516,10.060928012799721,9.773473048559076,9.901230742755281,86782000
2012-02-02,9.773470878601074,10.028986210262609,9.709591741087388,10.028986210262609,49179000
2012-02-03,9.837348937988281,9.837348937988281,9.677651711013167,9.773470412716181,33157000
2012-02-06,9.773470878601074,9.837349406918156,9.645713212770307,9.677652172330545,38676000
2012-02-07,9.805411338806152,9.86928987293068,9.741532195484965,9.773471767145558,36856000
2012-02-08,9.837348937988281,9.901228072456956,9.741530845481844,9.901228072456956,40730000
2012-02-09,9.645713806152344,9.741531909120777,9.486016561740527,9.741531909120777,74102000
2012-02-10,9.58183479309082,9.8054111819416,9.549895221941188,9.67765289734307,46205000
2012-02-13,9.549895286560059,9.645714000657309,9.486016753025211,9.517955715194308,35318000
2012-02-14,9.422139167785645,9.645715595106717,9.422139167785645,9.645715595106717,34972000
2012-02-15,9.741532325744629,9.741532325744629,9.486016967436552,9.51795593032756,57653000
2012-02-16,9.645713806152344,9.80541105056416,9.613774235430652,9.773471479842469,30776000
2012-02-17,9.549895286560059,9.805411248289406,9.35825846756221,9.741532105557905,57545000
2012-02-20,9.486017227172852,9.741532592477185,9.486017227172852,9.709593019514973,28555000
2012-02-21,9.58183479309082,9.58183479309082,9.45407711768894,9.486016688838573,31793000
2012-02-22,9.549895286560059,9.613774429291558,9.517955715194308,9.58183485792581,37255000
2012-02-23,9.454076766967773,9.581834437630183,9.454076766967773,9.549894867665424,27232000
2012-02-24,9.517955780029297,9.581834923195933,9.486016817642637,9.581834923195933,27941000
2012-02-29,9.901229858398438,9.901229858398438,9.64571449282812,9.64571449282812,102399000
2012-03-01,9.997048377990723,10.028987952295463,9.837351115663736,9.901230264273215,60037000
2012-03-02,9.86928939819336,10.028986639617836,9.773471297017325,10.028986639617836,25902000
2012-03-05,9.645713806152344,9.741531909120777,9.613774235430652,9.709592338399085,23896000
2012-03-06,9.549895286560059,9.709592534192154,9.454077181659462,9.645714000657309,43546000
2012-03-07,9.326319694519043,9.517955908206375,9.326319694519043,9.454077373376153,43407000
2012-03-08,9.422139167785645,9.486018321076452,9.326321047046187,9.454078744431047,23123000
2012-03-09,9.422139167785645,9.454078744431047,9.230502317109975,9.358260014494837,32742000
2012-03-12,9.326319694519043,9.454077373376153,9.326319694519043,9.454077373376153,13585000
2012-03-13,9.677653312683105,9.709592885203502,9.390198378392883,9.42213795091328,51716000
2012-03-14,9.709592819213867,9.837350499230496,9.613774711500563,9.773471963820517,59766000
2012-03-15,9.613773345947266,9.741531007817025,9.613773345947266,9.741531007817025,45998000
2012-03-16,9.549895286560059,9.805411248289406,9.549895286560059,9.709592534192154,44373000
2012-03-19,9.517955780029297,9.645714066362569,9.454077246059319,9.61377449477925,23465000
2012-03-20,9.58183479309082,9.709592468492701,9.517955650791556,9.645713935390086,19804000
2012-03-21,9.58183479309082,9.67765289734307,9.549895221941188,9.58183479309082,20558000
2012-03-22,9.773470878601074,9.869288975674998,9.581834075256621,9.581834075256621,43405000
2012-03-23,9.741532325744629,9.805411469919981,9.645714218678267,9.805411469919981,13043000
2012-03-26,9.517955780029297,9.709592600332547,9.486016817642637,9.709592600332547,36091000
2012-03-27,9.645713806152344,9.645713806152344,9.549895093987269,9.613774235430652,18337000
2012-03-28,9.645713806152344,9.645713806152344,9.517955523265577,9.58183466470896,12957000
2012-03-29,9.390196800231934,9.549894026797771,9.294378707971061,9.51795445964529,41708000
2012-03-30,9.230501174926758,9.262440747619955,9.070803920657449,9.230501174926758,47296000
2012-04-02,9.070804595947266,9.23050186210548,9.006926055002014,9.23050186210548,26442000
2012-04-03,9.166621208190918,9.23049973441173,9.102742072773523,9.13468164048222,28208000
2012-04-05,8.974987030029297,9.070805151918456,8.879168298943375,8.879168298943375,21845000
2012-04-06,8.943047523498535,9.038865646143027,8.943047523498535,8.974987100778954,41435000
2012-04-09,8.84722900390625,9.006926273946458,8.655592158018651,8.78334985221147,26299000
2012-04-10,9.038864135742188,9.13468285157207,9.00692517299556,9.00692517299556,39494000
2012-04-11,9.166621208190918,9.262439302120427,8.911105275717922,9.006923978844014,29045000
2012-04-12,9.006924629211426,9.198560830908013,9.006924629211426,9.198560830908013,22477000
2012-04-13,9.230501174926758,9.262440747619955,9.102743493350646,9.134683066043845,26809000
2012-04-16,9.102743148803711,9.166622291772223,9.038864005835197,9.134682720287968,9722000
2012-04-17,9.070804595947266,9.102744171018253,8.974986479931026,9.070804595947266,23798000
2012-04-18,9.038864135742188,9.230500958205285,9.038864135742188,9.198561386261991,21541000
2012-04-19,9.262439727783203,9.29437929695971,9.038863352744274,9.102742491097285,24881000
2012-04-20,9.326319694519043,9.35825865733582,9.198561406465267,9.326319694519043,32244000
2012-04-23,9.613773345947266,9.613773345947266,9.39019698077775,9.39019698077775,45444000
2012-04-24,9.422139167785645,9.58183644181591,9.294381470400783,9.58183644181591,31361000
2012-04-25,9.517955780029297,9.581834923195933,9.390198102892683,9.422137674476,37344000
2012-04-26,9.549895286560059,9.709592534192154,9.486016753025211,9.709592534192154,53524000
2012-04-27,9.773470878601074,9.869288975674998,9.677652172330545,9.677652172330545,86990000
2012-04-30,9.773470878601074,9.901228544431842,9.709591741087388,9.805410447357916,48445000
2012-05-02,9.933170318603516,9.965109894451752,9.805412624407312,9.837351591058809,62663000
2012-05-03,9.933170318603516,9.933170318603516,9.869291166907045,9.901230742755281,21426000
2012-05-04,9.741532325744629,9.869290004898668,9.70959275365695,9.805411469919981,29939000
2012-05-07,9.262439727783203,9.581834201155036,9.230500158606697,9.581834201155036,77015000
2012-05-08,9.422139167785645,9.454078744431047,9.294381470400783,9.39019959114024,33274000
2012-05-09,9.230501174926758,9.422138001889266,9.166622638737042,9.422138001889266,37162000
2012-05-10,9.294380187988281,9.358258723268554,9.166622508231066,9.166622508231066,16445000
2012-05-11,9.390196800231934,9.390196800231934,9.198560006513615,9.326318275123544,20699000
2012-05-14,9.390196800231934,9.454075934536899,9.294378707971061,9.454075934536899,13550000
2012-05-15,9.230501174926758,9.294380320313154,9.134683066043845,9.230501174926758,36910000
2012-05-16,8.815288543701172,9.230501160472514,8.815288543701172,9.166622624382827,48602000
2012-05-17,8.943047523498535,9.006926678059374,8.815289823573623,9.006926678059374,37362000
2012-05-18,8.463955879211426,8.783350440691102,8.463955879211426,8.783350440691102,60232000
2012-05-21,8.463955879211426,8.59171358196394,8.463955879211426,8.463955879211426,22314000
2012-05-22,8.527832984924316,8.591711516344507,8.495893414615905,8.559771946036095,26851000
2012-05-23,8.144556999206543,8.336193756321283,8.112617438154677,8.304254195269417,59757000
2012-05-24,8.016802787780762,8.240378592229225,7.920984063705663,8.176500052042543,65992000
2012-05-25,8.048741340637207,8.144559443350914,7.984862199363642,8.016801770000423,36111000
2012-05-28,8.112619400024414,8.144558968800206,8.048740871669434,8.048740871669434,20938000
2012-05-29,8.495894432067871,8.623652119404898,8.144560334993516,8.144560334993516,69407000
2012-05-30,8.527832984924316,8.591711516344507,8.33619617227048,8.591711516344507,40391000
2012-05-31,8.368135452270508,8.400074412274256,8.240377175469067,8.336195883070147,42233000
2012-06-01,8.016802787780762,8.240378592229225,7.984863213089062,8.240378592229225,63066000
2012-06-04,7.5696492195129395,7.793224984082907,7.473830512528718,7.793224984082907,76357000
2012-06-05,7.537710189819336,7.729347008302225,7.505770618539412,7.665467865742379,56477000
2012-06-06,7.5696492195129395,7.601588179311071,7.473830512528718,7.5696492195129395,55102000
2012-06-07,7.601588726043701,7.729347011211482,7.537710192656462,7.729347011211482,37658000
2012-06-08,7.665468215942383,7.665468215942383,7.537710534182679,7.6015890704641915,18774000
2012-06-11,7.72934627532959,7.825164370886294,7.66546713882739,7.761285234384094,33499000
2012-06-12,7.825165748596191,7.825165748596191,7.6015893406719055,7.6015893406719055,28515000
2012-06-13,7.857105731964111,7.857105731964111,7.761287005346989,7.857105731964111,23751000
2012-06-14,7.761286735534668,7.793226309963366,7.729347770302682,7.761286735534668,20810000
2012-06-15,7.825165748596191,7.825165748596191,7.729347636169613,7.761286600847338,59569000
2012-06-18,7.889044761657715,8.048742019106683,7.857105188328584,7.98486287244842,45238000
2012-06-19,7.889044761657715,7.952923299119288,7.857105188328584,7.952923299119288,11904000
2012-06-20,8.112619400024414,8.112619400024414,7.952922165342057,8.016801302893642,31184000
2012-06-21,8.2084379196167,8.30425601456769,8.080679647419924,8.112619215469119,35872000
2012-06-22,7.984862327575684,8.080680431827933,7.9848623275756845,8.04874146987495,26366000
2012-06-25,7.825165748596191,7.9529234348971976,7.825165748596191,7.8890448963450455,17075000
2012-06-26,7.825165748596191,7.92098386102277,7.761286600847338,7.761286600847338,21516000
2012-06-27,7.7932257652282715,7.920983444816275,7.7932257652282715,7.82516533742444,18477000
2012-06-28,7.72934627532959,7.920982466442998,7.72934627532959,7.920982466442998,24482000
2012-06-29,8.240378379821777,8.240378379821777,7.761286599385704,7.793226173254116,70007000
2012-07-02,8.559773445129395,8.623652596933523,8.336197632208421,8.336197632208421,71672000
2012-07-03,8.559773445129395,8.655592172835588,8.432015750717875,8.527834478424069,63933000
2012-07-04,8.432014465332031,8.591711711301185,8.40007489429887,8.559772140268025,38657000
2012-07-05,8.40007495880127,8.52783324391494,8.336196425441086,8.432014530079687,35940000
2012-07-06,8.3042573928833,8.46395465043875,8.272317819532873,8.46395465043875,59120000
2012-07-09,8.171258926391602,8.270908170526907,8.171258926391602,8.204475552288184,43546000
2012-07-10,8.237691879272461,8.436991009193699,8.237691879272461,8.237691879272461,39270000
2012-07-11,8.204476356506348,8.304125610409459,8.171259727353808,8.304125610409459,17893000
2012-07-12,8.00517749786377,8.204476646263128,7.971960867538122,8.204476646263128,34153000
2012-07-13,7.971960067749023,8.038393321735384,7.905526813762663,7.938743440755843,25983000
2012-07-16,8.00517749786377,8.071610124960538,7.938744237212474,7.971960867538122,22746000
2012-07-17,8.270909309387207,8.304125939857542,7.971960902263241,8.005177532733578,31451000
2012-07-18,8.071609497070312,8.270908629966199,8.071609497070312,8.23769200222447,25135000
2012-07-19,8.304125785827637,8.370559045536066,8.1712598999653,8.204476529819512,30705000
2012-07-20,8.33734130859375,8.33734130859375,8.204475440374232,8.237691432263286,31222000
2012-07-23,8.171258926391602,8.237691544630323,8.071609048701854,8.204475552288184,30217000
2012-07-24,8.204476356506348,8.23769235210438,8.104826469048731,8.171259727353808,22124000
2012-07-25,8.038392066955566,8.171257920633682,8.038392066955566,8.038392066955566,29563000
2012-07-26,8.104826927185059,8.20447682027552,8.071610296154905,8.071610296154905,20869000
2012-07-27,8.237691879272461,8.270908506518412,8.171259258335027,8.237691879272461,22754000
2012-07-30,8.304125785827637,8.337342415681851,8.23769252611921,8.304125785827637,15074000
2012-07-31,8.370558738708496,8.403774733790641,8.237692224161936,8.304125481435216,37322000
2012-08-01,8.33734130859375,8.370557934037237,8.237691432263286,8.304124683150262,18598000
2012-08-02,8.33734130859375,8.33734130859375,8.33734130859375,8.33734130859375,0
2012-08-03,8.237691879272461,8.304125133764364,8.204475885580978,8.270908506518412,26401000
2012-08-06,8.436991691589355,8.436991691589355,8.30412580541364,8.370559065278758,35514000
2012-08-07,8.436991691589355,8.436991691589355,8.3373424353462,8.403775061656797,25994000
2012-08-08,8.470206260681152,8.569855492679185,8.436989638830353,8.569855492679185,24531000
2012-08-09,8.536642074584961,8.636291336585275,8.503425442733336,8.569858072882027,44236000
2012-08-10,8.436991691589355,8.53664158138703,8.3373424353462,8.53664158138703,26953000
2012-08-13,8.304125785827637,8.569857557552314,8.304125785827637,8.569857557552314,22914000
2012-08-14,8.304125785827637,8.47020830154419,8.270909155973422,8.337342415681851,34126000
2012-08-15,8.270909309387207,8.337342570327879,8.171260051530728,8.270909309387207,33189000
2012-08-16,8.204476356506348,8.304125610409459,8.204476356506348,8.23769235210438,29010000
2012-08-17,8.270909309387207,8.304125939857542,8.138043421060392,8.204476682001065,44937000
2012-08-20,8.071609497070312,8.270908629966199,8.038393502883062,8.270908629966199,49659000
2012-08-21,8.104826927185059,8.171260189245366,8.071610296154905,8.071610296154905,44548000
2012-08-22,8.00517749786377,8.038394128189418,7.905527606886827,7.971960867538122,53599000
2012-08-23,8.104826927185059,8.104826927185059,8.005177667649138,8.038394298679291,31398000
2012-08-24,8.071609497070312,8.138042752553767,8.038393502883062,8.104826124812039,19169000
2012-08-27,8.00517749786377,8.17126001593748,8.00517749786377,8.138043385611834,21760000
2012-08-28,8.00517749786377,8.071610124960538,7.971960867538122,7.971960867538122,15327000
2012-08-29,8.00517749786377,8.071610124960538,8.00517749786377,8.071610124960538,22535000
2012-08-30,8.00517749786377,8.071610124960538,7.971960867538122,8.038394128189418,29612000
2012-08-31,7.971960067749023,8.0716093151741,7.971960067749023,8.005176694742204,16719000
2012-09-03,7.9387431144714355,7.971959740099404,7.905526488843467,7.971959740099404,26727000
2012-09-04,7.9387431144714355,8.005176365727372,7.905526488843467,7.971959740099404,17101000
2012-09-05,7.77266263961792,7.905528543100655,7.77266263961792,7.905528543100655,65210000
2012-09-06,7.739445209503174,7.872311732877704,7.739445209503173,7.772661840346806,22804000
2012-09-07,7.839095115661621,7.905527743909836,7.805878484760244,7.839095115661621,27622000
2012-09-10,8.038392066955566,8.038392066955566,7.9387422015312055,7.9387422015312055,32583000
2012-09-11,8.038392066955566,8.104824677017442,7.9719588233393255,8.104824677017442,17341000
2012-09-12,7.971960067749023,8.0716093151741,7.938743440755843,8.0716093151741,28250000
2012-09-13,7.971960067749023,8.038393321735384,7.938743440755843,7.971960067749023,16803000
2012-09-14,8.138043403625488,8.204476664423835,7.971960885184153,8.0383941459825,76996000
2012-09-17,8.171258926391602,8.171258926391602,8.104825674598436,8.171258926391602,41848000
2012-09-18,8.104826927185059,8.171260189245366,8.071610296154905,8.138043558215212,27040000
2012-09-19,8.171258926391602,8.171258926391602,8.071609048701854,8.104825674598436,23219000
2012-09-20,8.104826927185059,8.138043558215212,8.071610296154905,8.138043558215212,22295000
2012-09-21,8.171258926391602,8.171258926391602,8.038393056359714,8.104825674598436,30472000
2012-09-24,8.071609497070312,8.104826124812039,8.038393502883062,8.071609497070312,17531000
2012-09-25,8.071609497070312,8.138042752553767,8.038393502883062,8.038393502883062,27603000
2012-09-26,8.00517749786377,8.071610124960538,7.971960867538122,8.038394128189418,22419000
2012-09-27,8.071609497070312,8.104826124812039,7.9719602473996085,7.9719602473996085,32289000
2012-09-28,8.104826927185059,8.138043558215212,8.038394298679291,8.138043558215212,29828000
2012-10-01,7.971960067749023,8.0716093151741,7.938743440755843,8.038393321735384,24115000
2012-10-02,8.038392066955566,8.071608055209321,7.9387422015312055,8.005175445147446,21881000
2012-10-03,8.00517749786377,8.071610124960538,7.971960867538122,8.071610124960538,13045000
2012-10-04,7.905526638031006,8.005176516795434,7.872310645330647,7.971959890540624,26218000
2012-10-05,7.839095115661621,7.938744374811213,7.839095115661621,7.938744374811213,18086000
2012-10-08,7.839095115661621,7.905527743909836,7.839095115661621,7.839095115661621,17151000
2012-10-09,7.905526638031006,7.938743264285816,7.872310645330647,7.872310645330647,19878000
2012-10-11,7.77266263961792,7.8390959081365885,7.77266263961792,7.805879273877254,16169000
2012-10-12,7.739445209503174,7.839095102034071,7.706229212214078,7.772661840346806,34992000
2012-10-15,7.573360919952393,7.739443401824633,7.540144930421456,7.739443401824633,37673000
2012-10-16,7.573360919952393,7.639794166123044,7.50692830733613,7.6065775430377185,33416000
2012-10-17,7.573360919952393,7.67301078920837,7.540144930421456,7.639794166123044,22114000
2012-10-18,7.506930828094482,7.639796731496545,7.473714193855316,7.573363463018213,24269000
2012-10-19,7.407279968261719,7.506929858103178,7.374063971869086,7.473713228156025,33136000
2012-10-22,7.407279968261719,7.407279968261719,7.2744140820276275,7.30763071197478,21942000
2012-10-23,7.340847015380859,7.407279638765539,7.307630386911273,7.374063643850445,18070000
2012-10-24,7.407279968261719,7.473713228156025,7.241197452080474,7.2744140820276275,17669000
2012-10-25,7.4737138748168945,7.54014714045932,7.374064609907833,7.40728060917447,19086000
2012-10-26,7.274413585662842,7.540145973553472,7.241196957982202,7.540145973553472,22096000
2012-10-29,7.207981109619141,7.307630361121732,7.2079811096191415,7.274413732769372,15166000
2012-10-30,7.307631492614746,7.340848126110276,7.241198225623686,7.241198225623686,18044000
2012-10-31,7.207981109619141,7.340846989474093,7.2079811096191415,7.340846989474093,17530000
2012-11-01,7.008681774139404,7.207980905042579,6.975465146729797,7.207980905042579,36338000
2012-11-02,7.041899681091309,7.17476558131755,7.008683047646101,7.075115680981929,29299000
2012-11-05,7.008681774139404,7.075114395404149,6.975465146729797,7.008681774139405,19422000
2012-11-06,7.008681774139404,7.008681774139405,6.9090318919105815,6.975465146729797,38376000
2012-11-07,7.0751142501831055,7.108330876910921,7.008681630281932,7.041898257009748,48144000
2012-11-08,7.041899681091309,7.075115680981929,6.942249780755686,7.008683047646101,33401000
2012-11-09,7.207981109619141,7.2079811096191415,6.975465344707108,7.041898601411829,30143000
2012-11-12,7.0751142501831055,7.174764130366554,7.041898257009748,7.174764130366554,21895000
2012-11-13,6.975465297698975,7.075114548530022,6.942248669570463,7.075114548530022,30558000
2012-11-14,7.008681774139404,7.008681774139405,6.9090318919105815,6.975465146729797,26368000
2012-11-15,7.041899681091309,7.041899681091309,6.9090331473104785,7.008683047646101,17922000
2012-11-16,7.008681774139404,7.075114395404149,6.94224851932019,7.0418984015490125,17455000
2012-11-19,6.909032344818115,7.008682233579283,6.909032344818115,7.008682233579283,15346000
2012-11-20,6.842599868774414,6.975465756472508,6.842599868774414,6.9422491261593535,21574000
2012-11-21,6.70973539352417,6.842601309191501,6.643302118913174,6.842601309191501,50355000
2012-11-22,6.70973539352417,6.776168034580505,6.643302118913174,6.70973539352417,41515000
2012-11-23,7.174764156341553,7.174764156341553,6.742949274425549,6.776165901273621,149393000
2012-11-26,7.374063491821289,7.407279486051578,7.274413608466987,7.37406349182129,74593000
2012-11-27,7.44049596786499,7.440495967864991,7.307630092887029,7.3740633471532435,48766000
2012-11-28,7.44049596786499,7.440495967864991,7.340846720020136,7.4072793407318835,53321000
2012-11-29,7.374063491821289,7.440496113836345,7.340846864036522,7.407279486051578,61253000
2012-11-30,7.4737138748168945,7.54014714045932,7.340847977086621,7.340847977086621,92865000
2012-12-03,7.407279968261719,7.473713228156025,7.374063971869086,7.440496598208872,33925000
2012-12-04,7.374063491821289,7.37406349182129,7.274413608466987,7.340846864036522,52363000
2012-12-05,7.706228256225586,7.805877502840058,7.307630002658778,7.374063256104732,124284000
2012-12-06,7.77266263961792,7.8390959081365885,7.67301337039452,7.805879273877254,115901000
2012-12-07,7.739445209503174,7.938744361010433,7.706229212214078,7.839095102034071,94731000
2012-12-10,7.606579303741455,7.772661824057009,7.606579303741455,7.772661824057009,39386000
2012-12-11,7.573360919952393,7.67301078920837,7.540144930421456,7.6065775430377185,40593000
2012-12-12,7.6730122566223145,7.706228886060106,7.606578997746731,7.706228886060106,37450000
2012-12-13,7.971960067749023,7.971960067749023,7.673011691919328,7.706228318912508,111926000
2012-12-14,7.77266263961792,7.872312542395923,7.739446005358586,7.872312542395923,67906000
2012-12-17,7.6730122566223145,7.83909477025676,7.6730122566223145,7.83909477025676,47444000
2012-12-18,7.739445209503174,7.8058784711904385,7.673012581370445,7.673012581370445,46202000
2012-12-19,7.639795780181885,7.839094927245361,7.606579150078885,7.839094927245361,68332000
2012-12-20,7.77266263961792,7.938745177359989,7.606580101875851,7.706230004653854,145021000
2012-12-21,7.739445209503174,7.9055277301668,7.706229212214078,7.839095102034071,91991000
2012-12-24,7.639795780181885,7.739445036936361,7.639795780181886,7.739445036936361,25627000
2012-12-25,7.706228256225586,7.739444249394104,7.639795002779631,7.673011629502608,21531000
2012-12-26,7.739445209503174,7.872311732877704,7.706229212214078,7.706229212214078,49095000
2012-12-27,7.77266263961792,7.77266263961792,7.706230004653854,7.739446005358586,28958000
2012-12-28,7.77266263961792,7.872312542395923,7.77266263961792,7.8390959081365885,44983000
2013-01-02,7.839095115661621,7.905527743909836,7.739445222957491,7.839095115661621,44160000
2013-01-03,8.204476356506348,8.337342239561998,7.938743956840542,7.938743956840542,171425000
2013-01-04,8.237691879272461,8.337341761010315,8.104826003843124,8.204475885580978,106365000
2013-01-07,8.104826927185059,8.237692817751133,8.038394298679291,8.237692817751133,55698000
2013-01-08,8.038392066955566,8.204474542441801,7.9719588233393255,8.104824677017442,55489000
2013-01-09,7.872311592102051,8.005177479546086,7.872311592102051,7.971960849296446,70636000
2013-01-10,7.839095115661621,7.97196100571259,7.839095115661621,7.97196100571259,52616000
2013-01-11,7.872311592102051,7.938744219046805,7.83909496185241,7.905527588797165,31115000
2013-01-14,7.839095115661621,7.872311746562998,7.772661853858867,7.872311746562998,37582000
2013-01-15,7.739445209503174,7.872311732877704,7.706229212214078,7.872311732877704,47158000
2013-01-16,7.639795780181885,7.772661667039361,7.639795780181886,7.739445036936361,42023000
2013-01-17,7.44049596786499,7.706228351375381,7.440495967864991,7.706228351375381,52153000
2013-01-18,7.639795780181885,7.673012410284885,7.5069298933244095,7.5069298933244095,48390000
2013-01-21,7.606579303741455,7.606579303741455,7.540146675747955,7.573362672967437,19377000
2013-01-22,7.639795780181885,7.639795780181886,7.540146523427409,7.606579150078885,14498000
2013-01-23,7.606579303741455,7.706229196063509,7.573362672967437,7.573362672967437,31182000
2013-01-24,7.573360919952393,7.706227412293696,7.540144930421456,7.573360919952393,35509000
2013-01-25,7.4737138748168945,7.639796405368382,7.473713874816895,7.573363139725957,30304000
2013-01-28,7.540146827697754,7.60657945703001,7.506930196254351,7.506930196254351,15050000
2013-01-29,7.6730122566223145,7.706228886060106,7.57336236830894,7.606578997746731,40671000
2013-01-30,7.739445209503174,7.739445209503173,7.639795950526812,7.739445209503173,39903000
2013-01-31,7.639795780181885,7.739445036936361,7.606579150078885,7.739445036936361,33478000
2013-02-01,7.706228256225586,7.739444249394104,7.639795002779631,7.639795002779631,25891000
2013-02-04,7.739445209503174,7.772661840346806,7.673012581370445,7.739445209503173,25443000
2013-02-05,7.573360919952393,7.706227412293696,7.573360919952393,7.706227412293696,28710000
2013-02-06,7.540146827697754,7.60657945703001,7.540146827697754,7.540146827697754,26057000
2013-02-18,7.407279968261719,7.540146488050332,7.3408473419219336,7.540146488050332,81165000
2013-02-19,7.540146827697754,7.5733628255866074,7.374064304035288,7.407280301924142,48618000
2013-02-20,7.4737138748168945,7.573363139725957,7.440497241995683,7.573363139725957,43647000
2013-02-21,7.407279968261719,7.473713228156025,7.407279968261719,7.440496598208872,27592000
2013-02-22,7.44049596786499,7.506929222131205,7.4072793407318835,7.4072793407318835,35113000
2013-02-25,7.4737138748168945,7.54014714045932,7.440497241995683,7.473713874816895,25596000
2013-02-26,7.374063491821289,7.440496113836345,7.37406349182129,7.407279486051578,33795000
2013-02-27,7.374063491821289,7.407279486051578,7.307630236251755,7.340846864036522,28435000
2013-03-01,7.340847015380859,7.440496267235125,7.340847015380859,7.407279638765539,27494000
2013-03-04,7.2411980628967285,7.374064593893022,7.2411980628967285,7.3408479611439486,47592000
2013-03-05,7.374063491821289,7.407279486051578,7.274413608466987,7.274413608466987,45375000
2013-03-06,7.44049596786499,7.473712594998098,7.340846720020136,7.440495967864991,31110000
2013-03-07,7.374063491821289,7.440496113836345,7.340846864036522,7.440496113836345,25985000
2013-03-08,7.340847015380859,7.440496267235125,7.340847015380859,7.374063643850445,37130000
2013-03-11,7.374063491821289,7.440496113836345,7.340846864036522,7.37406349182129,29477000
2013-03-12,7.44049596786499,7.540145849264312,7.340846720020136,7.3740633471532435,56148000
2013-03-13,7.374063491821289,7.473712741621113,7.340846864036522,7.473712741621113,31752000
2013-03-14,7.706228256225586,7.839094129563035,7.706228256225586,7.839094129563035,164819000
2013-03-15,7.706228256225586,7.772660876117081,7.639795002779631,7.772660876117081,83241000
2013-03-18,7.44049596786499,7.60657846997606,7.440495967864991,7.60657846997606,54217000
2013-03-19,7.44049596786499,7.540145849264312,7.440495967864991,7.473712594998098,42185000
2013-03-20,7.407279968261719,7.473713228156025,7.374063971869086,7.407279968261719,34175000
2013-03-21,7.374063491821289,7.473712741621113,7.37406349182129,7.37406349182129,28357000
2013-03-22,7.374063491821289,7.440496113836345,7.37406349182129,7.37406349182129,25909000
2013-03-25,7.407279968261719,7.440496598208872,7.374063971869086,7.407279968261719,23912000
2013-03-26,7.4737138748168945,7.506930507638107,7.40728060917447,7.440497241995683,38800000
2013-03-27,7.407279968261719,7.506929858103178,7.407279968261719,7.473713228156025,27155000
2013-03-28,7.374063491821289,7.473712741621113,7.37406349182129,7.473712741621113,25140000
2013-03-29,7.44049596786499,7.473712594998098,7.3740633471532435,7.4072793407318835,19732000
2013-04-01,7.407279968261719,7.473713228156025,7.374063971869086,7.440496598208872,14920000
2013-04-02,7.4737138748168945,7.506930507638107,7.40728060917447,7.40728060917447,31780000
2013-04-03,7.506930828094482,7.540147462333648,7.44049755961615,7.506930828094482,31704000
2013-04-08,7.340847015380859,7.407279638765539,7.274413758441687,7.374063643850445,50155000
2013-04-09,7.374063491821289,7.407279486051578,7.307630236251755,7.37406349182129,32402000
2013-04-10,7.307631492614746,7.374064759605806,7.307631492614746,7.307631492614746,40630000
2013-04-11,7.44049596786499,7.506929222131205,7.340846720020136,7.3740633471532435,45354000
2013-04-12,7.340847015380859,7.473712895704711,7.340847015380859,7.473712895704711,32402000
2013-04-15,7.340847015380859,7.440496267235125,7.340847015380859,7.340847015380859,25377000
2013-04-16,7.4737138748168945,7.473713874816895,7.307631344265409,7.307631344265409,34443000
2013-04-17,7.44049596786499,7.506929222131205,7.4072793407318835,7.473712594998098,34718000
2013-04-18,7.374063491821289,7.440496113836345,7.340846864036522,7.407279486051578,24759000
2013-04-19,7.540146827697754,7.60657945703001,7.407280301924142,7.440496933367545,78254000
2013-04-22,7.44049596786499,7.540145849264312,7.440495967864991,7.540145849264312,25314000
2013-04-23,7.44049596786499,7.506929222131205,7.4072793407318835,7.473712594998098,22622000
2013-04-24,7.573360919952393,7.573360919952393,7.440495061165478,7.50692830733613,29843000
2013-04-25,7.506930828094482,7.573363463018213,7.473714193855316,7.540147462333648,31878000
2013-04-26,7.44049596786499,7.540145849264312,7.440495967864991,7.506929222131205,28937000
2013-04-29,7.374063491821289,7.473712741621113,7.37406349182129,7.440496113836345,30573000
2013-04-30,7.4737138748168945,7.506930507638107,7.440497241995683,7.440497241995683,42198000
2013-05-02,7.44049596786499,7.506929222131205,7.4072793407318835,7.440495967864991,22921000
2013-05-03,7.573360919952393,7.639794166123044,7.440495061165478,7.440495061165478,45756000
2013-05-06,7.839095115661621,7.839095115661621,7.606579332906522,7.639795963807899,108341000
2013-05-07,7.706228256225586,7.805877502840058,7.673011629502608,7.772660876117081,61396000
2013-05-08,8.038392066955566,8.038392066955566,7.739443104236849,7.739443104236849,171292000
2013-05-09,7.905526638031006,8.17125901451503,7.905526638031007,8.17125901451503,188071000
2013-05-10,8.370558738708496,8.403774733790641,7.905527204904528,7.971960462177808,230583000
2013-05-13,8.669506072998047,8.702722697587426,8.503423583605572,8.503423583605572,308173000
2013-05-14,8.603074073791504,8.735939957899172,8.50342481909938,8.735939957899172,115387000
2013-05-15,8.63629150390625,8.669508136401419,8.436992342489807,8.603074871411081,105299000
2013-05-16,8.868805885314941,9.03488838778485,8.569856874025529,8.702723382845031,169687000
2013-05-17,8.735939979553223,8.96845575248387,8.702723983609856,8.868806497544742,74380000
2013-05-20,8.935239791870117,8.935239791870117,8.735940633517993,8.802373897486888,76147000
2013-05-21,9.367053985595703,9.367053985595703,8.968455701017565,8.968455701017565,170196000
2013-05-22,9.234187126159668,9.43348626106297,9.234187126159668,9.43348626106297,157721000
2013-05-23,8.902022361755371,9.234187384709744,8.868806366303536,9.200971389257909,134310000
2013-05-24,8.802373886108398,9.034889676144406,8.73594062222538,8.935239780319877,78609000
2013-05-27,9.200971603393555,9.200971603393555,8.769156683370474,8.83558994292926,106338000
2013-05-28,9.034889221191406,9.167755108712408,9.034889221191406,9.167755108712408,64798000
2013-05-29,9.068105697631836,9.267404856234037,9.068105697631836,9.200972225736344,70497000
2013-05-30,8.968456268310547,9.03488953112726,8.83559037623167,8.968456268310547,68313000
2013-05-31,8.769155502319336,9.10132048826745,8.769155502319336,9.068103862961753,60804000
2013-06-03,8.902022361755371,8.93523899076171,8.636290596813675,8.669507225820013,56499000
2013-06-04,9.234187126159668,9.234187126159668,8.902022112505659,8.968455368658255,131104000
2013-06-05,9.10132122039795,9.234187098754335,9.10132122039795,9.234187098754335,60580000
2013-06-06,8.935239791870117,9.068105686253347,8.868807161455782,8.968456423854564,68797000
2013-06-07,8.835589408874512,9.03488854195,8.80237278110285,8.935238658635017,51026000
2013-06-10,9.068105697631836,9.13453896168409,8.935239803081888,9.001673067134142,67873000
2013-06-11,8.968456268310547,9.101322160389422,8.968456268310547,9.068105528981066,48761000
2013-06-13,8.702723503112793,8.93523862965124,8.702723503112793,8.835589380213973,81506000
2013-06-14,8.702723503112793,8.835589380213973,8.702723503112793,8.769156124886145,56769000
2013-06-17,8.835589408874512,8.835589408874512,8.669506903570685,8.702723531342345,33108000
2013-06-18,9.00167179107666,9.00167179107666,8.802372660726672,8.90202190912443,65296000
2013-06-19,8.868805885314941,9.101321008640133,8.868805885314941,9.03488838778485,43049000
2013-06-20,8.63629150390625,8.835590665322693,8.603074871411081,8.769157400332356,72499000
2013-06-21,8.33734130859375,8.436990551369778,8.171258814930745,8.33734130859375,125920000
2013-06-24,8.503424644470215,8.636290525849304,8.30412550562433,8.337342134357728,87946000
2013-06-25,8.436991691589355,8.603074207697627,8.30412580541364,8.503424951454473,76284000
2013-06-26,9.00167179107666,9.00167179107666,8.735939406091852,8.735939406091852,142476000
2013-06-27,9.599569320678711,9.599569320678711,9.300620917886134,9.300620917886134,266331000
2013-06-28,9.632784843444824,9.666001469615868,9.499918972315095,9.666001469615868,179961000
2013-07-01,9.99816608428955,10.230681191542446,9.632784477401373,9.632784477401373,156997000
2013-07-02,9.765650749206543,10.097815744986049,9.699218130183313,10.031383125962817,136344000
2013-07-03,9.66600227355957,9.865301413607558,9.632785644625823,9.66600227355957,115489000
2013-07-04,9.732436180114746,9.998168613040304,9.699220180359312,9.765652813424763,107944000
2013-07-05,9.832084655761719,9.931733907701924,9.765651398765254,9.898517279203691,135968000
2013-07-08,9.631528854370117,10.177998040665244,9.597374367366008,9.9730724215259,117743000
2013-07-09,9.733991622924805,9.768146109785002,9.52906535320628,9.631528813786868,75075000
2013-07-10,9.49491024017334,9.768145465592873,9.460756407008182,9.63152817860441,80094000
2013-07-11,9.904762268066406,9.904762268066406,9.529064258644338,9.6315277074554,119066000
2013-07-12,9.733991622924805,9.802300596645198,9.631528813786868,9.802300596645198,76948000
2013-07-15,9.836453437805176,9.836453437805176,9.665681672208262,9.768145122431962,73637000
2013-07-16,9.529065132141113,9.802300369241237,9.494910646073267,9.802300369241237,97330000
2013-07-17,9.11921215057373,9.426601185116567,9.11921215057373,9.426601185116567,171887000
2013-07-18,9.11921215057373,9.221674944940489,9.016748704764412,9.08505766863729,104064000
2013-07-19,8.709359169006348,8.98259370588836,8.57274190056534,8.914285397389119,170769000
2013-07-22,8.880131721496582,8.914286204560085,8.641050991494641,8.641050991494641,75231000
2013-07-23,9.22167682647705,9.28998580428729,8.982596055583903,8.982596055583903,120789000
2013-07-24,9.22167682647705,9.324139641749719,9.22167682647705,9.28998580428729,69166000
2013-07-25,9.15336799621582,9.358294281507188,9.15336799621582,9.289985954038533,50852000
2013-07-26,9.358293533325195,9.358293533325195,9.153367264417387,9.289985211317694,57281000
2013-07-29,9.050904273986816,9.358293345456332,9.050904273986816,9.358293345456332,57912000
2013-07-30,9.22167682647705,9.28998580428729,9.085059522299263,9.085059522299263,55760000
2013-07-31,9.11921215057373,9.255829426876929,9.11921215057373,9.221674944940489,32039000
2013-08-01,9.08505916595459,9.221676464773816,9.08505916595459,9.221676464773816,28544000
2013-08-02,8.98259449005127,9.187520736323702,8.948440658541347,9.1533662533712,53084000
2013-08-05,9.11921215057373,9.11921215057373,8.982594222827972,8.982594222827972,29191000
2013-08-06,8.914286613464355,9.153366702990477,8.880132128834163,9.153366702990477,64966000
2013-08-07,8.709359169006348,8.845976437447355,8.709359169006348,8.811821957476472,81067000
2013-08-08,8.504434585571289,8.709360853591381,8.401971777282569,8.572743558725536,131063000
2013-08-09,8.401970863342285,8.572742626209232,8.401970863342285,8.504433660485422,64693000
2013-08-12,8.436127662658691,8.538590487936832,8.436127662658691,8.470281503456235,46892000
2013-08-13,8.538588523864746,8.572743008248725,8.470279555096786,8.470279555096786,42550000
2013-08-14,8.401970863342285,8.538588143347328,8.367816380480381,8.538588143347328,41534000
2013-08-15,8.231200218200684,8.299508541757593,8.197045730700896,8.299508541757593,77141000
2013-08-16,8.162891387939453,8.231200364150231,8.094583063171353,8.094583063171353,77863000
2013-08-19,8.094582557678223,8.162890878180583,8.094582557678223,8.162890878180583,33525000
2013-08-20,8.060426712036133,8.23119846164943,8.060426712036133,8.094581192247297,48179000
2013-08-22,8.026274681091309,8.060429171724923,7.821348388732346,7.992120190457694,108463000
2013-08-23,8.367817878723145,8.401972367700349,8.162891596302611,8.197046085279815,133050000
2013-08-26,8.401970863342285,8.43612534620419,8.265353583337243,8.401970863342285,64220000
2013-08-27,8.333662033081055,8.367816516498136,8.265353717689479,8.367816516498136,50788000
2013-08-28,8.231200218200684,8.26535470570047,8.162891243201111,8.197045730700896,36314000
2013-08-29,8.197044372558594,8.299507166638552,8.197044372558594,8.231198854399432,37792000
2013-08-30,8.401970863342285,8.401970863342285,8.231199100475338,8.265353583337243,52029000
2013-09-02,8.367817878723145,8.401972367700349,8.299508900768735,8.401972367700349,30876000
2013-09-03,8.265355110168457,8.436126904581501,8.265355110168457,8.401972415410354,32554000
2013-09-04,8.299508094787598,8.333662580447994,8.197045289249036,8.265354260569831,29097000
2013-09-05,8.401970863342285,8.401970863342285,8.333661897618475,8.367816380480381,41209000
2013-09-06,8.333662033081055,8.4361254833323,8.333662033081055,8.401970999915218,29626000
2013-09-09,8.299508094787598,8.367817066108392,8.231199774909435,8.333662580447994,34290000
2013-09-10,8.538588523864746,8.538588523864746,8.33366226900347,8.367816753387451,82422000
2013-09-11,8.504434585571289,8.606898045302659,8.333662804128322,8.538589072148413,64549000
2013-09-12,8.401970863342285,8.470279177623517,8.29950741475657,8.401970863342285,49471000
2013-09-13,8.265355110168457,8.401972415410354,8.265355110168457,8.401972415410354,33474000
2013-09-16,8.367817878723145,8.401972367700349,8.299508900768735,8.33366338974594,40321000
2013-09-17,8.265355110168457,8.333663437068056,8.231200620997308,8.333663437068056,26567000
2013-09-18,8.265355110168457,8.333663437068056,8.265355110168457,8.265355110168457,24076000
2013-09-23,8.606898307800293,8.64105214397641,8.265354734497784,8.265354734497784,122994000
2013-09-24,8.914286613464355,9.119212869802896,8.67520587249562,8.67520587249562,195901000
2013-09-25,8.845977783203125,8.982595072427985,8.777669464312005,8.914286753536866,86616000
2013-09-26,8.64105224609375,8.845978522785547,8.606898409514013,8.845978522785547,90026000
2013-09-27,8.67520523071289,8.777668677023327,8.606896917948497,8.67520523071289,62822000
2013-09-30,8.64105224609375,8.743515710160986,8.538589433469191,8.606898409514013,48193000
2013-10-01,8.606898307800293,8.709361119213979,8.606898307800293,8.606898307800293,30068000
2013-10-02,8.504434585571289,8.675206367014258,8.504434585571289,8.606898045302659,42423000
2013-10-03,8.914286613464355,8.914286613464355,8.572743070047656,8.572743070047656,120930000
2013-10-04,8.777669906616211,8.914287202725177,8.743515419728308,8.880132715837272,44920000
2013-10-07,8.709359169006348,8.777668128948111,8.675204689035466,8.74351364897723,28975000
2013-10-08,8.948442459106445,8.948442459106445,8.675207191949847,8.70936168177476,50942000
2013-10-09,8.743515014648438,8.880132304428036,8.743515014648438,8.880132304428036,40335000
2013-10-11,8.606898307800293,8.880132905865233,8.606898307800293,8.845978418246448,73202000
2013-10-14,8.401970863342285,8.641050940490464,8.367816380480381,8.606897109071136,55310000
2013-10-15,8.709359169006348,8.74351364897723,8.470278460652693,8.470278460652693,58601000
2013-10-16,8.504434585571289,8.709360853591381,8.504434585571289,8.606898045302659,37155000
2013-10-17,8.64105224609375,8.743515710160986,8.572743921491602,8.606898409514013,37583000
2013-10-18,8.845977783203125,8.845977783203125,8.709360493978265,8.743514979145136,69440000
2013-10-21,8.880131721496582,8.914286204560085,8.777668923748653,8.880131721496582,48836000
2013-10-22,8.811823844909668,8.914287306769298,8.743515521779244,8.811823844909668,45316000
2013-10-23,8.743515014648438,8.880132304428036,8.743515014648438,8.84597781912248,31761000
2013-10-24,8.709359169006348,8.74351364897723,8.641050209064582,8.675204689035466,29981000
2013-10-25,8.57274341583252,8.709360708421187,8.504434443816868,8.675206222413362,49851000
2013-10-28,8.64105224609375,8.709361222138574,8.538589433469191,8.572743921491602,31485000
2013-10-29,8.64105224609375,8.743515710160986,8.606898409514013,8.64105224609375,34464000
2013-10-30,8.948442459106445,8.948442459106445,8.675207191949847,8.70936168177476,93855000
2013-10-31,8.504434585571289,8.811823661880103,8.504434585571289,8.811823661880103,143802000
2013-11-01,8.504434585571289,8.538589072148413,8.470280098994166,8.538589072148413,38758000
2013-11-04,8.436127662658691,8.470281503456235,8.367818678178095,8.470281503456235,52529000
2013-11-05,8.436127662658691,8.538590487936832,8.401973170418394,8.401973170418394,33477000
2013-11-06,8.401970863342285,8.470279177623517,8.367816380480381,8.43612534620419,34158000
2013-11-07,8.504434585571289,8.504434585571289,8.367817290705444,8.401971777282569,26933000
2013-11-08,8.436127662658691,8.470281503456235,8.401973170418394,8.436127662658691,13264000
2013-11-11,8.299508094787598,8.436126037429187,8.299508094787598,8.401971551768789,27325000
2013-11-12,8.265355110168457,8.367817926239205,8.19704613182616,8.299508947896907,37719000
2013-11-13,8.197044372558594,8.26535333624027,8.162889890717754,8.231198854399432,52541000
2013-11-14,8.197044372558594,8.26535333624027,8.197044372558594,8.197044372558594,36202000
2013-11-15,8.231200218200684,8.299508541757593,8.197045730700896,8.26535470570047,21481000
2013-11-18,8.231200218200684,8.299508541757593,8.197045730700896,8.26535470570047,16855000
2013-11-19,8.231200218200684,8.26535470570047,8.197045730700896,8.26535470570047,31002000
2013-11-20,8.197044372558594,8.26535333624027,8.197044372558594,8.231198854399432,23858000
2013-11-21,8.12873649597168,8.197045468788643,8.094582661005843,8.197045468788643,27947000
2013-11-22,8.162891387939453,8.197045876044843,8.128736899834065,8.128736899834065,13065000
2013-11-25,8.197044372558594,8.26535333624027,8.162889890717754,8.231198854399432,17793000
2013-11-26,8.231200218200684,8.333663029257378,8.162891243201111,8.162891243201111,28411000
2013-11-27,8.299508094787598,8.333662580447994,8.231199774909435,8.231199774909435,25367000
2013-11-28,8.470280647277832,8.504435136065785,8.333663343568709,8.333663343568709,68234000
2013-11-29,8.401970863342285,8.538588143347328,8.401970863342285,8.504433660485422,39035000
2013-12-02,8.401970863342285,8.504433660485422,8.367816380480381,8.401970863342285,25739000
2013-12-03,8.333662033081055,8.4361254833323,8.333662033081055,8.333662033081055,21652000
2013-12-04,8.299508094787598,8.367817066108392,8.265354260569831,8.299508094787598,28998000
2013-12-05,8.265355110168457,8.367817926239205,8.265355110168457,8.333663437068056,17328000
2013-12-06,8.265355110168457,8.333663437068056,8.231200620997308,8.265355110168457,19422000
2013-12-09,8.333662033081055,8.401970999915218,8.299507549663973,8.333662033081055,33775000
2013-12-10,8.367817878723145,8.401972367700349,8.33366338974594,8.367817878723145,15339000
2013-12-11,8.367817878723145,8.436126856677554,8.299508900768735,8.367817878723145,18628000
2013-12-12,8.299508094787598,8.367817066108392,8.299508094787598,8.333662580447994,11965000
2013-12-13,8.333662033081055,8.367816516498136,8.299507549663973,8.333662033081055,13372000
2013-12-16,8.231200218200684,8.333663029257378,8.231200218200684,8.299508541757593,19520000
2013-12-17,8.231200218200684,8.299508541757593,8.231200218200684,8.299508541757593,17546000
2013-12-18,8.231200218200684,8.299508541757593,8.197045730700896,8.26535470570047,20161000
2013-12-19,8.265355110168457,8.333663437068056,8.231200620997308,8.299508947896907,20039000
2013-12-20,8.367817878723145,8.401972367700349,8.23120057425702,8.265355063234225,40103000
2013-12-23,8.436127662658691,8.470281503456235,8.367818678178095,8.401973170418394,44112000
2013-12-24,8.367817878723145,8.504435183189269,8.367817878723145,8.504435183189269,21930000
2013-12-25,8.333662033081055,8.401970999915218,8.333662033081055,8.367816516498136,21907000
2013-12-26,8.333662033081055,8.367816516498136,8.299507549663973,8.333662033081055,16225000
2013-12-27,8.401970863342285,8.43612534620419,8.29950741475657,8.333661897618475,33557000
2013-12-30,8.470280647277832,8.470280647277832,8.401972321144616,8.436126809932569,26590000
2013-12-31,8.436127662658691,8.504435995696532,8.401973170418394,8.470281503456235,29183000
2014-01-02,8.401970863342285,8.504433660485422,8.401970863342285,8.43612534620419,31227000
2014-01-03,8.367817878723145,8.401972367700349,8.33366338974594,8.367817878723145,27555000
2014-01-06,8.470280647277832,8.641052439774906,8.436126809932569,8.436126809932569,106009000
2014-01-07,8.606898307800293,8.64105214397641,8.504434844943939,8.572743820181508,78351000
2014-01-08,8.845977783203125,8.914286753536866,8.675206008811395,8.675206008811395,142101000
2014-01-09,8.777669906616211,8.914287202725177,8.777669906616211,8.880132715837272,88084000
2014-01-10,8.743515014648438,8.811823333816925,8.70936052934288,8.777669499953992,40721000
2014-01-13,8.64105224609375,8.811824034763134,8.606898409514013,8.811824034763134,51807000
2014-01-14,8.606898307800293,8.64105214397641,8.538589332562724,8.64105214397641,41592000
2014-01-15,8.67520523071289,8.777668677023327,8.641050748609413,8.67520523071289,72839000
2014-01-16,8.67520523071289,8.845976989787722,8.67520523071289,8.777668677023327,54125000
2014-01-17,8.709359169006348,8.74351364897723,8.675204689035466,8.74351364897723,32276000
2014-01-20,8.743515014648438,8.743515014648438,8.675206044037326,8.70936052934288,23546000
2014-01-21,8.743515014648438,8.777669499953992,8.675206044037326,8.743515014648438,22986000
2014-01-22,8.709359169006348,8.74351364897723,8.675204689035466,8.709359169006348,19427000
2014-01-23,8.777669906616211,8.880132715837272,8.709360932840402,8.709360932840402,67956000
2014-01-24,8.777669906616211,8.880132715837272,8.709360932840402,8.811823742061463,45724000
2014-01-27,8.436127662658691,8.606899472417428,8.401973170418394,8.606899472417428,99138000
2014-02-05,8.197044372558594,8.26535333624027,8.128735408876915,8.231198854399432,99630000
2014-02-06,8.231200218200684,8.299508541757593,8.197045730700896,8.197045730700896,43410000
2014-02-07,8.265355110168457,8.333663437068056,8.265355110168457,8.265355110168457,37139000
2014-02-10,8.265355110168457,8.333663437068056,8.265355110168457,8.265355110168457,15162000
2014-02-11,8.265355110168457,8.333663437068056,8.265355110168457,8.333663437068056,24485000
2014-02-12,8.333662033081055,8.367816516498136,8.265353717689479,8.333662033081055,34879000
2014-02-13,8.333662033081055,8.367816516498136,8.299507549663973,8.333662033081055,12172000
2014-02-14,8.401970863342285,8.43612534620419,8.333661897618475,8.333661897618475,41534000
2014-02-17,8.333662033081055,8.470279315306792,8.333662033081055,8.4361254833323,17741000
2014-02-18,8.333662033081055,8.367816516498136,8.265353717689479,8.333662033081055,26726000
2014-02-19,8.367817878723145,8.367817878723145,8.299508900768735,8.33366338974594,12939000
2014-02-20,8.333662033081055,8.367816516498136,8.299507549663973,8.367816516498136,18866000
2014-02-21,8.401970863342285,8.401970863342285,8.333661897618475,8.367816380480381,23412000
2014-02-24,8.367817878723145,8.436126856677554,8.33366338974594,8.401972367700349,20778000
2014-02-25,8.367817878723145,8.401972367700349,8.33366338974594,8.367817878723145,20066000
2014-02-26,8.436127662658691,8.572744980177129,8.367818678178095,8.401973170418394,62414000
2014-02-27,8.401970863342285,8.538588143347328,8.401970863342285,8.504433660485422,27761000
2014-03-03,8.538588523864746,8.64105132557408,8.436125722155412,8.436125722155412,99987000
2014-03-04,8.470280647277832,8.606898602429643,8.436126809932569,8.538589624853737,39048000
2014-03-05,8.504434585571289,8.606898045302659,8.504434585571289,8.538589072148413,33448000
2014-03-06,8.67520523071289,8.743514194919848,8.538587953741539,8.538587953741539,73491000
2014-03-07,8.64105224609375,8.777670198183397,8.606898409514013,8.743515710160986,73617000
2014-03-10,8.538588523864746,8.67520580995806,8.504434039480765,8.67520580995806,45788000
2014-03-11,8.709359169006348,8.74351364897723,8.538587420594459,8.606896380536222,58331000
2014-03-12,8.811823844909668,8.811823844909668,8.641052059919616,8.675206547206159,63302000
2014-03-13,8.914286613464355,9.01674941591232,8.845977644203971,8.845977644203971,183427000
2014-03-14,8.811823844909668,8.880132819482753,8.743515521779244,8.84597833219621,65196000
2014-03-17,8.845977783203125,8.914286753536866,8.811823298036256,8.845977783203125,44616000
2014-03-18,8.914286613464355,8.948441098094547,8.845977644203971,8.914286613464355,56831000
2014-03-19,8.777669906616211,8.914287202725177,8.777669906616211,8.914287202725177,43066000
2014-03-20,8.64105224609375,8.709361222138574,8.64105224609375,8.709361222138574,50424000
2014-03-21,8.538588523864746,8.70936029434204,8.538588523864746,8.67520580995806,49710000
2014-03-24,8.64105224609375,8.64105224609375,8.504434945446778,8.538589433469191,26289000
2014-03-25,8.67520523071289,8.709359712816369,8.572742435845017,8.606896917948497,22977000
2014-03-26,8.811823844909668,8.84597833219621,8.709361034492701,8.743515521779244,50572000
2014-03-27,8.811823844909668,8.880132819482753,8.777670009065787,8.84597833219621,33023000
2014-03-28,8.811823844909668,8.94844179405584,8.777670009065787,8.811823844909668,56324000
2014-03-31,8.777669906616211,8.880132715837272,8.743515419728308,8.845978228949368,40620000
2014-04-01,8.880131721496582,8.880131721496582,8.74351444068515,8.777668923748653,34499000
2014-04-02,8.811823844909668,8.914287306769298,8.811823844909668,8.880132819482753,49030000
2014-04-03,8.914286613464355,8.914286613464355,8.811823159573779,8.811823159573779,42293000
2014-04-07,8.845977783203125,8.914286753536866,8.811823298036256,8.845977783203125,41520000
2014-04-08,8.914286613464355,8.948441098094547,8.811823159573779,8.811823159573779,34018000
2014-04-09,8.948442459106445,8.948442459106445,8.845978989631705,8.948442459106445,47038000
2014-04-10,9.016749382019043,9.153366668583667,8.948441064458036,9.016749382019043,80788000
2014-04-11,8.948442459106445,8.98259629748865,8.88013347945662,8.948442459106445,32580000
2014-04-14,8.845977783203125,8.914286753536866,8.811823298036256,8.914286753536866,20626000
2014-04-15,8.845977783203125,8.880132268369996,8.777669464312005,8.880132268369996,28795000
2014-04-16,8.777669906616211,8.880132715837272,8.777669906616211,8.880132715837272,35449000
2014-04-17,8.777669906616211,8.845978228949368,8.777669906616211,8.845978228949368,27520000
2014-04-18,8.845977783203125,8.880132268369996,8.777669464312005,8.845977783203125,18092000
2014-04-21,8.811823844909668,8.880132819482753,8.777670009065787,8.84597833219621,15909000
2014-04-22,8.777669906616211,8.880132715837272,8.777669906616211,8.845978228949368,31869000
2014-04-23,9.016749382019043,9.08505835102266,8.845977610952612,8.880132095454421,90927000
2014-04-24,8.98259449005127,9.016748973003772,8.948440658541347,9.016748973003772,33380000
2014-04-25,8.743515014648438,8.98259510890208,8.606897724868839,8.914286789733591,62353000
2014-04-28,8.743515014648438,8.84597781912248,8.64105155873177,8.64105155873177,42048000
2014-04-29,8.914286613464355,9.01674941591232,8.777669326386198,8.845977644203971,63915000
2014-04-30,8.914286613464355,9.01674941591232,8.845977644203971,8.948441098094547,59517000
2014-05-02,8.98259449005127,9.016748973003772,8.880131692636343,8.948440658541347,93213000
2014-05-05,8.845977783203125,9.016749557594856,8.845977783203125,8.982595072427985,48509000
2014-05-06,8.914286613464355,8.914286613464355,8.811823159573779,8.880132128834163,42918000
2014-05-07,8.880131721496582,8.98259451924451,8.880131721496582,8.914286204560085,47239000
2014-05-08,9.15336799621582,9.15336799621582,8.948442362367157,8.982596200380133,98276000
2014-05-09,9.050904273986816,9.187521566701863,9.016749787947395,9.153367080662441,40563000
2014-05-12,8.948442459106445,9.08505976696339,8.914287969281531,9.08505976696339,35289000
2014-05-13,8.948442459106445,9.016750787313564,8.948442459106445,9.016750787313564,21001000
2014-05-14,9.11921215057373,9.11921215057373,8.982594222827972,8.982594222827972,44666000
2014-05-15,9.050904273986816,9.119213246065659,8.982595301907974,9.085058760026238,14644000
2014-05-16,9.050904273986816,9.050904273986816,8.94844146731119,8.982595301907974,20688000
2014-05-19,9.08505916595459,9.119213653520063,9.016750190823643,9.08505916595459,19326000
2014-05-20,9.08505916595459,9.119213653520063,9.016750190823643,9.08505916595459,23274000
2014-05-21,9.016749382019043,9.08505835102266,8.982594897517236,9.050903866520851,17443000
2014-05-22,9.11921215057373,9.15336598106761,9.05090318670085,9.08505766863729,38887000
2014-05-23,9.11921215057373,9.18752046300405,9.05090318670085,9.15336598106761,24868000
2014-05-26,9.15336799621582,9.15336799621582,9.085059668747167,9.15336799621582,27107000
2014-05-27,9.324137687683105,9.358292169430445,9.11921210008418,9.153365930388965,72153000
2014-05-28,9.665681838989258,9.699836322986492,9.358292785899344,9.358292785899344,123849000
2014-05-29,9.426602363586426,9.80230040897016,9.426602363586426,9.699836950351337,107562000
2014-05-30,9.597373962402344,9.699836767648572,9.39244770046726,9.494910505713488,96625000
2014-06-03,9.665681838989258,9.665681838989258,9.529064554442918,9.665681838989258,52370000
2014-06-04,9.768146514892578,9.768146514892578,9.665683050062592,9.733992026615915,48327000
2014-06-05,9.733991622924805,9.97307237950353,9.733991622924805,9.768146109785002,83143000
2014-06-06,9.973072052001953,9.973072052001953,9.768145789012916,9.90476308052473,53375000
2014-06-09,9.870609283447266,9.973072747811859,9.768146470525348,9.973072747811859,27886000
2014-06-10,9.802300453186035,9.973072233545077,9.733991480465361,9.938917747184739,40703000
2014-06-11,9.904762268066406,9.904762268066406,9.768144987760902,9.836453302192366,28868000
2014-06-12,10.280461311340332,10.31461579771209,9.973072236879803,9.973072236879803,146465000
2014-06-13,10.177998542785645,10.31461649754198,10.177998542785645,10.280462008852897,108704000
2014-06-16,10.041379928588867,10.246306182527947,10.041379928588867,10.177997214067386,68156000
2014-06-17,10.041379928588867,10.212151698297667,10.041379928588867,10.177997214067386,95294000
2014-06-18,9.904762268066406,10.109688514245951,9.836453302192366,10.109688514245951,91498000
2014-06-19,10.177998542785645,10.177998542785645,9.870609447469269,9.904763936158352,71719000
2014-06-20,9.938918113708496,10.246307199402024,9.938918113708496,10.246307199402024,43812000
2014-06-23,9.904762268066406,10.04137954837191,9.904762268066406,10.00722506543489,44851000
2014-06-24,9.938918113708496,10.04138092512545,9.87060913846875,9.938918113708496,32595000
2014-06-25,9.973072052001953,10.007225886297933,9.87060859478612,10.007225886297933,38197000
2014-06-26,10.314615249633789,10.485387020975788,10.007225540064102,10.041380024621024,137798000
2014-06-27,10.143842697143555,10.31461445533491,10.143842697143555,10.246305491481344,57083000
2014-06-30,10.212152481079102,10.280461454775677,10.143844158825177,10.143844158825177,72521000
2014-07-01,10.417078018188477,10.51954082008542,10.14384344550156,10.2463062473985,126616000
2014-07-02,10.45123291015625,10.792776465053889,10.41707842437796,10.5195412302702,167124000
2014-07-03,10.690313339233398,10.724467826070844,10.519541556488821,10.519541556488821,127596000
2014-07-04,11.270936012268066,11.407553939631422,10.792775220823993,10.792775220823993,198808000
2014-07-07,11.235715866088867,11.41182493915006,11.130051094052389,11.341381309925582,127768000
2014-07-08,10.989164352416992,11.34138114997138,10.953942538301508,11.27093752174041,82270000
2014-07-09,10.918720245361328,11.05960682384466,10.848276620219563,10.989163870503093,61225000
2014-07-10,11.05960750579834,11.200494092968972,10.953942733370425,11.165272950026493,84558000
2014-07-11,10.777832984924316,10.989163175177765,10.636946415355403,10.989163175177765,81759000
2014-07-14,11.16527271270752,11.482267023253517,10.883498872555146,10.918720686549221,98833000
2014-07-15,11.05960750579834,11.270937722454407,11.024385691055622,11.200494092968972,48485000
2014-07-16,10.883499145507812,11.059607548094672,10.848277330630392,11.024385733217251,41718000
2014-07-17,10.636946678161621,10.777833251211408,10.60172486694913,10.777833251211408,88359000
2014-07-18,10.7426118850708,10.7426118850708,10.425616914625474,10.496059868168768,55576000
2014-07-21,10.95394229888916,11.270937275399735,10.95394229888916,11.059607067125947,116940000
2014-07-22,11.05960750579834,11.130051135283775,10.918720918627708,10.989164548113143,57611000
2014-07-23,11.05960750579834,11.05960750579834,11.05960750579834,11.05960750579834,0
2014-07-24,11.024385452270508,11.094829080230154,10.953942496111086,11.024385452270508,42755000
2014-07-25,10.7426118850708,10.989163901972834,10.707390072399054,10.989163901972834,52967000
2014-07-28,10.460837364196777,10.672166869089551,10.460837364196777,10.636945732807497,77758000
2014-07-29,10.319951057434082,10.566503064321656,10.284729917993149,10.460838302398509,67850000
2014-07-30,10.496060371398926,10.531282185759371,10.355173785757374,10.355173785757374,53617000
2014-07-31,9.89729118347168,10.214286136093872,9.791625751397508,10.214286136093872,180511000
2014-08-01,9.545075416564941,9.615518373501073,9.509853602196758,9.545075416564941,144747000
2014-08-04,9.580297470092773,9.580297470092773,9.404189065655777,9.439410209102975,106515000
2014-08-05,9.29852294921875,9.509853153660126,9.29852294921875,9.474631340953197,109139000
2014-08-06,9.40418815612793,9.474631108009676,9.26330090876407,9.298522720605034,67248000
2014-08-07,9.368967056274414,9.580297271579898,9.368967056274414,9.47463182802704,63694000
2014-08-08,9.228080749511719,9.36896734004925,9.157637118342826,9.298523708880357,88209000
2014-08-11,9.333744049072266,9.36896585908917,9.157635670787883,9.157635670787883,54440000
2014-08-12,9.19285774230957,9.333744314584779,9.19285774230957,9.333744314584779,39163000
2014-08-13,9.263299942016602,9.298521750181706,9.192856997486505,9.228078805651611,25730000
2014-08-14,9.368967056274414,9.509853642544659,9.298523427239175,9.298523427239175,59771000
2014-08-15,9.29852294921875,9.404188387339538,9.29852294921875,9.368966574632609,23166000
2014-08-18,9.228080749511719,9.36896734004925,9.228080749511719,9.298523708880357,24042000
2014-08-19,9.29852294921875,9.368966574632609,9.228079995605091,9.33374476192568,23109000
2014-08-20,9.333744049072266,9.439408807322835,9.333744049072266,9.36896585908917,39156000
2014-08-21,9.29852294921875,9.404188387339538,9.29852294921875,9.368966574632609,22918000
2014-08-22,9.50985336303711,9.650739945166507,9.29852315394291,9.29852315394291,90693000
2014-08-25,9.474632263183594,9.509854079318902,9.439410447048285,9.509854079318902,25885000
2014-08-26,9.545075416564941,9.615518373501073,9.439409973460393,9.474631787828576,50357000
2014-08-27,9.580297470092773,9.721184059282322,9.580297470092773,9.580297470092773,67756000
2014-08-28,9.615516662597656,9.65073847069877,9.50985191009443,9.580295526296656,48126000
2014-08-29,9.615516662597656,9.756403895002109,9.545073718195543,9.580295526296656,43951000
2014-09-01,9.685961723327637,9.75640535003556,9.650739909973677,9.685961723327637,42995000
2014-09-02,9.439410209655762,9.685962244602097,9.439410209655762,9.685962244602097,50193000
2014-09-03,9.474632263183594,9.509854079318902,9.404189302713243,9.509854079318902,48218000
2014-09-04,9.439410209655762,9.509853840154786,9.404189066206499,9.509853840154786,21548000
2014-09-05,9.368967056274414,9.509853642544659,9.368967056274414,9.509853642544659,32909000
2014-09-09,9.40418815612793,9.474631108009676,9.40418815612793,9.43940929616871,21218000
2014-09-10,9.333744049072266,9.404187669106078,9.298522239055359,9.36896585908917,29065000
2014-09-11,9.29852294921875,9.368966574632609,9.26330113651182,9.33374476192568,19353000
2014-09-12,9.122414588928223,9.333744794098031,9.087192776099888,9.298522981269695,55423000
2014-09-15,9.087193489074707,9.12241530466652,8.98152871409952,9.087193489074707,35027000
2014-09-16,8.875863075256348,9.087192604638487,8.875863075256348,9.087192604638487,38596000
2014-09-17,9.087193489074707,9.192858935850149,8.946306898507707,9.016750529691334,46844000
2014-09-18,9.051971435546875,9.1576361999026,9.016749623494904,9.1576361999026,16950000
2014-09-19,9.122414588928223,9.192858214584893,9.087192776099888,9.122414588928223,32154000
2014-09-22,8.981526374816895,9.1224129286893,8.946304568398773,9.1224129286893,30263000
2014-09-23,8.981526374816895,9.051969987653138,8.946304568398773,8.981526374816895,23224000
2014-09-24,9.016749382019043,9.051971193127745,8.981527570910341,8.981527570910341,23141000
2014-09-25,8.946305274963379,9.087191839962776,8.875862328363747,9.051970702563027,43621000
2014-09-26,8.91108512878418,9.016750576103515,8.805420353265102,8.875863984811327,27481000
2014-09-29,8.875863075256348,8.981527839947418,8.875863075256348,8.946306027783663,32268000
2014-09-30,8.875863075256348,8.946306027783663,8.699754686237771,8.91108421561991,56792000
2014-10-01,8.840641975402832,8.94630674860755,8.805420160401178,8.840641975402832,29947000
2014-10-02,8.946305274963379,8.946305274963379,8.770196900764098,8.805418709963982,26872000
2014-10-03,9.087193489074707,9.157637120258334,8.911085082915893,8.911085082915893,50995000
2014-10-06,9.087193489074707,9.157637120258334,9.016750529691334,9.087193489074707,27623000
2014-10-07,9.016749382019043,9.087192332436276,8.94630575980164,9.016749382019043,24531000
2014-10-08,9.087193489074707,9.192858935850149,8.911085082915893,8.946306898507707,37929000
2014-10-09,9.087193489074707,9.228080751441961,9.087193489074707,9.157637120258334,54941000
2014-10-13,8.664532661437988,8.805419234835318,8.629310850138612,8.805419234835318,61423000
2014-10-14,8.840641975402832,8.911084933605895,8.699755387196461,8.734976530397871,49759000
2014-10-15,8.734976768493652,8.840642216378814,8.664533808370473,8.805420400417093,57046000
2014-10-16,8.664532661437988,8.770197423535942,8.55886722753986,8.664532661437988,45597000
2014-10-17,8.488425254821777,8.77019843408381,8.488425254821777,8.77019843408381,55758000
2014-10-20,8.699755668640137,8.734976812980976,8.594090220216819,8.629312036357925,39974000
2014-10-21,8.664532661437988,8.734975612236566,8.629310850138612,8.699754472737364,12980000
2014-10-22,8.770197868347168,8.840641494518714,8.734976055261395,8.734976055261395,43018000
2014-10-23,8.805418968200684,8.840640778433517,8.699754209302336,8.734975347735016,22387000
2014-10-24,8.699755668640137,8.840642261404295,8.699755668640137,8.805420445263188,19606000
2014-10-27,8.699755668640137,8.805420445263188,8.699755668640137,8.805420445263188,16566000
2014-10-28,8.770197868347168,8.80541968143294,8.734976055261395,8.770197868347168,21187000
2014-10-29,8.91108512878418,8.981528760330404,8.805420353265102,8.840642169038214,47180000
2014-10-30,9.29852294921875,9.29852294921875,9.087192744777374,9.157636370191232,123118000
2014-10-31,9.439410209655762,9.439410209655762,9.228080661759188,9.368967250956986,52993000
2014-11-03,9.40418815612793,9.50985291985064,9.333744532446,9.50985291985064,49726000
2014-11-04,9.40418815612793,9.474631108009676,9.298522720605034,9.40418815612793,35281000
2014-11-05,9.439410209655762,9.439410209655762,9.298523620457964,9.439410209655762,31427000
2014-11-06,9.368967056274414,9.43941001350942,9.298523427239175,9.404188870792034,30993000
2014-11-07,9.333744049072266,9.404187669106078,9.298522239055359,9.298522239055359,17392000
2014-11-10,9.580297470092773,9.721184059282322,9.368967250408327,9.404189065655777,99409000
2014-11-11,9.580297470092773,9.650740428787424,9.474632024350425,9.615518613539974,50033000
2014-11-12,9.474632263183594,9.615518855924561,9.474632263183594,9.509854079318902,31632000
2014-11-13,9.50985336303711,9.545075176519513,9.439409736072305,9.50985336303711,21834000
2014-11-14,9.615516662597656,9.65073847069877,9.474630101993316,9.50985191009443,48811000
2014-11-17,9.40418815612793,9.650739495414317,9.368966344286964,9.650739495414317,35675000
2014-11-18,9.29852294921875,9.474631340953197,9.192858182898162,9.439409528246268,39647000
2014-11-19,9.474632263183594,9.474632263183594,9.263302038172009,9.298523854307318,47537000
2014-11-20,9.89729118347168,9.932512994163071,9.474630798775317,9.509852609466707,179240000
2014-11-21,9.89729118347168,9.967734133054298,9.791625751397508,9.932512994163071,76747000
2014-11-24,9.7916259765625,9.967734362269022,9.7916259765625,9.93251322256786,39244000
2014-11-25,9.86207103729248,9.86207103729248,9.756406259184457,9.86207103729248,28237000
2014-11-26,9.756404876708984,9.862069639844387,9.756404876708984,9.826847828199192,27823000
2014-11-27,9.826848030090332,10.038178232503068,9.791626217721511,9.862069842459153,85455000
2014-11-28,9.685961723327637,9.86207011829723,9.685961723327637,9.86207011829723,55033000
2014-12-01,9.615516662597656,9.756403895002109,9.439408293892203,9.474630101993316,49268000
2014-12-02,9.545075416564941,9.650740187869257,9.474631787828576,9.615518373501073,41457000
2014-12-03,9.7916259765625,9.7916259765625,9.580296451154817,9.650739402357319,35677000
2014-12-04,10.143841743469238,10.319950111736414,9.862068622961802,9.862068622961802,168026000
2014-12-05,10.038178443908691,10.214286837661476,10.038178443908691,10.108622070129888,64596000
2014-12-08,10.038178443908691,10.319951605193063,10.038178443908691,10.143843211440279,77734000
2014-12-09,10.038178443908691,10.108622070129888,9.967734817687495,9.967734817687495,40105000
2014-12-10,9.756404876708984,10.002956214624986,9.756404876708984,9.96773440297979,52000000
2014-12-11,9.756404876708984,9.862069639844387,9.615517630128206,9.721183065063789,36887000
2014-12-12,9.721183776855469,9.89729217617604,9.721183776855469,9.86207036195188,27171000
2014-12-15,10.108622550964355,10.179065508736088,9.721183931918986,9.721183931918986,67593000
2014-12-16,9.826848030090332,10.10862185724071,9.826848030090332,10.073400044871889,86917000
2014-12-17,9.580297470092773,9.826848833224421,9.580297470092773,9.75640587452977,74664000
2014-12-18,9.826848030090332,9.897291654827976,9.721183264784061,9.756405077152884,60406000
2014-12-19,10.038178443908691,10.143843211440279,9.897291863266506,9.932513676377104,103833000
2014-12-22,10.179065704345703,10.28473115073422,10.07340092975744,10.143843888882865,73673000
2014-12-23,10.390396118164062,10.425617934280604,10.249509525498162,10.249509525498162,102110000
2014-12-24,10.460837364196777,10.566502116643164,10.390393748032444,10.42561555611461,71215000
2014-12-25,10.355173110961914,10.566503311553012,10.319951298896699,10.496059687422584,27202000
2014-12-26,10.425617218017578,10.425617218017578,10.249508821334175,10.35517359062413,27794000
2014-12-29,10.355173110961914,10.566503311553012,10.355173110961914,10.425616735092342,63979000
2014-12-30,10.214285850524902,10.531280794284612,10.108621093205047,10.460837846671422,60563000
2014-12-31,10.390396118164062,10.425617934280604,10.21428770938162,10.249509525498162,45368000
2015-01-05,10.7426118850708,10.883498463957592,10.31995147661023,10.390395101953725,115816000
2015-01-06,10.390396118164062,10.636948159179587,10.390396118164062,10.566504526946504,73895000
2015-01-07,10.425617218017578,10.531281987307533,10.319951776927404,10.390395404320854,46863000
2015-01-08,10.496060371398926,10.636947628840709,10.496060371398926,10.566504000119817,65614000
2015-01-09,10.636946678161621,10.777833251211408,10.566503055736641,10.707389628786428,93567000
2015-01-12,11.094828605651855,11.341380621164197,10.74261182452005,10.74261182452005,232802000
2015-01-13,10.95394229888916,11.235715462054069,10.918720485543494,11.130050693817282,102386000
2015-01-14,10.7426118850708,10.918720276629339,10.672168259727306,10.883498463957592,106271000
2015-01-15,10.601725578308105,10.883498743314213,10.601725578308105,10.74261216081116,96255000
2015-01-16,10.355173110961914,10.883498276539564,10.355173110961914,10.63694693568344,161590000
2015-01-19,10.601725578308105,10.672168533659525,10.496060137580653,10.53128195115647,79718000
2015-01-20,10.707389831542969,10.777833455301879,10.672168019663514,10.742611643422423,45314000
2015-01-21,10.672168731689453,10.813055988606992,10.601725775030914,10.777834174377606,47758000
2015-01-22,10.883499145507812,10.953942775262652,10.742612557798374,10.777834372675795,85502000
2015-01-23,10.989164352416992,11.059607308847733,10.918720724186024,11.024385494732249,95295000
2015-01-26,10.918720245361328,11.05960682384466,10.848276620219563,10.918720245361328,55949000
2015-01-27,10.883499145507812,10.989164590140073,10.777834372675795,10.989164590140073,58564000
2015-01-28,11.024385452270508,11.024385452270508,10.777834098012194,10.848277054171616,87927000
2015-01-29,10.813055038452148,11.059606372792647,10.742611416183337,11.024384561658241,101729000
2015-01-30,10.84827709197998,10.989164348390291,10.81305594967763,10.918720720185135,84579000
2015-02-02,10.883499145507812,10.953942775262652,10.813056187553213,10.883499145507812,55795000
2015-02-03,11.024385452270508,11.094829080230154,10.953942496111086,10.953942496111086,99918000
2015-02-04,11.024385452270508,11.2004938503694,11.024385452270508,11.1652727081898,106648000
2015-02-05,11.094828605651855,11.130050418125075,10.989163840032392,11.130050418125075,52986000
2015-02-06,11.024385452270508,11.130050894209978,11.024385452270508,11.130050894209978,43503000
2015-02-09,11.024385452270508,11.094829080230154,10.953942496111086,11.024385452270508,38957000
2015-02-10,10.84827709197998,11.130050933000378,10.84827709197998,11.094829118897799,42900000
2015-02-11,11.094828605651855,11.130050418125075,10.918720215085953,10.989163840032392,73934000
2015-02-12,11.024385452270508,11.1652727081898,10.98916431009091,11.1652727081898,40397000
2015-02-13,10.989164352416992,11.094829122963217,10.918720724186024,11.059607308847733,45647000
2015-02-24,11.16527271270752,11.16527271270752,10.989164314537371,11.130050898713444,70595000
2015-02-25,11.306158065795898,11.306158065795898,11.130050348137585,11.165272160389325,88001000
2015-02-26,11.270936012268066,11.306157149866294,11.130049446474743,11.270936012268066,67130000
2015-03-02,11.16527271270752,11.341381110877668,11.09482908471937,11.306158625083368,60203000
2015-03-03,11.16527271270752,11.235715668895445,11.059607270725294,11.200493854901369,47857000
2015-03-04,11.094828605651855,11.235715183744539,11.094828605651855,11.130050418125075,50751000
2015-03-05,11.024385452270508,11.1652727081898,11.024385452270508,11.059607266250332,51109000
2015-03-06,11.024385452270508,11.094829080230154,10.953942496111086,11.024385452270508,55247000
2015-03-09,11.05960750579834,11.05960750579834,10.918720918627708,10.989164548113143,58867000
2015-03-10,11.05960750579834,11.200494092968972,11.05960750579834,11.094829320541058,61412000
2015-03-11,11.024385452270508,11.2004938503694,10.953942496111086,10.98916431009091,56671000
2015-03-12,11.130051612854004,11.20049457356178,11.024386164091938,11.024386164091938,43902000
2015-03-13,11.05960750579834,11.200494092968972,11.05960750579834,11.165272950026493,22110000
2015-03-16,11.024385452270508,11.094829080230154,10.98916431009091,11.094829080230154,29455000
2015-03-17,11.024385452270508,11.130050894209978,11.024385452270508,11.059607266250332,26191000
2015-03-18,11.094828605651855,11.130050418125075,10.953942027559172,11.024384980705417,50814000
2015-03-19,11.16527271270752,11.235715668895445,11.09482908471937,11.200493854901369,46486000
2015-03-20,11.024385452270508,11.1652727081898,10.98916431009091,11.094829080230154,38471000
2015-03-23,11.094828605651855,11.130050418125075,11.024384980705417,11.094828605651855,29920000
2015-03-24,11.05960750579834,11.130051135283775,10.989164548113143,11.094829320541058,28070000
2015-03-25,10.989164352416992,11.130050937078702,10.989164352416992,11.094829122963217,30187000
2015-03-26,10.7426118850708,10.813055510414296,10.60172530618401,10.777833697742548,76941000
2015-03-27,10.707389831542969,10.883498219140058,10.707389831542969,10.777833455301879,59408000
2015-03-30,10.777832984924316,10.883497744150963,10.707389364239782,10.777832984924316,35479000
2015-03-31,10.918720245361328,10.918720245361328,10.777833666877996,10.883498432790445,43287000
2015-04-01,10.7426118850708,10.883498463957592,10.7426118850708,10.883498463957592,23013000
2015-04-02,10.918720245361328,10.918720245361328,10.777833666877996,10.813055479448877,32865000
2015-04-07,11.130051612854004,11.130051612854004,11.024386164091938,11.05960798034596,43496000
2015-04-08,11.024385452270508,11.094829080230154,10.98916431009091,11.059607266250332,34418000
2015-04-09,10.84827709197998,11.024385490692643,10.84827709197998,10.989164348390291,42211000
2015-04-10,10.7426118850708,10.953942089301085,10.707390072399054,10.883498463957592,37189000
2015-04-13,10.7426118850708,10.883498463957592,10.707390072399054,10.777833697742548,50510000
2015-04-14,10.636946678161621,10.813055062423897,10.60172486694913,10.742611439998917,50272000
2015-04-15,10.24950885772705,10.5312820247009,10.214287043905264,10.5312820247009,116661000
2015-04-16,10.355173110961914,10.355173110961914,10.24950834656646,10.319951298896699,50387000
2015-04-17,10.073400497436523,10.179065267489962,10.038178683485302,10.179065267489962,67175000
2015-04-20,9.86207103729248,9.967735815400504,9.721184442548358,9.897292853928581,86143000
2015-04-21,9.89729118347168,9.967734133054298,9.791625751397508,9.86206937278029,51767000
2015-04-22,9.932514190673828,10.038178963676643,9.897292375739475,9.932514190673828,45402000
2015-04-23,10.284730911254883,10.284730911254883,10.002957065913513,10.038178880556215,78217000
2015-04-24,10.319951057434082,10.496059441839444,10.284729917993149,10.355172868675188,101324000
2015-04-27,10.496060371398926,10.566504000119817,10.355173785757374,10.355173785757374,78787000
2015-04-28,10.460837364196777,10.636945732807497,10.460837364196777,10.60172392472533,46088000
2015-04-29,10.319951057434082,10.53128125308055,10.284729917993149,10.460838302398509,44081000
2015-04-30,10.284730911254883,10.46083931266815,10.14384365268408,10.46083931266815,78270000
2015-05-04,10.073400497436523,10.355173665445845,10.073400497436523,10.319951851494624,54001000
2015-05-05,10.073400497436523,10.108622311387744,10.00295686953408,10.038178683485302,33861000
2015-05-06,10.108622550964355,10.214287323522074,10.002957106606397,10.038178921392383,28514000
2015-05-07,9.89729118347168,10.038177754437081,9.86206937278029,10.038177754437081,61619000
2015-05-08,9.756404876708984,9.96773440297979,9.756404876708984,9.897291451489583,60457000
2015-05-11,9.86207103729248,9.967735815400504,9.826849220656381,9.897292853928581,57001000
2015-05-12,9.685961723327637,9.75640535003556,9.368966746742412,9.509853328358044,149168000
2015-05-13,9.826848030090332,9.897291654827976,9.615517827677598,9.68596145241524,62574000
2015-05-14,9.685961723327637,9.86207011829723,9.685961723327637,9.826848304943269,51691000
2015-05-15,9.685961723327637,9.791626491589309,9.650739909973677,9.685961723327637,32410000
2015-05-18,9.580297470092773,9.721184059282322,9.580297470092773,9.685962244034872,33793000
2015-05-19,9.826848030090332,9.932513467196797,9.65073964004642,9.68596145241524,53209000
2015-05-20,9.7916259765625,9.93251322256786,9.756404836861337,9.82684778806384,32236000
2015-05-21,9.721183776855469,9.79162673350356,9.61551833418299,9.756405591079629,34083000
2015-05-22,9.7916259765625,9.82684778806384,9.721183025359998,9.7916259765625,37323000
2015-05-25,9.721183776855469,9.86207036195188,9.721183776855469,9.86207036195188,17890000
2015-05-26,9.7916259765625,9.86206959956518,9.756404836861337,9.82684778806384,20160000
2015-05-27,9.826848030090332,9.862069842459153,9.721183264784061,9.826848030090332,22600000
2015-05-28,9.932514190673828,9.967735333807937,9.862070560805122,9.932514190673828,42407000
2015-05-29,9.7916259765625,9.967734362269022,9.7916259765625,9.93251322256786,45210000
2015-06-01,9.685961723327637,9.791626491589309,9.615518096619715,9.75640535003556,45615000
2015-06-02,9.650739669799805,9.826848060386663,9.615517857322393,9.685961482277214,50282000
2015-06-03,9.721183776855469,9.79162673350356,9.65074014840715,9.685961962631309,33379000
2015-06-04,9.474632263183594,9.685962488195178,9.439410447048285,9.65074067205987,67634000
2015-06-05,9.40418815612793,9.58029654353257,9.40418815612793,9.43940929616871,45509000
2015-06-08,9.29852294921875,9.439409528246268,9.26330113651182,9.368966574632609,46156000
2015-06-09,9.19285774230957,9.439409075841143,9.122414120271882,9.298522503565934,63108000
2015-06-10,9.333744049072266,9.333744049072266,9.157635670787883,9.228079290821695,63271000
2015-06-11,9.228080749511719,9.404189155633697,9.192858933927273,9.36896734004925,42656000
2015-06-12,9.228080749511719,9.26330189329591,9.157637118342826,9.228080749511719,29924000
2015-06-15,9.29852294921875,9.29852294921875,9.192858182898162,9.228079995605091,34718000
2015-06-16,9.157635688781738,9.298522257326042,9.157635688781738,9.228079308953966,24865000
2015-06-17,9.122414588928223,9.228080027413228,9.122414588928223,9.157636401756559,35305000
2015-06-18,9.157635688781738,9.228079308953966,9.157635688781738,9.157635688781738,32686000
2015-06-22,9.263299942016602,9.333743558346812,9.1576351893214,9.1576351893214,50412000
2015-06-23,9.368967056274414,9.404188870792034,9.298523427239175,9.333745241756795,39557000
2015-06-24,9.333744049072266,9.404187669106078,9.263300429038452,9.36896585908917,24060000
2015-06-25,9.545075416564941,9.545075416564941,9.333745202156077,9.404188830892442,58866000
2015-06-26,9.333744049072266,9.545074237373553,9.333744049072266,9.509852427356648,40585000
2015-06-29,9.051971435546875,9.22807982400654,9.016749623494904,9.19285801195457,66143000
2015-06-30,9.19285774230957,9.228079553328415,9.016749359015519,9.051971170034362,50477000
2015-07-01,9.333744049072266,9.36896585908917,9.19285748080479,9.228079290821695,38499000
2015-07-02,9.263299942016602,9.368965366511917,9.263299942016602,9.263299942016602,43837000
2015-07-03,9.368967056274414,9.368967056274414,9.263301612721556,9.298523427239175,24991000
2015-07-06,9.19285774230957,9.368966125603622,9.157635931290727,9.298522503565934,39201000
2015-07-07,9.087193489074707,9.298523710825334,9.087193489074707,9.192858935850149,51195000
2015-07-08,8.734976768493652,9.087193584510336,8.664533808370473,9.051972440348877,102428000
2015-07-09,8.770197868347168,8.80541968143294,8.488424707261396,8.629311287804283,57744000
2015-07-10,8.770197868347168,8.770197868347168,8.770197868347168,8.770197868347168,0
2015-07-13,8.840641975402832,8.875863790404486,8.805420160401178,8.805420160401178,94328000
2015-07-14,8.950922012329102,9.098262859052017,8.950922012329102,8.98775722400983,56621000
2015-07-15,8.98775863647461,9.061429071413693,8.914088904108864,9.061429071413693,41339000
2015-07-16,8.98775863647461,9.098264288883234,8.950923419005068,9.061429071413693,28863000
2015-07-17,8.840417861938477,8.987758019122793,8.803582646999075,8.91408829181728,61789000
2015-07-20,8.803582191467285,8.914087830567496,8.766746978433883,8.914087830567496,49237000
2015-07-21,8.877254486083984,8.877254486083984,8.766748823723729,8.840419265297232,50197000
2015-07-22,8.472067832946777,8.840418608292289,8.435232614897558,8.80358339024307,121011000
2015-07-23,8.214221000671387,8.545737219838992,8.177386489717886,8.472066792785467,86616000
2015-07-24,8.324728012084961,8.324728012084961,8.2142223533077,8.251057572900121,37902000
2015-07-27,8.177386283874512,8.361561644298954,8.177386283874512,8.324726431699418,41269000
2015-07-28,8.030045509338379,8.214220871502775,8.030045509338379,8.103715935233438,77540000
2015-07-29,7.919539928436279,8.103715275609217,7.919539928436279,8.103715275609217,48460000
2015-07-30,8.361562728881836,8.398397243685954,8.177387344567904,8.177387344567904,82093000
2015-07-31,8.28789234161377,8.435232509394456,8.177387391421588,8.398397291805951,55012000
2015-08-03,8.251057624816895,8.398397801540282,8.177387887741892,8.36156328428947,58378000
2015-08-04,8.214221000671387,8.287891427724913,8.10371606266436,8.251056214198151,54990000
2015-08-05,8.28789234161377,8.28789234161377,8.103716956244574,8.103716956244574,38725000
2015-08-06,8.28789234161377,8.324727559202275,8.177387391421588,8.28789234161377,38701000
2015-08-07,8.251057624816895,8.287892844641087,8.177387887741892,8.251057624816895,37168000
2015-08-10,8.251057624816895,8.251057624816895,8.177387887741892,8.177387887741892,35389000
2015-08-11,8.251057624816895,8.36156328428947,8.251057624816895,8.324728064465278,41594000
2015-08-12,8.28789234161377,8.324727559202275,8.177387391421588,8.251057124025262,39454000
2015-08-13,8.251057624816895,8.324728064465278,8.251057624816895,8.324728064465278,37390000
2015-08-14,8.251057624816895,8.287892844641087,8.251057624816895,8.287892844641087,26041000
2015-08-17,8.177386283874512,8.28789121909988,8.177386283874512,8.28789121909988,19154000
2015-08-18,8.214221000671387,8.251056214198151,8.177386489717886,8.177386489717886,25217000
2015-08-19,8.030045509338379,8.177386361128496,7.882705360121512,8.177386361128496,70985000
2015-08-20,7.993211269378662,8.103716209386441,7.919540840991294,7.956376055184978,31974000
2015-08-21,7.661694049835205,7.919539813153186,7.661694049835205,7.882704603740163,71517000
2015-08-24,7.4038496017456055,7.588024961477719,7.308078330376117,7.514354536555577,84715000
2015-08-25,7.698530673980713,7.809036322527025,7.440685565852606,7.440685565852606,58250000
2015-08-26,7.661694049835205,7.735364468661252,7.514353914756294,7.624859542995364,45242000
2015-08-27,7.772200107574463,7.845869827898396,7.735364896125886,7.772200107574463,37155000
2015-08-28,7.956376552581787,7.9932117690782425,7.8090363891692816,7.8827061195888755,40601000
2015-08-31,7.919539928436279,7.993210348334732,7.809035001161795,7.993210348334732,49954000
2015-09-01,7.919539928436279,7.956375138385506,7.772199791212569,7.809035001161795,36536000
2015-09-02,7.956376552581787,7.9932117690782425,7.8090363891692816,7.845870903092419,27703000
2015-09-03,8.361562728881836,8.361562728881836,7.956376742876519,8.030046475058091,66472000
2015-09-04,8.140551567077637,8.36156215356233,8.10371635223464,8.324726938719333,36401000
2015-09-07,8.103717803955078,8.214222765706918,7.993212842203238,8.066882582513326,28773000
2015-09-08,8.177386283874512,8.177386283874512,8.030045433476364,8.103715858675438,19979000
2015-09-09,8.398395538330078,8.508901168023458,8.28789061120989,8.361561031005477,72200000
2015-09-10,8.472067832946777,8.472067832946777,8.21422200917558,8.324727663323243,44900000
2015-09-11,8.472067832946777,8.508903050995999,8.361562881372464,8.398397396848337,24258000
2015-09-14,8.472067832946777,8.54573826904522,8.398397396848337,8.472067832946777,26059000
2015-09-15,8.43523120880127,8.508901632619347,8.39839599689223,8.472066420710307,26254000
2015-09-16,8.398395538330078,8.545736377921253,8.361561031005477,8.508901168023458,29333000
2015-09-17,8.508902549743652,8.545737765622942,8.435232117985075,8.508902549743652,41720000
2015-09-18,8.545738220214844,8.545738220214844,8.435232566698613,8.5089030023761,30194000
2015-09-21,8.251057624816895,8.472068241188666,8.251057624816895,8.435233021364473,33174000
2015-09-22,8.324728012084961,8.361563231677382,8.2142223533077,8.361563231677382,33264000
2015-09-23,8.066882133483887,8.251057527867417,8.030046914092507,8.17738779165803,44172000
2015-09-24,7.956376552581787,8.140551932490748,7.956376552581787,8.103716715994292,37675000
2015-09-25,8.066882133483887,8.066882133483887,7.919541958491739,7.9932123972745,31365000
2015-09-29,8.066882133483887,8.066882133483887,8.066882133483887,8.066882133483887,0
2015-09-30,7.956376552581787,8.030046283001381,7.8827061195888755,7.8827061195888755,63332000
2015-10-01,8.030045509338379,8.140551148180966,7.9563757860165705,7.9932109989641,37837000
2015-10-02,8.066882133483887,8.103717352875268,7.9932123972745,8.066882133483887,22523000
2015-10-05,8.214221000671387,8.251056214198151,8.066880849137597,8.10371606266436,28647000
2015-10-06,8.28789234161377,8.361562776790782,8.214221906436755,8.324727559202275,26124000
2015-10-07,8.324728012084961,8.324728012084961,8.177387836288657,8.28789279249254,30446000
2015-10-08,8.28789234161377,8.398397291805951,8.251057124025262,8.398397291805951,20119000
2015-10-12,8.398395538330078,8.398395538330078,8.251055401312097,8.28789061120989,47232000
2015-10-13,8.43523120880127,8.43523120880127,8.324726275647384,8.39839599689223,24714000
2015-10-14,8.76674747467041,8.840417904907287,8.435231943751045,8.435231943751045,123751000
2015-10-15,9.06142807006836,9.06142807006836,8.877252705646537,8.877252705646537,107393000
2015-10-16,8.950922012329102,9.06142764737129,8.877252291540868,9.06142764737129,56152000
2015-10-19,9.09826374053955,9.135098253215775,8.950922879541478,8.950922879541478,40800000
2015-10-20,9.024593353271484,9.171933512402074,9.024593353271484,9.171933512402074,35738000
2015-10-21,8.877254486083984,9.061429887444342,8.840419265297232,9.061429887444342,29115000
2015-10-22,8.950922012329102,8.98775722400983,8.877252291540868,8.877252291540868,20126000
2015-10-23,9.09826374053955,9.171933468465292,9.061428525290033,9.135098253215775,44377000
2015-10-26,9.171934127807617,9.208769345705106,9.098264394585982,9.171934127807617,29312000
2015-10-27,9.208767890930176,9.208767890930176,9.061427745189938,9.171932678851809,20233000
2015-10-28,8.914088249206543,9.135098132639913,8.87725303444322,9.135098132639913,34425000
2015-10-29,8.76674747467041,8.914088335144164,8.693077747006825,8.877253120025726,53855000
2015-10-30,8.76674747467041,8.840417904907287,8.729912962125264,8.76674747467041,23268000
2015-11-02,8.877254486083984,8.98775944587084,8.803584044510481,8.840419265297232,26479000
2015-11-03,9.06142807006836,9.06142807006836,8.877252705646537,8.877252705646537,36480000
2015-11-04,9.135098457336426,9.28243932162678,9.098263943837148,9.135098457336426,73596000
2015-11-05,9.282438278198242,9.356107999488977,9.171932642402291,9.24560306626626,50104000
2015-11-06,9.135098457336426,9.245604105554191,9.098263943837148,9.208768889481602,37522000
2015-11-09,8.950922012329102,9.208767791520978,8.950922012329102,9.06142764737129,30231000
2015-11-10,8.877254486083984,8.98775944587084,8.840419265297232,8.950924225084087,37662000
2015-11-11,8.840417861938477,8.987758019122793,8.766747432059674,8.91408829181728,29619000
2015-11-12,8.803582191467285,8.914087830567496,8.766746978433883,8.877252617534092,20323000
2015-11-13,8.76674747467041,8.914088335144164,8.76674747467041,8.76674747467041,23913000
2015-11-16,8.508902549743652,8.766747655752063,8.472067333864363,8.72991314244608,56765000
2015-11-17,8.98775863647461,8.98775863647461,8.65624308439541,8.65624308439541,54337000
2015-11-18,8.914088249206543,9.024593190923227,8.87725303444322,9.024593190923227,30661000
2015-11-19,9.024593353271484,9.061428568697456,8.877253194140895,9.024593353271484,37905000
2015-11-20,9.09826374053955,9.171933468465292,8.987758094790996,8.987758094790996,52572000
2015-11-23,9.135098457336426,9.171933673409015,9.02459351169197,9.171933673409015,29015000
2015-11-24,8.803582191467285,9.061427980127856,8.803582191467285,9.024592767094454,30712000
2015-11-25,8.914088249206543,8.95092276139658,8.766747390153249,8.840417819679896,18918000
2015-11-26,8.98775863647461,9.135098803779439,8.950923419005068,8.98775863647461,24312000
2015-11-27,8.877254486083984,9.024594666657592,8.840419265297232,8.98775944587084,11320000
2015-11-30,8.729912757873535,8.91408812658333,8.729912757873535,8.803582483813488,62872000
2015-12-01,8.98775863647461,8.98775863647461,8.766748034230698,8.84041846916978,21786000
2015-12-02,8.877254486083984,8.98775944587084,8.803584044510481,8.803584044510481,29515000
2015-12-03,9.024593353271484,9.098263784123429,8.803582763288953,8.877253194140895,38665000
2015-12-04,8.877254486083984,8.98775944587084,8.877254486083984,8.877254486083984,22271000
2015-12-07,8.914088249206543,9.024593190923227,8.87725303444322,8.914088249206543,26822000
2015-12-08,8.803582191467285,8.950922341027647,8.766746978433883,8.914087830567496,25862000
2015-12-09,8.545738220214844,8.803583339939367,8.545738220214844,8.766748122100623,40905000
2015-12-10,8.508902549743652,8.545737765622942,8.324727172920515,8.398396902105786,54972000
2015-12-11,8.619407653808594,8.693078086926155,8.545737923264353,8.545737923264353,43172000
2015-12-14,8.619407653808594,8.619407653808594,8.472067490146792,8.545737923264353,20908000
2015-12-15,8.545738220214844,8.729913606835222,8.545738220214844,8.693078388996478,18529000
2015-12-16,8.693077087402344,8.766746809476093,8.619406662755356,8.729912299725838,25327000
2015-12-17,8.950922012329102,8.98775722400983,8.729912147391179,8.76674665649868,43592000
2015-12-18,8.840417861938477,8.987758019122793,8.803582646999075,8.877253076877878,40984000
2015-12-21,9.171934127807617,9.282439781500084,8.877253789774391,8.914089007671882,83778000
2015-12-22,9.09826374053955,9.20876868371481,9.024593310040514,9.20876868371481,23424000
2015-12-23,9.171934127807617,9.208769345705106,9.061429176688494,9.098264394585982,26296000
2015-12-24,9.06142807006836,9.245603434490183,9.06142807006836,9.208768221091166,14433000
2015-12-25,9.135098457336426,9.171933673409015,9.061428727764559,9.061428727764559,7321000
2015-12-28,9.06142807006836,9.17193300769215,9.06142807006836,9.17193300769215,10449000
2015-12-29,8.950922012329102,9.098262859052017,8.950922012329102,9.06142764737129,16721000
2015-12-30,8.914088249206543,9.024593190923227,8.914088249206543,8.987757976159903,11780000
2015-12-31,8.914088249206543,8.987757976159903,8.87725303444322,8.914088249206543,13730000
2016-01-04,8.693077087402344,8.950922168520323,8.693077087402344,8.914087658770068,44581000
2016-01-05,8.656241416931152,8.877251976601482,8.619406206557231,8.693076627305075,37702000
2016-01-06,8.656241416931152,8.803581555853638,8.582570996183309,8.729911837678996,25366000
2016-01-07,8.43523120880127,8.656241777682272,8.39839599689223,8.619406565773232,57713000
2016-01-08,8.398395538330078,8.472065958125665,8.251055401312097,8.251055401312097,42907000
2016-01-11,8.140551567077637,8.324726938719333,8.140551567077637,8.25105650903334,41340000
2016-01-12,8.177386283874512,8.251056006500342,8.177386283874512,8.214220793900806,22724000
2016-01-13,8.140551567077637,8.287891723876337,8.10371635223464,8.214221294190343,35121000
2016-01-14,8.214221000671387,8.214221000671387,7.956375911130569,8.10371606266436,31936000
2016-01-15,8.28789234161377,8.324727559202275,8.14055217383308,8.28789234161377,36354000
2016-01-18,8.214221000671387,8.251056214198151,8.066880849137597,8.10371606266436,23325000
2016-01-19,8.214221000671387,8.251056214198151,8.177386489717886,8.214221000671387,12924000
2016-01-20,8.177386283874512,8.251056006500342,8.177386283874512,8.214220793900806,27562000
2016-01-21,8.177386283874512,8.251056006500342,8.140551071274976,8.214220793900806,17674000
2016-01-22,8.28789234161377,8.28789234161377,8.214221906436755,8.251057124025262,14701000
2016-01-25,8.43523120880127,8.508901632619347,8.324726275647384,8.361561487556422,22268000
2016-01-26,8.619407653808594,8.619407653808594,8.398397057029232,8.472067490146792,43465000
2016-01-27,8.619407653808594,8.693078086926155,8.545737923264353,8.656242870367375,22369000
2016-01-28,9.392945289611816,9.46661572977538,8.87725431618702,8.87725431618702,204731000
2016-01-29,9.46661376953125,9.503448279412353,9.282438409832768,9.46661376953125,89324000
2016-02-01,9.503448486328125,9.503448486328125,9.356108335875994,9.466613975645036,41238000
2016-02-02,9.650789260864258,9.650789260864258,9.429778685696899,9.503448409037185,69931000
2016-02-03,9.503448486328125,9.613954126097166,9.466613975645036,9.577118912840819,30179000
2016-02-15,9.724459648132324,9.761294863603979,9.356108898562363,9.392944114034018,69174000
2016-02-16,9.687623977661133,9.724459191402746,9.540283825267947,9.650789466492785,28880000
2016-02-17,9.761295318603516,9.798130535792158,9.577119935233638,9.687624884226231,36710000
2016-02-18,9.871798515319824,9.982304147270641,9.798128796592486,9.871798515319824,63432000
2016-02-19,9.724459648132324,9.908635022917304,9.724459648132324,9.87179980744565,25873000
2016-02-22,9.724459648132324,9.834965294547292,9.65078991976231,9.724459648132324,24110000
2016-02-23,9.724459648132324,9.798130079075635,9.687624432660668,9.724459648132324,27901000
2016-02-24,9.724459648132324,9.798130079075635,9.613954704290656,9.724459648132324,26004000
2016-02-25,9.761295318603516,9.798130535792158,9.650790369610922,9.724460101414873,26675000
2016-02-26,9.834964752197266,9.94546968994513,9.761294325316516,9.798129538756891,49008000
2016-03-01,9.871798515319824,9.908633725970097,9.798128796592486,9.834964007242759,30924000
2016-03-02,9.834964752197266,9.982304903385504,9.834964752197266,9.94546968994513,27014000
2016-03-03,9.908636093139648,9.908636093139648,9.798131137362445,9.834966356812636,30449000
2016-03-04,9.871798515319824,9.945468936620369,9.834964007242759,9.908633725970097,30836000
2016-03-07,9.871798515319824,9.945468936620369,9.761293585942214,9.908633725970097,29669000
2016-03-08,9.724459648132324,9.87179980744565,9.65078991976231,9.834965294547292,37093000
2016-03-09,9.503448486328125,9.724459063292949,9.503448486328125,9.724459063292949,28575000
2016-03-10,9.687623977661133,9.871799343795933,9.540283825267947,9.540283825267947,51425000
2016-03-11,9.761295318603516,9.761295318603516,9.61395515242228,9.687624884226231,27312000
2016-03-14,9.871798515319824,9.871798515319824,9.798128796592486,9.798128796592486,25473000
2016-03-15,9.761295318603516,9.87180026759611,9.650790369610922,9.87180026759611,21840000
2016-03-16,9.761295318603516,9.8349657529808,9.724460101414873,9.761295318603516,15507000
2016-03-17,9.798130989074707,9.945471162072216,9.76129577018199,9.908635943179497,30973000
2016-03-18,9.798130989074707,9.87180072428678,9.72446055128927,9.798130989074707,33527000
2016-03-21,9.834964752197266,9.834964752197266,9.724459111876142,9.798129538756891,13141000
2016-03-22,9.798130989074707,9.87180072428678,9.6507908160772,9.87180072428678,22711000
2016-03-23,9.724459648132324,9.834965294547292,9.687624432660668,9.798130079075635,13734000
2016-03-24,9.761295318603516,9.87180026759611,9.650790369610922,9.724460101414873,24076000
2016-03-25,9.650789260864258,9.798129410118081,9.650789260864258,9.761294197161313,7874000
2016-03-28,9.650789260864258,9.687623771247775,9.613954047907491,9.650789260864258,15663000
2016-03-29,9.503448486328125,9.687623850036603,9.503448486328125,9.650789339353512,16774000
2016-03-30,9.761295318603516,9.761295318603516,9.540284718044996,9.577119935233638,41247000
2016-03-31,9.798130989074707,9.798130989074707,9.72446055128927,9.76129577018199,41307000
2016-04-01,9.687623977661133,9.798129618885973,9.57711903900956,9.687623977661133,23218000
2016-04-06,9.392945289611816,9.613955907529125,9.392945289611816,9.577120687447342,33833000
2016-04-07,9.282438278198242,9.466613635284927,9.171932642402291,9.392943211420961,51040000
2016-04-08,9.392945289611816,9.392945289611816,9.171934671694508,9.20876989177629,40103000
2016-04-11,9.282438278198242,9.356107999488977,9.171932642402291,9.319272787556994,30592000
2016-04-12,9.503448486328125,9.577118912840819,9.319273122619649,9.356108335875994,38126000
2016-04-13,9.503448486328125,9.503448486328125,9.356108335875994,9.503448486328125,33542000
2016-04-14,9.46661376953125,9.503448279412353,9.39294334462256,9.46661376953125,36885000
2016-04-15,9.46661376953125,9.46661376953125,9.319272919713873,9.39294334462256,33058000
2016-04-18,9.503448486328125,9.650789339353512,9.466613975645036,9.503448486328125,46364000
2016-04-19,9.319272994995117,9.57711878168517,9.319272994995117,9.57711878168517,24794000
2016-04-20,9.282438278198242,9.429778423352944,9.282438278198242,9.356107999488977,30715000
2016-04-21,9.245603561401367,9.356108500542021,9.208768347496726,9.282438775306007,21687000
2016-04-22,9.356108665466309,9.39294388002026,9.171933295269833,9.208768509823784,26250000
2016-04-25,9.356108665466309,9.39294388002026,9.282438938931687,9.356108665466309,10856000
2016-04-26,9.356108665466309,9.39294388002026,9.245603724377736,9.282438938931687,27727000
2016-04-27,9.245603561401367,9.31927328663738,9.208768347496726,9.282438775306007,29982000
2016-04-28,8.840417861938477,9.171933391246512,8.729912919693561,9.171933391246512,101526000
2016-04-29,8.840417861938477,8.840417861938477,8.729912919693561,8.766747432059674,31584000
2016-05-03,8.582571983337402,8.803582568428025,8.545737471300033,8.766747353817374,39030000
2016-05-04,8.43523120880127,8.545736844528385,8.361561487556422,8.508901632619347,60831000
2016-05-05,8.324728012084961,8.435232968288844,8.28789279249254,8.398397748696423,48193000
2016-05-06,8.324728012084961,8.361563231677382,8.251057572900121,8.324728012084961,41325000
2016-05-09,8.28789234161377,8.361562776790782,8.214221906436755,8.324727559202275,21220000
2016-05-10,8.28789234161377,8.361562776790782,8.214221906436755,8.251057124025262,23368000
2016-05-11,8.28789234161377,8.435232509394456,8.28789234161377,8.361562776790782,38288000
2016-05-12,8.398395538330078,8.545736377921253,8.398395538330078,8.472065958125665,38573000
2016-05-13,8.324728012084961,8.361563231677382,8.251057572900121,8.361563231677382,37411000
2016-05-16,8.43523120880127,8.43523120880127,8.251055851829307,8.251055851829307,25405000
2016-05-17,8.508902549743652,8.508902549743652,8.361562388799802,8.398396902105786,36715000
2016-05-18,8.508902549743652,8.508902549743652,8.361562388799802,8.398396902105786,27982000
2016-05-19,8.472067832946777,8.472067832946777,8.361562881372464,8.435232614897558,33054000
2016-05-20,8.508902549743652,8.508902549743652,8.398396902105786,8.398396902105786,27686000
2016-05-23,8.693077087402344,8.693077087402344,8.398396091387632,8.435231303711126,37572000
2016-05-24,8.693077087402344,8.693077087402344,8.582571450431862,8.619406662755356,23886000
2016-05-25,8.840417861938477,8.950922804183392,8.69307770475416,8.766747432059674,55011000
2016-05-26,8.914088249206543,8.914088249206543,8.766747390153249,8.840417819679896,30425000
2016-05-27,8.950922012329102,8.950922012329102,8.877252291540868,8.950922012329102,21329000
2016-05-30,8.98775863647461,8.98775863647461,8.877253686639321,8.914088904108864,23921000
2016-05-31,8.98775863647461,8.98775863647461,8.914088904108864,8.950923419005068,40545000
2016-06-01,9.024593353271484,9.024593353271484,8.914088409566867,8.914088409566867,28374000
2016-06-02,9.024593353271484,9.135098296976102,8.950922922419542,8.987758137845512,29235000
2016-06-03,9.135098457336426,9.135098457336426,8.950923079546794,9.02459351169197,23267000
2016-06-06,9.135098457336426,9.135098457336426,9.061428727764559,9.098263943837148,19992000
2016-06-07,9.171934127807617,9.171934127807617,9.061429176688494,9.098264394585982,27982000
2016-06-08,9.135098457336426,9.208768889481602,9.061428727764559,9.171933673409015,42208000
2016-06-13,8.98775863647461,9.098264288883234,8.84041846916978,9.098264288883234,46745000
2016-06-14,8.914088249206543,8.987757976159903,8.840417819679896,8.95092276139658,25902000
2016-06-15,9.024593353271484,9.024593353271484,8.877253194140895,8.914088409566867,19722000
2016-06-16,8.840417861938477,9.024593234062195,8.766747432059674,9.024593234062195,27503000
2016-06-17,8.950922012329102,8.950922012329102,8.84041707986014,8.84041707986014,35581000
2016-06-20,9.171934127807617,9.171934127807617,8.914089007671882,8.950923522996025,31690000
2016-06-21,9.024593353271484,9.208768727828046,9.024593353271484,9.171933512402074,29024000
2016-06-22,9.171934127807617,9.208769345705106,9.024593958791003,9.061429176688494,27814000
2016-06-23,9.245603561401367,9.282438775306007,9.098263408356074,9.135097919687444,38133000
2016-06-24,8.840417861938477,9.245603821125314,8.803582646999075,9.245603821125314,69650000
2016-06-27,9.171934127807617,9.208769345705106,8.840418571876903,8.877253789774391,40105000
2016-06-28,9.06142807006836,9.135097794293134,9.024592856669344,9.135097794293134,3033000
2016-06-29,9.245603561401367,9.245603561401367,9.098263408356074,9.135097919687444,24489000
2016-06-30,9.282438278198242,9.282438278198242,9.171932642402291,9.282438278198242,16588000
2016-07-01,9.245603561401367,9.356108500542021,9.245603561401367,9.31927328663738,20848000
2016-07-04,9.319272994995117,9.356108207747017,9.245603272064564,9.245603272064564,18364000
2016-07-05,9.282438278198242,9.356107999488977,9.24560306626626,9.319272787556994,11084000
2016-07-06,9.09826374053955,9.245603898964328,9.09826374053955,9.245603898964328,29198000
2016-07-07,9.135098457336426,9.245604105554191,9.135098457336426,9.135098457336426,50482000
2016-07-08,9.135098457336426,9.135098457336426,9.135098457336426,9.135098457336426,0
2016-07-11,9.540284156799316,9.540284156799316,9.540284156799316,9.540284156799316,417000
2016-07-12,9.590368270874023,9.628883953613588,9.474821957280879,9.628883953613588,93051000
2016-07-13,9.628884315490723,9.705915683864877,9.513337997555062,9.6673999996778,45032000
2016-07-14,9.628884315490723,9.628884315490723,9.551852947116567,9.628884315490723,18954000
2016-07-15,9.513338088989258,9.66740009259271,9.513338088989258,9.628884408035452,28657000
2016-07-18,9.628884315490723,9.628884315490723,9.551852947116567,9.590368631303646,22966000
2016-07-19,9.590368270874023,9.628883953613588,9.513337640020442,9.590368270874023,32487000
2016-07-20,9.513338088989258,9.590368723478193,9.436306719874743,9.551853038920935,29622000
2016-07-21,9.628884315490723,9.628884315490723,9.513337997555062,9.551852947116567,29379000
2016-07-22,9.474822044372559,9.62888404212139,9.474822044372559,9.551852675934198,25491000
2016-07-25,9.474822044372559,9.590368359027794,9.397790678185366,9.513337727466155,21296000
2016-07-26,9.551854133605957,9.551854133605957,9.474823490288966,9.513339179260294,24272000
2016-07-27,9.667400360107422,9.70591604573048,9.590368988861307,9.628884674484365,54715000
2016-07-28,9.320760726928711,9.35927567820789,9.166697983309573,9.282245041023927,130598000
2016-07-29,9.166698455810547,9.282245519480817,9.166698455810547,9.243729831590727,45552000
2016-08-01,9.166698455810547,9.243729831590727,9.166698455810547,9.166698455810547,25780000
2016-08-02,9.205212593078613,9.282243955882826,9.205212593078613,9.205212593078613,18134000
2016-08-03,9.089667320251465,9.166697957216156,9.089667320251465,9.128183006046612,30901000
2016-08-04,9.166698455810547,9.166698455810547,9.08966781465601,9.1281835025461,12696000
2016-08-05,9.166698455810547,9.243729831590727,9.1281835025461,9.166698455810547,19705000
2016-08-08,9.166698455810547,9.243729831590727,9.08966781465601,9.243729831590727,23045000
2016-08-09,9.205212593078613,9.205212593078613,9.089666283497811,9.12818196489992,23541000
2016-08-10,9.166698455810547,9.205214143700637,9.08966781465601,9.166698455810547,16638000
2016-08-11,9.205212593078613,9.205212593078613,9.089666283497811,9.12818196489992,18693000
2016-08-12,9.243728637695312,9.243728637695312,9.1666972718643,9.205212954779807,11536000
2016-08-15,9.128183364868164,9.243729692170037,9.089667677558996,9.205214004860869,16126000
2016-08-16,9.051151275634766,9.166697593813915,9.012635591366523,9.128182644171249,35644000
2016-08-17,9.051151275634766,9.089666959903006,8.935604957455615,9.051151275634766,21011000
2016-08-18,8.97412109375,9.051152472472374,8.97412109375,9.012636783111187,14269000
2016-08-19,8.897089958190918,9.012636285266195,8.897089958190918,8.97412059803256,23630000
2016-08-22,8.781542778015137,8.935605524871168,8.781542778015137,8.897089838157159,25387000
2016-08-23,8.82005786895752,8.858573553069895,8.781542184845145,8.781542184845145,21199000
2016-08-24,8.858574867248535,8.897090557074751,8.820059177422317,8.858574867248535,15699000
2016-08-25,9.089667320251465,9.128183006046612,8.820058254311036,8.858573940106183,53485000
2016-08-26,9.051151275634766,9.128182644171249,9.012635591366523,9.128182644171249,20657000
2016-08-29,8.897089958190918,9.089667659733468,8.897089958190918,9.089667659733468,28183000
2016-08-30,8.9356050491333,9.01263568383453,8.85857367980649,8.974119999171124,21141000
2016-08-31,8.897089958190918,8.97412059803256,8.858574270957282,8.97412059803256,32614000
2016-09-01,8.82005786895752,8.89708923718227,8.82005786895752,8.858573553069895,26073000
2016-09-02,8.9356050491333,8.9356050491333,8.85857367980649,8.9356050491333,19314000
2016-09-05,9.012636184692383,9.012636184692383,8.935605545710342,8.974120497888551,11923000
2016-09-06,9.051151275634766,9.051151275634766,8.974119907098283,8.974119907098283,17055000
2016-09-07,9.128183364868164,9.166698317551699,9.01263630294066,9.051151990249828,30074000
2016-09-08,9.051151275634766,9.089666959903006,9.012635591366523,9.051151275634766,15856000
2016-09-09,8.97412109375,9.012636783111187,8.935606139014485,8.935606139014485,13657000
2016-09-12,8.9356050491333,8.9356050491333,8.820057995143085,8.85857367980649,26720000
2016-09-13,8.897089958190918,8.935605645424554,8.820058583723645,8.897089958190918,24462000
2016-09-14,8.781542778015137,8.897089838157159,8.781542778015137,8.820058464729144,24431000
2016-09-19,8.9356050491333,9.01263568383453,8.820057995143085,8.820057995143085,38446000
2016-09-20,8.897089958190918,8.935605645424554,8.858574270957282,8.897089958190918,23331000
2016-09-21,9.089667320251465,9.089667320251465,8.89708962590133,8.935605311696479,38210000
2016-09-22,9.051151275634766,9.128182644171249,8.974119907098283,9.128182644171249,26292000
2016-09-23,9.012636184692383,9.051151871496215,8.974120497888551,9.051151871496215,17817000
2016-09-26,8.9356050491333,9.051151368497935,8.897089364469895,9.01263568383453,13583000
2016-09-27,8.9356050491333,8.9356050491333,8.9356050491333,8.9356050491333,0
2016-09-28,8.9356050491333,8.9356050491333,8.9356050491333,8.9356050491333,0
2016-09-29,9.012636184692383,9.051151871496215,8.935605545710342,8.935605545710342,29389000
2016-09-30,8.897089958190918,8.97412059803256,8.858574270957282,8.97412059803256,26496000
2016-10-03,8.9356050491333,8.974119999171124,8.897089364469895,8.897089364469895,9910000
2016-10-04,8.9356050491333,8.9356050491333,8.897089364469895,8.9356050491333,13757000
2016-10-05,8.9356050491333,8.9356050491333,8.85857367980649,8.85857367980649,14213000
2016-10-06,8.9356050491333,8.9356050491333,8.897089364469895,8.897089364469895,12181000
2016-10-07,8.858574867248535,8.935606246900969,8.858574867248535,8.935606246900969,9478000
2016-10-11,8.97412109375,9.012636783111187,8.858574760292111,8.935606139014485,37549000
2016-10-12,8.897089958190918,8.97412059803256,8.858574270957282,8.935605645424554,23404000
2016-10-13,8.858574867248535,8.935606246900969,8.820059177422317,8.935606246900969,29294000
2016-10-14,8.97412109375,9.012636783111187,8.820059070930924,8.858574760292111,29093000
2016-10-17,8.897089958190918,8.97412059803256,8.858574270957282,8.97412059803256,12913000
2016-10-18,8.97412109375,8.97412109375,8.897090449653298,8.897090449653298,14454000
2016-10-19,9.012636184692383,9.012636184692383,8.935605545710342,8.974120497888551,18053000
2016-10-20,8.97412109375,9.012636783111187,8.935606139014485,9.012636783111187,11800000
2016-10-21,9.012636184692383,9.012636184692383,8.935605545710342,8.935605545710342,14370000
2016-10-24,8.97412109375,9.051152472472374,8.935606139014485,9.051152472472374,12076000
2016-10-25,9.012636184692383,9.051151871496215,8.974120497888551,9.012636184692383,17773000
2016-10-26,8.897089958190918,9.012636285266195,8.858574270957282,8.97412059803256,25153000
2016-10-27,8.858574867248535,8.974121202101504,8.858574867248535,8.935606246900969,25798000
2016-10-28,9.012636184692383,9.012636184692383,8.858574172102678,8.89708985890651,29704000
2016-10-31,9.051151275634766,9.089666959903006,8.935604957455615,9.012635591366523,29451000
2016-11-01,9.051151275634766,9.089666959903006,8.974119907098283,9.012635591366523,14250000
2016-11-02,9.012636184692383,9.051151871496215,8.935605545710342,9.051151871496215,14508000
2016-11-03,8.9356050491333,9.051151368497935,8.9356050491333,9.01263568383453,12005000
2016-11-04,8.9356050491333,8.974119999171124,8.897089364469895,8.9356050491333,9163000
2016-11-07,8.97412109375,9.012636783111187,8.935606139014485,8.97412109375,10880000
2016-11-08,9.012636184692383,9.012636184692383,8.935605545710342,8.974120497888551,11647000
2016-11-09,8.858574867248535,9.051152581753938,8.820059177422317,9.051152581753938,34073000
2016-11-10,8.9356050491333,8.974119999171124,8.897089364469895,8.9356050491333,22419000
2016-11-11,8.74302864074707,8.897090667335533,8.704512950443533,8.858574977031994,49233000
2016-11-14,8.704513549804688,8.858575587001301,8.6659978568491,8.781544201090124,26701000
2016-11-15,8.704513549804688,8.781544201090124,8.704513549804688,8.704513549804688,16921000
2016-11-16,8.704513549804688,8.781544201090124,8.704513549804688,8.743029242760276,19891000
2016-11-17,8.74302864074707,8.820059286728457,8.704512950443533,8.74302864074707,18696000
2016-11-18,8.704513549804688,8.781544201090124,8.704513549804688,8.743029242760276,22067000
2016-11-21,8.781542778015137,8.897089838157159,8.781542778015137,8.781542778015137,19315000
2016-11-22,8.781542778015137,8.820058464729144,8.74302782592675,8.781542778015137,18305000
2016-11-23,8.82005786895752,8.82005786895752,8.743027235358342,8.781542184845145,7911000
2016-11-24,8.74302864074707,8.820059286728457,8.74302864074707,8.820059286728457,8436000
2016-11-25,8.74302864074707,8.781543596424918,8.74302864074707,8.74302864074707,6376000
2016-11-28,8.74302864074707,8.781543596424918,8.74302864074707,8.74302864074707,12387000
2016-11-29,8.74302864074707,8.781543596424918,8.704512950443533,8.74302864074707,15701000
2016-11-30,8.665996551513672,8.781542878350269,8.665996551513672,8.781542878350269,50440000
2016-12-01,8.74302864074707,8.74302864074707,8.665997260139994,8.665997260139994,19269000
2016-12-02,8.704513549804688,8.743029242760276,8.6659978568491,8.743029242760276,17425000
2016-12-05,8.627480506896973,8.704511878013482,8.627480506896973,8.704511878013482,17335000
2016-12-06,8.781542778015137,8.781542778015137,8.665996452498735,8.704512139212744,18320000
2016-12-07,8.74302864074707,8.781543596424918,8.74302864074707,8.781543596424918,10902000
2016-12-08,8.781542778015137,8.820058464729144,8.704512139212744,8.781542778015137,24986000
2016-12-09,8.74302864074707,8.781543596424918,8.704512950443533,8.781543596424918,16771000
2016-12-12,8.704513549804688,8.781544201090124,8.704513549804688,8.743029242760276,11281000
2016-12-13,8.704513549804688,8.743029242760276,8.6659978568491,8.704513549804688,27707000
2016-12-14,8.627480506896973,8.743027563571736,8.627480506896973,8.704511878013482,26718000
2016-12-15,8.704513549804688,8.743029242760276,8.6659978568491,8.6659978568491,17343000
2016-12-16,8.704513549804688,8.781544201090124,8.704513549804688,8.743029242760276,16297000
2016-12-19,8.704513549804688,8.743029242760276,8.704513549804688,8.743029242760276,9107000
2016-12-20,8.704513549804688,8.743029242760276,8.6659978568491,8.704513549804688,17801000
2016-12-21,8.704513549804688,8.743029242760276,8.704513549804688,8.704513549804688,16194000
2016-12-22,8.704513549804688,8.743029242760276,8.704513549804688,8.704513549804688,14044000
2016-12-23,8.704513549804688,8.781544201090124,8.704513549804688,8.743029242760276,18958000
2016-12-26,8.704513549804688,8.743029242760276,8.704513549804688,8.704513549804688,6956000
2016-12-27,8.704513549804688,8.743029242760276,8.704513549804688,8.743029242760276,6254000
2016-12-28,8.74302864074707,8.781543596424918,8.704512950443533,8.74302864074707,10019000
2016-12-29,8.704513549804688,8.781544201090124,8.704513549804688,8.704513549804688,13291000
2016-12-30,8.781542778015137,8.781542778015137,8.704512139212744,8.704512139212744,13553000
2017-01-03,8.781542778015137,8.781542778015137,8.704512139212744,8.781542778015137,10152000
2017-01-04,8.74302864074707,8.781543596424918,8.74302864074707,8.781543596424918,11090000
2017-01-05,8.781542778015137,8.820058464729144,8.704512139212744,8.74302782592675,20809000
2017-01-06,8.9356050491333,8.974119999171124,8.78154231047968,8.78154231047968,37909000
2017-01-09,8.9356050491333,9.051151368497935,8.897089364469895,8.9356050491333,30019000
2017-01-10,8.97412109375,8.97412109375,8.897090449653298,8.935606139014485,19413000
2017-01-11,8.97412109375,9.012636783111187,8.935606139014485,8.97412109375,13465000
2017-01-12,9.089667320251465,9.089667320251465,8.974120262866021,9.01263594866117,27658000
2017-01-13,9.089667320251465,9.089667320251465,8.974120262866021,9.051151634456318,22192000
2017-01-16,8.97412109375,9.051152472472374,8.97412109375,9.012636783111187,9060000
2017-01-17,8.97412109375,9.051152472472374,8.935606139014485,8.935606139014485,9406000
2017-01-18,8.97412109375,9.012636783111187,8.935606139014485,8.97412109375,15815000
2017-01-19,8.9356050491333,9.01263568383453,8.9356050491333,8.974119999171124,14979000
2017-01-20,8.9356050491333,9.01263568383453,8.897089364469895,8.9356050491333,13863000
2017-01-23,8.897089958190918,8.97412059803256,8.897089958190918,8.935605645424554,23659000
2017-01-24,8.74302864074707,8.858574977031994,8.74302864074707,8.820059286728457,45605000
2017-02-02,8.704513549804688,8.89709127995689,8.704513549804688,8.858575587001301,50854000
2017-02-03,8.781542778015137,8.781542778015137,8.704512139212744,8.74302782592675,31696000
2017-02-06,8.82005786895752,8.858573553069895,8.743027235358342,8.781542184845145,30099000
2017-02-07,8.858574867248535,8.897090557074751,8.781543487596101,8.781543487596101,26408000
2017-02-08,8.82005786895752,8.89708923718227,8.781542184845145,8.858573553069895,27188000
2017-02-09,8.858574867248535,8.897090557074751,8.820059177422317,8.858574867248535,22505000
2017-02-10,8.9356050491333,8.9356050491333,8.85857367980649,8.897089364469895,31474000
2017-02-13,9.012636184692383,9.012636184692383,8.89708985890651,8.935605545710342,22463000
2017-02-14,9.012636184692383,9.051151871496215,8.974120497888551,9.012636184692383,20623000
2017-02-15,9.051151275634766,9.051151275634766,8.935604957455615,9.012635591366523,29795000
2017-02-16,9.089667320251465,9.166697957216156,9.01263594866117,9.089667320251465,43898000
2017-02-17,9.051151275634766,9.089666959903006,9.012635591366523,9.089666959903006,14953000
2017-02-20,9.051151275634766,9.089666959903006,9.012635591366523,9.051151275634766,11621000
2017-02-21,9.051151275634766,9.051151275634766,9.012635591366523,9.051151275634766,9482000
2017-02-22,8.897089958190918,9.089667659733468,8.897089958190918,9.05115197249983,31979000
2017-02-23,9.051151275634766,9.089666959903006,8.974119907098283,8.974119907098283,22201000
2017-02-24,9.821463584899902,9.89849496569057,9.089668405891322,9.128184096286656,317890000
2017-03-01,9.551854133605957,9.898494599722238,9.551854133605957,9.821463221779583,154554000
2017-03-02,9.474822044372559,9.744430356776626,9.436306361278962,9.705915408308583,67059000
2017-03-03,9.359275817871094,9.551853515643137,9.359275817871094,9.47482287730969,51258000
2017-03-06,9.320760726928711,9.397791364112674,9.320760726928711,9.35927567820789,32689000
2017-03-07,9.590368270874023,9.744430267206733,9.359274909062188,9.359274909062188,87762000
2017-03-08,9.436307907104492,9.590369930091269,9.436307907104492,9.551854240688156,31632000
2017-03-09,9.320760726928711,9.474822735922242,9.320760726928711,9.436307050017458,44646000
2017-03-10,9.320760726928711,9.397791364112674,9.282245041023927,9.35927567820789,24238000
2017-03-13,9.397791862487793,9.436307550435107,9.320761221218811,9.397791862487793,12180000
2017-03-14,9.397791862487793,9.436307550435107,9.320761221218811,9.397791862487793,19665000
2017-03-15,9.436307907104492,9.474823596507605,9.359276528298269,9.397792217701381,21679000
2017-03-16,9.551854133605957,9.590369822577284,9.474823490288966,9.513339179260294,46106000
2017-03-17,9.551854133605957,9.590369822577284,9.474823490288966,9.551854133605957,24859000
2017-03-20,9.474822044372559,9.513337727466155,9.436306361278962,9.513337727466155,17455000
2017-03-21,9.474822044372559,9.513337727466155,9.436306361278962,9.513337727466155,23587000
2017-03-22,9.397791862487793,9.436307550435107,9.35927617454048,9.397791862487793,31001000
2017-03-23,9.551854133605957,9.590369822577284,9.39779211234631,9.39779211234631,44665000
2017-03-24,9.436307907104492,9.590369930091269,9.436307907104492,9.551854240688156,26218000
2017-03-27,9.436307907104492,9.551854240688156,9.397792217701381,9.436307907104492,24490000
2017-03-28,9.320760726928711,9.474822735922242,9.282245041023927,9.436307050017458,49208000
2017-03-29,9.320760726928711,9.397791364112674,9.282245041023927,9.35927567820789,25829000
2017-03-30,9.397791862487793,9.47482323838242,9.320761221218811,9.35927617454048,21375000
2017-03-31,9.397791862487793,9.397791862487793,9.320761221218811,9.35927617454048,31785000
2017-04-05,9.436307907104492,9.474823596507605,9.359276528298269,9.397792217701381,39581000
2017-04-06,9.397791862487793,9.436307550435107,9.320761221218811,9.397791862487793,15682000
2017-04-07,9.359275817871094,9.397791504350625,9.282245179537647,9.359275817871094,22683000
2017-04-10,9.359275817871094,9.436307190830158,9.320760866017178,9.359275817871094,17357000
2017-04-11,9.359275817871094,9.397791504350625,9.320760866017178,9.320760866017178,16342000
2017-04-12,9.243728637695312,9.359274951816285,9.243728637695312,9.320760003526328,27827000
2017-04-13,9.320760726928711,9.35927567820789,9.243729355119143,9.282245041023927,22528000
2017-04-14,9.243728637695312,9.320760003526328,9.243728637695312,9.320760003526328,19444000
2017-04-17,9.282245635986328,9.282245635986328,9.205214259239295,9.243729947612811,16921000
2017-04-18,9.320760726928711,9.474822735922242,9.243729355119143,9.282245041023927,38341000
2017-04-19,9.205212593078613,9.320759637284935,9.166696911676505,9.282243955882826,29668000
2017-04-20,9.128183364868164,9.205214004860869,9.128183364868164,9.166698317551699,23771000
2017-04-21,9.166698455810547,9.205214143700637,9.1281835025461,9.166698455810547,23867000
2017-04-24,9.166698455810547,9.205214143700637,9.1281835025461,9.166698455810547,18802000
2017-04-25,9.243728637695312,9.28224432061082,9.128182323574341,9.1666972718643,24341000
2017-04-26,9.320760726928711,9.320760726928711,9.20521366921436,9.243729355119143,23498000
2017-04-27,9.320760726928711,9.35927567820789,9.243729355119143,9.282245041023927,29960000
2017-04-28,9.282245635986328,9.320761324359847,9.243729947612811,9.320761324359847,29028000
2017-05-02,9.282245635986328,9.35927627810771,9.282245635986328,9.320761324359847,22665000
2017-05-03,9.282245635986328,9.397791966481227,9.243729947612811,9.282245635986328,33825000
2017-05-04,9.397791862487793,9.397791862487793,9.2822455332715,9.35927617454048,18595000
2017-05-05,9.320760726928711,9.436307050017458,9.320760726928711,9.436307050017458,20442000
2017-05-08,9.397791862487793,9.436307550435107,9.35927617454048,9.397791862487793,23682000
2017-05-09,9.320760726928711,9.474822735922242,9.320760726928711,9.436307050017458,18904000
2017-05-10,9.436307907104492,9.474823596507605,9.359276528298269,9.397792217701381,35614000
2017-05-11,9.397791862487793,9.47482323838242,9.397791862487793,9.47482323838242,22755000
2017-05-12,9.474822044372559,9.474822044372559,9.397790678185366,9.436306361278962,23849000
2017-05-15,9.436307907104492,9.474823596507605,9.397792217701381,9.474823596507605,14137000
2017-05-16,9.359275817871094,9.436307190830158,9.359275817871094,9.436307190830158,17074000
2017-05-17,9.397791862487793,9.436307550435107,9.320761221218811,9.397791862487793,25401000
2017-05-18,9.436307907104492,9.436307907104492,9.282245884117717,9.32076157352083,16586000
2017-05-19,9.397791862487793,9.47482323838242,9.35927617454048,9.436307550435107,18647000
2017-05-22,9.436307907104492,9.474823596507605,9.397792217701381,9.436307907104492,12821000
2017-05-23,9.513338088989258,9.513338088989258,9.436306719874743,9.436306719874743,30357000
2017-05-24,9.513338088989258,9.590368723478193,9.474822404432,9.513338088989258,23862000
2017-05-25,9.551854133605957,9.590369822577284,9.513339179260294,9.513339179260294,20817000
2017-05-26,9.590368270874023,9.590368270874023,9.474821957280879,9.55185258813446,16641000
2017-05-31,9.590368270874023,9.667399636353151,9.513337640020442,9.628883953613588,31476000
2017-06-01,9.551854133605957,9.628885511548612,9.551854133605957,9.590369822577284,16660000
2017-06-02,9.551854133605957,9.628885511548612,9.513339179260294,9.590369822577284,15826000
2017-06-05,9.590368270874023,9.590368270874023,9.474821957280879,9.513337640020442,19736000
2017-06-06,9.590368270874023,9.590368270874023,9.513337640020442,9.590368270874023,11556000
2017-06-07,9.590368270874023,9.628883953613588,9.55185258813446,9.590368270874023,17570000
2017-06-08,9.513338088989258,9.590368723478193,9.513338088989258,9.513338088989258,17613000
2017-06-09,9.436307907104492,9.590369930091269,9.436307907104492,9.513339285910718,23332000
2017-06-12,9.359275817871094,9.436307190830158,9.359275817871094,9.397791504350625,18772000
2017-06-13,9.397791862487793,9.436307550435107,9.320761221218811,9.397791862487793,18369000
2017-06-14,9.359275817871094,9.436307190830158,9.243729493058114,9.436307190830158,23063000
2017-06-15,9.397791862487793,9.397791862487793,9.320761221218811,9.320761221218811,15657000
2017-06-16,9.397791862487793,9.436307550435107,9.35927617454048,9.397791862487793,22311000
2017-06-19,9.436307907104492,9.436307907104492,9.359276528298269,9.397792217701381,17338000
2017-06-20,9.474822044372559,9.474822044372559,9.397790678185366,9.436306361278962,10427000
2017-06-21,9.551854133605957,9.667401200519938,9.39779211234631,9.43630780131764,74583000
2017-06-22,9.551854133605957,9.628885511548612,9.474823490288966,9.590369822577284,18455000
2017-06-23,9.859978675842285,9.975525005377776,9.551853906038236,9.590369594091948,176244000
2017-06-26,10.245134353637695,10.360680686178924,9.898494621388343,9.898494621388343,190773000
2017-06-27,10.129587173461914,10.476227636469702,10.129587173461914,10.322164881965948,105270000
2017-06-28,11.130990028381348,11.130990028381348,10.399194973469704,10.399194973469704,517683000
2017-06-29,11.36208438873291,11.747239791740805,11.323568701506995,11.63169346468869,439469000
2017-06-30,11.36208438873291,11.400600075958826,11.169506687228962,11.208022374454877,225793000
2017-07-03,11.092475891113281,11.439116359593928,11.053960936504916,11.400600670359893,150836000
2017-07-04,10.9384126663208,11.24653741169463,10.9384126663208,11.130990356694848,99842000
2017-07-05,11.092475891113281,11.130991580347317,10.976929558036845,11.01544524727088,116182000
2017-07-06,11.130990028381348,11.130990028381348,10.976928027551356,11.130990028381348,65954000
2017-07-07,11.053960800170898,11.130991443063241,11.015445111411896,11.092475754304239,78826000
2017-07-10,11.0154447555542,11.169506770987521,10.97692906803946,11.13099108347278,136430000
2017-07-11,11.254910469055176,11.254910469055176,10.975532961891851,11.015444143092678,96229000
2017-07-12,11.334733009338379,11.374644193845993,11.254911401565678,11.294821824830764,73061000
2017-07-13,11.853575706481934,11.893486125777484,11.374643062510813,11.454465423586818,217574000
2017-07-14,11.614110946655273,11.893487725514026,11.614110946655273,11.893487725514026,85371000
2017-07-17,11.534287452697754,11.733842601572256,11.454465849893442,11.733842601572256,46541000
2017-07-18,11.534287452697754,11.534287452697754,11.454465849893442,11.494376270674357,38991000
2017-07-19,11.813665390014648,11.933398179143655,11.574199050514132,11.614110233971303,109635000
2017-07-20,12.013219833374023,12.172863796489326,11.8934862901057,11.973308652284583,152717000
2017-07-21,11.773754119873047,12.053131640773815,11.693931753546398,12.01322045761049,64896000
2017-07-24,11.813665390014648,11.85357657347182,11.693931839643136,11.813665390014648,41179000
2017-07-25,11.893486976623535,11.933398160016736,11.773754187686439,11.893486976623535,41560000
2017-07-26,12.292596817016602,12.3325079988804,12.05313124831876,12.132952850803882,202972000
2017-07-27,11.37464427947998,11.574199442277875,11.175089116682086,11.334733094671895,299371000
2017-07-28,11.095266342163086,11.33473268103015,11.055355920053996,11.254911075569465,129090000
2017-07-31,11.095266342163086,11.21499989221787,11.0154447367024,11.095266342163086,75905000
2017-08-01,10.895710945129395,11.095266096221453,10.895710945129395,11.055355674997033,57729000
2017-08-02,10.895710945129395,11.055355674997033,10.855800523904975,10.935622127596304,55684000
2017-08-03,10.696155548095703,10.855800274292555,10.696155548095703,10.815889092743342,58718000
2017-08-04,11.0553560256958,11.0553560256958,10.69615613334154,10.69615613334154,106578000
2017-08-07,11.095266342163086,11.135177525514681,10.975533553350806,11.055355920053996,52228000
2017-08-08,11.175087928771973,11.254910289903039,11.095265567640904,11.214999109337505,50372000
2017-08-09,11.095266342163086,11.175088708866276,11.095266342163086,11.175088708866276,40249000
2017-08-10,11.175087928771973,11.334731889791652,11.095265567640904,11.135176748206439,124627000
2017-08-11,11.214999198913574,11.254910379797884,11.015444055734479,11.015444055734479,81512000
2017-08-14,11.214999198913574,11.294820799439735,11.135176837144952,11.294820799439735,45620000
2017-08-15,11.254910469055176,11.294820889013538,11.095265744251867,11.294820889013538,64068000
2017-08-16,11.214999198913574,11.294820799439735,11.175088018029262,11.175088018029262,44825000
2017-08-17,11.294821739196777,11.334732923401797,11.21500013202926,11.254911316234281,29988000
2017-08-18,11.254910469055176,11.254910469055176,11.175088106653522,11.175088106653522,22950000
2017-08-21,11.294821739196777,11.414555291811837,11.21500013202926,11.254911316234281,39046753
2017-08-22,11.414554595947266,11.414554595947266,11.294821050631514,11.414554595947266,28557494
2017-08-23,11.334733009338379,11.494376986126309,11.294821824830764,11.494376986126309,30575803
2017-08-24,11.933398246765137,11.973309430448468,11.414555142609375,11.454466326292705,149395945
2017-08-25,11.893486976623535,11.973309343409937,11.733843004293238,11.973309343409937,58223121
2017-08-28,11.893486976623535,12.093042132347035,11.893486976623535,11.973309343409937,50027240
2017-08-29,11.893486976623535,12.05313171019634,11.81366537107964,11.973309343409937,43363946
2017-08-30,11.853575706481934,12.013219667391489,11.733842164867927,11.973308486853487,37189931
2017-08-31,12.013219833374023,12.252686158668208,11.8934862901057,11.933397471195141,137654222
2017-09-01,12.811440467834473,13.170640359356383,12.093042207275674,12.212775758197148,373330587
2017-09-04,13.170639991760254,13.37019514315056,12.851352054032759,12.891262475316829,220970070
2017-09-05,13.170639991760254,13.170639991760254,12.891262475316829,13.090817626707135,105413304
2017-09-06,12.811440467834473,13.090817992075399,12.731618861796,13.010995624794417,105799739
2017-09-07,13.010994911193848,13.41010520322415,12.811439765178697,12.811439765178697,208649181
2017-09-08,12.971084594726562,13.17063974233774,12.931174174198308,13.090817378796277,67429505
2017-09-11,12.811440467834473,13.090817992075399,12.811440467834473,12.971085202396438,39683117
2017-09-12,12.691707611083984,12.931174711661427,12.611886005467344,12.85135234480228,68864374
2017-09-13,12.532064437866211,12.851353164423584,12.532064437866211,12.73161960649861,49706351
2017-09-14,12.691707611083984,12.85135234480228,12.452242032991556,12.611886005467344,55352030
2017-09-15,12.412330627441406,12.691707383963918,12.412330627441406,12.691707383963918,66947676
2017-09-18,12.691707611083984,12.771529977943132,12.452242032991556,12.492152455178623,49076923
2017-09-19,12.771530151367188,12.931174887253292,12.651797360695127,12.811440574096196,59301078
2017-09-20,12.49215316772461,12.77153070642467,12.412331557554987,12.77153070642467,38000508
2017-09-21,12.6517972946167,12.69170771713726,12.452242137043832,12.492152559564396,44092594
2017-09-22,12.372419357299805,12.691707294281514,12.292596992433134,12.651796873090667,38645339
2017-09-25,12.132951736450195,12.492150817748714,12.093040558252047,12.412329222594826,42904781
2017-09-26,12.172863960266113,12.372419107155721,12.053131176629337,12.09304159701328,39562677
2017-09-27,12.172863960266113,12.332507925529304,12.172863960266113,12.212775141892529,30568758
2017-09-28,12.332508087158203,12.372419269307692,12.17286411980273,12.332508087158203,29390155
2017-09-29,12.09304141998291,12.33250774499338,12.053131000183216,12.33250774499338,49909398
2017-10-02,12.09304141998291,12.17286378206722,12.01321981914106,12.053131000183216,20630955
2017-10-03,12.611886024475098,12.851352364170939,12.172864528573138,12.212775712062864,121011084
2017-10-05,12.532064437866211,12.771530792473602,12.492153251891219,12.69170842052362,48563114
2017-10-06,12.412330627441406,12.611885779775697,12.372419444726049,12.532063414344982,38165950
2017-10-11,12.611886024475098,12.851352364170939,12.492152474005922,12.532063657495648,71759212
2017-10-12,12.691707611083984,12.85135234480228,12.651797188896918,12.731618794513558,43136440
2017-10-13,12.731618881225586,12.891262854788671,12.651797275065299,12.691707697524187,70840411
2017-10-16,12.731618881225586,12.811440487385871,12.691707697524187,12.771530064926985,42692972
2017-10-17,12.691707611083984,12.771529977943132,12.651797188896918,12.771529977943132,24207299
2017-10-18,12.731618881225586,12.891262854788671,12.691707697524187,12.771530064926985,33201648
2017-10-19,12.49215316772461,12.851353077836844,12.49215316772461,12.77153070642467,50698643
2017-10-20,12.412330627441406,12.492152231629627,12.292597079295335,12.452241810156762,43608989
2017-10-23,12.452242851257324,12.651798020275919,12.412331665205095,12.532064462119228,31161517
2017-10-24,12.412330627441406,12.532063414344982,12.372419444726049,12.492152231629627,18592033
2017-10-25,12.372419357299805,12.53206332579066,12.332508174866469,12.492152143357323,22519255
2017-10-26,12.412330627441406,12.452241810156762,12.013220322772824,12.212775475107115,86021724
2017-10-27,12.332508087158203,12.492152054513676,12.292596905008715,12.412330451457182,33936230
2017-10-30,12.611886024475098,12.651797207964822,12.412330868268981,12.412330868268981,49192225
2017-10-31,12.372419357299805,12.651796873090667,12.372419357299805,12.611885690657331,56534819
2017-11-01,12.372419357299805,12.53206332579066,12.372419357299805,12.492152143357323,26176532
2017-11-02,12.372419357299805,12.452241722166477,12.332508174866469,12.41233053973314,16684932
2017-11-03,12.332508087158203,12.45224163360667,12.332508087158203,12.45224163360667,21385155
2017-11-06,12.172863960266113,12.372419107155721,12.132952778639696,12.332507925529304,44785007
2017-11-07,12.292596817016602,12.292596817016602,12.17286403266768,12.212775214531481,17279082
2017-11-08,12.252686500549316,12.292596921509897,12.212775318346253,12.292596921509897,12629656
2017-11-09,12.532064437866211,12.73161960649861,12.292598083258818,12.33250926923381,92201809
2017-11-10,12.6517972946167,12.69170771713726,12.452242137043832,12.532063743327472,37515315
2017-11-13,12.49215316772461,12.611886724842872,12.452242743261074,12.611886724842872,31238911
2017-11-14,12.571974754333496,12.651797120762774,12.452241965932084,12.532063571118858,32748470
2017-11-15,12.452242851257324,12.571975648171458,12.372420479152863,12.532064462119228,32041841
2017-11-16,12.452242851257324,12.571975648171458,12.372420479152863,12.452242851257324,24885125
2017-11-17,12.49215316772461,12.611886724842872,12.452242743261074,12.532064353430698,18470595
2017-11-20,12.691707611083984,12.771529977943132,12.492152455178623,12.492152455178623,49301271
2017-11-21,12.89126205444336,13.050906779337522,12.651796489587046,12.691706909568122,88638640
2017-11-22,12.851351737976074,13.05090688445867,12.851351737976074,12.971084521368644,70047120
2017-11-23,12.731618881225586,12.891262854788671,12.691707697524187,12.851352432329783,31456593
2017-11-24,12.731618881225586,12.851352432329783,12.731618881225586,12.771530064926985,25950090
2017-11-27,12.611886024475098,12.811440419438705,12.532063657495648,12.77152999719149,29931575
2017-11-28,12.6517972946167,12.731618900900337,12.532063743327472,12.69170771713726,22794894
2017-11-29,12.532064437866211,12.73161960649861,12.452242827158784,12.69170842052362,30762394
2017-11-30,12.212775230407715,12.452241560659333,12.212775230407715,12.372419196827968,76131735
2017-12-01,12.252686500549316,12.412330468119091,12.053131350776479,12.292596921509897,37063822
2017-12-04,12.532064437866211,12.532064437866211,12.252687658526384,12.33250926923381,29442712
2017-12-05,12.412330627441406,12.492152231629627,12.332508262010691,12.492152231629627,24366444
2017-12-06,11.973308563232422,12.372418848673503,11.893486201647223,12.332507667880904,53149345
2017-12-07,11.693931579589844,12.172864247940227,11.614109975693108,12.013220278904264,57685398
2017-12-08,11.693931579589844,11.8535763098683,11.614109975693108,11.813665127298686,36748999
2017-12-11,12.09304141998291,12.09304141998291,11.813664675172745,11.853575856214901,33189554
2017-12-12,11.933398246765137,12.093042220255947,11.853576640640988,12.093042220255947,17874261
2017-12-13,11.813665390014648,11.933398179143655,11.813665390014648,11.893486995686484,11375969
2017-12-14,11.893486976623535,12.093042132347035,11.853576554472841,11.893486976623535,41188298
2017-12-15,11.693931579589844,11.893486731195422,11.693931579589844,11.8535763098683,38377016
2017-12-18,11.574198722839355,11.813665055560392,11.574198722839355,11.773753873233138,25440191
2017-12-19,11.614110946655273,11.773754929037782,11.614110946655273,11.65402213256154,21218677
2017-12-20,11.654022216796875,11.733843827943804,11.574199844407387,11.61411103060213,17598605
2017-12-21,11.534287452697754,11.733842601572256,11.494376270674357,11.654020998767944,34815083
2017-12-22,11.494377136230469,11.57419950628809,11.414555527415384,11.57419950628809,32325564
2017-12-25,11.534287452697754,11.574198634721151,11.494376270674357,11.534287452697754,8019253
2017-12-26,11.214999198913574,11.574198304387451,11.214999198913574,11.534287123503141,29369690
2017-12-27,11.334733009338379,11.374644193845993,11.254911401565678,11.254911401565678,16454806
2017-12-28,11.414554595947266,11.494376198248625,11.294821050631514,11.33473223240343,20198244
2017-12-29,11.334733009338379,11.534288170633923,11.294821824830764,11.414555378353608,33614830
2018-01-02,11.37464427947998,11.414555464288066,11.29482190986381,11.334733094671895,16608150
2018-01-03,11.494377136230469,11.654021876345714,11.454466712444194,11.494377136230469,54796186
2018-01-04,11.454466819763184,11.57419961472888,11.37464444895769,11.494377243923386,31518466
2018-01-05,11.614110946655273,11.614110946655273,11.454466964272763,11.494377388936474,39095319
2018-01-08,11.733842849731445,11.733842849731445,11.534287696636548,11.614110062371505,48290538
2018-01-09,11.773754119873047,11.773754119873047,11.61411014846225,11.693931753546398,26322671
2018-01-10,11.334733009338379,11.733843331929465,11.254911401565678,11.693932147421851,54225915
2018-01-11,11.175087928771973,11.334731889791652,11.095265567640904,11.29482070922612,50336611
2018-01-12,11.334733009338379,11.414555378353608,11.17508903255045,11.215000217058064,49913480
2018-01-15,11.414554595947266,11.454465777719184,11.33473223240343,11.374643414175349,21464684
2018-01-16,11.414554595947266,11.414554595947266,11.294821050631514,11.414554595947266,26699657
2018-01-17,11.414554595947266,11.454465777719184,11.294821050631514,11.33473223240343,26465563
2018-01-18,11.414554595947266,11.494376198248625,11.414554595947266,11.414554595947266,40184881
2018-01-19,11.334733009338379,11.454466562861223,11.215000217058064,11.454466562861223,33002588
2018-01-22,11.175087928771973,11.374643070357186,11.135176748206439,11.29482070922612,74930371
2018-01-23,11.654022216796875,11.853577386528038,11.215000691139807,11.254911877334552,149322801
2018-01-24,11.494377136230469,11.654021876345714,11.414555527415384,11.57419950628809,69620583
2018-01-25,11.574198722839355,12.053131388281427,11.574198722839355,11.654021087493863,162032761
2018-01-26,11.654022216796875,11.69393264174906,11.454467047065712,11.654022216796875,75870231
2018-01-29,11.614110946655273,11.853577300850315,11.53428857484274,11.773754929037782,60472966
2018-01-30,11.534287452697754,11.69393141954886,11.494376270674357,11.614109816744547,33310846
2018-01-31,11.37464427947998,11.494377072661704,11.334733094671895,11.494377072661704,61565233
2018-02-01,11.494377136230469,11.614110691316903,11.374644342386572,11.374644342386572,37161440
2018-02-02,11.614110946655273,11.65402213256154,11.414555778366497,11.454466964272763,54740128
2018-02-05,11.494377136230469,11.57419950628809,11.33473315735776,11.33473315735776,37115724
2018-02-06,11.135175704956055,11.334730827845025,10.975531758893355,11.254909235434866,110514393
2018-02-07,11.334733009338379,11.414555378353608,11.254911401565678,11.294821824830764,54288824
2018-02-08,11.294821739196777,11.374644107606818,11.254911316234281,11.254911316234281,36045599
2018-02-09,11.214999198913574,11.334731980324046,10.975532874850169,11.135176837144952,82496338
2018-02-12,11.0553560256958,11.294821605608623,11.0553560256958,11.214999999385187,50923978
2018-02-21,11.254910469055176,11.294820889013538,11.135176925452694,11.214999287854349,55608851
2018-02-22,11.135175704956055,11.214998058608595,11.095264528129784,11.175086881782326,24796329
2018-02-23,11.294821739196777,11.294821739196777,11.175088947824241,11.175088947824241,26398680
2018-02-26,11.254910469055176,11.374643251415192,11.254910469055176,11.334732070214365,19235326
2018-02-27,11.294821739196777,11.374644107606818,11.294821739196777,11.294821739196777,25142905
2018-03-01,11.175087928771973,11.254910289903039,11.135176748206439,11.254910289903039,31311735
2018-03-02,11.175087928771973,11.175087928771973,11.055355148317824,11.095265567640904,24219882
2018-03-05,11.095266342163086,11.21499989221787,11.055355920053996,11.175088708866276,18923532
2018-03-06,11.294821739196777,11.334732923401797,11.135177763619222,11.175088947824241,38196016
2018-03-07,11.214999198913574,11.334731980324046,11.175088018029262,11.254910379797884,23556623
2018-03-08,12.332508087158203,12.332508087158203,11.773753820792804,11.813665002942294,192783370
2018-03-09,12.053131103515625,12.532062996400022,12.013219922131308,12.452241394873857,171989378
2018-03-12,12.172863960266113,12.332507925529304,12.132952778639696,12.212775141892529,53882965
2018-03-13,12.172863960266113,12.172863960266113,12.053131176629337,12.132952778639696,41466811
2018-03-14,12.053131103515625,12.172863886426107,12.013219922131308,12.13295270504179,29865280
2018-03-15,12.053131103515625,12.13295270504179,12.013219922131308,12.013219922131308,26807907
2018-03-16,12.132951736450195,12.132951736450195,11.97330778490001,12.013218963098158,40546513
2018-03-19,12.172863960266113,12.252686323518946,12.053131176629337,12.09304159701328,26548555
2018-03-20,12.132951736450195,12.132951736450195,12.053130141296307,12.132951736450195,22326811
2018-03-21,12.132951736450195,12.172862914648343,12.053130141296307,12.132951736450195,18505425
2018-03-22,12.172863960266113,12.252686323518946,12.09304159701328,12.212775141892529,24926924
2018-03-23,12.132951736450195,12.132951736450195,11.97330778490001,12.013218963098158,50157951
2018-03-26,12.09304141998291,12.132952601025064,12.01321981914106,12.01321981914106,27810888
2018-03-27,12.412330627441406,12.492152231629627,12.093041926961044,12.1329531096764,58111240
2018-03-28,12.292596817016602,12.3724191807442,12.212775214531481,12.25268639639528,19099923
2018-03-29,12.212775230407715,12.332508014912285,12.13295286657635,12.252686412323397,37000161
2018-03-30,12.292596817016602,12.3325079988804,12.132952850803882,12.212775214531481,29931778
2018-04-02,12.332508087158203,12.571974418812655,12.292596905008715,12.372419269307692,28643495
2018-04-03,12.292596817016602,12.3325079988804,12.212775214531481,12.25268639639528,25663884
2018-04-09,12.172863960266113,12.29259674390289,12.132952778639696,12.212775141892529,41328988
2018-04-10,12.212775230407715,12.292596832996603,12.13295286657635,12.212775230407715,43686362
2018-04-11,12.292596817016602,12.4522415444718,12.212775214531481,12.25268639639528,29420087
2018-04-12,12.332508087158203,12.372419269307692,12.252686484101709,12.292596905008715,24395100
2018-04-13,12.292596817016602,12.3724191807442,12.292596817016602,12.292596817016602,19916291
2018-04-16,12.252686500549316,12.332508103712962,12.252686500549316,12.292596921509897,16106002
2018-04-17,12.252686500549316,12.372419285916028,12.212775318346253,12.252686500549316,33941740
2018-04-18,12.452242851257324,12.452242851257324,12.25268768223873,12.332509293100633,43266308
2018-04-19,12.6517972946167,12.771530084663413,12.452242137043832,12.492152559564396,57239731
2018-04-20,12.452242851257324,12.61188683422369,12.372420479152863,12.571975648171458,34122407
2018-04-23,12.412330627441406,12.611885779775697,12.372419444726049,12.412330627441406,20121592
2018-04-24,12.252686500549316,12.492152071282737,12.132952953940123,12.412330468119091,57837166
2018-04-25,12.372419357299805,12.452241722166477,12.21277538880895,12.21277538880895,50347727
2018-04-26,12.532064437866211,12.651797995791185,12.292598083258818,12.372420455208802,79246861
2018-04-27,12.532064437866211,12.73161960649861,12.452242827158784,12.532064437866211,45414790
2018-04-30,12.771530151367188,12.85135251931024,12.53206380878055,12.53206380878055,60872336
2018-05-02,12.971084594726562,13.45001725349038,12.771529447115384,12.771529447115384,105765858
2018-05-03,12.811440467834473,12.971085202396438,12.731618861796,12.971085202396438,53928795
2018-05-04,12.771530151367188,13.09081810065436,12.731618967395661,12.771530151367188,49075125
2018-05-07,12.49215316772461,12.891263502300381,12.49215316772461,12.851353077836844,41618961
2018-05-08,12.6517972946167,12.6517972946167,12.492152559564396,12.611886110853623,25284222
2018-05-09,12.931174278259277,13.210550269175187,12.57197440067459,12.651796764858405,48096224
2018-05-10,12.731618881225586,13.130729956997067,12.731618881225586,13.050907589594267,23378264
2018-05-11,12.89126205444336,12.931173996909365,12.771529272015202,12.851351634462283,31393160
2018-05-14,13.09081745147705,13.09081745147705,12.771529518023456,12.931174245992734,32914897
2018-05-15,13.130728721618652,13.210549559026642,12.931173583128915,13.050906361725781,42548647
2018-05-16,13.010994911193848,13.210550057208998,12.93117407077574,13.090817274096896,33701981
2018-05-17,12.811440467834473,13.170640359356383,12.811440467834473,13.05090756967742,26416612
2018-05-18,12.811440467834473,12.891262835115455,12.731618861796,12.891262835115455,22129437
2018-05-21,12.811440467834473,12.891262835115455,12.771530045436492,12.811440467834473,10344761
2018-05-22,12.931174278259277,13.290372633359002,12.931174278259277,12.971084699108703,43275499
2018-05-23,12.931174278259277,13.090817484141944,12.851351914075462,13.050907063292518,21014513
2018-05-24,12.931174278259277,13.010995119958128,12.811439970741072,12.931174278259277,13951673
2018-05-25,12.971084594726562,13.010995015254817,12.8912622311851,12.931174174198308,25392359
2018-05-28,13.09081745147705,13.170639815461689,12.971084666742573,13.13072939471185,34010039
2018-05-29,13.130728721618652,13.250461500215518,13.050906361725781,13.170639140322647,33254072
2018-05-30,13.09081745147705,13.330284543430967,12.971084666742573,13.010995087492413,54574035
2018-05-31,13.290372848510742,13.290372848510742,13.090817696063178,13.21055048303472,97119929
2018-06-01,13.130728721618652,13.33028386010839,13.090816780429776,13.290371918919513,30379635
2018-06-04,13.170639991760254,13.210550413044324,13.090817626707135,13.170639991760254,33403733
2018-06-05,13.170639991760254,13.290372778097442,13.130729570476186,13.250462356813372,31280763
2018-06-06,13.09081745147705,13.210550236211528,13.050907030727211,13.170639815461689,41873811
2018-06-07,13.250462532043457,13.250462532043457,13.090817799826006,13.130729744122869,38502990
2018-06-08,13.09081745147705,13.250462179446329,13.050907030727211,13.210550236211528,29558632
2018-06-11,13.41010570526123,13.41010570526123,13.1706401300721,13.21055055177529,72224476
2018-06-12,13.450017929077148,13.569750719160975,13.370195561526256,13.450017929077148,76328073
2018-06-13,14.767081260681152,14.767081260681152,13.729395078384039,13.889038286630141,350536539
2018-06-14,14.447793006896973,14.806991359487768,14.288148279644426,14.647348154720175,181043205
2018-06-15,14.886815071105957,14.886815071105957,14.328061520097169,14.367971944281692,96066502
2018-06-19,14.527615547180176,14.76708111848596,14.527615547180176,14.727170697429987,91259275
2018-06-20,14.407880783081055,14.567525507222669,14.088592857282748,14.527615087429728,90050350
2018-06-21,14.088592529296875,14.367970028798263,14.088592529296875,14.367970028798263,49753035
2018-06-22,14.20832633972168,14.288148705728316,13.729395188651846,13.968860764186763,57142286
2018-06-25,14.20832633972168,14.248238283967497,13.889038398180125,14.168415917960859,31182075
2018-06-26,14.048683166503906,14.088593588367878,13.889038434078008,13.968860800290956,30096426
2018-06-27,14.048683166503906,14.367971108870698,13.968860800290956,14.128505532716854,52024313
2018-06-28,13.529839515686035,13.84912744497529,13.48992757297179,13.84912744497529,70476104
2018-06-29,13.529839515686035,13.529839515686035,13.529839515686035,13.529839515686035,0
2018-07-02,14.527615547180176,14.647348332833069,14.248238032333449,14.447793182583258,162084485
2018-07-03,14.328059196472168,14.48770238980553,14.16841448065396,14.367969614184297,98406139
2018-07-04,14.328059196472168,14.886812656866207,14.248236838563065,14.527614330002505,105768020
2018-07-05,14.328059196472168,14.367969614184297,14.008769764835753,14.367969614184297,56808340
2018-07-06,14.048683166503906,14.248238320793776,13.889038434078008,14.168415954580826,61037692
2018-07-09,14.088592529296875,14.12850447064558,13.968859750220533,14.048682110433056,62565827
2018-07-10,14.13986587524414,14.347805079291847,14.09827866901469,14.306217873062396,57819296
2018-07-11,14.056689262390137,14.139865257666441,13.890338858287686,14.098278053253368,30143840
2018-07-12,14.51415729522705,14.638920502240557,14.098278880881866,14.139866087736285,75250156
2018-07-13,14.472569465637207,14.638921477032605,14.389393459939507,14.597332680958578,20428290
2018-07-16,14.34780502319336,14.555744226428047,14.264629024609441,14.514157020361196,35435883
2018-07-17,14.34780502319336,14.430981021777278,14.181453026025522,14.30621781712651,33440075
2018-07-18,14.472569465637207,14.763684692353976,14.264630244618138,14.347806250315836,67247948
2018-07-19,14.638921737670898,14.763684955213613,14.555745730492294,14.638921737670898,59100677
2018-07-20,14.846858978271484,15.054798175203999,14.763682982208445,14.846858978271484,97511292
2018-07-23,15.179560661315918,15.512263043452002,15.01320867702283,15.304323856310688,104322118
2018-07-24,15.137974739074707,15.2627379446239,14.888446741526085,14.971622740708959,70162052
2018-07-25,15.137974739074707,15.345913943806774,14.930035534342638,15.096385946258154,84335840
2018-07-26,14.555745124816895,14.59733233345053,14.139866692679268,14.43098191246567,196330657
2018-07-27,14.389392852783203,14.597332065028338,14.347805644914292,14.514157649290516,56979863
2018-07-30,14.306220054626465,14.389394479768685,14.139868031441088,14.306220054626465,55988748
2018-07-31,14.597331047058105,14.597331047058105,14.264628647957528,14.30621743937646,108556048
2018-08-01,14.472569465637207,14.555745471334905,14.306219040692165,14.555745471334905,32256878
2018-08-02,14.389392852783203,14.555744857159427,14.30621843704538,14.555744857159427,30848738
2018-08-03,14.722097396850586,14.763684606231664,14.472569381213082,14.472569381213082,59478342
2018-08-06,14.930034637451172,15.01320904518728,14.763682649078682,14.805269852946735,62004305
2018-08-07,14.846858978271484,14.930034974334525,14.72209577740201,14.805270187014878,33961732
2018-08-08,14.930034637451172,14.971621841319227,14.763682649078682,14.930034637451172,49063549
2018-08-09,14.846858978271484,15.013209383947393,14.72209577740201,14.846858978271484,71095101
2018-08-10,14.930034637451172,15.01320904518728,14.763682649078682,14.805269852946735,51563981
2018-08-13,14.389392852783203,14.846860071592674,14.389392852783203,14.805271277273473,56243477
2018-08-14,14.472569465637207,14.514158261711234,14.347806250315836,14.389393459939507,28349756
2018-08-15,14.098278999328613,14.514157417167803,14.098278999328615,14.472568623513727,54972841
2018-08-16,14.264628410339355,14.306217201065508,13.890338812504885,13.931926016780887,35998118
2018-08-17,14.306220054626465,14.347807267197576,14.223044043033777,14.264631255604886,30651088
2018-08-20,14.597331047058105,14.680507043445795,14.30621743937646,14.347804644345217,38416849
2018-08-21,14.971624374389648,14.971624374389648,14.597333130449746,14.638921927804404,80748426
2018-08-22,14.555745124816895,14.888447553236931,14.555745124816895,14.888447553236931,36992562
2018-08-23,14.680506706237793,14.680506706237793,14.514156303733625,14.597330711760637,18832922
2018-08-24,14.389392852783203,14.68050806721645,14.30621843704538,14.597332065028338,26098754
2018-08-27,14.472569465637207,14.514158261711234,14.306219040692165,14.514158261711234,23307601
2018-08-28,14.555745124816895,14.722097132252072,14.43098191246567,14.472569121099305,24876881
2018-08-29,14.597331047058105,14.63891983847704,14.430980640732907,14.55574384208935,28640070
2018-08-30,14.430981636047363,14.597332053845864,14.430981636047363,14.55574484600881,25952572
2018-08-31,14.430981636047363,14.430981636047363,14.223042423961523,14.34780563392297,43748570
2018-09-03,14.223041534423828,14.389391941818436,14.181452742737534,14.306217531346226,25135814
2018-09-04,14.306220054626465,14.347807267197576,14.223044043033777,14.264631255604886,16189877
2018-09-05,14.13986587524414,14.264629080382718,14.13986587524414,14.223041874153267,33116439
2018-09-06,14.056689262390137,14.098278053253368,13.931926062700759,14.015102057977064,31933666
2018-09-07,13.557636260986328,14.015103488473793,13.432873048562591,13.931927484707861,50782783
2018-09-10,12.933818817138672,13.51604843733259,12.89223081714801,13.47446123056705,119068509
2018-09-11,13.01699447631836,13.058582477754472,12.767468054151992,12.892231265235177,68393936
2018-09-12,12.80905532836914,13.100170546696912,12.725880118293459,13.058582545046493,36269840
2018-09-13,12.975407600402832,12.975407600402832,12.642704373618685,12.809055590398172,35107587
2018-09-14,13.058582305908203,13.14175830768586,12.975407097355687,13.058582305908203,33309692
2018-09-17,12.975407600402832,13.05858281217999,12.933819597901667,13.05858281217999,17324379
2018-09-18,12.725879669189453,12.933818876878087,12.642703668823948,12.892230876695335,26015669
2018-09-19,12.975407600402832,13.016994809678826,12.767468381122178,12.850643592899337,31600089
2018-09-20,12.850643157958984,12.97540716123974,12.8090551568654,12.97540716123974,23341924
2018-09-21,13.183345794677734,13.183345794677734,12.850642593761277,12.933818592296669,45287222
2018-09-25,13.01699447631836,13.224933690273765,12.9754072681074,13.224933690273765,18291276
2018-09-26,13.224933624267578,13.224933624267578,12.97540720334661,12.97540720334661,26348243
2018-09-27,13.266521453857422,13.308109454547912,13.100170244320601,13.14175824501109,25682429
2018-09-28,13.432872772216797,13.432872772216797,13.183346352502667,13.224933560304926,28153094
2018-10-01,13.224933624267578,13.308109626724667,13.183346416264182,13.308109626724667,12157097
2018-10-02,12.975407600402832,13.266522031460644,12.975407600402832,13.183346819683486,15619834
2018-10-03,12.892231941223145,13.058583162464856,12.850643937606419,12.975407948456597,17982464
2018-10-04,12.559528350830078,12.850642763089644,12.517940351014392,12.809054763273958,48230973
2018-10-05,12.226825714111328,12.55952893488333,12.143650503837195,12.47635293138404,57497812
2018-10-08,12.310001373291016,12.351589373877415,12.18523737153182,12.18523737153182,21598076
2018-10-09,12.310001373291016,12.351589373877415,11.8941229538773,12.310001373291016,48875474
2018-10-11,11.43665599822998,11.852534398165616,11.353480000952814,11.644595198197798,120755857
2018-10-12,11.353480339050293,11.686183544841493,11.353480339050293,11.353480339050293,81810423
2018-10-15,11.103954315185547,11.353480736737911,11.103954315185547,11.270305527295505,45337262
2018-10-16,10.9791898727417,11.228717077554602,10.89601466662081,11.10395387176071,54706473
2018-10-17,11.31189250946045,11.31189250946045,11.103953314751434,11.187128516699993,50830558
2018-10-18,11.020777702331543,11.353480108130755,10.979189703300365,11.311892902324683,39445621
2018-10-19,11.062366485595703,11.187129698308842,10.812839266944266,10.896015270903131,88342012
2018-10-22,10.896014213562012,10.979189416224457,10.812838217674482,10.979189416224457,43472145
2018-10-23,10.604899406433105,10.854426609935377,10.56331140697854,10.854426609935377,47902377
2018-10-24,10.521723747253418,10.812838959609893,10.396960538086436,10.604899748848165,59429485
2018-10-25,10.230608940124512,10.313784145339687,9.856318533593454,9.897905739588488,75059655
2018-10-26,9.73155403137207,10.022669217594233,9.648378830469358,9.981081220530342,135893463
2018-10-29,9.6483793258667,9.814730529438517,9.565203327468238,9.565203327468238,60307053
2018-10-30,9.73155403137207,9.939493223466453,9.523614839277688,9.648378830469358,75673087
2018-10-31,9.814729690551758,9.856317686196371,9.689965703617919,9.856317686196371,89349728
2018-11-01,9.939493179321289,10.022669173079652,9.689965991271265,9.731553988150447,70480864
2018-11-02,9.897905349731445,9.897905349731445,9.648378950689116,9.81473014779236,71188356
2018-11-05,8.941385269165039,9.31567565667112,8.941385269165039,8.941385269165039,233448269
2018-11-06,9.06614875793457,9.315675955347238,8.941385555840784,9.190912753253452,209094828
2018-11-07,9.10773754119873,9.232501547268674,8.982974328353949,9.149325543222046,101535652
2018-11-08,9.024561882019043,9.14932508866534,8.858209882190485,9.14932508866534,153873512
2018-11-09,8.816622734069824,9.024561942012744,8.733446733602605,8.982973941779134,101968055
2018-11-12,8.899797439575195,8.899797439575195,8.691858243355096,8.77503423913317,93870885
2018-11-13,8.691859245300293,8.816623253349446,8.650271242617242,8.733447247983344,114461337
2018-11-14,8.982973098754883,9.024561095085588,8.691857917665004,8.733445913995709,77930233
2018-11-15,9.315675735473633,9.357263732931678,9.02456133971747,9.066148543950439,88328611
2018-11-16,9.149325370788574,9.398852585000565,9.066149368309528,9.398852585000565,82071588
2018-11-19,9.232501029968262,9.232501029968262,9.024561824727762,9.107737030888892,51496509
2018-11-20,9.149325370788574,9.23250137326762,9.066149368309528,9.149325370788574,35264856
2018-11-21,9.149325370788574,9.274088581281996,9.066149368309528,9.107737369549051,30590619
2018-11-22,9.315675735473633,9.315675735473633,9.149324538866528,9.190912536324573,39103506
2018-11-23,9.274088859558105,9.357264864532912,9.190913647808472,9.315676862045509,29554385
2018-11-26,9.565203666687012,9.606791667361113,9.315676455867541,9.315676455867541,42841802
2018-11-27,9.77314281463623,9.814730815045666,9.482027604995311,9.606791606223618,49125712
2018-11-28,9.77314281463623,9.8563188154551,9.648379606633053,9.77314281463623,54305180
2018-11-29,9.565203666687012,9.856318878180584,9.565203666687012,9.856318878180584,51275633
2018-11-30,9.606791496276855,9.731554702852154,9.482027496476434,9.606791496276855,108883538
2018-12-03,9.73155403137207,9.856318022563741,9.73155403137207,9.73155403137207,69038070
2018-12-04,9.814729690551758,9.897904888615944,9.731553699262532,9.773141694907144,57053658
2018-12-05,9.606791496276855,9.731554702852154,9.565203496343381,9.689966702918682,37858349
2018-12-06,9.398852348327637,9.606791556063977,9.315676347943048,9.606791556063977,53440490
2018-12-07,9.315675735473633,9.440439727847766,9.232500533782618,9.398851730389723,41299094
2018-12-10,9.232501029968262,9.315676236129391,9.190913030275139,9.232501029968262,28909847
2018-12-11,9.149325370788574,9.23250137326762,9.066149368309528,9.149325370788574,43083155
2018-12-12,9.398852348327637,9.482027555487097,9.149325140399002,9.232501140783588,39227753
2018-12-13,9.565203666687012,9.606791667361113,9.440440457889844,9.440440457889844,60620361
2018-12-14,9.440441131591797,9.565204349292491,9.35726512430787,9.482028342008565,43971055
2018-12-17,9.482027053833008,9.606791047809152,9.440439849066045,9.482027053833008,47467219
2018-12-18,9.315675735473633,9.440439727847766,9.315675735473633,9.398851730389723,44061825
2018-12-19,9.398852348327637,9.52361555567939,9.315676347943048,9.357264348135343,47343708
2018-12-20,9.398852348327637,9.52361555567939,9.315676347943048,9.357264348135343,40497768
2018-12-21,9.482027053833008,9.523615051825056,9.35726385308195,9.398851851073998,63555203
2018-12-24,9.315675735473633,9.440439727847766,9.274087738015588,9.398851730389723,25863419
2018-12-25,9.274088859558105,9.315676862045509,9.190913647808472,9.232501650295873,11846569
2018-12-26,9.315675735473633,9.357263732931678,9.274087738015588,9.315675735473633,12700965
2018-12-27,9.357264518737793,9.48202772836424,9.315676517787264,9.440440520638854,20757329
2018-12-28,9.357264518737793,9.398852519688322,9.315676517787264,9.357264518737793,16896997
2019-01-02,9.232501029968262,9.440440235208762,9.232501029968262,9.398852235515639,18798696
2019-01-03,9.06614875793457,9.23250075169308,8.941385555840784,9.23250075169308,49252981
2019-01-04,8.899797439575195,8.94138543746423,8.77503423913317,8.899797439575195,43041214
2019-01-07,9.149325370788574,9.190913372028097,8.98297415905563,9.066149368309528,32910190
2019-01-08,9.10773754119873,9.232501547268674,9.066149539175417,9.232501547268674,20389466
2019-01-09,9.232501029968262,9.274088236436267,9.190913030275139,9.232501029968262,36188175
2019-01-10,9.274088859558105,9.274088859558105,9.190913647808472,9.274088859558105,30341057
2019-01-11,9.315675735473633,9.315675735473633,9.232500533782618,9.274087738015588,23328976
2019-01-14,9.232501029968262,9.357264235822514,9.190913030275139,9.315676236129391,25189695
2019-01-15,9.357264518737793,9.398852519688322,9.232501309111345,9.315676517787264,34809977
2019-01-16,9.398852348327637,9.44044034851993,9.274088347750755,9.357264348135343,30906563
2019-01-17,9.357264518737793,9.48202772836424,9.315676517787264,9.440440520638854,40067607
2019-01-18,9.482027053833008,9.482027053833008,9.35726385308195,9.440439849066045,30066230
2019-01-21,9.73155403137207,9.773142028435961,9.523614839277688,9.565202836341578,60585046
2019-01-22,9.73155403137207,9.773142028435961,9.689966034308181,9.73155403137207,19850996
2019-01-23,9.606791496276855,9.689966702918682,9.606791496276855,9.689966702918682,9871702
2019-01-24,9.73155403137207,9.73155403137207,9.648378830469358,9.648378830469358,13008945
2019-01-25,9.939493179321289,9.939493179321289,9.773141985029628,9.814729981908808,43611148
2019-01-28,9.856318473815918,9.939493678526643,9.773142475880089,9.939493678526643,34489190
2019-01-29,9.981081008911133,9.981081008911133,9.731553825043344,9.814729817407624,37426129
2019-01-30,9.440441131591797,9.565204349292491,9.35726512430787,9.482028342008565,95570714
2019-02-11,9.024561882019043,9.482027501872212,8.982973882061904,9.482027501872212,82010464
2019-02-12,9.232501029968262,9.274088236436267,8.982973825034637,9.024561824727762,70690509
2019-02-13,9.232501029968262,9.315676236129391,9.149325030582014,9.315676236129391,51522805
2019-02-14,9.398852348327637,9.398852348327637,9.232501140783588,9.274088347750755,26940217
2019-02-15,9.482027053833008,9.482027053833008,9.315675855089902,9.35726385308195,33217732
2019-02-18,9.523614883422852,9.60679087793618,9.523614883422852,9.565202880679516,21590780
2019-02-19,9.523614883422852,9.565202880679516,9.482026886166187,9.523614883422852,15100991
2019-02-20,9.482027053833008,9.523615051825056,9.440439849066045,9.523615051825056,21871874
2019-02-21,9.523614883422852,9.565202880679516,9.440439682134594,9.523614883422852,33906945
2019-02-22,9.565203666687012,9.565203666687012,9.398852457215742,9.52361566601291,39409802
2019-02-25,9.689967155456543,9.731555157332247,9.565203943054591,9.606791944930295,58222707
2019-02-26,9.689967155456543,9.773143159207951,9.648379946806,9.689967155456543,31765810
2019-02-27,9.523614883422852,9.689966079224437,9.440439682134594,9.689966079224437,65102102
2019-03-04,9.523614883422852,9.648378875192844,9.398851684877929,9.440439682134594,27904777
2019-03-05,9.6483793258667,9.6483793258667,9.482027329069775,9.482027329069775,22504875
2019-03-06,9.73155403137207,9.773142028435961,9.606790833405467,9.606790833405467,20169922
2019-03-07,9.856318473815918,9.981081677494558,9.773142475880089,9.773142475880089,58798424
2019-03-08,9.6483793258667,9.856318528637749,9.6483793258667,9.856318528637749,26782759
2019-03-11,9.523614883422852,9.648378875192844,9.482026886166187,9.60679087793618,40281218
2019-03-12,9.689967155456543,9.689967155456543,9.606791944930295,9.606791944930295,15935867
2019-03-13,9.606791496276855,9.689966702918682,9.565203496343381,9.689966702918682,14050087
2019-03-14,9.523614883422852,9.648378875192844,9.523614883422852,9.60679087793618,17760239
2019-03-15,9.689967155456543,9.689967155456543,9.523615941178887,9.523615941178887,28892091
2019-03-18,9.73155403137207,9.73155403137207,9.606790833405467,9.606790833405467,22359888
2019-03-19,9.73155403137207,9.773142028435961,9.689966034308181,9.73155403137207,25848816
2019-03-20,9.606791496276855,9.731554702852154,9.606791496276855,9.689966702918682,18746543
2019-03-21,9.6483793258667,9.731554531040054,9.606791326667468,9.6483793258667,27175505
2019-03-22,9.814729690551758,9.814729690551758,9.689965703617919,9.689965703617919,27719568
2019-03-25,9.689967155456543,9.814731161083655,9.648379946806,9.689967155456543,37537288
2019-03-26,9.689967155456543,9.773143159207951,9.689967155456543,9.689967155456543,13701719
2019-03-27,9.689967155456543,9.731555157332247,9.648379946806,9.689967155456543,14664465
2019-03-28,9.689967155456543,9.731555157332247,9.648379946806,9.689967155456543,19455846
2019-03-29,9.689967155456543,9.731555157332247,9.648379946806,9.689967155456543,21571004
2019-04-01,9.606791496276855,9.773142702785629,9.606791496276855,9.731554702852154,22798711
2019-04-02,9.6483793258667,9.731554531040054,9.606791326667468,9.689966531840822,19678479
2019-04-03,9.606791496276855,9.689966702918682,9.606791496276855,9.64837949621033,21951315
2019-04-08,9.897905349731445,10.10584454441677,9.648378950689116,9.648378950689116,105510930
2019-04-09,10.230608940124512,10.230608940124512,9.939493738808629,9.98108173802877,86939518
2019-04-10,10.189021110534668,10.272197110359693,10.06425790402225,10.230609110447181,48397306
2019-04-11,10.064257621765137,10.355372026538035,10.064257621765137,10.272196822270821,89309795
2019-04-12,10.147433280944824,10.189021281555384,10.064258072948842,10.189021281555384,17252844
2019-04-15,10.02267074584961,10.230609969650533,10.02267074584961,10.189021966245312,22168344
2019-04-16,10.064257621765137,10.189020824778508,9.981081624272823,10.064257621765137,32488007
2019-04-17,10.147433280944824,10.313784490161927,10.064258072948842,10.105845280334266,59977263
2019-04-18,9.981081008911133,10.23060819277892,9.897905016546853,10.18902019659678,44463821
2019-04-19,10.064257621765137,10.064257621765137,9.981081624272823,10.02266962301898,24015462
2019-04-22,9.897905349731445,10.10584454441677,9.897905349731445,10.10584454441677,28202641
2019-04-23,9.939493179321289,9.98108117620047,9.897905182442107,9.897905182442107,27169104
2019-04-24,9.939493179321289,10.064257169958834,9.85631797878799,10.022669173079652,39688992
2019-04-25,10.896014213562012,10.896014213562012,10.480135820574532,10.480135820574532,185934503
2019-04-26,11.187129974365234,11.187129974365234,10.771251530758905,10.896015539775911,216758817
2019-04-29,11.103954315185547,11.228717525961729,11.020778312517994,11.187129524627952,71900498
2019-04-30,11.187129974365234,11.228717977370904,11.062366758573408,11.103954761579077,63103184
2019-05-02,11.270305633544922,11.311893635270765,11.103954419866707,11.103954419866707,37508456
2019-05-03,11.519832611083984,11.561419818719735,11.270305399143782,11.270305399143782,87607849
2019-05-06,10.9791898727417,11.3950682830215,10.937601873068695,11.228717077554602,94350184
2019-05-07,11.31189250946045,11.35347971382219,11.020777319577796,11.103953314751434,53939136
2019-05-08,11.187129974365234,11.270305980376573,11.062366758573408,11.103954761579077,53979097
2019-05-09,10.937602043151855,11.187129251844985,10.812838835417855,11.145541251525275,61721274
2019-05-10,10.9791898727417,11.145541078208597,10.854426666947806,11.062365872087707,34772896
2019-05-13,10.77125072479248,10.979189931036448,10.77125072479248,10.896014724473934,34652746
2019-05-14,10.812837600708008,10.896013591849623,10.480135222591624,10.646486411649816,68436279
2019-05-15,10.729662895202637,10.937602104747068,10.729662895202637,10.77125089575655,54345421
2019-05-16,10.77125072479248,10.812838724686298,10.64648751833615,10.729662724898663,32193147
2019-05-17,10.812837600708008,11.020776785337008,10.7712496051372,10.896013591849623,52327936
2019-05-20,10.604899406433105,10.89601460938994,10.604899406433105,10.854426609935377,36419272
2019-05-21,10.77125072479248,10.854426724580117,10.521723518654696,10.563311518548513,39455900
2019-05-22,10.812837600708008,10.854425596278816,10.688074407220624,10.7712496051372,25560881
2019-05-23,10.688075065612793,10.81283826678567,10.604899069347484,10.688075065612793,46770279
2019-05-24,10.77125072479248,10.896014724473934,10.729662724898663,10.77125072479248,27753770
2019-05-27,10.64648723602295,10.854426436752988,10.64648723602295,10.81283843796196,25262205
2019-05-28,10.355372428894043,10.646487638203267,10.313784428531994,10.646487638203267,86813566
2019-05-29,10.480135917663574,10.480135917663574,10.105844725927303,10.230608720914425,32266476
2019-05-30,10.604899406433105,10.646487405887669,10.43854820183996,10.56331140697854,43693334
2019-05-31,10.729662895202637,10.77125089575655,10.521723685658205,10.521723685658205,29740913
2019-06-03,10.9791898727417,11.020777872414703,10.563311462461899,10.646487461807906,41302659
2019-06-04,10.812837600708008,11.062364780907815,10.729661609566392,10.937600794195392,41757982
2019-06-05,10.729662895202637,10.979190105300981,10.729662895202637,10.937602104747068,24276407
2019-06-06,10.854426383972168,10.896014382560969,10.68807518284206,10.729662388205764,30618239
2019-06-10,11.062366485595703,11.062366485595703,10.854427268923699,10.979190481636836,28170170
2019-06-11,11.145540237426758,11.187128233962504,11.020777041044578,11.10395303411607,30040260
2019-06-12,11.270305633544922,11.270305633544922,11.103954419866707,11.187129630093237,30229283
2019-06-13,11.43665599822998,11.603007199559215,11.145540800984996,11.228716798262163,70097271
2019-06-14,11.395068168640137,11.436656167895688,11.311892963354142,11.395068168640137,28211150
2019-06-17,11.353480339050293,11.519832338558453,11.311893132398374,11.395068338927333,30522774
2019-06-18,11.020777702331543,11.353480108130755,11.020777702331543,11.353480108130755,41290425
2019-06-19,11.353480339050293,11.353480339050293,11.103953926238296,11.187129132767254,48300373
2019-06-20,11.145540237426758,11.43665541995192,11.10395303411607,11.395067423416176,38934573
2019-06-21,11.395068168640137,11.395068168640137,11.187128965587487,11.27030496409859,48460614
2019-06-24,11.43665599822998,11.478243996868564,11.228716798262163,11.270304796900746,25972285
2019-06-25,11.395068168640137,11.519832166406792,11.353480169384586,11.436656167895688,26154417
2019-06-26,11.478243827819824,11.603007028672994,11.43665582979374,11.519831825845909,59484921
2019-06-27,11.6445951461792,11.727771143084803,11.561419149273597,11.603007147726398,62428579
2019-06-28,11.603007316589355,11.727771313763498,11.519832111698365,11.727771313763498,32353347
2019-07-01,11.935711860656738,12.018887074919299,11.686184631418667,11.686184631418667,47180565
2019-07-02,11.852534294128418,11.977297495723946,11.81094629585488,11.977297495723946,17391518
2019-07-03,11.686182975769043,11.852534173951415,11.64459497791718,11.769358178247689,22614581
2019-07-04,11.76935863494873,11.810946634414385,11.644595429776881,11.72777142870819,12644573
2019-07-05,11.727770805358887,11.81094600664419,11.561418816338136,11.686182808103698,20384750
2019-07-08,11.603007316589355,11.68618331470545,11.478244112640319,11.603007316589355,25191698
2019-07-09,11.6445951461792,11.727771143084803,11.519831944045889,11.603007147726398,24138020
2019-07-10,12.185236930847168,12.226824929929517,11.72777132061664,11.72777132061664,61150881
2019-07-11,12.43476390838623,12.476351906720318,12.143649506497812,12.226824709940892,92427391
2019-07-12,12.14365005493164,12.393176469755133,12.14365005493164,12.310001262555677,62666064
2019-07-15,12.393177032470703,12.393177032470703,12.060474602116184,12.185237815192838,62793156
2019-07-16,12.12460994720459,12.427725526254108,12.081307603637015,12.427725526254108,66174379
2019-07-17,11.908099174499512,12.081307724580256,11.908099174499512,12.03800538057919,36348632
2019-07-18,11.951401710510254,12.038005573980236,11.908099365813499,11.951401710510254,19896936
2019-07-19,11.951401710510254,12.1679126080705,11.951401710510254,12.038005573980236,27177340
2019-07-22,11.778192520141602,11.994703405983003,11.734890177788625,11.908098721277048,32142568
2019-07-23,11.778192520141602,11.908098721277048,11.734890177788625,11.778192520141602,29467684
2019-07-24,11.994704246520996,12.038005765984876,11.778193345507429,11.86479721035873,36353065
2019-07-25,11.734890937805176,12.081308047217915,11.604983902332746,11.9947041828265,91752730
2019-07-26,11.431775093078613,11.734890676508034,11.431775093078613,11.734890676508034,64242723
2019-07-29,11.60498332977295,11.648285672794001,11.518379469654343,11.518379469654343,23290509
2019-07-30,11.778192520141602,11.908098721277048,11.648285493082671,11.691587835435648,40138127
2019-07-31,11.951401710510254,12.038005573980236,11.82149467641999,11.864797021116745,56482608
2019-08-01,11.60498332977295,11.82149421895471,11.518379469654343,11.82149421895471,38617392
2019-08-02,11.56168270111084,11.56168270111084,11.301869448943174,11.38847331571669,45049816
2019-08-05,11.345170974731445,11.431774835241177,11.258566288298212,11.345170974731445,40930437
2019-08-06,11.258565902709961,11.345170586177119,10.99875267823196,11.085357361699117,39315901
2019-08-07,11.345170974731445,11.431774835241177,11.258566288298212,11.301868631514829,31239517
2019-08-08,11.518380165100098,11.561682510735617,11.301869262846049,11.345171608481568,27796345
2019-08-12,11.258565902709961,11.518379127187961,11.258565902709961,11.475076785454382,22603497
2019-08-13,11.215264320373535,11.388472873112509,11.17196197570791,11.301869009704786,17761862
2019-08-14,11.345170974731445,11.475077178457793,11.301868631514829,11.301868631514829,15792014
2019-08-15,11.171961784362793,11.301868816134718,11.128660266362333,11.171961784362793,16288109
2019-08-16,11.56168270111084,11.648286567884355,11.2152647562461,11.258567102594636,39828042
2019-08-19,11.648286819458008,11.691589166741766,11.43177590896279,11.561682950814067,23032515
2019-08-20,11.691588401794434,11.691588401794434,11.561682194366128,11.604983712893214,23079133
2019-08-21,11.691588401794434,11.734890746245044,11.604983712893214,11.691588401794434,17386161
2019-08-22,11.475077629089355,11.734890872668538,11.431775284172236,11.734890872668538,26634767
2019-08-23,11.56168270111084,11.648286567884355,11.475078008413764,11.518380354762302,17781773
2019-08-26,11.258565902709961,11.388472101987224,11.258565902709961,11.345170586177119,26263686
2019-08-27,11.301868438720703,11.475076982708972,11.301868438720703,11.388472297753093,60011899
2019-08-28,11.388473510742188,11.43177585783227,11.301869642485597,11.345171989575679,18889599
2019-08-29,11.431775093078613,11.431775093078613,11.345171230615579,11.388472748885336,10676162
2019-08-30,11.648286819458008,11.648286819458008,11.43177590896279,11.518380603530307,32774513
2019-09-02,11.56168270111084,11.648286567884355,11.518380354762302,11.56168270111084,8426668
2019-09-03,11.431775093078613,11.64828598812148,11.431775093078613,11.64828598812148,13374418
2019-09-04,11.778192520141602,11.778192520141602,11.43177460724127,11.43177460724127,40434250
2019-09-05,11.778192520141602,11.864796378924071,11.691587835435648,11.821494036571094,27277402
2019-09-06,11.734890937805176,11.821494802196591,11.734890937805176,11.821494802196591,16088617
2019-09-10,11.778192520141602,11.821494036571094,11.734890177788625,11.778192520141602,21363294
2019-09-11,11.86479663848877,11.86479663848877,11.734890434511382,11.778192777811679,20063333
2019-09-12,11.86479663848877,11.994703668389661,11.821494295188472,11.951401325089364,19945952
2019-09-16,11.778192520141602,11.994703405983003,11.734890177788625,11.951401063630025,18963597
2019-09-17,11.734890937805176,11.778193282962652,11.561682383098807,11.734890937805176,22155960
2019-09-18,11.734890937805176,11.821494802196591,11.6915885926477,11.778193282962652,18441204
2019-09-19,11.778192520141602,11.864796378924071,11.778192520141602,11.778192520141602,23352200
2019-09-20,11.951401710510254,11.951401710510254,11.734890812950008,11.778193157646763,41618603
2019-09-23,11.86479663848877,11.951401325089364,11.821494295188472,11.86479663848877,25236711
2019-09-24,11.821495056152344,11.951402094415506,11.821495056152344,11.864797402240065,33083098
2019-09-25,11.778192520141602,11.864796378924071,11.691587835435648,11.821494036571094,28777541
2019-09-26,11.778192520141602,12.12460960711845,11.778192520141602,11.951401063630025,50905225
2019-09-27,11.60498332977295,11.82149421895471,11.60498332977295,11.778192701857156,21617074
2019-10-01,11.821495056152344,11.821495056152344,11.604984151637293,11.604984151637293,26138304
2019-10-02,11.691588401794434,11.778193090695654,11.648286057343824,11.691588401794434,8772321
2019-10-03,11.60498332977295,11.648285672794001,11.43177478361224,11.518379469654343,20721917
2019-10-04,11.648286819458008,11.734891514025525,11.561682950814067,11.561682950814067,11753078
2019-10-07,11.56168270111084,11.648286567884355,11.518380354762302,11.648286567884355,15828996
2019-10-08,11.56168270111084,11.691588914232891,11.518380354762302,11.56168270111084,21267479
2019-10-09,11.388473510742188,11.561682899102516,11.388473510742188,11.561682899102516,38292987
2019-10-14,11.691588401794434,11.82149460922274,11.561682194366128,11.648286057343824,45103746
2019-10-15,11.86479663848877,11.951401325089364,11.691588091211084,11.691588091211084,48290101
2019-10-16,11.908099174499512,11.951401518500576,11.778192968419832,11.951401518500576,22128160
2019-10-17,11.951401710510254,11.951401710510254,11.82149467641999,11.908099365813499,17379780
2019-10-18,12.081307411193848,12.12460975407166,11.864796522728282,11.864796522728282,44883099
2019-10-21,12.038005828857422,12.124610520084588,12.038005828857422,12.081308174471005,12903818
2019-10-22,12.12460994720459,12.254516151983808,12.03800526006944,12.21121463433974,23631388
2019-10-23,12.167912483215332,12.167912483215332,12.081307794710474,12.167912483215332,25578736
2019-10-24,12.600934982299805,12.817445889810374,12.167913167278668,12.211215513965495,119513828
2019-10-25,12.471027374267578,12.600934408411664,12.384423510761717,12.471027374267578,43635327
2019-10-28,12.341120719909668,12.557631609732645,12.254516033611079,12.514329266583351,23325010
2019-10-29,12.557632446289062,12.687538658467458,12.384423888076684,12.384423888076684,63793543
2019-10-30,12.471027374267578,12.730840616632221,12.427725855476412,12.730840616632221,61233781
2019-10-31,12.12460994720459,12.427725526254108,12.03800526006944,12.427725526254108,97117355
2019-11-01,12.557632446289062,12.600934792323047,12.211215329864304,12.254516849974733,93849456
2019-11-04,12.687538146972656,12.817445179837438,12.557631940031396,12.557631940031396,94378432
2019-11-05,12.557632446289062,12.730841004501443,12.471027754221096,12.687538658467458,51327139
2019-11-06,12.557632446289062,12.600934792323047,12.384423888076684,12.600934792323047,52059086
2019-11-07,12.341120719909668,12.60093395288194,12.297818376760373,12.557631609732645,44219482
2019-11-08,12.341120719909668,12.471026923434055,12.297818376760373,12.427725406208259,24415232
2019-11-11,12.341120719909668,12.427725406208259,12.254516033611079,12.384423063058964,31160053
2019-11-12,12.38442325592041,12.427725599744049,12.297818568273133,12.38442325592041,35026594
2019-11-13,12.297819137573242,12.471027694962588,12.297819137573242,12.38442382922969,32373797
2019-11-14,12.557632446289062,12.64423713835703,12.297819196008716,12.297819196008716,56971985
2019-11-15,12.38442325592041,12.64423649293873,12.341120912096772,12.64423649293873,39855904
2019-11-18,12.557632446289062,12.774143350535427,12.51433010025508,12.64423713835703,58847717
2019-11-19,12.600934982299805,12.644237328986632,12.427726421476065,12.514330288926152,29606445
2019-11-20,12.77414321899414,12.817445564582219,12.51432997138921,12.60093466256537,55131343
2019-11-21,12.687538146972656,12.687538146972656,12.514329595743135,12.644236628607917,42654446
2019-11-22,12.64423656463623,12.73084042685107,12.557631876497872,12.687538082781892,30220829
2019-11-25,12.990653991699219,13.423675791422525,12.687538401523488,12.687538401523488,166478115
2019-11-26,13.163862228393555,13.337070778913828,13.077258366095178,13.207164572504503,165216747
2019-11-27,13.163862228393555,13.337070778913828,13.077258366095178,13.293769260726398,41376514
2019-11-28,13.077259063720703,13.25046762348104,13.033956717299729,13.207165277060065,34136945
2019-11-29,12.947351455688477,13.120560007839869,12.860747592574544,13.077258489244665,45681866
2019-12-02,13.077259063720703,13.25046762348104,12.990654370878753,12.990654370878753,63994877
2019-12-03,13.293768882751465,13.293768882751465,13.033955651396433,13.033955651396433,51943907
2019-12-04,13.726791381835938,13.813395246227977,13.337071101339383,13.337071101339383,190321503
2019-12-05,14.33302116394043,14.462929027635749,13.899999356548307,13.899999356548307,228294147
2019-12-06,14.0299072265625,14.289719650375947,13.943302534675649,14.289719650375947,109731919
2019-12-09,14.07320785522461,14.333020262582263,14.07320785522461,14.203114058903436,68335244
2019-12-10,14.246417045593262,14.289718562316034,14.073207675008215,14.159812360300739,54921807
2019-12-11,14.07320785522461,14.289718745304988,13.986603168823057,14.203114058903436,60175139
2019-12-12,14.376324653625488,14.506230868345723,14.116510572337877,14.116510572337877,153387102
2019-12-13,14.376324653625488,14.54953238930342,14.203115266100415,14.419626174583186,77949040
2019-12-16,14.419626235961914,14.592835624224273,14.20311532655754,14.333021541830735,146831
2019-12-17,14.72274112701416,14.766042646060669,14.462928709040973,14.592834918027567,96263795
2019-12-18,14.549531936645508,14.679439799171254,14.462928897424463,14.636136627713642,73543943
2019-12-19,14.462929725646973,14.549532769827358,14.246418811501643,14.549532769827358,57550348
2019-12-20,14.462929725646973,14.549532769827358,14.333021855682027,14.506231247737166,47297813
2019-12-23,14.33302116394043,14.462929027635749,14.289719643940058,14.462929027635749,30998466
2019-12-24,14.33302116394043,14.462929027635749,14.289719643940058,14.376324335787904,25642208
2019-12-25,14.419626235961914,14.506230930093094,14.333021541830735,14.3763247148199,19272385
2019-12-26,14.33302116394043,14.419625855788274,14.203114952092212,14.419625855788274,26143849
2019-12-27,14.462929725646973,14.506231247737166,14.333021855682027,14.376325029619403,31725795
2019-12-30,14.33302116394043,14.462929027635749,14.246418123939687,14.419625855788274,46454365
2019-12-31,14.246417045593262,14.376323247608557,14.203113877023512,14.289718562316034,30478470
2020-01-02,14.33302116394043,14.419625855788274,14.203114952092212,14.246418123939687,32937461
2020-01-03,14.116510391235352,14.333021296940478,13.9866041781817,14.333021296940478,48588354
2020-01-06,13.899998664855957,13.986603352394177,13.813394803241248,13.899998664855957,44790472
2020-01-07,13.856698036193848,13.98660424991374,13.683489475926137,13.899999556818102,39718117
2020-01-08,13.64018726348877,13.7700934784859,13.553582569541636,13.726791957435905,60419690
2020-01-09,13.899998664855957,13.986603352394177,13.72679094162654,13.72679094162654,43816080
2020-01-10,13.986603736877441,14.073208426796372,13.72679131896772,14.02990690776044,32386886
2020-01-13,13.899998664855957,14.029906522086797,13.899998664855957,13.986603352394177,23989283
2020-01-14,14.07320785522461,14.203114058903436,13.899998482421505,13.943301651545783,61290528
2020-01-15,13.986603736877441,14.203114635751232,13.943302217841511,14.116509945832302,36473736
2020-01-16,13.986603736877441,14.02990690776044,13.85669752792258,14.02990690776044,27867646
2020-01-17,13.856698036193848,13.98660424991374,13.813395689646029,13.98660424991374,28648214
2020-01-20,13.899998664855957,13.986603352394177,13.72679094162654,13.72679094162654,31117744
2020-01-30,13.077259063720703,13.466978529662352,12.947352024457778,13.423676183241378,137855301
2020-01-31,12.90404987335205,13.163863129886863,12.81744600512283,13.033956914581244,68549345
2020-02-03,12.990653991699219,12.990653991699219,12.254516601800182,12.514329846818873,75514825
2020-02-04,13.163862228393555,14.33302056384804,13.163862228393555,14.33302056384804,70790085
2020-02-05,13.423676490783691,13.596885054512313,13.20716557964202,13.20716557964202,77032246
2020-02-06,14.07320785522461,14.159812541626161,13.640186075063852,13.683488418264627,157712052
2020-02-07,14.159812927246094,14.28971913446271,13.98660354972591,14.029906720029478,80109163
2020-02-10,14.20311450958252,14.333020717383402,13.856697404831152,13.986603612632033,44206055
2020-02-11,14.462929725646973,14.636137465854928,14.289720333591834,14.333021855682027,72967688
2020-02-12,14.636136054992676,14.679439224755809,14.376323643801982,14.41962516171809,79548774
2020-02-13,14.592835426330566,14.852647853353634,14.419626040417102,14.7227416398421,65415317
2020-02-14,14.289719581604004,14.462928964544103,14.289719581604004,14.376324273074053,43506095
2020-02-17,14.20311450958252,14.333020717383402,14.159812990931245,14.289719198732126,40030219
2020-02-18,13.986603736877441,14.203114635751232,13.943302217841511,14.203114635751232,44154247
2020-02-19,13.943302154541016,14.073208362906122,13.899998983854607,13.943302154541016,30092840
2020-02-20,14.116510391235352,14.2897197765383,13.943302657779522,14.073208870833176,41324196
2020-02-21,13.899998664855957,14.073208039932394,13.856697147010358,13.986603352394177,26572971
2020-02-24,13.683489799499512,13.813396016291295,13.683489799499512,13.770093668719506,42409882
2020-02-25,13.770092964172363,13.943302345597257,13.510280543882107,13.510280543882107,39151580
2020-02-26,13.510281562805176,13.640187782747617,13.510281562805176,13.510281562805176,47662845
2020-02-27,13.250467300415039,13.640186756854753,13.20716495504984,13.510280546682695,79271042
2020-03-02,13.207164764404297,13.380373317441286,12.947351521887049,12.947351521887049,89628541
2020-03-03,13.423676490783691,13.640187401925365,13.293770274468121,13.466978838196743,88570177
2020-03-04,13.683489799499512,13.856698363863083,13.423676539992362,13.423676539992362,84749276
2020-03-05,13.596884727478027,13.89999950023166,13.596884727478027,13.856697979783684,59085885
2020-03-06,13.38037395477295,13.510280995181049,13.337071607970248,13.466978648378348,69534487
2020-03-09,13.033956527709961,13.120560393368624,12.94735183612775,13.120560393368624,82969389
2020-03-10,12.947351455688477,13.207164696877326,12.817445248055815,12.947351455688477,82904523
2020-03-11,12.817445755004883,13.033956660238331,12.817445755004883,12.990654314006932,55553147
2020-03-12,12.427726745605469,12.687539180655504,11.994704919290625,12.644237658762892,138258958
2020-03-13,12.167912483215332,12.384423378553956,11.821494555119422,11.864796899371852,211904177
2020-03-16,12.038005828857422,12.211215211311753,11.90809961794022,12.124610520084588,81036386
2020-03-17,11.908099174499512,12.12461006858132,11.82149448649738,11.908099174499512,132863414
2020-03-18,11.951401710510254,12.124610263373745,11.908099365813499,11.951401710510254,90628139
2020-03-19,11.86479663848877,11.951401325089364,11.345170996655712,11.908098981789067,151597652
2020-03-20,11.994704246520996,12.471027568012008,11.951401901133574,11.951401901133574,157756287
2020-03-23,11.908099174499512,11.994703862501641,11.691588280417701,11.734890624418767,59406609
2020-03-24,11.994704246520996,12.254516666998441,11.951401901133574,12.167912802147141,100357252
2020-03-25,12.211214065551758,12.427724947381233,12.081307040899992,12.167911724001168,187932889
2020-03-26,12.211214065551758,12.297817922729466,12.081307040899992,12.254515581178877,74645046
2020-03-27,12.12460994720459,12.427725526254108,12.03800526006944,12.427725526254108,59235321
2020-03-30,12.081307411193848,12.081307411193848,11.908098865606094,11.994703551361718,38765524
2020-03-31,11.821495056152344,12.427726249533329,11.821495056152344,12.427726249533329,79000889
2020-04-01,11.951401710510254,11.99470405520701,11.82149467641999,11.99470405520701,44891990
2020-04-06,12.211214065551758,12.211214065551758,11.951400842171694,12.081307040899992,75417890
2020-04-07,12.2545166015625,12.384423637031096,12.081308046861244,12.341121291874897,66031028
2020-04-08,12.297819137573242,12.38442382922969,12.211215271840345,12.254516791745019,59324325
2020-04-09,12.297819137573242,12.471027694962588,12.211215271840345,12.38442382922969,40473210
2020-04-10,12.38442325592041,12.38442325592041,12.254516224449494,12.341120912096772,23315732
2020-04-13,12.817445755004883,13.077259006469733,12.47102781107723,12.514330157308631,94375364
2020-04-14,13.120559692382812,13.120559692382812,12.860747283364146,13.033955831351092,70873919
2020-04-15,13.077259063720703,13.163862930639091,12.904049678036804,13.120560584218117,76800916
2020-04-16,12.90404987335205,13.077259261657643,12.81744600512283,12.860748352199227,53398536
2020-04-17,13.033956527709961,13.380373642191712,12.990654181918856,13.16386273915973,102841345
2020-04-20,13.120559692382812,13.163862035860424,12.947351144395867,13.077258174828705,46983290
2020-04-21,12.817445755004883,13.293769911703183,12.817445755004883,13.077259006469733,74235734
2020-04-22,13.163862228393555,13.163862228393555,12.77414278324206,12.817445127353007,51801119
2020-04-23,13.683489799499512,13.856698363863083,13.337071844848785,13.380374192420573,157791012
2020-04-24,13.770092964172363,13.943302345597257,13.726791444739682,13.770092964172363,104062670
2020-04-27,13.986603736877441,14.116509945832302,13.77009283800365,13.986603736877441,121440284
2020-04-28,12.990653991699219,13.510280481736602,12.774143091837566,13.423675791422525,219150807
2020-04-29,13.250467300415039,13.423675855952297,13.16386260968464,13.16386260968464,96798319
2020-04-30,13.466978073120117,13.510280418073105,13.2937695192317,13.380373383214142,64768656
2020-05-04,13.293768882751465,13.380372742587479,13.033955651396433,13.077257994276186,47975074
2020-05-05,13.207164764404297,13.466978006921547,13.207164764404297,13.423675662181417,34096450
2020-05-06,13.250467300415039,13.380373510587097,13.20716495504984,13.20716495504984,34763487
2020-05-07,13.510281562805176,13.726792479991646,13.250468296996692,13.380374516939133,58025473
2020-05-08,13.553582191467285,13.726791574529917,13.423675980093861,13.726791574529917,39736136
2020-05-11,13.510281562805176,13.726792479991646,13.510281562805176,13.683490131369632,42257477
2020-05-12,13.38037395477295,13.553582516060178,13.293770087091119,13.423676301575648,40406407
2020-05-13,13.510281562805176,13.510281562805176,13.293770645618707,13.337072168317118,30545962
2020-05-14,13.293768882751465,13.466977428346988,13.163861854112202,13.380372742587479,31677085
2020-05-15,13.337071418762207,13.423676111138978,13.120560513743836,13.380373764950592,32116870
2020-05-18,13.077259063720703,13.337071490399428,13.077259063720703,13.337071490399428,41754666
2020-05-19,12.947351455688477,13.250467041396055,12.904049111169748,13.250467041396055,54397126
2020-05-20,12.860747337341309,13.12055974745042,12.860747337341309,13.12055974745042,59202595
2020-05-21,13.250467300415039,13.250467300415039,12.947351708782184,12.990654054147384,39817856
2020-05-22,13.077259063720703,13.163862930639091,13.033956717299729,13.120560584218117,33556829
2020-05-25,13.077259063720703,13.077259063720703,12.86074815753939,13.077259063720703,19221772
2020-05-26,13.163862228393555,13.207164572504503,13.077258366095178,13.120559884282608,23880256
2020-05-27,13.077259063720703,13.25046762348104,13.077259063720703,13.207165277060065,24006301
2020-05-28,13.293768882751465,13.337070399707725,13.120559511232447,13.163861854112202,45046009
2020-05-29,13.38037395477295,13.38037395477295,13.16386304668302,13.250467740288418,49643911
2020-06-01,13.553582191467285,13.683489228764259,13.423675980093861,13.510280671625177,45030896
2020-06-02,13.726791381835938,13.726791381835938,13.596884346362573,13.640186691520361,46869809
2020-06-03,14.0299072265625,14.0299072265625,13.813395496845372,13.856697842788797,64858876
2020-06-04,14.116510391235352,14.376324469189775,13.943302657779522,14.2897197765383,94715239
2020-06-05,14.289719581604004,14.289719581604004,14.02990715904095,14.116510198663903,49132614
2020-06-08,14.766042709350586,15.155762989827847,14.592834980575084,15.155762989827847,124131598
2020-06-09,14.592835426330566,14.852647853353634,14.33302134746037,14.766043160396903,82141619
2020-06-10,14.376324653625488,14.592835562108261,14.203115266100415,14.592835562108261,94791794
2020-06-11,13.899998664855957,14.289718932854433,13.770092459472139,14.246417415008834,92770897
2020-06-12,13.596884727478027,13.6834894202211,13.33707147517237,13.380373821543907,86040818
2020-06-15,13.337071418762207,13.423676111138978,13.250467552308994,13.380373764950592,81647335
2020-06-16,13.423676490783691,13.596885054512313,13.337071795957591,13.423676490783691,63149426
2020-06-17,13.250467300415039,13.466978201317495,13.12056026431944,13.423675855952297,71145221
2020-06-18,13.293768882751465,13.380372742587479,13.207164196991956,13.250466539871711,56787627
2020-06-19,13.337071418762207,13.51028080351575,13.337071418762207,13.337071418762207,57562916
2020-06-22,13.596884727478027,13.596884727478027,13.293769954724397,13.380373821543907,40713689
2020-06-23,13.38037395477295,13.640187209665578,13.38037395477295,13.640187209665578,57029420
2020-06-24,13.64018726348877,13.81339582545947,13.423676354544504,13.423676354544504,58563616
2020-06-29,13.466978073120117,13.683488971961523,13.42367572816713,13.466978073120117,40174467
2020-06-30,13.770092964172363,13.770092964172363,13.553582063314789,13.596884408671011,44717594
2020-07-01,13.943302154541016,14.029906844066774,13.81339512025238,13.856697465015259,41759557
2020-07-02,14.159812927246094,14.159812927246094,13.856697342509294,14.029906720029478,52315397
2020-07-03,14.246417045593262,14.289718562316034,14.159812360300739,14.246417045593262,51767884
2020-07-06,14.419626235961914,14.462929408951078,14.246418499546703,14.3763247148199,55080070
2020-07-07,14.376324653625488,14.722741776828496,14.289719959862952,14.63613708306596,80993675
2020-07-08,14.419626235961914,14.549532451235109,14.3763247148199,14.3763247148199,34987230
2020-07-09,14.246417045593262,14.506229449623852,14.246417045593262,14.41962476433133,40060369
2020-07-10,14.246417045593262,14.41962476433133,14.203113877023512,14.289718562316034,41687415
2020-07-13,14.766042709350586,14.766042709350586,14.419625599952507,14.46292877103169,106711949
2020-07-14,14.549531936645508,14.80934600984991,14.462928897424463,14.80934600984991,89089297
2020-07-15,14.553131103515625,15.007916450500488,14.553131103515625,14.96243860974937,93486316
2020-07-16,15.098873138427734,15.280786227524251,14.78052306392341,14.78052306392341,139039785
2020-07-17,14.916958808898926,15.280786734019701,14.689566138839892,15.235308893955251,70857217
2020-07-20,15.053394317626953,15.235309150687003,14.826001643736102,15.053394317626953,106825263
2020-07-21,15.599136352539062,15.917486428074215,15.189830599595302,15.235308438299604,210085722
2020-07-22,15.917487144470215,15.917487144470215,15.50817963823647,15.690094470977783,116464421
2020-07-23,17.509235382080078,17.509235382080078,16.690622126774684,16.827057380180854,401688025
2020-07-24,17.964019775390625,18.464282923289634,17.736627120005934,18.00949761252025,546884955
2020-07-27,19.737686157226562,19.737686157226562,18.236893017515573,18.646200552867395,488746075
2020-07-28,20.237947463989258,21.693260887025083,19.828639967399425,21.693260887025083,599722773
2020-07-29,20.3743839263916,20.60177660801398,19.419335357524997,20.192470822014787,307114701
2020-07-30,20.19247055053711,20.692733749433167,19.783163035172368,20.55629848926774,249008246
2020-07-31,20.32890510559082,20.46534036102397,19.737684508801586,19.919597604422982,137076620
2020-08-03,21.647781372070312,22.193524124069647,20.374382773984127,20.46534018846208,366890778
2020-08-04,22.329959869384766,23.466923238189864,22.10256719562375,22.921182209058156,316797374
2020-08-05,22.6483097076416,23.28500988103598,21.829696438183404,22.239003940346702,274027185
2020-08-06,24.194580078125,24.42197274477116,23.012137170643953,23.19405199790823,366345737
2020-08-07,23.285009384155273,24.922235888134757,23.14857413130171,24.55840796890247,334380253
2020-08-10,23.012136459350586,23.830751421868484,22.693788123780642,22.9666586213744,187635317
2020-08-11,22.739267349243164,23.557880626842234,22.739267349243164,23.194052696228027,144853117
2020-08-12,21.78421974182129,22.557353476711164,21.693262321578807,22.511875634024168,207439232
2020-08-13,21.60230255126953,22.466395347267635,21.46586730318254,22.239002688833217,153054743
2020-08-14,21.42038917541504,21.602304008380347,21.011083403545726,21.192996501642615,120344792
2020-08-17,21.96613121032715,22.284481290015325,21.511345877877858,21.556825452043803,139404132
2020-08-18,21.920654296875,22.3754396485327,21.647782044959314,22.193524813922245,139533521
2020-08-19,21.283954620361328,22.239004922637193,21.192997200877652,22.239004922637193,114113905
2020-08-20,19.82863998413086,21.01108290035013,19.328376807759724,20.7382106574372,202244929
2020-08-21,19.82863998413086,20.692732817719236,19.73768430469493,20.419862309674684,159091172
2020-08-24,20.556297302246094,20.647254715393537,19.91959714508235,19.96507671909025,120357007
2020-08-25,20.146989822387695,20.7382104058919,20.01055457002032,20.692732566725557,102738857
2020-08-26,20.32890510559082,20.32890510559082,19.69220493374494,20.01055501966788,73886072
2020-08-27,19.965078353881836,20.60177682831172,19.874120933286566,20.465341564853066,84525878
2020-08-28,19.919597625732422,20.192469871759023,19.64672711457422,19.82864021039022,69220042
2020-08-31,19.282899856567383,20.146990995103334,19.282899856567383,20.101513153289822,125541719
2020-09-01,19.919597625732422,19.965077200837722,19.191941772731614,19.419334443652915,77246352
2020-09-02,19.737686157226562,20.101514113723436,19.555771311543854,20.056034534868488,57874308
2020-09-03,19.601247787475586,20.146990551565455,19.601247787475586,20.010555294260094,87870341
2020-09-04,19.510292053222656,19.510292053222656,18.919069715046852,19.010027131294546,73445360
2020-09-07,21.42038917541504,21.42038917541504,21.011083403545726,21.056561244352842,97506968
2020-09-08,20.64725685119629,22.37544094029187,20.64725685119629,22.19352609517927,316528524
2020-09-09,21.556827545166016,21.78422023347001,20.283427102768826,20.556299369654738,206963405
2020-09-10,21.238475799560547,21.966131652168624,21.192996224479792,21.875174236875516,143782472
2020-09-11,20.920124053955078,21.37490935947584,20.73820923779947,21.283951951398038,78463966
2020-09-14,21.738739013671875,21.920653844528402,21.37491108682722,21.37491108682722,142653704
2020-09-15,23.012136459350586,23.46692177858572,22.011610144927936,22.011610144927936,379771700
2020-09-16,23.375967025756836,24.740323037341046,23.23953003670371,24.37649337969055,306889814
2020-09-17,23.421445846557617,23.648838524679533,22.87570307209132,23.01213833199078,137350124
2020-09-18,23.466922760009766,24.012665512889424,23.466922760009766,23.648837589259113,136993058
2020-09-21,22.875701904296875,23.739794730995992,22.830224064941497,23.603359478061492,120265077
2020-09-22,22.830224990844727,23.19405292504827,22.284482222105197,22.784745414776513,122720357
2020-09-23,23.64883804321289,23.739795459583547,23.012137863486714,23.557880626842234,195111094
2020-09-24,23.603361129760742,24.103624337150432,23.19405360744664,23.330488869928512,283777370
2020-09-25,22.739267349243164,23.92170855745644,22.01161148801475,23.876230716705322,209996417
2020-09-28,25.013195037841797,25.013195037841797,23.739796364707185,24.19458172903158,407009836
2020-09-29,25.013195037841797,26.650421655462228,25.013195037841797,25.831808346652014,543454402
2020-09-30,25.968242645263672,26.241114894652792,24.512930921328717,25.013194109572805,426461468
2020-10-05,26.104679107666016,27.105205463851117,25.87728643855697,26.468507031266814,313485862
2020-10-06,25.78632926940918,26.65042037932813,25.7408496942334,26.559464698713377,226167129
2020-10-07,26.83233642578125,26.923293845384713,25.6044155983057,25.6044155983057,317850848
2020-10-08,29.288175582885742,29.51556824506694,27.196162049897712,27.469034285436152,644955830
2020-10-12,29.15174102783203,29.788441228963375,28.605999980997716,29.515570705546214,351806211
2020-10-13,28.69695472717285,29.015304817328534,28.15121369818416,28.833391719288443,214865396
2020-10-14,29.288175582885742,29.697483068759233,28.424082772649854,28.69695327331996,265213805
2020-10-15,28.69695472717285,29.83391809567999,28.69695472717285,28.92434740087428,228703623
2020-10-16,27.878339767456055,28.87886781837336,27.832861929405944,28.56051774741763,225685120
2020-10-19,28.196691513061523,28.742434276417043,27.969298839569092,27.969298839569092,136764453
2020-10-20,28.37860679626465,28.46956247921065,27.8783418657194,28.1057345428213,104787052
2020-10-21,28.51504135131836,29.697484283966613,28.51504135131836,28.833391438372445,352041400
2020-10-22,30.015832901000977,30.015832901000977,28.787912117168162,29.015304790660593,425690375
2020-10-23,29.788440704345703,30.925404090007753,29.47009234425509,30.743489254354447,406287172
2020-10-26,30.015832901000977,30.47061824798584,29.65200323551835,29.879395909010782,186064706
2020-10-27,30.470617294311523,30.60705428203149,29.51556878948194,29.7429614558574,183082712
2020-10-28,29.69748306274414,30.470616726108954,29.69748306274414,30.470616726108954,179961503
2020-10-29,29.970354080200195,30.19774674625674,28.878868589181426,28.92434642844539,282899784
2020-10-30,27.92382049560547,29.47009134143617,27.92382049560547,29.106261682510084,484721864
2020-11-02,26.96877098083496,28.105734358904467,26.741378305221062,27.83286384211516,297046063
2020-11-03,27.105205535888672,27.74190570503352,27.105205535888672,27.469035195324807,161516722
2020-11-04,28.78791046142578,29.06078269484345,27.241641411532267,27.469034071946165,314786322
2020-11-05,27.787384033203125,28.014776706911395,27.469035677906287,27.878341449660116,212203072
2020-11-06,27.741905212402344,28.378605370240887,27.378077294295327,28.014775717265515,149095674
2020-11-09,28.924346923828125,29.01530433878223,28.37860590384028,28.37860590384028,196779825
2020-11-10,28.196691513061523,29.288177039772563,28.06025625593975,29.10626220703125,164696992
2020-11-11,28.196691513061523,28.60599901929527,27.969298839569092,28.01477668032021,90295810
2020-11-12,28.287649154663086,29.015305021685215,28.24216957868143,28.515041829966055,111285946
2020-11-13,28.469562530517578,28.60599952491936,28.105734593472548,28.33312727098425,90087652
2020-11-16,29.288175582885742,29.33365342137465,28.87886809701225,28.924345935501158,183727124
2020-11-17,29.242698669433594,30.015832357411607,29.197217359769308,29.83391752796479,161979400
2020-11-18,29.424610137939453,29.515569287867567,29.15173962762869,29.288176617652464,81701925
2020-11-19,29.19721794128418,29.470091925757572,29.01530484308262,29.42461061518744,77946276
2020-11-20,30.061309814453125,30.197746802234658,29.197216987889124,29.242698296974122,221930743
2020-11-23,33.06289291381836,33.06289291381836,31.65305905019611,31.6985368903639,209973695
2020-11-24,34.70012283325195,36.109956693441,34.56368584334404,34.745600673309,588392148
2020-11-25,34.97299575805664,35.564214659092734,34.700125229137136,34.97299575805664,266996255
2020-11-26,35.92803955078125,35.92803955078125,34.10889830770372,34.972991092112856,260893735
2020-11-27,35.60969161987305,36.20091044865141,35.38229896194215,35.97351779072052,190766940
2020-11-30,36.83761215209961,38.92962400012335,36.33734897731475,36.79213431252585,415847278
2020-12-01,37.79266357421875,38.11101541523925,37.019529832680554,37.74718573114068,191854318
2020-12-02,37.70170593261719,38.338406111897946,37.38335410810839,38.11101343856459,167148541
2020-12-03,39.3844108581543,40.88520391027463,37.92909911710303,38.15649179350084,420421467
2020-12-04,43.295562744140625,43.295562744140625,40.56685071901235,41.20355088548963,492765081
2020-12-07,45.47853469848633,46.933846420943155,44.06870081678062,45.296619865745015,533544921
2020-12-08,46.297149658203125,47.024805518602456,44.15965644796761,44.84183446766764,382221022
2020-12-09,45.38758087158203,45.66045139697544,44.659921510883635,44.659921510883635,320781530
2020-12-10,43.0226936340332,44.47800884324888,42.47695259916287,44.20513485607684,460429521
2020-12-11,41.93120574951172,43.97773972042635,41.11259424298788,43.15912821390251,389750744
2020-12-14,41.976688385009766,42.61338508696639,40.566851051354064,41.931207075095614,233052166
2020-12-15,40.02111053466797,42.340515110343404,40.02111053466797,41.93120760410966,275521558
2020-12-16,40.839725494384766,41.93120754994915,40.566851510756834,40.566851510756834,250162268
2020-12-17,41.8857307434082,42.204082575588565,40.83972650271053,41.249030548784404,189025002
2020-12-18,41.70381546020508,43.11365282955085,41.658337618876445,42.74982315944803,230488908
2020-12-21,43.15913009643555,43.43200061051234,40.9306812036242,41.840251897038065,251604121
2020-12-22,41.5673828125,43.88678746652437,41.38546797361365,42.93173889954221,222176257
2020-12-23,41.93120574951172,42.6133837398166,41.5673795698578,42.24955756016267,135247241
2020-12-24,42.34051513671875,42.795300483986914,42.11312246308467,42.65886696164857,97896558
2020-12-25,42.52242660522461,43.15912673497208,42.34051178676297,42.840774935230066,97430572
2020-12-28,44.20513153076172,44.432524189808305,42.74981990075822,42.8407755764822,221303442
2020-12-29,43.11365509033203,44.978274440477364,42.93174024574142,44.75088175217337,250941757
2020-12-30,43.9322624206543,43.97774025995188,42.84077692882865,43.15912874338519,153106350
2020-12-31,42.886260986328125,44.43252843996246,41.74929758233996,44.387050597750324,302133547
2021-01-04,41.430946350097656,42.295039243646436,40.02111240259018,41.97669087379336,403842303
2021-01-05,42.158599853515625,42.158599853515625,40.52137331478686,40.83972513631596,202966468
2021-01-06,42.704345703125,43.43200158015402,41.74929714766586,43.25008674346254,301970846
2021-01-07,42.02216720581055,43.2955641091764,41.84025237111918,43.0681714332464,165917770
2021-01-08,43.522953033447266,43.977738346104964,42.11311925815571,42.4769488961765,338209260
2021-01-11,45.47853469848633,45.569490379988565,43.25008580431313,43.84130814328819,443219386
2021-01-12,44.06869888305664,47.20671833350402,44.02322104430108,45.93331802992817,491506206
2021-01-13,45.47853469848633,45.75140521272988,44.65991968601884,44.978271510750346,262676340
2021-01-14,45.38758087158203,46.297151602718046,45.02375119123283,45.29662171662624,199499035
2021-01-15,44.34157180786133,47.11576176035451,44.34157180786133,46.93384692565693,330790962
2021-01-18,45.160186767578125,45.34209813229088,42.29503766677295,43.93226423734582,190288745
2021-01-19,48.20724868774414,49.02586373260063,45.47853649787183,46.0242775479515,549567983
2021-01-20,47.38862991333008,49.93543053256339,46.933844584143664,49.116815552133154,519469908
2021-01-21,49.116817474365234,49.75351765409141,47.479590919167094,48.025331947654195,348371621
2021-01-22,51.390743255615234,52.02744342352596,48.75298690415797,49.11681656288889,421387831
2021-01-25,52.027442932128906,53.30083978618641,50.93595743598195,52.39126911768673,318407166
2021-01-26,49.8444709777832,52.39126810647903,49.02585947377562,51.936482781007044,322524662
2021-01-27,49.8444709777832,51.11787127699946,49.29872997511148,50.02638580191934,227015913
2021-01-28,46.57001876831055,48.480115777997156,45.66044810279564,46.57001876831055,451427781
2021-01-29,45.47853469848633,47.84341711491288,45.47853469848633,47.57054660066933,271977993
2021-02-01,46.20619201660156,46.93384790077305,44.4325284134894,45.20566560958288,242061925
2021-02-02,47.843414306640625,48.207243950767484,46.660973167833276,47.02480281196014,241259166
2021-02-03,47.29767608642578,48.75298780888261,46.933846420943155,48.20724678039551,171832168
2021-02-04,47.206722259521484,47.66150762437338,46.57002205478143,46.93384826482077,95251895
2021-02-05,48.11629104614258,48.2072467275451,47.388631715975066,47.75246138105882,144458981
2021-02-17,52.39126968383789,52.755099343064074,51.02691366634485,52.39126968383789,354720349
2021-02-18,52.93701171875,54.02849717609532,51.57265576450251,52.39126725520903,287631020
2021-02-19,52.027442932128906,53.11892842827587,51.754572425526355,52.39126911768673,190960607
2021-02-22,51.663612365722656,53.02796834441112,51.663612365722656,52.75509784262076,182485679
2021-02-23,50.75404357910156,51.117873241355056,49.75351721250966,50.11734340502635,206213878
2021-02-24,49.753517150878906,51.57265852041937,49.662558000559805,50.39021732416543,176067024
2021-02-25,50.6630859375,51.39074176410638,50.481171113414234,51.20882694002062,112309052
2021-02-26,49.29873275756836,50.20830345984919,49.29873275756836,49.3896884399017,175942036
2021-03-02,47.93437576293945,50.57212866591857,47.93437576293945,50.2992581545396,163514600
2021-03-03,47.206722259521484,47.93437814933712,46.02427753511697,47.29767794459707,280829307
2021-03-04,44.61444091796875,46.20618959933171,44.568963078162874,45.66044858218768,383612376
2021-03-05,42.7952995300293,43.84130719332407,42.158599364099295,42.56790686146407,347126156
2021-03-08,41.93120574951172,43.750347056991394,41.88572791077207,43.61391354077243,209424946
2021-03-09,42.158599853515625,42.47695167504473,40.83972513631596,41.38546615931328,264344665
2021-03-10,42.34051513671875,43.06817099840045,42.15860030386412,42.931737476062104,191346284
2021-03-11,44.25061798095703,44.659922039018966,42.613387869761205,42.74982486893987,240065733
2021-03-12,44.65991973876953,45.56949043381361,44.65991973876953,44.796356730920884,182568161
2021-03-15,43.79582977294922,44.61444130578106,43.75034846301123,44.56896346557986,101814598
2021-03-16,43.9322624206543,44.70539956766013,43.5684362365369,44.11417724758136,111422575
2021-03-17,43.659393310546875,44.11417865753174,43.341044955552206,44.06870081678062,113513587
2021-03-18,42.7952995300293,44.0686998618893,42.7498216902636,43.659392364524535,159629688
2021-03-19,41.8857307434082,42.34051610103422,41.385467543966975,41.93120858522342,185099020
2021-03-22,43.84130859375,43.93226427618679,41.749296670071935,41.93120803494552,175207196
2021-03-23,44.11418151855469,45.160189272353385,44.11418151855469,44.523489051334046,175421526
2021-03-24,42.886260986328125,43.704872555357426,42.886260986328125,43.522957716771934,117428779
2021-03-25,44.25061798095703,44.34157366725145,42.52243218346678,42.74982486893987,161223209
2021-03-26,45.25114440917969,45.47853709465296,44.887314724527656,45.25114440917969,222415849
2021-03-29,44.88731002807617,46.38810298307016,44.84183218968716,46.024273336484754,156745319
2021-03-30,46.02427291870117,46.11523206439018,44.38704646340201,45.069224442254715,167739158
2021-03-31,45.66044998168945,46.570020684632524,45.29662031261748,45.569490829553025,184149925
2021-04-01,45.93332290649414,46.660978813045645,45.751408062422,46.38810828180596,85652901
2021-04-07,46.842891693115234,46.842891693115234,46.115235817072474,46.29715065351739,103137220
2021-04-08,49.116817474365234,50.02638816833496,46.84289073944092,47.02480557218223,346491365
2021-04-09,48.20724868774414,50.2083049875979,48.20724868774414,50.026390147659015,212893788
2021-04-12,48.752986907958984,49.66255758512044,48.20724588955683,49.29873139609792,135751176
2021-04-13,49.480648040771484,51.845530500256864,48.75298869655731,49.29873320471794,425653445
2021-04-14,47.93437576293945,50.66308781620276,45.93331956326567,50.39021730482379,347497699
2021-04-15,48.29819869995117,48.57107266267741,47.11575758383823,47.2976724024102,156028137
2021-04-16,49.116817474365234,50.39021783381759,48.20724678039551,48.843946960121684,264973147
2021-04-19,49.662559509277344,50.208304018560945,48.84394794995731,49.75351866235973,146204920
2021-04-20,49.2077751159668,49.75351963592944,48.75298975086641,49.29873427082906,117014470
2021-04-21,48.571075439453125,49.57160179419352,48.38916061048121,48.934901627660196,127174848
2021-04-22,49.8444709777832,51.11787127699946,48.93490032683921,50.02638580191934,337740346
2021-04-23,51.84553146362305,52.30031682733904,50.208304848192874,50.93596073619106,437383291
2021-04-26,56.21146774291992,56.21146774291992,54.392326369558525,55.02902654418237,510615530
2021-04-27,55.02902603149414,57.03008221749583,54.66519637231682,56.393382048803915,321034099
2021-04-28,54.574241638183594,55.57476801365556,53.482756111472554,55.30189749941201,292846745
2021-04-29,51.57265853881836,53.391799909007815,51.57265853881836,53.0279702470752,455683240
2021-05-03,48.20724868774414,50.390219827536775,48.02533384780526,50.026390147659015,322671742
2021-05-04,49.662559509277344,50.11734486547856,46.3881063325234,48.29820344067372,346369551
2021-05-05,47.115760803222656,49.844472859043314,47.115760803222656,49.66255802804124,207929392
2021-05-06,46.66097640991211,48.116291617800535,46.024276223319475,47.388632278987885,171412143
2021-05-07,49.116817474365234,49.20777315586747,47.84341711491288,47.93437626615196,169832029
2021-05-10,47.752464294433594,49.29873526077218,47.752464294433594,49.29873526077218,117825384
2021-05-11,44.568965911865234,46.20619253712921,43.70487302166739,45.47853664476044,283383118
2021-05-12,42.158599853515625,45.20566372950495,40.112065812670465,44.023222533186214,354706491
2021-05-13,43.25008773803711,44.43252899911768,40.43041984855753,40.79424606057009,324988395
2021-05-14,42.567909240722656,45.16018788909923,42.43147571379986,44.38705069092223,235085819
2021-05-17,39.97563171386719,42.43147322132497,39.157016721469006,39.83919472522191,231540797
2021-05-18,43.9322624206543,43.9322624206543,41.8402505853349,42.067643251559545,279930310
2021-05-19,43.9322624206543,44.75087740695771,43.20460658268277,43.97774025995188,211703899
2021-05-20,42.29503631591797,43.65939232610887,42.24955847619229,43.20460698937857,170017389
2021-05-21,42.704345703125,43.841309095275626,42.6133865499108,43.43200158015402,146104971
2021-05-24,44.29609298706055,44.56896349820423,42.158599798671936,42.38599246958114,159953560
2021-05-25,47.206722259521484,48.207248674300864,45.3875808001139,45.660451325077645,384540274
2021-05-26,46.66097640991211,48.662032652173146,46.479061575208945,47.57054711369105,241551225
2021-05-27,46.02427291870117,47.02480270286045,45.47853192351366,46.11523206439018,166932535
2021-05-28,47.66150665283203,48.207247691635025,46.93384730811217,47.38863266369363,216667060
2021-05-31,48.20724868774414,48.66203405272286,47.20672227268575,48.11629300264319,199540916
2021-06-01,47.479591369628906,49.11681794036021,47.479591369628906,48.389162072228174,153532972
2021-06-02,47.29767608642578,48.20724678039551,46.933846420943155,47.84341711491288,115535465
2021-06-03,50.026390075683594,50.29926060033084,47.57054841438446,48.025333778708855,379615152
2021-06-04,48.20724868774414,49.48064909757934,48.20724868774414,49.11681941770158,259766608
2021-06-07,47.5705451965332,48.75298636984446,46.842889356782955,48.66203069102695,183473659
2021-06-08,47.479591369628906,48.389162072228174,47.479591369628906,47.84341756882649,107515690
2021-06-09,46.115234375,47.206719889800674,45.66044903297779,47.02480505904443,210399319
2021-06-10,46.842891693115234,47.20672136600506,45.75140614418264,46.388106336871395,120939964
2021-06-11,47.115760803222656,47.934375807863574,46.93384597222058,47.4795904652268,98330893
2021-06-15,48.84394454956055,49.02585937332395,48.02532957749359,48.20724440125699,186110330
2021-06-16,47.66150665283203,48.66203304721649,47.47959181665207,48.48011821103652,144817715
2021-06-17,48.48011779785156,48.48011779785156,46.66097639102984,46.93384690810572,103506215
2021-06-18,47.479591369628906,48.93490310589298,47.479591369628906,48.75298827142575,128118524
2021-06-21,46.57001876831055,47.297674606775125,46.38810394126022,46.93384495267447,122656928
2021-06-22,46.38810729980469,47.388633716415484,46.29715161456261,47.206722345931325,86612509
2021-06-23,48.20724868774414,48.389163527683024,46.6609777528691,46.842892592807985,153763312
2021-06-24,48.20724868774414,48.75298973782381,47.57054848282654,48.11629300264319,150026510
2021-06-25,48.11629104614258,49.29873225305952,48.11629104614258,48.93490258797577,122914162
2021-06-28,47.843414306640625,48.480114448994314,47.66150295431383,48.38915877283092,71762205
2021-06-29,48.20724868774414,48.84394889266174,48.11629300264319,48.480119212783976,105202254
2021-06-30,48.29819869995117,48.93489883008478,48.29819869995117,48.84394315566708,92830842
2021-07-01,47.38862991333008,48.57107454500413,47.38862991333008,48.48011539732482,93087890
2021-07-02,47.843414306640625,48.11628827460409,47.38862898635037,47.38862898635037,65650006
2021-07-05,49.480648040771484,50.20830391524876,48.02533282208003,48.207247658133575,261103676
2021-07-06,48.571075439453125,50.20830196072684,48.480116290098785,49.93543145213735,144568255
2021-07-07,48.752986907958984,49.20777224653971,48.298201569378264,48.48011639875791,105842538
2021-07-08,48.29819869995117,49.207769323074444,48.20724302553347,49.025857974239045,95910080
2021-07-09,47.479591369628906,48.02533240329372,47.2067208527965,47.75246188646131,111119847
2021-07-12,48.38916015625,49.389686501598405,48.11628965022196,48.75298634104182,149134257
2021-07-13,49.02586364746094,50.208304900404755,48.75298965315801,49.02586364746094,261564370
2021-07-14,49.116817474365234,50.02638816833496,48.75298780888261,49.84447333559365,119707585
2021-07-15,50.11734390258789,50.299258735520674,49.298732358995615,49.480647191928405,181885879
2021-07-16,48.84394454956055,49.29872987410071,48.20724440125699,48.662029725797154,254563948
2021-07-19,47.843414306640625,48.57107359489435,47.75245863047723,48.57107359489435,142468073
2021-07-20,47.66150665283203,48.298203374856556,47.38863266369363,47.5705474998736,110876067
2021-07-21,46.20619201660156,48.29820398474595,45.66045097090718,48.20724830037587,200758258
2021-07-22,48.83570098876953,49.587018749006695,47.70872255713095,47.99046626939918,233158928
2021-07-23,49.49310302734375,50.80790814981893,49.49310302734375,49.774846726262325,207930876
2021-07-26,50.4322509765625,51.08965532775036,50.33833402206967,50.71399467491001,137614648
2021-07-27,49.86875915527344,50.99573751220008,49.86875915527344,50.901824141858455,118407516
2021-07-28,48.64786911010742,49.39918684651509,47.42697734062427,49.21136009933734,199661413
2021-07-29,51.27748489379883,51.65314556731467,50.056593078720894,50.62008408899465,436442070
2021-07-30,54.28275680541992,56.254969868385864,52.404460697394555,52.404460697394555,688535227
2021-08-02,54.001014709472656,56.067141206174306,53.34361033562683,55.69148054038651,340356559
2021-08-03,55.785396575927734,55.785396575927734,53.81318348699289,54.09492719039342,261099677
2021-08-04,56.818458557128906,57.10020226321312,55.50364981864845,56.53671485104469,311304901
2021-08-05,59.541988372802734,60.01156240229624,56.53671386753119,57.288031598207695,482353715
2021-08-06,58.32109451293945,59.91764697032443,57.85152047150656,59.63590326197781,347972909
2021-08-09,58.13326644897461,59.0724145106216,57.00628805848512,57.85151916442808,208141642
2021-08-10,56.16105270385742,58.5089228301271,55.59756530657891,58.22717913148784,314701732
2021-08-11,56.25497055053711,57.28803198945182,55.22190552905684,56.06714022094383,237048006
2021-08-12,56.44279861450195,57.7576073697668,56.1610549048211,56.630628948477735,165790481
2021-08-13,54.09492874145508,56.72454626876712,54.00101536515065,56.630629309897024,223682413
2021-08-16,53.6253547668457,54.47058948498378,52.96795396670016,53.06186734313076,142031104
2021-08-17,53.6253547668457,53.6253547668457,53.6253547668457,53.6253547668457,0
2021-08-18,54.56450271606445,54.658419674810546,51.934888774790075,51.934888774790075,191337750
2021-08-19,52.122718811035156,53.90710160876352,52.122718811035156,53.719271274913325,176436947
2021-08-20,52.310546875,52.96795122366643,51.08965513179976,52.87403426953381,141868003
2021-08-23,55.03407669067383,55.221907025356586,53.531441178343094,53.9071018477086,162895991
2021-08-24,54.846248626708984,56.44279747691099,54.752331670331145,55.9732234427185,177396116
2021-08-25,56.34888458251953,56.91237199531849,55.59756683793239,55.785397169720575,224280323
2021-08-26,57.47586441040039,58.88458655976037,56.63062968775812,58.602842846401515,259611356
2021-08-27,57.945438385009766,58.039351761818985,56.72454657366155,57.288033999648206,169766283
2021-08-30,58.97849655151367,59.166326877160614,57.94543513430373,58.60283948278528,205005185
2021-08-31,59.2602424621582,59.2602424621582,57.75760696598801,58.60284167168725,180534243
2021-09-01,60.19939041137695,60.57505107588153,58.7906682933332,58.97849862558549,259293907
2021-09-02,60.10547637939453,62.92292058467865,60.10547637939453,61.04462444782257,419823016
2021-09-03,65.74036407470703,65.74036407470703,61.420284439966785,61.51419781276158,636849628
2021-09-06,65.64645385742188,67.61866344143752,64.14381832508288,64.89513250868667,582599522
2021-09-07,64.04989624023438,66.30385306703025,63.48640882481822,65.83427902666158,329592945
2021-09-08,61.79594421386719,63.76815367492019,61.138536283428884,63.016832373028116,370835503
2021-09-09,63.392494201660156,63.7681548595851,61.13853741924158,61.3263713307696,280162094
2021-09-10,64.04989624023438,64.80121757087674,63.110748159497035,63.29858207472324,212454512
2021-09-13,62.73509216308594,64.70730162113416,62.73509216308594,64.14381422813909,164440315
2021-09-14,61.98377227783203,63.204667628144804,61.608111618879555,62.92292034264767,157083603
2021-09-15,61.60811233520508,62.453347036393026,61.514198960657794,62.17159974761998,104901582
2021-09-16,62.171600341796875,63.39249571797331,61.7959468400176,62.17160034179688,140953678
2021-09-17,61.60811233520508,63.11074782335521,61.514198960657794,62.17159974761998,168231667
2021-09-22,60.66896438598633,61.04462505009005,59.26024226944579,59.35415922675452,165283608
2021-09-23,61.232452392578125,62.07768710371431,61.04462564127287,61.88986035240906,118279945
2021-09-24,62.92292022705078,63.01683360033359,61.79594541739485,61.983772163960474,127879293
2021-09-27,62.26551818847656,63.39249297531874,61.983770909200544,63.20466623255536,92868852
2021-09-28,61.32637023925781,61.98377100507746,61.32637023925781,61.79594426202355,80605472
2021-09-29,59.16632843017578,60.387223787644565,59.16632843017578,59.729815839341704,217250781
2021-09-30,60.10547637939453,60.481137039791975,58.69675427675247,59.44807201498179,120716424
2021-10-01,58.79066848754883,59.91764690221994,58.32109444664967,59.54198981903998,142501064
2021-10-04,57.10020065307617,59.448070775180994,56.91237032679469,59.26024044889951,131200706
2021-10-05,57.3819465637207,57.56977689724445,54.47058893308221,55.12799330913254,189918094
2021-10-06,56.25497055053711,57.94543635174553,55.879309891350545,57.757606022152245,131848168
2021-10-07,58.696754455566406,58.79066782966908,57.10020201786188,57.19411897453014,151354156
2021-10-08,57.3819465637207,58.79066869130041,57.28803318824164,58.79066869130041,115041097
2021-10-12,54.940162658691406,56.06714107076743,54.940162658691406,55.879310738327156,162345809
2021-10-13,52.967952728271484,55.315822909798314,52.967952728271484,54.752331916692526,228247159
2021-10-14,53.24969482421875,54.09492591448432,53.06186449886013,53.81318221772913,118769240
2021-10-15,55.5036506652832,56.53671571343749,54.470589199694565,54.65841953413767,212901390
2021-10-18,54.846248626708984,56.06714039909634,54.846248626708984,56.06714039909634,119794110
2021-10-19,55.97322463989258,56.25497193248663,54.846249799778946,55.50365059565668,103789955
2021-10-20,55.12799072265625,56.53671278414202,54.75233007323386,56.16105213471963,150190445
2021-10-21,54.47058868408203,55.50365013989182,53.907101268652255,54.56450205913178,131526430
2021-10-22,54.7523307800293,54.94016110716519,53.71926935463017,54.47058708060822,103407443
2021-10-25,55.785396575927734,55.785396575927734,53.81318348699289,54.470587849971174,122194078
2021-10-26,56.16105270385742,57.1002007543653,55.78539563319358,56.16105270385742,179013620
2021-10-27,58.13326644897461,58.13326644897461,55.97322304113411,56.34888369881912,205373116
2021-10-28,56.16105270385742,57.38194445300456,56.16105270385742,57.00628738234071,273608270
2021-10-29,54.47058868408203,55.87931080522208,54.47058868408203,55.87931080522208,228569205
2021-11-01,54.09492874145508,55.03407683476205,53.907101988846215,54.56450278810856,133814105
2021-11-02,55.40973663330078,56.53671504405053,54.56450192959707,54.65841888698949,196050588
2021-11-03,55.597564697265625,56.442795783920225,55.40973437270945,56.348882412924866,93460973
2021-11-04,55.03407669067383,56.25497207482891,54.94016331461528,56.25497207482891,76279150
2021-11-05,56.724544525146484,57.19411855736602,55.59756613130648,55.97322320754278,186857464
2021-11-08,58.696754455566406,58.696754455566406,56.818458312988284,57.00628864375921,207476998
2021-11-09,59.2602424621582,60.950711873556685,59.2602424621582,59.917646835194766,229429473
2021-11-10,59.2602424621582,60.105477167857444,58.60284167168725,59.54198975243503,126681412
2021-11-11,58.41501235961914,58.978499784886495,58.32109540036413,58.60284269556348,108353293
2021-11-12,58.79066848754883,59.91764690221994,58.696755112395245,59.448072861320775,108567895
2021-11-15,59.541988372802734,59.82373207398573,58.97849738787121,59.72981511854771,74553814
2021-11-16,59.16632843017578,59.823732795913074,59.16632843017578,59.823732795913074,74721656
2021-11-17,59.72981643676758,60.19939047662445,58.88458531456458,59.44807272936658,111469217
2021-11-18,59.2602424621582,60.011563792808914,59.16632908710967,59.72981650253209,82944078
2021-11-19,61.1385383605957,62.077686437302646,60.10547690924431,60.29330365853322,368830431
2021-11-22,60.76287841796875,61.9837737982288,60.66896504220981,61.51419975430283,151356281
2021-11-23,59.35416030883789,60.575052115584604,59.07241659690645,60.575052115584604,136256721
2021-11-24,59.2602424621582,59.54198975243503,58.69675504673579,58.884585379398466,93267750
2021-11-25,59.16632843017578,59.6359024653359,58.790667769021454,59.6359024653359,67682737
2021-11-26,58.696754455566406,60.85679788558372,58.696754455566406,60.668963972247205,181896349
2021-11-29,58.602840423583984,58.884584125294715,57.19411833246481,58.227179766259326,111274094
2021-11-30,59.823734283447266,61.232452841390256,59.823734283447266,60.38722528919013,277535104
2021-12-01,62.92292022705078,62.92292022705078,60.19938941106266,60.48113669604219,271112474
2021-12-02,62.64117431640625,64.33164373310981,62.547260941063,63.29858227407153,309629242
2021-12-03,64.14381408691406,64.23772745801799,62.92291876717033,63.48640615892477,184103948
2021-12-06,63.20466613769531,64.04989364399292,62.64117157998899,64.04989364399292,134977704
2021-12-07,62.453346252441406,63.76815497499271,62.17159896720502,63.76815497499271,155164688
2021-12-08,62.453346252441406,64.049895095098,62.453346252441406,64.049895095098,145042808
2021-12-09,60.10547637939453,61.702025229669744,60.10547637939453,61.13853782163915,283828545
2021-12-10,59.635902404785156,60.29330318728938,58.884584665804915,59.07241499619137,150096505
2021-12-13,58.97849655151367,60.0115615512891,58.97849655151367,60.0115615512891,105402091
2021-12-14,58.602840423583984,58.884584125294715,57.757605735886266,58.69675379663238,103901892
2021-12-15,58.884586334228516,59.541990717925074,58.69675599852012,58.69675599852012,93198092
2021-12-16,59.16632843017578,60.668963909661954,59.07241505616999,60.29330324850762,137799524
2021-12-17,58.5089225769043,58.88458322850781,58.32109225110254,58.41500920528616,87120133
2021-12-20,58.41501235961914,58.790669448942154,58.22718202367479,58.50892573630847,63987172
2021-12-21,59.07241439819336,59.44807147259787,58.60284036826357,58.79066711418306,76514949
2021-12-22,59.823734283447266,60.011564618694884,59.44807361295202,59.54199057185867,82654446
2021-12-23,60.01156234741211,60.57504974926277,59.91764539205998,60.481136376476165,70656246
2021-12-24,60.38722229003906,60.95070968523047,60.19938838155461,60.38722229003906,75313292
2021-12-27,60.38722229003906,60.76287577674602,60.29330175323135,60.66896240506928,45805295
2021-12-28,60.76287841796875,61.23245246189473,60.76287841796875,60.95071233461792,79937853
2021-12-29,61.04462432861328,61.232451075879645,60.762877042582616,61.13853770224646,52868829
2021-12-30,61.04462432861328,61.326371614643946,60.85679758134692,61.13853770224646,48028296
2022-01-03,59.541988372802734,61.514197863649244,59.35415804449222,61.232450579900714,120134207
2022-01-04,59.16632843017578,60.10547650049603,58.97849809959862,59.6359024653359,113554504
2022-01-05,59.2602424621582,60.105477167857444,58.884585379398466,59.16632908710967,83002873
2022-01-06,58.884586334228516,59.07241666993691,58.60284262194875,58.69675599852012,80543215
2022-01-07,58.79066848754883,59.82373352706635,58.696755112395245,59.82373352706635,99195601
2022-01-10,58.32109451293945,58.69675517911202,58.03935080459284,58.227181137679125,95348594
2022-01-11,58.32109451293945,58.69675517911202,58.1332677624188,58.508924846025735,44217559
2022-01-12,58.13326644897461,58.978497554917574,58.039349493270585,58.88458418177909,74002300
2022-01-13,59.44807052612305,59.72981422308216,58.32109215572112,58.32109215572112,115790076
2022-01-14,58.884586334228516,59.63590409449644,58.415012286240355,59.63590409449644,92471313
2022-01-17,60.38722229003906,60.481135661715804,59.16632696284853,59.26024033452527,154911953
2022-01-18,59.91764450073242,60.95070949884491,59.91764450073242,60.57504884815573,96924393
2022-01-19,58.97849655151367,59.63590089999522,58.97849655151367,59.166326877160614,75176729
2022-01-20,59.635902404785156,59.91764610908205,58.69675433541846,59.07241499619137,61673388
2022-01-21,58.97849655151367,59.44807057434828,58.79066622586673,58.88458317997294,84065982
2022-01-24,58.79066848754883,58.97849882042161,57.47586332257055,58.50892477952245,104842422
2022-01-25,57.757606506347656,58.415010874152536,57.757606506347656,58.039350211816725,128470767
2022-01-26,53.81318283081055,54.94016121323619,52.686204448384906,52.96795173091545,399886476
2022-02-07,51.183570861816406,53.53144108483551,50.43225310696342,53.437527708941005,303067087
2022-02-08,52.028804779052734,52.49837881647175,51.27748345312984,51.27748345312984,145754347
2022-02-09,52.59229278564453,53.34361053749775,52.310549076520275,52.87403649476879,104196446
2022-02-10,52.40446090698242,53.53143929281801,51.747056550031196,53.53143929281801,113911457
2022-02-11,52.028804779052734,52.592292190929314,51.65314411609129,52.1227181535103,84581234
2022-02-14,49.77484893798828,50.80791040744857,49.77484893798828,50.713997031157874,159459899
2022-02-15,50.244422912597656,50.99574066954393,49.77484886668553,49.77484886668553,100424261
2022-02-16,50.80791091918945,51.55923226734502,50.80791091918945,51.27748497050383,90558141
2022-02-17,51.089656829833984,51.653144243096065,50.80790954063734,51.371400536465025,67766598
2022-02-18,50.4322509765625,50.71399467491001,50.244420650142324,50.526164348489836,81812084
2022-02-21,50.52616500854492,51.08965599516668,49.77484727561479,50.0565909776429,77093640
2022-02-22,49.58701705932617,50.15050804722731,49.117443027358,49.96267771792694,111986147
2022-02-23,50.33833312988281,50.33833312988281,49.68093237291209,49.68093237291209,56264257
2022-02-24,48.64786911010742,49.96267783574501,48.553955736518546,49.5870171762584,105770914
2022-02-25,48.92961120605469,50.05658956492665,48.83569783555096,49.774845870850015,107149479
2022-03-01,50.80791091918945,51.18357159326723,49.30527538800972,49.7748494393241,117258341
2022-03-02,50.33833312988281,50.620080405802184,49.86875911343776,49.962676066266035,57767223
2022-03-03,50.901824951171875,51.18356864924176,50.5261642987017,50.901824951171875,46574496
2022-03-04,50.150508880615234,50.52616596289301,49.96267854819354,50.05659192312158,45291882
2022-03-07,48.46003723144531,49.587015591318206,48.17829353711845,49.587015591318206,106963655
2022-03-08,46.6756591796875,48.08438126610122,46.487828851652566,47.520890281996415,178913624
2022-03-09,48.64786911010742,49.023529769594035,47.42697734062427,47.708721043956444,97926742
2022-03-10,49.58701705932617,50.52616512326252,49.3991867300258,50.244421420594726,96899292
2022-03-11,49.305274963378906,49.774849010649184,49.11744462795766,49.49310529880015,46824536
2022-03-14,49.305274963378906,49.86876238707697,48.64787058068739,49.49310529880015,59505595
2022-03-15,47.333065032958984,48.46003987166677,47.14523469898581,48.27221312025924,117655236
2022-03-16,47.70872116088867,48.17829519511507,47.05131679645861,48.08438182129602,82159391
2022-03-17,49.39918518066406,49.58701550407331,49.023528116411,49.21135843982025,106432004
2022-03-18,49.58701705932617,49.774847388626554,49.30527335665838,49.49310368595876,66178749
2022-03-21,50.244422912597656,50.43225324747564,49.86876224284169,50.244422912597656,50926506
2022-03-22,50.244422912597656,50.244422912597656,49.68093549052937,50.244422912597656,47683407
2022-03-23,50.52616500854492,50.90182566629276,50.33833467967101,50.52616500854492,63371218
2022-03-24,49.962677001953125,50.150507328561865,49.68093330332277,49.774846675344385,49965271
2022-03-25,50.05659103393555,50.338334736280494,49.77484733159059,50.2444213630207,42172838
2022-03-28,50.33833312988281,50.52616345297392,49.58701542008382,49.962676066266035,40335325
2022-03-29,50.4322509765625,50.71399467491001,50.056590323722155,50.62008130298267,39470682
2022-03-30,51.183570861816406,51.183570861816406,50.71399681721259,50.80791019310709,67529942
2022-03-31,50.71399688720703,50.90182722182093,50.52616655259314,50.80791026323116,48328440
2022-04-01,49.68093490600586,49.8687616561083,49.305274240669746,49.8687616561083,83819843
2022-04-06,47.99046325683594,48.55395422856537,47.70871956225395,48.460037275327736,130463959
2022-04-07,46.95740509033203,47.520892518389736,46.95740509033203,47.05131846748642,113474739
2022-04-08,46.95740509033203,47.33306576408097,46.95740509033203,47.05131846748642,91544578
2022-04-11,45.266937255859375,46.95740304911438,45.126063613685815,46.95740304911438,172822222
2022-04-12,44.42170333862305,45.21998135384668,44.13995963195349,44.42170333862305,149437106
2022-04-13,45.548683166503906,45.78347019313537,44.844322086609516,44.93823546423582,91562763
2022-04-14,45.31389617919922,46.06521394855881,45.266939490345315,46.01825725970491,63462591
2022-04-15,44.18691635131836,44.56257701552702,44.13995966393368,44.51562032814233,88548089
2022-04-18,43.388641357421875,43.99908545066589,43.388641357421875,43.76429843421075,70630379
2022-04-19,43.81126022338867,44.2808342725887,43.764299952416124,43.9051736002024,69983560
2022-04-20,44.75040817260742,44.75040817260742,44.23387385415678,44.562577837040436,63624569
2022-04-21,45.12606430053711,45.454768276423344,44.750407219965744,44.98519423878495,57340757
2022-04-22,44.75040817260742,44.75040817260742,44.32779081322311,44.60953452529076,44600819
2022-04-25,42.73123550415039,43.67038353720864,42.543405181025655,43.67038353720864,109358305
2022-04-26,42.96602249145508,43.29472286983895,42.49644847515503,43.20080949960511,51558629
2022-04-27,41.698177337646484,41.698177337646484,40.89989929804113,41.32251666223623,104597756
2022-04-28,45.548683166503906,45.83042688194852,43.05993925118411,43.48255661563389,235761700
2022-04-29,44.89127731323242,46.86349042223759,44.79736393866505,46.58174313340428,187382650
2022-05-03,44.3747444152832,45.548679452724556,44.233870777764075,44.797361745275175,84508425
2022-05-04,45.3608512878418,45.3608512878418,44.46865990043557,44.46865990043557,63133086
2022-05-05,46.11216735839844,46.816528388817346,45.877380348258804,46.675658332272846,103997181
2022-05-06,45.595638275146484,45.595638275146484,44.51562013961048,44.562576826796295,82849111
2022-05-09,44.98519515991211,46.01825663084355,44.98519515991211,45.54868258359005,63852606
2022-05-10,45.92434310913086,45.92434310913086,43.99908665542978,44.139960302186424,85028280
2022-05-11,45.68955612182617,46.20608685606001,45.313895451893025,45.64259585116029,78480733
2022-05-12,44.89127731323242,45.64259505746818,44.79736393866505,45.21998128934941,70288246
2022-05-13,45.87738037109375,46.11216738135025,45.360849665042544,45.548679989760835,73860423
2022-05-16,46.44087219238281,47.23914660879015,46.29999855063303,46.72261589331684,112735101
2022-05-17,47.05131530761719,47.33306258529017,46.675658241662305,46.957401936769834,89761593
2022-05-18,47.80263900756836,48.17829609240652,47.61480867386646,47.896552383136495,95535126
2022-05-19,47.70872116088867,47.70872116088867,46.29999905820949,46.29999905820949,86986838
2022-05-20,47.61480712890625,48.08438115664188,47.42697680129889,47.99046420155545,54871546
2022-05-23,47.2391471862793,48.27221221242046,47.05131685583858,48.084381881979745,51203951
2022-05-24,46.01825714111328,47.4269792984943,46.01825714111328,47.33306592102851,70613038
2022-05-25,46.346954345703125,46.44087129925198,45.68955358368841,46.06521065018747,55450045
2022-05-26,46.393917083740234,47.14523483930344,46.3000001251913,46.86349112878795,38717807
2022-05-27,47.145233154296875,47.145233154296875,46.86348945385111,46.95740282647785,44272926
2022-05-30,47.89655303955078,48.27221371210294,47.42697899014342,47.89655303955078,56426824
2022-05-31,48.272212982177734,48.36612635761286,47.61480860643492,47.80263893987081,90647218
2022-06-01,48.084381103515625,48.46003817574977,47.896550776115795,47.99046414853295,53236364
2022-06-02,47.61480712890625,47.896550829034524,47.520890173819815,47.80263745651361,49193727
2022-06-06,48.83570098876953,48.83570098876953,47.61480918056343,48.08438322853237,90265356
2022-06-07,48.553955078125,48.74178540532132,48.084381051416955,48.46003812324408,60602619
2022-06-08,49.211360931396484,49.49310463949235,48.929613640735,49.023530598477365,70914419
2022-06-09,48.64786911010742,49.023529769594035,48.64786911010742,48.929612813439604,39439506
2022-06-10,48.084381103515625,48.55395513073245,47.708720448715965,47.896550776115795,42745053
2022-06-13,46.95740509033203,47.33306576408097,46.863491713177645,47.05131846748642,80943487
2022-06-14,46.58174133300781,46.67565828651087,46.11216731318892,46.253040952160774,66117883
2022-06-15,46.62870407104492,47.33306513808448,46.62870407104492,46.910447781347614,59657666
2022-06-16,46.11216735839844,47.70871974386106,46.0652106728836,47.42697604820659,65327274
2022-06-17,44.75040817260742,45.26693890849239,44.32779081322311,45.12606526117573,151877009
2022-06-20,45.12606430053711,46.01825568856319,44.89127728171791,45.454768276423344,122064321
2022-06-21,46.29999923706055,46.29999923706055,45.03215077277797,45.54868149590918,130353483
2022-06-22,44.099998474121094,46.349998474121094,44.099998474121094,46.29999923706055,199757207
2022-06-23,42.0,44.150001525878906,41.04999923706055,44.04999923706055,204802598
2022-06-24,41.599998474121094,42.95000076293945,41.599998474121094,42.5,98110599
2022-06-27,42.900001525878906,43.29999923706055,42.400001525878906,42.599998474121094,89426186
2022-06-28,41.849998474121094,42.95000076293945,41.849998474121094,42.95000076293945,56708799
2022-06-29,40.900001525878906,41.54999923706055,40.70000076293945,41.25,68428072
2022-06-30,39.150001525878906,40.599998474121094,39.150001525878906,40.599998474121094,119517641
2022-07-01,38.04999923706055,39.900001525878906,38.04999923706055,39.150001525878906,135667180
2022-07-04,38.150001525878906,38.5,37.5,38.04999923706055,113656903
2022-07-05,38.900001525878906,39.54999923706055,38.0,39.400001525878906,84341341
2022-07-06,37.150001525878906,38.900001525878906,37.150001525878906,38.5,101611371
2022-07-07,39.849998474121094,40.5,37.25,37.849998474121094,169918818
2022-07-08,39.70000076293945,40.70000076293945,39.400001525878906,40.45000076293945,111431250
2022-07-11,38.599998474121094,40.0,38.349998474121094,39.849998474121094,78579255
2022-07-12,36.75,38.0,36.75,37.70000076293945,121975329
2022-07-13,38.04999923706055,39.0,37.849998474121094,38.79999923706055,113163223
2022-07-14,38.79999923706055,39.20000076293945,37.400001525878906,37.900001525878906,106195225
2022-07-15,38.95000076293945,39.400001525878906,38.5,39.0,93282900
2022-07-18,40.0,40.20000076293945,39.5,39.599998474121094,94635836
2022-07-19,39.900001525878906,40.150001525878906,39.54999923706055,39.650001525878906,50097902
2022-07-20,40.75,41.150001525878906,40.45000076293945,41.0,74999094
2022-07-21,42.79999923706055,42.79999923706055,40.79999923706055,41.0,137515298
2022-07-22,42.45000076293945,43.04999923706055,42.04999923706055,42.79999923706055,110057629
2022-07-25,40.5,41.349998474121094,40.20000076293945,41.29999923706055,102999108
2022-07-26,38.599998474121094,40.099998474121094,38.29999923706055,40.099998474121094,161723851
2022-07-27,39.45000076293945,39.5,38.20000076293945,38.349998474121094,109141607
2022-07-28,38.79999923706055,40.5,38.70000076293945,40.45000076293945,148493712
2022-07-29,40.150001525878906,40.20000076293945,39.400001525878906,39.5,109251171
2022-08-01,40.29999923706055,40.29999923706055,39.54999923706055,40.04999923706055,43204752
2022-08-02,39.099998474121094,39.599998474121094,38.79999923706055,39.54999923706055,71694172
2022-08-03,39.29999923706055,39.349998474121094,38.79999923706055,39.099998474121094,44604528
2022-08-04,40.0,40.20000076293945,39.349998474121094,39.79999923706055,73337609
2022-08-05,42.150001525878906,42.349998474121094,40.599998474121094,40.95000076293945,156027274
2022-08-08,41.04999923706055,41.650001525878906,41.0,41.400001525878906,70316154
2022-08-09,41.04999923706055,41.45000076293945,40.150001525878906,40.849998474121094,57553957
2022-08-10,40.29999923706055,40.45000076293945,40.04999923706055,40.29999923706055,59867589
2022-08-11,41.70000076293945,41.849998474121094,41.400001525878906,41.650001525878906,82326023
2022-08-12,42.349998474121094,42.650001525878906,41.79999923706055,41.900001525878906,71258030
2022-08-15,43.5,43.5,42.79999923706055,42.849998474121094,86310145
2022-08-16,43.04999923706055,43.599998474121094,42.849998474121094,43.54999923706055,54160486
2022-08-17,42.849998474121094,43.20000076293945,42.650001525878906,43.150001525878906,46303780
2022-08-18,42.5,42.5,42.04999923706055,42.099998474121094,35280239
2022-08-19,43.0,43.20000076293945,42.5,42.75,34107416
2022-08-22,41.95000076293945,42.25,41.900001525878906,42.20000076293945,33625000
2022-08-23,40.79999923706055,41.25,40.79999923706055,40.95000076293945,60939728
2022-08-24,40.900001525878906,41.349998474121094,40.849998474121094,41.099998474121094,36198142
2022-08-25,41.400001525878906,41.650001525878906,41.150001525878906,41.29999923706055,36753597
2022-08-26,41.29999923706055,42.150001525878906,41.29999923706055,42.0,41925852
2022-08-29,39.95000076293945,40.04999923706055,39.29999923706055,39.650001525878906,77947283
2022-08-30,40.400001525878906,40.849998474121094,39.849998474121094,40.099998474121094,36127846
2022-08-31,41.099998474121094,41.20000076293945,39.900001525878906,40.04999923706055,47051905
2022-09-01,40.45000076293945,40.70000076293945,40.0,40.20000076293945,40264410
2022-09-02,40.5,40.849998474121094,40.29999923706055,40.599998474121094,49625651
2022-09-05,39.79999923706055,40.5,39.25,40.29999923706055,88728180
2022-09-06,39.95000076293945,40.20000076293945,39.75,39.95000076293945,38130526
2022-09-07,39.20000076293945,39.79999923706055,39.150001525878906,39.599998474121094,56935811
2022-09-08,39.29999923706055,39.70000076293945,39.099998474121094,39.70000076293945,44441885
2022-09-12,40.150001525878906,40.95000076293945,40.0,40.0,68900843
2022-09-13,40.75,40.79999923706055,40.5,40.599998474121094,38459201
2022-09-14,40.150001525878906,40.400001525878906,39.400001525878906,39.45000076293945,54221462
2022-09-15,40.400001525878906,40.75,40.099998474121094,40.400001525878906,43284742
2022-09-16,39.95000076293945,40.349998474121094,39.95000076293945,40.29999923706055,58273261
2022-09-19,39.95000076293945,40.099998474121094,39.70000076293945,39.95000076293945,31821296
2022-09-20,40.150001525878906,40.45000076293945,39.900001525878906,40.20000076293945,37794410
2022-09-21,39.599998474121094,39.95000076293945,39.29999923706055,39.849998474121094,50581171
2022-09-22,38.75,39.04999923706055,38.599998474121094,39.0,55656445
2022-09-23,38.29999923706055,38.900001525878906,38.150001525878906,38.5,45731995
2022-09-26,36.849998474121094,37.849998474121094,36.75,37.79999923706055,67912112
2022-09-27,37.29999923706055,37.5,36.849998474121094,37.29999923706055,46286821
2022-09-28,36.20000076293945,37.95000076293945,36.150001525878906,37.5,72870615
2022-09-29,36.54999923706055,37.25,36.150001525878906,37.20000076293945,46575551
2022-09-30,35.75,35.79999923706055,35.04999923706055,35.599998474121094,81730648
2022-10-03,35.349998474121094,35.95000076293945,35.0,35.349998474121094,57761522
2022-10-04,37.70000076293945,37.70000076293945,36.29999923706055,36.29999923706055,76720137
2022-10-05,38.29999923706055,39.0,38.25,38.79999923706055,94638164
2022-10-06,38.95000076293945,39.0,38.20000076293945,38.54999923706055,57663694
2022-10-07,38.04999923706055,38.599998474121094,38.0,38.599998474121094,46871723
2022-10-11,35.400001525878906,36.400001525878906,35.29999923706055,36.29999923706055,97394246
2022-10-12,36.70000076293945,36.75,35.150001525878906,35.20000076293945,84105734
2022-10-13,36.400001525878906,37.20000076293945,36.20000076293945,36.650001525878906,70601673
2022-10-14,38.70000076293945,38.75,37.79999923706055,38.099998474121094,116583617
2022-10-17,37.75,38.099998474121094,37.04999923706055,37.79999923706055,75058345
2022-10-18,38.25,38.79999923706055,38.0,38.650001525878906,63553154
2022-10-19,38.20000076293945,38.900001525878906,38.0,38.29999923706055,70711372
2022-10-20,39.5,39.5,37.54999923706055,37.70000076293945,115651235
2022-10-21,39.04999923706055,39.95000076293945,38.900001525878906,39.5,92001219
2022-10-24,39.400001525878906,40.79999923706055,39.400001525878906,40.54999923706055,102938085
2022-10-25,39.45000076293945,40.099998474121094,39.349998474121094,39.849998474121094,91594231
2022-10-26,38.099998474121094,39.599998474121094,38.0,39.599998474121094,103443365
2022-10-27,39.25,39.400001525878906,37.900001525878906,37.95000076293945,90613946
2022-10-28,38.29999923706055,38.79999923706055,38.20000076293945,38.70000076293945,53649029
2022-10-31,39.099998474121094,39.29999923706055,38.79999923706055,39.0,51260076
2022-11-01,39.04999923706055,39.29999923706055,38.75,38.849998474121094,34377166
2022-11-02,39.349998474121094,39.599998474121094,39.0,39.25,39919536
2022-11-03,39.0,39.150001525878906,38.599998474121094,38.849998474121094,36155621
2022-11-04,38.900001525878906,39.099998474121094,38.599998474121094,38.70000076293945,30410548
2022-11-07,40.04999923706055,40.20000076293945,39.5,39.5,75828073
2022-11-08,40.150001525878906,40.599998474121094,39.79999923706055,40.29999923706055,63627343
2022-11-09,41.45000076293945,41.45000076293945,40.75,40.79999923706055,100630117
2022-11-10,41.650001525878906,41.650001525878906,40.900001525878906,41.099998474121094,63600346
2022-11-11,44.0,45.5,43.900001525878906,45.20000076293945,191455331
2022-11-14,44.900001525878906,45.0,44.29999923706055,44.79999923706055,126709347
2022-11-15,46.599998474121094,47.099998474121094,44.79999923706055,45.0,194213856
2022-11-16,45.25,46.900001525878906,45.04999923706055,46.900001525878906,129929141
2022-11-17,45.599998474121094,45.70000076293945,44.25,44.79999923706055,94490785
2022-11-18,45.599998474121094,46.599998474121094,45.400001525878906,46.20000076293945,74623478
2022-11-21,45.650001525878906,46.0,45.45000076293945,45.849998474121094,41236956
2022-11-22,46.099998474121094,46.150001525878906,45.25,45.54999923706055,65457989
2022-11-23,46.099998474121094,46.5,46.099998474121094,46.349998474121094,45884654
2022-11-24,46.20000076293945,46.5,45.599998474121094,46.400001525878906,38914337
2022-11-25,45.79999923706055,46.150001525878906,45.70000076293945,46.04999923706055,33819940
2022-11-28,44.400001525878906,44.95000076293945,44.20000076293945,44.599998474121094,78357139
2022-11-29,44.650001525878906,44.75,43.650001525878906,44.04999923706055,58090600
2022-11-30,45.79999923706055,45.79999923706055,44.150001525878906,44.349998474121094,61750227
2022-12-01,45.599998474121094,46.650001525878906,45.599998474121094,46.5,73822944
2022-12-02,45.5,45.650001525878906,44.79999923706055,44.79999923706055,54160843
2022-12-05,45.400001525878906,45.900001525878906,45.400001525878906,45.650001525878906,37425551
2022-12-06,44.5,45.400001525878906,44.5,45.20000076293945,40478376
2022-12-07,43.650001525878906,44.75,43.650001525878906,44.0,74981916
2022-12-08,42.5,43.70000076293945,42.5,43.650001525878906,76670517
2022-12-09,43.5,43.95000076293945,43.04999923706055,43.400001525878906,55417849
2022-12-12,43.5,43.650001525878906,43.0,43.349998474121094,25747200
2022-12-13,43.79999923706055,44.20000076293945,43.599998474121094,44.0,54778212
2022-12-14,44.45000076293945,44.5,43.95000076293945,44.29999923706055,49166432
2022-12-15,44.25,44.45000076293945,43.849998474121094,44.0,38456812
2022-12-16,44.29999923706055,44.29999923706055,42.95000076293945,43.150001525878906,95239295
2022-12-19,42.95000076293945,43.5,42.849998474121094,43.25,83378719
2022-12-20,41.849998474121094,42.849998474121094,41.849998474121094,42.5,80512928
2022-12-21,42.0,42.45000076293945,41.75,41.95000076293945,56823850
2022-12-22,42.849998474121094,43.099998474121094,42.5,42.650001525878906,52209660
2022-12-23,41.95000076293945,42.150001525878906,41.70000076293945,41.95000076293945,33933570
2022-12-26,41.900001525878906,42.0,41.599998474121094,42.0,23114661
2022-12-27,41.849998474121094,42.5,41.849998474121094,42.04999923706055,23355763
2022-12-28,40.79999923706055,41.5,40.650001525878906,41.5,51433985
2022-12-29,40.75,41.04999923706055,40.20000076293945,40.25,33299648
2022-12-30,40.70000076293945,41.45000076293945,40.70000076293945,41.29999923706055,31353411
2023-01-03,41.400001525878906,41.5,40.25,40.45000076293945,34737355
2023-01-04,41.04999923706055,41.599998474121094,41.04999923706055,41.25,23573244
2023-01-05,41.25,41.79999923706055,41.099998474121094,41.79999923706055,29326997
2023-01-06,42.400001525878906,42.400001525878906,41.25,41.29999923706055,54893830
2023-01-09,44.5,44.5,43.349998474121094,43.599998474121094,119293217
2023-01-10,45.0,45.0,44.20000076293945,44.5,91619765
2023-01-11,45.150001525878906,45.5,44.849998474121094,45.29999923706055,67893495
2023-01-12,45.150001525878906,45.5,44.70000076293945,45.349998474121094,58099046
2023-01-13,45.400001525878906,45.900001525878906,45.150001525878906,45.70000076293945,68861927
2023-01-16,44.900001525878906,45.54999923706055,44.599998474121094,45.25,67899354
2023-01-17,45.95000076293945,46.0,44.849998474121094,44.95000076293945,123681267
2023-01-30,48.79999923706055,48.79999923706055,47.5,47.95000076293945,259934552
2023-01-31,48.79999923706055,49.099998474121094,47.900001525878906,48.29999923706055,137164342
2023-02-01,49.25,49.5,48.95000076293945,49.5,114483826
2023-02-02,50.400001525878906,50.5,50.0,50.0,113657528
2023-02-03,50.099998474121094,50.400001525878906,50.0,50.20000076293945,62951018
2023-02-06,49.04999923706055,49.79999923706055,49.04999923706055,49.70000076293945,63272202
2023-02-07,49.150001525878906,49.45000076293945,48.349998474121094,48.54999923706055,54845672
2023-02-08,50.5,50.70000076293945,49.75,49.79999923706055,91987834
2023-02-09,50.5,50.900001525878906,49.79999923706055,49.849998474121094,54489972
2023-02-10,50.79999923706055,51.20000076293945,50.20000076293945,50.5,62316230
2023-02-13,49.75,50.20000076293945,49.150001525878906,50.20000076293945,58610023
2023-02-14,50.400001525878906,50.70000076293945,50.0,50.20000076293945,38055955
2023-02-15,49.900001525878906,50.599998474121094,49.75,49.900001525878906,54088246
2023-02-16,50.099998474121094,50.5,49.70000076293945,50.400001525878906,56240350
2023-02-17,50.0,50.20000076293945,49.349998474121094,49.650001525878906,37735264
2023-02-20,50.5,50.79999923706055,49.79999923706055,50.0,46850801
2023-02-21,50.599998474121094,50.70000076293945,50.20000076293945,50.400001525878906,28793861
2023-02-22,49.54999923706055,49.79999923706055,49.400001525878906,49.5,51599954
2023-02-23,50.20000076293945,50.5,49.75,49.900001525878906,69814349
2023-02-24,49.95000076293945,50.79999923706055,49.95000076293945,50.70000076293945,63799414
2023-03-01,51.29999923706055,51.70000076293945,48.95000076293945,49.0,93569096
2023-03-02,50.70000076293945,51.20000076293945,50.5,51.099998474121094,40170733
2023-03-03,51.29999923706055,51.70000076293945,51.20000076293945,51.29999923706055,37277893
2023-03-06,51.900001525878906,52.099998474121094,51.400001525878906,52.0,53372856
2023-03-07,51.599998474121094,51.900001525878906,51.0,51.5,43382441
2023-03-08,52.099998474121094,52.099998474121094,51.099998474121094,51.400001525878906,49154325
2023-03-09,52.5,53.20000076293945,52.400001525878906,52.5,101691322
2023-03-10,52.0,52.29999923706055,51.599998474121094,52.0,45381129
2023-03-13,52.5,52.5,51.5,51.79999923706055,50745174
2023-03-14,50.70000076293945,51.79999923706055,50.70000076293945,51.5,65128554
2023-03-15,51.70000076293945,52.29999923706055,51.29999923706055,51.5,54147135
2023-03-16,52.0,52.0,51.20000076293945,51.70000076293945,38251084
2023-03-17,53.20000076293945,53.20000076293945,52.400001525878906,53.0,93086342
2023-03-20,53.20000076293945,53.70000076293945,52.70000076293945,53.400001525878906,63520680
2023-03-21,52.79999923706055,53.599998474121094,52.599998474121094,53.5,45323603
2023-03-22,53.5,53.5,53.0,53.20000076293945,52511993
2023-03-23,53.29999923706055,53.29999923706055,52.599998474121094,53.0,54121683
2023-03-24,53.099998474121094,53.400001525878906,52.70000076293945,53.400001525878906,43187989
2023-03-27,53.0,53.099998474121094,52.20000076293945,52.79999923706055,33610473
2023-03-28,52.20000076293945,53.0,52.099998474121094,52.70000076293945,49512832
2023-03-29,51.5,52.400001525878906,51.099998474121094,52.099998474121094,62141441
2023-03-30,52.099998474121094,52.400001525878906,51.70000076293945,52.0,39528238
2023-03-31,52.900001525878906,53.0,52.5,52.5,38616672
2023-04-06,52.79999923706055,52.900001525878906,52.099998474121094,52.599998474121094,27062741
2023-04-07,52.400001525878906,53.0,52.400001525878906,52.79999923706055,17914131
2023-04-10,52.099998474121094,52.599998474121094,52.099998474121094,52.5,17618359
2023-04-11,51.599998474121094,51.900001525878906,51.20000076293945,51.70000076293945,42370862
2023-04-12,52.099998474121094,52.29999923706055,51.599998474121094,51.70000076293945,36090701
2023-04-13,51.599998474121094,52.20000076293945,51.5,51.79999923706055,38971908
2023-04-14,51.29999923706055,52.0,51.29999923706055,51.79999923706055,44076038
2023-04-17,52.0,52.099998474121094,51.400001525878906,51.599998474121094,30938868
2023-04-18,52.099998474121094,52.79999923706055,51.900001525878906,52.099998474121094,40526179
2023-04-19,51.20000076293945,52.400001525878906,51.20000076293945,52.400001525878906,43488184
2023-04-20,50.70000076293945,51.5,50.599998474121094,51.29999923706055,38302825
2023-04-21,50.099998474121094,51.599998474121094,50.099998474121094,51.0,40257727
2023-04-24,49.599998474121094,50.0,49.349998474121094,50.0,46150409
2023-04-25,48.5,49.79999923706055,48.45000076293945,49.599998474121094,59541021
2023-04-26,48.400001525878906,48.650001525878906,47.79999923706055,48.04999923706055,67991794
2023-04-27,48.849998474121094,49.20000076293945,48.5,48.5,62993007
2023-04-28,49.099998474121094,50.0,49.099998474121094,49.45000076293945,58892831
2023-05-02,49.849998474121094,50.20000076293945,49.25,49.5,31537756
2023-05-03,49.95000076293945,50.20000076293945,49.400001525878906,49.900001525878906,28657181
2023-05-04,49.650001525878906,49.79999923706055,49.400001525878906,49.79999923706055,26487301
2023-05-05,49.599998474121094,49.95000076293945,49.5,49.70000076293945,21031387
2023-05-08,50.0,50.599998474121094,49.95000076293945,50.099998474121094,27807248
2023-05-09,49.95000076293945,50.20000076293945,49.75,50.099998474121094,21745836
2023-05-10,49.45000076293945,49.79999923706055,49.20000076293945,49.79999923706055,27619316
2023-05-11,49.20000076293945,49.75,49.099998474121094,49.75,25318853
2023-05-12,48.70000076293945,48.900001525878906,48.5,48.79999923706055,36653057
2023-05-15,48.099998474121094,48.79999923706055,47.900001525878906,48.70000076293945,45110414
2023-05-16,48.79999923706055,49.0,48.45000076293945,48.45000076293945,36777132
2023-05-17,49.25,49.29999923706055,48.650001525878906,48.900001525878906,45756475
2023-05-18,50.20000076293945,50.29999923706055,49.70000076293945,49.95000076293945,40947582
2023-05-19,50.0,50.5,49.75,50.5,54028480
2023-05-22,48.900001525878906,49.599998474121094,48.70000076293945,49.5,75372804
2023-05-23,48.900001525878906,49.20000076293945,48.79999923706055,48.849998474121094,39877300
2023-05-24,49.150001525878906,49.150001525878906,48.70000076293945,48.79999923706055,27082718
2023-05-25,48.900001525878906,49.400001525878906,48.70000076293945,49.29999923706055,43294146
2023-05-26,50.400001525878906,50.79999923706055,49.0,49.04999923706055,126838659
2023-05-29,51.20000076293945,52.79999923706055,51.099998474121094,52.29999923706055,81036102
2023-05-30,51.599998474121094,51.79999923706055,50.599998474121094,51.20000076293945,55459727
2023-05-31,51.79999923706055,51.79999923706055,51.099998474121094,51.400001525878906,102913532
2023-06-01,50.79999923706055,51.29999923706055,50.29999923706055,51.29999923706055,56041081
2023-06-02,51.400001525878906,51.400001525878906,50.599998474121094,51.0,46344413
2023-06-05,50.900001525878906,51.5,50.79999923706055,51.400001525878906,28104311
2023-06-06,50.5,50.900001525878906,50.400001525878906,50.79999923706055,34947009
2023-06-07,51.29999923706055,51.5,50.70000076293945,50.900001525878906,41388320
2023-06-08,51.5,51.70000076293945,51.099998474121094,51.20000076293945,38370270
2023-06-09,52.29999923706055,52.400001525878906,51.70000076293945,51.900001525878906,52654500
2023-06-12,52.599998474121094,52.599998474121094,52.0,52.400001525878906,43177215
2023-06-13,53.20000076293945,53.29999923706055,52.900001525878906,53.099998474121094,62367279
2023-06-14,53.5,53.599998474121094,53.29999923706055,53.5,50927695
2023-06-15,54.5,54.599998474121094,53.79999923706055,53.79999923706055,76451940
2023-06-16,54.5,54.5,53.20000076293945,54.29999923706055,83561199
2023-06-19,53.79999923706055,54.29999923706055,53.599998474121094,53.70000076293945,43027089
2023-06-20,53.70000076293945,54.0,53.5,53.599998474121094,66672660
2023-06-21,53.900001525878906,53.900001525878906,52.79999923706055,52.79999923706055,82193112
2023-06-26,53.29999923706055,53.79999923706055,53.20000076293945,53.29999923706055,89410193
2023-06-27,49.04999923706055,50.0,49.04999923706055,50.0,124170409
2023-06-28,49.099998474121094,49.5,49.099998474121094,49.5,33377861
2023-06-29,48.5,49.349998474121094,48.5,49.349998474121094,49730094
2023-06-30,48.5,48.75,48.04999923706055,48.349998474121094,43790426
2023-07-03,48.25,49.20000076293945,48.25,49.0,52501250
2023-07-04,48.79999923706055,48.79999923706055,48.45000076293945,48.5,29983726
2023-07-05,48.349998474121094,49.0,48.349998474121094,48.95000076293945,28232553
2023-07-06,48.150001525878906,48.79999923706055,48.0,48.0,40600085
2023-07-07,48.349998474121094,48.95000076293945,48.0,48.04999923706055,39653420
2023-07-10,48.099998474121094,48.75,48.0,48.599998474121094,34272882
2023-07-11,48.5,48.70000076293945,48.20000076293945,48.54999923706055,31498332
2023-07-12,47.75,48.45000076293945,47.599998474121094,48.25,62341021
2023-07-13,47.5,48.25,47.5,47.849998474121094,52464102
2023-07-14,48.25,48.79999923706055,47.79999923706055,47.849998474121094,55574528
2023-07-17,48.45000076293945,48.70000076293945,47.650001525878906,48.25,47745522
2023-07-18,48.20000076293945,48.79999923706055,48.150001525878906,48.75,26231387
2023-07-19,47.5,48.5,47.45000076293945,48.29999923706055,49206010
2023-07-20,46.099998474121094,47.099998474121094,46.0,47.04999923706055,86599321
2023-07-21,45.20000076293945,45.45000076293945,44.70000076293945,45.0,96826103
2023-07-24,45.04999923706055,45.900001525878906,44.849998474121094,45.04999923706055,51546603
2023-07-25,45.650001525878906,45.900001525878906,45.20000076293945,45.45000076293945,36297797
2023-07-26,45.099998474121094,45.95000076293945,45.099998474121094,45.75,38761656
2023-07-27,46.150001525878906,46.70000076293945,45.04999923706055,45.099998474121094,61221132
2023-07-28,47.04999923706055,47.29999923706055,46.29999923706055,46.650001525878906,49489870
2023-07-31,47.0,47.5,46.650001525878906,47.349998474121094,53098015
2023-08-01,47.0,47.150001525878906,46.70000076293945,47.0,24111536
2023-08-02,46.650001525878906,47.45000076293945,46.5,46.70000076293945,34780532
2023-08-04,46.5,46.70000076293945,46.099998474121094,46.5,33157960
2023-08-07,46.400001525878906,46.75,46.29999923706055,46.29999923706055,28307075
2023-08-08,45.54999923706055,46.400001525878906,45.54999923706055,46.400001525878906,54378052
2023-08-09,45.599998474121094,45.75,45.29999923706055,45.54999923706055,26030497
2023-08-10,45.150001525878906,45.900001525878906,45.04999923706055,45.45000076293945,38550690
2023-08-11,45.349998474121094,45.79999923706055,45.29999923706055,45.349998474121094,15803575
2023-08-14,45.0,45.20000076293945,44.900001525878906,45.0,33004389
2023-08-15,45.45000076293945,45.5,45.04999923706055,45.150001525878906,18484617
2023-08-16,43.75,44.75,43.599998474121094,44.70000076293945,77053857
2023-08-17,43.599998474121094,43.70000076293945,42.400001525878906,43.099998474121094,55366447
2023-08-18,43.79999923706055,44.45000076293945,43.20000076293945,43.29999923706055,36290056
2023-08-21,43.650001525878906,44.20000076293945,43.5,43.900001525878906,22831740
2023-08-22,43.599998474121094,44.150001525878906,43.5,43.95000076293945,19710187
2023-08-23,43.400001525878906,43.599998474121094,42.95000076293945,43.54999923706055,37634066
2023-08-24,44.349998474121094,44.400001525878906,43.650001525878906,43.900001525878906,37530135
2023-08-25,43.5,44.20000076293945,43.5,43.95000076293945,37143328
2023-08-28,44.79999923706055,46.70000076293945,43.79999923706055,43.849998474121094,83882599
2023-08-29,45.29999923706055,45.79999923706055,45.04999923706055,45.5,37744602
2023-08-30,46.400001525878906,46.400001525878906,45.75,45.849998474121094,46530186
2023-08-31,45.5,46.599998474121094,45.5,46.599998474121094,64338362
2023-09-01,45.95000076293945,46.150001525878906,45.70000076293945,46.0,30045096
2023-09-04,46.0,46.150001525878906,45.75,46.099998474121094,22559935
2023-09-05,46.54999923706055,46.54999923706055,45.79999923706055,46.150001525878906,31890313
2023-09-06,46.70000076293945,47.0,46.349998474121094,46.900001525878906,38689842
2023-09-07,45.75,46.25,45.70000076293945,46.150001525878906,36498925
2023-09-08,45.70000076293945,45.95000076293945,45.20000076293945,45.29999923706055,27359189
2023-09-11,46.04999923706055,46.099998474121094,45.54999923706055,45.75,25717189
2023-09-12,46.79999923706055,46.79999923706055,45.849998474121094,46.099998474121094,36282046
2023-09-13,47.099998474121094,47.400001525878906,46.95000076293945,47.0,43371603
2023-09-14,47.349998474121094,47.54999923706055,47.20000076293945,47.400001525878906,27067874
2023-09-15,47.599998474121094,47.599998474121094,46.849998474121094,47.45000076293945,41287933
2023-09-18,46.5,47.20000076293945,46.29999923706055,46.900001525878906,42531234
2023-09-19,46.20000076293945,46.599998474121094,46.20000076293945,46.5,22089298
2023-09-20,45.900001525878906,46.20000076293945,45.75,46.04999923706055,26391390
2023-09-21,45.650001525878906,45.900001525878906,45.400001525878906,45.650001525878906,31005292
2023-09-22,45.349998474121094,45.400001525878906,45.099998474121094,45.099998474121094,30256022
2023-09-25,45.650001525878906,46.29999923706055,45.25,45.5,34914011
2023-09-26,44.75,45.599998474121094,44.75,45.54999923706055,49961526
2023-09-27,44.400001525878906,44.650001525878906,44.150001525878906,44.45000076293945,38076984
2023-09-28,45.20000076293945,45.29999923706055,44.70000076293945,44.75,28071106
2023-10-02,45.75,45.95000076293945,45.5,45.95000076293945,25354804
2023-10-03,45.25,45.900001525878906,45.25,45.70000076293945,22645603
2023-10-04,44.099998474121094,44.70000076293945,44.0,44.5,55574211
2023-10-05,45.150001525878906,45.349998474121094,44.29999923706055,44.45000076293945,45328957
2023-10-06,45.20000076293945,45.5,45.04999923706055,45.5,17740500
2023-10-11,46.900001525878906,46.900001525878906,45.849998474121094,46.04999923706055,79919349
2023-10-12,47.0,47.04999923706055,46.25,47.0,41438827
2023-10-13,47.0,47.20000076293945,46.400001525878906,46.79999923706055,42106719
2023-10-16,47.150001525878906,47.5,46.099998474121094,46.349998474121094,61976252
2023-10-17,48.20000076293945,48.400001525878906,47.45000076293945,47.5,106064588
2023-10-18,48.45000076293945,49.150001525878906,47.849998474121094,48.29999923706055,128648280
2023-10-19,49.29999923706055,49.29999923706055,48.20000076293945,48.849998474121094,101821663
2023-10-20,48.70000076293945,49.95000076293945,48.54999923706055,49.5,96533782
2023-10-23,48.599998474121094,49.20000076293945,48.5,48.650001525878906,46402001
2023-10-24,48.29999923706055,49.20000076293945,47.400001525878906,48.79999923706055,71294293
2023-10-25,49.04999923706055,49.20000076293945,48.0,48.45000076293945,54317686
2023-10-26,46.79999923706055,47.349998474121094,46.70000076293945,46.95000076293945,98752211
2023-10-27,46.599998474121094,46.95000076293945,46.349998474121094,46.95000076293945,42618202
2023-10-30,46.400001525878906,46.79999923706055,46.150001525878906,46.70000076293945,34448531
2023-10-31,46.20000076293945,46.5,46.099998474121094,46.400001525878906,44334958
2023-11-01,47.0,47.20000076293945,46.349998474121094,46.5,32799748
2023-11-02,48.25,48.29999923706055,47.599998474121094,47.900001525878906,52121795
2023-11-03,49.400001525878906,49.400001525878906,48.5,48.79999923706055,81214463
2023-11-06,49.400001525878906,50.099998474121094,49.20000076293945,50.0,60462667
2023-11-07,49.400001525878906,49.400001525878906,48.79999923706055,49.099998474121094,32520528
2023-11-08,48.5,49.650001525878906,48.349998474121094,49.20000076293945,57104782
2023-11-09,48.599998474121094,48.70000076293945,48.099998474121094,48.099998474121094,34493053
2023-11-10,48.54999923706055,48.599998474121094,48.150001525878906,48.29999923706055,22010914
2023-11-13,48.95000076293945,49.70000076293945,48.70000076293945,49.25,51951251
2023-11-14,48.54999923706055,48.900001525878906,48.20000076293945,48.75,41645659
2023-11-15,49.099998474121094,49.5,48.70000076293945,49.25,72702902
2023-11-16,48.79999923706055,49.04999923706055,48.5,49.04999923706055,30674199
2023-11-17,49.75,49.95000076293945,48.95000076293945,49.0,101492378
2023-11-20,50.29999923706055,51.20000076293945,49.900001525878906,50.20000076293945,94733226
2023-11-21,50.29999923706055,50.79999923706055,49.849998474121094,50.70000076293945,66428114
2023-11-22,50.0,50.29999923706055,49.25,49.849998474121094,62504761
2023-11-23,50.5,50.70000076293945,50.099998474121094,50.5,60047248
2023-11-24,50.29999923706055,51.20000076293945,50.29999923706055,50.5,86401652
2023-11-27,49.5,50.599998474121094,49.5,50.0,71685813
2023-11-28,49.04999923706055,49.599998474121094,48.849998474121094,49.5,80672376
2023-11-29,49.20000076293945,49.900001525878906,49.150001525878906,49.150001525878906,61999972
2023-11-30,48.900001525878906,49.79999923706055,48.900001525878906,49.29999923706055,87291668
2023-12-01,49.70000076293945,49.70000076293945,49.0,49.0,52316739
2023-12-04,50.20000076293945,50.20000076293945,49.79999923706055,49.849998474121094,43958233
2023-12-05,49.20000076293945,49.79999923706055,49.20000076293945,49.79999923706055,56578688
2023-12-06,48.900001525878906,49.400001525878906,48.900001525878906,49.29999923706055,36927692
2023-12-07,48.45000076293945,49.099998474121094,48.349998474121094,49.0,36067025
2023-12-08,48.54999923706055,49.04999923706055,48.54999923706055,48.79999923706055,33680342
2023-12-11,49.04999923706055,49.29999923706055,48.650001525878906,49.0,28661262
2023-12-12,49.900001525878906,49.900001525878906,49.20000076293945,49.45000076293945,48600982
2023-12-13,50.20000076293945,50.20000076293945,49.5,50.0,47899791
2023-12-14,50.400001525878906,50.5,50.0,50.400001525878906,51468459
2023-12-15,50.70000076293945,51.0,50.400001525878906,50.70000076293945,83947122
2023-12-18,50.599998474121094,50.599998474121094,49.900001525878906,50.20000076293945,54942293
2023-12-19,50.0,50.400001525878906,49.54999923706055,50.29999923706055,54201661
2023-12-20,49.849998474121094,50.20000076293945,49.54999923706055,50.0,55229209
2023-12-21,49.400001525878906,49.400001525878906,49.0,49.25,55517081
2023-12-22,50.0,50.0,49.29999923706055,49.45000076293945,33742229
2023-12-25,50.20000076293945,50.400001525878906,49.75,50.29999923706055,34041265
2023-12-26,50.79999923706055,51.0,50.20000076293945,50.5,55148904
2023-12-27,53.5,53.5,51.20000076293945,51.29999923706055,220103922
2023-12-28,52.5,54.79999923706055,52.5,54.29999923706055,154010012
2023-12-29,52.599998474121094,52.900001525878906,51.79999923706055,52.70000076293945,49054932
2024-01-02,51.900001525878906,52.79999923706055,51.29999923706055,52.5,64217881
2024-01-03,50.599998474121094,51.29999923706055,50.5,51.20000076293945,75978300
2024-01-04,50.79999923706055,50.900001525878906,50.20000076293945,50.5,56554331
2024-01-05,50.79999923706055,52.20000076293945,50.599998474121094,51.599998474121094,77391673
2024-01-08,50.5,51.0,50.099998474121094,51.0,63869803
2024-01-09,50.099998474121094,50.900001525878906,50.099998474121094,50.599998474121094,50477153
2024-01-10,50.099998474121094,50.5,50.099998474121094,50.400001525878906,40588805
2024-01-11,50.099998474121094,50.29999923706055,50.0,50.20000076293945,26875440
2024-01-12,50.099998474121094,50.099998474121094,49.599998474121094,50.099998474121094,30183922
2024-01-15,50.79999923706055,50.79999923706055,50.099998474121094,50.400001525878906,30013792
2024-01-16,50.79999923706055,50.79999923706055,50.0,50.5,49658808
2024-01-17,48.599998474121094,50.0,48.5,50.0,141437685
2024-01-18,48.099998474121094,48.900001525878906,47.54999923706055,48.599998474121094,91151420
2024-01-19,49.20000076293945,49.900001525878906,48.29999923706055,49.900001525878906,70235426
2024-01-22,50.29999923706055,50.29999923706055,49.70000076293945,50.0,73159697
2024-01-23,50.20000076293945,50.900001525878906,49.95000076293945,50.79999923706055,50692732
2024-01-24,50.599998474121094,50.79999923706055,50.29999923706055,50.70000076293945,60980878
2024-01-25,52.29999923706055,52.29999923706055,51.099998474121094,51.099998474121094,174170705
2024-01-26,49.79999923706055,51.099998474121094,49.79999923706055,50.79999923706055,181978031
2024-01-29,49.45000076293945,49.900001525878906,49.400001525878906,49.650001525878906,59567525
2024-01-30,49.599998474121094,49.900001525878906,49.599998474121094,49.650001525878906,38754522
2024-01-31,49.0,49.5,49.0,49.5,54713914
2024-02-01,49.04999923706055,49.150001525878906,48.29999923706055,48.54999923706055,64281001
2024-02-02,48.54999923706055,48.900001525878906,48.5,48.849998474121094,61988932
2024-02-05,48.099998474121094,48.25,47.849998474121094,48.0,59043982
2024-02-15,49.20000076293945,49.20000076293945,48.54999923706055,49.0,64345314
2024-02-16,48.849998474121094,49.25,48.849998474121094,49.25,37546293
2024-02-19,49.150001525878906,49.150001525878906,48.79999923706055,48.900001525878906,27779765
2024-02-20,49.25,49.650001525878906,48.95000076293945,49.0,33519790
2024-02-21,48.5,49.099998474121094,48.5,48.900001525878906,64118827
2024-02-22,48.599998474121094,48.849998474121094,48.400001525878906,48.599998474121094,44502835
2024-02-23,48.150001525878906,48.900001525878906,48.150001525878906,48.5,54152256
2024-02-26,48.0,48.25,47.849998474121094,48.0,42630523
2024-02-27,48.150001525878906,48.70000076293945,48.04999923706055,48.099998474121094,36863720
2024-02-29,48.849998474121094,48.900001525878906,48.150001525878906,48.400001525878906,66602301
2024-03-01,48.29999923706055,49.0,48.29999923706055,49.0,48011892
2024-03-04,48.849998474121094,48.95000076293945,48.45000076293945,48.5,52620867
2024-03-05,48.75,48.95000076293945,48.5,48.849998474121094,43833522
2024-03-06,49.20000076293945,49.20000076293945,48.45000076293945,48.54999923706055,50119208
2024-03-07,50.20000076293945,50.20000076293945,49.54999923706055,49.599998474121094,114381033
2024-03-08,51.900001525878906,53.0,51.0,51.900001525878906,284309520
2024-03-11,51.599998474121094,52.400001525878906,50.79999923706055,52.0,100314710
2024-03-12,52.5,52.5,51.29999923706055,51.599998474121094,85918981
2024-03-13,53.0,53.20000076293945,52.29999923706055,52.79999923706055,125263530
2024-03-14,52.599998474121094,53.0,52.0,53.0,75331524
2024-03-15,51.900001525878906,52.400001525878906,51.599998474121094,52.29999923706055,85406325
2024-03-18,51.79999923706055,52.0,51.0,51.5,69309594
2024-03-19,53.0,53.5,51.29999923706055,51.400001525878906,138908497
2024-03-20,52.900001525878906,54.29999923706055,52.79999923706055,53.599998474121094,128826380
2024-03-21,53.29999923706055,53.79999923706055,53.0,53.5,69351708
2024-03-22,52.400001525878906,53.29999923706055,52.0,53.29999923706055,91129106
2024-03-25,51.79999923706055,52.20000076293945,51.5,52.20000076293945,67294638
2024-03-26,51.70000076293945,52.099998474121094,50.79999923706055,51.79999923706055,79676002
2024-03-27,51.5,51.70000076293945,51.099998474121094,51.599998474121094,51078804
2024-03-28,52.0,52.099998474121094,51.20000076293945,51.5,80341420
2024-03-29,51.599998474121094,52.0,51.099998474121094,52.0,60111000
2024-04-01,51.70000076293945,52.5,51.599998474121094,52.400001525878906,52090342
2024-04-02,52.099998474121094,52.70000076293945,51.900001525878906,52.0,52845773
2024-04-03,51.599998474121094,52.20000076293945,51.599998474121094,52.20000076293945,41363165
2024-04-08,52.099998474121094,52.20000076293945,51.599998474121094,51.599998474121094,35041836
2024-04-09,52.400001525878906,52.599998474121094,52.099998474121094,52.400001525878906,60645946
2024-04-10,53.20000076293945,53.599998474121094,52.400001525878906,52.70000076293945,102945209
2024-04-11,52.5,52.900001525878906,52.099998474121094,52.70000076293945,56020149
2024-04-12,52.70000076293945,52.900001525878906,52.5,52.599998474121094,39562643
2024-04-15,51.599998474121094,52.099998474121094,51.400001525878906,52.0,57663496
2024-04-16,50.099998474121094,51.0,50.099998474121094,51.0,85553804
2024-04-17,50.29999923706055,50.599998474121094,50.20000076293945,50.20000076293945,50186684
2024-04-18,50.20000076293945,50.29999923706055,49.900001525878906,50.099998474121094,37669436
2024-04-19,49.099998474121094,49.45000076293945,48.70000076293945,49.45000076293945,125240375
2024-04-22,48.900001525878906,49.099998474121094,48.29999923706055,48.650001525878906,83258570
2024-04-23,48.70000076293945,49.45000076293945,48.70000076293945,49.099998474121094,48839318
2024-04-24,50.20000076293945,50.20000076293945,49.099998474121094,49.25,46851297
2024-04-25,49.5,49.75,48.849998474121094,49.25,65600848
2024-04-26,49.79999923706055,50.5,49.70000076293945,49.70000076293945,44383158
2024-04-29,50.400001525878906,50.5,49.900001525878906,50.29999923706055,41636808
2024-04-30,50.70000076293945,51.099998474121094,50.20000076293945,50.400001525878906,49586424
2024-05-02,50.29999923706055,50.900001525878906,50.0,50.20000076293945,60117129
2024-05-03,51.400001525878906,51.5,50.900001525878906,51.099998474121094,58495124
2024-05-06,51.70000076293945,52.29999923706055,51.5,52.099998474121094,42853986
2024-05-07,51.599998474121094,52.099998474121094,51.400001525878906,52.0,40079427
2024-05-08,51.900001525878906,51.900001525878906,51.400001525878906,51.900001525878906,36416598
2024-05-09,51.900001525878906,52.0,51.29999923706055,51.900001525878906,29014704
2024-05-10,52.20000076293945,52.29999923706055,51.400001525878906,51.5,52178902
2024-05-13,52.400001525878906,52.400001525878906,51.5,52.099998474121094,36249820
2024-05-14,52.099998474121094,52.400001525878906,51.79999923706055,52.29999923706055,44237062
2024-05-15,51.79999923706055,52.400001525878906,51.79999923706055,52.29999923706055,44199438
2024-05-16,52.099998474121094,52.29999923706055,51.900001525878906,52.099998474121094,41857613
2024-05-17,52.79999923706055,52.79999923706055,51.79999923706055,52.29999923706055,61246860
2024-05-20,53.099998474121094,53.099998474121094,52.5,53.0,55815584
2024-05-21,53.900001525878906,53.900001525878906,53.0,53.20000076293945,101866213
2024-05-22,55.0,55.20000076293945,54.29999923706055,54.5,152843001
2024-05-23,56.0,56.0,54.70000076293945,55.400001525878906,134041206
2024-05-24,54.599998474121094,55.5,54.599998474121094,55.0,72951290
2024-05-27,56.599998474121094,57.900001525878906,54.79999923706055,54.79999923706055,139490635
2024-05-28,56.400001525878906,57.29999923706055,56.29999923706055,57.099998474121094,78617613
2024-05-29,55.900001525878906,57.29999923706055,55.79999923706055,57.0,75822062
2024-05-30,55.79999923706055,56.400001525878906,54.70000076293945,55.0,74110267
2024-05-31,55.0,56.5,55.0,56.0,166673076
2024-06-03,55.0,56.0,54.599998474121094,55.79999923706055,72529904
2024-06-04,54.29999923706055,54.70000076293945,53.900001525878906,54.5,69360942
2024-06-05,53.5,53.900001525878906,53.20000076293945,53.79999923706055,67524397
2024-06-06,54.20000076293945,54.20000076293945,53.70000076293945,54.099998474121094,41626871
2024-06-07,55.099998474121094,55.099998474121094,53.900001525878906,54.0,52887635
2024-06-11,55.099998474121094,55.599998474121094,54.79999923706055,55.5,65133110
2024-06-12,54.900001525878906,55.0,54.20000076293945,55.0,45546856
2024-06-13,56.400001525878906,56.900001525878906,55.400001525878906,55.599998474121094,98989445
2024-06-14,56.29999923706055,57.0,56.099998474121094,57.0,49230772
2024-06-17,56.70000076293945,56.79999923706055,55.29999923706055,55.900001525878906,47878261
2024-06-18,56.79999923706055,57.0,56.20000076293945,56.70000076293945,47601340
2024-06-19,56.79999923706055,57.099998474121094,56.599998474121094,57.0,53101867
2024-06-20,57.5,57.5,56.29999923706055,56.900001525878906,58585544
2024-06-21,57.70000076293945,58.0,57.099998474121094,57.29999923706055,78368326
2024-06-24,56.79999923706055,57.5,56.599998474121094,57.5,68248302
2024-06-25,56.400001525878906,56.70000076293945,55.70000076293945,56.70000076293945,69308998
2024-06-26,56.599998474121094,56.70000076293945,56.099998474121094,56.5,40739678
2024-06-27,56.400001525878906,56.400001525878906,55.5,56.099998474121094,63763167
2024-06-28,55.70000076293945,56.20000076293945,55.599998474121094,56.099998474121094,86163793
2024-07-01,56.900001525878906,57.29999923706055,55.900001525878906,55.900001525878906,145350617
2024-07-02,52.70000076293945,53.5,51.900001525878906,53.5,237140005
2024-07-03,52.70000076293945,53.29999923706055,52.599998474121094,53.099998474121094,111388367
2024-07-04,54.0,54.400001525878906,53.20000076293945,53.29999923706055,110272226
2024-07-05,53.5,54.099998474121094,53.400001525878906,54.0,55145519
2024-07-08,55.29999923706055,55.5,53.599998474121094,54.0,120367805
2024-07-09,55.29999923706055,56.29999923706055,55.0,55.79999923706055,83403492
2024-07-10,54.70000076293945,55.400001525878906,54.20000076293945,55.20000076293945,56944184
2024-07-11,54.70000076293945,55.20000076293945,54.20000076293945,55.20000076293945,60341856
2024-07-12,53.0,53.70000076293945,52.79999923706055,53.70000076293945,96626512
2024-07-15,53.400001525878906,53.599998474121094,53.0,53.099998474121094,46152642
2024-07-16,53.0,53.79999923706055,52.900001525878906,53.70000076293945,52856418
2024-07-17,53.0,53.29999923706055,52.79999923706055,53.099998474121094,73601733
2024-07-18,52.70000076293945,52.900001525878906,51.79999923706055,52.5,80358251
2024-07-19,51.900001525878906,52.400001525878906,51.70000076293945,52.20000076293945,50035050
2024-07-22,50.20000076293945,51.599998474121094,49.849998474121094,51.5,86789525
2024-07-23,51.29999923706055,51.29999923706055,50.5,51.0,53903192
2024-07-26,50.70000076293945,50.70000076293945,49.150001525878906,49.45000076293945,89137435
2024-07-29,50.20000076293945,51.400001525878906,49.95000076293945,51.099998474121094,53032472
2024-07-30,50.0,50.0,49.20000076293945,49.95000076293945,55622666
2024-07-31,50.400001525878906,50.5,49.349998474121094,49.599998474121094,48317966
2024-08-01,53.900001525878906,54.0,52.599998474121094,53.70000076293945,176556343
2024-08-02,52.900001525878906,52.900001525878906,52.0,52.70000076293945,91788925
2024-08-05,49.95000076293945,51.5,49.400001525878906,51.5,114534832
2024-08-06,51.70000076293945,51.900001525878906,49.5,51.400001525878906,90813027
2024-08-07,53.0,53.0,51.70000076293945,52.20000076293945,66218876
2024-08-08,52.79999923706055,52.900001525878906,51.599998474121094,52.0,41796886
2024-08-09,53.900001525878906,54.400001525878906,53.5,54.20000076293945,91761372
2024-08-12,54.70000076293945,54.70000076293945,54.20000076293945,54.29999923706055,60391286
2024-08-13,54.79999923706055,54.900001525878906,54.29999923706055,54.79999923706055,40170440
2024-08-14,55.70000076293945,55.79999923706055,55.20000076293945,55.5,95516407
2024-08-15,54.70000076293945,55.70000076293945,54.5,55.70000076293945,36115991
2024-08-16,55.79999923706055,56.0,55.400001525878906,56.0,67870375
2024-08-19,56.0,56.0,55.400001525878906,55.900001525878906,42620464
2024-08-20,56.0,56.400001525878906,55.599998474121094,56.29999923706055,47491724
2024-08-21,56.0,56.0,55.29999923706055,55.900001525878906,34792241
2024-08-22,55.900001525878906,56.20000076293945,55.5,56.0,29967598
2024-08-23,55.599998474121094,55.599998474121094,54.79999923706055,55.20000076293945,31061518
2024-08-26,55.099998474121094,55.79999923706055,54.900001525878906,55.79999923706055,27550397
2024-08-27,54.0,54.599998474121094,53.79999923706055,54.5,38731939
2024-08-28,55.20000076293945,55.20000076293945,54.099998474121094,54.20000076293945,29669537
2024-08-29,54.599998474121094,54.79999923706055,54.29999923706055,54.70000076293945,23179361
2024-08-30,55.5,55.5,54.599998474121094,54.599998474121094,57216020
2024-09-02,55.400001525878906,55.599998474121094,54.79999923706055,55.599998474121094,35025097
2024-09-03,55.099998474121094,55.599998474121094,55.0,55.20000076293945,27823655
2024-09-04,53.29999923706055,54.099998474121094,52.29999923706055,53.0,85540468
2024-09-05,53.900001525878906,54.599998474121094,53.599998474121094,53.900001525878906,37686250
2024-09-06,54.5,54.5,53.599998474121094,54.29999923706055,24238268
2024-09-09,53.79999923706055,53.79999923706055,52.599998474121094,52.900001525878906,46344513
2024-09-10,53.29999923706055,53.79999923706055,52.900001525878906,53.79999923706055,34164771
2024-09-11,54.0,54.0,53.20000076293945,53.29999923706055,24058349
2024-09-12,55.20000076293945,55.400001525878906,54.900001525878906,55.099998474121094,35093409
2024-09-13,54.599998474121094,55.29999923706055,54.29999923706055,55.20000076293945,28598424
2024-09-16,54.5,54.79999923706055,54.29999923706055,54.599998474121094,24412438
2024-09-18,53.79999923706055,54.20000076293945,53.29999923706055,54.099998474121094,57624338
2024-09-19,53.70000076293945,54.20000076293945,53.5,53.70000076293945,44892168
2024-09-20,53.79999923706055,54.400001525878906,53.099998474121094,54.099998474121094,71046769
2024-09-23,54.0,54.0,53.400001525878906,53.79999923706055,30850375
2024-09-24,53.900001525878906,54.099998474121094,53.599998474121094,54.0,39787466
2024-09-25,54.5,54.79999923706055,54.099998474121094,54.29999923706055,49877625
2024-09-26,54.900001525878906,55.099998474121094,54.70000076293945,54.900001525878906,47416602
2024-09-27,55.0,55.400001525878906,55.0,55.400001525878906,39870008
2024-09-30,53.79999923706055,55.20000076293945,53.79999923706055,54.79999923706055,41080330
2024-10-01,53.70000076293945,54.20000076293945,53.599998474121094,53.599998474121094,24924409
2024-10-04,52.599998474121094,52.900001525878906,52.20000076293945,52.599998474121094,62671266
2024-10-07,52.900001525878906,53.29999923706055,52.29999923706055,53.0,43226644
2024-10-08,52.599998474121094,52.599998474121094,52.099998474121094,52.099998474121094,39630364
2024-10-09,51.900001525878906,52.5,51.70000076293945,52.29999923706055,42242680
2024-10-11,51.79999923706055,52.29999923706055,51.70000076293945,51.79999923706055,32068791
2024-10-14,52.5,52.599998474121094,52.0,52.099998474121094,27022971
2024-10-15,52.599998474121094,52.79999923706055,52.400001525878906,52.599998474121094,25228714
2024-10-16,51.70000076293945,51.900001525878906,51.29999923706055,51.400001525878906,58352616
2024-10-17,51.70000076293945,51.900001525878906,51.599998474121094,51.599998474121094,32312054
2024-10-18,50.5,51.70000076293945,50.5,51.5,78495841
2024-10-21,50.900001525878906,50.900001525878906,50.0,50.29999923706055,54363083
2024-10-22,50.70000076293945,50.900001525878906,50.400001525878906,50.400001525878906,50216365
2024-10-23,50.20000076293945,50.70000076293945,50.20000076293945,50.70000076293945,44712063
2024-10-24,49.900001525878906,50.099998474121094,49.849998474121094,49.95000076293945,49698655
2024-10-25,49.79999923706055,50.20000076293945,49.79999923706055,49.95000076293945,41806000
2024-10-28,49.25,50.0,49.25,49.79999923706055,49172879
2024-10-29,48.400001525878906,48.900001525878906,48.150001525878906,48.849998474121094,81420494
2024-10-30,48.150001525878906,48.650001525878906,48.0,48.5,54094334
2024-11-01,46.599998474121094,47.0,45.650001525878906,45.75,140986463
2024-11-04,46.0,46.70000076293945,46.0,46.599998474121094,59867354
2024-11-05,45.349998474121094,45.650001525878906,45.04999923706055,45.5,84205496
2024-11-06,45.849998474121094,46.45000076293945,45.0,45.0,78477326
2024-11-07,47.150001525878906,47.95000076293945,45.900001525878906,45.95000076293945,92748740
2024-11-08,46.650001525878906,47.79999923706055,46.650001525878906,47.400001525878906,62605606
2024-11-11,46.54999923706055,46.650001525878906,45.70000076293945,46.45000076293945,46286282
2024-11-12,46.099998474121094,46.95000076293945,45.75,45.95000076293945,70044482
2024-11-13,45.79999923706055,46.349998474121094,45.70000076293945,45.900001525878906,52919260
2024-11-14,45.0,45.599998474121094,45.0,45.599998474121094,78360986
2024-11-15,45.0,45.400001525878906,44.599998474121094,45.0,52740993
2024-11-18,45.099998474121094,45.79999923706055,44.849998474121094,44.900001525878906,69203736
2024-11-19,45.20000076293945,46.0,45.20000076293945,45.20000076293945,60137722
2024-11-20,44.900001525878906,44.900001525878906,44.900001525878906,44.900001525878906,61462099
2024-11-21,44.400001525878906,44.75,44.400001525878906,44.54999923706055,66276938
2024-11-22,44.45000076293945,45.20000076293945,44.45000076293945,44.75,50700692
2024-11-25,44.900001525878906,45.45000076293945,44.900001525878906,45.099998474121094,76975045
2024-11-26,45.400001525878906,45.70000076293945,44.599998474121094,44.79999923706055,41939444
2024-11-27,44.400001525878906,44.900001525878906,43.95000076293945,44.849998474121094,88688066
2024-11-28,43.900001525878906,44.099998474121094,43.0,43.95000076293945,83899732
2024-11-29,43.54999923706055,44.099998474121094,43.25,43.900001525878906,66068692
2024-12-02,44.599998474121094,44.599998474121094,43.79999923706055,43.95000076293945,38672952
2024-12-03,44.79999923706055,45.150001525878906,44.29999923706055,45.099998474121094,50530088
2024-12-04,44.45000076293945,44.45000076293945,44.0,44.25,51615273
2024-12-05,43.599998474121094,44.20000076293945,43.599998474121094,44.04999923706055,57277792
2024-12-06,43.5,43.95000076293945,43.150001525878906,43.150001525878906,43696126
2024-12-09,44.04999923706055,44.04999923706055,43.5,43.5,33159157
2024-12-10,43.70000076293945,43.95000076293945,43.5,43.79999923706055,32858676
2024-12-11,43.0,43.45000076293945,43.0,43.25,44150960
2024-12-12,42.5,43.29999923706055,42.150001525878906,43.150001525878906,71174029
2024-12-13,41.45000076293945,42.099998474121094,40.599998474121094,42.0,115254375
2024-12-16,41.45000076293945,41.599998474121094,40.70000076293945,41.29999923706055,85569382
2024-12-17,42.54999923706055,43.400001525878906,41.95000076293945,42.0,102163693
2024-12-18,43.70000076293945,43.849998474121094,43.0,43.099998474121094,88411619
2024-12-19,43.0,43.599998474121094,42.70000076293945,43.0,65229584
2024-12-20,42.349998474121094,43.0,42.150001525878906,42.599998474121094,67542850
2024-12-23,42.900001525878906,43.29999923706055,42.75,42.75,35330418
2024-12-24,44.0,44.95000076293945,43.70000076293945,44.400001525878906,133324087
2024-12-25,44.04999923706055,44.70000076293945,44.04999923706055,44.5,52528974
2024-12-26,43.70000076293945,44.29999923706055,43.5,44.29999923706055,26686974
2024-12-27,43.599998474121094,44.04999923706055,43.45000076293945,43.54999923706055,22648295
2024-12-30,43.099998474121094,43.599998474121094,43.099998474121094,43.20000076293945,25586120
2024-12-31,43.04999923706055,43.45000076293945,42.20000076293945,42.70000076293945,43445308
2025-01-02,43.70000076293945,43.70000076293945,42.849998474121094,42.900001525878906,65305876
2025-01-03,43.099998474121094,44.150001525878906,43.099998474121094,43.95000076293945,42345224
2025-01-06,43.400001525878906,43.75,43.349998474121094,43.599998474121094,30917178
2025-01-07,42.349998474121094,43.79999923706055,42.349998474121094,43.650001525878906,58823388
2025-01-08,42.70000076293945,42.900001525878906,42.349998474121094,42.400001525878906,37912494
2025-01-09,41.599998474121094,42.95000076293945,41.599998474121094,42.70000076293945,46690991
2025-01-10,41.29999923706055,41.599998474121094,40.79999923706055,41.25,40822034
2025-01-13,40.900001525878906,41.70000076293945,40.79999923706055,41.0,48487516
2025-01-14,42.25,42.25,41.04999923706055,41.20000076293945,37074886
2025-01-15,41.45000076293945,42.5,41.45000076293945,42.04999923706055,35977056
2025-01-16,41.54999923706055,42.25,41.54999923706055,41.900001525878906,37293479
2025-01-17,41.20000076293945,41.75,41.20000076293945,41.400001525878906,44131855
2025-01-20,42.75,42.75,41.5,41.54999923706055,47283878
2025-01-21,42.95000076293945,43.29999923706055,42.400001525878906,42.75,42221204
2025-01-22,40.20000076293945,40.54999923706055,39.70000076293945,39.70000076293945,147906733
2025-02-03,40.5,41.650001525878906,40.0,40.20000076293945,112180567
2025-02-04,40.099998474121094,40.95000076293945,40.099998474121094,40.95000076293945,58040732
2025-02-05,40.099998474121094,40.650001525878906,40.099998474121094,40.400001525878906,33884048
2025-02-06,40.099998474121094,40.349998474121094,39.95000076293945,40.29999923706055,32609083
2025-02-07,40.150001525878906,40.29999923706055,40.099998474121094,40.099998474121094,23131801
2025-02-10,40.20000076293945,40.29999923706055,39.900001525878906,40.150001525878906,30946715
2025-02-11,40.400001525878906,40.5,40.150001525878906,40.29999923706055,29858425
2025-02-12,40.099998474121094,40.5,40.04999923706055,40.400001525878906,27984906
2025-02-13,41.400001525878906,41.75,40.20000076293945,40.25,63852185
2025-02-14,41.400001525878906,41.75,41.04999923706055,41.5,28541805
2025-02-17,42.0,42.20000076293945,41.45000076293945,41.5,32974664
2025-02-18,41.95000076293945,42.29999923706055,41.70000076293945,42.04999923706055,35961690
2025-02-19,42.54999923706055,42.95000076293945,42.150001525878906,42.20000076293945,54652494
2025-02-20,43.0,43.29999923706055,42.849998474121094,43.0,40006471
2025-02-21,43.599998474121094,43.599998474121094,43.20000076293945,43.349998474121094,34296687
2025-02-24,43.54999923706055,43.650001525878906,42.79999923706055,43.04999923706055,30194703
2025-02-25,43.29999923706055,43.5,42.900001525878906,43.04999923706055,35619504
2025-02-26,43.599998474121094,43.79999923706055,43.04999923706055,43.099998474121094,35139939
2025-02-27,43.70000076293945,44.150001525878906,43.400001525878906,44.0,69299467
2025-03-03,43.599998474121094,43.599998474121094,42.849998474121094,43.099998474121094,53120564
2025-03-04,43.599998474121094,43.849998474121094,42.900001525878906,42.95000076293945,44284021
2025-03-05,44.0,44.5,43.70000076293945,44.099998474121094,46383229
2025-03-06,44.0,44.45000076293945,43.900001525878906,44.29999923706055,30376684
2025-03-07,44.150001525878906,44.599998474121094,43.79999923706055,44.0,31779134
2025-03-10,45.04999923706055,45.29999923706055,44.400001525878906,44.54999923706055,58815717
2025-03-11,44.849998474121094,45.0,44.20000076293945,44.29999923706055,68052418
2025-03-12,44.79999923706055,44.95000076293945,44.099998474121094,44.70000076293945,43316994
2025-03-13,43.70000076293945,44.70000076293945,43.599998474121094,44.70000076293945,57573005
2025-03-14,44.900001525878906,45.04999923706055,43.5,43.54999923706055,68441495
2025-03-17,44.099998474121094,45.150001525878906,44.099998474121094,45.0,44201092
2025-03-18,44.5,45.0,44.150001525878906,44.20000076293945,42180476
2025-03-19,44.29999923706055,44.900001525878906,44.29999923706055,44.5,37314811
2025-03-20,45.150001525878906,45.150001525878906,44.70000076293945,44.70000076293945,43291329
2025-03-21,45.0,45.0,44.5,45.0,39145180
2025-03-24,44.849998474121094,45.29999923706055,44.599998474121094,45.0,36059208
2025-03-25,44.849998474121094,45.20000076293945,44.45000076293945,45.0,36461286
2025-03-26,44.54999923706055,44.79999923706055,44.29999923706055,44.75,28156495
2025-03-27,44.79999923706055,44.79999923706055,44.0,44.099998474121094,43278476
2025-03-28,44.54999923706055,44.599998474121094,44.099998474121094,44.599998474121094,37954776
2025-03-31,44.650001525878906,44.650001525878906,43.29999923706055,43.54999923706055,61875919
2025-04-01,45.95000076293945,48.0,45.25,47.20000076293945,143290199
2025-04-02,45.25,45.79999923706055,45.150001525878906,45.79999923706055,50515462
2025-04-07,40.75,40.75,40.75,40.75,13988062
2025-04-08,41.70000076293945,42.0,39.5,39.54999923706055,120858432
2025-04-09,39.900001525878906,41.5,39.70000076293945,40.54999923706055,84824195
2025-04-10,43.849998474121094,43.849998474121094,43.5,43.849998474121094,49531081
2025-04-11,44.099998474121094,44.29999923706055,42.099998474121094,42.70000076293945,69373050
2025-04-14,44.29999923706055,45.349998474121094,44.29999923706055,44.79999923706055,56357316
2025-04-15,44.70000076293945,44.95000076293945,44.400001525878906,44.5,31216544
2025-04-16,44.95000076293945,45.0,44.20000076293945,44.20000076293945,35850779
2025-04-17,44.099998474121094,44.849998474121094,44.04999923706055,44.849998474121094,20580050
2025-04-18,44.29999923706055,44.45000076293945,44.099998474121094,44.45000076293945,16088207
2025-04-21,43.650001525878906,44.349998474121094,43.650001525878906,44.349998474121094,14669270
2025-04-22,44.29999923706055,44.54999923706055,43.54999923706055,43.599998474121094,27738319
2025-04-23,45.099998474121094,45.29999923706055,44.599998474121094,44.95000076293945,33676880
2025-04-24,43.400001525878906,44.95000076293945,43.400001525878906,44.75,42017291
2025-04-25,44.650001525878906,44.70000076293945,43.95000076293945,44.099998474121094,54399065
2025-04-28,44.900001525878906,44.900001525878906,44.20000076293945,44.54999923706055,22973317
2025-04-29,44.95000076293945,45.099998474121094,44.650001525878906,44.70000076293945,27807473
2025-04-30,45.20000076293945,45.29999923706055,44.75,44.75,30303702
2025-05-02,45.650001525878906,45.849998474121094,45.150001525878906,45.20000076293945,31142562
2025-05-05,45.04999923706055,45.79999923706055,44.599998474121094,45.75,35331097
2025-05-06,45.400001525878906,45.79999923706055,44.599998474121094,45.0,43359102
2025-05-07,45.75,45.900001525878906,45.400001525878906,45.599998474121094,31781212
2025-05-08,45.29999923706055,45.75,45.29999923706055,45.400001525878906,20575779
2025-05-09,45.54999923706055,45.70000076293945,45.150001525878906,45.20000076293945,16829589
2025-05-12,46.45000076293945,46.45000076293945,45.599998474121094,45.75,33950716
2025-05-13,46.54999923706055,46.849998474121094,46.349998474121094,46.650001525878906,31348875
2025-05-14,47.0,47.04999923706055,46.79999923706055,46.900001525878906,27429275
2025-05-15,47.5,47.5,46.849998474121094,46.95000076293945,41621426
2025-05-16,47.79999923706055,47.79999923706055,47.29999923706055,47.599998474121094,28845625
2025-05-19,47.75,47.95000076293945,47.5,47.599998474121094,36863531
2025-05-20,47.849998474121094,48.0,47.25,47.95000076293945,28130117
2025-05-21,49.54999923706055,49.70000076293945,47.900001525878906,48.0,93231386
2025-05-22,49.45000076293945,49.79999923706055,48.900001525878906,49.45000076293945,70843171
2025-05-23,48.04999923706055,49.45000076293945,48.04999923706055,48.099998474121094,71578900
2025-05-26,47.099998474121094,48.79999923706055,47.099998474121094,47.79999923706055,78899680
2025-05-27,46.0,47.599998474121094,46.0,47.099998474121094,99624798
2025-05-28,47.04999923706055,47.45000076293945,46.150001525878906,46.400001525878906,98074934
2025-05-29,46.75,48.099998474121094,46.75,47.400001525878906,149032843
2025-06-02,46.95000076293945,46.95000076293945,45.900001525878906,46.79999923706055,77681104
2025-06-03,47.25,47.29999923706055,46.599998474121094,46.70000076293945,77951822
2025-06-04,45.95000076293945,47.25,45.79999923706055,47.099998474121094,85197919
2025-06-05,45.29999923706055,46.04999923706055,45.099998474121094,45.650001525878906,74581058
2025-06-06,45.0,45.75,45.0,45.29999923706055,55682096
2025-06-09,45.650001525878906,45.75,44.849998474121094,45.0,39208994
2025-06-10,46.400001525878906,46.5,45.79999923706055,45.849998474121094,47063212
2025-06-11,47.25,47.25,46.54999923706055,46.54999923706055,56558714
2025-06-12,47.29999923706055,47.400001525878906,46.900001525878906,47.25,32543331
2025-06-13,47.45000076293945,47.75,46.79999923706055,46.79999923706055,44771416
2025-06-16,48.0,48.0,47.349998474121094,47.349998474121094,41131108
2025-06-17,47.5,48.79999923706055,47.5,48.25,71150250
2025-06-18,48.29999923706055,48.29999923706055,47.599998474121094,47.70000076293945,41498670
2025-06-19,47.75,48.45000076293945,47.599998474121094,48.400001525878906,51252856
2025-06-20,47.650001525878906,47.95000076293945,46.79999923706055,47.29999923706055,65459193
2025-06-23,47.0,47.20000076293945,46.20000076293945,46.5,74736166
2025-06-24,45.349998474121094,45.349998474121094,42.5,42.5,132396029
2025-06-25,43.79999923706055,45.45000076293945,43.79999923706055,45.45000076293945,95756039
2025-06-26,43.25,44.349998474121094,43.150001525878906,43.79999923706055,81421425
2025-06-27,44.29999923706055,44.29999923706055,43.599998474121094,43.849998474121094,49281090
