Date,Close,High,Low,Open,Volume
2000-01-03,25.227954864501953,25.227954864501953,25.227954864501953,25.227954864501953,0
2000-01-04,13.36904525756836,13.476961988234835,12.778307176708326,12.937379497397403,100969038
2000-01-05,13.36904525756836,13.692795449567784,13.1013575467513,13.209273114922832,78951612
2000-01-06,13.36904525756836,13.692795449567784,13.04529622806388,13.425106576255782,94351308
2000-01-07,12.829463005065918,13.209273360313619,12.721546272394658,12.93737973773718,63538583
2000-01-10,13.101356506347656,13.31718878804601,12.721545025822362,12.937378470015567,71348563
2000-01-11,12.994140625,13.907927912490962,12.994140625,13.907927912490962,113739712
2000-01-12,13.748856544494629,13.74885654449463,12.937380380726395,13.153213856795865,105636792
2000-01-13,13.748856544494629,14.231679090148937,13.640940968954919,13.964691183059124,180292164
2000-01-14,13.209272384643555,14.01584388224495,13.209272384643555,13.90792715754469,75928603
2000-01-17,13.692795753479004,13.964690539534073,13.533023607287339,13.640940340349022,63291557
2000-01-18,13.640941619873047,13.856775106241654,13.533024876688744,13.800713781051385,36009878
2000-01-19,13.317191123962402,13.692796763996842,13.261129799893418,13.64094134703997,39957690
2000-01-20,13.425106048583984,13.476961458524869,13.153212441745296,13.476961458524869,26366721
2000-01-21,13.36904525756836,13.640940037588733,13.36904525756836,13.425106576255782,47431990
2000-01-24,13.209272384643555,13.640939283444599,13.209272384643555,13.640939283444599,31916914
2000-01-25,13.101356506347656,13.369044195907128,13.101356506347656,13.209272065949408,22894992
2000-01-26,13.153210639953613,13.369042900742595,13.045293928311754,13.10135523711614,47392321
2000-01-27,13.101356506347656,13.369044195907128,13.101356506347656,13.369044195907128,24439421
2000-01-28,13.261126518249512,13.476959946890341,13.101355562299307,13.101355562299307,47079264
2000-01-31,13.425106048583984,13.584878184949694,13.369044732100045,13.476961458524869,31397900
2000-02-01,13.261126518249512,13.584876661210757,13.209271114124956,13.533021257086201,84326933
2000-02-02,13.261126518249512,13.261126518249512,13.261126518249512,13.261126518249512,0
2000-02-03,13.261126518249512,13.261126518249512,13.261126518249512,13.261126518249512,0
2000-02-04,13.261126518249512,13.261126518249512,13.261126518249512,13.261126518249512,0
2000-02-07,13.261126518249512,13.261126518249512,13.261126518249512,13.261126518249512,0
2000-02-08,13.261126518249512,13.261126518249512,13.261126518249512,13.261126518249512,0
2000-02-09,13.36904525756836,13.964690229588157,13.36904525756836,13.58487871890131,304085414
2000-02-10,13.640941619873047,13.640941619873047,13.209274647135832,13.369046808314172,187384723
2000-02-11,14.555427551269531,14.555427551269531,13.80071146041991,13.80071146041991,344853284
2000-02-14,14.555427551269531,15.20222575458649,14.555427551269531,14.879177726382869,406964176
2000-02-15,15.366904258728027,15.418059848217721,14.55542815881863,14.827321773511636,241149462
2000-02-16,15.151068687438965,15.418056515812433,15.043151981221442,15.366900937379327,161401143
2000-02-17,14.987093925476074,15.36690426998969,14.987093925476074,14.987093925476074,125048123
2000-02-18,14.827322959899902,15.258989912608211,14.827322959899904,15.258989912608211,107253028
2000-02-21,13.80070972442627,14.28773689466271,13.80070972442627,14.28773689466271,87638759
2000-02-22,14.015844345092773,14.287739119060179,13.800711873000534,13.800711873000534,134753118
2000-02-23,14.663345336914062,14.987094372949437,14.072607244137242,14.23167840554027,215180424
2000-02-24,15.043152809143066,15.258986233456815,14.771259238252137,15.094307227896849,214266979
2000-02-25,15.094307899475098,15.52597476730838,15.043153478445346,15.151070195403666,206994478
2000-02-28,15.094307899475098,15.094307899475098,15.094307899475098,15.094307899475098,0
2000-02-29,15.418059349060059,15.474119502853597,15.04315474557599,15.25898819767294,134264876
2000-03-01,15.151068687438965,15.633889928247475,15.151068687438965,15.525973222029954,108432762
2000-03-02,15.202226638793945,15.41806010142303,15.151072210959091,15.258988942273634,83138031
2000-03-03,15.202226638793945,15.310143370108488,14.935238748330006,15.202226638793945,62989128
2000-03-06,15.094307899475098,15.20222461643342,14.719403327570383,14.879176612415606,68070596
2000-03-07,15.418059349060059,15.418059349060059,15.094309170914636,15.094309170914636,95097517
2000-03-08,15.849727630615234,15.90578778928047,15.310143953482362,15.418060688908936,171716614
2000-03-09,16.280689239501953,16.337451534037125,15.741807814795932,15.957641243414306,195730616
2000-03-10,16.337451934814453,16.71235650671289,16.013701783944914,16.445368651770966,181412129
2000-03-13,15.258989334106445,16.013704325737876,15.202227029169169,15.202227029169169,178226695
2000-03-14,15.366904258728027,15.525976577759986,14.827321773511636,15.474120003826199,174302792
2000-03-15,14.935237884521484,15.366903622318475,14.827321159448514,15.310142484616629,163459471
2000-03-16,15.905787467956543,15.905787467956543,14.28773977871754,14.28773977871754,183769198
2000-03-17,16.12162208557129,16.44537230842724,15.366905883425613,15.366905883425613,269405311
2000-03-20,15.582038879394531,15.905789112609613,15.582038879394531,15.582038879394531,129478732
2000-03-21,16.337451934814453,16.604439789756373,15.151070195149941,15.151070195149941,230740527
2000-03-22,16.553281784057617,16.712354061261415,16.121616141890254,16.22953284305575,162530267
2000-03-23,17.682907104492188,17.682907104492188,17.682907104492188,17.682907104492188,66685305
2000-03-24,18.869287490844727,18.869287490844727,17.790822414484875,18.278549455645024,234985680
2000-03-27,19.78868293762207,20.16358990391258,19.141183678513233,19.141183678513233,201955576
2000-03-28,19.408872604370117,19.94775527329874,19.24909929921552,19.788681790100654,122202264
2000-03-29,19.408872604370117,19.89659852077667,19.141182568539502,19.141182568539502,132588881
2000-03-30,19.68076515197754,20.219648985935322,19.193039233277354,19.408872695644387,163259342
2000-03-31,19.033262252807617,19.68076135240752,18.330403991889046,19.35701238385493,156873270
2000-04-03,19.033262252807617,19.033262252807617,19.033262252807617,19.033262252807617,0
2000-04-04,19.033262252807617,19.033262252807617,19.033262252807617,19.033262252807617,0
2000-04-05,18.869287490844727,19.249097809679682,17.95479928866945,17.95479928866945,121341596
2000-04-06,17.682907104492188,18.818134570274022,17.682907104492188,18.330407490159146,118265515
2000-04-07,18.00665855407715,18.222492031029955,17.68290833864794,17.790825077124342,124074466
2000-04-10,18.33040428161621,18.33040428161621,18.33040428161621,18.33040428161621,127193043
2000-04-11,17.846881866455078,17.846881866455078,17.846881866455078,17.846881866455078,90829473
2000-04-12,17.574987411499023,17.574987411499023,17.574987411499023,17.574987411499023,102663820
2000-04-13,16.388607025146484,16.388607025146484,16.388607025146484,16.388607025146484,155520481
2000-04-14,15.52597427368164,16.33745141566152,15.525974273681639,16.173473392350434,161000919
2000-04-17,14.771259307861328,14.771259307861328,14.771259307861328,14.771259307861328,138990930
2000-04-18,15.258989334106445,15.633893965512035,15.15107260002073,15.633893965512035,180090512
2000-04-19,15.202226638793945,15.202226638793945,15.202226638793945,15.202226638793945,153272913
2000-04-20,15.202226638793945,15.366904511093225,14.663345129171788,15.202226638793945,61250641
2000-04-21,15.633896827697754,15.797873749772343,15.1510753738136,15.1510753738136,104676165
2000-04-24,14.827322959899902,14.827322959899904,14.827322959899904,14.827322959899904,47985802
2000-04-25,15.582038879394531,15.582038879394531,15.582038879394531,15.582038879394531,58029852
2000-04-26,14.935237884521484,15.79786953819529,14.827321159448514,15.79786953819529,80349732
2000-04-27,15.52597427368164,15.525974273681639,15.525974273681639,15.525974273681639,53257884
2000-04-28,15.905787467956543,15.905787467956543,15.905787467956543,15.905787467956543,118338504
2000-05-01,15.905787467956543,15.905787467956543,15.905787467956543,15.905787467956543,0
2000-05-02,14.879178047180176,15.797869873648331,14.879178047180176,15.797869873648331,67576649
2000-05-03,14.879178047180176,14.879178047180176,14.879178047180176,14.879178047180176,62286094
2000-05-04,14.339594841003418,15.094309808295465,14.287739429053698,14.879178494030553,64335855
2000-05-05,14.935237884521484,14.935237884521484,14.935237884521484,14.935237884521484,70368714
2000-05-08,14.555427551269531,14.555427551269531,14.555427551269531,14.555427551269531,53973921
2000-05-09,14.827322959899902,14.879179537982925,14.447512585274618,14.555429323451694,0
2000-05-10,14.555427551269531,14.555427551269531,14.555427551269531,14.555427551269531,58384474
2000-05-11,13.584877967834473,14.447510781022519,13.584877967834473,14.015843882222176,75608980
2000-05-12,13.317191123962402,13.3171911239624,13.3171911239624,13.3171911239624,105249824
2000-05-15,13.045294761657715,13.045294761657715,13.045294761657715,13.045294761657715,55949171
2000-05-16,13.907928466796875,13.907928466796877,13.907928466796877,13.907928466796877,58146311
2000-05-17,14.879178047180176,14.879178047180176,14.719404746928387,14.879178047180176,54080309
2000-05-18,15.52597427368164,15.741807700736159,14.87917613935291,14.87917613935291,187760767
2000-05-19,15.258989334106445,15.258989334106447,15.258989334106447,15.258989334106447,100248313
2000-05-22,14.935237884521484,15.09430903447069,14.555427556015792,14.879177731234698,86251894
2000-05-23,15.202226638793945,15.258988942273634,14.77126186048633,14.935238748330006,61878338
2000-05-24,14.827322959899902,14.827322959899904,14.827322959899904,14.827322959899904,58392110
2000-05-25,14.503573417663574,15.202228310199118,14.44751325497092,15.094311567019696,69123287
2000-05-26,14.44751262664795,14.827323002360899,14.015845672703477,14.231679149675713,79803156
2000-05-29,14.07260513305664,14.07260513305664,14.07260513305664,14.07260513305664,63403041
2000-05-30,14.231678009033203,14.339594738869996,14.015844549359619,14.231678009033203,0
2000-05-31,15.202226638793945,15.202226638793945,15.202226638793945,15.202226638793945,91535082
2000-06-01,15.474120140075684,15.633893444958538,15.094309792496187,15.15107209554348,141661987
2000-06-02,15.905787467956543,15.905787467956543,15.905787467956543,15.905787467956543,253587779
2000-06-05,16.768417358398438,16.768417358398438,16.768417358398438,16.768417358398438,102495367
2000-06-06,16.768417358398438,16.768417358398438,16.768417358398438,16.768417358398438,0
2000-06-07,17.251941680908203,17.251941680908203,17.251941680908203,17.251941680908203,149570240
2000-06-08,16.768417358398438,16.768417358398438,16.768417358398438,16.768417358398438,72684357
2000-06-09,16.768417358398438,16.768417358398438,16.768417358398438,16.768417358398438,87763351
2000-06-12,16.768417358398438,16.768417358398438,16.768417358398438,16.768417358398438,62137567
2000-06-13,16.337451934814453,16.71235650671289,16.337451934814453,16.445368651770966,56488928
2000-06-14,16.553281784057617,16.660497500963345,16.337449544221247,16.445366245386744,53433216
2000-06-15,15.849727630615234,15.849727630615234,15.849727630615234,15.849727630615234,67645115
2000-06-16,16.173477172851562,16.337455234492023,15.849728119089189,15.905788279482147,71425188
2000-06-19,16.013704299926758,16.013704299926758,16.013704299926758,16.013704299926758,17864622
2000-06-20,15.797870635986328,16.38860872727769,15.79787063598633,16.38860872727769,59555903
2000-06-21,15.741809844970703,16.013703456349653,15.741809844970703,15.849726573197591,39376855
2000-06-22,16.337451934814453,16.337451934814453,15.689951633075372,15.905785066988399,70005315
2000-06-23,15.905787467956543,16.337454400942438,15.905787467956543,16.280692096446586,28411960
2000-06-26,15.52597427368164,15.525974273681639,15.525974273681639,15.525974273681639,42564890
2000-06-27,15.151068687438965,15.689950071739307,14.8273185687864,15.633889928247475,74503530
2000-06-28,14.771259307861328,15.094307299028396,14.55542588253047,14.879176020526756,68202980
2000-06-29,14.879178047180176,15.310142809713241,14.663344592451216,15.310142809713241,96567957
2000-06-30,14.987093925476074,15.20222640027417,14.611488325135163,14.879178358349655,137319544
2000-07-03,15.258989334106445,15.258989334106447,15.258989334106447,15.258989334106447,64833490
2000-07-04,14.503573417663574,14.503573417663572,14.503573417663572,14.503573417663572,42334815
2000-07-05,15.474120140075684,15.474120140075684,15.474120140075684,15.474120140075684,114221631
2000-07-06,15.418059349060059,15.633892801157009,15.151071471624466,15.25898819767294,62758071
2000-07-07,15.366904258728027,15.366904258728027,15.366904258728027,15.366904258728027,51558814
2000-07-10,15.310141563415527,15.310141563415527,15.310141563415527,15.310141563415527,77694757
2000-07-11,15.202226638793945,15.202226638793945,15.202226638793945,15.202226638793945,50256766
2000-07-12,15.258989334106445,15.258989334106447,15.258989334106447,15.258989334106447,33735809
2000-07-13,15.474120140075684,15.474120140075684,15.474120140075684,15.474120140075684,109220728
2000-07-14,16.411773681640625,16.628587809439964,15.544512499310562,15.544512499310562,164809511
2000-07-17,22.14977264404297,22.14977264404297,22.14977264404297,22.14977264404297,56915950
2000-07-18,21.781888961791992,22.332795349155788,21.69037446493102,22.149768691000208,41468805
2000-07-19,22.057336807250977,22.057336807250977,22.057336807250977,22.057336807250977,41468805
2000-07-20,21.781888961791992,22.149768691000208,21.781888961791992,22.057340987690708,26786804
2000-07-21,21.597946166992188,21.597946166992188,21.597946166992188,21.597946166992188,53821782
2000-07-24,21.51284408569336,21.51284408569336,21.51284408569336,21.51284408569336,18663593
2000-07-25,21.42041778564453,21.6903789508526,21.14496336721102,21.14496336721102,42187946
2000-07-26,21.51284408569336,21.51284408569336,21.51284408569336,21.51284408569336,51180197
2000-07-27,21.51284408569336,21.51284408569336,20.134658878010605,21.51284408569336,62503673
2000-07-28,21.690380096435547,21.690380096435547,21.690380096435547,21.690380096435547,56532164
2000-07-31,22.057336807250977,22.057336807250977,22.057336807250977,22.057336807250977,41649927
2000-08-01,21.965829849243164,22.332796389090788,21.87431768368726,22.1497697224125,24514213
2000-08-02,21.874319076538086,21.874319076538086,21.874319076538086,21.874319076538086,20976614
2000-08-03,21.781888961791992,22.149768691000208,21.59794676162152,21.59794676162152,36133925
2000-08-04,21.690380096435547,21.690380096435547,21.690380096435547,21.690380096435547,40743623
2000-08-07,19.85920524597168,20.869505921814824,19.773181660319683,20.410111667367083,59344126
2000-08-08,19.406213760375977,19.859203859838786,19.03833286633651,19.859203859838786,44934798
2000-08-09,20.502538681030273,20.59405084487425,19.406214456717628,19.406214456717628,66674408
2000-08-10,20.594053268432617,20.59405326843262,20.59405326843262,20.59405326843262,41622771
2000-08-11,20.227087020874023,20.869508009033964,20.13465930261095,20.594053603004024,32981102
2000-08-14,20.04314613342285,20.04314613342285,20.04314613342285,20.04314613342285,12983985
2000-08-15,19.85920524597168,20.22708499790524,19.773181660319683,20.043145121938462,18285226
2000-08-16,20.502538681030273,20.502538681030273,20.502538681030273,20.502538681030273,45065333
2000-08-17,21.597946166992188,21.597946166992188,21.597946166992188,21.597946166992188,54718452
2000-08-18,21.597946166992188,22.057340380413446,21.512840466578567,21.597946166992188,67799815
2000-08-21,22.14977264404297,22.609169287666475,21.781892849179698,21.781892849179698,70934159
2000-08-22,21.781888961791992,22.149768691000208,21.51284105886479,22.149768691000208,27973662
2000-08-23,21.781888961791992,21.781888961791992,21.781888961791992,21.781888961791992,0
2000-08-24,21.328901290893555,21.87431915949638,21.144961405314223,21.512843512039513,47506776
2000-08-25,20.961933135986328,20.961933135986328,20.961933135986328,20.961933135986328,22270825
2000-08-28,20.318599700927734,20.318599700927734,20.318599700927734,20.318599700927734,20882915
2000-08-29,21.053449630737305,21.053449630737305,19.950718831878767,20.04314654747164,43000799
2000-08-30,20.502538681030273,21.420413952290517,20.502538681030273,21.053447419307783,36591252
2000-08-31,21.690380096435547,21.690380096435547,21.690380096435547,21.690380096435547,73297010
2000-09-01,22.976139068603516,22.97613906860352,22.97613906860352,22.97613906860352,270647200
2000-09-04,23.06764793395996,23.067647933959964,23.067647933959964,23.067647933959964,98352294
2000-09-05,23.888511657714844,23.98093935285553,22.884615255978343,23.06764189795792,129560168
2000-09-06,23.7970027923584,23.7970027923584,23.7970027923584,23.7970027923584,102041925
2000-09-07,22.88461685180664,22.88461685180664,22.88461685180664,22.88461685180664,119821734
2000-09-08,21.51284408569336,21.51284408569336,21.51284408569336,21.51284408569336,107097268
2000-09-11,21.053449630737305,21.053449630737305,21.053449630737305,21.053449630737305,72926611
2000-09-12,21.053449630737305,21.053449630737305,21.053449630737305,21.053449630737305,0
2000-09-13,21.874319076538086,21.965831247921045,20.869506933290698,20.869506933290698,87344403
2000-09-14,21.328901290893555,22.057343502956417,21.144961405314223,21.78189144564707,88510541
2000-09-15,20.68556785583496,20.68556785583496,20.68556785583496,20.68556785583496,113451031
2000-09-18,20.227087020874023,20.227087020874023,20.227087020874023,20.227087020874023,45427603
2000-09-19,20.04314613342285,20.04314613342285,20.04314613342285,20.04314613342285,88004087
2000-09-20,20.961933135986328,20.961933135986328,19.950716941943483,20.594051057170837,84816414
2000-09-21,21.51284408569336,21.69037751673831,20.6855676784529,20.6855676784529,109799803
2000-09-22,20.134654998779297,21.42041224242844,20.134654998779297,20.96193124663307,84831333
2000-09-25,20.594053268432617,20.777995495374167,19.95071908412803,20.227086692264365,57497972
2000-09-26,21.42041778564453,21.42041778564453,21.42041778564453,21.42041778564453,127978043
2000-09-27,21.237388610839844,21.237388610839844,21.237388610839844,21.237388610839844,83532090
2000-09-28,20.227087020874023,21.512844539356916,20.13465930261095,21.42041682109384,62171047
2000-09-29,18.855310440063477,18.855310440063477,18.855310440063477,18.855310440063477,98364109
2000-10-02,16.380802154541016,16.380802154541016,16.380802154541016,16.380802154541016,73148745
2000-10-03,15.284477233886719,15.284477233886719,15.284477233886719,15.284477233886719,168295396
2000-10-04,14.825079917907715,14.825079917907713,14.825079917907713,14.825079917907713,5181081
2000-10-05,14.464521408081055,14.642055986878942,14.372093702195288,14.372093702195288,122624932
2000-10-06,15.468419075012207,15.468419075012207,15.468419075012207,15.468419075012207,104241210
2000-10-09,15.836299896240234,16.380801044557412,15.743872184153417,16.380801044557412,97261864
2000-10-10,15.836299896240234,15.836299896240234,15.836299896240234,15.836299896240234,0
2000-10-11,15.836299896240234,15.836299896240234,15.836299896240234,15.836299896240234,137697704
2000-10-12,15.927811622619629,15.927811622619629,15.927811622619629,15.927811622619629,174041968
2000-10-13,15.927811622619629,15.927811622619629,15.927811622619629,15.927811622619629,137350795
2000-10-16,15.37690544128418,15.37690544128418,15.37690544128418,15.37690544128418,0
2000-10-17,15.37690544128418,15.836299705444562,14.82508229836727,15.37690544128418,141866968
2000-10-18,14.37209415435791,14.372094154357912,14.372094154357912,14.372094154357912,77870948
2000-10-19,13.411208152770996,13.411208152770996,13.411208152770996,13.411208152770996,56887924
2000-10-20,14.280582427978516,14.280582427978516,14.280582427978516,14.280582427978516,22214325
2000-10-23,16.019323348999023,16.20326437525775,15.284475953731647,16.20326437525775,256082428
2000-10-24,17.115644454956055,17.115644454956055,17.115644454956055,17.115644454956055,152930456
2000-10-25,17.666555404663086,17.666555404663086,17.666555404663086,17.666555404663086,158560214
2000-10-26,17.115644454956055,17.39109759035405,17.115644454956055,17.115644454956055,84091111
2000-10-27,16.564741134643555,16.564741134643555,16.564741134643555,16.564741134643555,0
2000-10-30,16.019323348999023,16.019323348999023,16.019323348999023,16.019323348999023,4337004
2000-10-31,15.468419075012207,16.019326728008778,15.468419075012207,15.468419075012207,86642255
2000-11-01,15.192964553833008,15.192964553833006,15.192964553833006,15.192964553833006,83436344
2000-11-02,16.203264236450195,16.203264236450195,14.825080448184307,14.825080448184307,98362691
2000-11-03,17.299591064453125,17.299591064453125,16.84019678645356,17.115650011272958,158299076
2000-11-06,17.39109992980957,17.39109992980957,17.39109992980957,17.39109992980957,105749233
2000-11-07,18.57893943786621,18.57893943786621,18.57893943786621,18.57893943786621,157522738
2000-11-08,19.22227668762207,19.773183150536852,17.942926828029414,18.395915825466552,204410435
2000-11-09,19.13076400756836,19.13076400756836,19.13076400756836,19.13076400756836,125585728
2000-11-10,18.487424850463867,18.487424850463867,18.487424850463867,18.487424850463867,80606512
2000-11-13,17.942928314208984,17.942928314208984,17.942928314208984,17.942928314208984,120064327
2000-11-14,17.758983612060547,17.758983612060547,17.758983612060547,17.758983612060547,82286357
2000-11-15,17.942928314208984,17.942928314208984,17.942928314208984,17.942928314208984,158117191
2000-11-16,17.758983612060547,17.758983612060547,17.758983612060547,17.758983612060547,127508821
2000-11-17,18.120460510253906,18.21197384725587,16.931708510238952,17.483530487400113,114248630
2000-11-20,16.203264236450195,16.203264236450195,16.203264236450195,16.203264236450195,85964106
2000-11-21,17.299591064453125,17.299591064453125,17.299591064453125,17.299591064453125,140443231
2000-11-22,17.115644454956055,17.115644454956055,17.115644454956055,17.115644454956055,132995030
2000-11-23,17.48352813720703,17.48352813720703,17.48352813720703,17.48352813720703,86844659
2000-11-24,17.758983612060547,17.758983612060547,17.758983612060547,17.758983612060547,111322082
2000-11-27,17.39109992980957,17.39109992980957,17.39109992980957,17.39109992980957,83160547
2000-11-28,17.39109992980957,17.39109992980957,17.39109992980957,17.39109992980957,73462510
2000-11-29,17.666555404663086,17.75898310678504,17.208075558716345,17.208075558716345,79169876
2000-11-30,17.20807647705078,17.20807647705078,17.20807647705078,17.20807647705078,91239301
2000-12-01,17.575044631958008,17.575044631958008,17.575044631958008,17.575044631958008,76860582
2000-12-04,16.473228454589844,16.473228454589844,16.473228454589844,16.473228454589844,61524985
2000-12-05,15.927811622619629,16.294776975319436,15.927811622619629,15.927811622619629,102725039
2000-12-06,15.74387264251709,16.564742576674803,15.55993158730678,16.564742576674803,108956094
2000-12-07,15.74387264251709,15.743872642517092,15.743872642517092,15.743872642517092,59915242
2000-12-08,16.019323348999023,16.019323348999023,16.019323348999023,16.019323348999023,70547610
2000-12-11,16.111751556396484,16.111751556396484,16.111751556396484,16.111751556396484,55666664
2000-12-12,17.20807647705078,17.20807647705078,16.294777736647106,16.380800152687375,157141990
2000-12-13,17.48352813720703,17.48352813720703,17.48352813720703,17.48352813720703,97502905
2000-12-14,17.20807647705078,17.20807647705078,17.20807647705078,17.20807647705078,80169832
2000-12-15,16.840194702148438,16.840194702148438,16.840194702148438,16.840194702148438,40478403
2000-12-18,16.111751556396484,16.111751556396484,16.111751556396484,16.111751556396484,77173216
2000-12-19,15.836299896240234,15.836299896240234,15.836299896240234,15.836299896240234,65667608
2000-12-20,15.652355194091797,15.652355194091797,15.652355194091797,15.652355194091797,117935746
2000-12-21,15.192964553833008,15.376905603411368,15.192964553833006,15.192964553833006,38049793
2000-12-22,15.468419075012207,15.652360140070233,15.00902476734759,15.00902476734759,80460709
2000-12-25,15.468419075012207,15.468419075012207,15.468419075012207,15.468419075012207,0
2000-12-26,15.468419075012207,15.743873485402188,15.192965832405616,15.743873485402188,42158448
2000-12-27,15.009023666381836,15.009023666381838,15.009023666381838,15.009023666381838,30791786
2000-12-28,15.37690544128418,15.37690544128418,15.37690544128418,15.37690544128418,93750699
2000-12-29,15.37690544128418,15.559930946832344,15.101451056979487,15.37690544128418,60166713
2001-01-01,15.37690544128418,15.37690544128418,15.37690544128418,15.37690544128418,0
2001-01-02,15.927811622619629,16.019323783346483,14.917509847671495,15.192963039644448,51515839
2001-01-03,15.652355194091797,16.019321666072823,15.559927503571897,15.743868510506513,36687828
2001-01-04,16.656253814697266,16.656253814697266,16.656253814697266,16.656253814697266,89040204
2001-01-05,17.20807647705078,17.20807647705078,17.20807647705078,17.20807647705078,117677090
2001-01-08,16.473228454589844,16.473228454589844,16.473228454589844,16.473228454589844,68151889
2001-01-09,17.39109992980957,17.39109992980957,17.39109992980957,17.39109992980957,102530102
2001-01-10,17.39109992980957,17.39109992980957,17.39109992980957,17.39109992980957,81231801
2001-01-11,17.575044631958008,17.575044631958008,17.575044631958008,17.575044631958008,143220162
2001-01-12,17.48352813720703,18.034435666002512,17.391100438318617,17.850494642413654,58514018
2001-01-15,17.299591064453125,17.299591064453125,17.299591064453125,17.299591064453125,41144255
2001-01-16,17.942928314208984,18.21197627631801,17.299592914239593,17.299592914239593,96200912
2001-01-17,18.30348777770996,18.30348777770996,18.30348777770996,18.30348777770996,157586364
2001-01-18,17.942928314208984,17.942928314208984,17.942928314208984,17.942928314208984,96109589
2001-01-19,17.942928314208984,17.942928314208984,17.942928314208984,17.942928314208984,0
2001-01-22,17.942928314208984,17.942928314208984,17.942928314208984,17.942928314208984,0
2001-01-23,17.942928314208984,17.942928314208984,17.942928314208984,17.942928314208984,0
2001-01-24,17.942928314208984,17.942928314208984,17.942928314208984,17.942928314208984,0
2001-01-25,17.942928314208984,17.942928314208984,17.942928314208984,17.942928314208984,0
2001-01-26,17.942928314208984,17.942928314208984,17.942928314208984,17.942928314208984,0
2001-01-29,17.575044631958008,17.575044631958008,17.575044631958008,17.575044631958008,74985653
2001-01-30,18.762882232666016,18.762882232666016,18.762882232666016,18.762882232666016,62810486
2001-01-31,19.406213760375977,19.406213760375977,19.406213760375977,19.406213760375977,138252295
2001-02-01,19.03833770751953,19.03833770751953,19.03833770751953,19.03833770751953,54327794
2001-02-02,18.855310440063477,18.855310440063477,18.855310440063477,18.855310440063477,88703116
2001-02-05,18.120460510253906,18.120460510253906,18.120460510253906,18.120460510253906,52361896
2001-02-06,18.487424850463867,18.855306903030538,18.303483824180528,18.303483824180528,83759001
2001-02-07,18.034435272216797,18.034435272216797,18.034435272216797,18.034435272216797,42562908
2001-02-08,18.39591407775879,18.39591407775879,18.39591407775879,18.39591407775879,45431564
2001-02-09,18.946819305419922,18.946819305419922,18.946819305419922,18.946819305419922,109737656
2001-02-12,18.855310440063477,19.313789194908665,18.762881554699415,18.946822615487918,77686327
2001-02-13,19.13076400756836,19.13076400756836,19.13076400756836,19.13076400756836,137790352
2001-02-14,18.487424850463867,18.487424850463867,18.487424850463867,18.487424850463867,80882450
2001-02-15,19.13076400756836,19.13076400756836,19.13076400756836,19.13076400756836,69075167
2001-02-16,18.57893943786621,18.57893943786621,18.57893943786621,18.57893943786621,69925091
2001-02-19,18.120460510253906,18.120460510253906,18.120460510253906,18.120460510253906,32451767
2001-02-20,18.30348777770996,18.30348777770996,18.30348777770996,18.30348777770996,83762279
2001-02-21,18.855310440063477,18.855310440063477,18.855310440063477,18.855310440063477,56994776
2001-02-22,18.211977005004883,18.211977005004883,18.211977005004883,18.211977005004883,37481847
2001-02-23,18.39591407775879,18.39591407775879,18.39591407775879,18.39591407775879,45116615
2001-02-26,18.30348777770996,18.85531097575306,18.30348777770996,18.395916665699975,47882427
2001-02-27,18.39591407775879,18.39591407775879,18.39591407775879,18.39591407775879,45279224
2001-02-28,18.39591407775879,18.39591407775879,18.39591407775879,18.39591407775879,0
2001-03-01,18.120460510253906,18.120460510253906,18.120460510253906,18.120460510253906,47432319
2001-03-02,17.575044631958008,17.575044631958008,17.575044631958008,17.575044631958008,40040505
2001-03-05,17.575044631958008,17.575044631958008,17.575044631958008,17.575044631958008,24650797
2001-03-06,17.666555404663086,18.0344362969278,17.666555404663086,17.75898310678504,31032693
2001-03-07,18.57893943786621,18.57893943786621,18.57893943786621,18.57893943786621,67266265
2001-03-08,18.211977005004883,18.211977005004883,18.211977005004883,18.211977005004883,31027842
2001-03-09,18.120460510253906,18.120460510253906,18.120460510253906,18.120460510253906,16905243
2001-03-12,17.942928314208984,17.942928314208984,17.942928314208984,17.942928314208984,20894757
2001-03-13,18.57893943786621,18.57893943786621,18.120459570115948,18.120459570115948,61331988
2001-03-14,19.49772834777832,19.49772834777832,19.49772834777832,19.49772834777832,140823591
2001-03-15,19.590160369873047,19.590160369873047,19.590160369873047,19.590160369873047,93488102
2001-03-16,18.855310440063477,18.855310440063477,18.855310440063477,18.855310440063477,62863634
2001-03-19,18.57893943786621,18.57893943786621,18.57893943786621,18.57893943786621,26213875
2001-03-20,18.39591407775879,18.39591407775879,18.39591407775879,18.39591407775879,28554092
2001-03-21,17.942928314208984,17.942928314208984,17.942928314208984,17.942928314208984,48849379
2001-03-22,18.487424850463867,18.487424850463867,18.120458339881704,18.120458339881704,32002081
2001-03-23,18.487424850463867,19.038332387329362,18.487424850463867,18.76287803500504,45853827
2001-03-26,18.762882232666016,18.85531112136984,18.578942333014503,18.762882232666016,62931221
2001-03-27,18.671367645263672,19.49772844494167,18.578939936266742,19.038334190604207,74558392
2001-03-28,18.487424850463867,18.855306903030538,18.487424850463867,18.76287803500504,30463650
2001-03-29,18.30348777770996,18.487428843724327,18.211975599685612,18.30348777770996,27942017
2001-03-30,18.39591407775879,18.67136728304669,18.30348520277169,18.39591407775879,27850754
2001-04-02,18.120460510253906,18.30348601647455,17.942925921031705,18.30348601647455,35484765
2001-04-03,17.942928314208984,18.12046292711025,17.75898724136063,18.0344404956333,38047244
2001-04-04,17.942928314208984,18.12046292711025,17.850499422784946,17.942928314208984,39492069
2001-04-05,17.942928314208984,17.942928314208984,17.942928314208984,17.942928314208984,0
2001-04-06,18.120460510253906,18.120460510253906,18.120460510253906,18.120460510253906,43280651
2001-04-09,17.942928314208984,18.0344404956333,17.850499422784946,17.942928314208984,19502478
2001-04-10,17.758983612060547,17.758983612060547,17.758983612060547,17.758983612060547,39810350
2001-04-11,17.758983612060547,18.034436810040457,17.39110154154575,17.942924647317945,47859044
2001-04-12,18.120460510253906,18.21197384725587,17.850497041935572,17.942925921031705,26274282
2001-04-13,17.575044631958008,17.575044631958008,17.575044631958008,17.575044631958008,23321555
2001-04-16,17.575044631958008,17.758985688724735,17.575044631958008,17.575044631958008,15141361
2001-04-17,17.758983612060547,17.758983612060547,17.758983612060547,17.758983612060547,11542411
2001-04-18,17.942928314208984,18.0344404956333,17.75898724136063,17.850499422784946,23003160
2001-04-19,18.57893943786621,18.855308183155124,18.30348506684074,18.4874261056122,78405783
2001-04-20,18.57893943786621,18.762879308854448,18.4874261056122,18.762879308854448,30286048
2001-04-23,18.762882232666016,18.762882232666016,18.395916807768923,18.671370053934925,21331866
2001-04-24,18.39591407775879,18.39591407775879,18.39591407775879,18.39591407775879,14763623
2001-04-25,18.30348777770996,18.30348777770996,18.30348777770996,18.30348777770996,13129300
2001-04-26,18.034435272216797,18.034435272216797,18.034435272216797,18.034435272216797,10136972
2001-04-27,17.666555404663086,17.666555404663086,17.666555404663086,17.666555404663086,27161064
2001-04-30,17.666555404663086,18.0344362969278,17.666555404663086,17.75898310678504,35963762
2001-05-01,17.666555404663086,17.666555404663086,17.666555404663086,17.666555404663086,0
2001-05-02,17.48352813720703,17.48352813720703,17.48352813720703,17.48352813720703,28088402
2001-05-03,17.850496292114258,18.034437332702513,17.48352975299346,17.48352975299346,18405592
2001-05-04,17.39109992980957,17.39109992980957,17.39109992980957,17.39109992980957,28407018
2001-05-07,17.666555404663086,17.85049526690386,17.39110104673716,17.75898310678504,26403674
2001-05-08,17.666555404663086,17.666555404663086,17.666555404663086,17.666555404663086,26741015
2001-05-09,17.758983612060547,17.758983612060547,17.758983612060547,17.758983612060547,19390702
2001-05-10,17.48352813720703,17.48352813720703,17.48352813720703,17.48352813720703,22677245
2001-05-11,17.850496292114258,17.850496292114258,17.29958988018844,17.48352975299346,30203696
2001-05-14,17.850496292114258,17.942925167327857,17.666556419309238,17.850496292114258,12882492
2001-05-15,17.666555404663086,17.666555404663086,17.666555404663086,17.666555404663086,23957039
2001-05-16,17.666555404663086,17.666555404663086,17.666555404663086,17.666555404663086,14482821
2001-05-17,17.850496292114258,17.942925167327857,17.666556419309238,17.758984126739602,15497168
2001-05-18,17.942928314208984,17.942928314208984,17.942928314208984,17.942928314208984,15267856
2001-05-21,17.575044631958008,17.85049786214831,17.208078060560798,17.85049786214831,18842460
2001-05-22,17.758983612060547,17.758983612060547,17.483529246297437,17.666555907308858,23884529
2001-05-23,17.942928314208984,18.303488457742326,17.57504616851227,17.75898724136063,33232473
2001-05-24,18.034435272216797,18.034435272216797,18.034435272216797,18.034435272216797,21866480
2001-05-25,18.034435272216797,18.034435272216797,18.034435272216797,18.034435272216797,18326472
2001-05-28,17.666555404663086,18.0344362969278,17.666555404663086,17.85049526690386,12944819
2001-05-29,17.758983612060547,17.758983612060547,17.758983612060547,17.758983612060547,17374740
2001-05-30,17.666555404663086,17.666555404663086,17.666555404663086,17.666555404663086,29494383
2001-05-31,17.39109992980957,17.39109992980957,17.39109992980957,17.39109992980957,20764362
2001-06-01,16.564741134643555,17.48352962079884,16.294777679706424,17.391101914067328,39960769
2001-06-04,16.564741134643555,16.564741134643555,16.111752182557755,16.564741134643555,31302295
2001-06-05,16.473228454589844,16.473228454589844,16.473228454589844,16.473228454589844,34687474
2001-06-06,16.840194702148438,17.024134564779114,16.473228183325812,16.473228183325812,75024872
2001-06-07,16.564741134643555,16.564741134643555,16.564741134643555,16.564741134643555,25701794
2001-06-08,16.748682022094727,17.02413522347925,16.656254316200627,16.656254316200627,42959928
2001-06-11,17.39109992980957,17.39109992980957,16.748680262880875,16.748680262880875,26506819
2001-06-12,17.39109992980957,17.39109992980957,17.39109992980957,17.39109992980957,20290028
2001-06-13,17.115644454956055,17.115644454956055,17.115644454956055,17.115644454956055,23991066
2001-06-14,16.748682022094727,17.02413522347925,16.656254316200627,16.931707517585153,19901893
2001-06-15,17.02413558959961,17.02413558959961,16.47322917498279,16.7486823822912,12281249
2001-06-18,16.748682022094727,16.748682022094727,16.748682022094727,16.748682022094727,7888988
2001-06-19,16.656253814697266,16.656253814697266,16.656253814697266,16.656253814697266,24652603
2001-06-20,16.380802154541016,16.380802154541016,16.380802154541016,16.380802154541016,10947115
2001-06-21,16.473228454589844,16.564740616409576,16.380799582966777,16.380799582966777,17985450
2001-06-22,16.294780731201172,16.56474423669389,16.019327475737345,16.473232054873844,14550749
2001-06-25,16.294780731201172,16.294780731201172,16.294780731201172,16.294780731201172,0
2001-06-26,15.559928894042969,16.380798686116552,15.284475713861525,16.203264120968427,20983364
2001-06-27,15.927811622619629,15.927811622619629,15.192963039644448,15.559929560127433,26323162
2001-06-28,15.559928894042969,15.836297616194429,15.46841556945041,15.836297616194429,17006917
2001-06-29,16.564741134643555,16.564741134643555,15.92781231114352,16.01932447582624,59631256
2001-07-02,16.37122917175293,16.80912160832988,16.26064953720288,16.698543149683555,51108842
2001-07-03,16.476280212402344,16.698544853685505,16.37123084235414,16.37123084235414,28513164
2001-07-04,16.31593894958496,16.47627812220949,16.260649133681998,16.47627812220949,11383740
2001-07-05,16.15007209777832,16.476279570889904,16.038387106677813,16.31594038416752,11294123
2001-07-06,16.476280212402344,16.476280212402344,16.476280212402344,16.476280212402344,15716456
2001-07-09,16.69854164123535,16.809120089892666,16.31593788059188,16.476277042711253,27298003
2001-07-10,17.031387329101562,17.031387329101562,17.031387329101562,17.031387329101562,48233918
2001-07-11,16.920804977416992,17.253648022898098,16.80912000402436,16.80912000402436,21409871
2001-07-12,17.141963958740234,17.253648938056802,16.92080587492121,17.253648938056802,21963677
2001-07-13,16.920804977416992,17.586491068379207,16.920804977416992,17.586491068379207,29975249
2001-07-16,17.031387329101562,17.364229251985876,16.58685923903373,17.364229251985876,26341860
2001-07-17,17.253650665283203,17.253650665283203,17.253650665283203,17.253650665283203,21839716
2001-07-18,16.80912208557129,17.47480825896833,16.80912208557129,17.47480825896833,19139873
2001-07-19,16.920804977416992,17.031384601413038,15.872516303669423,15.872516303669423,27095458
2001-07-20,17.141963958740234,17.141963958740234,16.69854244164697,16.92080587492121,22782762
2001-07-23,16.80912208557129,17.25365015949288,16.586858636562376,17.14196517226981,13164727
2001-07-24,16.476280212402344,16.8091233236158,16.26065119652,16.8091233236158,20555082
2001-07-25,16.920804977416992,17.141963049505467,16.476276958543252,16.476276958543252,19359842
2001-07-26,17.47480583190918,17.586490803620432,16.809119750968648,16.9208047226799,25753571
2001-07-27,17.141963958740234,17.58649200119239,17.141963958740234,17.474807021875826,19723575
2001-07-30,17.141963958740234,17.141963958740234,17.141963958740234,17.141963958740234,0
2001-07-31,17.91933822631836,18.141601698812515,17.03138851008811,17.141966983558117,39109766
2001-08-01,18.357229232788086,18.579493863160007,17.9193367730231,18.141600227491235,54699111
2001-08-02,18.467809677124023,18.5794946719521,18.24665156258918,18.467809677124023,26420099
2001-08-03,18.1416015625,18.579495230392602,18.1416015625,18.46781023220763,20989749
2001-08-06,18.24664878845215,18.357227240955808,18.029913281207556,18.14159825905556,9682067
2001-08-07,18.1416015625,18.246652111025476,18.029916564315027,18.246652111025476,7784784
2001-08-08,18.467809677124023,18.800652786486946,18.141601017221188,18.141601017221188,23477697
2001-08-09,18.467809677124023,18.690073141267604,18.24665156258918,18.467809677124023,15434519
2001-08-10,18.357229232788086,18.69007232766187,18.246650768286223,18.579493863160007,17093724
2001-08-13,18.357229232788086,18.579493863160007,18.246650768286223,18.357229232788086,11733156
2001-08-14,18.6900691986084,18.6900691986084,18.357226159458524,18.467805781351156,9309391
2001-08-15,18.6900691986084,18.800648820501035,18.579490752619353,18.6900691986084,21359989
2001-08-16,18.467809677124023,18.91233660541118,18.24665156258918,18.800652786486946,20770734
2001-08-17,18.24664878845215,18.46780686936313,18.029913281207556,18.357227240955808,17481554
2001-08-20,18.0299129486084,18.14159792439614,17.697071071893035,18.0299129486084,19781747
2001-08-21,18.24664878845215,18.46780686936313,18.14159825905556,18.24664878845215,20925873
2001-08-22,18.0299129486084,18.246648451854856,17.919334498144586,18.14159792439614,9978545
2001-08-23,18.0299129486084,18.246648451854856,17.58649144552558,18.246648451854856,19036864
2001-08-24,17.141963958740234,17.91933506432798,16.92080587492121,17.69707163105374,25453887
2001-08-27,17.364227294921875,17.364227294921875,17.031385409551056,17.253648841582503,10010687
2001-08-28,16.80912208557129,17.47480825896833,16.698543623785447,17.47480825896833,15926015
2001-08-29,16.476280212402344,16.586859858236483,16.20536137360293,16.586859858236483,36118903
2001-08-30,15.872516632080078,16.26064832168624,15.372698790866822,15.705541843234627,65531470
2001-08-31,14.76230525970459,14.928173554242969,14.76230525970459,14.76230525970459,27296615
2001-09-03,13.769303321838379,14.046856578818094,13.76930332183838,13.76930332183838,106291879
2001-09-04,13.658726692199707,13.714015340373392,13.048329103974327,13.048329103974327,147560961
2001-09-05,13.103618621826172,13.381173085365695,12.887989606457122,13.269488090182536,70880102
2001-09-06,12.498751640319824,13.381173424405207,12.388173167851022,13.158908778019606,78857893
2001-09-07,12.61043643951416,12.721016086143413,12.332883149222054,12.38817297253668,79619095
2001-09-10,12.498751640319824,12.610436638332752,12.000040224810284,12.610436638332752,38455977
2001-09-11,12.443460464477539,12.831593365357808,12.277592185839646,12.610435268539367,84116774
2001-09-12,12.443460464477539,12.44346046447754,12.44346046447754,12.44346046447754,0
2001-09-13,12.055330276489258,12.110620101718954,11.610802151233369,11.610802151233369,93017836
2001-09-14,11.277958869934082,12.3328834056237,11.229304671056461,12.3328834056237,97670647
2001-09-17,11.277958869934082,11.277958869934084,11.277958869934084,11.277958869934084,0
2001-09-18,11.277958869934082,11.277958869934084,11.277958869934084,11.277958869934084,0
2001-09-19,11.229302406311035,11.277956595375993,10.895352827586317,10.895352827586317,62465185
2001-09-20,10.840063095092773,11.117616307138851,10.840063095092773,10.840063095092773,44740090
2001-09-21,10.507223129272461,10.674196774394536,10.507223129272461,10.507223129272461,30550520
2001-09-24,10.840063095092773,11.062326499411174,10.284955495097096,10.840063095092773,73492413
2001-09-25,11.277958869934082,11.555512165996545,11.229304671056461,11.500223517436316,118639696
2001-09-26,12.055330276489258,12.05533027648926,11.27795902609798,11.444933851448178,97300670
2001-09-27,12.165908813476562,12.2775938141702,11.888355512146548,12.000040512840187,46987218
2001-09-28,12.055330276489258,12.388173401624647,11.833065625909367,12.277593751165258,51791019
2001-10-01,12.055330276489258,12.05533027648926,12.05533027648926,12.05533027648926,0
2001-10-02,11.610801696777344,12.221198097927022,11.610801696777344,12.165908274861415,28627190
2001-10-03,11.389640808105469,11.83306228250878,11.277955839541258,11.722483839196935,41960955
2001-10-04,11.833064079284668,12.055328700813764,11.610800633659315,12.055328700813764,62887425
2001-10-05,12.165908813476562,12.332883639683626,11.722487211510172,11.833065686633123,68511779
2001-10-08,11.777775764465332,12.165907498981664,11.722485944925829,11.943644047180069,26259931
2001-10-09,12.165908813476562,12.2775938141702,11.888355512146548,11.943645337659975,43893547
2001-10-10,12.165908813476562,12.165908813476562,12.165908813476562,12.165908813476562,0
2001-10-11,12.998567581176758,12.99856758117676,12.99856758117676,12.99856758117676,28575507
2001-10-12,13.879883766174316,13.879883766174316,13.491750853159333,13.879883766174316,126634536
2001-10-15,14.046855926513672,14.04685592651367,13.491749438332143,13.491749438332143,40688921
2001-10-16,14.102148056030273,14.213833052028694,13.714015119990448,14.046858232841222,30710861
2001-10-17,13.879883766174316,14.434990312567699,13.824593946265171,14.269122028744045,48014903
2001-10-18,13.381171226501465,13.602328135113279,13.325881411396674,13.491749680807372,40244530
2001-10-19,13.491752624511719,13.71401610698057,13.04832983336995,13.381174146079195,34350248
2001-10-22,13.491752624511719,13.71401610698057,13.381174146079195,13.491752624511719,31687487
2001-10-23,13.602327346801758,13.714012319997432,13.491748898904333,13.714012319997432,36578314
2001-10-24,13.936280250549316,14.37970306272588,13.602331748202513,13.602331748202513,71063246
2001-10-25,14.046855926513672,14.324409170604435,13.936276298291435,13.936276298291435,36765187
2001-10-26,14.15743637084961,14.601964432337638,14.102146553551275,14.324409996343428,56200876
2001-10-29,14.046855926513672,14.157435554735907,13.824592496534025,14.157435554735907,24664406
2001-10-30,13.491752624511719,13.824595761317028,13.436462797343488,13.71401610698057,26662708
2001-10-31,14.15743637084961,14.434989630940093,13.602328674764914,13.602328674764914,66057618
2001-11-01,14.712545394897461,14.928174425563864,14.546677090677754,14.601966917385631,57897587
2001-11-02,14.984564781188965,15.483276058999305,14.984564781188967,15.15043420794976,40292483
2001-11-05,15.20572280883789,15.262119142877598,14.71254063055199,15.039854558331113,20282271
2001-11-06,15.262124061584473,16.038388805963557,15.039859405406103,15.317412712302902,39956794
2001-11-07,15.872516632080078,16.150069871305885,15.65025203009263,15.927805269318437,45262859
2001-11-08,15.816123962402344,15.92780896401281,15.317412530828584,15.70554548637165,31553150
2001-11-09,15.872516632080078,16.093673532840793,15.48327724124718,15.48327724124718,35957754
2001-11-12,16.09367561340332,16.150071959159234,15.594964233040619,15.872518684051823,23054982
2001-11-13,15.927806854248047,16.260649939736098,15.70554340604745,15.70554340604745,22483173
2001-11-14,16.69854164123535,16.69854164123535,16.31593788059188,16.586856667272183,37103848
2001-11-15,17.031387329101562,17.031387329101562,16.47627959732763,16.698544230313445,34634924
2001-11-16,17.141963958740234,17.364227392014474,16.92080587492121,17.031385504782563,39752080
2001-11-19,17.47480583190918,17.586490803620432,17.031384345011205,17.141962791438914,23922060
2001-11-20,16.58685874938965,17.697073004260186,16.47627911094786,17.5864933658184,26375591
2001-11-21,17.031387329101562,17.031387329101562,16.371230231201015,16.371230231201015,23269347
2001-11-22,16.58685874938965,17.25365027685581,16.58685874938965,17.25365027685581,20008696
2001-11-23,16.69854164123535,17.141963137074082,16.476277042711253,16.476277042711253,23407336
2001-11-26,16.920804977416992,17.141963049505467,16.80912000402436,16.920804977416992,33946005
2001-11-27,16.4265193939209,17.141965108106156,16.150071476635414,17.031386646734216,51217582
2001-11-28,16.15007209777832,16.531569391654234,16.093675751538346,16.426520025696185,25698381
2001-11-29,16.476280212402344,16.476280212402344,15.927808085306545,16.038387731140684,21721514
2001-11-30,16.03838348388672,16.58685546573722,16.03838348388672,16.58685546573722,21161246
2001-12-03,17.141963958740234,17.141963958740234,16.37122847759482,16.531567647399733,51066352
2001-12-04,17.586490631103516,17.808754047062155,17.253647593898314,17.253647593898314,62648702
2001-12-05,17.91933822631836,18.467810370971215,17.586495104450314,17.91933822631836,77036792
2001-12-06,18.579496383666992,18.912338347790552,18.029917683475734,18.579496383666992,79494220
2001-12-07,18.24664878845215,18.46780686936313,17.697071398352232,18.46780686936313,61082297
2001-12-10,17.69707489013672,18.246652388672985,17.69707489013672,18.141601838549022,37301482
2001-12-11,17.586490631103516,17.697070252350073,17.14196262328265,17.14196262328265,47640331
2001-12-12,18.467809677124023,18.5794946719521,17.80875790785827,17.80875790785827,72647597
2001-12-13,18.357229232788086,19.578023147781355,18.246650768286223,18.80065196806752,135340534
2001-12-14,18.0299129486084,18.467806528686115,17.58649144552558,17.58649144552558,57181204
2001-12-17,17.141963958740234,18.029913518285653,17.141963958740234,17.80875543446663,44382384
2001-12-18,16.69854164123535,17.586491158218664,16.586856667272183,17.586491158218664,40744646
2001-12-19,16.37122917175293,17.14196468557838,16.37122917175293,16.92080659238201,47122190
2001-12-20,17.031387329101562,17.031387329101562,16.58685923903373,16.809122696115743,49751048
2001-12-21,16.69854164123535,17.36422655969456,16.586856667272183,17.031384688416768,42992276
2001-12-24,16.37122917175293,16.92080659238201,16.26064953720288,16.586858165631423,28229944
2001-12-25,17.253650665283203,17.253650665283203,16.315940296018347,16.37123011648397,37694123
2001-12-26,17.141963958740234,17.69707163105374,16.92080587492121,17.364227392014474,45581839
2001-12-27,17.91933822631836,18.246652248127322,17.697074753824204,18.246652248127322,151800274
2001-12-28,17.364227294921875,17.919334964131476,17.253648841582503,17.919334964131476,55170665
2001-12-31,17.69707489013672,17.91933836434287,17.364230589801043,17.474810240026674,50244970
2002-01-01,17.69707489013672,17.69707489013672,17.69707489013672,17.69707489013672,0
2002-01-02,18.0299129486084,18.246648451854856,17.58649144552558,17.808754871777136,53026747
2002-01-03,17.253650665283203,18.35722932004113,17.253650665283203,18.24665085501368,44495931
2002-01-04,18.0299129486084,18.246648451854856,17.58649144552558,17.697071071893035,107159067
2002-01-07,19.245182037353516,19.245182037353516,18.357232247323044,18.357232247323044,116986851
2002-01-08,20.57102394104004,20.57102394104004,19.578023726668132,19.6886021944396,170315770
2002-01-09,20.3487548828125,21.1261259166082,19.800282885594005,21.014440947606005,97088401
2002-01-10,20.90386199951172,21.236703866697738,20.01591131754077,20.5710201323257,128179175
2002-01-11,19.467445373535156,21.014446906623512,19.467445373535156,20.903867255617637,74453317
2002-01-14,19.688602447509766,19.800287442213914,19.022916229522572,19.245179693419527,42273156
2002-01-15,19.800283432006836,19.910863054707477,19.3557554183406,19.3557554183406,30525933
2002-01-16,19.355756759643555,20.12649224428906,19.355756759643555,19.800284804114415,35686677
2002-01-17,19.134599685668945,19.245178145970456,18.800651253919668,19.022914699945062,37598623
2002-01-18,19.134599685668945,19.688600864406357,18.912335063739807,19.355757782175708,62894885
2002-01-21,20.45933723449707,20.45933723449707,19.134599375937274,19.134599375937274,87671690
2002-01-22,20.126495361328125,20.903866590839456,20.015915713838872,20.681601946229524,68112208
2002-01-23,20.3487548828125,21.014440947606005,20.126490294161243,20.126490294161243,97654596
2002-01-24,19.910863876342773,20.681598163479613,19.800284249078988,20.571020888023124,46294146
2002-01-25,20.238178253173828,20.681599794827655,20.015913631684956,20.459337525146264,63406013
2002-01-28,20.68160057067871,21.014444840640145,20.348758652524847,20.57102328235177,51573337
2002-01-29,20.01591682434082,20.681603093664375,19.910868622795967,20.681603093664375,45640407
2002-01-30,19.467445373535156,19.910868151321328,19.355760372862708,19.688603499643005,54631934
2002-01-31,19.578020095825195,19.91086313881312,19.467440472657454,19.91086313881312,27177119
2002-02-01,19.578020095825195,20.126490934592642,19.578020095825195,20.126490934592642,20491060
2002-02-04,20.126495361328125,20.126495361328125,19.688602873512256,19.910867518122192,38118721
2002-02-05,20.3487548828125,20.3487548828125,19.800282885594005,20.126490294161243,21578831
2002-02-06,20.3487548828125,20.79328170830788,20.3487548828125,20.57101947146376,52741732
2002-02-07,20.3487548828125,20.3487548828125,20.3487548828125,20.3487548828125,0
2002-02-08,20.3487548828125,20.3487548828125,20.3487548828125,20.3487548828125,0
2002-02-11,20.3487548828125,20.3487548828125,20.3487548828125,20.3487548828125,0
2002-02-12,20.3487548828125,20.3487548828125,20.3487548828125,20.3487548828125,0
2002-02-13,20.3487548828125,20.3487548828125,20.3487548828125,20.3487548828125,0
2002-02-14,20.3487548828125,20.3487548828125,20.3487548828125,20.3487548828125,0
2002-02-15,20.3487548828125,20.3487548828125,20.3487548828125,20.3487548828125,0
2002-02-18,20.01591682434082,20.903867750605762,20.01591682434082,20.793288096981442,51917261
2002-02-19,19.467445373535156,20.238181002057043,19.355760372862708,20.12649600138459,41572033
2002-02-20,18.800647735595703,19.35575415996999,18.690068120084145,19.35575415996999,41372298
2002-02-21,18.579496383666992,19.022918003197514,18.3572317231425,18.912338347790552,44602714
2002-02-22,18.1416015625,18.579495230392602,18.1416015625,18.246652111025476,41375453
2002-02-25,17.69707489013672,18.357230862994726,17.586495239911084,18.141601838549022,36164035
2002-02-26,17.141963958740234,18.14159849760222,17.141963958740234,17.91933506432798,65647074
2002-02-27,17.69707489013672,17.808758714117236,17.14196711559489,17.14196711559489,82966995
2002-02-28,17.69707489013672,17.69707489013672,17.69707489013672,17.69707489013672,0
2002-03-01,17.141963958740234,17.58649200119239,17.031385504782563,17.58649200119239,60356264
2002-03-04,18.0299129486084,18.246648451854856,17.474806469737842,17.697071071893035,84949151
2002-03-05,18.579496383666992,18.690074863170008,18.3572317231425,18.46781137854946,99120233
2002-03-06,18.912330627441406,18.912330627441406,18.467803839664043,18.800646843819127,47348224
2002-03-07,18.467809677124023,19.1346012454586,18.35723003190468,19.1346012454586,43657555
2002-03-08,17.69707489013672,18.357230862994726,17.474810240026674,18.246652388672985,67518610
2002-03-11,18.467809677124023,18.5794946719521,17.80875790785827,17.80875790785827,57030359
2002-03-12,18.467809677124023,18.690073141267604,18.24665156258918,18.690073141267604,48139182
2002-03-13,18.1416015625,18.690073703031743,18.1416015625,18.246652111025476,25205122
2002-03-14,18.1416015625,18.1416015625,17.808758443132874,18.029916564315027,25495579
2002-03-15,17.80875587463379,18.357227936061186,17.697072068460486,18.141598945996037,41145349
2002-03-18,17.69707489013672,18.02991683866461,17.586495239911084,17.91933836434287,27610438
2002-03-19,17.364227294921875,17.80875533488844,17.364227294921875,17.69707153210003,43718961
2002-03-20,17.80875587463379,17.80875587463379,17.25364936450376,17.697072068460486,35763979
2002-03-21,17.586490631103516,17.808754047062155,17.47480566048785,17.47480566048785,23084559
2002-03-22,17.91933822631836,18.246652248127322,17.80875857694447,17.91933822631836,35458107
2002-03-25,18.0299129486084,18.246648451854856,17.697071071893035,17.919334498144586,31112238
2002-03-26,18.1416015625,18.357230583664617,18.029916564315027,18.029916564315027,30169197
2002-03-27,17.69707489013672,18.141601838549022,17.474810240026674,18.141601838549022,38018817
2002-03-28,18.0299129486084,18.14159792439614,17.697071071893035,17.808754871777136,42016329
2002-03-29,17.80875587463379,18.141598945996037,17.697072068460486,18.141598945996037,21242606
2002-04-01,17.69707489013672,18.02991683866461,17.69707489013672,17.69707489013672,8816060
2002-04-02,17.80875587463379,18.246649479370415,17.80875587463379,17.80875587463379,22470328
2002-04-03,17.91933822631836,17.91933822631836,17.697074753824204,17.697074753824204,24169882
2002-04-04,17.364227294921875,17.919334964131476,17.253648841582503,17.919334964131476,30115317
2002-04-05,17.364227294921875,17.364227294921875,17.364227294921875,17.364227294921875,0
2002-04-08,16.476280212402344,17.36422990020857,16.26065119652,17.253651430278275,56335157
2002-04-09,16.03838348388672,16.47627584918656,15.92780386733606,16.03838348388672,42361000
2002-04-10,16.69854164123535,16.69854164123535,16.150069619654097,16.150069619654097,50732113
2002-04-11,16.920804977416992,17.031384601413038,16.69854155593193,16.920804977416992,33628542
2002-04-12,17.141963958740234,17.141963958740234,16.69854244164697,16.92080587492121,15241050
2002-04-15,17.364227294921875,17.474806924164913,17.253648841582503,17.474806924164913,23616706
2002-04-16,17.253650665283203,17.58649376173901,17.14196567478609,17.58649376173901,13306502
2002-04-17,17.586490631103516,17.808754047062155,17.47480566048785,17.586490631103516,40804057
2002-04-18,17.80875587463379,17.91933550722826,17.58649243586601,17.80875587463379,16441196
2002-04-19,17.364227294921875,17.80875533488844,17.364227294921875,17.80875533488844,19036223
2002-04-22,17.586490631103516,17.808754047062155,17.47480566048785,17.808754047062155,24766607
2002-04-23,17.364227294921875,17.69707153210003,17.364227294921875,17.58649190285699,21043668
2002-04-24,17.586490631103516,17.586490631103516,17.36422603924129,17.36422603924129,13749020
2002-04-25,16.920804977416992,17.586491068379207,16.80912000402436,17.474806094986576,24629237
2002-04-26,16.920804977416992,17.031384601413038,16.69854155593193,16.920804977416992,21875325
2002-04-29,17.364227294921875,17.364227294921875,16.69854234827657,16.80912080161594,17468792
2002-04-30,16.80912208557129,17.364228621278727,16.80912208557129,17.364228621278727,22355889
2002-05-01,16.80912208557129,16.80912208557129,16.80912208557129,16.80912208557129,0
2002-05-02,16.69854164123535,17.253648111037247,16.586856667272183,16.920805063855834,46667056
2002-05-03,16.920804977416992,17.031384601413038,16.586856582539298,16.69854155593193,20233141
2002-05-06,16.4265193939209,16.809122022653494,16.150071476635414,16.698543561281554,28372811
2002-05-07,16.69854164123535,16.809120089892666,16.26064806831141,16.26064806831141,22575450
2002-05-08,16.37122917175293,16.80912160832988,16.37122917175293,16.80912160832988,20865955
2002-05-09,16.80912208557129,16.92080707279436,16.476278998872772,16.80912208557129,41923071
2002-05-10,17.47480583190918,17.586490803620432,16.69854130454094,16.809119750968648,39861713
2002-05-13,17.91933822631836,18.029916699788366,17.364230456052272,17.47481010542616,37970128
2002-05-14,18.24664878845215,18.24664878845215,17.697071398352232,18.029913281207556,44067898
2002-05-15,18.467809677124023,18.690073141267604,18.35723003190468,18.5794946719521,49936533
2002-05-16,18.24664878845215,18.579491847211134,18.029913281207556,18.46780686936313,28590465
2002-05-17,18.24664878845215,18.579491847211134,18.24664878845215,18.46780686936313,31732848
2002-05-20,17.91933822631836,18.246652248127322,17.80875857694447,18.141601698812515,18046990
2002-05-21,17.91933822631836,18.141601698812515,17.586495104450314,17.697074753824204,23392941
2002-05-22,18.1416015625,18.246652111025476,17.697074620851776,17.919338091675886,16677974
2002-05-23,18.467809677124023,18.690073141267604,18.141601017221188,18.24665156258918,49161638
2002-05-24,18.912330627441406,18.912330627441406,18.57948879918979,18.690067233552725,58997422
2002-05-27,18.800647735595703,19.022911140027066,18.57948968047611,18.57948968047611,26171774
2002-05-28,18.24664878845215,18.912333730066457,18.24664878845215,18.800649928122116,24420944
2002-05-29,17.80875587463379,18.141598945996037,17.697072068460486,18.141598945996037,36152790
2002-05-30,17.91933822631836,18.141601698812515,17.47481010542616,18.029916699788366,37175234
2002-05-31,17.141963958740234,17.80875543446663,17.141963958740234,17.80875543446663,40060060
2002-06-03,17.031387329101562,17.14196579490386,16.92080768739546,17.14196579490386,26345897
2002-06-04,17.253650665283203,17.253650665283203,16.698544113302834,16.698544113302834,20349799
2002-06-05,17.586490631103516,17.586490631103516,17.253647593898314,17.36422603924129,20269921
2002-06-06,17.141963958740234,17.58649200119239,17.031385504782563,17.474807021875826,23748027
2002-06-07,17.141963958740234,17.253648938056802,16.69854244164697,17.031385504782563,27010412
2002-06-10,17.253650665283203,17.58649376173901,17.253650665283203,17.253650665283203,38453340
2002-06-11,16.920804977416992,17.474806094986576,16.80912000402436,17.474806094986576,16039356
2002-06-12,16.80912208557129,16.92080707279436,16.586858636562376,16.80912208557129,21163532
2002-06-13,16.920804977416992,17.031384601413038,16.69854155593193,16.80912000402436,29019296
2002-06-14,17.141963958740234,17.141963958740234,16.809120895604647,16.92080587492121,13063418
2002-06-17,17.031387329101562,17.58649388497169,17.031387329101562,17.253650786183577,63854613
2002-06-18,17.253650665283203,17.474808771241896,17.14196567478609,17.474808771241896,18256890
2002-06-19,17.141963958740234,17.253648938056802,16.92080587492121,17.253648938056802,14808356
2002-06-20,17.253650665283203,17.253650665283203,16.698544113302834,16.9208075688274,23532541
2002-06-21,17.141963958740234,17.474807021875826,16.809120895604647,16.809120895604647,22171876
2002-06-24,16.920804977416992,17.141963049505467,16.69854155593193,16.920804977416992,26417283
2002-06-25,17.031387329101562,17.14196579490386,16.809122696115743,16.92080768739546,21917358
2002-06-26,16.69854164123535,16.920805063855834,16.26064806831141,16.69854164123535,39026320
2002-06-27,15.538569450378418,16.809122943717664,15.538569450378416,16.69854447628652,49164927
2002-06-28,15.095144271850586,15.42798729599943,14.817591056156186,15.37269748754499,66408756
2002-07-01,14.490278244018555,15.039855619206488,14.37969861861165,14.928170644388894,19300175
2002-07-02,14.65725326538086,14.712543083402124,14.046856919920417,14.102146737941682,29073287
2002-07-03,14.65725326538086,14.712543083402124,14.157436555962947,14.157436555962947,31100619
2002-07-04,14.81759262084961,15.039856051559925,14.546673824308535,14.712542091283508,19273034
2002-07-05,15.594965934753418,15.816124064141341,14.928174321636817,15.205727627030672,47882406
2002-07-08,16.4265193939209,16.47627893720083,15.927806852554692,16.20536011936951,39822792
2002-07-09,16.260650634765625,16.260650634765625,15.872518889947676,16.150072168655466,24237310
2002-07-10,16.531566619873047,16.92080482320126,16.26064783704586,16.371227460034085,48012439
2002-07-11,16.15007209777832,16.586859212418567,16.15007209777832,16.260650563403185,20289468
2002-07-12,17.253650665283203,17.253650665283203,16.426519936949592,16.426519936949592,67031585
2002-07-15,17.031387329101562,17.58649388497169,16.92080768739546,17.253650786183577,50241681
2002-07-16,16.69854164123535,17.253648111037247,16.586856667272183,17.031384688416768,19024576
2002-07-17,15.816123962402344,16.531570947334053,15.538570658793883,16.37123174552318,55273485
2002-07-18,16.80912208557129,16.92080707279436,15.816121924950588,15.872518269232616,54100345
2002-07-19,16.920804977416992,16.920804977416992,16.038384563759877,16.586856582539298,39986104
2002-07-22,16.476280212402344,16.698544853685505,16.31594101943707,16.37123084235414,38319087
2002-07-23,16.80841827392578,16.93927301106219,16.42226832433093,16.67756353678937,54594378
2002-07-24,16.55312156677246,16.80841675617855,16.36068779827494,16.55312156677246,24512619
2002-07-25,16.746841430664062,17.256149544806807,16.746841430664062,17.063715733590545,31954364
2002-07-26,16.67756462097168,16.67756462097168,16.037402981438444,16.422269391916895,26819332
2002-07-29,17.06371307373047,17.194567807702402,16.615984086225822,16.808417867445858,27263853
2002-07-30,17.834732055664062,17.965586809193155,17.579436811223793,17.579436811223793,52661060
2002-07-31,17.703876495361328,17.89759267452234,17.579436010120958,17.834731242927308,16642801
2002-08-01,17.1317081451416,17.57943599241987,16.808419596689824,17.57943599241987,49846170
2002-08-02,16.67756462097168,16.80841936661475,16.36069033917646,16.615985568231245,49517571
2002-08-05,15.526814460754395,16.03740498257511,15.526814460754396,16.03740498257511,51691437
2002-08-06,15.589675903320312,15.719248287234159,14.81737585735684,14.81737585735684,44088739
2002-08-07,16.037403106689453,16.297830222078666,16.037403106689453,16.168257853354493,27698209
2002-08-08,16.168256759643555,16.49154409803747,16.03740202183026,16.03740202183026,34281653
2002-08-09,16.615985870361328,16.93927442026629,16.615985870361328,16.615985870361328,40431158
2002-08-12,16.168256759643555,16.615984574003207,16.10539533273363,16.422268409279987,22651523
2002-08-13,16.10539436340332,16.360688375528564,16.037401056592245,16.297828138690473,16166262
2002-08-14,16.36069107055664,16.422270126049874,15.974542264885137,16.037403698366546,20792614
2002-08-15,16.93927001953125,17.194565186903723,16.677560591477178,16.746836267642,59531090
2002-08-16,17.06371307373047,17.32542254167434,16.808417867445858,17.256146854950504,23321432
2002-08-19,16.67756462097168,17.194569341312608,16.67756462097168,17.063714595669538,18780645
2002-08-20,17.256149291992188,17.32542498849965,16.87128167519825,16.939274993708132,28092199
2002-08-21,17.06371307373047,17.256146854950504,16.939272601417795,17.06371307373047,17432992
2002-08-22,17.44986343383789,17.7038750821292,17.25614727014049,17.25614727014049,31904410
2002-08-23,17.44986343383789,17.834729819249553,17.44986343383789,17.7038750821292,27246114
2002-08-26,17.194568634033203,17.32542337429371,17.063713893772697,17.32542337429371,13523295
2002-08-27,17.06371307373047,17.449863013987013,17.000851648665897,17.256146854950504,9489667
2002-08-28,16.55312156677246,16.93927148149919,16.422266841451822,16.87127817708712,25093527
2002-08-29,16.93927001953125,16.93927001953125,16.422265424104705,16.491541100269526,14803158
2002-08-30,16.67756462097168,17.325424086955678,16.67756462097168,17.325424086955678,23835684
2002-09-02,17.06371307373047,17.06371307373047,16.677563133473924,16.939272601417795,23452229
2002-09-03,16.93927001953125,17.25614422476594,16.93927001953125,17.06371047287669,14359233
2002-09-04,16.746841430664062,17.13170905309658,16.61598667629473,16.677565733141662,24254104
2002-09-05,16.29783058166504,16.939274618291225,16.29783058166504,16.871281301288246,24956922
2002-09-06,16.29783058166504,16.29783058166504,16.29783058166504,16.29783058166504,0
2002-09-09,15.782106399536133,16.29782869773832,15.39595645793918,16.29782869773832,45927476
2002-09-10,16.037403106689453,16.037403106689453,15.78210787564083,15.78210787564083,41189439
2002-09-11,15.843687057495117,16.16825798462257,15.782108003773805,16.16825798462257,22737746
2002-09-12,15.843687057495117,16.16825798462257,15.782108003773805,15.912962751501237,24415773
2002-09-13,15.526814460754395,15.84368878208898,15.526814460754396,15.84368878208898,22832386
2002-09-16,15.39595890045166,15.782108903309895,15.39595890045166,15.782108903309895,39066750
2002-09-17,15.782106399536133,15.974540181424148,15.07908220330653,15.526811192365338,40485797
2002-09-18,15.334381103515625,15.589676372170166,15.203526337575207,15.526814931748223,30800460
2002-09-19,15.334381103515625,15.589676372170166,15.334381103515625,15.334381103515625,31136772
2002-09-20,15.01109504699707,15.203527706264573,14.886654533080259,15.01109504699707,25493790
2002-09-23,15.01109504699707,15.46523726170567,15.01109504699707,15.14194982471762,24569904
2002-09-24,14.886648178100586,15.27151451862837,14.755793456240772,15.011088638894856,35120082
2002-09-25,14.624938011169434,14.94822529416223,14.43250425727733,14.886647441947384,33621304
2002-09-26,14.948225975036621,15.203521156694613,14.886648120016973,15.01108858032571,26602491
2002-09-27,15.079083442687988,15.3959577233652,15.011091314244648,15.141946059426033,29554994
2002-09-30,14.948225975036621,14.948225975036621,14.563359636010478,14.886648120016973,16079234
2002-10-01,14.886648178100586,15.011088638894856,14.755793456240772,14.755793456240772,19839774
2002-10-02,15.203526496887207,15.27151982311816,15.079085992869121,15.203526496887209,26716349
2002-10-03,15.141946792602539,15.395958468841009,15.079084172820673,15.203524661818768,35034925
2002-10-04,15.141946792602539,15.203524661818768,14.886651552087043,14.886651552087043,20067814
2002-10-07,14.369647026062012,15.011092268320496,14.245206535180158,15.011092268320496,35320124
2002-10-08,14.245206832885742,14.56336351835974,13.79106350646297,14.369647326368234,36387015
2002-10-09,14.432507514953613,14.755796057206727,14.245205601898101,14.369646084627172,34544676
2002-10-10,14.432507514953613,14.432507514953615,14.432507514953615,14.432507514953615,0
2002-10-11,13.474188804626465,14.755795601282804,13.474188804626463,14.692934172898651,41414269
2002-10-14,14.308067321777344,14.308067321777342,12.895606898301276,13.474189493628945,65818403
2002-10-15,15.271517753601074,15.271517753601074,14.500501345234627,14.500501345234627,55767568
2002-10-16,15.782106399536133,16.037401606706926,15.39595645793918,16.037401606706926,81241608
2002-10-17,15.782106399536133,16.037401606706926,15.39595645793918,15.526811192365338,48332823
2002-10-18,16.422271728515625,16.87128319777115,16.037405263277485,16.422271728515625,66803109
2002-10-21,16.491544723510742,16.55312377490206,16.16825737285554,16.422269032125847,29517257
2002-10-22,16.22983169555664,16.87127674525113,16.10539242832051,16.677560615462273,43678222
2002-10-23,17.194568634033203,17.32542337429371,16.105395633932748,16.22983492593723,71300166
2002-10-24,17.0008544921875,17.449865932609182,16.67756592292307,17.19457068362451,41234667
2002-10-25,17.06371307373047,17.194567807702402,16.677563133473924,16.808417867445858,29216438
2002-10-28,16.80841827392578,17.449863435979076,16.746839225188506,17.194568223520633,40099980
2002-10-29,16.746841430664062,16.93927524188032,16.677565733141662,16.871281922374287,40892838
2002-10-30,16.491544723510742,16.677564255587438,16.297829737728996,16.677564255587438,26174986
2002-10-31,16.10539436340332,16.80841734922938,16.10539436340332,16.55312215081572,54006513
2002-11-01,16.10539436340332,16.42226742087814,15.651251128241,16.168255786529826,47117082
2002-11-04,16.36069107055664,16.422270126049874,16.16825844985928,16.36069107055664,18458077
2002-11-05,16.36069107055664,16.553124877542608,16.105397016377875,16.553124877542608,23900780
2002-11-06,17.0008544921875,17.063715927766125,16.229836860532348,16.229836860532348,38063165
2002-11-07,17.194568634033203,17.32542337429371,16.808418675219194,17.131707205947656,44842308
2002-11-08,17.1317081451416,17.194569576673334,16.939274344124048,17.063714829239114,21599550
2002-11-11,16.55312156677246,17.13170524999671,16.49154252359558,17.13170524999671,13111910
2002-11-12,16.422271728515625,16.553126492777015,16.22983790275219,16.297832413686955,15260416
2002-11-13,16.29783058166504,16.553124632057763,16.16825821008205,16.553124632057763,19513987
2002-11-14,16.422271728515625,16.87128319777115,16.422271728515625,16.422271728515625,16152402
2002-11-15,16.746841430664062,16.93927524188032,16.677565733141662,16.93927524188032,18800750
2002-11-18,16.746841430664062,16.80842048751099,16.553125241431438,16.677565733141662,10087820
2002-11-19,16.746841430664062,16.871281922374287,16.677565733141662,16.80842048751099,13867621
2002-11-20,16.29783058166504,16.74684081415907,16.229836078373463,16.74684081415907,18705699
2002-11-21,16.10539436340332,16.55312215081572,16.10539436340332,16.42226742087814,19672612
2002-11-22,16.80841827392578,16.93927301106219,16.42226832433093,16.491544012730063,46862678
2002-11-25,17.0008544921875,17.0008544921875,16.67756592292307,17.0008544921875,27166702
2002-11-26,16.67756462097168,17.000853164998254,16.67756462097168,17.000853164998254,12093980
2002-11-27,16.491544723510742,16.746839946972333,16.491544723510742,16.55312377490206,12812676
2002-11-28,16.67756462097168,16.939274112257824,16.553124137559966,16.939274112257824,27079825
2002-11-29,16.746841430664062,16.93927524188032,16.61598667629473,16.677565733141662,15473058
2002-12-02,16.87127685546875,16.939270154554535,16.677560724414374,16.746836401131393,12615233
2002-12-03,17.194568634033203,17.579435028680603,16.87128010330474,16.87128010330474,69309680
2002-12-04,16.87127685546875,17.194565323961974,16.746836401131393,17.194565323961974,32288917
2002-12-05,16.93927001953125,17.000849057393463,16.677560591477178,16.87127672098744,15900427
2002-12-06,16.67756462097168,16.871280797286033,16.615985568231245,16.871280797286033,22087539
2002-12-09,16.746841430664062,17.063715733590545,16.677565733141662,16.93927524188032,32772810
2002-12-10,16.491544723510742,16.677564255587438,16.16825737285554,16.677564255587438,36350077
2002-12-11,16.491544723510742,16.677564255587438,16.360689980734534,16.491544723510742,30508900
2002-12-12,16.168256759643555,16.55312314709328,16.10539533273363,16.49154409803747,34914276
2002-12-13,16.10539436340332,16.297828138690473,15.974539633465737,16.168255786529826,25753163
2002-12-16,15.912961959838867,16.037402439041916,15.782107218621398,15.912961959838867,13089788
2002-12-17,16.29783058166504,16.422269882505617,16.037403460529905,16.105396777532885,29124537
2002-12-18,16.037403106689453,16.360690466952324,16.037403106689453,16.297830222078666,10249741
2002-12-19,15.782106399536133,16.037401606706926,15.782106399536133,16.037401606706926,30840602
2002-12-20,15.974542617797852,16.037404052668006,15.395958806069581,15.782108806560595,31725316
2002-12-23,15.974542617797852,16.16825880705161,15.912963560944203,16.16825880705161,11752175
2002-12-24,15.912961959838867,16.168257180259385,15.912961959838867,15.974541010496653,9468655
2002-12-25,15.719244003295898,15.91296015103924,15.719244003295898,15.782105424695809,5759723
2002-12-26,16.037403106689453,16.037403106689453,15.526812644592207,15.719246444478605,9887880
2002-12-27,15.782106399536133,16.037401606706926,15.782106399536133,16.037401606706926,11480478
2002-12-30,15.39595890045166,15.65125414812411,15.39595890045166,15.526813655637447,11659514
2002-12-31,15.39595890045166,15.589675090892962,15.334379843220512,15.39595890045166,11110831
2003-01-01,15.39595890045166,15.39595890045166,15.39595890045166,15.39595890045166,0
2003-01-02,15.526814460754395,15.719248283149664,15.334380638359129,15.465235400330169,13264383
2003-01-03,15.719244003295898,15.974539194697437,15.651250698352376,15.91296015103924,17293672
2003-01-06,15.719244003295898,15.91296015103924,15.719244003295898,15.91296015103924,13107823
2003-01-07,15.843687057495117,15.97454180522255,15.651253256046374,15.912962751501237,34475349
2003-01-08,16.22983169555664,16.29782618048651,15.843682999890056,15.843682999890056,33631121
2003-01-09,15.912961959838867,16.168257180259385,15.912961959838867,16.168257180259385,16074100
2003-01-10,16.037403106689453,16.168257853354493,15.912962622305868,16.168257853354493,15817074
2003-01-13,16.491544723510742,16.677564255587438,16.16825737285554,16.16825737285554,44317870
2003-01-14,16.93927001953125,16.93927001953125,16.55312013813174,16.677560591477178,41818280
2003-01-15,16.80841827392578,17.131706796935877,16.67756353678937,17.063713486384223,20553370
2003-01-16,16.491544723510742,16.93927374113986,16.422269032125847,16.746839946972333,21868294
2003-01-17,15.974542617797852,16.360691432000227,15.912963560944203,16.22983667761662,27377944
2003-01-20,15.912961959838867,16.168257180259385,15.782107218621398,15.782107218621398,20336869
2003-01-21,15.912961959838867,16.105395751714124,15.843686269279182,16.037402439041916,16363405
2003-01-22,14.817370414733887,15.651249214842489,14.817370414733887,15.52680876157952,60848710
2003-01-23,15.079083442687988,15.526812468546584,14.432507543204668,14.432507543204668,94704938
2003-01-24,15.141946792602539,15.843687516378747,15.141946792602539,15.395958468841009,308905011
2003-01-27,15.334381103515625,15.395960165807805,15.079085834861084,15.271519663093683,45147995
2003-01-28,15.271517753601074,15.39595824075563,15.14194656828025,15.203524436584225,53966851
2003-01-29,15.271517753601074,15.271517753601074,15.271517753601074,15.271517753601074,0
2003-01-30,15.271517753601074,15.271517753601074,15.271517753601074,15.271517753601074,0
2003-01-31,15.271517753601074,15.271517753601074,15.271517753601074,15.271517753601074,0
2003-02-03,15.271517753601074,15.271517753601074,15.271517753601074,15.271517753601074,0
2003-02-04,15.271517753601074,15.271517753601074,15.271517753601074,15.271517753601074,0
2003-02-05,15.271517753601074,15.271517753601074,15.271517753601074,15.271517753601074,0
2003-02-06,14.245206832885742,15.271518530174665,14.24520683288574,15.141947338265004,58784159
2003-02-07,14.11435317993164,14.369648449602783,13.921919350932757,14.11435317993164,53743795
2003-02-10,14.308067321777344,14.563362554598074,14.114351142605418,14.114351142605418,40276795
2003-02-11,14.500500679016113,14.624941160453313,14.369645935449334,14.432507365123184,23287239
2003-02-12,14.052773475646973,14.432509231186396,13.984781339251482,14.369647793384825,39065805
2003-02-13,13.59862995147705,14.114351114167045,13.406196150642618,13.9847799310931,54455112
2003-02-14,13.535764694213867,13.66661941600662,13.281753075676075,13.598627299716014,51955324
2003-02-17,14.432507514953613,14.432507514953615,13.72948444860567,13.72948444860567,91682069
2003-02-18,14.177209854125977,14.500498340894483,14.11434843458817,14.500498340894483,37083662
2003-02-19,14.177209854125977,14.500498340894483,14.177209854125978,14.500498340894483,68504877
2003-02-20,14.886648178100586,15.079080755220307,14.308064510178623,14.369643551726872,103983408
2003-02-21,14.948225975036621,15.203521156694613,14.886648120016973,15.141943301674965,53820521
2003-02-24,15.141946792602539,15.271517979842914,14.692935367076386,15.011092041085139,42463411
2003-02-25,14.500500679016113,14.94822851306168,14.500500679016113,14.88665064758687,55660770
2003-02-26,14.500500679016113,14.755795904020092,14.500500679016113,14.500500679016113,25536643
2003-02-27,14.369647026062012,14.692935589495542,14.308067969625,14.308067969625,30270481
2003-02-28,14.369647026062012,14.369647026062012,14.369647026062012,14.369647026062012,0
2003-03-03,14.369647026062012,14.624942270442125,14.308067969625,14.432508460506854,44193230
2003-03-04,14.432507514953613,14.563362259878856,14.369646084627172,14.369646084627172,31378619
2003-03-05,14.245206832885742,14.432508762126794,14.177213512411356,14.369647326368234,42414097
2003-03-06,14.308067321777344,14.43250780702472,14.245205890178772,14.245205890178772,28414810
2003-03-07,14.432507514953613,14.563362259878856,14.177212287299302,14.245205601898101,35440080
2003-03-10,14.177209854125977,14.500498340894483,14.177209854125978,14.43250503796508,24717698
2003-03-11,14.052773475646973,14.369647793384825,13.984781339251482,14.052773475646973,44503484
2003-03-12,14.624938011169434,14.624938011169434,14.114347671110249,14.177209087247736,51249713
2003-03-13,14.692933082580566,14.948227097113667,14.500499305478435,14.624939775128198,42354867
2003-03-14,14.948225975036621,15.271514459043116,14.817371253687364,15.141943301674965,47245275
2003-03-17,14.369647026062012,14.817374894088767,14.369647026062012,14.755797023940383,27802738
2003-03-18,15.271517753601074,15.271517753601074,14.817374450271995,14.948229199850832,60847973
2003-03-19,15.271517753601074,15.271517753601074,14.948229199850832,15.271517753601074,29361318
2003-03-20,15.271517753601074,15.526812990334468,15.07908394942967,15.39595824075563,39005320
2003-03-21,15.271517753601074,15.39595824075563,15.07908394942967,15.271517753601074,20718918
2003-03-24,15.141946792602539,15.334379413336169,15.141946792602539,15.271517979842914,29441404
2003-03-25,14.692933082580566,14.948227097113667,14.624939775128198,14.755794506299962,23835708
2003-03-26,14.624938011169434,14.886647441947384,14.563358972666304,14.755792726558408,18487442
2003-03-27,14.886648178100586,14.886648178100586,14.563359692832709,14.624938734380956,26967591
2003-03-28,14.7557954788208,14.948228082317302,14.755795478820803,14.755795478820803,27581840
2003-03-31,14.177209854125977,14.624938802266374,14.177209854125978,14.624938802266374,32855387
2003-04-01,14.245206832885742,14.50050208260118,14.114352076652795,14.114352076652795,18877243
2003-04-02,14.432507514953613,14.692934626880284,14.245205601898101,14.432507514953615,35194592
2003-04-03,14.563363075256348,14.69293544951231,14.369646889158831,14.624942131106682,43896556
2003-04-04,14.886648178100586,14.886648178100586,14.500498273586688,14.563359692832709,22252282
2003-04-07,15.141946792602539,15.334379413336169,14.886651552087043,14.948229421303271,39469903
2003-04-08,15.141946792602539,15.271517979842914,15.079084172820673,15.271517979842914,37257849
2003-04-09,15.141946792602539,15.203524661818768,14.886651552087043,15.141946792602539,26662186
2003-04-10,15.01109504699707,15.14194982471762,14.948232414627212,15.14194982471762,32367150
2003-04-11,15.141946792602539,15.271517979842914,15.011092041085139,15.011092041085139,32604988
2003-04-14,14.886648178100586,15.203521216014577,14.886648178100586,15.14194336075467,35724702
2003-04-15,14.563363075256348,14.886651635609828,14.432508323004775,14.886651635609828,44498762
2003-04-16,14.886648178100586,15.14194336075467,14.692932036994751,14.755793456240772,64214736
2003-04-17,14.886648178100586,15.079080755220307,14.755793456240772,14.886648178100586,26555208
2003-04-18,15.203526496887207,15.334381264198804,15.011093852926923,15.079085992869121,47425614
2003-04-21,15.01109504699707,15.203527706264573,14.948232414627212,15.203527706264573,22500689
2003-04-22,14.692933082580566,15.203522297935196,14.692933082580566,15.01108970712149,46206702
2003-04-23,14.692933082580566,14.948227097113667,14.624939775128198,14.755794506299962,47696434
2003-04-24,14.11435317993164,14.692937045063157,13.984781977893764,14.692937045063157,75239901
2003-04-25,13.281753540039062,13.59862777515771,13.150898813671306,13.59862777515771,197463092
2003-04-28,13.218894004821777,13.34333448765934,12.509456675659147,12.509456675659147,59901179
2003-04-29,13.729484558105469,13.729484558105469,13.474189328415044,13.474189328415044,81736526
2003-04-30,13.984779357910156,14.36964575751624,13.92191674272617,14.114350535673474,111187975
2003-05-01,13.984779357910156,13.984779357910158,13.984779357910158,13.984779357910158,0
2003-05-02,13.984779357910156,14.05277148467263,13.860338878013852,13.984779357910158,73325801
2003-05-05,13.921918869018555,14.114352691356244,13.791064107086667,13.98478149380354,27692473
2003-05-06,13.984779357910156,14.177211964568937,13.92191674272617,13.984779357910158,42249736
2003-05-07,14.11435317993164,14.1772146206039,13.984781977893764,14.11435317993164,19298053
2003-05-08,13.729484558105469,14.11435096954217,13.729484558105469,14.11435096954217,30170222
2003-05-09,13.860340118408203,13.98478060944098,13.729485364751243,13.729485364751243,20846059
2003-05-12,14.11435317993164,14.1772146206039,13.921919350932757,13.984781977893764,38887744
2003-05-13,14.500500679016113,14.563362108689963,14.308066883685987,14.308066883685987,51462399
2003-05-14,14.624938011169434,14.624938011169434,14.43250425727733,14.500497556528815,39858511
2003-05-15,14.432507514953613,14.624941312281486,14.369646084627172,14.624941312281486,18325244
2003-05-16,14.432507514953613,14.692934626880284,14.432507514953615,14.624941312281486,51382192
2003-05-19,14.369647026062012,14.432508460506854,14.308067969625,14.369647026062012,15495708
2003-05-20,14.369647026062012,14.563363214005113,14.114351781681899,14.245206535180158,31188012
2003-05-21,14.308067321777344,14.43250780702472,14.245205890178772,14.369646375426148,23783572
2003-05-22,14.432507514953613,14.500500829552413,14.177212287299302,14.308067032224542,29729870
2003-05-23,14.624938011169434,14.69293131042092,14.500497556528815,14.500497556528815,26759240
2003-05-26,14.817370414733887,14.886647277141067,14.755792563200753,14.755792563200753,39033555
2003-05-27,14.817370414733887,14.817370414733887,14.624937849260437,14.624937849260437,35814474
2003-05-28,14.817370414733887,15.079079842614517,14.755792563200753,14.948225128674201,46180614
2003-05-29,15.141946792602539,15.141946792602539,14.755796800569641,14.886651552087043,61980628
2003-05-30,14.886648178100586,15.27151451862837,14.755793456240772,14.948226033360493,67637965
2003-06-02,15.465234756469727,15.719247628713966,15.011092615328275,15.141947371851472,136968603
2003-06-03,15.334381103515625,15.589676372170166,15.271519663093683,15.395960165807805,78092524
2003-06-04,15.334381103515625,15.334381103515625,15.334381103515625,15.334381103515625,0
2003-06-05,15.079083442687988,15.589673898996075,15.011091314244648,15.3959577233652,92729238
2003-06-06,14.563363075256348,15.011092125306106,14.500501641410404,14.948229505171543,131213306
2003-06-09,15.526814460754395,15.526814460754396,14.624943217400126,14.692936540856078,249881996
2003-06-10,15.843687057495117,16.037403236895138,15.526812770652471,15.526812770652471,178977312
2003-06-11,16.037403106689453,16.037403106689453,15.526812644592207,16.037403106689453,100780825
2003-06-12,16.36069107055664,16.67756536651725,15.8436875133924,16.16825844985928,126331140
2003-06-13,16.29783058166504,16.36069082792561,16.105396777532885,16.16825821008205,95837603
2003-06-16,16.168256759643555,16.422268409279987,16.10539533273363,16.297829119602735,46389446
2003-06-17,16.491544723510742,16.615985204196125,16.297829737728996,16.422269032125847,80856413
2003-06-18,16.422271728515625,16.939276522417188,16.422271728515625,16.553126492777015,102248750
2003-06-19,16.491544723510742,16.677564255587438,16.422269032125847,16.677564255587438,50972891
2003-06-20,16.037403106689453,16.360690466952324,15.97454167552723,16.360690466952324,103416491
2003-06-23,15.974542617797852,16.29783118341871,15.912963560944203,16.037404052668006,44434467
2003-06-24,16.037403106689453,16.168257853354493,15.84368692886219,15.912962622305868,37468775
2003-06-25,16.36069107055664,16.422270126049874,15.974542264885137,16.16825844985928,57340140
2003-06-26,16.422271728515625,16.615987932392365,16.36069266701358,16.422271728515625,68564494
2003-06-27,16.55312156677246,16.67756203085791,16.2298330729543,16.67756203085791,63873047
2003-06-30,16.10539436340332,16.491543105466146,16.10539436340332,16.491543105466146,46157387
2003-07-01,16.36069107055664,16.36069107055664,16.16825844985928,16.16825844985928,36731865
2003-07-02,16.615985870361328,16.93927442026629,16.229835888642068,16.422269690524615,126214369
2003-07-03,16.615985870361328,16.93927442026629,16.4915453846869,16.808419672243875,112753424
2003-07-04,16.22983169555664,16.615981577511498,15.974537714105283,16.615981577511498,102138728
2003-07-07,16.67756462097168,16.80841936661475,16.29783009479374,16.36069033917646,134414443
2003-07-08,17.834732055664062,17.834732055664062,17.000854189562446,17.000854189562446,296856238
2003-07-09,18.413314819335938,18.86104266207611,18.158019589374277,18.22088102026886,250161556
2003-07-10,18.158021926879883,18.668611266243463,17.965588103040552,18.476178628692846,128868671
2003-07-11,18.730186462402344,18.991895934308044,17.965584396078675,18.090024870275165,122265131
2003-07-14,18.861042022705078,19.247191985684527,18.861042022705078,18.923903451468718,117067044
2003-07-15,18.799461364746094,19.184328916932895,18.668606634260268,18.861040410353667,123468874
2003-07-16,19.247194290161133,19.378049047500493,18.86104428094774,18.923905717237815,113409265
2003-07-17,19.247194290161133,19.502489542035164,19.054760474577172,19.116339532821772,130346942
2003-07-18,19.116336822509766,19.116336822509766,18.799462557317533,19.116336822509766,55818735
2003-07-21,18.861042022705078,19.37804672735658,18.861042022705078,19.247191985684527,57214094
2003-07-22,18.730186462402344,19.184329718441198,18.54416812631402,18.861041198355192,120900762
2003-07-23,19.247194290161133,19.88735598691442,18.86104428094774,18.923905717237815,169477086
2003-07-24,20.528797149658203,20.528797149658203,20.018206747843774,20.528797149658203,225072751
2003-07-25,20.65965461730957,21.55511031948648,20.142648699203516,20.528799868761766,230161465
2003-07-28,21.044523239135742,21.555111360665293,20.913668484267248,20.913668484267248,128063286
2003-07-29,20.65965461730957,21.04452222261992,20.528799868761766,21.04452222261992,80049181
2003-07-30,20.528797149658203,21.044519435207324,20.27350076246256,20.659651880873884,141993109
2003-07-31,20.142648696899414,20.528799866413493,20.018209397028173,20.27350344543225,153293879
2003-08-01,21.044523239135742,21.04452323913574,20.14264967215604,20.14264967215604,139367508
2003-08-04,20.913665771484375,21.044520509379254,20.528798197506205,21.044520509379254,100696633
2003-08-05,20.142648696899414,20.913667471679823,20.018209397028173,20.913667471679823,157524461
2003-08-06,19.633342742919922,19.887354410322764,19.24719276431899,19.762913925653248,171613194
2003-08-07,19.173648834228516,19.7184519399149,18.78406053391192,19.7184519399149,131564235
2003-08-08,18.940828323364258,19.480973994492114,18.940828323364258,19.091385683867866,55789203
2003-08-11,19.01688003540039,19.24815093819313,18.86011395559039,19.09138366232548,33704235
2003-08-12,19.480974197387695,19.718452666990746,19.17364954121591,19.404919274848304,49428185
2003-08-13,20.804948806762695,20.804948806762695,19.794502693683942,19.95126994901024,107745512
2003-08-14,20.41536521911621,20.804952306925244,20.339310302592505,20.804952306925244,52924885
2003-08-15,20.72269058227539,21.112277683832804,20.41536593956657,20.41536593956657,65134557
2003-08-18,20.572132110595703,20.879456772365227,20.489869646645083,20.722691867525306,46310768
2003-08-19,20.879451751708984,21.26904117586438,20.572127163838488,20.572127163838488,111769648
2003-08-20,20.96171760559082,21.11227494151079,20.72268789055774,20.879452765312333,67888925
2003-08-21,20.96171760559082,21.11227494151079,20.72268789055774,20.96171760559082,78709425
2003-08-22,21.11227798461914,21.73313721063856,20.961720626997945,20.961720626997945,95178285
2003-08-25,21.11227798461914,21.11227798461914,20.80495333753187,21.11227798461914,49831753
2003-08-26,20.646635055541992,21.112277062605575,20.41536533884592,21.112277062605575,63768296
2003-08-27,20.646635055541992,21.112277062605575,20.646635055541992,20.646635055541992,62123827
2003-08-28,20.4898681640625,20.961720111707155,20.4898681640625,20.961720111707155,59765048
2003-08-29,21.889904022216797,21.889904022216797,20.646637762726638,20.646637762726638,188870968
2003-09-01,22.58526611328125,22.89880072472486,22.046671683549235,22.51076366822585,163991749
2003-09-02,22.667530059814453,22.667530059814453,22.35399546101502,22.667530059814453,50273257
2003-09-03,22.510765075683594,23.13162201278458,22.510765075683597,22.97485708937699,79403090
2003-09-04,22.667530059814453,22.742032501865328,22.277940535904552,22.585265202465614,61331111
2003-09-05,22.742027282714844,23.28838158852397,22.742027282714844,22.824292121184428,68176740
2003-09-08,23.59571075439453,23.59571075439453,22.51076195405305,22.74203168721929,97990914
2003-09-09,23.28838348388672,24.21656727833775,23.28838348388672,23.909242657293618,109714185
2003-09-10,23.90924644470215,24.373338415443403,23.445154473960894,23.752479143687616,129668598
2003-09-11,23.90924644470215,23.90924644470215,23.90924644470215,23.90924644470215,0
2003-09-12,23.90924644470215,24.066013745716678,23.595711842673087,23.90924644470215,56865544
2003-09-15,23.445152282714844,23.90924421008084,23.445152282714844,23.90924421008084,34436354
2003-09-16,23.59571075439453,23.909245341962787,23.2883860988422,23.2883860988422,48081559
2003-09-17,23.90924644470215,24.530103324342253,23.595711842673087,23.90924644470215,94887189
2003-09-18,23.90924644470215,24.21657111442887,23.595711842673087,24.21657111442887,37207758
2003-09-19,24.373336791992188,24.530101690449296,23.75247756159039,24.21656950141956,90611518
2003-09-22,23.59571075439453,24.21656999751512,23.59571075439453,24.066012635746915,50604777
2003-09-23,22.974849700927734,23.445149104139382,22.742027527344355,23.288381839030457,122007746
2003-09-24,22.824296951293945,23.206124053081794,22.58526479881742,23.206124053081794,86041398
2003-09-25,22.824296951293945,22.824296951293945,22.353995061500125,22.434707434346866,48746842
2003-09-26,22.742027282714844,22.974849453793823,22.6675248577618,22.742027282714844,33301811
2003-09-29,22.667530059814453,22.824297359214167,22.43470783530427,22.742032501865328,40290689
2003-09-30,22.667530059814453,22.898799801265042,22.667530059814453,22.824297359214167,26791100
2003-10-01,22.824296951293945,22.9748543157645,22.667529654696008,22.667529654696008,35970913
2003-10-02,23.59571075439453,23.75247804817866,23.055566274787545,23.13161880505807,90882543
2003-10-03,23.59571075439453,23.75247804817866,23.445153392626327,23.59571075439453,61889567
2003-10-06,24.21656608581543,24.373333354276955,23.59570694298216,23.909241479905212,104687650
2003-10-07,24.21656608581543,24.373333354276955,24.066008748366738,24.373333354276955,53290993
2003-10-08,23.59571075439453,24.21656999751512,23.59571075439453,24.21656999751512,53261003
2003-10-09,23.752473831176758,23.909241097128508,23.445149230186676,23.595706565225008,44190410
2003-10-10,23.752473831176758,23.752473831176758,23.752473831176758,23.752473831176758,0
2003-10-13,23.90924644470215,24.21657111442887,23.90924644470215,24.21657111442887,36527635
2003-10-14,23.90924644470215,24.530103324342253,23.90924644470215,24.066013745716678,57666332
2003-10-15,24.066015243530273,24.37333993238418,23.752480621987537,24.066015243530273,51277200
2003-10-16,24.53010368347168,24.53010368347168,23.90924679474201,24.06601409805167,56028541
2003-10-17,24.53010368347168,24.53010368347168,23.90924679474201,24.373338772277734,82312633
2003-10-20,24.21656608581543,24.5300982306233,24.066008748366738,24.5300982306233,36386099
2003-10-21,24.68686294555664,25.150954771924248,24.373330833179505,24.530095693310606,87977872
2003-10-22,24.53010368347168,24.837428357697746,24.373338772277734,24.837428357697746,32517810
2003-10-23,23.90924644470215,24.373338415443403,23.595711842673087,24.373338415443403,107212060
2003-10-24,23.445152282714844,24.066011496443483,23.445152282714844,23.752476923718195,46020586
2003-10-27,23.59571075439453,23.75247804817866,23.445153392626327,23.59571075439453,26987068
2003-10-28,24.21656608581543,24.21656608581543,23.59570694298216,23.59570694298216,80867828
2003-10-29,24.066015243530273,24.530104851039724,23.909247932758905,24.530104851039724,33714695
2003-10-30,24.21656608581543,24.21656608581543,23.909241479905212,24.066008748366738,31911176
2003-10-31,23.59571075439453,24.21656999751512,23.59571075439453,24.21656999751512,47487829
2003-11-03,23.445152282714844,23.752476923718195,23.2883849963522,23.595709637355547,38975547
2003-11-04,23.752473831176758,23.909241097128508,23.595706565225008,23.909241097128508,30269248
2003-11-05,23.90924644470215,23.90924644470215,23.595711842673087,23.595711842673087,33478609
2003-11-06,23.90924644470215,24.21657111442887,23.752479143687616,23.90924644470215,81238085
2003-11-07,24.53010368347168,24.837428357697746,23.90924679474201,23.90924679474201,150802398
2003-11-10,24.21656608581543,24.5300982306233,23.909241479905212,24.5300982306233,55883389
2003-11-11,23.59571075439453,24.066012635746915,23.59571075439453,24.066012635746915,62145886
2003-11-12,23.13161849975586,23.90924502639709,22.898798678774078,23.595710442967015,95853204
2003-11-13,23.59571075439453,23.59571075439453,23.206123636555752,23.445153392626327,48164914
2003-11-14,23.59571075439453,23.75247804817866,23.445153392626327,23.59571075439453,30477300
2003-11-17,23.055570602416992,23.445157793382958,22.974858215868895,23.445157793382958,36559035
2003-11-18,22.898801803588867,23.1316216563417,22.58526717737325,22.974856735349753,62844124
2003-11-19,22.667530059814453,22.742032501865328,22.510762760414735,22.510762760414735,47462421
2003-11-20,21.733137130737305,22.667528540138104,21.582577381554135,22.585263688304465,113128714
2003-11-21,21.425809860229492,21.425809860229492,20.96171798223121,21.425809860229492,101273679
2003-11-24,21.2690486907959,21.500318454743688,21.112281376146353,21.425816005445448,34851799
2003-11-25,21.425809860229492,21.733134468541227,21.425809860229492,21.500312288159414,44547489
2003-11-26,21.192989349365234,21.582576438008843,20.961719633530056,21.42581154808805,42102712
2003-11-27,20.4898681640625,21.192989832818036,20.4898681640625,21.192989832818036,56535660
2003-11-28,20.4898681640625,20.961720111707155,20.4898681640625,20.64663544967485,51521984
2003-12-01,20.804948806762695,20.961716062088996,20.41536178449662,20.48986420560195,40396099
2003-12-02,21.11227798461914,21.269045274085215,20.961720626997945,20.961720626997945,63136937
2003-12-03,21.11227798461914,21.269045274085215,21.036223064327935,21.269045274085215,44749319
2003-12-04,21.11227798461914,21.11227798461914,20.80495333753187,21.11227798461914,25382620
2003-12-05,21.343544006347656,21.425808844203225,21.112274319698148,21.192986674862,32905124
2003-12-08,21.192989349365234,21.269044266051864,21.03622206732905,21.192989349365234,32050179
2003-12-09,20.879451751708984,21.192986270227795,20.879451751708984,21.036219010968388,44843626
2003-12-10,20.879451751708984,20.879451751708984,20.646631978928035,20.646631978928035,34391141
2003-12-11,21.036222457885742,21.036222457885742,20.64663536200909,20.80495273775683,43675959
2003-12-12,21.036222457885742,21.269044660931115,20.87945517293903,21.1122773759844,25083917
2003-12-15,21.2690486907959,21.2690486907959,20.879459128987946,21.112281376146353,31958922
2003-12-16,21.192989349365234,21.192989349365234,20.804952351493874,20.804952351493874,29233845
2003-12-17,20.72269058227539,21.112277683832804,20.572130834683716,20.961720328356595,52259654
2003-12-18,20.879451751708984,20.879451751708984,20.339307391057538,20.489864719668628,76767602
2003-12-19,20.4898681640625,21.11227746562728,20.4898681640625,20.961720111707155,33051415
2003-12-22,20.41536521911621,20.64663493445596,20.339310302592505,20.489867652755603,47551052
2003-12-23,20.646635055541992,20.722689972511734,20.41536533884592,20.489867772922246,30016420
2003-12-24,20.72269058227539,20.961720328356595,20.72269058227539,20.80495304112398,22638389
2003-12-25,21.192989349365234,21.500313981887043,20.879454785292864,20.961719633530056,40745905
2003-12-26,20.4898681640625,21.26904475123963,20.4898681640625,21.26904475123963,63542197
2003-12-29,20.41536521911621,20.64663493445596,20.339310302592505,20.489867652755603,22350780
2003-12-30,20.804948806762695,20.961716062088996,20.48986420560195,20.64663146092825,64157788
2003-12-31,20.72269058227539,21.036222764625148,20.72269058227539,20.879455477392536,26953524
2004-01-01,20.72269058227539,20.72269058227539,20.72269058227539,20.72269058227539,0
2004-01-02,21.192989349365234,21.269044266051864,20.72268989537207,20.72268989537207,30369264
2004-01-05,21.11227798461914,21.343547711415205,20.961720626997945,21.192990353794006,32861346
2004-01-06,21.192989349365234,21.343546699850858,21.112276984015683,21.269044266051864,24672827
2004-01-07,21.425809860229492,21.65707955784596,21.343545018472867,21.343545018472867,47971370
2004-01-08,21.582578659057617,21.582578659057617,21.343548896301236,21.582578659057617,20898784
2004-01-09,22.742027282714844,22.824292121184428,21.889898471461905,22.04666573488453,103700457
2004-01-12,23.445152282714844,24.066011496443483,22.742030610594128,22.824295461101663,107431049
2004-01-13,23.20612144470215,23.752475804721055,23.131616620241562,23.595708525743834,35442394
2004-01-14,23.752473831176758,24.066008363080254,23.131614698283176,23.20611951655331,70094468
2004-01-15,23.28838348388672,24.066009933475,23.13161620770533,23.909242657293618,53193554
2004-01-16,23.20612144470215,23.595708525743834,23.131616620241562,23.445151178196,23733719
2004-01-19,23.20612144470215,23.20612144470215,23.20612144470215,23.20612144470215,0
2004-01-20,23.20612144470215,23.20612144470215,23.20612144470215,23.20612144470215,0
2004-01-21,23.20612144470215,23.20612144470215,23.20612144470215,23.20612144470215,0
2004-01-22,23.20612144470215,23.20612144470215,23.20612144470215,23.20612144470215,0
2004-01-23,23.20612144470215,23.20612144470215,23.20612144470215,23.20612144470215,0
2004-01-26,23.20612144470215,23.20612144470215,23.20612144470215,23.20612144470215,0
2004-01-27,23.90924644470215,24.066013745716678,23.445154473960894,23.595711842673087,52125083
2004-01-28,24.066015243530273,24.37333993238418,23.59571331121617,24.066015243530273,49186581
2004-01-29,24.066015243530273,24.066015243530273,23.44515593313363,23.59571331121617,45470238
2004-01-30,24.066015243530273,24.066015243530273,23.752480621987537,24.066015243530273,57755299
2004-02-02,23.445152282714844,23.90924421008084,23.445152282714844,23.90924421008084,43672646
2004-02-03,23.13161849975586,23.2883857914709,22.97485360015636,23.2883857914709,50610502
2004-02-04,22.824296951293945,23.288386516844767,22.824296951293945,23.288386516844767,50869637
2004-02-05,22.824296951293945,23.288386516844767,22.667529654696008,22.824296951293945,73773128
2004-02-06,23.28838348388672,23.59570810493085,23.05556368597443,23.13161620770533,49902838
2004-02-09,23.752473831176758,23.909241097128508,23.445149230186676,23.595706565225008,47160421
2004-02-10,23.28838348388672,23.752475381112234,23.206121030837178,23.752475381112234,37110938
2004-02-11,22.974849700927734,23.288381839030457,22.824292366698835,23.288381839030457,49892019
2004-02-12,23.13161849975586,23.595710442967015,23.055565970489116,23.055565970489116,44491231
2004-02-13,23.752473831176758,23.909241097128508,23.20611951655331,23.595706565225008,50347445
2004-02-16,22.974849700927734,23.59570643836828,22.974849700927734,23.288381839030457,56066239
2004-02-17,22.824296951293945,23.13161922024683,22.667529654696008,22.667529654696008,57004842
2004-02-18,23.445152282714844,23.445152282714844,22.898797896956772,22.898797896956772,46519378
2004-02-19,23.59571075439453,23.59571075439453,23.2883860988422,23.445153392626327,48468332
2004-02-20,23.13161849975586,23.595710442967015,23.131618499755863,23.595710442967015,28244805
2004-02-23,23.28838348388672,23.445150760068103,22.97485132363925,22.97485132363925,31675062
2004-02-24,22.974849700927734,23.288381839030457,22.974849700927734,23.131614573921528,28032940
2004-02-25,22.974849700927734,23.206119391791105,22.974849700927734,22.974849700927734,36894175
2004-02-26,22.974849700927734,23.206119391791105,22.824292366698835,23.131614573921528,51916449
2004-02-27,22.974849700927734,23.05556205756221,22.742027527344355,22.974849700927734,50552240
2004-03-01,23.28838348388672,23.445150760068103,23.05556368597443,23.13161620770533,51120251
2004-03-02,23.28838348388672,23.28838348388672,23.13161620770533,23.28838348388672,60287708
2004-03-03,22.434703826904297,23.288382772132824,21.657079793197536,23.288382772132824,256901062
2004-03-04,22.3539981842041,22.51076550270139,21.964411004949913,22.3539981842041,107634111
2004-03-05,22.510765075683594,22.898802156444148,22.510765075683597,22.510765075683597,105434693
2004-03-08,22.58526611328125,22.89880072472486,22.585266113281246,22.667530973947652,63075261
2004-03-09,22.742027282714844,22.89879454613747,22.58526001929222,22.6675248577618,53081090
2004-03-10,22.824296951293945,22.8987993920133,22.74203209541536,22.74203209541536,69700003
2004-03-11,22.434703826904297,22.742028438555785,22.121169284123965,22.742028438555785,72290032
2004-03-12,21.889904022216797,22.20343862856691,21.813851487390455,22.20343862856691,80886518
2004-03-15,22.121170043945312,22.51075951162909,22.046667612646736,22.20343488942157,88991802
2004-03-16,22.046669006347656,22.20343629303268,21.813849192836095,22.121171442355973,67078118
2004-03-17,22.121170043945312,22.434704597494978,22.121170043945312,22.277937320720145,48007092
2004-03-18,22.974849700927734,22.974849700927734,21.889898706925305,21.964403524794882,98936930
2004-03-19,22.974849700927734,23.05556205756221,22.742027527344355,22.974849700927734,57707953
2004-03-22,21.425809860229492,21.425809860229492,21.425809860229492,21.425809860229492,39257633
2004-03-23,20.96171760559082,21.657079168711306,20.33930837843931,20.33930837843931,137977576
2004-03-24,21.889904022216797,22.353995999354044,21.425814437195264,22.353995999354044,79754827
2004-03-25,21.50031280517578,22.203434419409945,21.425810375454304,22.203434419409945,51224594
2004-03-26,21.733137130737305,21.889902027511535,21.500314921835987,21.733137130737305,32311253
2004-03-29,22.434703826904297,22.510758738426063,22.203434126774575,22.353991467035897,56630804
2004-03-30,22.046669006347656,22.510760934668017,22.046669006347656,22.510760934668017,40833655
2004-03-31,22.121170043945312,22.353992234854257,21.96440515928579,22.121170043945312,32789287
2004-04-01,22.667530059814453,22.667530059814453,22.046670794453963,22.203438093853677,44875099
2004-04-02,22.121170043945312,22.667526788403922,22.046667612646736,22.667526788403922,46989146
2004-04-05,22.510765075683594,22.58526752539717,22.121175511703775,22.353997760160105,43087077
2004-04-06,22.58526611328125,23.05556803044667,22.585266113281246,22.667530973947652,70957663
2004-04-07,22.898801803588867,22.898801803588867,22.510764728807708,22.58526717737325,36552769
2004-04-08,22.898801803588867,22.974856735349753,22.742034490481057,22.898801803588867,34717341
2004-04-09,22.742027282714844,22.824292121184428,22.6675248577618,22.824292121184428,18480273
2004-04-12,22.898801803588867,23.055569116696677,22.824299355023328,22.824299355023328,25513434
2004-04-13,22.898801803588867,22.974856735349753,22.742034490481057,22.974856735349753,26391311
2004-04-14,22.898801803588867,22.898801803588867,22.667532041915518,22.898801803588867,17702065
2004-04-15,22.667530059814453,23.2061244678261,22.667530059814453,22.898799801265042,43626941
2004-04-16,22.667530059814453,22.898799801265042,22.667530059814453,22.742032501865328,23974205
2004-04-19,22.742027282714844,22.742027282714844,22.203432998307154,22.6675248577618,40115103
2004-04-20,22.510765075683594,22.824299706730574,22.353997760160105,22.74203484092066,19404166
2004-04-21,22.20343589782715,22.434705616404052,22.20343589782715,22.35399325009765,27736281
2004-04-22,22.3539981842041,22.97485752519837,22.277943249828535,22.434710568325823,66928251
2004-04-23,22.510765075683594,22.74203484092066,22.434710142750752,22.510765075683597,26042494
2004-04-26,22.667530059814453,22.667530059814453,22.43470783530427,22.510762760414735,20570399
2004-04-27,22.20343589782715,22.667527817887002,22.20343589782715,22.667527817887002,27597528
2004-04-28,22.3539981842041,22.3539981842041,22.12117593133125,22.20344079870169,34444931
2004-04-29,21.65707778930664,22.20343207233049,21.582572975345656,22.121167237291697,57169112
2004-04-30,20.33930778503418,21.500311274563817,20.258595429847944,21.425808850146183,115296118
2004-05-03,20.182540893554688,20.48986549302464,19.869007559259597,20.415363067238165,47437065
2004-05-04,20.33930778503418,20.572127562324898,20.33930778503418,20.33930778503418,40776064
2004-05-05,19.718454360961914,20.57213350319565,19.56168824945214,20.489871033676398,74800658
2004-05-06,19.480974197387695,20.101832245701925,19.480974197387695,19.718452666990746,65881596
2004-05-07,20.025774002075195,20.4898658753818,19.561683324826177,19.561683324826177,59804786
2004-05-10,19.01688003540039,19.86900891429987,19.01688003540039,19.86900891429987,52842908
2004-05-11,19.404918670654297,19.561685959873284,19.173648944222744,19.173648944222744,50685761
2004-05-12,20.182540893554688,20.415363067238165,19.637737868296796,19.869007559259597,79364846
2004-05-13,20.572132110595703,20.722691867525306,20.101832611844713,20.182544984875562,70750770
2004-05-14,20.025774002075195,20.646633143483527,20.025774002075195,20.5721283241916,34261802
2004-05-17,19.24815559387207,19.71845514311419,19.01688463514029,19.71845514311419,40704506
2004-05-18,19.718454360961914,20.025779043535323,19.2481548303747,19.2481548303747,45163702
2004-05-19,20.572132110595703,20.722691867525306,20.025777687920026,20.025777687920026,60246395
2004-05-20,20.572132110595703,20.64663694360062,20.025777687920026,20.182544984875562,36262420
2004-05-21,20.646635055541992,20.804952428939757,20.258598056226173,20.258598056226173,32629477
2004-05-24,20.646635055541992,20.722689972511734,20.339310421876174,20.41536533884592,24290547
2004-05-25,20.804948806762695,20.804948806762695,20.41536178449662,20.41536178449662,21405216
2004-05-26,21.11227798461914,21.343547711415205,21.11227798461914,21.11227798461914,30234733
2004-05-27,20.646635055541992,21.26904434522532,20.489867772922246,21.112277062605575,21120411
2004-05-28,21.192989349365234,21.192989349365234,20.72268989537207,20.72268989537207,30541949
2004-05-31,20.72269058227539,21.036222764625148,20.646635663067737,20.879455477392536,19904752
2004-06-01,20.96171760559082,20.96171760559082,20.57212816252261,20.80495033872107,13848913
2004-06-02,20.646635055541992,20.961719711559503,20.572130229350268,20.722689972511734,13595879
2004-06-03,20.572132110595703,21.1929913662763,20.572132110595703,20.64663694360062,42531179
2004-06-04,21.11227798461914,21.11227798461914,20.64663595722008,20.722690877511287,42799101
2004-06-07,22.121170043945312,22.121170043945312,21.269043552230023,21.425810829004856,64992250
2004-06-08,21.733137130737305,22.12117175345734,21.582577381554135,22.12117175345734,45135817
2004-06-09,21.65707778930664,21.81384504619141,21.582572975345656,21.582572975345656,38695577
2004-06-10,20.72269058227539,21.582577153415173,20.72269058227539,21.500314694566583,51269661
2004-06-11,19.330413818359375,20.02577419767887,19.330413818359375,19.404916246263838,118436140
2004-06-14,18.088701248168945,19.17365008125566,18.006436391284062,18.940829054116367,119911794
2004-06-15,18.1632022857666,18.627293017177507,17.849668909029695,17.849668909029695,109522516
2004-06-16,18.319969177246094,18.860114815815663,18.16320189422816,18.470526528674576,92001111
2004-06-17,18.709558486938477,19.091385576518814,18.239257808238587,18.31997017850485,77181378
2004-06-18,18.62729263305664,18.784059916221196,18.47052654594979,18.62729263305664,60067100
2004-06-21,18.55278968811035,19.248151304370772,18.55278968811035,19.248151304370772,35187388
2004-06-22,18.55278968811035,18.55278968811035,18.55278968811035,18.55278968811035,0
2004-06-23,18.86011505126953,19.091384771440246,18.552790412986404,18.552790412986404,57499441
2004-06-24,18.940828323364258,19.01688204905376,18.784061030896886,19.01688204905376,39963317
2004-06-25,19.24815559387207,19.330419262712287,18.86011851741223,18.94083089910832,51187126
2004-06-28,18.784059524536133,19.2481514327573,18.784059524536133,19.2481514327573,26547367
2004-06-29,19.091384887695312,19.091384887695312,18.709557811891425,18.784060247540765,22751184
2004-06-30,19.404918670654297,19.480973590825634,19.091385288274072,19.24815257749306,45904082
2004-07-01,19.091384887695312,19.404918263496928,19.01688125598825,19.404918263496928,23671918
2004-07-02,18.86011505126953,19.091384771440246,18.78406013315712,18.78406013315712,26760994
2004-07-05,18.709558486938477,18.784060925275888,18.55279119535259,18.784060925275888,25616290
2004-07-06,18.784059524536133,18.784059524536133,18.396023728020804,18.627292244640486,18189646
2004-07-07,18.47052574157715,18.47052574157715,18.239256034148912,18.239256034148912,44432488
2004-07-08,18.319969177246094,18.627292615634808,18.319969177246094,18.396024094409018,21849205
2004-07-09,18.47052574157715,18.47052574157715,18.16320112022697,18.31996839656447,20214634
2004-07-12,18.47052574157715,18.860114012116437,18.47052574157715,18.627291821856996,28132879
2004-07-13,18.47052574157715,18.627291821856996,18.31996839656447,18.47052574157715,33888863
2004-07-14,18.784059524536133,18.784059524536133,18.47052616080252,18.627292244640486,39342269
2004-07-15,18.1632022857666,18.627293017177507,18.088699849895015,18.47052692683792,64625128
2004-07-16,18.006433486938477,18.319968033398116,17.93193105732464,17.93193105732464,44002935
2004-07-19,17.775163650512695,18.163199401502215,17.311071796740528,18.00643213999909,37909819
2004-07-20,17.07825469970703,17.775167683782765,17.07825469970703,17.699112759800432,47413851
2004-07-21,18.088701248168945,18.16320368979964,17.385578325482918,17.385578325482918,49431664
2004-07-22,18.47052574157715,18.552789390766257,17.84966776360962,17.84966776360962,80630627
2004-07-23,18.2392578125,18.47052754247733,18.088700452807785,18.47052754247733,21619150
2004-07-26,18.55278968811035,18.627292120395133,17.931931700192383,18.08869897904238,24925995
2004-07-27,18.709558486938477,18.709558486938477,18.31997017850485,18.470527538161885,27364064
2004-07-28,18.62729263305664,19.016880920562105,18.47052654594979,18.784059916221196,29016953
2004-07-29,18.709558486938477,18.860115846595516,18.55279119535259,18.627293633690005,22297791
2004-07-30,19.01688003540039,19.09138366232548,18.78405904189639,18.78405904189639,87348081
2004-08-02,18.940828323364258,19.01688204905376,18.784061030896886,18.940828323364258,39249787
2004-08-03,18.940828323364258,19.01688204905376,18.86011595264416,18.940828323364258,25544858
2004-08-04,18.86011505126953,18.940827418132173,18.62729284818207,18.940827418132173,18064904
2004-08-05,19.404918670654297,19.561685959873284,18.70955820445862,18.940827930890173,47663799
2004-08-06,19.24815559387207,19.330419262712287,19.091388280086072,19.091388280086072,39219951
2004-08-09,19.173648834228516,19.24815246707142,18.78406053391192,19.016881545908863,29907722
2004-08-10,18.784059524536133,19.2481514327573,18.709557091754416,19.173647803917905,22791302
2004-08-11,18.940828323364258,18.940828323364258,18.23925791079621,18.940828323364258,36711568
2004-08-12,18.396024703979492,18.552790796134325,18.16320249608384,18.396024703979492,25701649
2004-08-13,18.55278968811035,18.70955696696035,18.08869897904238,18.16320141132716,30245108
2004-08-16,18.1632022857666,18.396024490966333,18.1632022857666,18.319969572163917,18321013
2004-08-17,17.93193244934082,18.39602437385499,17.93193244934082,18.16320217013743,27174379
2004-08-18,18.2392578125,18.39602510412251,17.84966950397535,17.931933161185274,67092226
2004-08-19,18.940828323364258,19.01688204905376,18.39602520326358,18.39602520326358,97977509
2004-08-20,19.24815559387207,19.330419262712287,18.86011851741223,18.94083089910832,95445285
2004-08-23,19.907718658447266,19.907718658447266,19.27941158069519,19.548940802890016,168381411
2004-08-24,19.907718658447266,19.907718658447266,19.907718658447266,19.907718658447266,0
2004-08-25,19.907718658447266,19.907718658447266,19.907718658447266,19.907718658447266,0
2004-08-26,20.08264923095703,20.26471316312998,19.820258050822353,19.995183909501616,110224645
2004-08-27,19.725650787353516,19.995179988122832,19.63818787516678,19.995179988122832,65219158
2004-08-30,19.368661880493164,19.638191125877672,19.191949116729653,19.5489424848365,78129178
2004-08-31,19.907718658447266,20.26471079978146,19.548940802890016,19.63818943625244,109216072
2004-09-01,20.621706008911133,20.798416371145173,20.082647546858976,20.1772485417592,85896322
2004-09-02,20.798416137695312,20.798416137695312,20.352176549443968,20.621705777444742,37930292
2004-09-03,20.177248001098633,20.885878733501585,20.082647008733293,20.885878733501585,54062351
2004-09-06,19.995180130004883,20.264709332686728,19.638188014515677,20.177246419879367,45678528
2004-09-07,20.528886795043945,20.528886795043945,20.082647209284776,20.177248202594832,37799499
2004-09-08,20.710956573486328,20.79841950868566,20.439642783307498,20.52889023699981,48775693
2004-09-09,20.439640045166016,20.710953798999025,20.439640045166016,20.710953798999025,23213906
2004-09-10,20.885879516601562,21.06794821968598,20.62170622953608,20.71095367071982,54602112
2004-09-13,21.337472915649414,21.512398724328815,21.24286954774124,21.24286954774124,54815573
2004-09-14,21.51240348815918,21.689116245949315,21.424940564451184,21.599866411867175,42688064
2004-09-15,20.885879516601562,21.51240329947741,20.885879516601562,21.51240329947741,26696168
2004-09-16,20.798416137695312,20.88587905871873,20.621705777444742,20.7109532166719,44359909
2004-09-17,20.885879516601562,20.980485296745112,20.528887359751007,20.885879516601562,47229143
2004-09-20,20.798416137695312,21.155410678835057,20.7109532166719,21.155410678835057,21110194
2004-09-21,21.337472915649414,21.337472915649414,20.980480834722133,21.067943739061835,40060915
2004-09-22,21.242876052856445,21.242876052856445,20.980487259487138,21.242876052856445,20940861
2004-09-23,21.067947387695312,21.067947387695312,20.885878691800936,21.067947387695312,20367641
2004-09-24,20.798416137695312,21.155410678835057,20.621705777444742,21.06794775781164,39204829
2004-09-27,20.352174758911133,20.710951394574803,20.26470945346714,20.528885103615178,29651993
2004-09-28,20.352174758911133,20.352174758911133,20.352174758911133,20.352174758911133,0
2004-09-29,20.528886795043945,20.980484719615525,20.35217643578027,20.35217643578027,33862678
2004-09-30,20.885879516601562,20.980485296745112,20.79841659366069,20.885879516601562,24791168
2004-10-01,21.155412673950195,21.155412673950195,20.710955169871337,20.980486815406536,28128848
2004-10-04,21.689111709594727,21.689111709594727,21.33747317793505,21.33747317793505,64000733
2004-10-05,21.689111709594727,21.871177984080607,21.5998618941795,21.689111709594727,45169239
2004-10-06,22.046106338500977,22.315635549498865,21.68911421199715,21.781930681776593,69516751
2004-10-07,22.228172302246094,22.228172302246094,21.958643095270823,22.140709388045508,23357866
2004-10-08,22.31563949584961,22.31563949584961,21.958647306214438,22.140713633903434,40112354
2004-10-11,22.140708923339844,22.140708923339844,21.599863610561062,21.9586426343865,32649157
2004-10-12,21.689111709594727,22.140707163981304,21.689111709594727,21.958640889495424,24205665
2004-10-13,21.51240348815918,21.78193272443286,21.424940564451184,21.689116245949315,25453081
2004-10-14,21.242876052856445,21.337479449734612,21.06795019061024,21.242876052856445,28805990
2004-10-15,21.067947387695312,21.1554103071822,20.885878691800936,21.067947387695312,23581423
2004-10-18,20.798416137695312,21.242873599858473,20.798416137695312,21.06794775781164,15706146
2004-10-19,21.424936294555664,21.599862107109708,20.98048129944392,20.98048129944392,34743107
2004-10-20,21.424936294555664,21.599862107109708,21.155407111997963,21.424936294555664,28387097
2004-10-21,21.51240348815918,21.78193272443286,21.2428742518855,21.599866411867175,43005804
2004-10-22,21.689111709594727,21.871177984080607,21.5998618941795,21.5998618941795,45600334
2004-10-25,21.689111709594727,21.689111709594727,21.689111709594727,21.689111709594727,0
2004-10-26,21.155412673950195,21.689117625672917,21.155412673950195,21.599867785913272,36761904
2004-10-27,20.98048210144043,21.337474203921477,20.885876335705237,21.242870830301527,23888744
2004-10-28,21.155412673950195,21.599867785913272,21.155412673950195,21.424941927369613,38419423
2004-10-29,21.95864486694336,22.046107788200647,21.337477042868628,21.42493996412592,69508319
2004-11-01,21.871187210083008,22.140716503680228,21.781937357019192,21.958650152392636,42288777
2004-11-02,22.140708923339844,22.31563474806954,21.87117972202165,21.9586426343865,49014023
2004-11-03,22.94215965270996,22.94215965270996,22.22817299596023,22.315635912890425,112337719
2004-11-04,22.761877059936523,22.94215883383827,22.672629628071597,22.94215883383827,52923139
2004-11-05,23.300935745239258,23.563326881862707,23.03140653630581,23.118871843257214,121658215
2004-11-08,23.388402938842773,23.56332878262541,23.206336630058757,23.56332878262541,44848604
2004-11-09,23.300935745239258,23.475863967026687,23.03140653630581,23.388401052190666,30683834
2004-11-10,23.300935745239258,23.388401052190666,23.118871843257214,23.388401052190666,35354143
2004-11-11,22.84934425354004,23.206338832097313,22.84934425354004,22.942163131018827,19862423
2004-11-12,22.94215965270996,23.03140708776039,22.76187787237344,22.849340789303636,41689222
2004-11-15,23.118871688842773,23.388400895975998,23.03140638247556,23.03140638247556,40015153
2004-11-16,23.300935745239258,23.388401052190666,23.118871843257214,23.206334758093234,36059362
2004-11-17,23.657934188842773,23.832860047556217,23.30093961368925,23.30093961368925,66577504
2004-11-18,23.832857131958008,24.1023887447816,23.745394213301083,23.922106960885884,63910502
2004-11-19,23.832857131958008,23.922106960885884,23.65793129464416,23.832857131958008,37499261
2004-11-22,22.761877059936523,23.6579299831603,22.585166714263202,23.6579299831603,71535765
2004-11-23,22.67262840270996,22.9421575939097,22.315633910313608,22.761875829751435,52886624
2004-11-24,22.84934425354004,23.03141057960024,22.67263387476799,22.67263387476799,49623000
2004-11-25,22.761877059936523,22.94215883383827,22.761877059936523,22.94215883383827,32209783
2004-11-26,22.585166931152344,23.206334708289663,22.403098245330266,22.84934019317096,49650266
2004-11-29,22.67262840270996,22.761875829751435,22.403096819394992,22.585165493628576,23953951
2004-11-30,23.206335067749023,23.206335067749023,22.315635676344638,22.403098592347728,102991150
2004-12-01,23.118871688842773,23.118871688842773,22.67262974302491,22.942158950158134,50246402
2004-12-02,23.300935745239258,23.388401052190666,23.118871843257214,23.30093574523926,55089497
2004-12-03,23.563323974609375,23.563323974609375,23.206331894885743,23.30093287035986,45772462
2004-12-06,23.563323974609375,23.65792734219858,23.206331894885743,23.388398166519757,51164112
2004-12-07,23.74539566040039,23.74539566040039,23.20633718613272,23.388403499279438,48580301
2004-12-08,23.563323974609375,23.74539024624339,23.388398166519757,23.563323974609375,36685648
2004-12-09,23.92210578918457,23.92210578918457,23.56332675712154,23.56332675712154,104820751
2004-12-10,24.014923095703125,24.014923095703125,23.74539387879197,23.92210662388736,64785745
2004-12-13,24.014923095703125,24.10238840524339,23.475864661880813,23.832856796216777,71434419
2004-12-14,23.92210578918457,24.014922257761736,23.832855964628138,24.014922257761736,29947172
2004-12-15,24.279098510742188,24.279098510742184,24.01492285091478,24.01492285091478,85157950
2004-12-16,24.461166381835938,24.636092226154595,24.102389709948437,24.279100072494014,69169282
2004-12-17,24.548625946044922,24.6360888562404,24.36655966160743,24.46116303584944,33608245
2004-12-20,24.723556518554688,24.723556518554688,24.191636150445213,24.191636150445213,59930256
2004-12-21,24.723556518554688,24.818157509711643,24.54862828935058,24.636091207894893,38175237
2004-12-22,24.905620574951172,24.99308348561007,24.723554289549,24.723554289549,88068965
2004-12-23,24.99308204650879,24.99308204650879,24.723552865967203,24.905619140886,26253688
2004-12-24,24.818153381347656,24.993081581453414,24.723552405927055,24.818153381347656,15440340
2004-12-27,24.636091232299805,24.723556543046247,24.548628313668853,24.636091232299805,14513556
2004-12-28,24.99308204650879,24.99308204650879,24.636087568229282,24.636087568229282,39424816
2004-12-29,25.796316146850586,26.065845328566414,24.993082155394987,24.993082155394987,75767248
2004-12-30,25.796316146850586,25.978382422562582,25.708853240846754,25.88377905285442,31780140
2004-12-31,26.242563247680664,26.242563247680664,25.79632125557068,25.79632125557068,69641803
2005-01-03,25.97838592529297,26.33537806114677,25.8837825428292,26.242561588936372,25775718
2005-01-04,24.636091232299805,25.621394033831795,24.366562011671746,25.621394033831795,71065089
2005-01-05,24.10239028930664,24.36656358036158,23.922108493858136,24.01492497292929,42000052
2005-01-06,24.636091232299805,24.636091232299805,24.102388737623965,24.102388737623965,25777731
2005-01-07,24.461166381835938,24.723557540429507,24.461166381835938,24.636092226154595,12737810
2005-01-10,24.818153381347656,24.818153381347656,24.461161301825967,24.5486242058213,24415539
2005-01-11,24.818153381347656,24.90561867745808,24.5486242058213,24.636087109816632,31048909
2005-01-12,24.636091232299805,24.818157534296915,24.548628313668853,24.818157534296915,23770984
2005-01-13,24.191633224487305,24.636088228180522,24.102385798584237,24.461162412249035,27648932
2005-01-14,24.366565704345703,24.54863203393437,23.922110579100007,23.922110579100007,27290541
2005-01-17,24.818153381347656,24.90561867745808,24.5486242058213,24.5486242058213,56009125
2005-01-18,24.461166381835938,24.723557540429507,24.461166381835938,24.723557540429507,18312673
2005-01-19,24.99308204650879,24.99308204650879,24.636087568229282,24.636087568229282,36584681
2005-01-20,24.366565704345703,24.818161295408718,24.366565704345703,24.54863203393437,37036731
2005-01-21,24.279098510742188,24.636090641439264,24.279098510742184,24.279098510742184,19861274
2005-01-24,24.10239028930664,24.461166969818187,24.10239028930664,24.27910065609987,20388849
2005-01-25,24.014923095703125,24.27909875822332,24.014923095703125,24.10238840524339,25907765
2005-01-26,24.548625946044922,24.6360888562404,24.10238641303818,24.191633841216476,37849273
2005-01-27,24.461166381835938,24.636092226154595,24.279100072494014,24.636092226154595,25013214
2005-01-28,24.461166381835938,24.818158535496515,24.279100072494014,24.461166381835938,53499978
2005-01-31,24.99308204650879,24.99308204650879,24.548624662606496,24.636087568229282,49227779
2005-02-01,24.99308204650879,25.175148321427585,24.81815384314808,25.082329470021097,44354991
2005-02-02,25.351858139038086,25.621389706256462,24.99308154222323,25.082328963934792,93349576
2005-02-03,25.439329147338867,25.621397868702516,25.35186621561694,25.439329147338867,64160418
2005-02-04,25.439329147338867,25.439329147338867,25.439329147338867,25.439329147338867,0
2005-02-07,25.439329147338867,25.439329147338867,25.439329147338867,25.439329147338867,0
2005-02-08,25.439329147338867,25.439329147338867,25.439329147338867,25.439329147338867,0
2005-02-09,25.439329147338867,25.439329147338867,25.439329147338867,25.439329147338867,0
2005-02-10,25.439329147338867,25.439329147338867,25.439329147338867,25.439329147338867,0
2005-02-11,25.439329147338867,25.439329147338867,25.439329147338867,25.439329147338867,0
2005-02-14,25.796316146850586,25.978382422562582,25.708853240846754,25.708853240846754,74049103
2005-02-15,26.06584930419922,26.153312223543132,25.796320081374073,25.883783000717987,58359265
2005-02-16,25.97838592529297,26.15331176088632,25.8837825428292,26.065848843089647,39863134
2005-02-17,25.2643985748291,25.9783852192473,25.175151141320104,25.796318923935083,37664300
2005-02-18,25.97838592529297,25.978385925292972,25.264399261469904,25.264399261469904,48321283
2005-02-21,25.52678680419922,26.065845164232343,25.52678680419922,26.065845164232343,31421405
2005-02-22,25.351858139038086,25.70885261011451,25.351858139038086,25.526786338869265,34189598
2005-02-23,25.708858489990234,25.79632141385194,25.264401013403848,25.35186393726555,43983346
2005-02-24,25.796316146850586,25.88377905285442,25.526786965134757,25.708853240846754,32765958
2005-02-25,25.796316146850586,26.153308234570247,25.708853240846754,25.88377905285442,46929619
2005-02-28,25.796316146850586,25.796316146850586,25.796316146850586,25.796316146850586,0
2005-03-01,26.06584930419922,26.06584930419922,25.708857162030164,25.796320081374073,35859259
2005-03-02,26.242563247680664,26.242563247680664,25.883784178895723,26.06585049066425,67823373
2005-03-03,25.8837890625,26.24256819897732,25.8837890625,26.24256819897732,34607462
2005-03-04,26.153316497802734,26.24256634201781,25.796324297290127,25.88378723092818,49262769
2005-03-07,26.512088775634766,26.956543795231052,26.153309757017272,26.153309757017272,90162079
2005-03-08,25.8837890625,26.687023364578227,25.8837890625,26.59956042475118,49081840
2005-03-09,25.97838592529297,26.42462788919682,25.8837825428292,25.8837825428292,32670489
2005-03-10,25.97838592529297,26.33537806114677,25.978385925292972,26.065848843089647,41837205
2005-03-11,25.97838592529297,26.242561588936372,25.978385925292972,26.15331176088632,26248987
2005-03-14,25.708858489990234,26.15331357446099,25.621395566128534,25.88378433771364,37719726
2005-03-15,25.2643985748291,25.796318923935083,25.2643985748291,25.708856008515493,40220558
2005-03-16,25.52678680419922,25.708853078763365,25.26439569572684,25.35185860117926,38885234
2005-03-17,25.175153732299805,25.351864099415096,24.993087418249665,25.351864099415096,46906710
2005-03-18,24.636091232299805,24.993085763674305,24.548628313668853,24.818157534296915,83309244
2005-03-21,25.2643985748291,25.351861490248695,24.548627412321498,24.63609032774109,39723277
2005-03-22,24.818153381347656,25.264395274836087,24.723552405927055,25.264395274836087,31780199
2005-03-23,24.818153381347656,24.993081581453414,24.5486242058213,24.90561867745808,50911786
2005-03-24,24.636091232299805,24.993085763674305,24.636091232299805,24.905622845043354,25709707
2005-03-25,24.905620574951172,24.905620574951172,24.63608898677483,24.63608898677483,18786634
2005-03-28,24.723556518554688,25.08233317561322,24.723556518554688,24.993085738915745,22177864
2005-03-29,24.10239028930664,24.723558134718953,24.10239028930664,24.723558134718953,47174486
2005-03-30,24.461166381835938,24.548629303995266,24.014924395673525,24.102389709948437,35748508
2005-03-31,24.99308204650879,25.082329470021097,24.636087568229282,24.723552865967203,56896569
2005-04-01,24.905620574951172,25.17514977101224,24.63608898677483,24.99308348561007,37400550
2005-04-04,24.548625946044922,24.905620442988624,24.548625946044922,24.6360888562404,25981766
2005-04-05,24.548625946044922,24.548625946044922,24.548625946044922,24.548625946044922,0
2005-04-06,24.723556518554688,24.905622820371438,24.54862828935058,24.54862828935058,25566154
2005-04-07,24.548625946044922,24.905620442988624,24.548625946044922,24.818155140677888,32405621
2005-04-08,24.905620574951172,24.905620574951172,24.63608898677483,24.818155272177,26485739
2005-04-11,25.175153732299805,25.351864099415096,24.993087418249665,25.082334860943842,67282972
2005-04-12,25.708858489990234,25.79632141385194,25.17515357128049,25.17515357128049,54332667
2005-04-13,25.439329147338867,25.70886080042444,25.439329147338867,25.70886080042444,23963102
2005-04-14,25.439329147338867,25.70886080042444,25.35186621561694,25.35186621561694,29241651
2005-04-15,25.439329147338867,26.06585299311609,25.35186621561694,25.526794471176636,100393497
2005-04-18,25.082332611083984,25.621393431788924,24.993085176395212,25.264398908802963,55440289
2005-04-19,24.99308204650879,25.43932155618547,24.99308204650879,25.351858650562683,57626198
2005-04-20,24.99308204650879,25.351858650562683,24.723552865967203,25.351858650562683,61485996
2005-04-21,24.99308204650879,25.175148321427585,24.636087568229282,24.636087568229282,55368010
2005-04-22,25.97838592529297,26.33537806114677,25.439325097063257,25.439325097063257,122946643
2005-04-25,25.796316146850586,26.065845328566414,25.708853240846754,25.978382422562582,46636628
2005-04-26,26.153316497802734,26.33538283103923,25.796324297290127,26.065853564164676,65962069
2005-04-27,26.33538055419922,26.781622560346797,26.2425640732023,26.424630390698148,76657450
2005-04-28,26.59955406188965,26.59955406188965,25.97838625452031,26.335378394898317,56588504
2005-04-29,26.512088775634766,26.599551686730024,26.24255957822899,26.424625864539504,36539092
2005-05-02,26.512088775634766,26.512088775634762,26.512088775634762,26.512088775634762,0
2005-05-03,25.621397018432617,26.42463121941964,25.43932830311109,26.065852128096537,84150213
2005-05-04,25.175153732299805,25.526792340372964,24.993087418249665,25.439327023836206,90187746
2005-05-05,25.796316146850586,26.065845328566414,25.264395855008114,25.264395855008114,66940823
2005-05-06,26.06584930419922,26.06584930419922,25.708857162030164,26.06584930419922,47105875
2005-05-09,26.33538055419922,26.33538055419922,25.883784993131115,26.065851310626968,38043969
2005-05-10,26.242563247680664,26.42462955944919,26.153313413989295,26.42462955944919,31023573
2005-05-11,26.424625396728516,26.424625396728516,25.88378010137542,26.153309294009556,42176885
2005-05-12,26.59955406188965,26.59955406188965,26.335378394898317,26.512091142984545,72889965
2005-05-13,27.13861846923828,27.315328848469605,26.51209463280183,26.51209463280183,103141616
2005-05-16,27.85438346862793,27.854383468627926,27.138614675550723,27.31532503007983,94544211
2005-05-17,27.58485221862793,27.854381418059933,27.402785930948706,27.854381418059933,49274250
2005-05-18,27.13861846923828,27.58485810542095,27.13861846923828,27.58485810542095,43849029
2005-05-19,27.85438346862793,28.029311697126545,27.584854249353878,27.584854249353878,63914556
2005-05-20,27.58485221862793,28.029309633680786,27.584852218627933,27.94184672192801,37264206
2005-05-23,26.95654296875,27.495603739149356,26.95654296875,27.495603739149356,42611731
2005-05-24,27.40279197692871,27.58485830477791,26.869087014355177,26.956549945405225,42043692
2005-05-25,27.40279197692871,27.759786558993834,27.315329045878663,27.495610855319544,55540918
2005-05-26,28.116769790649414,28.386298963673877,27.4027832461185,27.672312419142962,90467214
2005-05-27,28.832548141479492,28.832548141479492,28.47555597502901,28.47555597502901,58324868
2005-05-30,29.014612197875977,29.014612197875977,28.563016676020865,28.745082977707515,50368785
2005-05-31,29.366254806518555,29.459073684291713,28.832549847496615,29.189542035070268,78017868
2005-06-01,29.014612197875977,29.54653256560535,29.014612197875977,29.366250782070583,61445041
2005-06-02,29.189538955688477,29.366251708494264,29.18953895568848,29.27700426904506,36461406
2005-06-03,29.189538955688477,29.459070576475398,29.102076034447457,29.27700426904506,30239484
2005-06-06,29.277002334594727,29.277002334594727,29.014611196093348,29.18953702701733,49481165
2005-06-07,29.81785011291504,29.81785011291504,29.277007085337907,29.277007085337907,81685665
2005-06-08,29.81785011291504,29.992775972224024,29.635783787970887,29.72324671762538,58040137
2005-06-09,29.459068298339844,29.905307853192724,29.3662494375366,29.817844938715407,61254826
2005-06-10,29.54653549194336,29.723245864560557,29.54653549194336,29.635782937416273,40381357
2005-06-13,30.708541870117188,30.883467685147362,29.4590659533362,29.723239193809594,77638059
2005-06-14,29.992773056030273,30.70854665755339,29.992773056030277,30.619296826081015,49370882
2005-06-15,30.262300491333008,30.262300491333004,29.72323971698359,29.992768908100683,44588599
2005-06-16,29.90531349182129,30.708550104660077,29.817850560852886,30.708550104660077,47888309
2005-06-17,29.81785011291504,30.262307618938458,29.81785011291504,29.90531304256953,49692564
2005-06-20,29.366254806518555,29.905313320729825,29.277007357654096,29.817850390261807,33651878
2005-06-21,29.366254806518555,29.63578406362419,29.189542035070268,29.366254806518555,59172667
2005-06-22,29.992773056030273,30.262304676538182,29.459070545980143,29.459070545980143,63768741
2005-06-23,30.080238342285156,30.5264779307841,29.99277302909766,30.262304649363536,75287497
2005-06-24,30.52647590637207,30.708544593491826,29.99277104007912,30.262302642470576,72130163
2005-06-27,29.723237991333008,30.349761638362725,29.54652766552365,30.349761638362725,44927446
2005-06-28,29.81785011291504,29.90531304256953,29.45907341028206,29.635783787970887,33989396
2005-06-29,29.366254806518555,30.174844969951273,29.366254806518555,30.08024157378167,86358015
2005-06-30,29.366254806518555,29.723246994092207,29.366254806518555,29.723246994092207,23529296
2005-07-01,29.635780334472656,29.723243253934974,29.189538362070586,29.45906997737613,31110298
2005-07-04,29.54653549194336,29.817849257135073,29.366253690553187,29.366253690553187,33702906
2005-07-05,29.459068298339844,29.635778645364663,29.277002004989097,29.45906829833984,36117444
2005-07-06,29.459068298339844,29.72324155984198,29.277002004989097,29.54653121281716,36587608
2005-07-07,29.90531349182129,29.90531349182129,29.277007525150953,29.63578423317365,50484774
2005-07-08,29.81785011291504,30.080241293994305,29.635783787970887,29.90531304256953,34713049
2005-07-11,30.978078842163086,31.24046763065412,30.174844634952944,30.174844634952944,97501719
2005-07-12,31.50998878479004,31.686701508850597,31.152996692948292,31.152996692948292,64570194
2005-07-13,31.8687686920166,32.043694511013506,31.24046048746433,31.50998967994932,45175475
2005-07-14,32.67021560668945,32.93974477779947,31.86876616466773,32.043691969792164,66442199
2005-07-15,32.40069580078125,33.11646706495667,32.40069580078125,32.67022504979687,45062096
2005-07-18,32.40069580078125,32.40069580078125,32.40069580078125,32.40069580078125,0
2005-07-19,32.67021560668945,33.20392039542825,32.400686435579445,32.400686435579445,38474393
2005-07-20,32.40069580078125,32.8522913709697,32.22576755297994,32.67022504979687,48299972
2005-07-21,32.40069580078125,33.47345924181508,31.956238303964327,31.956238303964327,55222841
2005-07-22,31.335073471069336,32.49530234454643,30.883477857098477,32.400698942044535,103879679
2005-07-25,31.06554412841797,31.5099992752435,30.978081192285664,31.335073402978896,58691160
2005-07-26,31.240461349487305,31.779522141446915,30.978072613751813,31.065535525663645,60234695
2005-07-27,31.59745979309082,31.77952610380165,31.153002321813577,31.597459793090824,32045959
2005-07-28,32.495296478271484,32.582759398804434,31.597458967961256,31.597458967961256,53454336
2005-07-29,31.95623779296875,32.852290845645804,31.95623779296875,32.852290845645804,40069241
2005-08-01,31.59745979309082,32.0436993904928,31.50999447815828,31.95623646767586,20818275
2005-08-02,32.13829803466797,32.313226246597466,31.4225269172728,32.13829803466797,64273821
2005-08-03,32.313228607177734,32.75946817131245,31.956234085331445,32.49529490431548,53748271
2005-08-04,32.313228607177734,32.58275782061203,32.13830038246919,32.58275782061203,33120849
2005-08-05,32.313228607177734,32.313228607177734,32.313228607177734,32.313228607177734,0
2005-08-08,31.95623779296875,32.225767037674466,31.779527421765984,32.138304111230255,36944449
2005-08-09,31.779525756835938,32.04369904064287,31.686706888195772,31.779525756835938,28795984
2005-08-10,31.335073471069336,32.0437043384596,31.065544195922726,32.0437043384596,51622816
2005-08-11,31.335073471069336,31.50999934371405,31.065544195922726,31.50999934371405,24979892
2005-08-12,30.708541870117188,31.597454265038667,30.34976286618581,31.422526057893307,47922590
2005-08-15,29.459068298339844,30.526475629115623,29.45906829833984,30.349765282090804,93856568
2005-08-16,29.90531349182129,30.174845142584754,29.459073852830194,29.546536783798594,58960109
2005-08-17,30.174837112426758,30.526473261129247,29.81784262569862,30.080233740891863,54379392
2005-08-18,30.349767684936523,30.978075974999822,30.262304763534605,30.349767684936523,50305718
2005-08-19,30.708541870117188,30.708541870117188,30.174837051155635,30.526473199144117,55581175
2005-08-22,31.422527313232422,31.422527313232422,30.88346891895094,31.065535205082426,41003659
2005-08-23,30.88347053527832,31.509991873358885,30.88347053527832,31.42252895777214,35390184
2005-08-24,30.978078842163086,31.15300470115711,30.708549588049742,30.883475447043764,27620363
2005-08-25,30.978078842163086,31.24046763065412,30.796012517546753,30.883475447043764,20620578
2005-08-26,31.152997970581055,31.335064255862136,30.708542953497776,30.978072149379592,39340786
2005-08-29,30.708541870117188,30.883467685147362,29.81784256515239,30.883467685147362,57367847
2005-08-30,30.262300491333008,30.349763400387573,29.905305999046117,30.349763400387573,49450598
2005-08-31,30.174837112426758,30.43722583550481,29.72323925416373,29.99276844108399,64684834
2005-09-01,30.174837112426758,30.174837112426758,30.174837112426758,30.174837112426758,0
2005-09-02,31.72623634338379,31.726236343383793,30.643354215177425,30.643354215177425,54494957
2005-09-05,32.70515823364258,33.03002164825431,32.16371840020567,32.70515823364258,56446125
2005-09-06,32.92173385620117,33.13831026978809,32.488581029027344,33.03002084936863,41784488
2005-09-07,32.38029098510742,33.0300177374013,32.16371459192554,32.92173075443625,45399596
2005-09-08,32.81344985961914,33.030026309004654,32.38029938810051,32.48858639916707,38977395
2005-09-09,32.92173385620117,33.13831026978809,32.70515744261426,33.03002084936863,29529615
2005-09-12,33.78803634643555,33.894160655762775,32.92173313823252,33.246596537902164,40492639
2005-09-13,34.110740661621094,34.435604095547745,33.78803990940117,34.002451232144075,37762474
2005-09-14,33.67974853515625,34.11073623365382,33.24659572798082,33.894159830066094,50503812
2005-09-15,33.2465934753418,33.571459272337876,33.138306494510914,33.2465934753418,22556191
2005-09-16,34.00244903564453,34.00244903564453,32.92173448315878,33.246597896099814,34478740
2005-09-19,33.894161224365234,33.894161224365234,33.35488651551569,33.788036913257685,27589350
2005-09-20,33.894161224365234,34.00244821698774,33.46317350813819,33.57146292801267,29219124
2005-09-21,33.57146072387695,34.110735397320404,33.57146072387695,33.67974770938987,31398221
2005-09-22,32.272003173828125,33.24659577780754,32.272003173828125,33.13830878947733,67829514
2005-09-23,31.72623634338379,32.16371941246302,31.40137049129582,32.055429986016314,74145787
2005-09-26,31.72623634338379,32.272006411657586,31.40137049129582,32.055429986016314,37537932
2005-09-27,32.70515823364258,32.70515823364258,31.617945921856307,31.72623534489492,40471577
2005-09-28,31.9471378326416,32.48857759576573,31.834518206567672,32.3802906140416,57526726
2005-09-29,33.02785110473633,33.02785110473633,31.836682210829107,31.836682210829107,45547022
2005-09-30,33.46100616455078,33.569293149940926,33.13614278112852,33.13614278112852,46137550
2005-10-03,33.136146545410156,33.46100996573705,32.811280697831165,33.244433543101756,30155107
2005-10-04,33.67758560180664,33.67758560180664,33.13614577149019,33.244432766652665,44427663
2005-10-05,33.67758560180664,33.785872596969114,33.35271976181514,33.35271976181514,25933275
2005-10-06,33.35271453857422,33.35271453857422,33.027851176710364,33.244427560370156,23106968
2005-10-07,33.02785110473633,33.46100387111198,33.02785110473633,33.136140509956064,18949770
2005-10-10,33.02785110473633,33.02785110473633,33.02785110473633,33.02785110473633,0
2005-10-11,33.35271453857422,33.785867305893795,33.35271453857422,33.569290922234,24478990
2005-10-12,32.59469985961914,33.46100543280262,32.161549500279165,33.244429039506755,24473114
2005-10-13,32.05326461791992,32.48641746569979,31.94497761960101,32.48641746569979,21109163
2005-10-14,31.836681365966797,32.486410498288166,31.8366813659668,32.161547145753275,22954195
2005-10-17,31.18695640563965,32.16154894501912,30.970380016082906,32.05325953661489,35214256
2005-10-18,30.753803253173828,31.511819393794216,30.75380325317383,31.403532413956317,26905736
2005-10-19,30.104076385498047,30.537229192347425,29.670926005900544,30.537229192347425,34697177
2005-10-20,31.18695640563965,31.295243386792155,30.320650847412683,30.320650847412683,38872002
2005-10-21,30.97037696838379,31.51181667536837,30.75380060013966,30.75380060013966,21861278
2005-10-24,30.97037696838379,31.403529704872046,30.75380060013966,30.862087570635982,23409577
2005-10-25,31.511821746826172,32.05326154094914,31.295245343726613,31.40353475890233,41830517
2005-10-26,31.944978713989258,31.944978713989258,31.403538849341544,31.620112853398876,22798483
2005-10-27,31.620107650756836,31.83668404643177,31.295244270870324,31.620107650756836,21952354
2005-10-28,31.07867431640625,31.620114204183828,30.320657988067186,31.403540190874633,34497396
2005-10-31,31.40353775024414,31.944977595941918,30.970384902785078,30.970384902785078,25992034
2005-11-01,32.59469985961914,32.91956566318883,32.053260090005345,32.053260090005345,55383275
2005-11-02,33.136146545410156,33.46100996573705,32.919570122774864,32.919570122774864,35646134
2005-11-03,33.136146545410156,33.46100996573705,33.027857120466464,33.35272054079336,33037235
2005-11-04,33.78586959838867,33.78586959838867,33.35271680167809,33.35271680167809,37241440
2005-11-07,33.56929016113281,33.785866539882264,33.13613983088551,33.56929016113281,22675089
2005-11-08,33.67758560180664,33.67758560180664,33.46100918422965,33.569296179392126,19340517
2005-11-09,34.00244903564453,34.00244903564453,33.35271978251042,33.35271978251042,31062934
2005-11-10,33.894161224365234,34.43560104198171,33.894161224365234,34.00244821698774,23668116
2005-11-11,34.65217590332031,34.65217590332031,34.21902309771584,34.32731008549102,32828641
2005-11-14,35.410194396972656,35.62677081382672,34.652178151609455,34.652178151609455,32050085
2005-11-15,35.085323333740234,35.301899718345325,34.54388358585333,35.301899718345325,24725778
2005-11-16,35.84334945678711,36.168212888618335,34.97704373556761,35.19362016587248,37779085
2005-11-17,35.51847839355469,36.059918176359304,35.19361500932228,36.059918176359304,17947930
2005-11-18,36.16820526123047,36.27649223992055,35.73505249196681,35.95162887659864,33930372
2005-11-21,35.951629638671875,36.49306939810261,35.73505324944924,36.38478241711715,15350783
2005-11-22,34.97703552246094,35.843341040259546,34.97703552246094,35.843341040259546,26268201
2005-11-23,36.27649688720703,36.27649688720703,35.410193664951564,35.62677007732842,28791899
2005-11-24,35.84334945678711,36.27649989014468,35.62677302648223,36.27649989014468,23433080
2005-11-25,35.84334945678711,36.0599234598398,35.73506002800858,35.84334945678711,10600119
2005-11-28,36.16820526123047,36.601358030494126,35.84334189790856,35.84334189790856,26820535
2005-11-29,35.626773834228516,36.384790143855575,35.626773834228516,36.27650071262186,23876711
2005-11-30,36.709651947021484,36.817938946176966,35.735059245613684,35.735059245613684,38128701
2005-12-01,36.709651947021484,37.03451537174004,36.60136494786601,36.709651947021484,29679160
2005-12-02,37.25109100341797,37.359380427517735,36.81793816152304,37.0345145824705,33342782
2005-12-05,38.11740493774414,38.22569195803062,37.5759649818065,37.5759649818065,33222326
2005-12-06,38.442256927490234,38.55054634263915,37.90081713350128,37.90081713350128,37106295
2005-12-07,38.767120361328125,38.767120361328125,38.22568056674008,38.55054638529441,37041660
2005-12-08,37.90081787109375,38.87541049014129,37.575954473828546,38.76712107288494,44398284
2005-12-09,37.79253005981445,38.22568289274265,37.68424306520842,37.900819481672514,26083110
2005-12-12,37.79253005981445,37.79253005981445,37.14280323767419,37.57595607060238,30084597
2005-12-13,37.46766662597656,37.57595604776882,37.034513793311575,37.46766662597656,28310076
2005-12-14,36.92621994018555,37.3593726923978,36.8179305385067,37.25108329071895,23406639
2005-12-15,37.14280319213867,37.35937960833726,36.817937354214784,36.92622677594009,23436018
2005-12-16,38.11740493774414,38.22569195803062,37.467675534267414,37.467675534267414,36797810
2005-12-19,38.442256927490234,38.442256927490234,38.11739353654723,38.333969939593196,12568545
2005-12-20,38.767120361328125,38.767120361328125,38.00910416345449,38.442256970025674,26006724
2005-12-21,39.416847229003906,39.741710601002715,38.98369444817101,39.0919838570051,35152559
2005-12-22,39.416847229003906,39.416847229003906,39.416847229003906,39.416847229003906,0
2005-12-23,39.95829391479492,39.95829391479492,38.8754142023392,39.41685405856706,30419523
2005-12-26,39.95829391479492,39.95829391479492,39.95829391479492,39.95829391479492,0
2005-12-27,39.416847229003906,39.741710601002715,39.0919838570051,39.633423619420356,12171922
2005-12-28,38.98369216918945,39.308557949448385,38.87540519393754,39.200268546944876,20880003
2005-12-29,39.95829391479492,39.95829391479492,39.200277630625486,39.41685405856706,37958300
2005-12-30,38.98369216918945,39.95828465546306,38.98369216918945,39.95828465546306,37009342
2006-01-02,39.308563232421875,39.308563232421875,38.442257604970855,38.55054702202819,14701496
2006-01-03,40.28315353393555,40.39144295129264,38.98369751641386,39.308563341233224,27740113
2006-01-04,42.44891357421875,42.990350900538395,40.499726092308876,40.60801549937416,95318815
2006-01-05,43.964942932128906,44.28980627722297,42.665484697249575,42.665484697249575,62995501
2006-01-06,43.315223693847656,44.18152942989577,42.448922812304,44.18152942989577,36151461
2006-01-09,42.8820686340332,43.53180033011239,42.015767796767946,43.31522147991792,32214610
2006-01-10,42.665489196777344,42.88206316484572,42.12404699485104,42.88206316484572,17166435
2006-01-11,42.8820686340332,43.423510905015156,42.34063121755544,43.31522147991792,38028811
2006-01-12,45.80583953857422,45.80583953857422,43.96494396991827,43.96494396991827,88012136
2006-01-13,45.69755172729492,46.130704497561176,45.26439895702866,45.80584113348732,49798234
2006-01-16,48.72962188720703,48.837911305894146,45.480983017128644,46.022420401556424,65125514
2006-01-17,47.86333084106445,49.37936359317021,47.53846251889473,48.83792124405891,50183105
2006-01-18,45.480979919433594,46.672148880350036,44.72296374925982,46.563859469038476,55127674
2006-01-19,45.04783630371094,46.45557951946596,44.72297285811398,45.480989182675074,36838941
2006-01-20,45.37268829345703,46.563857196231886,45.156114335908576,45.914130469083176,29068066
2006-01-23,45.37268829345703,46.022415020605735,43.531792663533466,43.531792663533466,37479414
2006-01-24,45.264400482177734,46.022416642058616,45.264400482177734,45.589263857197615,38140453
2006-01-25,46.563865661621094,46.78043965854307,45.58927053921166,45.914138816350956,34635480
2006-02-03,45.58926010131836,47.646734446276874,45.04782280572614,47.32187109802092,52903646
2006-02-06,45.80583953857422,45.80583953857422,44.181517920258834,45.264397380968035,50617922
2006-02-07,46.130714416503906,46.239003845980506,44.831255826297905,45.58927212362531,39518351
2006-02-08,45.91413879394531,46.347286787577886,45.48098594580852,46.23900221642185,27178965
2006-02-09,46.34728240966797,46.78043521688966,45.697555626087315,46.56386124053069,37505856
2006-02-10,45.04783630371094,46.34729008609878,44.831257436976585,46.34729008609878,29082756
2006-02-13,43.42350387573242,44.506383387898445,43.3152144681648,44.39809398033082,52980033
2006-02-14,43.74837112426758,44.28981335562643,42.34062811903995,43.31521831008127,46495980
2006-02-15,43.74837112426758,44.831250732481436,43.74837112426758,43.96494995861266,32925593
2006-02-16,45.69755172729492,46.02241509136878,44.50638282268855,44.61467222888095,48517288
2006-02-17,45.15612030029297,46.34728450589778,45.15612030029297,46.2389999400726,19690133
2006-02-20,45.37268829345703,45.589262251005486,44.39809334823063,44.614672160282424,16370251
2006-02-21,44.61467361450195,45.914131965658676,44.61467361450195,45.69755314654748,26829349
2006-02-22,43.85666275024414,44.939542412996325,43.315220491616,44.506389576994636,34864640
2006-02-23,43.09864807128906,43.85666434828648,42.990358644716785,43.85666434828648,41151850
2006-02-24,43.85666275024414,43.85666275024414,42.882067655614314,42.882067655614314,36080951
2006-02-27,44.61467361450195,44.61467361450195,43.09864129873753,43.531794082456436,26694204
2006-03-01,43.53179931640625,45.69755864089258,43.53179931640625,43.74837330705325,51496369
2006-03-02,45.264400482177734,45.69755326703874,45.04782651699899,45.156115926840116,45121019
2006-03-03,44.39809036254883,45.589259185219994,44.18151641956454,44.93953250176409,23312624
2006-03-06,44.72297286987305,45.04783631555542,44.18153055739937,44.3981045696861,20824182
2006-03-07,44.39809036254883,44.831243103020434,44.07322702082088,44.722958558779794,31412550
2006-03-08,43.20692825317383,44.0732289168829,43.09863884977148,43.74836556117909,66923539
2006-03-09,43.42350387573242,43.64007783636426,43.098640507532956,43.098640507532956,23418391
2006-03-10,43.20692825317383,43.96494436798378,42.99034944636914,43.20692825317383,32102968
2006-03-13,42.990352630615234,43.206931453461664,42.340625871083105,43.206931453461664,32390887
2006-03-14,42.990352630615234,43.53179483322773,42.66548925084917,43.09864204203845,37558739
2006-03-15,43.315223693847656,43.64008713123959,43.206939117719976,43.53180255511191,19769458
2006-03-16,44.0732307434082,45.48097848247023,43.31521459718381,43.42350400507399,47021872
2006-03-17,43.64008712768555,44.3981034330398,43.531802551566685,44.07323999567433,21787829
2006-03-20,43.315223693847656,44.18152942989577,43.206939117719976,43.748376561871716,28550987
2006-03-21,42.665489196777344,43.531794778058,42.665489196777344,43.315215955486046,35035041
2006-03-22,40.28315353393555,42.44891760855822,39.850003146262935,42.44891760855822,65633779
2006-03-23,40.716304779052734,41.04116816409514,39.30856182570108,40.06657558171609,69315029
2006-03-24,40.49972915649414,41.04116895103049,39.85000237395127,40.60801857175254,36671478
2006-03-27,41.04117202758789,41.474324866588034,40.499732192463746,40.499732192463746,27126082
2006-03-28,42.01576614379883,42.55720353897556,41.366034473281154,41.4743238941181,36791934
2006-03-29,42.44891357421875,42.77377694091121,41.90747139339572,42.44891357421875,31145196
2006-03-30,42.990352630615234,43.206931453461664,42.44891528250632,42.990352630615234,39959043
2006-03-31,43.53179931640625,44.18152614285133,42.99035705803263,42.99035705803263,39124666
2006-04-03,44.2898063659668,44.39809091154641,43.42350087431142,43.64007481997373,29561642
2006-04-04,43.964942932128906,44.50638022245133,43.64007473253177,44.398090822585615,26550244
2006-04-06,44.50639343261719,44.831256874135605,44.289819423106415,44.39810400060955,45267917
2006-04-07,45.15612030029297,45.15612030029297,44.07323580600936,44.8312520393055,42955751
2006-04-10,44.39809036254883,45.04782190050775,44.28980581830819,45.04782190050775,17483734
2006-04-11,44.181522369384766,44.181522369384766,43.53179559843171,43.96494839723497,16625853
2006-04-12,45.04783630371094,45.15612573707811,43.640088233451344,43.640088233451344,22108065
2006-04-13,45.37268829345703,45.80584106305728,45.04782492988267,45.48097769948293,28736078
2006-04-14,46.130714416503906,46.130714416503906,45.372698119176505,45.480987548653104,20436372
2006-04-17,45.91413879394531,46.45557621323814,45.48098594580852,46.1307127907616,21370640
2006-04-18,45.480979919433594,45.91413271017626,44.5063849266367,45.480979919433594,20301227
2006-04-19,46.45558166503906,46.563871103407635,46.02242876606955,46.02242876606955,27834128
2006-04-20,47.6467399597168,47.6467399597168,46.34728156182312,46.67214980217429,29940637
2006-04-21,48.946197509765625,49.162771478411244,47.86331795753034,48.07989192617596,40816924
2006-04-24,48.296470642089844,49.05448688861359,48.188186074375075,48.729623476461136,19405152
2006-04-25,47.213584899902344,49.379348792698245,46.99701093787448,48.513043235579886,25357437
2006-04-26,48.07988739013672,48.29646133834993,46.56385518913484,47.21358188827761,19969238
2006-04-27,46.78042984008789,48.621330272818454,46.78042984008789,48.079888112397136,18276980
2006-04-28,46.88873291015625,47.86332811208807,46.67215889556286,47.646749242990055,19146613
2006-05-02,46.672149658203125,47.75502922585563,45.697554649163315,47.21358701477755,30219742
2006-05-03,46.23899841308594,46.88872520459648,45.805845600577626,46.45557239208818,33853985
2006-05-04,49.37934112548828,49.37934112548828,46.888714249122515,46.888714249122515,50429893
2006-05-05,49.7042121887207,50.895381116749185,49.59592278039899,50.895381116749185,50512156
2006-05-08,50.137367248535156,50.137367248535156,48.51304546782374,49.7042144500452,23380197
2006-05-09,49.37934112548828,50.13735715664261,48.837899022734035,49.920778373739836,28119109
2006-05-10,49.595916748046875,49.812490683844956,48.72961129584883,49.595916748046875,20465752
2006-05-11,50.24565887451172,50.24565887451172,48.9462051507727,49.16277915322775,22216769
2006-05-12,49.05447769165039,49.704209248644645,48.729614340404844,49.27105649548286,23418391
2006-05-15,47.6467399597168,48.513045558312584,47.538450546266404,48.07989275901469,30105162
2006-05-16,46.88873291015625,48.07990212668146,46.78044347560724,48.07990212668146,23183355
2006-05-17,47.43016815185547,47.86332097092084,47.105299896678524,47.21358931507084,15562315
2006-05-18,47.43016815185547,47.43016815185547,47.43016815185547,47.43016815185547,0
2006-05-19,47.43016815185547,47.43016815185547,47.43016815185547,47.43016815185547,0
2006-05-22,45.91413879394531,47.21359248385147,45.69755994262481,47.21359248385147,24978441
2006-05-23,44.181522369384766,45.48098076579454,44.181522369384766,45.04782796699128,34885205
2006-05-24,44.0732307434082,44.93953629752277,42.55719845095942,44.39809411257531,38663408
2006-05-25,42.8820686340332,44.39810116737764,42.8820686340332,44.18152717168738,29470565
2006-05-26,44.93954086303711,45.80584650516172,43.96495065652486,43.96495065652486,43669673
2006-05-29,44.93954086303711,44.93954086303711,44.93954086303711,44.93954086303711,0
2006-05-30,44.39809036254883,45.1561112992514,44.28980581830819,44.93953250176409,21326571
2006-06-01,43.315223693847656,45.04783516594388,43.206939117719976,44.398103436655575,39900284
2006-06-02,45.04783630371094,45.480989182675074,43.96495653355287,44.6146834247468,32766944
2006-06-05,43.315223693847656,45.48098803396793,43.09864968708786,45.372698603335806,26018475
2006-06-06,43.964942932128906,43.964942932128906,42.773774097115286,43.31521138743771,31744538
2006-06-07,43.315223693847656,43.64008713123959,43.09864968708786,43.53180255511191,20774237
2006-06-08,41.69089889526367,43.96495251562741,41.47432490282643,43.20693626034087,49892249
2006-06-09,41.69089889526367,42.44892000505433,41.149461486918504,42.232341158112966,49322286
2006-06-12,41.90747833251953,42.232341753003524,41.366036062043406,41.690899482527406,37532297
2006-06-13,42.01576614379883,42.01576614379883,40.716307657267485,41.58261331495505,42864675
2006-06-14,42.44891357421875,43.42350367429614,41.041165845880215,41.1494552529455,47950264
2006-06-15,43.53179931640625,44.39810013349833,42.882067635457084,43.53179931640625,39838587
2006-06-16,44.50639343261719,45.156125170158525,43.85666654958037,45.04783573815088,37899541
2006-06-19,44.181522369384766,44.50638575486129,43.315216771778246,44.50638575486129,22769104
2006-06-20,41.14945983886719,43.64008249741367,41.14945983886719,43.4235085136503,55489041
2006-06-21,41.14945983886719,42.23233946669192,40.71630701683651,41.14945983886719,36010440
2006-06-22,42.990352630615234,43.3152160103813,42.44891528250632,43.3152160103813,35769528
2006-06-23,42.665489196777344,43.09864198741767,41.69089420421072,42.44891522870897,31459557
2006-06-26,43.09864807128906,43.53180092307391,42.340631794291646,42.340631794291646,29303102
2006-06-27,42.990352630615234,43.85665821299379,42.88206321919202,43.3152160103813,33521997
2006-06-28,41.7991828918457,42.44891449380946,41.36603010870436,41.7991828918457,43763687
2006-06-29,42.232330322265625,42.55719365482107,41.79917759402407,41.79917759402407,40085375
2006-06-30,43.315223693847656,43.42351312447978,42.773786249695924,43.42351312447978,73586807
2006-07-03,43.315223693847656,43.856665992503835,42.882070825823604,43.856665992503835,20480442
2006-07-04,44.181522369384766,44.83124914033782,43.53179559843171,43.7483695705815,45003501
2006-07-05,43.315223693847656,44.289818860527895,43.315223693847656,43.856665992503835,28956424
2006-07-06,42.990352630615234,43.3152160103813,42.66548925084917,42.66548925084917,30378392
2006-07-07,43.315223693847656,43.315223693847656,42.6654968190638,42.99036025645573,19381649
2006-07-10,43.53179931640625,43.53179931640625,42.665493644810084,42.882067635457084,20310041
2006-07-11,43.09864807128906,43.85666434828648,43.09864807128906,43.53180092307391,22472371
2006-07-12,42.8820686340332,43.64008490070542,42.665494638342935,43.53180033011239,26564934
2006-07-13,41.7991828918457,42.66548845812838,41.6908934824345,42.66548845812838,47635904
2006-07-14,40.49972915649414,41.04116895103049,40.174865765222705,41.04116895103049,77573604
2006-07-17,38.767120361328125,40.39144217234414,38.55054638529441,39.958289365772956,49989201
2006-07-18,39.09198760986328,39.416851013049204,38.33397138426149,38.87541119865534,39430212
2006-07-19,38.98369216918945,40.174861033218484,38.98369216918945,39.63342130245572,33692398
2006-07-20,41.257747650146484,41.47432162546976,40.06657622235725,40.49972902750754,44953556
2006-07-21,40.716304779052734,40.716304779052734,40.17486499489811,40.49972837994052,22539944
2006-07-24,39.308563232421875,39.8500030359528,39.20027381536454,39.633426629090046,33319279
2006-07-25,39.52513885498047,40.39144451844136,39.52513885498047,40.28315509688274,36075075
2006-07-26,39.52513885498047,39.52513885498047,39.52513885498047,39.52513885498047,0
2006-07-27,39.52513885498047,39.52513885498047,39.52513885498047,39.52513885498047,0
2006-07-28,41.582611083984375,41.582611083984375,40.71630547277543,41.1494582783799,21914161
2006-07-31,42.01576614379883,42.77378238064945,41.799187302124935,42.01576614379883,38933699
2006-08-01,41.474327087402344,42.44892224096507,41.474327087402344,42.23234338261585,15321403
2006-08-02,41.90747833251953,42.232341753003524,41.474325487039465,41.58261491203553,15497680
2006-08-03,42.44891357421875,42.665487533845926,42.015760800461,42.23233476008818,29223778
2006-08-04,42.44891357421875,42.77377694091121,41.90747139339572,42.77377694091121,24099995
2006-08-07,42.01576614379883,42.448918972642616,41.799187302124935,42.01576614379883,19590243
2006-08-08,42.44891357421875,42.44891357421875,42.015760800461,42.015760800461,12915223
2006-08-09,43.09864807128906,43.20693749786134,42.44892122086392,42.665495219504216,33445610
2006-08-10,44.39809036254883,44.614669160036144,43.31521093862133,43.31521093862133,51816605
2006-08-11,44.72297286987305,44.83125744876413,44.28981999079502,44.6146834364774,36410001
2006-08-14,46.563865661621094,46.563865661621094,45.156122545367715,45.156122545367715,41997980
2006-08-15,46.45558166503906,46.78044512563999,45.805854743837195,46.78044512563999,42221264
2006-08-16,46.45558166503906,46.45558166503906,46.45558166503906,46.45558166503906,0
2006-08-17,49.76919174194336,49.76919174194337,49.37935564350594,49.639246375797555,123313062
2006-08-18,48.72962188720703,49.63924426607179,48.20984044471511,49.63924426607179,68946316
2006-08-21,46.52054214477539,48.469727251193625,46.39059679464774,48.469727251193625,48965
2006-08-22,47.30021286010742,47.560108407253836,46.78043147482134,46.78043147482134,34276
2006-08-23,46.78042984008789,47.43016140349411,45.87081244762366,47.3002112072103,41261044
2006-08-24,47.04033279418945,47.30022354554355,46.39060591580422,46.78044204283536,18731872
2006-08-25,46.91038131713867,47.820003683072926,46.91038131713867,47.17027203469022,19045254
2006-08-28,46.26065444946289,46.91038124230529,46.13070909089441,46.78043588373681,17524865
2006-08-29,46.91038131713867,47.17027203469022,46.52054524081135,46.52054524081135,21459268
2006-08-30,47.949951171875,48.33978726551957,47.30021949463,47.30021949463,34912626
2006-08-31,48.209842681884766,49.37935583626655,48.209842681884766,48.85956951515013,45261551
2006-09-01,49.63923645019531,50.02907247068316,48.85955955471646,48.85955955471646,58080802
2006-09-04,52.10821533203125,53.017832932495004,50.678811391083904,50.938702134073544,67376962
2006-09-05,51.58842849731445,52.23815528742426,51.19858756874475,52.1082099294023,36822293
2006-09-06,50.938697814941406,51.97826555325853,50.938697814941406,50.938697814941406,37478435
2006-09-07,50.418914794921875,50.80875086414996,49.63924265646571,49.899133369284435,44737617
2006-09-08,51.06864929199219,51.328544898577505,50.02908628366883,50.41892241179009,31776366
2006-09-11,51.198585510253906,52.88787995112344,50.67880409906439,51.718371775947034,40617144
2006-09-12,50.159019470214844,51.84831380271753,50.159019470214844,51.84831380271753,24793840
2006-09-13,50.938697814941406,51.32853875087527,50.28897101255815,51.198588535894714,25658087
2006-09-14,50.678810119628906,51.7183779200106,50.15902864669015,51.19859159256766,25520983
2006-09-15,51.4584846496582,51.4584846496582,50.159026176794164,50.6788076241382,19045254
2006-09-18,53.407657623291016,53.53760782149431,52.238149529990814,52.238149529990814,72187853
2006-09-19,52.88787841796875,53.53761001762434,52.75793306893833,53.53761001762434,33404479
2006-09-20,53.66755676269531,53.66755676269531,52.36809838408514,52.75793444131711,36249393
2006-09-21,53.017826080322266,54.83706590063042,52.887880725621955,54.577175191229784,35938460
2006-09-22,53.407657623291016,53.407657623291016,52.368094873690836,52.7579309047909,15314058
2006-09-25,53.407657623291016,53.53760782149431,52.368094873690836,53.01782159219095,18474802
2006-09-26,53.017826080322266,53.79750306302787,52.75793537092163,53.53761235362723,16685101
2006-09-27,52.7579345703125,53.66755689391477,52.62798921758412,53.4076613339544,32483922
2006-09-28,52.36809539794922,53.40765815795648,52.1082047079474,52.75793143295194,41966152
2006-09-29,52.36809539794922,52.75793143295194,52.1082047079474,52.36809539794922,20976955
2006-10-02,53.53761291503906,53.53761291503906,52.4980452120316,52.75793592415753,27741582
2006-10-03,54.3172721862793,54.44721751156449,53.147759404209935,53.53760023456812,30290253
2006-10-04,53.27772903442383,54.707133119147755,53.27772903442383,54.707133119147755,20342848
2006-10-05,55.096961975097656,55.096961975097656,53.79750830156017,53.92745366891392,42556190
2006-10-09,55.096961975097656,55.096961975097656,55.096961975097656,55.096961975097656,0
2006-10-11,54.05739974975586,54.83707196416903,53.927454380687,54.57718122603131,30574255
2006-10-12,54.05739974975586,54.83707196416903,54.05739974975586,54.57718122603131,25954330
2006-10-13,55.35684585571289,55.74668676400955,54.57717374812669,54.96700980191979,37027949
2006-10-16,56.266475677490234,56.396421046095035,54.837071768333274,55.22690787414766,41804565
2006-10-17,55.87664031982422,56.396421801202905,55.61674472463061,55.87664031982422,29448041
2006-10-18,55.74668884277344,55.74668884277344,55.0969572077199,55.22690256382986,26316677
2006-10-19,56.13652801513672,56.13652801513672,55.35685098086148,55.48679634415669,20763954
2006-10-20,55.48678970336914,56.39641199207388,55.48678970336914,56.136521296587794,21522924
2006-10-23,55.87664031982422,55.87664031982422,55.09696324325192,55.356853983941264,16146477
2006-10-24,55.87664031982422,56.26647643085823,55.486799354285935,55.74669494947955,16998482
2006-10-25,55.74668884277344,56.26647026721328,55.74668884277344,55.8766341988834,14124189
2006-10-26,55.74668884277344,55.74668884277344,55.74668884277344,55.74668884277344,0
2006-10-27,57.046146392822266,58.21565953409379,56.91620102762588,56.91620102762588,32361507
2006-10-30,55.87664031982422,56.91620328258159,55.74669494947955,56.91620328258159,32148506
2006-10-31,56.00658416748047,56.396420267915744,55.74669343385695,55.87663880066871,15282231
2006-11-01,56.65631103515625,57.565928603378296,56.136529567600796,56.136529567600796,31027189
2006-11-02,58.21565628051758,58.47554699638548,56.78625248874029,57.04614320460819,32456990
2006-11-03,59.51511001586914,60.81456845311886,57.955765716574064,58.21565643312324,60489920
2006-11-06,60.03489303588867,60.81456514310017,58.60548931816403,58.60548931816403,29558214
2006-11-07,60.94450378417969,62.63379801831319,60.81455844728504,61.07444912107434,27063406
2006-11-08,60.81456756591797,61.20440363505457,60.29478614040251,61.0744582786757,16689998
2006-11-09,60.81456756591797,61.98408062783151,60.68462220953911,60.94451292229684,32824234
2006-11-10,61.59424591064453,62.24397761251187,60.55468295486358,60.55468295486358,24607770
2006-11-13,59.77500534057617,62.11402663438298,59.51510977059425,61.59424034892296,20773747
2006-11-14,59.125267028808594,60.5546706572237,57.955758941062534,60.03488928489212,35637320
2006-11-15,58.86538314819336,60.29478694186484,58.605492431981055,59.515109938724116,24597977
2006-11-16,59.125267028808594,59.515103058057285,58.21564962722833,58.865376342642804,22597723
2006-11-17,58.475547790527344,59.12527458902089,58.21565707112993,59.12527458902089,32736096
2006-11-20,62.3739128112793,62.37391281127929,57.95576126062661,58.47554265376141,63212419
2006-11-21,61.46429443359375,62.11402607089861,61.07445836391308,62.11402607089861,20477504
2006-11-22,62.76374816894531,62.89369351580627,61.33434449897136,61.59423519269328,35654458
2006-11-23,62.243980407714844,63.153598034871564,61.59424867666988,62.76376190894726,18447871
2006-11-24,61.46429443359375,62.11402607089861,61.46429443359375,62.11402607089861,11602450
2006-11-27,62.11402130126953,62.503857341015355,61.3343443672745,62.37391199443341,13355426
2006-11-28,61.074459075927734,61.85413122437859,61.074459075927734,61.334349792078015,14653020
2006-11-29,61.074459075927734,61.85413122437859,60.55467764362716,60.81456835977745,24333562
2006-11-30,61.20441436767578,61.594250505172866,60.684632851013,61.46430512600717,21077335
2006-12-01,61.59424591064453,61.59424591064453,60.294792215918335,61.20440980222667,21038162
2006-12-04,60.55467224121094,61.59423501306696,60.03489085528293,61.59423501306696,19627947
2006-12-05,60.55467224121094,61.07445362713895,59.77500016231893,61.07445362713895,32621026
2006-12-06,61.20441436767578,61.46430512600717,60.55468747184731,60.55468747184731,28510346
2006-12-07,61.20441436767578,61.98409149717455,61.074468988510084,61.074468988510084,26365643
2006-12-08,61.20441436767578,61.20441436767578,60.55468747184731,61.074468988510084,18712286
2006-12-11,60.94450378417969,61.334339794863645,60.68461311039038,61.07444912107434,15343438
2006-12-12,59.77500534057617,61.07445891796673,59.64505998283711,60.814568202488616,34038586
2006-12-13,59.38515853881836,59.774999427978514,57.82581440019099,59.774999427978514,43550196
2006-12-14,58.73544692993164,59.51511919989363,58.60550155160464,58.995337686585636,22656482
2006-12-15,59.25522994995117,59.515120713213534,58.73544842342643,58.86539380505762,27376787
2006-12-18,60.16484832763672,61.204411309010545,58.9953351190868,59.25522586443026,37390296
2006-12-19,59.904964447021484,60.424745997272055,59.775019059458835,59.90496444702148,48419846
2006-12-20,59.904964447021484,60.29480060970941,59.64507367189619,59.64507367189619,19640188
2006-12-21,60.55467224121094,61.07445362713895,59.515104614851545,59.515104614851545,18780838
2006-12-22,60.55467224121094,61.07445362713895,60.42472689472894,60.94450828065695,10486029
2006-12-25,59.51511001586914,60.55467773656968,59.51511001586914,60.55467773656968,9636472
2006-12-26,59.51511001586914,60.42473237829509,59.51511001586914,59.64506022864755,15331196
2006-12-27,59.51511001586914,60.68462309484427,59.51511001586914,59.90495094519673,15015367
2006-12-28,60.03489303588867,60.16483838709059,59.1252707229717,59.775002333484835,13747152
2006-12-29,60.42473602294922,60.55468138906176,60.03489992461161,60.164845290724145,14795021
2007-01-02,61.724185943603516,61.98408151458309,60.554677719462596,60.814568435938355,28843313
2007-01-03,61.98408126831055,62.633808056918475,61.85413105608516,61.85413105608516,32388438
2007-01-04,62.76374816894531,62.89369351580627,61.984076087779556,62.373912128362434,21941582
2007-01-05,61.074459075927734,62.7637535854084,60.94451371785259,62.7637535854084,23501143
2007-01-08,60.29478454589844,60.684620604725765,60.03489384001355,60.29478454589844,18562940
2007-01-09,60.55467224121094,61.204398973620954,60.42472689472894,60.94450828065695,11813003
2007-01-10,60.81456756591797,61.98408062783151,60.68462220953911,60.81456756591797,29487214
2007-01-11,61.20441436767578,62.11403687634025,60.944523609344394,61.85414126350425,33592997
2007-01-12,61.98408126831055,62.24397198375372,61.4642949829204,61.98408126831055,27271511
2007-01-15,65.3626708984375,65.49261626704347,62.633813303207745,62.8937040404197,90305205
2007-01-16,64.45305633544922,65.4926193329623,64.19316558607095,65.4926193329623,36721913
2007-01-17,64.84288024902344,65.10277094946197,63.41347654210798,63.67336724254651,29739388
2007-01-18,65.49260711669922,66.01239337300504,64.19315361219347,64.97282571489691,28096585
2007-01-19,64.19315338134766,64.97282548124731,64.19315338134766,64.71293478128077,19201944
2007-01-22,63.80331802368164,64.19315896202609,62.893700494720456,64.19315896202609,24108319
2007-01-23,64.45305633544922,64.45305633544922,63.28354310874255,63.67337923280996,13299115
2007-01-24,64.3230972290039,64.9728239637453,63.93325633365567,64.58298792290047,15186747
2007-01-25,64.45305633544922,65.10278320889489,64.32311096076008,64.84289245951662,20166571
2007-01-26,62.50385284423828,63.80330621656982,62.114016832538816,63.15357953040405,32346817
2007-01-29,60.55467224121094,62.24396659998035,60.03489085528293,61.98407590701634,39642724
2007-01-30,50.46223449707031,50.89537272354131,50.245645965820536,50.89537272354131,25301616
2007-01-31,58.475547790527344,60.814569119607974,57.955766351732514,60.814569119607974,53473119
2007-02-01,58.34560775756836,59.385170730066314,56.91620381587936,58.995334615379576,43391057
2007-02-02,59.51511001586914,59.77500558692214,58.21565643312324,58.34560179139783,32726302
2007-02-05,59.25522994995117,60.16485247587415,58.86539380505762,59.64507094934941,25988606
2007-02-06,60.55467224121094,60.55467224121094,59.25521392188754,59.64505481583693,16440272
2007-02-07,61.074459075927734,61.074459075927734,59.90495085325145,60.55467764362716,23148589
2007-02-08,60.68461608886719,61.20439746195732,59.51510314491114,60.81456143213972,18198145
2007-02-09,60.55467224121094,60.814562934174944,59.515104614851545,60.814562934174944,21305026
2007-02-12,58.995330810546875,59.775007844140326,58.8653854473653,59.3851669000916,27379235
2007-02-13,56.91621017456055,58.995341206341365,56.916210174560554,58.73545043418187,45246862
2007-02-14,58.21565628051758,58.735437712253386,57.69587484878176,58.345601638451534,54227192
2007-02-26,59.38515853881836,60.5546714972922,59.25521319393274,60.29478080752097,46732974
2007-02-27,59.77500534057617,60.16484141379333,58.99532833963803,59.51510977059425,22066444
2007-03-01,56.266475677490234,58.215661061066385,55.87663957167585,57.176093257723814,93292120
2007-03-02,56.266475677490234,56.26647567749024,56.26647567749024,56.26647567749024,0
2007-03-05,52.2381591796875,55.09696212368379,51.588432341166566,55.09696212368379,67477342
2007-03-06,54.57717514038086,54.70712049496011,52.49804461260918,53.53761230374686,49107816
2007-03-07,55.74668884277344,56.136524911103315,54.707121139390026,55.61673863215974,63753492
2007-03-08,56.266475677490234,56.396421046095035,55.74669420307106,56.396421046095035,20034363
2007-03-09,55.096961975097656,56.6563112378468,54.83707124039016,56.3964205031393,23621109
2007-03-12,56.65631103515625,57.176092502711704,54.967016411096886,55.09696177798575,41055388
2007-03-13,57.43597412109375,57.82581501439466,56.78624738976454,57.176083428562066,35110938
2007-03-14,56.65631103515625,56.65631103515625,55.6167432455412,56.136529567600796,31391984
2007-03-15,57.046146392822266,57.43598248841141,56.91620102762588,57.046146392822266,21109163
2007-03-16,56.266475677490234,56.91620252051422,56.006584940280646,56.65631178330462,18700045
2007-03-19,56.00658416748047,56.656311001539265,55.87663880066871,56.656311001539265,12089659
2007-03-20,56.00658416748047,56.786256368351026,55.87663880066871,56.13652953429223,17865177
2007-03-21,56.00658416748047,56.656311001539265,56.00658416748047,56.396420267915744,15972649
2007-03-22,57.43597412109375,57.5659194673596,56.78624738976454,56.78624738976454,41312458
2007-03-23,58.085716247558594,58.47555235709846,57.176093804128,57.176093804128,36048633
2007-03-26,57.69586944580078,58.34559617462631,57.56591924553232,58.21565082886121,20707643
2007-03-27,57.69586944580078,58.60548686615652,57.43597389976722,57.69586944580078,27349856
2007-03-28,56.39641189575195,57.565920023441905,56.26646654823085,57.4359746759208,26025331
2007-03-29,57.17608642578125,57.306031778858944,55.876632895004356,55.876632895004356,22786242
2007-03-30,57.69586944580078,57.69586944580078,56.91619251670679,57.176083208237,12018659
2007-04-02,57.046146392822266,57.82582343850464,56.65631029723311,56.65631029723311,9915577
2007-04-03,57.43597412109375,57.43597412109376,56.91619273603038,57.046138082296224,14062982
2007-04-04,58.73544692993164,58.995337686585636,57.95577465996964,58.215665416623644,51247622
2007-04-09,58.86538314819336,59.12527386440566,58.47554707387491,58.86538314819336,27398822
2007-04-10,58.475547790527344,58.73543850992476,57.955766351732514,58.73543850992476,21390716
2007-04-11,58.86538314819336,59.12527386440566,58.605492431981055,58.73543779008721,25856399
2007-04-12,58.86538314819336,59.25521922251181,58.47554707387491,58.47554707387491,32442301
2007-04-13,58.475547790527344,58.99532922932218,58.345602430828635,58.99532922932218,36849224
2007-04-16,58.475547790527344,58.475547790527344,57.955766351732514,58.21565707112993,22174169
2007-04-17,57.56591796875,58.735430909200105,57.43597262586701,58.47554022343414,27411063
2007-04-18,57.56591796875,57.82581350901921,57.17608194010104,57.17608194010104,18795528
2007-04-19,56.266475677490234,57.4359839949334,56.13653030888544,57.30603862632861,32217058
2007-04-20,56.266475677490234,56.52636641469983,56.13653030888544,56.13653030888544,26216297
2007-04-23,57.69586944580078,58.47554152039142,56.396411133646374,56.396411133646374,38110094
2007-04-24,57.43597412109375,58.08570570692634,56.91619273603038,57.695869668128815,20768850
2007-04-25,56.65631103515625,57.565928603378296,56.65631103515625,56.78625640204512,17892109
2007-04-26,57.43597412109375,57.82581501439466,57.176083428562066,57.176083428562066,27256821
2007-04-27,56.7862434387207,57.56591546206814,56.7862434387207,57.56591546206814,17767246
2007-04-30,57.56591796875,57.955758851902196,57.04613659721806,57.69586816613623,25244326
2007-05-02,57.56591796875,57.56591796875,57.56591796875,57.56591796875,0
2007-05-03,62.50385284423828,62.76374351870459,61.33433995463685,61.46428529187001,68341589
2007-05-04,62.63380813598633,63.15358956752883,61.98408134655819,62.89369885175758,32924614
2007-05-07,63.413482666015625,63.673373391552076,62.373919763869786,62.76375585217448,31639261
2007-05-08,63.023643493652344,63.413479562880426,62.503862068014904,62.503862068014904,19116254
2007-05-09,62.89371109008789,63.15360185643064,62.37392955740239,63.15360185643064,22041961
2007-05-10,62.63380813598633,63.02364420964321,62.37391742021507,62.89369885175758,18472354
2007-05-11,61.98408126831055,62.24397198375372,61.59424034064199,62.24397198375372,17821108
2007-05-14,61.59424591064453,62.89370445987497,61.464300541171916,62.63381372092972,22166824
2007-05-15,60.68461608886719,61.984074376095776,60.424725402322125,61.85412417831998,16917689
2007-05-16,61.334346771240234,61.594237474590386,60.29478395783961,60.29478395783961,24216044
2007-05-17,60.94450378417969,61.7241758055476,60.94450378417969,61.204394457968995,20484849
2007-05-18,60.94450378417969,61.85412114244225,60.81455844728504,61.59423046865295,22600172
2007-05-21,62.76374816894531,62.89369351580627,60.94450845838848,60.94450845838848,26630058
2007-05-22,63.54343032836914,63.933266430781686,62.763758123544065,62.89370349101491,26980164
2007-05-23,64.0632095336914,64.45304559278316,63.67336862009602,63.803313973126606,20727229
2007-05-24,63.54343032836914,64.19316202022755,63.54343032836915,64.19316202022755,20717436
2007-05-25,62.89371109008789,63.023656473259265,62.24398417423102,62.89371109008789,25303085
2007-05-28,62.89371109008789,63.67338338911614,62.89371109008789,63.283547239602015,14626089
2007-05-29,62.89371109008789,63.543438005944765,62.63382032374514,62.89371109008789,13947912
2007-05-30,62.50385284423828,62.89368885593774,61.85412130356947,62.633798181471434,28887383
2007-05-31,60.68461608886719,63.54341849536616,60.68461608886719,63.15358246554857,26918957
2007-06-01,63.023643493652344,63.15358885006171,62.373916711605546,62.76375278083363,25251671
2007-06-04,63.93326187133789,64.19315744224912,63.28353508031936,63.41348043852307,23912456
2007-06-05,66.01238250732422,66.01238250732422,64.32308837502211,64.45303370408361,46042556
2007-06-06,66.53217315673828,67.57173593506062,65.75249621849312,66.14233711486742,50745723
2007-06-07,67.05196380615234,67.44179990186177,65.7525052992835,66.53218234520644,27981515
2007-06-08,66.01238250732422,66.92199981075464,66.01238250732422,66.53216382357017,37439262
2007-06-11,66.40223693847656,67.3118544945635,66.2722915733213,67.3118544945635,21454372
2007-06-12,68.35142517089844,68.61131591223781,67.05196660969726,67.18191198036695,43562438
2007-06-13,68.22148132324219,69.13109893823682,67.96158572159648,68.87120819109549,24747323
2007-06-14,71.34016418457031,72.63962257516589,68.74125225788283,69.13108831871041,49602371
2007-06-15,73.02946472167969,73.02946472167969,71.73000622279774,72.50968326392854,38469993
2007-06-20,74.84870147705078,75.49842827145106,73.93907911038654,74.0690244692666,54472021
2007-06-21,77.9673843383789,77.9673843383789,75.10858197741115,75.36847265981702,58416218
2007-06-22,75.10859680175781,77.70750899327264,74.19897437929994,77.70750899327264,47580083
2007-06-25,74.84870147705078,76.14815506585134,74.0690244692666,74.0690244692666,29186074
2007-06-26,73.41930389404297,74.9786531871963,72.89952241449328,74.84870781730888,34848971
2007-06-27,73.54924774169922,73.80913847609517,72.37973943691745,73.15941164010529,21268302
2007-06-28,74.32892608642578,74.58881682532184,73.41930364578533,74.58881682532184,23807179
2007-06-29,73.80914306640625,74.58882017258765,72.76958006417033,74.58882017258765,30346564
2007-07-02,74.84870147705078,74.84870147705078,72.8995162393461,73.8091337515065,19556946
2007-07-03,75.10859680175781,76.14815973656209,75.10859680175781,75.49843290230942,21410302
2007-07-04,76.01820373535156,76.14814908402376,75.36847699199066,76.14814908402376,19485946
2007-07-05,76.66793060302734,76.66793060302734,75.62836302328472,76.14814438590446,19405152
2007-07-06,76.66793060302734,76.92782128433721,75.88825370459459,76.66793060302734,14121741
2007-07-09,77.70751190185547,77.83745727356984,75.88827184334991,76.14816258677865,28108826
2007-07-10,64.7562484741211,64.8645233072279,63.56506511134987,64.7562484741211,27963398
2007-07-11,76.27810668945312,76.92783839171973,76.01821595034819,76.92783839171973,21030817
2007-07-12,75.36849212646484,76.53800049935923,75.36849212646484,76.27810974982715,24972566
2007-07-13,76.66793060302734,77.18771196564708,76.01819904524952,76.92782128433721,27430650
2007-07-16,73.54924774169922,75.88826920576692,73.54924774169922,75.88826920576692,32589198
2007-07-17,73.80914306640625,74.32892942202866,71.73001220742997,73.54925231584727,35492871
2007-07-18,73.80914306640625,73.80914306640625,73.80914306640625,73.80914306640625,0
2007-07-19,71.85995483398438,71.9899002042933,71.08028261213079,71.47011872305758,38844581
2007-07-20,62.59047317504883,63.45679809745399,59.55842818219056,59.55842818219056,63503766
2007-07-23,74.32892608642578,74.71876219476987,73.80913975412942,74.06903049302548,23197555
2007-07-24,76.40804290771484,76.53798826170393,73.93907632741853,74.58880795186762,32542681
2007-07-25,74.58881378173828,75.23854060246644,74.32892305344701,75.10859523832082,32628371
2007-07-26,72.8995132446289,75.1085891093447,72.50967718400322,74.84869840226092,35987426
2007-07-27,68.48136901855469,70.82039049309398,68.35142365077496,70.04071343191143,81834119
2007-07-30,68.35142517089844,69.13109739491658,67.05196660969726,67.05196660969726,40286624
2007-07-31,70.69044494628906,70.69044494628906,68.74125958002531,69.13109568237724,39975692
2007-08-01,66.53217315673828,69.5209209989184,66.53217315673828,69.39097565162811,64727911
2007-08-02,69.65087127685547,70.17065270281242,67.31185000554542,69.00114449440927,39701483
2007-08-03,71.2102279663086,71.98990018798555,70.43055574463162,70.95033722574959,45006929
2007-08-06,71.47012329101562,71.47012329101562,69.13110162145381,69.13110162145381,28199413
2007-08-07,69.52092742919922,72.50968040232497,69.39098206988974,72.50968040232497,32177885
2007-08-08,71.34016418457031,71.34016418457031,69.65086973314718,69.65086973314718,19162772
2007-08-09,72.6396255493164,73.28935234396472,71.85994854123457,72.50968019038675,38935168
2007-08-10,69.78081512451172,70.82038280845136,69.39097906347321,69.39097906347321,41371217
2007-08-13,70.56049346923828,71.21022025023377,69.91076183373903,70.95032953783557,21833857
2007-08-14,70.69044494628906,71.98989862079544,69.39098641727851,71.47011715099289,28527484
2007-08-15,68.0915298461914,70.0407102750338,68.0915298461914,69.65087418926532,37023053
2007-08-16,63.54343032836914,66.79207422414865,63.54343032836915,66.53218348920696,82531882
2007-08-17,63.93326187133789,66.27228802801224,63.41348043852307,63.67337115493048,73573586
2007-08-20,68.35142517089844,68.35142517089844,67.05196660969726,68.09153442955906,32434956
2007-08-21,70.82038879394531,71.2102248879314,69.13109419883484,69.91076638680703,49925545
2007-08-22,69.3909912109375,70.69044982971708,68.74126432879996,70.69044982971708,38798064
2007-08-23,72.50967407226562,72.50967407226562,71.47010643403968,71.7299971299703,66911787
2007-08-24,73.41930389404297,73.80914000370524,71.21022775145252,71.98989997077706,78788445
2007-08-27,75.8096923828125,76.91295333683576,75.33686696060388,75.96730249241854,77361908
2007-08-28,77.22816467285156,78.17382037518512,75.49447318289334,75.80968847926505,53331934
2007-08-29,77.54338073730469,77.54338073730469,75.02164378108971,75.33685906063822,50920367
2007-08-30,77.85859680175781,79.43468302860707,77.54338151903157,79.11946774588083,36018438
2007-08-31,77.22816467285156,77.22816467285156,75.02164778503118,75.65208328438382,84204881
2007-09-03,75.96730041503906,78.17382226274668,75.65208511105627,77.2281665375796,43342907
2007-09-04,75.65208435058594,77.07056056416373,75.4944742468742,75.8096895476884,35818494
2007-09-05,75.49446868896484,76.59772952050628,75.17925341135683,75.96729405868132,31446254
2007-09-06,74.54881286621094,75.33685345980066,73.76077227262121,74.86402812232511,47133678
2007-09-07,75.17924499511719,75.96728555422135,74.706419678333,75.17924499511719,28434857
2007-09-10,74.39122009277344,75.02165565828804,73.91839464528991,74.076004763321,26951601
2007-09-11,76.44011688232422,76.597726969183,74.70642555331268,75.02164082042148,29375408
2007-09-12,75.65208435058594,77.54338596868966,75.65208435058594,77.07056056416373,31066769
2007-09-13,74.54881286621094,76.12489895999899,74.39120278484955,76.12489895999899,26100820
2007-09-14,74.54881286621094,75.17924828504788,74.07598752873538,74.54881286621094,33876183
2007-09-17,72.49991607666016,74.39121780852003,72.18470075688671,74.07600248874657,38109686
2007-09-18,72.49991607666016,72.49991607666016,72.49991607666016,72.49991607666016,0
2007-09-19,72.81512451171875,74.54881584964161,72.65751442404984,74.07599049324367,47802877
2007-09-20,75.02165985107422,75.49448532498285,73.60318342934829,73.76079355618785,36781488
2007-09-21,75.33687591552734,75.96731152227876,74.54883508704562,75.33687591552734,24562477
2007-09-26,75.33687591552734,75.65209617220808,74.70644521538598,74.70644521538598,37752643
2007-09-27,77.22816467285156,77.22816467285156,75.17925788652164,75.33686308140288,53935846
2007-09-28,77.54338073730469,78.64664157563791,76.9129452715987,77.54338073730469,50463353
2007-10-01,76.59773254394531,78.17381880741398,76.28251234728612,77.85859861075477,24244199
2007-10-02,78.80424499511719,79.11946517420662,77.22815881949654,77.22815881949654,49608492
2007-10-03,80.06512451171875,81.48360075039533,78.80425347293331,78.80425347293331,63096534
2007-10-04,79.90752410888672,81.01078517514749,79.11948329390614,80.06513423452682,29467219
2007-10-05,78.80424499511719,80.38033117073783,78.48902972263659,79.7498957191678,27059733
2007-10-08,80.06512451171875,80.38033981811041,79.43468899232603,80.38033981811041,17723585
2007-10-09,79.59229278564453,81.01076891180898,78.96185731625732,80.06511816103267,23228158
2007-10-11,79.74989318847656,80.38032862004107,78.80424249443413,79.90750327301986,34282191
2007-10-12,77.85859680175781,80.69554906612106,77.85859680175781,79.90750840600094,32388846
2007-10-15,76.91294860839844,78.48903488773603,76.44012321525808,77.85859939467916,21720419
2007-10-16,77.70100402832031,77.85861415812263,75.8097020971328,75.8097020971328,15293656
2007-10-17,77.22816467285156,77.85860017220419,75.96729858075552,77.70099007071373,22634448
2007-10-18,77.38577270507812,78.33142347551615,76.59773203191614,77.07055741713515,37236462
2007-10-19,76.59773254394531,78.64664419579366,76.59773254394531,78.17381880741398,33735406
2007-10-22,74.39122009277344,74.86404554025695,73.44556919780639,73.60317931583748,52519917
2007-10-23,76.59773254394531,77.22816312404548,74.54882089209698,74.54882089209698,35088087
2007-10-24,76.59773254394531,79.27707477589382,76.59773254394531,77.85859861075477,52387302
2007-10-25,78.0162124633789,78.17382256929302,76.91295153519884,77.85860235746479,44316103
2007-10-26,77.22816467285156,79.11947117090945,77.07055947797032,79.11947117090945,30915791
2007-10-29,78.80424499511719,78.9618550846619,77.70098418152185,77.85859427106656,36632550
2007-10-30,79.11947631835938,79.7499069521181,78.80425609487048,79.43469163523874,33137615
2007-10-31,77.54338073730469,79.27707213473494,77.54338073730469,79.11946694826517,52854517
2007-11-01,75.33687591552734,78.331438914334,74.86405043711629,77.85861343592296,66467014
2007-11-02,70.92382049560547,73.28795226140704,70.13577984474425,71.86947614589147,104187014
2007-11-05,74.07600402832031,74.70643958757958,70.92383113863364,70.92383113863364,58381534
2007-11-06,72.49991607666016,74.39121780852003,72.49991607666016,74.07600248874657,27502466
2007-11-07,71.86946868896484,74.3912004727182,71.86946868896484,74.3912004727182,36377520
2007-11-08,68.24446868896484,69.97815983788522,67.77164338411309,69.66294460352013,56178072
2007-11-09,68.402099609375,69.6629658377734,67.92927416039939,68.24448949084655,50383784
2007-11-12,64.6194839477539,66.19557023849671,63.67383806123927,66.19557023849671,65956953
2007-11-13,63.98905944824219,65.09232044744903,62.728188332974455,64.46188488981517,72320469
2007-11-14,66.19556427001953,67.45643515157191,66.03795908978206,66.19556427001953,74062836
2007-11-15,65.56513977050781,66.510790565406,65.40752966915504,66.03796516795691,31517663
2007-11-16,63.83144760131836,64.30427303007014,63.04340685560192,63.20101206077948,66136495
2007-11-19,62.57058334350586,64.46188511644714,62.25536311027585,63.6738443465915,52307732
2007-11-20,62.412967681884766,62.412967681884766,59.73362537713086,59.891230573133925,76609059
2007-11-21,62.412967681884766,63.831443885567886,62.25535757927245,62.885793083112475,58938520
2007-11-22,63.04340744018555,63.04340744018554,60.679280274504784,62.09775657391324,34382163
2007-11-23,61.62491989135742,63.83143654099748,61.467309806880024,63.20100110969659,26504788
2007-11-26,63.6738395690918,63.6738395690918,62.41296854399533,62.72818384696479,42435000
2007-11-27,62.09775924682617,63.35862548725831,61.309713553272516,62.09775924682617,38572821
2007-11-28,63.35862350463867,64.14666426692314,62.7281879508453,62.7281879508453,43026670
2007-11-29,64.9346923828125,65.407517693692,64.14664692694112,65.24990762119606,34371962
2007-11-30,64.9346923828125,65.24990762119606,63.98904176105349,63.98904176105349,30934154
2007-12-03,63.04340744018555,65.09231928597873,62.88579732693696,65.09231928597873,39960186
2007-12-04,63.98905944824219,64.14666465769339,62.09775768195027,62.09775768195027,17862321
2007-12-05,64.9346923828125,65.407517693692,63.35860637767805,63.98904176105349,40927261
2007-12-06,64.77709197998047,66.35317822038672,64.30426659851949,66.03796293494909,39082881
2007-12-07,64.30427551269531,65.56514664245212,63.98906018356097,65.24992640670804,39548057
2007-12-10,63.04340744018555,63.98905830645785,63.04340744018554,63.35862276007311,21183836
2007-12-11,62.88579177856445,63.831442561402596,62.412966387145374,63.51622726932627,40923180
2007-12-12,61.46731948852539,62.25536022181835,60.836883957925345,61.46731948852539,68162455
2007-12-13,57.211891174316406,61.94014542675342,57.211891174316406,60.83688446564828,127996642
2007-12-14,55.79340362548828,57.68470494432431,53.27166689817074,57.2118796146153,102240623
2007-12-17,53.90210723876953,55.79340873066225,53.271671772602296,55.635798637468206,60025969
2007-12-18,56.10862350463867,57.52709961077107,53.58688656931143,53.58688656931143,59777059
2007-12-19,59.576019287109375,59.89123460695528,56.89667680189518,57.05428200851335,71284026
2007-12-20,59.103187561035156,60.52166370922415,58.6303621783055,59.89122823004824,43948859
2007-12-21,60.364051818847656,61.94013801664394,59.576011173253974,59.73362126501628,57216555
2007-12-24,63.04340744018555,63.04340744018554,61.78253634741608,62.41297189380081,35608349
2007-12-25,62.09775924682617,63.516235607291,62.09775924682617,63.516235607291,12655623
2007-12-26,61.782535552978516,62.097755775422385,60.206454067197285,62.097755775422385,22320251
2007-12-27,63.04340744018555,63.67384298657027,61.467321027528506,61.78253634741608,27180108
2007-12-28,63.20101547241211,64.30427650125752,62.412974684156694,63.04341025872691,24038135
2007-12-31,61.782535552978516,62.097755775422385,60.206454067197285,62.097755775422385,22320251
2008-01-02,61.3097038269043,63.673835625902015,61.3097038269043,63.673835625902015,23446464
2008-01-03,58.94557189941406,59.89122257559253,58.787966724456716,59.89122257559253,56100543
2008-01-04,57.68471145629883,58.630362222470495,57.211886073212995,58.31514693594963,47821239
2008-01-07,54.059715270996094,54.847760871839185,53.74449997462439,54.059715270996094,128988200
2008-01-08,53.586891174316406,54.8477622036378,52.95646056626505,54.2173266889771,84600688
2008-01-09,55.79340362548828,55.79340362548828,52.01080098781623,52.32601623875273,58412137
2008-01-10,55.79340362548828,57.68470494432431,55.79340362548828,57.05426953584279,82376824
2008-01-11,55.79340362548828,57.05426953584279,55.79340362548828,56.10861887642478,34835097
2008-01-14,56.26625442504883,57.369510756038075,55.79342888130751,57.05429536241411,67093368
2008-01-15,57.36949157714844,59.26079802645184,56.58145090322884,56.7390610006564,75080917
2008-01-16,54.217315673828125,55.00535622709345,53.58688028725085,53.90210043384366,112825400
2008-01-17,54.53254318237305,55.7934142391944,54.0597177627174,55.00536860202869,51518158
2008-01-18,55.00537109375,55.00537109375,52.956464120167176,53.27167944534691,55543557
2008-01-21,54.059715270996094,54.847760871839185,53.429284678252685,54.53254066885826,46089074
2008-01-22,50.27711868286133,51.695595062506925,50.27711868286133,50.27711868286133,84490515
2008-01-23,50.749935150146484,51.380370620482715,50.11949967981025,51.380370620482715,66817936
2008-01-24,49.96189498901367,51.85319651222085,49.80428489321006,50.434720369815466,73201854
2008-01-25,52.48362731933594,52.95645265807026,50.90754122135198,51.06514639652435,56025054
2008-01-28,50.43473434448242,52.0108210194001,50.43473434448242,51.38038536811094,28483823
2008-01-29,51.2227668762207,51.537987103770476,50.74994144150564,51.2227668762207,21906081
2008-01-30,51.38037109375,52.32602185466029,51.06515090237387,51.69558637851708,31103494
2008-01-31,53.42929458618164,53.42929458618164,51.22277238257454,51.380382513292226,47780435
2008-02-01,54.217315673828125,54.84775106040539,53.58688028725085,54.532530913812586,35828695
2008-02-12,52.326019287109375,53.902105446826944,52.01080401780938,53.271670001618155,59387373
2008-02-13,51.53798294067383,52.79884902919483,51.380372839630255,52.48363373371688,33980235
2008-02-14,55.00537109375,55.00537109375,52.64124388837776,52.64124388837776,51106029
2008-02-15,55.00537109375,55.47819653482445,53.90211500231607,53.90211500231607,38727879
2008-02-18,54.84776306152344,56.108629203956966,54.84776306152344,55.47819367943549,27271919
2008-02-19,55.32058334350586,55.635798623204174,54.69014787750026,55.47818853005053,21369498
2008-02-20,55.79340362548828,56.423834127361275,54.84775296607027,55.32057829577928,40370274
2008-02-21,57.211891174316406,57.684716599560105,55.95102010259353,55.95102010259353,45793238
2008-02-22,57.68471145629883,57.999926742819696,56.26623530704133,57.05427597664803,43589777
2008-02-25,60.0488395690918,60.679275061313376,58.63036339155012,58.63036339155012,54894759
2008-02-26,59.41840362548828,61.152099989275015,59.10318833507666,60.836879792254265,31332001
2008-02-27,60.52166748046875,60.52166748046875,59.41840654981645,60.20645217454354,41810685
2008-02-29,59.260799407958984,59.576014703553405,58.63036391016093,58.63036391016093,37926064
2008-03-03,56.4238395690918,57.68471050765803,55.32058363110758,57.05427503837492,39776564
2008-03-04,57.05427932739258,57.84232004328017,55.793413200650555,55.793413200650555,33733366
2008-03-05,56.26625442504883,57.84233629977939,55.95103412481413,57.05429536241411,28975521
2008-03-06,60.0488395690918,60.0488395690918,56.58145172178686,56.58145172178686,45550450
2008-03-07,59.576019287109375,59.89123460695528,57.99993287466066,57.99993287466066,34000638
2008-03-10,56.89667510986328,58.94558198784428,56.42384478424138,58.157541258360006,48829119
2008-03-11,56.58146286010742,56.58146286010742,55.32059653406611,55.32059653406611,42063676
2008-03-12,56.89667510986328,58.63036667737246,56.58145489278201,58.315151366900636,43799922
2008-03-13,55.635807037353516,56.896678160054094,55.478196920363516,56.266242598703805,33529342
2008-03-14,55.00537109375,56.58145753286805,54.84776588446496,56.423847416973345,28179826
2008-03-17,52.6412467956543,54.05972319721741,52.01081611047732,53.74450785462892,57112503
2008-03-18,52.95646667480469,53.586897355576355,52.16842096392524,52.641246427808944,33041724
2008-03-19,54.059715270996094,54.53254066885826,53.271674576762216,54.37493547397702,26953641
2008-03-20,54.059715270996094,54.217325372486556,53.11406447527175,53.90211007611485,29846704
2008-03-21,55.47819519042969,55.478195190429695,54.21732901365544,54.21732901365544,44764956
2008-03-24,58.472755432128906,59.26080105290312,57.211889308143256,59.26080105290312,79132838
2008-03-25,58.94557189941406,59.103181980980004,57.84231114166965,58.472746561324826,59821945
2008-03-26,58.78797149658203,58.78797149658203,57.84231583703118,57.999925931391154,31672721
2008-03-27,56.4238395690918,58.31514597694115,54.69014816182446,57.68471050765803,69882380
2008-03-28,55.00537109375,56.1086320917936,54.84776588446496,55.79341676661386,49949212
2008-03-31,54.84776306152344,55.635803787218215,53.58689201248048,55.162978370479465,52213881
2008-04-01,53.744503021240234,55.162979295235935,53.744503021240234,54.21732844590547,33462014
2008-04-02,54.84776306152344,55.32058847826219,54.21732753700196,55.162978370479465,65930430
2008-04-03,55.951019287109375,56.10862939542995,54.532543032052516,54.84776324869367,50748987
2008-04-07,57.52711486816406,57.684725001738805,56.42385374636132,56.7390740135108,56143388
2008-04-08,57.211891174316406,58.31515213542154,57.211891174316406,57.99993191418607,49979816
2008-04-09,56.73906707763672,57.99993327227368,56.42384684902026,57.52710783595862,36550941
2008-04-10,58.157535552978516,58.315145646057246,56.42383924893929,57.054274714645274,49104552
2008-04-11,59.260799407958984,59.891229999147825,58.63036391016093,58.63036391016093,73061077
2008-04-14,58.31514358520508,58.78796894112272,57.84231332267865,58.78796894112272,29118338
2008-04-15,57.84233093261719,58.630376703470816,57.684725703734685,58.31516133909553,20286129
2008-04-16,58.157535552978516,58.945576205154275,57.68471018035126,58.315145646057246,37103846
2008-04-17,60.0488395690918,60.20644966879948,59.10318878406401,59.5760141765779,96203546
2008-04-18,58.630367279052734,59.73362823694023,58.3151519653461,59.260802813075514,37891380
2008-04-21,59.89124298095703,59.891242980957024,58.78798675393412,58.78798675393412,53301330
2008-04-22,59.260799407958984,59.73362480465522,58.78797401126275,59.260799407958984,24833829
2008-04-23,57.05427932739258,58.31515036074396,56.581453916538145,57.68471484406826,80208046
2008-04-24,55.32058334350586,56.423839275754446,55.162973250352216,56.10862399605613,94267356
2008-04-25,55.47819519042969,55.79341541458042,55.32058998496388,55.32058998496388,51216203
2008-04-28,56.73906707763672,56.73906707763671,55.16298065438329,55.63580609069835,45891170
2008-04-29,55.47819519042969,56.7390662738135,55.478195190429695,56.1086307321216,32862183
2008-04-30,55.635807037353516,56.108632481713805,55.478196920363516,55.478196920363516,27951319
2008-05-02,53.27168273925781,55.63581009080949,53.27168273925781,55.32059474613926,137873455
2008-05-05,51.38037109375,52.79884723511543,50.27711023715164,52.641237139427375,151400262
2008-05-06,52.01081085205078,52.79885158215403,51.69559063472192,51.69559063472192,90374574
2008-05-07,52.48362731933594,53.58688317197695,51.85319189882063,52.010801980601606,88611804
2008-05-08,52.01081085205078,52.48363627143462,51.69559063472192,52.010810852050774,51199881
2008-05-09,51.85320281982422,52.6412435814842,51.85320281982422,52.16841814316628,67460612
2008-05-12,52.01081085205078,52.16841605410576,51.69559063472192,52.010810852050774,44377310
2008-05-13,53.586891174316406,53.744501279633916,52.32602505160435,52.483635156921856,112123557
2008-05-14,55.951019287109375,56.266239503750526,54.69015314037309,55.16297855872538,159708128
2008-05-15,57.05427932739258,57.211889433213834,56.10862850568372,56.73906402235941,142133481
2008-05-16,57.36949157714844,57.84231696282201,56.89667109808396,57.84231696282201,93512466
2008-05-19,57.84233093261719,57.99994106810997,56.73907470399856,57.99994106810997,64592031
2008-05-20,55.79340362548828,57.8423101164883,55.47818346794327,57.2118796146153,61192988
2008-05-21,55.1629753112793,56.10862609231338,55.00536521223724,55.1629753112793,50883643
2008-05-22,56.58146286010742,56.739072990841386,54.53255078700642,54.53255078700642,55643528
2008-05-23,55.1629753112793,57.05427687334746,55.1629753112793,56.581451482830424,46925573
2008-05-26,54.53254318237305,55.16297871078372,54.0597177627174,54.84776339988311,35453290
2008-05-27,54.84776306152344,55.162978370479465,54.37493764478468,55.162978370479465,17574647
2008-05-28,53.744503021240234,55.32058940566085,53.271677596575,55.162979295235935,39780644
2008-05-29,53.90210723876953,54.84775798471589,53.74449714557548,54.532537798327795,28267557
2008-05-30,54.217315673828125,55.478181540374315,53.58688028725085,54.69014098710899,72775443
2008-06-02,56.73906707763672,57.05428239964355,55.79341620500659,56.10863152701342,76668226
2008-06-03,55.951019287109375,56.73906492210281,55.635803977077664,56.73906492210281,30513864
2008-06-04,56.89667510986328,57.054280311794464,55.95101936522893,56.42384478424138,63176103
2008-06-05,57.36949157714844,57.36949157714844,56.10862551755527,56.89667109808396,43145004
2008-06-06,57.05427932739258,57.99993014910143,57.05427932739257,57.68471484406826,42581897
2008-06-09,55.32058334350586,55.635798623204174,54.532537784346616,55.162973250352216,50357261
2008-06-10,54.53254318237305,55.63580413043936,54.53254318237304,55.63580413043936,38625867
2008-06-11,55.32058334350586,55.635798623204174,54.847757970653895,55.47818853005053,41331229
2008-06-12,54.217315673828125,54.69014098710899,54.059705600531714,54.37492574712453,33149857
2008-06-13,54.217315673828125,54.84775106040539,54.059705600531714,54.84775106040539,24780783
2008-06-16,53.90210723876953,54.69014789152184,53.42928186579635,54.532537798327795,33202903
2008-06-17,54.059715270996094,54.059715270996094,53.11406447527175,53.90211007611485,23738219
2008-06-18,53.586891174316406,54.059716583659586,53.11406576497321,54.059716583659586,27855428
2008-06-19,52.6412467956543,53.114072262842,52.483641577665026,52.79885692025351,32964195
2008-06-20,52.01081085205078,53.429287110202296,52.010810852050774,52.48363627143462,45040389
2008-06-23,50.90754318237305,51.38036853932119,50.59232300666842,50.749933094520735,60801261
2008-06-24,49.96189498901367,51.22276103561544,49.96189498901367,50.74993565481365,50332778
2008-06-25,50.59233474731445,50.59233474731445,49.48907859614892,49.961904062822704,58691650
2008-06-26,50.43473434448242,51.22277522863605,50.11951406553264,51.06516508916116,40349872
2008-06-27,47.59777069091797,48.54342150429465,47.124945284229625,47.44016058648541,82458433
2008-06-30,47.12494659423828,47.91298732508886,46.49451106559214,47.597772014070515,45999303
2008-07-01,46.80972671508789,47.91298767154385,46.652121511743815,47.28255213833909,30515904
2008-07-02,46.80972671508789,47.755377561590294,46.652121511743815,46.80972671508789,38915582
2008-07-03,48.22820281982422,48.54342303865279,45.391250290023905,45.706470508852476,63745331
2008-07-04,46.65212631225586,48.22820794753262,46.65212631225586,48.22820794753262,34104690
2008-07-07,46.967342376708984,47.28255772726593,45.706476067871115,46.65212702615203,42008589
2008-07-08,46.021690368652344,46.96734130536253,45.3912547753089,46.809731180374186,47635577
2008-07-09,43.65755844116211,46.65212106173732,43.499948332728856,46.33690084487081,84921006
2008-07-10,42.71189880371094,43.81515952221647,41.76624816116574,43.499939370295785,84055943
2008-07-11,43.8151741027832,44.76082015340673,42.081477410114914,42.39669276032276,105543775
2008-07-14,44.1303825378418,45.2336434506054,43.81516723702761,43.81516723702761,65563187
2008-07-15,42.71189880371094,43.81515952221647,42.239073482438336,43.81515952221647,53009576
2008-07-16,42.869510650634766,43.9727715409898,42.869510650634766,43.18473085165574,32949913
2008-07-17,45.70646667480469,45.70646667480469,43.97277033650559,44.13038043269889,65081689
2008-07-18,45.233638763427734,46.652114830020906,45.07602867604779,46.652114830020906,52468911
2008-07-21,47.59777069091797,47.7553758887412,46.494509773108724,46.65211987754128,56890116
2008-07-22,46.967342376708984,47.59777798443295,46.179301547011576,46.33690676898502,55668011
2008-07-23,47.44015884399414,48.07059433195895,47.44015884399414,47.91298423331547,44699669
2008-07-24,48.07058334350586,48.22818849951325,47.59775806226765,47.912973280890455,30958637
2008-07-25,47.59777069091797,47.59777069091796,46.80972507536452,47.28255048205286,27618760
2008-07-28,47.59777069091797,47.59777069091796,47.59777069091796,47.59777069091796,0
2008-07-29,45.233638763427734,46.33689465526101,45.07602867604779,46.021679387109906,41602581
2008-07-30,46.65212631225586,47.124951784160885,46.02169071417916,46.336906059912515,29983401
2008-07-31,47.12494659423828,47.75537721627496,46.1792957545738,47.282551796442725,34184260
2008-08-01,47.59777069091797,47.59777069091796,46.17929447085294,46.65211987754128,19539400
2008-08-04,47.44015884399414,47.59776894263763,46.80972335602933,47.12494355331631,20410584
2008-08-05,46.65212631225586,47.59777725606591,46.65212631225586,47.59777725606591,33437531
2008-08-06,48.543426513671875,48.70103172775898,47.597775602709945,47.597775602709945,58497827
2008-08-07,48.543426513671875,48.543426513671875,48.543426513671875,48.543426513671875,0
2008-08-08,51.38037109375,52.010806569893205,49.646674761008434,49.646674761008434,61705088
2008-08-11,54.84776306152344,54.84776306152344,52.95646139456843,53.271676703524456,114176040
2008-08-12,55.1629753112793,55.95101599327132,54.53253982172019,55.478190602754275,87765104
2008-08-13,55.47819519042969,55.79341541458042,54.3749391257308,55.16297987288851,78567691
2008-08-14,55.79340362548828,55.79340362548828,54.84775296607027,55.47818346794327,37962788
2008-08-15,52.95646667480469,55.95102467499488,52.641246427808944,55.95102467499488,61111378
2008-08-18,50.43473434448242,53.74451292718226,50.43473434448242,52.956472043028626,65069448
2008-08-19,50.119510650634766,50.749946258969125,48.22820873224176,48.22820873224176,61715290
2008-08-20,51.69559097290039,52.010811192291335,48.85863843803878,48.85863843803878,44764956
2008-08-21,51.065155029296875,51.85320066481548,50.74993971905509,51.5379853545737,32415370
2008-08-22,50.27711868286133,51.53798984695288,49.48907788526151,51.06515948046115,38458567
2008-08-25,52.01081085205078,52.16841605410576,50.59232968728981,50.59232968728981,28287959
2008-08-26,52.48362731933594,52.48362731933593,51.06514639652435,51.69558181703965,28865348
2008-08-27,53.90210723876953,54.37493261174271,52.32602102665594,52.32602102665594,57314487
2008-08-28,51.2227668762207,53.58689404979601,51.06515676244581,53.114068615080946,96738089
2008-08-29,50.43473434448242,52.0108210194001,49.80429869319327,51.22277522863605,77059952
2008-09-01,46.967342376708984,47.44016785584944,46.967342376708984,46.967342376708984,80728308
2008-09-02,44.445594787597656,45.3912455317334,43.97276941552979,44.76081006677325,151804230
2008-09-03,44.60321044921875,45.70647142398934,44.13038501811843,44.60321044921875,65438732
2008-09-04,44.60321044921875,45.39125119884942,43.815169699588076,44.60321044921875,64051367
2008-09-05,45.07603073120117,45.3912460137239,43.49994450536949,43.49994450536949,51261088
2008-09-08,48.22820281982422,48.22820281982422,47.12494677375263,47.912987507605116,46574651
2008-09-09,46.49451446533203,48.22820616261689,46.17929913126473,48.22820616261689,66891384
2008-09-10,46.179298400878906,47.440164623815676,45.548862836105656,46.494513729960666,57918399
2008-09-11,45.391239166259766,46.80971508354237,45.391239166259766,46.3368897777815,54101105
2008-09-12,46.179298400878906,46.809729059042425,45.076037389178154,46.336903612114924,70822931
2008-09-15,43.342342376708984,45.86407982018894,43.184737159785804,45.86407982018894,80642618
2008-09-16,41.14369583129883,42.77494208412983,40.056197511643354,40.056197511643354,83616226
2008-09-17,42.77494430541992,43.86244513485338,41.5061982443566,43.13744458189774,94370965
2008-09-18,42.59369659423828,42.77494674280511,40.59994986661242,40.96245016374609,97044569
2008-09-19,45.49369430541992,45.49369430541992,44.22494816534807,44.58744846439984,75815404
2008-09-22,46.943695068359375,47.306195364065445,46.0374443290942,47.12494521621241,78157248
2008-09-23,47.849937438964844,48.031187573704024,46.218691132921165,46.943691671877886,50505755
2008-09-24,46.58119201660156,47.84993806989608,46.58119201660156,47.66868793276701,45084033
2008-09-25,44.76870346069336,46.58120024556814,44.58745329154489,45.674949399825806,52489225
2008-09-26,43.49995040893555,45.312447115988775,42.0499540246149,45.312447115988775,90705625
2008-09-29,43.49995040893555,43.49995040893555,43.49995040893555,43.49995040893555,0
2008-09-30,40.59994888305664,40.962449171408544,40.59994888305664,40.59994888305664,105235699
2008-10-01,40.59994888305664,41.868699892288305,40.418701192185296,41.868699892288305,52082951
2008-10-02,38.062461853027344,41.14370756165135,37.88121167252503,40.23745911244489,75355906
2008-10-03,38.062461853027344,38.78746012173149,35.887462140304706,36.612462862313954,101176503
2008-10-06,35.887454986572266,36.61245556406137,35.887454986572266,36.61245556406137,54889615
2008-10-07,35.923702239990234,36.24995247465432,34.54620615579517,34.54620615579517,52437775
2008-10-08,33.422454833984375,35.524953860655486,33.422454833984375,34.944953452386386,76924232
2008-10-09,33.422454833984375,34.654953248251836,33.422454833984375,33.422454833984375,65410168
2008-10-13,32.951210021972656,32.987460050862865,32.33495953083916,32.443709617509775,72707139
2008-10-14,35.234962463378906,35.234962463378906,34.72746197929544,35.234962463378906,62255776
2008-10-15,34.1112060546875,34.87245415365877,34.002455975790966,34.50995634397477,64258762
2008-10-16,32.951210021972656,32.951210021972656,32.951210021972656,32.951210021972656,22432020
2008-10-17,32.516212463378906,32.8062127193665,31.827464308713186,32.26246223938976,72139420
2008-10-20,31.537464141845703,32.40746245896215,31.392464013442158,32.40746245896215,50278667
2008-10-21,30.449960708618164,32.26245711398722,30.449960708618164,31.609959094979597,79619126
2008-10-22,29.39871597290039,29.86996391796654,29.39871597290039,29.434966003544304,57208394
2008-10-23,28.383716583251953,28.383716583251953,28.383716583251953,28.383716583251953,10309433
2008-10-24,27.40496253967285,27.40496253967285,27.40496253967285,27.40496253967285,21420770
2008-10-27,25.51996421813965,25.51996421813965,25.51996421813965,25.51996421813965,26711207
2008-10-28,26.353723526000977,27.11497432032426,23.74372816252249,23.74372816252249,127811423
2008-10-29,26.099966049194336,28.057465097531857,25.918718363457938,28.057465097531857,110540329
2008-10-30,27.912473678588867,27.91247367858887,26.462474568018287,26.64372476350277,70198528
2008-10-31,28.999963760375977,29.797461929662763,27.51371505339666,27.912465364692334,89870013
2008-11-03,28.999963760375977,29.72496187306355,28.45621578918644,29.1087138452748,94422414
2008-11-04,27.94871711730957,28.999965549551188,27.513716750876604,28.999965549551188,94028559
2008-11-05,27.513710021972656,28.492458153774095,27.18746228024159,28.093710368701878,91182864
2008-11-06,25.59246826171875,26.281216340767134,25.59246826171875,25.59246826171875,77729684
2008-11-07,25.882471084594727,26.35371904284727,24.106221986644933,24.106221986644933,69293725
2008-11-10,24.396223068237305,25.592471700271282,24.214972903792024,25.374971502936944,98009693
2008-11-11,24.468725204467773,25.15747343433427,24.069974808947382,24.069974808947382,72621982
2008-11-12,24.468725204467773,25.012473290508677,24.14247488086018,24.468725204467773,50071094
2008-11-13,22.764970779418945,23.27247116714326,22.764970779418945,23.018720973281102,89552445
2008-11-14,21.749975204467773,23.453724268006063,21.749975204467773,22.837473719360677,100986672
2008-11-17,22.112472534179688,22.547470409275068,21.74997226051312,21.74997226051312,73830160
2008-11-18,20.589975357055664,21.568723714855473,20.589975357055664,21.423723594691847,86201125
2008-11-19,21.024974822998047,21.387472654679257,20.48122439551936,20.589974481015094,94500476
2008-11-20,19.574975967407227,20.517475532644333,19.574975967407227,19.973726302437385,87528169852
2008-11-21,20.916223526000977,20.916223526000977,19.067474632960533,19.21247473855621,80731501
2008-11-24,20.6987247467041,21.206225150102266,20.517474602633328,20.91622491958903,64317308
2008-11-25,21.604976654052734,22.003727038195308,21.133728653371076,21.604976654052734,80325227
2008-11-26,21.16997718811035,21.749975252457364,21.16997718811035,21.423724961278197,44672436
2008-11-27,22.619972229003906,22.619972229003906,21.749973957624253,21.786223987819433,81434054
2008-11-28,23.3449764251709,23.381226460944138,22.511228055691426,22.619975709706075,99508827
2008-12-01,23.671220779418945,24.069968619091885,22.94622024673277,23.344970539710165,95139160
2008-12-02,22.112472534179688,22.801220600841667,22.112472534179688,22.148722561546347,65665642
2008-12-03,21.16997718811035,22.511225931875423,21.13372715575711,22.293723284451133,68575205
2008-12-04,21.024974822998047,21.931223082157945,21.024974822998047,21.387472654679257,56413587
2008-12-05,21.206226348876953,21.532474173342326,21.02497619456022,21.13372628715026,46130766
2008-12-08,22.656221389770508,22.656221389770508,21.858723209385072,21.931223266993257,56527131
2008-12-09,23.526220321655273,23.997470710007715,23.30872259572036,23.38122265546689,133964085
2008-12-10,25.157466888427734,25.157466888427734,23.634970681018636,23.74372076059135,134522934
2008-12-11,24.86747169494629,25.302472101028215,24.432473742169307,24.976224249771715,101728256
2008-12-12,23.199974060058594,24.722472963409572,23.127473995455937,24.613722866505583,98923366
2008-12-15,24.794967651367188,24.794967651367188,24.287469712287706,24.287469712287706,86614496
2008-12-16,24.359966278076172,24.54121639224403,23.85246595840617,24.468716346576887,49613370
2008-12-17,24.142473220825195,25.121221671044207,23.924973020042103,24.97622399049373,79221722
2008-12-18,24.541221618652344,24.649971710312965,24.06997122145632,24.287471404777563,27825357
2008-12-19,24.83121681213379,24.83121681213379,24.83121681213379,24.83121681213379,53413544060
2008-12-22,23.199974060058594,24.976223189518873,23.199974060058594,24.577472834204254,72462310
2008-12-23,22.293720245361328,23.199970930651855,21.858722369726383,23.199970930651855,71126395
2008-12-24,22.474977493286133,22.65622521460028,21.749976794809474,21.749976794809474,44212938
2008-12-25,22.36622428894043,22.619972044937168,22.22122416933962,22.474974378641036,20659671
2008-12-26,22.293720245361328,22.583720464654295,22.184972616430972,22.366222753489076,22047035
2008-12-29,22.18497657775879,22.438726814949533,22.03997644222122,22.29372422610702,16747728
2008-12-30,23.09122085571289,23.236220965405188,22.438722815402055,22.474972842825128,45859325
2008-12-31,23.272472381591797,23.598722647868158,23.018722174487962,23.381222470350583,47315880
2009-01-02,23.272472381591797,23.272472381591797,23.272472381591797,23.272472381591797,0
2009-01-05,24.86747169494629,24.86747169494629,24.86747169494629,24.86747169494629,48275681
2009-01-06,25.1937198638916,25.302469956193576,24.649971855686456,25.1937198638916,123388533
2009-01-07,25.809965133666992,26.28121298442136,25.664965040110495,25.737465086888744,118020034
2009-01-08,24.033716201782227,25.01246437024633,24.033716201782227,24.86746427813251,90467892
2009-01-09,22.90997314453125,23.779971441504525,22.837473082008078,23.41747358219344,118067936
2009-01-12,22.801219940185547,23.16372020334882,22.474972156643037,23.054970124399837,47377975
2009-01-13,23.526220321655273,23.526220321655273,22.656222058001596,22.801222177494655,39403288
2009-01-14,23.199974060058594,23.743724544578527,23.127473995455937,23.63497444767454,40760493
2009-01-15,22.293720245361328,22.51122286313556,21.931222424549624,22.14872258901935,86740458
2009-01-16,22.547470092773438,22.837470307635925,22.402472438646665,22.837470307635925,35143617
2009-01-19,22.438720703125,22.583718345863385,22.329970631093,22.366220655103668,23970186129
2009-01-20,21.931217193603516,22.112467287430572,21.822467137307278,21.931217193603516,56424232
2009-01-21,21.38747215270996,21.71372240154,21.169974440127792,21.459972208005524,88663609
2009-02-02,21.568723678588867,21.894973948408463,21.532473648608914,21.604973708568824,68358762
2009-02-03,22.039976119995117,22.329976386830428,21.677475786450984,21.677475786450984,75618477
2009-02-04,22.112472534179688,22.29372021770847,21.967472424713062,22.22122261627966,56786153
2009-02-05,21.931217193603516,22.22121734372681,21.858717156072693,22.03996724989975,40267286
2009-02-06,23.01872444152832,23.381224773092438,22.257476198548574,22.29372377840009,83410428
2009-02-09,23.3449764251709,23.81622443691796,23.236226317851173,23.381226460944138,81079229
2009-02-10,23.163724899291992,23.562472816304656,22.837474596304872,23.562472816304656,34758632
2009-02-11,23.3812198638916,23.3812198638916,22.474971678565172,22.474971678565172,62048204
2009-02-12,22.36622428894043,23.1999725233404,22.36622428894043,23.1999725233404,69281306
2009-02-13,22.946224212646484,23.1999744429436,22.547473850751015,22.547473850751015,58020943
2009-02-16,23.99747085571289,23.99747085571289,23.3812227974304,23.526220464499165,116538641
2009-02-17,23.163724899291992,23.816223051961305,23.054974798296286,23.63497533694006,67414928
2009-02-18,23.3449764251709,23.56247418650527,23.018726103211726,23.16372624630469,75975075
2009-02-19,23.85247230529785,24.069972500173794,23.127474109016234,23.562472045463263,86708524
2009-02-20,23.489973068237305,23.85247091865215,23.417473007493395,23.59872315935317,63678624
2009-02-23,23.924968719482422,23.924968719482422,23.199970633830173,23.381220768569353,55569104
2009-02-24,23.88871955871582,23.997469643502498,23.381221616349215,23.526219276093556,61769666
2009-02-25,24.504968643188477,24.939968957554342,24.142468381216922,24.25121845980839,118786456
2009-02-26,24.75872230529785,25.012472549474897,24.57747458419069,24.976224967897476,79062051
2009-02-27,25.266220092773438,25.338720154788284,24.649972018952013,24.75871965866953,85443574
2009-03-02,24.61372184753418,25.121219825438285,24.46872172433165,24.86746960983386,76161358
2009-03-03,24.686220169067383,24.686220169067383,23.67122183149905,24.287469858367317,66174816
2009-03-04,26.063716888427734,26.172466975469998,24.577470605459357,24.68622069250162,127492081
2009-03-05,27.36871337890625,27.36871337890625,26.534965228882353,26.78871541250402,164746906
2009-03-06,27.332469940185547,27.80372039477522,26.93372200883777,27.259969870248675,125150238
2009-03-09,25.44746971130371,26.06371777213283,25.44746971130371,25.44746971130371,108963133
2009-03-10,24.64997100830078,24.758718643559632,24.178720624525607,24.50497089021611,199111683
2009-03-11,24.686220169067383,25.15746808295381,24.50497002784008,24.686220169067383,121138944
2009-03-12,24.83121681213379,24.97621937248367,24.649969131631483,24.83121681213379,52556642
2009-03-13,25.737470626831055,26.099968485445036,25.26622022133668,25.374970314912304,113726655
2009-03-16,25.846216201782227,26.172463972167318,25.77371615207347,25.918716251490988,81994677
2009-03-17,26.716215133666992,26.897465263289543,25.99121461517679,26.136214718874832,122930809
2009-03-18,26.57122230529785,27.07872280719708,26.426222161898075,26.824972556247467,102764344
2009-03-19,26.317468643188477,27.006219235064467,26.24496858088574,26.82496907930763,63990869
2009-03-20,26.099966049194336,26.679966494125313,26.099966049194336,26.462466327276196,63417827
2009-03-23,27.006216049194336,27.006216049194336,26.281215511693862,26.389965592318934,54696235
2009-03-24,27.22371482849121,27.83996530961829,27.187467253494184,27.83996530961829,75804760
2009-03-25,28.746219635009766,28.818719706924853,27.296220650013122,27.62247097363101,123117092
2009-03-26,28.709964752197266,29.181215140088206,28.56496463284621,28.96371496106162,98831112
2009-03-27,28.347469329833984,29.54371796341264,28.129969132218793,29.32621776579745,89396322
2009-03-30,27.296215057373047,28.129965713571856,26.82496713978265,27.91246554238956,67312029
2009-03-31,27.803712844848633,28.05746302072339,27.29621249309911,27.29621249309911,53676114
2009-04-02,28.274967193603516,28.383717284448178,27.912466890787982,28.383717284448178,73008740
2009-04-03,28.63746452331543,28.89121473068048,28.31121671000788,28.709964582562588,81231804
2009-04-06,28.746219635009766,29.289970174372918,28.673719563094682,28.99996988671257,82246603
2009-04-07,29.797460556030273,29.833710582658792,28.419964450755508,28.564962103965122,76106361
2009-04-08,28.67371368408203,29.797462115057034,28.528713569981438,29.688714482786175,110417914
2009-04-09,29.39871597290039,29.507466064832133,29.07246569710517,29.362465942256478,82212895
2009-04-10,29.543712615966797,30.08746055828089,29.217462378595684,30.08746055828089,79693639
2009-04-13,31.10245704650879,31.319957192190053,29.68871100618918,29.833708650005725,127025487
2009-04-14,32.987457275390625,33.241207456272235,31.174958436683518,31.537458695085817,168901904
2009-04-15,32.153717041015625,32.80621521328562,31.827466728228128,32.80621521328562,134258589
2009-04-16,32.44371032714844,33.204960950493536,32.44371032714844,33.16871092081043,115381912
2009-04-17,32.58871078491211,34.14745962419693,32.04496278731349,33.349961416176754,183976633
2009-04-20,33.34996795654297,33.34996795654297,32.2624668414631,32.95121754768035,99450281
2009-04-21,33.34996795654297,33.34996795654297,32.443717027309745,32.733717324664376,87182215
2009-04-22,33.2049560546875,33.712453942119716,33.0599559573342,33.34995615204079,55695067
2009-04-23,32.951210021972656,33.458707973130934,32.80620990641184,33.34996033976492,53202423
2009-04-24,32.951210021972656,33.71245817536237,32.80620990641184,33.34996033976492,59163479
2009-04-27,31.97246551513672,33.386214357457106,31.573715149703947,33.27746425779362,81565339
2009-04-28,31.863718032836914,32.40746612251423,31.174967345059187,31.9724681414334,73180831
2009-04-29,32.40745544433594,32.5887055656086,31.863707533822247,31.89995755807678,73471787
2009-04-30,34.65495681762695,34.65495681762695,34.65495681762695,34.65495681762695,77745651
2009-05-04,36.97496032714844,36.97496032714844,36.97496032714844,36.97496032714844,23885028
2009-05-05,39.512451171875,39.512451171875,39.512451171875,39.512451171875,44716789
2009-05-06,42.049949645996094,42.231199788488986,40.599948506052925,42.231199788488986,240253613
2009-05-07,41.324951171875,42.95619763043276,40.05620256338302,42.95619763043276,126794851
2009-05-08,41.86870193481445,41.86870193481445,39.87495270492036,39.87495270492036,75068498
2009-05-11,41.86870193481445,42.04995208783252,41.14370132274215,41.86870193481445,61783859
2009-05-12,38.96870040893555,40.05619876255234,38.96870040893555,39.87494862806546,107338035
2009-05-13,38.60620880126953,39.14995932672066,37.699960378822674,38.243710904273804,120961532
2009-05-14,37.518699645996094,38.24370014258412,37.33744952184909,37.881199894290106,81336477
2009-05-15,38.96870040893555,39.14995054342243,37.69995192083188,37.88120205531875,82986413
2009-05-18,41.68745422363281,41.68745422363281,39.331207002990475,39.87495504058993,109731328
2009-05-19,41.68745422363281,43.499950953370835,41.32495389636327,43.499950953370835,100271700
2009-05-20,42.049949645996094,42.774945309358515,40.96244879103872,42.593695166865615,81332929
2009-05-21,41.68745422363281,42.04995455090236,40.96245356909372,41.86870438726759,71193812
2009-05-22,42.231204986572266,42.41245515137458,40.96245383295609,40.96245383295609,74025313
2009-05-25,41.324951171875,43.31869793380324,40.96245086850452,42.77494747874752,87787191
2009-05-26,41.68745422363281,42.593700135196954,41.32495389636327,41.68745422363281,69621938
2009-05-27,44.58744430541992,44.58744430541992,42.593692846606174,42.77494297922561,129619256
2009-06-01,40.418704986572266,47.30619884531271,40.418704986572266,46.76244836173919,230079014
2009-06-02,49.334022521972656,49.75568168248776,47.014902102054315,47.014902102054315,197942844
2009-06-03,47.64738464355469,48.70152744477606,47.22572553790051,48.49069789194897,87293059
2009-06-04,45.53910827636719,47.01491064336795,44.90661942068874,46.3824217876895,138728764
2009-06-05,45.11743927001953,46.17158217164894,44.69578012420195,45.96075259874015,58927135
2009-06-08,45.328277587890625,47.43656876080627,44.906618360724394,47.43656876080627,57982992
2009-06-09,43.430809020996094,45.32827545391473,42.79832517293848,45.1174458502571,99914022
2009-06-10,44.063297271728516,44.48495647368261,43.219978867820345,43.43080846879739,51576091
2009-06-11,43.85246276855469,43.85246276855469,42.1658311121994,43.21997403632846,73235828
2009-06-12,42.58749008178711,43.85246257782305,42.58749008178711,43.85246257782305,46722706
2009-06-15,40.56352615356445,41.9549982787232,40.141867031471335,41.9549982787232,82327056
2009-06-16,41.44900894165039,41.9128329791655,40.47919346591881,40.47919346591881,76933719
2009-06-17,41.322513580322266,41.95500232445297,41.153851404095164,41.95500232445297,38183771
2009-06-18,41.23818588256836,41.95500451144967,40.64786451281566,41.70200999319244,48004703
2009-06-19,41.617671966552734,41.95499877190105,41.15384791938094,41.53333964485136,32893797
2009-06-22,44.063297271728516,44.06329727172852,41.74417662389624,42.37666542682737,54414689
2009-06-23,42.37665557861328,43.21996882362265,42.37665557861328,43.00914423455585,51310744
2009-06-24,43.009151458740234,44.906612782367695,41.53334434698507,43.009151458740234,81075913
2009-06-25,43.64162826538086,44.06328737260632,43.00914456745677,43.430798711768134,40522529
2009-06-26,43.009151458740234,44.27412402018691,43.009151458740234,44.06329443279332,33148345
2009-06-29,41.997169494628906,43.64163634700163,41.997169494628906,43.64163634700163,36648768
2009-06-30,42.79832077026367,43.0091503522332,42.16583202435508,42.79832077026367,32278253
2009-07-01,43.85246276855469,44.06329234596343,42.58749026701688,42.58749026701688,44965552
2009-07-02,44.063297271728516,44.906615675636694,44.06329727172852,44.274126872705565,38600304
2009-07-03,43.009151458740234,43.641635258006126,43.009151458740234,43.21997608321894,40980716
2009-07-06,42.79832077026367,43.4308045532575,42.58749118829414,43.0091503522332,28185427
2009-07-07,43.009151458740234,43.85246484539972,42.58749228395304,42.79832187134664,38043384
2009-07-08,43.64162826538086,43.64162826538086,42.58748546023132,42.79831501384405,34354749
2009-07-09,44.484954833984375,45.11744361360221,43.43080686795464,43.64163646116059,74855680
2009-07-10,46.17157745361328,46.5932365563437,44.27411645424047,45.117434659701296,92442646
2009-07-13,45.11743927001953,47.43655960910169,45.11743927001953,47.43655960910169,126690949
2009-07-14,46.382408142089844,46.593237698623746,45.96074902902203,46.382408142089844,59718548
2009-07-15,47.64738464355469,47.64738464355469,46.80406643224633,47.22572553790051,86156077
2009-07-16,48.06904983520508,48.91236824035437,47.858225196832976,48.91236824035437,77032453
2009-07-17,48.06904983520508,48.91236824035437,47.64739559554565,48.91236824035437,46025398
2009-07-20,48.49070739746094,48.70153699161642,48.06904820914996,48.49070739746094,38908848
2009-07-21,46.8040771484375,48.91236819650547,46.38241794624087,48.70153859540715,94310876
2009-07-22,47.85822296142578,48.06904758995049,46.804075004227315,46.804075004227315,49059921
2009-07-23,47.01490020751953,47.43655935104325,45.960752348710216,47.225729779281394,48473689
2009-07-24,46.382408142089844,47.43655592475936,45.96074902902203,47.01489681169156,71552725
2009-07-27,45.960750579833984,46.59323927077719,45.74992101618625,46.382409707129455,46571520
2009-07-28,48.06904983520508,48.06904983520508,46.171588386534395,46.171588386534395,67182210
2009-07-29,47.01490020751953,48.49070224693805,47.01490020751953,48.279872675176186,44072319
2009-07-30,47.436561584472656,47.647391166160894,46.382413676031476,47.22573200278442,53020074
2009-07-31,47.64738464355469,48.27986833912188,47.22572553790051,48.06903878629479,53681899
2009-08-03,48.06904983520508,48.06904983520508,47.014906791683686,47.64739559554565,53225255
2009-08-04,46.8040771484375,48.70153859540715,46.59324754733918,48.49070899430883,47833462
2009-08-05,46.17157745361328,47.436554761804516,45.96074790224808,47.225725210439315,43345700
2009-08-06,45.960750579833984,46.804068834424925,45.539096415452846,46.382409707129455,42332135
2009-08-07,45.960750579833984,45.960750579833984,45.960750579833984,45.960750579833984,0
2009-08-10,45.11743927001953,45.749923025831364,45.11743927001953,45.749923025831364,36887889
2009-08-11,45.74993133544922,45.96076094665126,44.69578824235447,45.96076094665126,41323199
2009-08-12,44.69578552246094,45.74992855140743,44.69578552246094,45.53910391595025,36849321
2009-08-13,46.382408142089844,46.382408142089844,44.90660620926668,45.53909487886839,47563486
2009-08-14,45.53910827636719,46.80408102480847,45.53910827636719,46.59325140624898,35220213
2009-08-17,44.063297271728516,45.328274877590786,43.85246767075147,44.906615675636694,55693601
2009-08-18,44.274131774902344,44.906620647865005,43.4308132776188,43.4308132776188,36295486
2009-08-19,44.69578552246094,45.117444719205594,44.27412632571628,45.117444719205594,28768573
2009-08-20,45.11743927001953,45.328268842928324,43.85246183256678,45.11743927001953,37022106
2009-08-21,44.274131774902344,45.53910952082766,44.063302150581464,45.32827989650678,38962843
2009-08-24,46.382408142089844,46.593237698623746,45.11743576580058,45.53909487886839,62685191
2009-08-25,46.17157745361328,46.5932365563437,45.74991835088287,46.38240700497849,35200158
2009-08-26,45.328277587890625,45.96076146572446,44.906618360724394,45.96076146572446,32424811
2009-08-27,45.960750579833984,46.382409707129455,44.90660772450964,44.90660772450964,42131582
2009-08-28,46.8040771484375,47.225736350634136,45.960758744044234,45.960758744044234,56256693
2009-08-31,46.8040771484375,47.225736350634136,46.38241794624087,47.01490674953582,42694673
2009-09-01,49.96651840209961,49.96651840209961,48.06905190866638,48.279881519047855,157287641
2009-09-02,51.86397171020508,52.28563086411901,50.59899424846331,50.59899424846331,148321374
2009-09-03,51.020660400390625,52.07480842976278,50.809830794516195,51.86397882388835,61748763
2009-09-04,51.86397171020508,52.074801287162046,51.231482979334196,51.86397171020508,70955694
2009-09-07,52.074798583984375,52.49645771601018,51.442309885945676,52.074798583984375,42620623
2009-09-08,53.97225570678711,54.39391480749723,51.86396516615052,52.285624266860644,91688258
2009-09-09,53.12894058227539,54.39391795766563,52.91811598262465,53.972258832535545,58510601
2009-09-10,53.12894058227539,55.65889037014156,53.12894058227538,54.815577082795706,74841796
2009-09-11,52.28562545776367,52.49645501292078,51.44230723713528,51.86396634744948,57450755
2009-09-14,51.65315246582031,52.49647094234356,51.231493227558694,52.285641323212744,31380392
2009-09-15,52.918121337890625,52.918121337890625,51.6531438344858,51.6531438344858,35522585
2009-09-16,53.76143264770508,54.183091799327244,53.339773496082906,53.97226222351616,45672116
2009-09-17,54.3939208984375,54.8155800463643,53.76143217654729,54.8155800463643,47295054
2009-09-18,54.3939208984375,54.3939208984375,53.97226175051069,54.3939208984375,30041314
2009-09-21,53.33977127075195,54.39391910582842,52.91811709963578,53.97225997179783,30602863
2009-09-22,52.074798583984375,53.3397710171474,52.074798583984375,53.128941451134494,46262976
2009-09-23,52.70730209350586,53.55061563162588,52.28564284298797,52.496472468246914,39177280
2009-09-24,52.28562545776367,53.128938715477936,52.074795902606574,53.128938715477936,25153989
2009-09-25,52.28562545776367,52.707284568077874,51.65313679229238,52.28562545776367,26042594
2009-09-28,52.074798583984375,52.70728728202308,51.65313945195857,52.28562814999728,19560100
2009-09-29,53.55060958862305,53.76143919009059,52.70729614566806,52.70729614566806,40905123
2009-09-30,54.3939208984375,54.6047504724009,53.550602602583886,53.550602602583886,50283295
2009-10-01,54.3939208984375,54.8155800463643,53.76143217654729,54.8155800463643,41728933
2009-10-02,53.12894058227539,53.761429269970506,52.70728642005961,53.12894058227538,39931669
2009-10-05,52.70730209350586,53.33978600636693,52.496472468246914,53.12895638110798,31537749
2009-10-06,54.3939208984375,54.3939208984375,52.91811884360825,53.128943454657076,59447030
2009-10-07,54.3939208984375,55.02640962032771,53.76143217654729,54.8155800463643,35883581
2009-10-08,53.12894058227539,54.39391795766563,53.12894058227538,54.39391795766563,33260963
2009-10-09,53.12894058227539,53.972258832535545,52.70728642005961,53.761429269970506,46088649
2009-10-12,53.55060958862305,54.39392799449325,53.339779987155495,54.39392799449325,38506199
2009-10-13,53.76143264770508,53.97226222351616,52.707289731564266,53.550603071893995,32546686
2009-10-14,54.60475158691406,54.81558116518062,53.97226285211441,54.393922008647515,59692322
2009-10-15,55.23725128173828,55.6589055590202,54.8155920415407,55.237251281738274,87305401
2009-10-16,54.815582275390625,55.23724144046382,54.60475269285402,55.23724144046382,33185370
2009-10-19,56.0805549621582,56.0805549621582,54.3939232601347,54.81558242636927,48995127
2009-10-20,56.0805549621582,56.71304371151007,55.65889579592363,56.71304371151007,48285477
2009-10-21,55.44807052612305,56.50221852371187,55.23724588952045,56.50221852371187,32542057
2009-10-22,55.65888977050781,56.080548891095205,54.81557649224728,55.44806021021412,44877617
2009-10-23,57.134700775146484,57.5563599258637,56.08055289835345,56.29138247371206,66196414
2009-10-26,57.97801971435547,58.399678905805054,57.13470629437139,57.55636548582097,45468477
2009-10-27,58.188846588134766,58.188846588134766,56.923874035873716,57.34553320759902,32802776
2009-10-28,56.92387008666992,57.767188371613685,56.71304051543399,57.767188371613685,40780163
2009-10-29,54.60475158691406,55.448064937065595,53.97226285211441,55.23724032171372,83019735
2009-10-30,54.815582275390625,55.448066060085644,54.815582275390625,55.448066060085644,31769157
2009-11-02,55.02642059326172,55.237250209267096,53.97227251323482,53.97227251323482,28214738
2009-11-03,54.18309783935547,55.23724583592141,54.18309783935547,55.23724583592141,25502643
2009-11-04,55.02642059326172,55.237250209267096,54.393931745245574,54.393931745245574,24367204
2009-11-05,55.65888977050781,55.65888977050781,54.81557649224728,55.44806021021412,23182398
2009-11-06,56.0805549621582,56.71304371151007,56.0805549621582,56.50221412839278,26303313
2009-11-09,56.71303939819336,56.92386896527598,56.50220983111074,56.92386896527598,19206818
2009-11-10,56.71303939819336,57.556357666523844,56.50220983111074,57.556357666523844,28109833
2009-11-11,56.0805549621582,56.92387329462735,55.448066212806346,56.71304371151007,49032152
2009-11-12,55.44807052612305,55.86972972515857,55.23724588952045,55.44807052612305,54107689
2009-11-13,56.0805549621582,56.0805549621582,55.026412009486556,55.026412009486556,25349914
2009-11-16,57.97801971435547,57.97801971435547,56.50221750719702,56.50221750719702,60485278
2009-11-17,57.76718521118164,58.821328046774866,57.134696532077164,58.61049848707338,50925065
2009-11-18,58.188846588134766,58.188846588134766,57.13470362173637,57.34553320759902,37335277
2009-11-19,57.55636215209961,58.188845939724814,57.34553256858628,57.34553256858628,27137922
2009-11-20,56.92387008666992,57.3455292291418,56.50221094419805,57.3455292291418,31150527
2009-11-23,58.188846588134766,58.188846588134766,56.71304445001107,56.923874035873716,27770436
2009-11-24,58.188846588134766,58.61050575986006,57.767192379324314,58.188846588134766,23765544
2009-11-25,57.76718521118164,58.399668927371884,57.34552609177865,57.76718521118164,28901247
2009-11-26,58.39967727661133,58.39967727661133,57.9780180969249,58.18884768676811,34376347
2009-11-27,56.92387008666992,57.767188371613685,56.92387008666993,56.92387008666993,42713186
2009-11-30,57.34552764892578,57.7671867797784,56.92386851807316,56.92386851807316,31812353
2009-12-01,57.97801971435547,57.97801971435547,56.713047102921806,57.13470629437139,23654469
2009-12-02,58.188846588134766,58.39967617399741,57.767192379324314,58.188846588134766,30195586
2009-12-03,58.39967727661133,58.610506866454536,57.9780180969249,58.610506866454536,30008917
2009-12-04,58.188846588134766,58.188846588134766,57.767192379324314,58.188846588134766,17628619
2009-12-07,58.39967727661133,58.610506866454536,58.18884768676811,58.610506866454536,33270220
2009-12-08,58.82133102416992,58.82133102416992,58.18884231305037,58.39967188342356,23470885
2009-12-09,59.6646614074707,59.6646614074707,58.39968372865567,58.61051334179151,33589562
2009-12-10,58.61050796508789,59.87548552785873,57.97801918370247,59.66465593406359,46559178
2009-12-11,59.03216552734375,59.03216552734375,57.76719296231648,58.1888471753823,29584670
2009-12-14,59.03216552734375,59.24299511533411,58.39967676337267,59.03216552734375,17142663
2009-12-15,58.61050796508789,59.03216715267817,58.61050796508789,58.61050796508789,16658250
2009-12-16,58.39967727661133,58.82133645629775,58.18884768676811,58.82133645629775,23458544
2009-12-17,59.03216552734375,59.24299511533411,58.1888471753823,58.82133593935339,28308844
2009-12-18,58.61050796508789,58.82133755888303,58.18884877749761,58.39967837129275,23884333
2009-12-21,58.39967727661133,59.032166046140965,58.39967727661133,58.610506866454536,18995465
2009-12-22,59.24299621582031,59.45382580772701,58.61050744010024,59.24299621582031,30860497
2009-12-23,60.929622650146484,61.35128179701852,59.87547974588093,59.87547974588093,66543525
2009-12-24,62.827083587646484,63.03791316020831,61.14045197006641,61.56211111519006,67310255
2009-12-25,62.194602966308594,63.24874591931208,62.194602966308594,63.037916336128426,22526743
2009-12-28,63.248741149902344,63.67040028447352,62.82708201533116,62.82708201533116,31776870
2009-12-29,63.248741149902344,63.45957071718793,62.82708201533116,63.248741149902344,21468440
2009-12-30,63.03792190551758,63.248751507327995,62.40543806300157,63.03792190551758,35753993
2009-12-31,63.881229400634766,63.881229400634766,63.03791113744785,63.24874070324458,31520779
2010-01-04,63.881229400634766,64.30288853222822,63.45957026904131,64.0920589664315,36204466
2010-01-05,64.30288696289062,65.56785936388445,63.88122784158793,64.72454608419332,48342558
2010-01-06,63.881229400634766,64.51371809802495,63.881229400634766,64.30288853222822,42690045
2010-01-07,63.248741149902344,64.30288898633029,62.61625741095999,63.881229851759116,41818411
2010-01-08,63.45956039428711,63.67038992727728,61.983758626269534,63.24873086129694,35507158
2010-01-11,62.61626434326172,63.248748152226916,62.405434752635,62.405434752635,36579346
2010-01-12,62.40542984008789,63.037913599264044,62.19460026605764,62.61625941411813,47109928
2010-01-13,61.35128402709961,61.983772770398254,61.140454446000064,61.562113608199155,49217278
2010-01-14,63.03792190551758,63.248751507327995,61.562119655759915,61.562119655759915,34934810
2010-01-15,64.30288696289062,64.51371652354197,63.24873915963388,63.88122784158793,44018324
2010-01-18,63.67040252685547,64.0920616762769,63.248743377434046,63.67040252685547,23759373
2010-01-19,62.827083587646484,64.09206102301745,62.405429405437374,63.88123145045562,27744210
2010-01-20,62.194602966308594,63.24874591931208,61.98377338312494,63.24874591931208,41758245
2010-01-21,61.562129974365234,61.98378924866158,61.14047070006889,61.35130033721706,41755159
2010-01-22,58.188846588134766,59.87548327503596,57.767192379324314,59.45382410331066,114111640
2010-01-25,58.82133102416992,59.0321605945431,57.134699424098955,57.34552899447214,51202754
2010-01-26,57.55636215209961,59.45382344080481,57.13470298507294,59.45382344080481,59112260
2010-01-27,56.0805549621582,57.978016247298996,56.0805549621582,57.7671916270965,57725359
2010-01-28,57.34552764892578,58.61050007856927,56.50220938722054,57.34552764892578,48780689
2010-01-29,56.71303939819336,56.71303939819336,55.44806199569764,56.29138026402812,56886121
2010-02-01,55.44807052612305,56.71304812322963,54.81558669048493,56.08055932467634,37849002
2010-02-02,56.5022087097168,57.34552696131002,56.29137914681849,56.92386783551341,52697646
2010-02-03,58.188846588134766,58.188846588134766,56.923874035873716,57.556362793461666,34317724
2010-02-04,57.55636215209961,58.188845939724814,57.13470298507294,58.188845939724814,23378323
2010-02-05,55.8697395324707,56.29139880552383,55.658909895944134,56.080569168997265,41730476
2010-02-08,56.5022087097168,57.556356524208326,56.5022087097168,57.13469739841172,33566421
2010-02-09,56.29138946533203,56.923878269965535,55.869730262243024,56.08055986378753,47870487
2010-02-10,56.71303939819336,57.556357666523844,56.29138026402812,56.92386896527598,43268564
2010-02-22,56.71303939819336,58.18884140485729,56.29138026402812,58.18884140485729,50570240
2010-02-23,56.71303939819336,57.134698532358605,56.0805506969455,56.71303939819336,37290538
2010-02-24,55.8697395324707,56.502228442050395,55.8697395324707,56.502228442050395,27292194
2010-02-25,53.97225570678711,56.0805462474237,53.55059660607699,56.0805462474237,81910522
2010-02-26,53.55060958862305,54.81558719742835,53.12895038568794,53.12895038568794,47174722
2010-03-01,55.02642059326172,55.65890447836229,54.1831021292402,55.02642059326171,40204729
2010-03-02,56.0805549621582,56.92387329462735,55.65889579592363,56.0805549621582,60881756
2010-03-03,56.29138946533203,56.502219066876535,55.869730262243024,56.502219066876535,23760916
2010-03-04,56.29138946533203,56.923878269965535,55.65890066069852,56.923878269965535,32631535
2010-03-05,56.5022087097168,56.92386783551341,56.08054958392019,56.92386783551341,27707184
2010-03-08,57.97801971435547,57.97801971435547,56.713047102921806,57.34553589009618,45942091
2010-03-09,58.188846588134766,58.39967617399741,57.556362793461666,57.97801700227211,35712339
2010-03-10,58.188846588134766,58.39967617399741,57.767192379324314,58.188846588134766,23845766
2010-03-11,57.97801971435547,58.82133809725463,57.97801971435547,58.82133809725463,34687976
2010-03-12,57.97801971435547,58.18884931008026,57.13470629437139,58.18884931008026,26434444
2010-03-15,56.5022087097168,58.188840249988935,56.5022087097168,58.188840249988935,24293153
2010-03-16,57.76718521118164,57.76718521118164,56.713037412674176,57.34552609177865,26457584
2010-03-17,58.82133102416992,58.82133102416992,57.978012742677194,58.39967188342356,50628863
2010-03-18,58.82133102416992,59.0321605945431,58.39967188342356,59.0321605945431,33373582
2010-03-19,58.82133102416992,58.82133102416992,58.18884231305037,58.82133102416992,18416947
2010-03-22,57.76718521118164,58.399668927371884,57.556355651480146,58.399668927371884,14827046
2010-03-23,58.188846588134766,58.61050575986006,57.97801700227211,58.188846588134766,14495362
2010-03-24,57.55636215209961,58.82133469026481,57.55636215209961,58.399675523238145,27676330
2010-03-25,57.55636215209961,57.55636215209961,56.50221423453294,57.13470298507294,50588753
2010-03-26,56.71303939819336,57.556357666523844,56.50220983111074,57.134698532358605,43657328
2010-03-29,57.97801971435547,57.97801971435547,57.34553589009618,57.55636548582097,28916674
2010-03-30,58.39967727661133,58.610506866454536,57.9780180969249,58.39967727661133,29834590
2010-03-31,57.97801971435547,58.61050850152984,57.97801971435547,58.399678905805054,18528022
2010-04-01,59.03216552734375,59.03216552734375,58.1888471753823,58.39967676337267,42720900
2010-04-02,58.82133102416992,59.453819735289464,58.610501453796736,59.0321605945431,19891784
2010-04-06,60.50797653198242,60.929635769647035,59.243003781904186,59.243003781904186,50449908
2010-04-07,60.929622650146484,61.1404522235825,60.08630931931695,61.1404522235825,30362199
2010-04-08,60.0863151550293,61.14045816167549,59.87548556111705,60.718798973851,41489812
2010-04-09,60.929622650146484,61.1404522235825,59.87547974588093,60.08630931931695,36978910
2010-04-12,60.929622650146484,61.35128179701852,60.297138892752976,61.1404522235825,31540835
2010-04-13,59.45383834838867,60.507981567358684,59.453838348388665,60.507981567358684,30067540
2010-04-14,59.875484466552734,60.297143646669014,59.45382528643646,59.87548446655274,18765601
2010-04-15,60.50797653198242,60.929635769647035,59.87549263840111,60.507976531982415,30821929
2010-04-16,59.45383834838867,60.507981567358684,59.03217907563425,60.507981567358684,28794799
2010-04-19,57.55636215209961,59.03216427377814,57.55636215209961,58.61050510675148,46822982
2010-04-20,58.39967727661133,58.610506866454536,57.767193469996634,58.18884768676811,28068180
2010-04-21,58.61050796508789,59.24299674647331,58.39967837129275,59.03216715267817,32646962
2010-04-22,60.0863151550293,60.29714474894155,58.39967840373133,58.61050799764357,46961827
2010-04-23,60.929622650146484,61.1404522235825,60.297138892752976,60.71879307671046,60911068
2010-04-26,62.40542984008789,62.40542984008788,61.56211154396691,61.56211154396691,69212424
2010-04-27,63.03792190551758,63.248751507327995,62.40543806300157,62.82709230370717,67956653
2010-04-28,64.51372528076172,64.7245548700315,61.35128640463009,61.56211599389986,96388915
2010-04-29,64.09207153320312,65.14621956887751,63.67041231893338,64.51373074747288,66358399
2010-04-30,62.61626434326172,64.72455528661395,62.61626434326172,63.248748152226916,73055331
2010-05-03,61.9837760925293,62.827089499211624,61.77294650012996,62.827089499211624,28541794
2010-05-04,62.61626434326172,62.82708897097348,61.983775571381564,62.61626434326172,27400184
2010-05-05,60.297149658203125,61.351292750675334,60.297149658203125,61.351292750675334,53873196
2010-05-06,59.45383834838867,60.507981567358684,59.24300871201146,60.297156893897515,43381182
2010-05-07,58.82133102416992,59.0321605945431,57.767188135218504,57.978012742677194,53373356
2010-05-10,59.6646614074707,59.6646614074707,58.39968372865567,59.243002181199024,38836340
2010-05-11,59.03216552734375,60.29714305528592,59.03216552734375,60.29714305528592,40243297
2010-05-12,59.03216552734375,59.8754838793052,59.03216552734375,59.24299511533411,19054089
2010-05-13,60.718807220458984,60.92963684300535,59.6646640706429,60.08632331573562,21237032
2010-05-14,60.50797653198242,60.71880615081473,60.08632225723343,60.29715187606573,20186442
2010-05-17,59.45383834838867,60.297156893897515,58.821349439257034,59.87549762114309,31551634
2010-05-18,59.45383834838867,59.87549762114309,59.24300871201146,59.87549762114309,15445675
2010-05-19,57.97801971435547,59.03216769297942,57.55636548582097,58.61050850152984,51111734
2010-05-20,56.5022087097168,57.76718608710664,56.5022087097168,57.556356524208326,45287980
2010-05-21,55.23725128173828,55.86973517911898,54.60476242144191,54.8155920415407,47180893
2010-05-24,55.8697395324707,56.29139880552383,55.44808025941757,55.658909895944134,21900400
2010-05-25,53.12894058227539,55.23723620792579,52.28562729492953,55.23723620792579,58104867
2010-05-26,54.3939208984375,55.02640962032771,53.76143217654729,54.3939208984375,45594980
2010-05-27,54.18309783935547,54.18309783935547,53.12894984278953,53.5506090414159,48907192
2010-05-28,53.55060958862305,54.81558719742835,53.12895038568794,54.81558719742835,67347280
2010-05-31,52.496463775634766,53.33977717411497,51.6531454142396,53.12894758376618,101317893
2010-06-01,52.496463775634766,53.12894758376618,51.6531454142396,51.86397500458839,77234549
2010-06-02,50.3881721496582,52.2856334740722,50.17734256217721,52.074803886591205,103693677
2010-06-03,52.70730209350586,52.70730209350587,51.23149471669322,51.44232434195217,78869828
2010-06-04,52.496463775634766,52.70729336598355,52.074804594937184,52.70729336598355,43677384
2010-06-07,49.54485321044922,50.17734196536938,48.912364455529065,49.75568279542261,134896657
2010-06-08,47.01490020751953,48.912361390461776,46.38241149223394,48.49070224693805,202490772
2010-06-09,47.85822296142578,48.70153636426957,47.43656377854639,47.64739336998609,129507949
2010-06-10,49.54485321044922,49.75568279542261,48.069046115635516,48.49070528558229,64809512
2010-06-11,49.96651840209961,51.02066149109152,49.96651840209961,50.80983188071006,71884409
2010-06-14,50.80982208251953,51.020651652244524,50.17733833625902,50.59899251279454,46230579
2010-06-15,51.020660400390625,51.44231961213949,50.388176545682654,51.020660400390625,44484224
2010-06-17,51.86397171020508,51.86397171020508,51.020653402377235,51.44231255629116,49911500
2010-06-18,51.86397171020508,52.28563086411901,51.231482979334196,52.28563086411901,30544240
2010-06-21,53.33977127075195,53.33977127075195,52.2856283985899,52.70728753262049,49704776
2010-06-22,52.074798583984375,53.3397710171474,52.074798583984375,53.3397710171474,38333414
2010-06-23,51.65315246582031,52.07481170408194,51.231493227558694,51.231493227558694,31903373
2010-06-24,51.65315246582031,52.07481170408194,51.65315246582031,52.07481170408194,15564464
2010-06-25,50.80982208251953,51.23148122196952,50.17733833625902,50.80982208251953,30428536
2010-06-28,50.80982208251953,51.23148122196952,50.38816790598402,50.59899251279454,18966154
2010-06-29,51.020660400390625,52.07480842976278,50.599001188641765,51.65314921801392,32498861
2010-06-30,48.06904983520508,49.33402744292901,48.06904983520508,48.91236824035437,88514891
2010-07-01,47.85822296142578,48.49070677282988,47.43656377854639,48.06904758995049,24203676
2010-07-02,47.22573471069336,48.069048122886876,47.01490511691622,47.436564304470494,49027524
2010-07-05,48.91237258911133,48.912372589111335,47.22574059177097,47.22574059177097,29745113
2010-07-06,49.12319564819336,49.12319564819335,47.64739346799482,48.06904768882655,36477527
2010-07-07,49.12319564819336,49.54485483194008,48.912366056319996,49.334025240066715,23683780
2010-07-08,50.598995208740234,50.598995208740234,49.75568184782247,49.9665114287806,46610087
2010-07-09,50.80982208251953,51.020651652244524,49.96650876653403,50.80982208251953,36529979
2010-07-12,51.020660400390625,51.86397882388835,50.599001188641765,51.86397882388835,49840535
2010-07-13,50.598995208740234,51.65314311353085,50.598995208740234,51.442313532572726,33864165
2010-07-14,52.074798583984375,52.28562814999728,51.442309885945676,51.86396901797148,67149812
2010-07-15,51.86397171020508,52.49646044107597,51.86397171020508,52.28563086411901,38671269
2010-07-16,50.80982208251953,52.074799500869496,50.80982208251953,51.863969931144496,20042970
2010-07-19,50.177345275878906,50.38817487476202,49.75568607811267,49.96651567699579,29731228
2010-07-20,50.3881721496582,51.02065594918627,49.96651297469622,50.388172149658196,26798525
2010-07-21,50.177345275878906,50.8098291096131,49.96651567699579,50.38817487476202,27952476
2010-07-22,50.177345275878906,50.59899951072998,49.75568607811267,49.96651567699579,20545895
2010-07-23,52.70730209350586,52.91813171876481,51.020665091434275,51.020665091434275,91205388
2010-07-26,54.3939208984375,54.3939208984375,53.128943454657076,53.128943454657076,82556920
2010-07-27,54.815582275390625,55.02641185792722,54.18309352778083,54.815582275390625,56062310
2010-07-28,55.23725128173828,55.237251281738274,54.39393280134312,54.8155920415407,32981732
2010-07-29,55.23725128173828,55.448075938921406,54.60476242144191,54.8155920415407,29418057
2010-07-30,54.3939208984375,54.8155800463643,54.1830913244741,54.8155800463643,20184900
2010-08-02,56.29138946533203,56.71304866842103,54.815587217435734,54.815587217435734,48094181
2010-08-03,57.34552764892578,57.55635721435209,56.71303895264685,56.92386851807316,45787820
2010-08-04,56.5022087097168,57.556356524208326,56.29137914681849,57.34552696131002,27739582
2010-08-05,56.5022087097168,57.34552696131002,56.08054958392019,57.13469739841172,21911199
2010-08-06,56.92387008666992,57.13469965790586,56.29138137296211,56.50221094419805,21480781
2010-08-09,57.34552764892578,57.34552764892578,56.50220938722054,56.50220938722054,18762515
2010-08-10,56.5022087097168,57.76718608710664,56.29137914681849,57.556356524208326,27363159
2010-08-11,55.23725128173828,56.50222403941535,54.8155920415407,56.080564799217775,33945929
2010-08-12,54.815582275390625,55.02641185792722,53.97226394524423,54.18309352778083,33461516
2010-08-13,55.02642059326172,55.237250209267096,54.393931745245574,54.815590977256335,31201437
2010-08-16,55.65888977050781,55.65888977050781,54.1830878113662,54.81557649224728,23217880
2010-08-17,55.44807052612305,55.65890012564081,55.23724588952045,55.23724588952045,20268206
2010-08-18,55.23725128173828,55.86973517911898,54.8155920415407,55.6589055590202,24975034
2010-08-19,56.92387008666992,56.92387008666993,54.393920194753164,54.81557933722504,49336067
2010-08-20,56.71303939819336,56.92386896527598,56.29138026402812,56.71303939819336,25690854
2010-08-23,56.92387008666992,57.978012979935116,56.71304051543399,57.13469965790586,54058322
2010-08-24,56.0805549621582,56.92387329462735,55.869725379040915,56.92387329462735,72968938
2010-08-25,57.29635238647461,57.775818526602386,56.33742010621905,56.57715065694048,119324974
2010-08-26,57.05660629272461,58.01554343512102,56.816875786138496,57.29634183799471,64281682
2010-08-27,57.53609085083008,57.53609085083008,56.57715348397366,57.05661964805928,38869563
2010-08-30,58.01554870605469,58.49501480147222,57.7758131390037,58.49501480147222,25533332
2010-08-31,54.179805755615234,55.3784734225781,54.179805755615234,54.179805755615234,126984836
2010-09-01,52.0222053527832,52.9811425910556,51.782474822228465,52.50167649126165,170658859
2010-09-02,52.981143951416016,53.46061006352089,52.74140837602126,52.74140837602126,58777491
2010-09-03,53.46062088012695,54.17982271314159,53.22089029491249,53.22089029491249,46486725
2010-09-06,52.0222053527832,52.74140702181638,51.06327315319529,52.74140702181638,72678467
2010-09-07,51.54274368286133,52.022209823863285,50.82354195201592,51.78247927270477,43256663
2010-09-08,51.7824821472168,52.501683917986014,51.06328037644758,51.06328037644758,40764901
2010-09-09,51.30301284790039,52.261945124599606,50.823541670865886,52.02220953608236,40898511
2010-09-10,51.7824821472168,52.26194831483454,51.30301597959905,51.7824821472168,30514102
2010-09-13,55.13875198364258,55.138751983642585,53.22088239324358,53.22088239324358,74403003
2010-09-14,55.37847900390625,56.09768068430563,54.41954678916346,55.37847900390625,52755388
2010-09-15,55.37847900390625,55.618214576934236,54.65927732350688,55.618214576934236,34178053
2010-09-16,55.13875198364258,56.09768425949964,54.89901639533587,55.85794867119293,27383214
2010-09-17,55.13875198364258,55.61821812157111,55.138751983642585,55.3784825332644,36941168
2010-09-20,55.13875198364258,55.61821812157111,54.89901639533587,55.3784825332644,18538766
2010-09-21,55.61821365356445,55.857944183927884,55.13874755415313,55.61821365356446,26552627
2010-09-23,56.577152252197266,56.577152252197266,55.61821994490352,55.61821994490352,40314483
2010-09-24,56.3374137878418,56.3374137878418,55.37847657644845,56.09767822532237,26993403
2010-09-27,56.097679138183594,56.81688079876088,56.097679138183594,56.57714523234031,23624220
2010-09-28,56.3374137878418,56.57714431167687,56.09767822532237,56.3374137878418,19632442
2010-09-29,56.3374137878418,57.05661039803137,56.09767822532237,56.81687987419629,34173921
2010-09-30,56.3374137878418,56.57714431167687,55.85794266280295,56.09767822532237,23045702
2010-10-01,54.899017333984375,56.09768521864264,54.41955118785806,55.857949626236994,56951025
2010-10-04,55.85794448852539,56.09768005888059,55.1387478548288,55.618213956854696,30332282
2010-10-05,55.61821365356445,56.097679752975786,55.13874755415313,56.097679752975786,24374917
2010-10-06,56.577152252197266,56.577152252197266,56.09768609855039,56.337421694716355,28102230
2010-10-07,56.577152252197266,56.81688784836322,56.09768609855039,56.81688784836322,23380416
2010-10-08,56.81687927246094,58.25528255497496,56.81687927246094,57.53608091371795,47039073
2010-10-11,56.097679138183594,57.29634689291758,55.85794357176302,57.29634689291758,23974086
2010-10-12,54.179805755615234,56.097675030492624,54.179805755615234,56.097675030492624,54557060
2010-10-13,54.899017333984375,55.37848348011069,54.65928174157873,54.65928174157873,30417682
2010-10-14,55.37847900390625,55.857945111277644,55.138748469562834,55.618214576934236,25625619
2010-10-15,55.61821365356445,55.61821365356446,54.89901198510522,54.89901198510522,22666910
2010-10-18,54.179805755615234,55.61820897144429,54.179805755615234,55.61820897144429,32935615
2010-10-19,53.70034408569336,54.41954575239089,53.70034408569336,54.17981018393022,27452085
2010-10-20,54.65928268432617,54.899018280866706,53.22088422113816,53.22088422113816,43621681
2010-10-21,54.179805755615234,54.89900736352976,53.94007020674904,54.65927181466357,28067794
2010-10-22,54.65928268432617,54.899018280866706,54.179816529930164,54.899018280866706,21956158
2010-10-25,56.81687927246094,56.81687927246094,54.659274348689905,54.659274348689905,63471756
2010-10-26,56.577152252197266,57.056618405844134,56.09768609855039,57.056618405844134,23745434
2010-10-27,55.61821365356445,57.05661195179845,55.61821365356446,56.57714585238712,21770206
2010-10-28,55.85794448852539,56.57714616090649,55.1387478548288,55.618213956854696,35497626
2010-10-29,55.61821365356445,56.337415322023695,55.37847808451655,56.337415322023695,14928535
2010-11-01,56.097679138183594,56.57714523234031,55.85794357176302,56.57714523234031,29921809
2010-11-02,55.85794448852539,56.09768005888059,55.618213956854696,55.85794448852539,16303205
2010-11-03,55.13875198364258,56.33741984780635,55.138751983642585,56.09768425949964,23693092
2010-11-04,56.097679138183594,56.097679138183594,55.138746949870175,55.61821304402688,24638005
2010-11-05,56.097679138183594,56.81688079876088,56.097679138183594,56.81688079876088,37741452
2010-11-08,55.61821365356445,56.337415322023695,55.13874755415313,56.337415322023695,20474049
2010-11-09,55.13875198364258,55.85794867119293,55.138751983642585,55.61821812157111,24056732
2010-11-10,55.85794448852539,56.09768005888059,55.378478386499495,55.618213956854696,23357000
2010-11-11,55.37847900390625,55.857945111277644,55.37847900390625,55.618214576934236,31279950
2010-11-12,54.41954803466797,55.378480271357915,54.17981245615314,55.13874973152777,48479860
2010-11-15,53.70034408569336,54.17981018393022,53.4606085172327,54.17981018393022,42632689
2010-11-16,54.179805755615234,54.179805755615234,53.22087363751857,53.46060414770071,26825357
2010-11-17,53.9400749206543,54.179810490471354,53.700344389521746,53.700344389521746,28226198
2010-11-18,54.41954803466797,54.41954803466797,53.70034633780816,54.17981245615314,20843199
2010-11-19,54.65928268432617,55.61822003180324,54.4195521264707,54.899018280866706,38055505
2010-11-22,55.13875198364258,55.3784825332644,54.89901639533587,54.89901639533587,30129800
2010-11-23,54.179805755615234,55.138742912395955,54.179805755615234,55.138742912395955,29895638
2010-11-24,53.70034408569336,54.17981018393022,53.70034408569336,53.940074615469555,29490675
2010-11-25,53.70034408569336,54.41954575239089,53.4606085172327,54.41954575239089,35837850
2010-11-26,53.22087860107422,53.940075237379354,53.22087860107422,53.940075237379354,43138204
2010-11-29,52.741397857666016,53.94006541821711,52.501667368765965,53.70033492931706,53085970
2010-11-30,52.0222053527832,53.22087816029482,52.0222053527832,52.74140702181638,56366997
2010-12-01,52.981143951416016,52.98114395141601,52.26194226391639,52.26194226391639,45813164
2010-12-02,52.26194763183594,53.460615554557805,52.26194763183594,53.22088499322451,43846201
2010-12-03,53.9400749206543,54.179810490471354,52.74140714893804,52.98114271875509,61210024
2010-12-06,54.179805755615234,54.65927181466357,53.7003396965669,53.94007020674904,42387508
2010-12-07,54.41954803466797,54.41954803466797,53.94007687763831,54.17981245615314,28807472
2010-12-08,54.179805755615234,54.65927181466357,53.94007020674904,54.41954130448143,23266090
2010-12-09,54.41954803466797,54.65927857449811,54.17981245615314,54.41954803466797,33872265
2010-12-10,54.41954803466797,54.65927857449811,53.94007687763831,54.17981245615314,27131145
2010-12-13,53.9400749206543,54.419546060288404,53.940074920654304,54.419546060288404,28351544
2010-12-14,55.13875198364258,55.61821812157111,54.17981466910064,54.419550257407344,58698978
2010-12-15,55.13875198364258,55.61821812157111,54.65928080702916,55.3784825332644,32519633
2010-12-16,55.61821365356445,55.61821365356446,54.89901198510522,55.13874755415313,27469992
2010-12-17,55.13875198364258,56.09768425949964,55.138751983642585,55.85794867119293,31124301
2010-12-20,54.899017333984375,55.61821907251633,54.899017333984375,55.61821907251633,19171005
2010-12-21,55.37847900390625,55.618214576934236,54.899012896534856,55.138748469562834,19361089
2010-12-22,55.61821365356445,55.61821365356446,55.13874755415313,55.13874755415313,17709556
2010-12-23,56.577152252197266,56.81688784836322,55.85795050238443,56.09768609855039,56453775
2010-12-24,56.097679138183594,56.81688079876088,56.097679138183594,56.57714523234031,22047069
2010-12-27,56.097679138183594,56.337414704604164,55.61821304402688,56.097679138183594,13691607
2010-12-28,56.097679138183594,56.57714523234031,55.61821304402688,56.57714523234031,15384462
2010-12-29,55.37847900390625,56.33741625733361,55.37847900390625,56.33741625733361,20281209
2010-12-30,56.097679138183594,56.337414704604164,55.61821304402688,55.61821304402688,26009921
2010-12-31,56.3374137878418,56.3374137878418,55.85794266280295,56.09767822532237,21169649
2011-01-03,56.3374137878418,56.57714431167687,56.09767822532237,56.57714431167687,19858340
2011-01-04,56.3374137878418,57.05661039803137,56.3374137878418,56.57714431167687,34654642
2011-01-05,54.899017333984375,56.57715136476895,54.65928174157873,56.33742081104828,36690477
2011-01-06,54.899017333984375,55.13875292639002,54.65928174157873,54.899017333984375,25370796
2011-01-07,54.65928268432617,55.378484435262706,54.179816529930164,54.899018280866706,23435513
2011-01-10,54.41954803466797,54.89901415301294,53.94007687763831,54.89901415301294,17188890
2011-01-11,55.61821365356445,55.857944183927884,54.65927641605731,54.89901198510522,35755205
2011-01-12,55.61821365356445,56.097679752975786,55.37847808451655,55.857944183927884,19644839
2011-01-13,56.097679138183594,56.097679138183594,55.37847747760631,55.85794357176302,32231751
2011-01-14,56.097679138183594,56.097679138183594,55.61821304402688,56.097679138183594,15482260
2011-01-17,55.13875198364258,56.09768425949964,55.138751983642585,56.09768425949964,14210896
2011-01-18,55.13875198364258,55.138751983642585,54.65928080702916,54.65928080702916,20244019
2011-01-19,56.097679138183594,56.097679138183594,55.138746949870175,55.61821304402688,26420394
2011-01-20,56.3374137878418,56.57714431167687,55.61821213896787,56.09767822532237,42766300
2011-01-21,55.37847900390625,56.33741625733361,55.37847900390625,56.09768068430563,25476857
2011-01-24,55.61821365356445,55.61821365356446,55.13874755415313,55.61821365356446,11378910
2011-01-25,55.85794448852539,56.09768005888059,55.618213956854696,56.09768005888059,24162794
2011-01-26,57.775821685791016,58.01555728830613,55.85795198172564,56.09768758424076,107997029
2011-01-27,59.453948974609375,60.41288111614808,58.97447786515584,58.97447786515584,143563527
2011-01-28,59.93342590332031,60.173161501479186,58.974488549369894,59.933425903320305,77485681
2011-02-08,59.69367980957031,60.6526169949164,59.453949292246946,60.412881438908826,79405812
2011-02-09,57.53609085083008,59.93342670994337,57.05661964805928,59.45396054585775,73875450
2011-02-10,57.05660629272461,58.01554343512102,56.09767418901219,56.5771402408684,48142390
2011-02-11,55.61821365356445,57.05661195179845,55.61821365356446,56.81688142143503,42016980
2011-02-14,56.097679138183594,56.57714523234031,55.61821304402688,55.85794357176302,28836398
2011-02-15,55.13875198364258,55.85794867119293,55.138751983642585,55.85794867119293,29096731
2011-02-16,55.13875198364258,55.61821812157111,55.138751983642585,55.138751983642585,26011298
2011-02-17,55.13875198364258,55.85794867119293,55.138751983642585,55.3784825332644,30099497
2011-02-18,55.85794448852539,56.09768005888059,55.618213956854696,55.618213956854696,23278487
2011-02-21,54.65928268432617,55.61822003180324,54.4195521264707,55.61822003180324,41654717
2011-02-22,53.46062088012695,53.70035650402704,52.74141904711231,53.70035650402704,51663089
2011-02-23,52.741397857666016,53.70033492931706,52.741397857666016,52.741397857666016,48594186
2011-02-24,52.26194763183594,53.460615554557805,52.26194763183594,52.74141379318766,33182174
2011-02-25,52.26194763183594,53.22088499322451,52.26194763183594,52.74141379318766,44282845
2011-03-01,54.65928268432617,54.65928268432617,52.50168247020162,52.741413028057096,44219483
2011-03-02,53.70034408569336,54.17981018393022,53.4606085172327,54.17981018393022,30239994
2011-03-03,54.41954803466797,54.65927857449811,53.94007687763831,54.17981245615314,25739946
2011-03-04,56.3374137878418,56.57714431167687,55.13874605261337,55.37847657644845,68254177
2011-03-07,56.097679138183594,56.57714523234031,55.61821304402688,56.337414704604164,23581520
2011-03-08,55.61821365356445,56.097679752975786,55.37847808451655,55.61821365356446,22199963
2011-03-09,55.85794448852539,56.3374156292358,55.618213956854696,56.3374156292358,15877581
2011-03-10,54.41954803466797,55.61821584987274,54.17981245615314,55.61821584987274,32098141
2011-03-11,54.179805755615234,54.41954130448143,53.7003396965669,54.179805755615234,23150386
2011-03-14,53.9400749206543,54.179810490471354,52.50167661780549,53.460608819704696,29005821
2011-03-15,52.26194763183594,53.70035115457623,50.58381354776236,53.22088499322451,54773316
2011-03-16,50.58380126953125,52.7414009912413,50.34406572770395,52.261934946270614,102738019
2011-03-17,48.42620086669922,48.905666954813974,47.89878665816768,48.905666954813974,102875761
2011-03-18,48.18647384643555,49.14541123136253,47.94674327921775,48.90567562545947,81162029
2011-03-21,49.86460876464844,49.86460876464844,48.42620532907391,48.42620532907391,38253854
2011-03-22,50.104331970214844,50.823533582625366,49.86460145853406,50.34406752057971,38392974
2011-03-23,49.38514709472656,50.104343838814636,49.38514709472656,50.104343838814636,28662842
2011-03-24,50.104331970214844,50.34406752057971,49.86460145853406,49.86460145853406,24602192
2011-03-25,50.82353973388672,51.063275313267205,50.34407361381045,51.063275313267205,31541661
2011-03-28,50.34407424926758,50.8235403753958,50.10433866686108,50.8235403753958,21301881
2011-03-29,50.82353973388672,50.82353973388672,49.864607493734184,50.34407361381045,19609026
2011-03-30,50.104331970214844,50.823533582625366,49.86460145853406,50.104331970214844,40212553
2011-03-31,49.38514709472656,49.864613270347036,48.905675880420794,49.864613270347036,35881928
2011-04-01,50.82353973388672,50.82353973388672,49.6248719143537,49.864607493734184,29125657
2011-04-06,52.501678466796875,52.501678466796875,51.06327507460622,51.54274119244154,55435857
2011-04-07,52.501678466796875,52.741409006372194,51.54274119244154,52.501678466796875,26737202
2011-04-08,51.54274368286133,52.50168100355017,51.063277541859364,52.50168100355017,27262001
2011-04-11,52.26194763183594,52.26194763183594,51.303015309132505,52.26194763183594,28263389
2011-04-12,50.58380126953125,52.02219940444331,50.58380126953125,52.02219940444331,26631140
2011-04-13,51.06327819824219,51.06327819824219,50.344076458151946,50.82354260531711,17614514
2011-04-14,52.0222053527832,52.261940922022426,51.06327315319529,51.30300872243451,34585771
2011-04-15,50.34407424926758,52.261943792465246,49.864608123139355,52.261943792465246,36780009
2011-04-18,50.34407424926758,51.54274208393053,50.10433866686108,50.34407424926758,30432834
2011-04-19,49.62487030029297,50.104336404774486,49.38513976739448,49.864605871875995,27646302
2011-04-20,51.7824821472168,51.7824821472168,50.34407860567836,50.583814208829835,39485273
2011-04-21,52.501678466796875,53.46061070246753,52.26194288853687,52.741409006372194,58037814
2011-04-22,52.501678466796875,52.741409006372194,52.02220731027687,52.501678466796875,21352846
2011-04-25,51.54274368286133,53.22088273439557,51.54274368286132,52.74141155470869,14636521
2011-04-26,52.0222053527832,52.0222053527832,50.82353758395607,51.06327315319529,15343140
2011-04-27,52.26194763183594,52.501683231854365,51.78248147048422,52.26194763183594,25666942
2011-04-28,52.26194763183594,52.501683231854365,51.303015309132505,52.26194763183594,49744336
2011-04-29,52.0222053527832,52.0222053527832,51.30300872243451,51.782474822228465,21768829
2011-05-03,50.82353973388672,51.78247701272396,50.34407361381045,51.78247701272396,35383300
2011-05-04,50.82353973388672,51.063275313267205,50.34407361381045,51.063275313267205,23537443
2011-05-05,51.7824821472168,52.02221271168307,50.34407860567836,50.823544773296106,27264755
2011-05-06,51.54274368286133,52.022209823863285,51.063277541859364,51.78247927270477,27003045
2011-05-09,52.26194763183594,52.26194763183594,51.542745870465794,52.02221203181751,26635272
2011-05-10,52.26194763183594,52.501683231854365,52.02221203181751,52.501683231854365,17746747
2011-05-11,52.981143951416016,52.98114395141601,52.501677839311135,52.74140837602126,31329537
2011-05-12,52.26194763183594,52.74141379318766,52.02221203181751,52.74141379318766,26326729
2011-05-13,52.0222053527832,52.74140702181638,51.782474822228465,52.50167649126165,22132469
2011-05-16,50.82353973388672,51.78247701272396,50.82353973388672,51.54274143334347,29503072
2011-05-17,49.86460876464844,50.82354102924157,49.86460876464844,50.82354102924157,39514199
2011-05-18,50.82353973388672,50.82353973388672,49.6248719143537,49.6248719143537,18002948
2011-05-19,49.86460876464844,51.06327661473227,49.86460876464844,50.82354102924157,25782646
2011-05-20,49.38514709472656,50.344079445967516,49.38514709472656,50.104343838814636,24690348
2011-05-23,47.94673538208008,48.42620147622978,46.8439588307198,47.70699981566302,71376800
2011-05-24,49.38514709472656,49.38514709472656,48.18647409764744,48.18647409764744,24654535
2011-05-25,48.42620086669922,49.385138081613086,48.186465303299656,49.385138081613086,23876289
2011-05-26,48.66594696044922,49.38514876758461,48.42621134517561,49.38514876758461,16578690
2011-05-27,48.42620086669922,48.905666954813974,48.42620086669922,48.665936430098775,20066331
2011-05-30,47.94673538208008,48.42620147622978,47.94673538208008,48.18646590981271,32397042
2011-05-31,48.18647384643555,48.66594505824167,47.94674327921775,47.94674327921775,63823000
2011-06-01,48.90566635131836,49.145401911759585,48.66593582956144,48.66593582956144,32124312
2011-06-02,47.94673538208008,48.42620147622978,47.89878726105978,48.18646590981271,51114874
2011-06-03,48.18647384643555,48.42620945233861,47.89879515030008,48.42620945233861,29906657
2011-06-07,47.94673538208008,48.66593704264684,47.89878726105978,48.42620147622978,20819783
2011-06-08,48.18647384643555,48.66594505824167,48.18647384643555,48.18647384643555,26767505
2011-06-09,48.90566635131836,49.38513747220081,48.66593582956144,48.66593582956144,44255296
2011-06-10,47.94673538208008,49.38513870321359,47.94673538208008,49.38513870321359,37606464
2011-06-13,47.94673538208008,48.42620147622978,47.89878726105978,47.94673538208008,31073336
2011-06-14,48.18647384643555,48.66594505824167,47.94674327921775,47.94674327921775,26067773
2011-06-15,47.70699691772461,48.426198534603806,47.46726640455429,48.18646298274937,60406985
2011-06-16,47.179588317871094,47.51521510697524,46.89190965254888,47.22753644165304,47522549
2011-06-17,47.32341766357422,47.8508317978179,47.32341766357422,47.46726200456367,23704111
2011-06-20,47.179588317871094,48.18646868518354,47.03574898520999,48.18646868518354,21797755
2011-06-21,48.18647384643555,48.18647384643555,47.563168325246956,47.94674327921775,19786714
2011-06-22,47.46727752685547,48.66594548962547,47.46727752685547,48.426209881597345,26884586
2011-06-23,47.03574752807617,47.65905800187753,46.987799405779626,47.17958685628123,29380481
2011-06-24,46.7960090637207,47.323423260339695,46.74806598307116,46.8439571830545,28833643
2011-06-27,46.028873443603516,46.60423587325413,45.837085967053305,46.60423587325413,40971514
2011-06-28,45.54940414428711,46.46038829699863,45.50145601877022,46.1247614957502,31863979
2011-06-29,46.7960090637207,46.939853421722084,45.69323758983317,46.02886434780123,34890182
2011-06-30,47.227535247802734,47.227535247802734,46.41244235753781,46.70012101558788,20171015
2011-07-01,46.7960090637207,47.41931949900729,46.652169744403565,47.41931949900729,20362477
2011-07-04,46.268592834472656,47.27547810282755,46.172701638701916,47.27547810282755,22913469
2011-07-05,46.076812744140625,46.55627882430829,46.076812744140625,46.41243950412642,15575925
2011-07-06,47.227535247802734,47.707001357447716,45.93297120920825,45.980919331778125,37040343
2011-07-07,46.84395980834961,47.46727027856864,46.79601168632864,47.27548282916929,20416197
2011-07-08,46.84395980834961,47.65905772796799,46.84395980834961,47.41932215654767,23819815
2011-07-11,46.172706604003906,47.46727063756934,46.02886727553765,47.46727063756934,48033574
2011-07-12,45.64529800415039,46.0288729531638,45.35761931173293,45.93297669656785,34774478
2011-07-13,43.967159271240234,45.59734507487601,43.53563623936422,45.54940199031119,83794289
2011-07-14,43.29590606689453,44.30278643154679,43.152061695928744,43.967159643329374,65974538
2011-07-15,44.206886291503906,44.206886291503906,43.24795413494773,43.39179345456273,36383311
2011-07-18,42.43286895751953,43.96716370817391,42.33697270134323,43.96716370817391,50424784
2011-07-19,42.720542907714844,42.960273444180885,42.28901988018058,42.384916125714696,34993489
2011-07-20,44.68635940551758,44.83019873156082,43.295904189292145,43.295904189292145,66762425
2011-07-21,44.25484085083008,44.350732064965925,43.77537470278085,44.350732064965925,32936993
2011-07-22,44.01510238647461,44.830200327545114,44.01510238647461,44.78225220426223,31172511
2011-07-25,43.919212341308594,43.919212341308594,43.39179808728804,43.87126421675632,21571857
2011-07-26,44.206886291503906,44.44662184998508,43.58358089361082,43.919207652273904,30055419
2011-07-27,44.110992431640625,44.206883626040764,43.679469460130136,43.679469460130136,26613233
2011-07-28,43.29590606689453,44.01510272829993,43.200009819584004,43.63153285511195,66113658
2011-07-29,43.89225387573242,44.37223861050242,43.46559455080375,43.89225387573242,68767331
2011-08-01,45.332218170166016,45.59887578943736,44.158911398088996,44.158911398088996,50546498
2011-08-02,44.37223434448242,45.06555122261458,44.15890725008216,45.06555122261458,29236477
2011-08-03,42.9856071472168,43.678918953851515,42.665613947164715,43.62558845221237,73663451
2011-08-04,41.86563491821289,43.358932323311095,41.86563491821289,42.932273010363744,53917434
2011-08-05,38.98571014404297,39.89235426977017,38.98571014404297,38.98571014404297,89436223
2011-08-08,37.97239685058594,40.15901122573538,37.33241296318141,39.19903412085137,83617227
2011-08-09,37.86573028564453,39.839014843185616,35.99910927627108,36.42576601649586,129995136
2011-08-10,39.30569839477539,39.62569161809437,38.71904754876324,39.519028059506205,88226593
2011-08-11,39.30569839477539,40.05234840000151,38.132394155196614,38.71904754876324,51123765
2011-08-12,38.8790397644043,39.99901344521824,38.8790397644043,39.94568039468258,52583836
2011-08-15,39.839012145996094,39.94567568694237,39.46568847890709,39.839012145996094,27510939
2011-08-16,39.57236099243164,40.265677987115204,39.35903386216961,39.999017800510345,27756371
2011-08-17,39.51902770996094,40.47900227631795,39.252364994517436,39.78568787784999,50278527
2011-08-18,38.292396545410156,39.35903738736332,37.972403273802264,39.35903738736332,73971494
2011-08-19,36.26577377319336,37.22575091702987,35.89245003602209,36.90575768656618,106250829
2011-08-22,35.732444763183594,36.95908178602003,35.572450734271214,36.26576498636866,78648479
2011-08-23,35.19913101196289,35.89244793909248,34.292486975357,35.73245133320805,137910323
2011-08-24,34.559146881103516,35.62578751572728,34.559146881103516,35.25246380311984,109500300
2011-08-25,32.959190368652344,34.665815104415714,32.799196289951645,34.55915153609701,90630826
2011-08-26,34.239158630371094,34.55914931475935,33.22585097514312,33.22585097514312,71488372
2011-08-29,34.239158630371094,34.82580949219351,33.75916878245688,34.13249506890834,45723006
2011-08-30,36.58576202392578,36.58576202392578,35.519121464301264,36.47909847747417,54284330
2011-08-31,39.092369079589844,39.092369079589844,37.2790810428816,37.33241154539988,158880997
2011-09-01,39.51902770996094,41.33231583258468,39.35903109971662,40.63899888656227,138125702
2011-09-02,40.5323371887207,40.5323371887207,39.14570323305096,39.465696468222305,81528550
2011-09-05,38.932373046875,39.625689970197115,38.932373046875,39.625689970197115,69908089
2011-09-06,38.45238494873047,39.412359462918175,38.39905189902923,38.39905189902923,58000874
2011-09-07,38.98571014404297,39.359033896100684,38.825713522431194,39.09237370926594,48039584
2011-09-08,37.9190673828125,39.199035192618,37.9190673828125,39.03903857950368,91165518
2011-09-09,38.772377014160156,39.305697340348445,38.025729576518316,38.185726183885684,71195356
2011-09-13,36.95908737182617,37.70573477810814,36.799090771178804,37.332411074967155,72784404
2011-09-14,35.89244842529297,37.812402626805074,35.51912470487518,37.812402626805074,98995554
2011-09-15,37.27907943725586,37.439073485474026,36.42576595817259,36.799089649938686,55311138
2011-09-16,37.86573028564453,38.55904717006552,37.75906673747689,37.86573028564453,60198493
2011-09-19,38.07905960083008,38.23905620618158,37.65240538329858,37.91906554303296,31265049
2011-09-20,38.66571044921875,39.039034138985215,38.23905371196241,38.45238335436769,68871264
2011-09-21,38.82571029663086,39.0390374093527,38.399053523632745,39.0390374093527,59583660
2011-09-22,37.81240463256836,38.13239531809137,37.54574445418857,37.97239870155258,50359920
2011-09-23,36.799095153808594,37.33241552111333,35.785787474951434,35.83911798314914,68724756
2011-09-26,36.58576202392578,36.692425570377395,36.58576202392578,36.692425570377395,161201332
2011-09-27,36.3191032409668,37.22574724101065,35.999110042102245,36.79909049170934,69712745
2011-09-28,36.799095153808594,37.33241552111333,36.37244089800849,36.37244089800849,51193888
2011-09-29,37.33241271972656,37.70573643931512,36.47910172460334,36.53243222879918,39937819
2011-09-30,36.90576171875,37.812408454935714,36.58577100087989,37.33241855679831,46282741
2011-10-03,36.15910720825195,36.63909701407161,36.052443656143474,36.5324309144088,36728418
2011-10-04,36.74576187133789,36.7990923755092,35.519124609636116,35.8924483290529,35606443
2011-10-05,36.05244445800781,36.85242493794576,36.05244445800781,36.425768172467976,21750797
2011-10-06,37.33241271972656,37.81240254281564,36.53243222879918,36.7457618882458,61271633
2011-10-07,37.86573028564453,37.86573028564453,37.86573028564453,37.86573028564453,118168062
2011-10-11,39.039039611816406,39.09237266678297,38.665715869714184,38.98570910440442,62467488
2011-10-12,38.8790397644043,39.03903636845691,38.45238555033647,38.93237281493995,29960252
2011-10-13,38.3990478515625,39.09236468682765,37.97239114158748,39.039031642748,45765581
2011-10-14,38.3990478515625,38.82570456153752,38.23905126687761,38.66570797685263,21708222
2011-10-17,39.9990119934082,39.9990119934082,38.82570785219938,38.93237140184486,82155904
2011-10-18,39.57236099243164,39.8390211790365,38.985710110433736,39.57236099243164,59531068
2011-10-19,39.73234939575195,39.89234598413245,38.71904191526568,39.67901635044041,54621173
2011-10-20,38.772377014160156,40.10567782963088,38.6123829543472,39.89235071817733,59799040
2011-10-21,39.14569854736328,39.14569854736328,38.29238760163749,38.879038399157544,29180128
2011-10-24,40.47899627685547,40.53232932155048,39.73234893644982,39.785681981144826,85622007
2011-10-25,42.025634765625,42.1322983283129,40.58566775289736,40.798997425827736,134852439
2011-10-26,42.87894058227539,43.30559478096346,41.59897289110265,41.81229999044668,115609808
2011-10-27,43.145606994628906,43.198937500282014,42.61228410521639,42.93227478179851,76653716
2011-10-28,43.572265625,44.85223355554177,43.46559950782589,44.53224029912895,89929592
2011-10-31,44.42557144165039,44.4789019432767,43.838915543326564,44.42557144165038,75037120
2011-11-01,46.34552001953125,46.398855615769286,44.052247329660645,44.79889472590769,134881240
2011-11-02,46.34552001953125,46.34552001953125,45.01222182553419,45.59887262328421,97386471
2011-11-03,44.69223403930664,46.29219512287115,44.69223403930664,46.29219512287115,100706066
2011-11-04,45.11888885498047,46.07886337068543,45.065553257640616,45.812200669312105,59015160
2011-11-07,44.852230072021484,45.33221991936153,44.58557244246086,45.27888431736213,34157642
2011-11-08,44.90555953979492,45.385549376027974,44.58557141074853,44.58557141074853,31192421
2011-11-09,44.05225372314453,45.06555886721269,43.99891811916569,44.90556224549471,48933659
2011-11-10,42.185630798339844,43.19894105990014,41.59897990248833,42.82561729934832,96636401
2011-11-11,43.89225387573242,43.89225387573242,43.038940320984,43.62559116076339,63859940
2011-11-14,44.69223403930664,44.852230657174005,44.31891029598584,44.69223403930664,46573253
2011-11-15,43.99891662597656,44.638903091129286,43.89225561185718,44.532236981900795,31486689
2011-11-16,43.73225402832031,44.532231923788075,43.4122608320898,44.26557432366833,32042668
2011-11-17,43.678916931152344,43.7855830245997,43.35892884102698,43.46558983936598,30945737
2011-11-18,42.71894836425781,43.198938208329956,42.71894836425781,42.71894836425781,34757448
2011-11-21,41.70564270019531,42.3989596984518,41.652309643577645,41.86563932249368,38609230
2011-11-22,41.385643005371094,42.345620041987836,41.332312504619985,42.185623444626,43739513
2011-11-23,40.10567855834961,41.33231584038152,40.10567855834961,41.06565567244216,53752143
2011-11-24,40.5323371887207,40.85233042389205,38.98570916301986,39.78568970339366,51163835
2011-11-25,40.372337341308594,41.65230508448617,39.999013628511335,40.85232715566597,46510642
2011-11-28,41.54563903808594,41.81229918088006,40.905655204890884,40.905655204890884,43556691
2011-11-29,42.29228591918945,42.345616415373165,41.545636044631145,41.91895970813328,41534381
2011-11-30,42.505619049072266,42.6656156555046,41.86563517089731,42.6656156555046,47318314
2011-12-01,44.158912658691406,44.79889911538651,43.94558553816271,44.74556351392256,65775813
2011-12-02,43.62559509277344,44.47890872443171,43.57226458301647,44.05225445615726,28872086
2011-12-05,43.83892059326172,43.99891721167974,43.252269722468434,43.99891721167974,23715506
2011-12-06,42.66561508178711,43.73225571358722,42.66561508178711,43.73225571358722,27965489
2011-12-07,43.35893249511719,43.62559010854572,43.03893928291592,43.03893928291592,27048875
2011-12-08,43.5189323425293,43.625593357801364,42.93227637809628,43.625593357801364,28619140
2011-12-09,42.505619049072266,43.092269875918305,42.39895549396884,42.87894276571146,31482933
2011-12-12,43.678916931152344,43.99891011638607,43.46558983936598,43.83891352376921,30219458
2011-12-13,43.46559524536133,43.73225796459149,43.14560711543772,43.35893423375646,25081662
2011-12-14,43.678916931152344,43.678916931152344,43.14560174924062,43.678916931152344,19655858
2011-12-15,42.025634765625,43.41226617567683,41.91896865538252,43.41226617567683,48000766
2011-12-16,42.66561508178711,42.66561508178711,41.75897105426788,42.02563121221791,27726318
2011-12-19,41.492313385009766,42.34562701304495,41.22565574224778,42.18563038934402,35446161
2011-12-20,41.598976135253906,42.07896341998756,41.492310029709124,41.54564308248151,32993092
2011-12-21,43.99891662597656,44.26557935149324,43.46559627005233,44.26557935149324,66426960
2011-12-22,43.73225402832031,43.998911628440055,43.25226423397454,43.998911628440055,36278877
2011-12-23,44.212249755859375,44.53223789992311,43.89225651668642,43.89225651668642,52431067
2011-12-26,43.99891662597656,44.37224036561262,43.99891662597656,44.26557935149324,22276723
2011-12-27,43.83892059326172,44.15891383009775,43.62559346707409,43.99891721167974,16504059
2011-12-28,43.99891662597656,44.31890985855293,43.89225561185718,44.212248844433546,22063848
2011-12-29,44.212249755859375,44.212249755859375,43.62559378567256,43.998917533004594,25601327
2011-12-30,44.212249755859375,44.478907391764025,43.83892091341812,44.26558026401846,37628754
2012-01-02,43.412261962890625,43.99891277452194,43.41226196289063,43.99891277452194,73391723
2012-01-03,44.10557556152344,44.265572151788504,43.67891628911384,43.83891287937891,106025432
2012-01-04,44.37223434448242,44.74555803345998,44.15890725008216,44.2655733448365,134356566
2012-01-05,44.37223434448242,44.5855665339911,44.21224284501354,44.5855665339911,100068694
2012-01-06,44.74555969238281,45.012222391600865,44.26557498596411,44.585568186982314,52920679
2012-01-09,44.95889663696289,44.95889663696288,44.478906784753946,44.852230526991185,29706054
2012-01-10,46.0788688659668,46.0788688659668,45.22555525295962,45.27888576155093,93924125
2012-01-11,45.972198486328125,46.93217812251752,45.972198486328125,46.3988578007819,67568971
2012-01-12,46.18552017211914,46.34551675936122,45.81219650025704,46.132189674741184,48654417
2012-01-13,45.43887710571289,46.398856719531516,45.22555000101164,46.29219061962655,100220211
2012-01-16,44.5322380065918,46.23886522286264,44.5322380065918,46.23886522286264,50369938
2012-01-17,46.39885711669922,46.39885711669922,44.85222667793605,45.22555038813601,91979451
2012-01-18,46.77218246459961,47.0921705880404,46.558855350602784,46.66551636004675,89357334
2012-01-30,50.02543640136719,50.02543640136719,48.79879909176944,49.59877706601069,128679069
2012-01-31,50.825416564941406,51.57206406509124,50.13209957334249,50.71875554783958,129909986
2012-02-01,50.772090911865234,50.932087547928155,50.29210100367648,50.932087547928155,53082213
2012-02-02,51.572052001953125,51.572052001953125,50.505416604883564,51.198728339201764,58852373
2012-02-03,52.05204772949219,52.10538332680164,51.25206981604555,51.518727422158214,65042021
2012-02-06,50.13209533691406,50.93207837312125,49.86543772158422,50.93207837312125,47373411
2012-02-07,51.89204788208008,51.998713974918665,50.078759969582315,50.132090468447444,62644049
2012-02-08,54.13200759887695,54.66532799628238,52.42538028913579,52.42538028913579,118278256
2012-02-09,55.198646545410156,55.198646545410156,53.59868540676716,54.13200578631483,94336100
2012-02-10,54.39866256713867,54.93198293824128,53.27869131635596,54.665325300244604,64541139
2012-02-13,54.66532516479492,54.93198280213088,53.17202507234215,53.33202169278742,53936217
2012-02-14,53.8653450012207,54.398665400097435,53.332024602343985,54.398665400097435,36927519
2012-02-15,55.198646545410156,55.198646545410156,53.59868540676716,54.13200578631483,54351949
2012-02-16,54.39866256713867,55.198645671347215,53.86534219603606,54.93198293824128,41609513
2012-02-17,54.13200759887695,55.73196879109323,54.13200759887695,55.198648393687805,50715546
2012-02-20,53.172019958496094,54.398657200531204,53.06535895186359,54.13199958884118,50319849
2012-02-21,51.625396728515625,52.318713680627866,50.82541367026728,51.99872045732853,75141053
2012-02-22,52.05204772949219,52.58536803682617,50.932076612623426,50.932076612623426,74631406
2012-02-23,51.785396575927734,52.63870509789887,51.62539995428082,52.052054215266395,36410358
2012-02-24,52.79869842529297,53.065361143103104,52.372044190927504,53.065361143103104,49593571
2012-02-29,54.66532516479492,54.66532516479492,53.33202169278742,53.59868442523262,81249308
2012-03-01,54.66532516479492,55.46530317191203,54.398662432349724,54.66532516479492,42101629
2012-03-02,54.66532516479492,55.46530317191203,54.13200479501377,55.46530317191203,25259475
2012-03-05,53.598690032958984,54.13201045853842,52.95870348421975,54.13201045853842,25055365
2012-03-06,53.22535705566406,53.59868077960756,52.26537739828745,53.59868077960756,33445138
2012-03-07,52.69203567504883,53.01202888781539,52.37204246228227,52.425372966040435,21500356
2012-03-08,53.8653450012207,54.13200774821383,53.012036439105565,53.06536695046038,31891151
2012-03-09,54.13200759887695,54.39866525002491,53.86534485261949,54.39866525002491,32884150
2012-03-12,53.598690032958984,54.39866812377325,53.332027272614376,53.86534769819381,23711750
2012-03-13,54.66532516479492,54.93198280213088,53.86534206256857,54.398662432349724,43009478
2012-03-14,55.198646545410156,55.731966924957824,54.93198380808166,55.46530418762932,48824717
2012-03-15,55.465293884277344,55.465293884277344,54.66531601111612,55.465293884277344,28101980
2012-03-16,55.73196792602539,56.531945962161565,55.73196792602539,55.73196792602539,77476415
2012-03-19,55.465293884277344,55.99861416475429,54.13199573063917,55.73195657207001,26901115
2012-03-20,54.39866256713867,55.465303309343895,54.39866256713867,55.465303309343895,21343830
2012-03-21,54.66532516479492,55.19864553457607,54.13200479501377,54.93198280213088,30873109
2012-03-22,55.99862289428711,55.9986228942871,55.19864489641863,55.19864489641863,54225476
2012-03-23,56.53194046020508,56.53194046020508,55.46529978576108,55.998620122983084,44301753
2012-03-26,56.53194046020508,56.79860317637055,55.998620122983084,56.79860317637055,49092689
2012-03-27,57.59858322143555,57.59858322143555,56.53194250834734,57.065262864891444,47985740
2012-03-28,60.26518630981445,61.598484682506346,59.198545573617245,59.73186594171585,125516000
2012-03-29,61.865142822265625,62.39846315077934,59.73186150821072,60.265181836724445,150377274
2012-03-30,61.065162658691406,61.331825383065045,59.998521951415015,61.065162658691406,81008885
2012-04-02,59.19853591918945,61.59847463668314,59.19853591918945,60.79849676255471,44658631
2012-04-03,58.66522216796875,59.99852047162553,58.13190182748424,59.465200131141025,70529183
2012-04-05,59.19853591918945,59.731856200311206,57.331917482817516,57.59857507582419,67270946
2012-04-06,59.19853591918945,59.731856200311206,58.6652156380677,59.19853591918945,29346671
2012-04-09,58.39856719970703,58.93188756443288,57.598584105063665,57.865246834981185,26524202
2012-04-10,58.66522216796875,59.465200131141025,57.86524420479647,58.931884885765484,24137499
2012-04-11,60.53184509277344,60.798507829427905,58.66522631662945,58.66522631662945,55591632
2012-04-12,60.79850387573242,60.79850387573242,59.73186318869629,60.53184115641889,37782775
2012-04-13,61.065162658691406,61.598483012329595,60.26518467578866,61.331825383065045,35163162
2012-04-16,61.065162658691406,61.065162658691406,59.998521951415015,60.79850502942685,23975965
2012-04-17,58.66522216796875,61.331823870391275,57.86524420479647,61.06516115259454,63262638
2012-04-18,57.59858322143555,60.26518500415605,57.59858322143555,59.99852227832944,40881982
2012-04-19,56.26528549194336,57.59858385030622,55.99862276320528,57.59858385030622,52960749
2012-04-20,54.93197250366211,56.79859599550222,54.93197250366211,56.265275725706225,62140663
2012-04-23,53.2786865234375,54.13200005945996,53.06535941320909,53.86533735034284,63445460
2012-04-24,55.198646545410156,55.46530418762932,53.33202266943866,53.33202266943866,49578544
2012-04-25,56.53194046020508,56.79860317637055,55.46529978576108,56.79860317637055,57257064
2012-04-26,55.465293884277344,57.065254725708186,55.465293884277344,57.065254725708186,38872193
2012-04-27,52.958683013916016,55.46528753574184,52.53202887641248,55.19862997357908,83815076
2012-04-30,49.27878952026367,49.27878952026367,49.27878952026367,49.27878952026367,27230445
2012-05-02,47.78548812866211,48.53214067967063,45.86553898352291,45.86553898352291,392742765
2012-05-03,47.998817443847656,48.31880555198784,46.77218022813291,47.19883443572559,108071535
2012-05-04,47.998817443847656,48.212144547643994,47.62549373842691,48.15880895036343,61503290
2012-05-07,47.19883728027344,47.46549999742139,46.98551016362045,47.46549999742139,62527594
2012-05-08,47.19883728027344,47.732157619460395,47.19883728027344,47.732157619460395,34724891
2012-05-09,46.558860778808594,46.93218454560534,46.23886752295153,46.93218454560534,59940539
2012-05-10,46.77218246459961,47.30550279714611,46.558855350602784,46.558855350602784,30921945
2012-05-11,46.0788688659668,46.612189237207616,45.91887224508362,46.39886210773314,48969973
2012-05-14,46.34552001953125,46.87884031615178,46.025531917645765,46.07886241877525,38999918
2012-05-15,45.5455436706543,45.65220467653964,44.85222675196472,45.59887417359697,74685250
2012-05-16,44.158912658691406,45.75887370532014,44.158912658691406,45.492216078436535,73021070
2012-05-17,45.705543518066406,46.0788672553753,44.42557569084891,44.7988994281578,55636711
2012-05-18,44.37223434448242,45.118886817545956,44.31890384465946,44.74555803345998,45205845
2012-05-21,44.37223434448242,44.85222412821432,44.2655733448365,44.37223434448242,28309846
2012-05-22,46.505523681640625,46.55885928597967,45.17222528513207,45.33222190793059,52203165
2012-05-23,46.39885711669922,46.55885372037187,45.54554359548131,46.345521518735865,40808102
2012-05-24,45.492210388183594,46.93217464052506,45.22554769954563,46.93217464052506,39802581
2012-05-25,44.852230072021484,45.91887078048218,44.79889956513117,45.49221653514154,32795243
2012-05-28,45.5455436706543,45.65220467653964,44.692230148027996,44.692230148027996,19471784
2012-05-29,47.73215866088867,47.94548578219607,45.91887048711217,46.0255365953204,70307542
2012-05-30,47.41215896606445,47.732152151944554,46.825508188689845,47.732152151944554,61722426
2012-05-31,46.66551971435547,46.93218244735083,46.345526472804735,46.66551971435547,51842530
2012-06-01,45.492210388183594,46.6655119518871,45.492210388183594,46.45218485804177,45283482
2012-06-04,43.73225402832031,44.63889802090109,43.14560323197006,44.26557432366833,56132584
2012-06-05,43.83892059326172,44.79890030376983,43.46559684865607,44.42557655916418,33501487
2012-06-06,44.158912658691406,44.53223639339387,43.57226180346024,44.478905887038955,31158612
2012-06-07,44.74555969238281,45.33221559261908,44.53223259007354,45.33221559261908,32527271
2012-06-08,43.572265625,44.425579277064344,43.305602879619485,44.05225550961922,39485773
2012-06-11,44.69223403930664,44.90556116476007,44.26557978839977,44.26557978839977,30951998
2012-06-12,43.99891662597656,44.158913242264745,43.6789233934002,43.732258995569,29625913
2012-06-13,43.73225402832031,44.318904824670575,43.73225402832031,44.318904824670575,24704748
2012-06-14,43.785587310791016,44.10558052734902,43.51892969373191,43.83891781518106,17980408
2012-06-15,45.065555572509766,45.065555572509766,43.89225389250268,44.05225050252345,39008683
2012-06-18,46.132198333740234,46.558857678172316,46.07886782635215,46.18552884112832,38418895
2012-06-19,46.02553176879883,46.345519869649465,45.598872475817096,46.345519869649465,30024114
2012-06-20,46.39885711669922,46.45218761955387,45.86553680282662,46.18552491506321,26869810
2012-06-21,45.91886901855469,46.39885884747731,45.81220291375781,46.39885884747731,23864519
2012-06-22,46.18552017211914,46.23885576460529,45.27887624115286,45.43887282839493,24985242
2012-06-25,46.132198333740234,46.29219495101363,45.332220342482444,45.97220171646685,27237958
2012-06-26,45.865543365478516,45.97220438644936,45.59888062283253,45.97220438644936,29206424
2012-06-27,46.132198333740234,46.3455254584017,45.81220509919346,45.81220509919346,22447023
2012-06-28,46.878841400146484,47.145504102177156,46.66551429558715,46.878841400146484,38100835
2012-06-29,47.67882537841797,47.8921524873052,46.985508453202904,47.14550505864552,42464769
2012-07-02,47.46549606323242,47.998816358214995,47.358829966192495,47.89215026117507,28569052
2012-07-03,48.265480041503906,48.31881054919135,47.46550204575556,47.46550204575556,42842935
2012-07-04,49.065460205078125,49.065460205078125,48.05215503870066,48.37214828918171,44458279
2012-07-05,48.745460510253906,49.172114679821064,48.425467335524445,48.798791007672754,21892296
2012-07-06,48.745460510253906,48.958787595037485,47.945477573430246,48.692124917726865,27542244
2012-07-09,49.012123107910156,49.012123107910156,48.26547568720845,48.42547229094578,22244166
2012-07-10,48.052146911621094,49.33211460195443,47.67882321423672,49.06545190661787,46901330
2012-07-11,47.945491790771484,47.998827399114205,47.03884759026171,47.092178103494724,25610092
2012-07-12,46.452186584472656,47.99881698877269,46.452186584472656,47.57215769011651,45958420
2012-07-13,46.39885711669922,46.61218422322652,46.13219441220856,46.345521518735865,31762174
2012-07-16,46.66551971435547,47.03884346446157,46.5055230935801,46.93218244735083,14574411
2012-07-17,47.19883728027344,47.35883389154042,46.45218982443348,46.66551694108648,22761326
2012-07-18,46.39885711669922,46.93217743057183,46.39885711669922,46.93217743057183,30613902
2012-07-19,47.09217071533203,47.198836820173206,46.7721825910263,47.198836820173206,20529897
2012-07-20,47.78548812866211,47.78548812866211,46.87884406148277,46.932179661982,22272966
2012-07-23,46.18552017211914,47.14549969557158,46.02552867998526,47.14549969557158,33798259
2012-07-24,45.65220260620117,46.02553139519546,45.332214507947974,46.02553139519546,32900428
2012-07-25,43.678916931152344,44.265572802450286,43.19893224841012,43.25226274757962,82858391
2012-07-26,42.93227767944336,43.89225741664548,42.77228105657634,43.67892518941657,83524564
2012-07-27,44.5322380065918,44.5322380065918,43.57226338188271,44.212249861761585,46582018
2012-07-30,44.158912658691406,44.53223639339387,43.99891604451763,44.53223639339387,35818066
2012-07-31,45.11888885498047,45.43887696347636,43.7322550360999,43.7322550360999,37320711
2012-08-01,45.225555419921875,45.43888255018391,44.58557402913578,45.332221532607534,34729900
2012-08-02,45.225555419921875,45.225555419921875,45.225555419921875,45.225555419921875,0
2012-08-03,43.5189323425293,44.31891033750644,42.13229838311914,43.73225946818259,73014809
2012-08-06,46.558860778808594,46.558860778808594,45.865543756154786,46.558860778808594,86458480
2012-08-07,46.558860778808594,46.558860778808594,45.332223361429506,46.39886415088006,40444962
2012-08-08,46.558860778808594,46.98551505654502,46.39886415088006,46.82551842861649,33834573
2012-08-09,48.532142639160156,48.79880027198678,46.8788459542203,46.932181556872955,95331603
2012-08-10,50.34328079223633,51.29765352476142,49.74679783440814,49.74679783440814,81458198
2012-08-13,50.64152145385742,51.595894170980095,50.40292827457675,51.595894170980095,35885912
2012-08-14,50.70116424560547,51.47659199410321,50.64151595725949,50.70116424560547,45596191
2012-08-15,50.40292739868164,50.93976204273411,49.98538934219639,50.8801137489505,34886425
2012-08-16,50.16433334350586,50.880112856352106,50.10468505076867,50.701167978140546,25496028
2012-08-17,50.40292739868164,51.05905863030132,50.223982517330825,50.28363081111443,28740376
2012-08-20,50.581878662109375,50.99941677127674,50.46258205949013,50.93976846996712,20939140
2012-08-21,51.238006591796875,52.073087935469296,50.99941340231955,50.99941340231955,58491624
2012-08-22,51.357295989990234,51.47659256801222,50.880109677902276,51.11870283394626,22485044
2012-08-23,51.953792572021484,51.953792572021484,51.238007806123825,51.29765610490681,32263625
2012-08-24,51.834495544433594,52.07308873758613,51.238007381050394,51.894143842721725,36615606
2012-08-27,52.192386627197266,52.609924725558464,51.95379342813373,52.49062812602669,36504046
2012-08-28,50.22398376464844,51.7151911462729,50.045038878853504,51.35730137468303,58943556
2012-08-29,50.10468673706055,50.581873095017926,49.80644526333718,49.80644526333718,38687436
2012-08-30,50.99940490722656,51.17834976952728,49.508192540886306,49.508192540886306,63278462
2012-08-31,50.581878662109375,50.99941677127674,49.567857539845775,49.567857539845775,44925693
2012-09-03,53.683589935302734,54.10113318160748,52.78886550858166,54.10113318160748,120161572
2012-09-04,53.62394714355469,54.57832514383885,53.504650541081936,53.98184213147507,57016299
2012-09-05,52.96780776977539,53.623938983531225,52.96780776977538,53.623938983531225,39965823
2012-09-06,52.729209899902344,53.62393420252477,52.60991332621935,53.444989342000284,41948860
2012-09-07,53.08710479736328,53.683587723940036,53.02745650470561,53.683587723940036,37314564
2012-09-10,52.96780776977539,53.325697522733115,52.96780776977538,53.08710435409463,24717384
2012-09-11,53.92219161987305,54.3993832365508,52.66957722491273,52.72922552943465,53650145
2012-09-12,55.473052978515625,55.59234958811983,54.16079027286938,54.280086882473576,73606874
2012-09-13,55.473052978515625,56.248486121445374,55.17481145450512,55.95023941693245,49438183
2012-09-14,57.858985900878906,58.455474083523455,56.844964797236585,57.26250289873636,85294499
2012-09-17,58.1572265625,58.694066437181476,57.56074356896718,58.45547323976835,47257070
2012-09-18,57.32215118408203,57.79933758567228,57.0835579832869,57.56074438487716,37708440
2012-09-19,57.7993278503418,57.79932785034179,56.487065466997244,57.322141529125595,39036915
2012-09-20,57.26250076293945,57.739687146855225,57.02390757098157,57.739687146855225,26214338
2012-09-21,57.73968505859375,57.978278241922474,57.38179528360066,57.799333354425926,38992519
2012-09-24,57.14320755004883,57.68004226373666,57.08355924852796,57.68004226373666,30923766
2012-09-25,55.77128982543945,57.143205901338725,55.47304832644004,56.78531610253943,60976681
2012-09-26,53.80288314819336,54.87655757336305,53.62393827408195,54.757260990622115,89590699
2012-09-27,53.80288314819336,54.3993712423993,53.38534510860007,53.44499339997054,50856590
2012-09-28,54.87656021118164,54.87656021118164,53.98183579761679,53.98183579761679,41607350
2012-10-01,54.45901870727539,54.87655674053193,54.16077725494929,54.87655674053193,17799522
2012-10-02,54.69761657714844,54.75726487274779,53.92218355385521,54.28007850795295,31138918
2012-10-03,54.5186653137207,55.294093065816476,54.5186653137207,55.294093065816476,22482768
2012-10-04,54.3397216796875,54.57831483958721,53.86253017938695,54.39936996966242,23601783
2012-10-05,53.92219161987305,54.578328150116555,53.80289501082921,54.16079001846312,35801673
2012-10-08,52.90815734863281,53.68358511550529,52.8485090588734,53.68358511550529,34793079
2012-10-09,53.266048431396484,53.68358647024931,52.967806975073046,53.087103557602425,40911807
2012-10-11,51.29765701293945,52.49062819021804,51.17836041326179,51.894145191829736,79809842
2012-10-12,51.774845123291016,52.01343830666084,51.178356984364825,51.83449341913347,41330726
2012-10-15,52.192386627197266,52.37133152649493,51.83449682860196,52.192386627197266,21811130
2012-10-16,52.25202560424805,52.72921191723638,52.073080736877415,52.37132218249513,28736961
2012-10-17,52.13273620605469,52.72921917944156,51.953791314038625,52.490625990086805,29896958
2012-10-18,52.192386627197266,52.788869624856126,52.192386627197266,52.49062812602669,29626027
2012-10-19,51.17835235595703,51.83448873138679,51.11870406550898,51.83448873138679,61063197
2012-10-22,50.76081848144531,50.8204667767801,50.104687232762586,50.104687232762586,39183764
2012-10-23,50.52222442626953,51.059059074997535,50.28363124905709,50.760817603481975,31079723
2012-10-24,50.70116424560547,51.05905397568135,49.80643992041578,50.045033073799694,38225259
2012-10-25,50.82046127319336,51.29764758419495,50.70116469544296,50.70116469544296,32006354
2012-10-26,50.283634185791016,51.774846810962146,50.283634185791016,50.880117163658745,51194685
2012-10-29,50.10468673706055,50.88011456874129,50.10468673706055,50.70116968450728,43004127
2012-10-30,52.49062728881836,52.6695721852619,50.70117314388102,50.82046974151005,82469069
2012-10-31,52.90815734863281,54.2800731936006,52.90815734863281,54.2800731936006,100358522
2012-11-01,53.564292907714844,53.9818361506103,52.31167872053306,52.9081616668101,55173281
2012-11-02,52.8485107421875,53.92217999205525,52.8485107421875,53.92217999205525,28678905
2012-11-05,52.192386627197266,53.08711112368555,51.95379342813373,52.669573025324354,32369494
2012-11-06,53.564292907714844,53.564292907714844,52.49062360441617,52.788865077554696,37236017
2012-11-07,53.86253356933594,53.98183533729542,53.20640233831677,53.564292100690864,47173969
2012-11-08,54.220436096191406,54.220436096191406,53.02746487424507,53.56429959289494,56471021
2012-11-09,54.5186653137207,54.876555045457216,53.56428751525566,53.80288066974666,56008843
2012-11-12,53.683589935302734,54.22042977183696,53.26605186949956,54.22042977183696,46543314
2012-11-13,52.311683654785156,53.86253946138852,52.192387054277205,53.683594560626595,36790915
2012-11-14,53.564292907714844,54.16078103449341,53.38534802383173,53.86253438085336,55720836
2012-11-15,53.74323654174805,53.981834895211556,53.32569848906436,53.32569848906436,35194923
2012-11-16,53.504642486572266,54.16077888190073,53.20640102528721,53.86253224011435,35018476
2012-11-19,53.20640182495117,53.92218134279311,53.20640182495117,53.862533049639616,18182013
2012-11-20,53.62394714355469,54.04149043271145,53.44500223984556,54.04149043271145,22727517
2012-11-21,53.146751403808594,53.98183265502237,52.84850994998266,53.62393772993007,28423910
2012-11-22,53.08710479736328,53.683587723940036,53.08710479736329,53.683587723940036,18456360
2012-11-23,54.87656021118164,54.87656021118164,53.564292557451694,53.68358914592701,68938427
2012-11-26,55.3537483215332,55.89058298670661,55.23445172927244,55.473044913793956,48968037
2012-11-27,55.3537483215332,55.473044913793956,55.05550684088131,55.3537483215332,35099300
2012-11-28,55.65199661254883,55.71164491597861,54.93621697139138,55.11516188168074,53488497
2012-11-29,55.473052978515625,56.30813442624748,55.41340467371352,55.890591112130345,66076570
2012-11-30,55.59233093261719,56.24846724575853,55.53268264783167,55.77127578697373,53411088
2012-12-03,56.48707962036133,56.66602453565371,55.890591388884246,55.890591388884246,57082324
2012-12-04,56.844966888427734,57.08356009806203,56.12918207902265,56.487077073976295,54775991
2012-12-05,56.666015625,56.84496051215355,55.77128600873062,56.12917578303772,38758015
2012-12-06,56.36776351928711,56.96424636400955,56.248466950342625,56.66600494164833,37084614
2012-12-07,56.96426010131836,57.14320499788884,56.1291787368209,56.606370308177404,64379263
2012-12-10,57.32215118408203,57.38179948428081,56.48707498129908,57.32215118408203,46678779
2012-12-11,56.666015625,57.6203883564856,55.77128600873062,57.56074006076775,92445726
2012-12-12,57.02390670776367,57.5607413815424,57.023906707763665,57.501093084455874,57315690
2012-12-13,57.26250076293945,57.32214906092893,56.666017783044744,57.08355586897104,36171643
2012-12-14,54.578311920166016,56.0695190897738,54.28007048624446,56.0695190897738,138455146
2012-12-17,52.0134391784668,52.96781192794249,51.59589592006945,51.77484599109787,170930508
2012-12-18,52.729209899902344,52.729209899902344,52.31167189201187,52.49061675253636,67705575
2012-12-19,52.8485107421875,53.08710390882477,52.66956586720954,53.08710390882477,51390484
2012-12-20,52.550270080566406,52.90815983594802,52.4309734954392,52.84851154338442,46165375
2012-12-21,51.894134521484375,52.55026568479941,51.59588790311298,52.55026568479941,66240495
2012-12-24,52.3713264465332,52.49062303449334,52.07308497663288,52.49062303449334,16565531
2012-12-25,52.96780776977539,52.96780776977538,52.37132484817917,52.490621432498415,19652785
2012-12-26,52.78886032104492,53.20639834581682,52.78886032104492,53.087101767310564,17900836
2012-12-27,53.08710479736328,53.206401382678635,52.78886333407491,52.78886333407491,24808453
2012-12-28,53.02745819091797,53.683589431016614,52.848513307254706,53.683589431016614,24679818
2013-01-02,52.90815734863281,53.623936825745865,52.8485090588734,53.38534366670818,38400567
2013-01-03,53.146751403808594,53.5046411483997,52.90815824074785,53.325696276104146,37393112
2013-01-04,52.49062728881836,53.02746197814899,52.37133069118933,52.6695721852619,48551395
2013-01-07,51.774845123291016,52.49062467340049,51.71519164694693,52.49062467340049,53103728
2013-01-08,51.894134521484375,52.19237595935485,51.59588790311298,51.774837946336184,51207207
2013-01-09,52.3713264465332,52.788864504393665,52.01343668265281,52.3713264465332,31235679
2013-01-10,52.8485107421875,52.8485107421875,52.13273124227567,52.72921415886886,46190419
2013-01-11,52.8485107421875,53.50464195044001,52.8485107421875,53.385345367121374,35511389
2013-01-14,52.0134391784668,52.7888670374158,51.655544216911686,52.729218740573565,58189957
2013-01-15,50.22398376464844,51.595894555742944,50.10468717411848,51.595894555742944,121779193
2013-01-16,50.10468673706055,50.76081797925195,49.62750037910317,49.80644526333718,82251641
2013-01-17,50.045047760009766,50.88012404191481,49.92575114830905,50.701179124363726,42795806
2013-01-18,50.939762115478516,50.939762115478516,50.40292747065942,50.64152064613457,39275972
2013-01-21,50.462581634521484,50.82047143936527,50.34328503290689,50.70117483775068,19740439
2013-01-22,50.939762115478516,51.23800358482245,50.522224058397,50.58187235226579,33431591
2013-01-23,50.70116424560547,51.41694370575723,50.70116424560547,51.41694370575723,32581230
2013-01-24,49.20995330810547,49.86608967976768,49.09065672789437,49.80644138966213,101993219
2013-01-25,49.74679946899414,49.74679946899414,49.03101471557935,49.0906630133221,36907028
2013-01-28,49.8660888671875,49.98538544545464,49.68714399978679,49.68714399978679,18832021
2013-01-29,50.64152145385742,50.70116974867759,50.045038505655754,50.10468680047592,36048699
2013-01-30,50.64152145385742,50.939762927958256,50.58187315903726,50.88011463313809,24560289
2013-01-31,50.34328079223633,50.64152227115042,50.28363249645351,50.28363249645351,23491362
2013-02-01,50.462581634521484,50.70117483775068,50.164340130484995,50.40293333371419,20389309
2013-02-04,50.10468673706055,50.40292821078391,49.9853901475712,50.40292821078391,36012271
2013-02-05,49.567848205566406,49.80644136587466,49.388898154834074,49.80644136587466,35511389
2013-02-06,49.8660888671875,50.40292346938961,49.56784742151966,49.80644057805393,32738325
2013-02-18,49.3889045715332,50.581875708568674,49.32925627370652,50.581875708568674,41617595
2013-02-19,50.16433334350586,50.34327822171742,49.74679529434555,50.045036758031486,26801736
2013-02-20,50.581878662109375,50.76082356603825,50.22398885425164,50.4029337581805,28308935
2013-02-21,49.62750244140625,50.58187519698059,49.62750244140625,50.52222689975719,37361237
2013-02-22,49.62750244140625,49.62750244140625,49.269607477564115,49.269607477564115,28338532
2013-02-25,49.3889045715332,49.806447836821796,49.3889045715332,49.627502943341746,18176321
2013-02-26,48.73277282714844,49.269607502429935,48.73277282714844,49.09066261066944,45293385
2013-02-27,48.73277282714844,49.20995920517644,48.73277282714844,49.150310907922936,34790802
2013-03-01,48.67311477661133,49.329245914922055,48.374873350106455,48.7327630619123,44860806
2013-03-04,48.016990661621094,48.792418483953576,47.89769407356994,48.673121895902426,42242559
2013-03-05,47.718746185302734,48.374877378249046,47.53980131449919,48.3152290879812,54766884
2013-03-06,48.016990661621094,48.4941770138257,47.59945260344206,48.016990661621094,70930571
2013-03-07,47.957340240478516,48.613471445657574,47.838043657718686,48.076636823238346,41886250
2013-03-08,48.016990661621094,48.4941770138257,48.016990661621094,48.31523213174897,35166464
2013-03-11,48.016990661621094,48.19593554369782,47.59945260344206,48.016990661621094,25670198
2013-03-12,48.016990661621094,48.43452871980012,47.71874919149322,47.71874919149322,29117176
2013-03-13,47.718746185302734,48.3152290879812,47.718746185302734,48.016987636641964,32948923
2013-03-14,48.016990661621094,48.43452871980012,47.77839748551879,48.016990661621094,24888139
2013-03-15,48.136287689208984,48.61347404577082,48.136287689208984,48.37488086748991,43125933
2013-03-18,48.61347579956055,49.03101387661534,48.31523431594997,48.31523431594997,38325435
2013-03-19,49.62750244140625,49.92574392752323,48.792421099776945,48.97136599144713,60462139
2013-03-20,48.97135925292969,49.80644047965082,48.91171096391396,49.80644047965082,36933211
2013-03-21,48.97135925292969,49.62749561260365,48.97135925292969,49.62749561260365,27082913
2013-03-22,49.448551177978516,50.04503931634435,49.26960629061925,49.38890288219209,48063035
2013-03-25,49.150306701660156,49.925739680096186,49.150306701660156,49.806443095798535,27465404
2013-03-26,49.80644607543945,50.223984145460186,49.80644607543945,50.223984145460186,56131787
2013-03-27,49.80644607543945,50.28363244117744,49.687149484004955,50.16433584974294,38052227
2013-03-28,49.329254150390625,49.98539057874338,49.26960585513143,49.98539057874338,32825979
2013-03-29,49.68714904785156,49.80644563823887,49.388902391381706,49.80644563823887,18893493
2013-04-01,49.3889045715332,49.68715124116843,49.32925627370652,49.68715124116843,12656375
2013-04-02,49.567848205566406,49.80644136587466,49.388898154834074,49.687144785720534,16695305
2013-04-03,49.567848205566406,49.7467930757976,49.388898154834074,49.687144785720534,18459775
2013-04-08,48.19593811035156,48.6134761907664,48.13628981314944,48.6134761907664,54209084
2013-04-09,48.016990661621094,48.43452871980012,48.016990661621094,48.25558383772339,27813745
2013-04-10,48.07664108276367,48.43453086275171,48.016992786099,48.25558597275769,24880171
2013-04-11,48.016990661621094,48.25558383772339,47.59945260344206,47.957342367595515,38353894
2013-04-12,46.8836669921875,48.016989737360014,46.824018699310066,47.83804485872773,86008255
2013-04-15,45.98893737792969,46.88366166951359,45.51175108908493,46.824013383408,90265752
2013-04-16,45.929290771484375,45.98893905977134,45.03456126667891,45.39245617690168,80726228
2013-04-17,46.34683609008789,46.7047258761848,46.16789119703944,46.16789119703944,46449967
2013-04-18,45.7503547668457,45.929299666361885,45.094218288117716,45.45211326765207,51577177
2013-04-19,46.28718185424805,46.8240164645232,45.63105066391175,45.63105066391175,54959268
2013-04-22,45.86964797973633,46.287186047778484,45.75035138886714,46.287186047778484,25476675
2013-04-23,45.452110290527344,45.81000006611784,45.33281369866385,45.69070347425434,41221443
2013-04-24,46.585426330566406,46.585426330566406,45.69070192198698,45.75035021589227,36736273
2013-04-25,46.16789627075195,46.52578609617988,45.929303053800005,46.52578609617988,26243935
2013-04-26,45.452110290527344,45.988944953913084,45.33281369866385,45.92929665798134,76466455
2013-04-29,45.03456497192383,45.75034967076,45.03456497192383,45.571404791176306,54190870
2013-04-30,45.452110290527344,45.86964836204959,45.33281369866385,45.33281369866385,58429014
2013-05-02,45.571407318115234,46.16789028313591,45.213512358601136,45.69070391111937,46232539
2013-05-03,46.22753143310547,46.406476294947744,45.809993422140174,45.809993422140174,52864671
2013-05-06,46.46613311767578,46.94331950357706,46.46613311767578,46.82402290710174,39426237
2013-05-07,46.22753143310547,46.76436601863228,46.22753143310547,46.76436601863228,41457085
2013-05-08,47.59945297241211,47.5994529724121,46.406481902151725,46.645075080103496,99392048
2013-05-09,48.67311477661133,48.91170791781523,48.31522506480548,48.31522506480548,119425048
2013-05-10,48.016990661621094,48.732770189928004,47.89769407356994,48.673121895902426,81725715
2013-05-13,47.48015594482422,48.49417694175194,47.48015594482422,48.19593547206731,61010832
2013-05-14,47.241554260253906,48.01698720730362,47.06260939105038,47.897690627834606,41757614
2013-05-15,46.64506912231445,46.76436569605306,45.92928967988279,46.58542083544515,93576126
2013-05-16,46.94331359863281,47.24155505230567,46.46612727275624,46.7643687264291,77778993
2013-05-17,46.28718185424805,46.70471988446205,46.28718185424805,46.64507159443148,79072179
2013-05-20,45.98893737792969,46.58542023898563,45.8696408057185,46.287178808457654,54458386
2013-05-21,46.108238220214844,46.4661279699925,45.98894163695562,45.98894163695562,40817323
2013-05-22,46.70472717285156,46.7643754721904,46.40648567615737,46.7643754721904,36392486
2013-05-23,45.98893737792969,46.64506852509122,45.92928909182409,46.58542023898563,58853625
2013-05-24,45.86964797973633,46.22753775234389,45.690703093432546,45.92929627517092,48940717
2013-05-27,46.108238220214844,46.16788651184446,45.809996762066795,46.16788651184446,18945858
2013-05-28,45.929290771484375,46.22753221291921,45.929290771484375,46.10823563634527,22424711
2013-05-29,46.70472717285156,46.7643754721904,46.16789247880202,46.287189077479695,50790565
2013-05-30,46.0485954284668,46.64507841600471,45.988947129713004,46.34683692223575,39372734
2013-05-31,45.7503547668457,46.46613436491044,45.7503547668457,46.34683776523298,64126546
2013-06-03,45.63105392456055,45.98894369031763,45.5714056302677,45.75035051314624,33381503
2013-06-04,45.452110290527344,45.988944953913084,45.452110290527344,45.92929665798134,33338245
2013-06-05,45.21350860595703,45.75034841042055,45.21350860595703,45.75034841042055,38380077
2013-06-06,44.736324310302734,45.27316413920751,44.736324310302734,45.03456578163789,61367142
2013-06-07,44.855621337890625,45.03456622244326,44.73632474818887,44.79597304303975,42899398
2013-06-10,45.452110290527344,45.63105517832259,45.153863630366956,45.33281369866385,36015686
2013-06-11,44.736324310302734,45.4521090220086,44.736324310302734,45.4521090220086,45049775
2013-06-13,43.781951904296875,44.31878655640641,43.72230360961804,44.199489967048734,76501744
2013-06-14,43.30476379394531,44.13984252584666,42.94687401895222,44.0205459341823,59363614
2013-06-17,42.4100341796875,43.42405773724162,42.23108930310453,43.304761152852976,74433330
2013-06-18,42.64862823486328,42.76792481448591,42.35038419555614,42.41003248536745,39214500
2013-06-19,42.94687271118164,43.483709947574916,42.410035474788366,42.4696837688042,38100038
2013-06-20,42.17144775390625,42.58898845627975,42.0521511504427,42.52934015454798,49086428
2013-06-21,41.75390625,41.873202843772766,41.03812409711256,41.33636558154446,61107594
2013-06-24,41.93285369873047,42.171446900831135,41.75390879715497,41.8732053982053,34061108
2013-06-25,41.873199462890625,42.52933326591482,41.75390287874998,41.932847754960946,43047385
2013-06-26,43.54335403442383,43.66265061092905,42.4696796653759,43.12581342640508,64378125
2013-06-27,43.54335403442383,44.0205403404447,43.245110002910295,44.0205403404447,63378638
2013-06-28,44.13983917236328,44.13983917236328,43.722301133260075,44.020542589762364,43002989
2013-07-01,44.199485778808594,44.43807893491541,43.84159604464837,44.13983748978189,29770599
2013-07-02,43.72230529785156,44.6766780495638,43.72230529785156,44.6766780495638,28390897
2013-07-03,43.66265869140625,44.43808658219556,43.54336209282328,44.43808658219556,30422884
2013-07-04,43.30476379394531,44.0205459341823,43.24511549811313,44.0205459341823,22648969
2013-07-05,44.49772644042969,44.61702301638253,43.60300212078336,43.84159527268905,36705537
2013-07-08,43.781951904296875,44.49773144044292,43.781951904296875,44.49773144044292,26941755
2013-07-09,44.43808364868164,44.557380239389424,43.66265580908104,43.66265580908104,30792854
2013-07-10,45.27316665649414,45.631056441995774,44.795975095323506,44.795975095323506,54237543
2013-07-11,46.525779724121094,46.525779724121094,46.10824165164019,46.22753824377759,105421983
2013-07-12,46.525779724121094,46.645076316258496,46.28718653984629,46.525779724121094,43774803
2013-07-15,46.824012756347656,46.94330932696124,46.40647475920011,46.52577132981369,40354007
2013-07-16,46.76436996459961,47.00296313385508,46.40648021071641,47.00296313385508,32169141
2013-07-17,46.16789627075195,46.764379313131826,46.108247966513964,46.764379313131826,38841116
2013-07-18,46.525779724121094,46.7047246123272,46.04859335557149,46.46613142805239,32276147
2013-07-19,46.16789627075195,46.58543440041787,46.048599662275976,46.4064894877039,37217803
2013-07-22,46.28718185424805,46.764368174492624,46.28718185424805,46.52577501437033,30529891
2013-07-23,46.46613311767578,46.64507801238876,46.40648481943812,46.52578141591344,32627903
2013-07-24,47.122257232666016,47.30120210016782,46.70471920849512,46.88366407599693,43786186
2013-07-25,47.241554260253906,47.48015259969304,46.88366452184685,47.181905970519395,32322820
2013-07-26,47.06261444091797,47.48015769436346,46.883669552513474,47.3012076254573,22670598
2013-07-29,46.8836669921875,47.48015510146316,46.824018699310066,47.42050680858573,16401606
2013-07-30,46.94331359863281,47.062610180101956,46.704720435694526,46.88366530789824,25470984
2013-07-31,46.40648651123047,47.18191441658901,46.40648651123047,47.12226611617681,21923829
2013-08-01,45.690704345703125,46.16789072225839,45.332814563286675,46.16789072225839,42365503
2013-08-02,45.86964797973633,46.52577922951686,45.80999968430173,46.16788945690929,21144047
2013-08-05,47.122257232666016,47.122257232666016,45.98893973848787,46.227532895156955,28855352
2013-08-06,46.585426330566406,46.94331609399818,46.227536567134635,46.94331609399818,24018426
2013-08-07,45.98893737792969,46.34682709456325,45.92928909182409,46.34682709456325,27702185
2013-08-08,45.929290771484375,46.4064770777801,45.69069761833651,46.4064770777801,24222194
2013-08-09,45.51176071166992,45.929298802689466,45.392464114235764,45.69070560782116,31392774
2013-08-12,46.22753143310547,46.64506944407077,45.51175198573639,45.6310485602979,21874879
2013-08-13,47.181915283203125,47.24156358471091,46.824025474156414,47.062618680187555,48165488
2013-08-14,47.181915283203125,47.36086018772648,46.76437717264863,47.12226698169534,40703486
2013-08-15,46.824012756347656,47.12225418288162,46.70471618573407,47.002957612268034,23440135
2013-08-16,47.181915283203125,47.420513669736394,46.70472887114084,46.824025474156414,27801223
2013-08-19,47.36085510253906,47.539805168350476,46.824020446609524,47.42050857814392,29241258
2013-08-20,47.77840042114258,48.01699361190464,47.301208859116656,47.48015893269,51251604
2013-08-22,48.136287689208984,48.136287689208984,47.301206384724246,47.65910133264715,53859605
2013-08-23,48.016990661621094,48.37488042577455,48.016990661621094,48.37488042577455,37133564
2013-08-26,48.49417495727539,48.553823248771394,48.076636916803395,48.2555817912914,29442749
2013-08-27,47.718746185302734,48.43452566851689,47.65909789503488,48.3152290879812,37552483
2013-08-28,47.30120849609375,47.53980686552644,47.122263604395556,47.122263604395556,26650333
2013-08-29,47.59945297241211,47.718749561387995,47.30120631947087,47.30120631947087,22404220
2013-08-30,48.43452835083008,48.43452835083008,47.83804541511827,48.01699029583182,33480541
2013-09-02,48.67311477661133,48.7327630619123,48.25557677950451,48.43452163540743,32792966
2013-09-03,48.91171646118164,49.1503096440604,48.732771574022564,48.91171646118164,35268917
2013-09-04,48.91171646118164,49.03101305262102,48.494178391143805,48.91171646118164,32404783
2013-09-05,49.0310173034668,49.150313905248844,48.7924240999027,48.91172070168475,53238056
2013-09-06,49.448551177978516,49.50819947376493,48.91171651590073,49.03101310747357,107201252
2013-09-09,51.453216552734375,51.453216552734375,50.25041270378105,50.317238070925434,123834775
2013-09-10,51.453216552734375,52.05461847721104,50.784994537077885,51.920973018886826,62190078
2013-09-11,50.78499984741211,50.918640043745846,49.91630691545214,50.78499984741211,87374918
2013-09-12,49.98312759399414,50.31724391660339,49.64901654735007,49.64901654735007,64478198
2013-09-13,50.11677551269531,50.31724637123348,49.84948982792014,49.84948982792014,25136200
2013-09-16,50.78499984741211,50.78499984741211,50.31724333234869,50.31724333234869,35779941
2013-09-17,50.71818161010742,50.78500699364277,50.45089062789778,50.517716011433116,24125122
2013-09-18,50.71818161010742,50.98547259231707,50.65136150253794,50.71818161010742,28210828
2013-09-23,50.918636322021484,51.05228178455197,50.71817076620811,50.918636322021484,31049504
2013-09-24,51.38639450073242,51.58686533913419,51.11910884280489,51.31957440524177,26905845
2013-09-25,51.319580078125,51.319580078125,51.05228911468614,51.252759975248026,20598251
2013-09-26,50.65135955810547,51.45322719798602,50.65135955810547,51.45322719798602,24747085
2013-09-27,50.98545837402344,51.05227846295883,50.58452201251792,50.78499283125288,21389934
2013-09-30,50.71818161010742,50.78500699364277,50.250425029223464,50.65136150253794,25359734
2013-10-01,50.450889587402344,50.98547154079646,50.38406948121096,50.918646158639326,14411738
2013-10-02,50.11677551269531,50.71817753637895,50.11677551269531,50.45088657563835,24258622
2013-10-03,50.78499984741211,50.851819945578974,50.116772485917856,50.116772485917856,27251495
2013-10-04,50.71818161010742,50.78500699364277,50.31725041275881,50.45089062789778,17417030
2013-10-07,50.25041961669922,50.71817614720064,50.18359951632699,50.71817614720064,20815576
2013-10-08,50.65135955810547,50.65135955810547,50.116777614208004,50.250423100182374,21590701
2013-10-09,50.317237854003906,50.65134886039177,50.317237854003906,50.58452349353548,15331747
2013-10-11,50.384063720703125,51.31957675621806,50.384063720703125,51.31957675621806,39265416
2013-10-14,49.448551177978516,50.45088432203414,49.448551177978516,50.38406422281651,45500568
2013-10-15,49.31490707397461,49.782663609391946,48.913975915597085,49.58219803020318,46601681
2013-10-16,49.11444091796875,49.58219744789259,49.11444091796875,49.24808639451346,23861228
2013-10-17,49.24809265136719,49.38173814489124,48.71351067727097,49.181267266622186,43026170
2013-10-18,50.11677551269531,50.11677551269531,49.515373489011665,49.71584434754984,24443865
2013-10-21,50.183597564697266,50.450883231756755,50.11677219095858,50.450883231756755,20734855
2013-10-22,50.450889587402344,50.450889587402344,49.916312909973975,50.18360388667104,18367050
2013-10-23,50.317237854003906,50.985459866779635,50.317237854003906,50.65134886039177,23859158
2013-10-24,50.65135955810547,50.65135955810547,50.31724848115238,50.31724848115238,16354208
2013-10-25,50.25041961669922,50.78500152353815,50.25041961669922,50.65135604682842,19920405
2013-10-28,50.11677551269531,50.31724637123348,49.84948982792014,50.25042099306561,19746545
2013-10-29,49.448551177978516,50.1167732740156,49.381731078760886,49.84948760117988,49280985
2013-10-30,50.11677551269531,50.11677551269531,49.44855338680923,49.44855338680923,21600015
2013-10-31,49.78266143798828,50.58452899573307,49.715841339828344,50.11677248071818,35820301
2013-11-01,49.71583938598633,50.1835958826183,49.515368547454834,50.1167705111195,22575907
2013-11-04,49.448551177978516,49.515371277196145,48.98079465555952,49.515371277196145,29389557
2013-11-05,49.181270599365234,50.384074846623164,49.181270599365234,49.98313833888175,23732903
2013-11-06,49.71583938598633,49.78265948152022,49.18125751785556,49.18125751785556,19293267
2013-11-07,49.78266143798828,49.9831270084332,49.44855039525837,49.78266143798828,15009899
2013-11-08,49.3817253112793,49.78265641168919,49.31489994390127,49.44854540269276,18561607
2013-11-11,50.049949645996094,50.317240575951494,49.715838621534246,49.84948408651195,32556289
2013-11-12,49.78266143798828,50.250417953003165,49.64901596570329,50.11677248071818,24847468
2013-11-13,49.71583938598633,49.91630494855291,49.44854845192094,49.582193918953635,25889592
2013-11-14,50.384063720703125,50.71817476539201,50.25041824763454,50.51770919377171,54835186
2013-11-15,50.317237854003906,50.78499431813982,50.317237854003906,50.58452349353548,23427613
2013-11-18,50.5177116394043,50.65135711894285,50.31724605807918,50.5177116394043,23119219
2013-11-19,50.65135955810547,50.71817966310983,50.4508886911611,50.65135955810547,22351338
2013-11-20,50.65135955810547,50.78500504407984,50.18360299517801,50.78500504407984,23947123
2013-11-21,50.11677551269531,50.51771195380621,49.98313003232501,50.51771195380621,37606504
2013-11-22,49.849483489990234,50.584525624624504,49.849483489990234,50.31723997383239,29717614
2013-11-25,50.183597564697266,50.51770860549544,50.11677219095858,50.11677219095858,27246320
2013-11-26,50.450889587402344,50.58453507575088,50.18360388667104,50.38406948121096,27686144
2013-11-27,50.384063720703125,50.65135466684029,50.3172436221514,50.65135466684029,18788246
2013-11-28,50.71818161010742,50.78500699364277,50.5845361190026,50.65136150253794,24799864
2013-11-29,52.1214485168457,52.38873948451212,50.78500423044474,50.78500423044474,100582056
2013-12-02,52.255096435546875,52.990143992896876,52.255096435546875,52.65603290572846,43633645
2013-12-03,52.18827819824219,52.45556391197344,51.987807317986245,52.32192369309082,26318033
2013-12-04,52.78966522216797,53.05695085962228,52.255083395330345,52.4555489424122,42567719
2013-12-05,52.38874053955078,52.99014259092887,52.32192043427129,52.78967699912473,34213132
2013-12-06,52.45555877685547,52.9233153250518,52.38873867395549,52.38873867395549,47595166
2013-12-09,53.19060516357422,53.324250642513,52.78967400272325,52.99013958314873,46684471
2013-12-10,53.39107131958008,53.39107131958008,52.99014015440689,53.19060573699348,35776836
2013-12-11,52.255096435546875,53.92565714735476,52.255096435546875,53.725186274281064,85750156
2013-12-12,52.45555877685547,52.72284974038637,51.85415674689367,52.25509319219003,34985153
2013-12-13,52.45555877685547,52.78967511925184,52.25509319219003,52.78967511925184,23563182
2013-12-16,51.854156494140625,52.388738418596716,51.854156494140625,52.32191831602244,24836085
2013-12-17,52.18827819824219,52.58920940682207,52.18827819824219,52.522389297380755,17814424
2013-12-18,52.722843170166016,52.789668540703836,52.4555522399444,52.522377610482216,29867671
2013-12-19,52.99013137817383,53.19059692755929,52.722840461683504,53.12377683641899,23200974
2013-12-20,52.78966522216797,52.923305402912874,52.65601976545856,52.923305402912874,22011897
2013-12-23,52.78966522216797,53.12377622595923,52.65601976545856,53.12377622595923,18500549
2013-12-24,52.85648727416992,53.123778197508535,52.85648727416992,53.123778197508535,16431824
2013-12-25,52.78966522216797,53.05695085962228,52.78966522216797,52.78966522216797,14029868
2013-12-26,52.99013137817383,53.05695146931413,52.6560203705432,52.789665828788365,15051294
2013-12-27,53.39107131958008,53.45789669775257,52.856494674027346,52.99014015440689,36564380
2013-12-30,53.65836715698242,53.725187265262306,53.45790155617688,53.45790155617688,29556172
2013-12-31,53.524715423583984,53.79200637746974,53.3910699466411,53.658360900526866,24403505
2014-01-02,53.72517776489258,53.79200313732146,53.32424663417923,53.658357668428685,24237924
2014-01-03,53.05695343017578,53.391064450154374,52.99013333656597,53.05695343017578,39925670
2014-01-06,52.78966522216797,53.25742168266864,52.72283985583101,53.12377622595923,19726882
2014-01-07,52.78966522216797,53.190596316331686,52.72283985583101,53.05695085962228,21674526
2014-01-08,53.123783111572266,53.32424868463737,52.92331226254198,53.123783111572266,25493233
2014-01-09,53.79200744628906,54.1929386091187,52.85649436506604,52.923314466882516,70035504
2014-01-10,54.2597541809082,54.46021972609426,54.05928863572214,54.12610872546268,55095976
2014-01-13,54.66069030761719,54.86116114723871,54.460224743960595,54.79433577537656,53888271
2014-01-14,54.994808197021484,54.99480819702149,54.39340621278638,54.66069188002914,59664971
2014-01-15,55.66303253173828,55.66303253173828,55.19527600017717,55.328921477189674,89774805
2014-01-16,56.06396484375,56.3312505021722,55.93031937655644,56.13078493936432,66023274
2014-01-17,55.99713897705078,56.264429909074536,55.52938248399163,56.264429909074536,47407852
2014-01-20,56.93265914916992,56.93265914916992,55.86350056209129,55.997146044971814,64869383
2014-01-21,56.46489715576172,57.40041016980798,56.33125168576011,57.133119229804755,47929432
2014-01-22,56.264434814453125,56.73219134829333,55.99714385912578,56.46490039296598,39734217
2014-01-23,56.06396484375,56.464895969365756,55.93031937655644,56.19760503497864,34591898
2014-01-24,56.799007415771484,56.93265288394482,55.930319786592214,55.930319786592214,55869031
2014-01-27,56.7321891784668,57.06630022186464,56.063967091671124,56.598543705914636,67664593
2014-02-05,54.326576232910156,54.994803534273956,54.126110680483336,54.994803534273956,114899621
2014-02-06,54.72752380371094,54.727523803710945,54.12612174749886,54.326587340914315,49958832
2014-02-07,54.393409729003906,55.262097436637376,54.3934097290039,55.262097436637376,35735441
2014-02-10,54.5938720703125,54.92798311310293,54.4602265980033,54.4602265980033,33958552
2014-02-11,53.72517776489258,54.19293426803481,53.658357668428685,54.19293426803481,48465500
2014-02-12,54.994808197021484,55.06162829484091,54.05929517175912,54.05929517175912,40567296
2014-02-13,55.26209259033203,55.59620889962215,54.79433608848383,55.12844712180898,35625744
2014-02-14,55.79667282104492,56.130783844529496,55.59620726214713,55.86349291535591,47698654
2014-02-17,55.79667282104492,56.33124940342728,55.729847450769114,56.26442930911629,19968009
2014-02-18,55.99713897705078,55.99713897705078,55.52938248399163,55.79667341601539,15783989
2014-02-19,56.130794525146484,56.130794525146484,55.930328928103926,56.130794525146484,25982732
2014-02-20,55.32891845703125,55.93032043277702,55.32891845703125,55.93032043277702,23365520
2014-02-21,55.93032455444336,56.06397003400947,55.32892253437854,55.79667907487724,28629955
2014-02-24,55.26209259033203,55.9303199329473,55.195272494052986,55.86349456070329,20265020
2014-02-25,55.32891845703125,55.72984959021842,55.26209308419004,55.46256392674864,24338307
2014-02-26,55.86349105834961,55.99713651849378,55.32891449373757,55.32891449373757,27806190
2014-02-27,56.130794525146484,56.26444001516346,55.86350354511253,55.86350354511253,35648511
2014-03-03,55.529388427734375,55.99714497086114,55.0616318846076,55.99714497086114,37204970
2014-03-04,55.32891845703125,55.79667496305963,55.26209308419004,55.32891845703125,17800970
2014-03-05,55.46256637573242,55.93032290241488,55.3957409999405,55.729852051004364,16797137
2014-03-06,56.39808654785156,56.46490665611249,55.79668446963954,55.93032996212731,43010647
2014-03-07,56.598548889160156,56.932659963155594,56.33125791957757,56.665368993573004,49401031
2014-03-10,56.53172302246094,56.93265416000225,56.063966511352696,56.46489764889401,23642868
2014-03-11,56.264434814453125,56.66536597147883,56.264434814453125,56.53172576978048,21781119
2014-03-12,56.598548889160156,56.59854888916016,56.06397222596058,56.264437815164726,19773452
2014-03-13,57.534061431884766,58.001817985997924,56.799013910859635,56.799013910859635,82424052
2014-03-14,57.13312530517578,57.60088186193878,56.93265971683894,56.93265971683894,30552762
2014-03-17,57.93498992919922,57.93498992919922,57.06629704396833,57.26676260365053,33840576
2014-03-18,57.46723556518555,58.135457639488976,57.40041019217619,57.93499207239095,33541495
2014-03-19,56.999481201171875,57.60087792507858,56.93265582564987,57.40041235044301,23163719
2014-03-20,56.39808654785156,56.6653722568612,56.13079556287601,56.6653722568612,38085653
2014-03-21,56.598548889160156,56.932659963155594,56.531728784747315,56.86583985874275,24815387
2014-03-24,57.46723556518555,57.46723556518555,56.398077080721045,56.398077080721045,33204124
2014-03-25,57.26675796508789,57.73451441710165,57.26675796508789,57.46722878449693,19981463
2014-03-26,57.46723556518555,57.80134660233726,57.333590095131854,57.80134660233726,24268970
2014-03-27,57.66770553588867,57.86817111829459,57.467239953482746,57.801351016147756,21613468
2014-03-28,57.66770553588867,57.7345256380355,57.40041457537049,57.66770553588867,19988707
2014-03-31,57.66770553588867,57.66770553588867,57.06630351270548,57.60088015777641,34062040
2014-04-01,57.60088348388672,57.80135435383408,57.333597783899805,57.80135435383408,26294231
2014-04-02,57.60088348388672,57.80135435383408,57.333597783899805,57.80135435383408,29041837
2014-04-03,57.60088348388672,57.80135435383408,57.46724327187613,57.667708865857755,18871036
2014-04-07,57.66770553588867,57.66770553588867,57.19994899296457,57.53406005562958,24822631
2014-04-08,57.73453140258789,57.868176896190924,57.46724569134777,57.667711293769344,17122089
2014-04-09,57.80134582519531,57.868165921341244,57.66770035693849,57.80134582519531,15894721
2014-04-10,58.00181579589844,58.06863589712058,57.26676830262808,58.00181579589844,20436810
2014-04-11,57.534061431884766,57.73452701908596,57.266770464972794,57.73452701908596,25455978
2014-04-14,57.868167877197266,58.0018133499711,57.133120414923745,57.467236734840895,35154873
2014-04-15,58.269107818603516,58.80368446605546,58.068636959339266,58.13546233774917,52469450
2014-04-16,58.469573974609375,58.80368504203513,58.13546290718363,58.469573974609375,35541918
2014-04-17,58.73685836791992,58.80367846354356,58.53638752911916,58.80367846354356,25327653
2014-04-18,58.803680419921875,59.070971363238954,58.670034948263336,59.070971363238954,15082341
2014-04-21,58.73685836791992,59.00414402637941,58.60321290070772,58.670032996331365,8097936
2014-04-22,58.67003631591797,58.87050716606149,58.469570741739666,58.469570741739666,14119902
2014-04-23,59.204620361328125,59.33826584094705,59.00414950391704,59.13779498353596,26023092
2014-04-24,59.204620361328125,59.47191132056597,58.93732940209028,59.47191132056597,25863720
2014-04-25,58.135459899902344,59.338263901187766,57.534057899259636,59.20461842593769,46004555
2014-04-28,57.73453140258789,58.0686424986125,56.86584360811709,56.86584360811709,26956554
2014-04-29,58.67003631591797,58.73686169128755,57.934994118609104,58.135459692787414,21382690
2014-04-30,57.868167877197266,58.60321533947079,57.801347778792916,58.60321533947079,25512896
2014-05-02,59.33826446533203,59.33826446533203,58.13546045261124,58.33592602940961,39783891
2014-05-05,59.27143096923828,59.47190179453856,58.93731996169055,59.40507642745028,19693766
2014-05-06,59.4719123840332,59.80602345107233,59.13779604102857,59.4719123840332,17283530
2014-05-07,59.33826446533203,59.67237551865107,59.13779361256837,59.67237551865107,19776556
2014-05-08,59.538726806640625,59.872837841803204,59.338261240736074,59.872837841803204,17012392
2014-05-09,59.739192962646484,59.80601833591809,59.07097088572065,59.80601833591809,20800053
2014-05-12,58.60321807861328,59.739196736339366,58.60321807861328,59.739196736339366,29995996
2014-05-13,58.73685836791992,59.13778949359161,58.60321290070772,59.13778949359161,13486556
2014-05-14,58.93733215332031,59.13779774412385,58.53639569574759,59.00415225826628,24026808
2014-05-15,59.204620361328125,59.204620361328125,58.80368392247136,59.13779498353596,24701550
2014-05-16,59.33826446533203,59.40508456560973,58.93732803577001,59.204618988811355,17513274
2014-05-19,60.00648880004883,60.00648880004883,59.405086771358,59.47191215008225,23549729
2014-05-20,60.54106521606445,60.67471069703102,59.9396684656631,60.14013404913022,43343879
2014-05-21,60.140140533447266,60.74154262465732,60.140140533447266,60.54107174360995,19955591
2014-05-22,61.476585388183594,61.67705627070785,60.34060658306571,60.407431969229144,40081937
2014-05-23,62.14480209350586,62.47891313848694,61.40975462896838,61.40975462896838,38329885
2014-05-26,61.81068420410156,62.54573164998707,61.81068420410156,62.478911553072486,19675138
2014-05-27,62.01115417480469,62.01115417480469,61.27610673925506,61.877508706889756,23519717
2014-05-28,62.41209030151367,62.67938125875233,62.01115914162104,62.14480462024037,28223247
2014-05-29,62.478919982910156,62.746205682596475,61.877517925675924,62.746205682596475,23961611
2014-05-30,61.743873596191406,62.74620685974218,61.743873596191406,62.74620685974218,33976145
2014-06-03,62.14480209350586,62.74619880889272,61.81068577255962,62.27844229072617,23749461
2014-06-04,62.21162033081055,62.67937683498232,62.14480023419958,62.67937683498232,15536653
2014-06-05,62.077980041503906,62.47891648251945,61.81068908082688,62.41209110436748,18947617
2014-06-06,62.2784423828125,62.478913230869686,62.211622284103534,62.478913230869686,15162026
2014-06-09,62.478919982910156,62.47891998291016,62.21162900725812,62.34527449508414,12775593
2014-06-10,62.87984848022461,62.87984848022461,62.478917309865366,62.54573741293674,19294302
2014-06-11,62.679386138916016,62.67938613891601,62.2116295653119,62.47892054336162,15915419
2014-06-12,62.41209030151367,62.61256115742535,62.278444822894336,62.41209030151367,14131286
2014-06-13,62.2784423828125,62.41208785619557,62.211622284103534,62.41208785619557,12249874
2014-06-16,61.944339752197266,62.345276226811905,61.94433975219726,62.27845084305986,17496716
2014-06-17,62.813026428222656,63.013492007182336,61.8106879814936,62.144804314380174,28479897
2014-06-18,62.87984848022461,63.08031934136973,62.34527182775712,62.81302837715324,26885147
2014-06-19,62.74620056152344,63.080316891802234,62.74620056152344,62.946671414883774,12291269
2014-06-20,63.01349639892578,63.41443286075385,62.94667629327062,63.08032178054665,18260457
2014-06-23,65.2186279296875,65.88685530644251,63.34760182670395,63.34760182670395,70849954
2014-06-24,65.61956024169922,65.9536712711469,65.1518037452795,65.48591477472718,42563579
2014-06-25,64.48358917236328,65.82003344530345,64.48358917236328,65.61956785955553,29625509
2014-06-26,65.82003021240234,66.0205010642692,65.41909906059915,65.48591916057794,32561464
2014-06-27,65.88684844970703,66.15413409662783,65.75320298826429,66.08731400388879,29789020
2014-06-30,66.82237243652344,66.82237243652344,66.08732491521098,66.15414501898232,40293052
2014-07-01,68.1588134765625,68.1588134765625,66.82236925700165,67.15648031189187,37061122
2014-07-02,68.82703399658203,70.16347808282812,68.1588066774942,68.49291769905572,59006787
2014-07-03,69.49525451660156,69.82936553084049,68.8270324881237,69.16114350236263,31621793
2014-07-04,68.82703399658203,69.8293670612666,68.49291769905572,69.8293670612666,24956131
2014-07-07,69.1611557006836,69.1611557006836,67.8247061320465,68.15881720521438,26530183
2014-07-08,69.8293685913086,69.8293685913086,69.16114653354404,69.49525756242632,22228187
2014-07-09,70.16349029541016,70.16349029541016,69.16115705626054,69.49526813597707,24876445
2014-07-10,72.50226593017578,72.50226593017578,70.16348332842705,70.16348332842705,51648791
2014-07-11,72.83638000488281,74.8410516434351,72.16815788402052,72.83638000488281,70877896
2014-07-14,73.50460052490234,75.50927197590526,72.83637319059143,72.83637319059143,68322777
2014-07-15,74.17283630371094,74.50694739468767,72.83638666383808,73.83872521273419,51089955
2014-07-16,71.83404541015625,74.17282806312092,71.49993435629919,74.17282806312092,43609843
2014-07-17,71.16583251953125,72.16816581092027,70.16349395217625,71.49994361666091,42067872
2014-07-18,71.83404541015625,71.83404541015625,69.82937381104863,69.82937381104863,28874186
2014-07-21,73.8387222290039,73.8387222290039,72.50227264313531,72.83638372061105,31910524
2014-07-22,73.50460052490234,73.83871155407535,71.83404010307243,73.83871155407535,26027232
2014-07-23,73.50460052490234,73.50460052490234,73.50460052490234,73.50460052490234,0
2014-07-24,73.8387222290039,74.84105546143111,72.50227264313531,74.17283330647965,34373539
2014-07-25,72.16815185546875,73.83871229403996,71.49992979042625,73.17049022899747,26041720
2014-07-28,70.16349029541016,72.16816204967509,70.16349029541016,71.49993989024202,38554454
2014-07-29,70.16349029541016,71.49993989024202,68.15881854114521,70.83171773080893,51104444
2014-07-30,69.8293685913086,71.4999290116849,69.8293685913086,70.83170695392033,32299639
2014-07-31,69.1611557006836,70.16348892018722,68.49292827838225,69.82937784701934,30431681
2014-08-01,68.1588134765625,68.49292453145272,67.15648031189187,67.49059136678207,31163341
2014-08-04,70.49759674072266,70.49759674072266,68.15881406048916,68.15881406048916,23457624
2014-08-05,68.1588134765625,70.16348508186908,68.1588134765625,70.16348508186908,32398988
2014-08-06,69.1611557006836,69.1611557006836,67.49059505887863,68.15881720521438,24763643
2014-08-07,69.1611557006836,69.82937784701934,68.49292827838225,69.82937784701934,15952675
2014-08-08,68.492919921875,69.16114726264898,67.82469785706596,69.16114726264898,20075637
2014-08-11,69.49525451660156,70.16347654507942,67.15647214096441,67.49058315520334,36068672
2014-08-12,69.8293685913086,70.49759064907316,69.16114653354404,69.49525756242632,22893615
2014-08-13,70.83170318603516,71.16581419714444,69.8293648767427,69.8293648767427,27070391
2014-08-14,72.83638000488281,74.1728295225728,72.16815788402052,73.17049634127935,39717659
2014-08-15,71.83404541015625,73.17049490154976,71.49993435629919,72.83637857172741,29330568
2014-08-18,71.83404541015625,72.50226751787035,71.83404541015625,72.16815646401331,19295337
2014-08-19,72.50226593017578,73.17049329922197,71.83404383709477,72.50226593017578,22084339
2014-08-20,72.50226593017578,73.17049329922197,71.49993279055425,73.17049329922197,27782388
2014-08-21,72.50226593017578,72.50226593017578,71.83404383709477,72.50226593017578,15445584
2014-08-22,73.50460052490234,73.50460052490234,72.50226216141843,72.83637319059143,36413287
2014-08-25,73.8387222290039,74.17283330647965,73.17050007405244,73.50461115152818,26296300
2014-08-26,73.50460052490234,74.17282258324835,73.17048949572934,73.83871155407535,40670784
2014-08-27,74.84104919433594,74.84104919433594,73.50460499634517,73.50460499634517,86493200
2014-08-28,76.3378677368164,77.83469063838797,75.21525319862019,75.21525319862019,95062968
2014-08-29,76.3378677368164,77.08627918760219,75.58945628603063,76.3378677368164,37310196
2014-09-01,75.96366882324219,77.46049191101697,75.96366882324219,77.08628877705607,26675880
2014-09-02,75.21525573730469,76.33787031339168,75.21525573730469,75.96366193738595,20133960
2014-09-03,75.5894546508789,75.96365773019458,74.84104321628277,75.5894546508789,27182232
2014-09-04,74.76620483398438,75.21525275701235,74.4668413106207,75.21525275701235,39033456
2014-09-05,75.21525573730469,75.21525573730469,73.79327235002708,74.46684426125833,33714912
2014-09-09,76.3378677368164,76.3378677368164,75.21525319862019,75.58945628603063,22974336
2014-09-10,75.5894546508789,75.96365773019458,74.54167969763726,75.5894546508789,27300504
2014-09-11,74.84104919433594,75.96366379791846,74.84104919433594,75.21525757950693,15984276
2014-09-12,74.39200592041016,75.21525697481651,74.16748194630566,75.21525697481651,21420168
2014-09-15,75.5894546508789,75.5894546508789,74.24231617899177,74.39200057629692,14791392
2014-09-16,74.46685028076172,75.5894649475949,74.46685028076172,75.5894649475949,14555772
2014-09-17,75.5894546508789,75.96365773019458,74.84104321628277,74.84104321628277,25506096
2014-09-18,76.3378677368164,76.3378677368164,75.21525319862019,75.21525319862019,20102544
2014-09-19,75.5894546508789,77.08627752007118,75.5894546508789,76.71206916479072,29818404
2014-09-22,75.21525573730469,75.21525573730469,74.54168382607344,75.21525573730469,22844052
2014-09-23,75.21525573730469,75.58945883734532,74.69136823166875,75.21525573730469,14703612
2014-09-24,75.21525573730469,75.58945883734532,74.84104736129896,74.84104736129896,15553692
2014-09-25,74.84104919433594,76.71207529229521,74.54168565177828,75.58946068871269,31681188
2014-09-26,72.67066192626953,74.09264539479786,72.67066192626953,74.09264539479786,53809140
2014-09-29,73.04486846923828,73.49391114835186,72.67066008135083,73.19454760362105,35623896
2014-09-30,71.84740447998047,72.97001902086284,70.94931390246757,72.97001902086284,48605172
2014-10-01,73.64360046386719,73.7932796082196,71.47321066303213,72.22161693672548,27544440
2014-10-02,72.97001647949219,73.64358834614167,72.67065296408067,73.19454043504201,21820260
2014-10-03,74.3171615600586,74.61652510214975,73.26938652475697,73.34423136725366,22019844
2014-10-06,73.71842956542969,74.61652013188058,73.71842956542969,74.61652013188058,21054264
2014-10-07,73.04486846923828,74.09264351377871,72.59582051415944,73.79327469308265,24960936
2014-10-08,72.37129211425781,73.04486400571638,72.22160771305649,72.22160771305649,20196792
2014-10-09,73.04486846923828,73.5687559915085,72.37129653662004,73.49391114835186,22224048
2014-10-13,71.69770812988281,72.37127990773318,71.09898117799185,71.09898117799185,32811240
2014-10-14,71.84740447998047,71.92224404244864,71.09899302740392,71.54804095414283,30134412
2014-10-15,69.97639465332031,71.6228970638048,69.15314344807805,71.47321790428775,76258644
2014-10-16,69.0034408569336,69.90153668160036,67.80598679199758,69.60217316536637,48216168
2014-10-17,66.60853576660156,69.45249743981597,66.60853576660156,69.22797345561939,60435144
2014-10-20,69.7518539428711,69.90153834252712,67.95566752682322,68.10535192647924,32176452
2014-10-21,69.97639465332031,70.79964585856256,69.60219147856152,70.35059782807909,33695508
2014-10-22,70.3505859375,71.47320582396468,70.3505859375,71.09899743648803,31264464
2014-10-23,71.0989990234375,71.0989990234375,70.50027192126942,71.0989990234375,20802936
2014-10-24,69.7518539428711,71.32351639741738,69.67701438102553,71.09899243591578,21026544
2014-10-27,70.3505859375,70.72479432497664,69.82669841580491,69.97638282598862,19177620
2014-10-28,71.47320556640625,71.69772426692485,71.09899718027809,71.09899718027809,25287108
2014-10-29,71.0989990234375,71.99709495265499,70.94931988587817,71.84741053913028,26194476
2014-10-30,71.24868774414062,71.47321174001809,70.87447932568963,71.0990033215671,14610288
2014-10-31,71.84740447998047,71.99708888088175,71.09899302740392,71.39835655324156,25712148
2014-11-03,73.41907501220703,73.86812298827093,72.22161550135846,72.59582390673354,34832952
2014-11-04,72.97001647949219,73.8681123016915,72.8951769196305,73.8681123016915,17660412
2014-11-05,73.49391174316406,73.71843572252062,72.89518464885674,73.71843572252062,14782152
2014-11-06,71.77256774902344,73.26938543726281,71.69772290763761,72.74549792738775,24501708
2014-11-07,72.07192993164062,72.22160905966787,71.17383405961704,71.2486788995957,16526664
2014-11-10,73.56875610351562,73.64359567082096,71.24868203336308,71.24868203336308,32189388
2014-11-11,73.11970520019531,73.79327183072138,72.97002079565338,73.79327183072138,21031164
2014-11-12,71.84740447998047,74.09263883771013,71.69772007907919,73.41906694760175,35973168
2014-11-13,73.34423828125,73.34423828125,71.99709957686548,72.2216182976248,22782144
2014-11-14,72.44613647460938,73.41907195693815,72.22161249592078,73.34423238936371,31440948
2014-11-17,71.54804992675781,73.19455216332992,71.54804992675781,72.59582503657018,33624360
2014-11-18,71.47320556640625,72.29645662953686,71.09899718027809,71.54804513324578,23146200
2014-11-19,71.84740447998047,72.59581593255702,71.54804095414283,71.92224404244864,35586012
2014-11-20,72.37129211425781,72.59581607807733,71.9970890252019,71.9970890252019,26016144
2014-11-21,72.07192993164062,72.97002052769916,71.997090367627,72.89518096368555,27041784
2014-11-24,72.22160339355469,72.5209721780524,72.07192427727045,72.44612734394566,17373972
2014-11-25,72.14678192138672,72.52099035783425,71.9222579147114,72.22162149828985,27628524
2014-11-26,72.82035064697266,73.34423821352543,72.22161823093684,72.22161823093684,27732012
2014-11-27,72.67066192626953,73.26938903093125,72.67066192626953,72.82034634041766,24972024
2014-11-28,72.5958251953125,72.9700283313642,72.52098562329527,72.67066476732973,26166756
2014-12-01,71.32351684570312,72.22160742138934,69.82669394359452,69.90153878187539,37381344
2014-12-02,69.3776626586914,70.94932538057463,69.30282308411576,70.72480138088191,54387564
2014-12-03,70.72479248046875,70.72479248046875,69.30281436265247,69.60217789924721,32980332
2014-12-04,71.32351684570312,71.47320124629995,70.35058143173603,70.72478979524564,21523656
2014-12-05,69.7518539428711,70.94931331222463,69.60217481917995,70.94931331222463,42784896
2014-12-08,68.77892303466797,70.20090107350819,68.5543990757006,69.90153755353998,45386880
2014-12-09,67.35694885253906,68.47956352362218,67.28210928139099,67.80599683135853,74055828
2014-12-10,67.05757904052734,67.73115094596268,66.8330550720489,67.2821030090058,50515080
2014-12-11,67.28211212158203,68.03052369255211,67.20727254727475,67.35695169588931,50308104
2014-12-12,67.05757904052734,67.80599051013381,67.05757904052734,67.35694257317692,37125396
2014-12-15,65.63558959960938,66.68336442080977,65.63558959960938,66.53368004236793,52412976
2014-12-16,64.36329650878906,65.63559537155514,64.36329650878906,64.96202352327971,79213596
2014-12-17,63.09099578857422,64.36329461388281,63.09099578857422,64.36329461388281,93944004
2014-12-18,63.465206146240234,64.51298106220926,63.31552175425983,63.83940921224434,48943356
2014-12-19,64.0639419555664,64.66266905373932,63.76457840647995,64.51298991717877,42672168
2014-12-22,65.8601303100586,65.8601303100586,64.51299166469579,64.73751037561837,40557132
2014-12-23,65.33623504638672,65.93496209003723,65.18655064749167,65.86012252857213,18802476
2014-12-24,65.71044158935547,65.7852811547609,65.1865540795872,65.1865540795872,16450896
2014-12-25,65.71044158935547,65.86012599613146,65.48591761717404,65.71044158935547,10463376
2014-12-26,65.8601303100586,65.8601303100586,65.48592190659002,65.71044589347807,11592504
2014-12-29,65.71044158935547,66.23432909912374,65.56075718257948,66.00980512694233,25219656
2014-12-30,65.71044158935547,66.15948953371831,65.71044158935547,65.86012599613146,18030012
2014-12-31,65.78528594970703,65.86013079653287,65.26139840175372,65.71044637884671,15889104
2015-01-05,65.26139831542969,65.71044629192869,65.03687960314569,65.71044629192869,23308824
2015-01-06,63.24070358276367,64.36331843638241,63.24070358276367,64.36331843638241,60587604
2015-01-07,63.764583587646484,64.2136263097803,63.09101159049712,63.09101159049712,31148964
2015-01-08,65.03687286376953,65.11171242677568,64.13877700383574,64.28846140581302,28348320
2015-01-09,64.73751068115234,65.71044620360391,64.73751068115234,65.33624307433473,20894412
2015-01-12,64.13877868652344,65.2613932649276,64.13877868652344,64.73750575821032,21078288
2015-01-13,64.58782958984375,64.58782958984375,63.61489409676633,63.61489409676633,24245760
2015-01-14,63.83942413330078,64.73751486719829,63.76458455780078,64.73751486719829,20624604
2015-01-15,63.465206146240234,64.13877272024055,63.39036131226773,63.83940921224434,28715148
2015-01-16,62.94131851196289,63.54004552627832,62.86647367820001,63.46520596848004,38453184
2015-01-19,62.641963958740234,63.540059960191634,62.11807638321552,63.016172384666916,27467748
2015-01-20,63.39037322998047,63.614897222180424,62.34259811702439,62.64196168130246,25569852
2015-01-21,63.83942413330078,63.98910856026662,63.390376128369105,63.76458455780078,28552524
2015-01-22,63.98910140991211,64.13878054418646,63.46521388802137,64.06394097704928,22399608
2015-01-23,65.71044158935547,65.71044158935547,64.13877906005064,64.21361862545606,65960664
2015-01-26,66.45885467529297,66.68337865289328,65.26139522007968,65.71044317528032,58836624
2015-01-27,66.45885467529297,66.90789735452834,65.71044317528032,66.90789735452834,36498000
2015-01-28,65.78528594970703,66.30917349766032,65.78528594970703,66.2343339268,25221504
2015-01-29,64.88719177246094,65.71044283542743,64.73750736284646,65.71044283542743,30256380
2015-01-30,64.88719177246094,65.63560326860282,64.88719177246094,65.63560326860282,23878008
2015-02-02,64.73751068115234,65.33624307433473,64.2136231345962,65.2613982277085,27736632
2015-02-03,65.41107940673828,65.71044295052636,64.58782834232977,64.73750747624118,22140888
2015-02-04,65.48591613769531,66.15948803902204,65.48591613769531,65.63560054108959,33230736
2015-02-05,65.33623504638672,65.56075373078203,64.96202668713151,65.56075373078203,18909660
2015-02-06,65.33623504638672,65.63559856821198,64.96202668713151,65.63559856821198,15416940
2015-02-09,65.1117172241211,65.4110807741674,65.03687765560085,65.4110807741674,15176700
2015-02-10,63.98910140991211,64.887192043454,63.98910140991211,64.73750763321438,34265616
2015-02-11,63.465206146240234,63.98909360422475,63.39036131226773,63.61488526225603,38997420
2015-02-12,64.51298522949219,64.66266435517666,63.24068628134938,63.76457377317495,36920268
2015-02-13,64.21363067626953,64.66267870490411,64.13879109681913,64.36331511113643,25619748
2015-02-24,64.21363067626953,64.96204229867179,64.21363067626953,64.43815469058681,53257512
2015-02-25,64.58782958984375,64.73750872664623,63.98910249070319,64.2136211959069,25347168
2015-02-26,65.18655395507812,65.63560189858326,64.43814247455792,64.73750601157298,38978940
2015-03-02,65.18655395507812,66.15948940735089,65.11171438981563,65.63560189858326,29402604
2015-03-03,64.58782958984375,65.4859202385546,64.51299002144252,65.18655668898431,19361496
2015-03-04,66.08464813232422,66.45885653076071,64.8871939196444,65.11171790351322,56449932
2015-03-05,66.23433685302734,66.90790357245942,65.63560970776201,66.30917642719407,52476732
2015-03-06,66.45885467529297,66.68337865289328,65.86012758566895,66.23433069769264,33571692
2015-03-09,65.71044158935547,66.30916866452918,65.71044158935547,66.15948953371831,19914972
2015-03-10,65.18655395507812,66.00980500086081,65.18655395507812,65.78528102910823,21674268
2015-03-11,65.33623504638672,65.86012252857213,64.66266316530626,64.73750272677135,28729932
2015-03-12,65.18655395507812,65.71044146384575,65.11171438981563,65.11171438981563,34865292
2015-03-13,65.8601303100586,66.3091730078692,65.33624276597499,65.33624276597499,28796460
2015-03-16,65.33623504638672,66.15948605039739,65.33623504638672,65.86012252857213,33573540
2015-03-17,65.33623504638672,66.00980165150233,65.33623504638672,65.33623504638672,28448112
2015-03-18,65.78528594970703,66.08464950911385,65.33624324857956,65.33624324857956,36242976
2015-03-19,68.1801986694336,68.25504351512711,66.08464850932383,66.08464850932383,120971928
2015-03-20,69.6021728515625,69.97637592617671,68.1053500011762,68.40471351606051,107852976
2015-03-23,69.97639465332031,70.87448543832109,69.67703105832005,69.97639465332031,72109884
2015-03-24,69.82670593261719,70.64996236330286,69.60218720712017,70.12607478521151,45345300
2015-03-25,70.64995574951172,70.94931929811575,69.90154424001896,70.35058692494236,43284780
2015-03-26,70.64995574951172,70.64995574951172,69.60218069141494,70.27574735678269,43623888
2015-03-27,69.6021728515625,70.64994779163996,69.15312494125367,70.64994779163996,48414828
2015-03-30,70.3505859375,70.79963389208586,69.97638282598862,70.3505859375,38992800
2015-03-31,68.55439758300781,71.02415052594317,68.10534967485057,70.72478701249325,101265780
2015-04-01,68.62924194335938,69.22796901214335,67.7311513401834,68.55440237875264,37494072
2015-04-02,69.7518539428711,69.97637790437268,69.22796645802234,69.5273299813695,38727612
2015-04-07,70.05122375488281,70.27574773654045,69.45249665443933,70.20090816797637,22234212
2015-04-08,70.12606811523438,70.3505868193765,69.3028170388173,70.3505868193765,29445108
2015-04-09,69.6021728515625,70.20089988133113,69.30280933667818,70.12606032160123,31403988
2015-04-10,69.67701721191406,70.20090471804771,69.30281411151793,70.20090471804771,28247604
2015-04-13,69.52732849121094,69.97637640458981,69.30280981048627,69.75185244790038,17920980
2015-04-14,70.20091247558594,70.20091247558594,69.30282176981282,69.60218533840386,27583248
2015-04-15,68.92860412597656,70.275742642304,68.70408016059449,69.9763791137829,44381568
2015-04-16,69.82670593261719,69.90155078374868,69.30282363049166,69.52734235598868,22712844
2015-04-17,69.07829284667969,69.82669907678691,69.00344800289673,69.82669907678691,22677732
2015-04-20,69.45250701904297,69.75187061393963,68.40473179892159,68.40473179892159,23638692
2015-04-21,68.92860412597656,69.75185514840084,68.85376456283753,69.45249161987974,20777988
2015-04-22,68.85376739501953,69.6021788850894,68.70408298661948,68.70408298661948,25317600
2015-04-23,69.82670593261719,70.35059351070853,69.22797877936016,69.22797877936016,52587612
2015-04-24,70.79962921142578,71.32351669848596,70.20090216220413,70.35058128652709,80965500
2015-04-27,70.87447357177734,71.39836109430462,70.79963400454923,71.17383711665504,41227956
2015-04-28,70.05122375488281,71.39836236886333,69.82669977322517,71.09899881864159,45984708
2015-04-29,68.92860412597656,70.20090307916497,68.85376456283753,70.05121867692193,39313428
2015-04-30,68.85376739501953,69.67701845130684,68.77892782880211,68.92860696123697,29472828
2015-05-04,69.67701721191406,69.75185677680028,69.07829014089421,69.60217764702786,21150360
2015-05-05,69.67701721191406,70.20090471804771,69.15312970578043,69.97638074742399,17974572
2015-05-06,69.6021728515625,69.90153636644682,69.15312494125367,69.45248845613797,20561772
2015-05-07,68.92860412597656,69.60217602212276,68.92860412597656,69.60217602212276,22205568
2015-05-08,69.3776626586914,69.82670538211106,69.00345423388163,69.07829908442305,26128872
2015-05-11,69.7518539428711,70.27574142771985,69.0782873343312,70.20090186587429,27005748
2015-05-12,69.3776626586914,69.90155023265248,69.22797823357433,69.45250223326705,14068824
2015-05-13,70.72479248046875,70.72479248046875,69.67701746440461,69.97638100099935,38297028
2015-05-14,70.12606811523438,70.72479521154402,69.90154413512694,70.72479521154402,23926980
2015-05-15,69.67701721191406,70.27574428293391,69.52733280617656,70.1260651531615,19802244
2015-05-18,72.44613647460938,72.44613647460938,71.17383744601757,71.2486822895573,115527720
2015-05-19,73.64360046386719,74.01780360071386,73.19455247887869,73.19455247887869,91820652
2015-05-20,72.97001647949219,73.71842790600337,72.59581340421897,73.71842790600337,41027448
2015-05-21,72.5958251953125,72.89518875934698,72.2216167832952,72.5958251953125,40099752
2015-05-22,72.22160339355469,73.2693783114028,72.07192427727045,72.74549085247875,31240440
2015-05-25,72.52098083496094,73.11970792349781,72.29645685776829,72.97002351338097,27196092
2015-05-26,72.89517974853516,73.56875164132451,72.8203401857691,73.19454327556433,20968332
2015-05-27,72.89517974853516,73.3442276770614,72.59581622150598,73.19454327556433,27550908
2015-05-28,73.56875610351562,74.01779878331286,73.34423212563438,73.56875610351562,50204616
2015-05-29,74.16748046875,74.317159597861,73.5687534003759,73.86811693456295,78316392
2015-06-01,72.82035064697266,74.16748935011326,72.82035064697266,74.16748935011326,33153120
2015-06-02,73.19454956054688,73.56875795843914,72.37129847153545,72.59582245507774,33017292
2015-06-03,72.5958251953125,73.3442367433815,72.44614077531246,72.9700283313642,21731556
2015-06-04,70.72479248046875,72.6706581063171,70.64995291531135,72.5958185411597,53763864
2015-06-05,70.57511138916016,71.39836247245574,69.97638428784798,70.35058740717675,38329368
2015-06-08,71.02415466308594,71.3983577577044,70.20090363415328,70.87447025965953,28456428
2015-06-09,69.7518539428711,71.09899243591578,69.67701438102553,71.02415287407021,25554144
2015-06-10,71.54804992675781,71.54804992675781,70.72479880847176,71.0990019437052,33604032
2015-06-11,71.69770812988281,72.37127990773318,70.724778152051,72.0719164317877,34788600
2015-06-12,71.0989990234375,71.69772612560557,71.02415945465783,71.69772612560557,14254548
2015-06-15,70.3505859375,71.17383700359726,70.3505859375,70.72479432497664,17541216
2015-06-16,70.94931030273438,71.02414986140545,70.05121449482296,71.02414986140545,21057960
2015-06-17,70.64995574951172,71.0989984344351,70.27574735678269,71.0989984344351,24313212
2015-06-18,70.79962921142578,71.09899273603662,70.35058128652709,70.79962921142578,23671032
2015-06-22,72.74549865722656,72.82034349936328,71.47320492844975,71.47320492844975,36437940
2015-06-23,72.67066192626953,73.5687578592275,72.59582235717816,73.11970989274852,29081976
2015-06-24,73.04486846923828,73.11970803642966,72.52098094696807,72.52098094696807,21166068
2015-06-25,74.09264373779297,74.61652598568186,73.64359578135648,73.94295932699238,70828296
2015-06-26,74.24231719970703,74.31715676140614,73.71842971588359,74.31715676140614,40846344
2015-06-29,72.52098083496094,73.41907146776626,72.29645685776829,73.41907146776626,33812856
2015-06-30,72.5958251953125,72.89518875934698,72.2216167832952,72.52098562329527,24798312
2015-07-01,73.34423828125,73.56876227797504,72.59582671748844,72.89519028779992,23293116
2015-07-02,73.34423828125,73.56876227797504,73.04487471093852,73.26939343169785,15847524
2015-07-03,72.82035064697266,73.11971421700771,72.59582665045494,73.11971421700771,11482548
2015-07-06,72.07192993164062,72.82034139967193,71.77256639962111,72.07192993164062,20230056
2015-07-07,72.82035064697266,73.19455379052505,72.5209870769376,72.97002979400733,15357804
2015-07-08,70.72479248046875,72.89518207775443,70.3505841027515,72.82034251259702,46826472
2015-07-09,69.90153503417969,70.57510161084058,68.47955177062514,68.47955177062514,39412296
2015-07-10,69.90153503417969,69.90153503417969,69.90153503417969,69.90153503417969,0
2015-07-13,71.9970932006836,71.9970932006836,70.6499546156039,70.72479418256242,28473984
2015-07-14,70.87447357177734,72.74549968423686,70.87447357177734,72.44613613935917,34069728
2015-07-15,71.62288665771484,71.84741064033548,70.79963557208276,71.7725710714504,21410004
2015-07-16,71.84740447998047,72.22160756828629,71.32351699077337,72.22160756828629,16024008
2015-07-17,71.17384338378906,71.92225494986647,71.17384338378906,71.84741537604845,18407928
2015-07-20,71.17384338378906,71.92225494986647,71.02416423615301,71.77257580223042,14398692
2015-07-21,72.07192993164062,72.07192993164062,71.17383405961704,71.69772155964245,14443044
2015-07-22,70.94931030273438,71.69771644137435,70.87446546809865,71.0989894200765,26535432
2015-07-23,67.73114013671875,70.57509588100407,67.73114013671875,69.97636891125603,73660356
2015-07-24,67.73114013671875,68.47954621092171,66.98272878655159,67.88081924117365,38347848
2015-07-27,67.4317855834961,68.18019709135065,67.35694601550023,67.65630956344899,24139500
2015-07-28,67.35694885253906,68.10536039191632,67.35694885253906,67.43178842368712,25552296
2015-07-29,68.47956085205078,68.47956085205078,65.48592008729725,67.35694622476387,46779348
2015-07-30,68.030517578125,68.92860821699131,67.73115403183623,68.4795602595755,26776596
2015-07-31,67.8808364868164,68.3298844661936,67.5814729258868,68.18020004774601,25667796
2015-08-03,66.75821685791016,68.10535542005859,66.08464493885336,68.10535542005859,31193316
2015-08-04,66.98274230957031,67.58146940019424,65.93496726299581,66.75821833159503,29992116
2015-08-05,66.60853576660156,66.98274416558434,66.30917221299458,66.30917221299458,27400296
2015-08-06,66.23433685302734,67.05758799675863,65.93497328039469,66.60853999982675,29049636
2015-08-07,66.23433685302734,66.53370042566002,65.56076485762954,66.0098128545614,20273484
2015-08-10,66.23433685302734,66.75822442412596,65.71044928192875,66.23433685302734,18748884
2015-08-11,66.23433685302734,67.73115999215644,66.15949727886061,67.35695156939128,34841268
2015-08-12,64.73751068115234,66.00980976221234,64.73751068115234,65.4859222156562,39327288
2015-08-13,65.41107940673828,65.48591897369398,64.66266790928547,64.73750747624118,27375348
2015-08-14,66.3840103149414,66.90789784116409,65.93496763244003,65.93496763244003,32549748
2015-08-17,66.00981140136719,66.60853853345165,65.8601322563289,66.60853853345165,16972956
2015-08-18,66.08464813232422,66.8330596532318,66.00980856302307,66.60853566936298,16821420
2015-08-19,65.9349594116211,66.4588468725251,65.56075106756701,66.084638528471,27691356
2015-08-20,65.41107940673828,66.15949090419109,65.18655542990592,65.63560338357065,25426632
2015-08-21,63.98910140991211,65.26139515510512,63.98910140991211,64.58782849894003,42128856
2015-08-24,61.0703010559082,63.540054287473765,58.30117899994197,62.11807083744923,81396084
2015-08-25,63.61488342285156,63.61488342285156,60.62124315348506,60.62124315348506,53887680
2015-08-26,62.492271423339844,63.39036195645507,62.19290791230144,62.86647449314669,53853492
2015-08-27,63.315528869628906,63.83941638648765,62.8664809191885,62.8664809191885,63393792
2015-08-28,66.30916595458984,66.75821388060089,64.5129848024755,65.03687229083341,59708880
2015-08-31,69.22796630859375,69.22796630859375,66.45884976663595,66.98273725035389,57226092
2015-09-01,67.20726776123047,68.47956153771317,66.90789893338885,68.47956153771317,55938036
2015-09-02,67.80599975585938,68.25504775404647,66.68338503635742,66.90790375948521,95802168
2015-09-03,65.93121337890625,66.55987617036546,65.61687670721244,66.00979358985654,90321440
2015-09-04,65.2239761352539,66.24555598219013,65.2239761352539,66.00980475752596,37604160
2015-09-07,65.14539337158203,65.77405629580768,64.90964213701476,65.14539337158203,16588880
2015-09-08,65.06681823730469,65.53831546738155,64.98823272764234,65.1453984710013,12614800
2015-09-09,67.18855285644531,67.18855285644531,65.77405600717935,65.77405600717935,36988160
2015-09-10,66.48130798339844,66.79564473688981,66.24556201323688,66.79564473688981,27099600
2015-09-11,66.55988311767578,66.71704883194504,66.16696619402025,66.48129762255877,24239600
2015-09-14,66.87422180175781,67.10997303672201,66.24555887647375,66.79564157407998,17976640
2015-09-15,66.55988311767578,67.10996575560058,66.24555168913726,67.03138026048356,20333280
2015-09-16,66.79563903808594,66.95280476343993,66.4027220867184,66.95280476343993,21574080
2015-09-17,67.18855285644531,67.89580128107829,67.03138712607857,67.34571858681205,29369120
2015-09-18,67.18855285644531,67.5028843171788,66.79564116851111,67.18855285644531,31738960
2015-09-21,66.16697692871094,66.71705965587917,66.00981118894367,66.5598939161119,22477840
2015-09-22,66.87422180175781,66.87422180175781,66.40272460779477,66.40272460779477,16287920
2015-09-23,66.08838653564453,66.48129818666926,65.93122082004169,66.3241324710664,24931280
2015-09-24,65.69547271728516,66.48130133248387,64.98822432562378,66.32413560944413,19214800
2015-09-25,66.24555969238281,66.55989115889629,65.61689148339046,66.00980845451501,16671600
2015-09-29,66.24555969238281,66.24555969238281,66.24555969238281,66.24555969238281,0
2015-09-30,67.26714324951172,67.26714324951172,65.69548055562898,65.93123180629938,41803520
2015-10-01,67.50288391113281,67.58146941382611,66.55988953460471,66.71705526402606,23848000
2015-10-02,67.34571075439453,67.81721316662355,66.87421361813021,67.73862767259715,19199840
2015-10-05,67.58146667480469,67.73863239785624,66.71705256003862,67.73863239785624,19122400
2015-10-06,67.89579772949219,68.28871467283845,67.66005178425645,67.97438322854745,22110000
2015-10-07,68.28870391845703,68.28870391845703,67.58145564220008,67.7386213395945,23944800
2015-10-08,68.13155364990234,68.76021658184484,67.8958024124412,68.68163635333472,19018560
2015-10-12,69.23170471191406,69.54604141267471,68.83879306890148,68.99595878129945,40450960
2015-10-13,68.76020812988281,69.38887626051522,68.36729120773315,69.31029076569939,26038320
2015-10-14,67.6600570678711,68.76021720880176,67.58147156267904,68.76021720880176,26818880
2015-10-15,68.13155364990234,69.1531335522916,68.13155364990234,68.60305084885923,36604480
2015-10-16,68.99595642089844,68.99595642089844,68.52445929983476,68.83879071387722,20126480
2015-10-19,68.9173812866211,69.31029825120575,68.28871836405789,69.31029825120575,22378400
2015-10-20,68.44588470458984,69.15313313675809,68.28871897254861,69.07454763275479,19260560
2015-10-21,67.89579772949219,68.99596306047572,67.81721750640196,68.76021183927496,16280880
2015-10-22,68.05296325683594,68.05296325683594,67.50288059291879,67.73863181344471,20278720
2015-10-23,68.68163299560547,68.99596444620958,68.36729626903622,68.99596444620958,22953920
2015-10-26,69.70321655273438,69.70321655273438,69.31029958061337,69.62463104792401,30552720
2015-10-27,69.6246337890625,69.93896526874845,68.76021958194333,69.93896526874845,32296000
2015-10-28,69.15312957763672,69.54604652550013,68.7602126297733,69.38888080154778,17717040
2015-10-29,68.21013641357422,69.38888736872507,68.05297067474721,69.15313612250178,26143920
2015-10-30,68.05296325683594,68.6816314195834,67.5814660917491,68.36729470022716,22265760
2015-11-02,68.68163299560547,68.68163299560547,67.73863336782797,68.5244672703034,14264800
2015-11-03,68.99595642089844,69.15312212791966,68.21012260982779,68.83879071387722,22444400
2015-11-04,69.70321655273438,69.93896251523466,68.99596811330272,69.31029958061337,36727680
2015-11-05,69.310302734375,69.70321972437453,69.310302734375,69.70321972437453,17424000
2015-11-06,68.05296325683594,69.54604552689177,67.97438303397064,69.07454308583993,31685280
2015-11-09,67.58146667480469,68.2887150665192,67.42430095175314,67.97438362041609,19628400
2015-11-10,66.40271759033203,67.10996594451701,66.40271759033203,66.8742147344671,34258400
2015-11-11,65.5383071899414,66.79563825397878,65.22397574292333,66.00980436046852,40119200
2015-11-12,65.93121337890625,66.24554477463585,65.53829649626213,65.61687670721244,19453280
2015-11-13,65.69547271728516,66.55988683198628,65.38114127120566,65.61688721778275,23897280
2015-11-16,65.06681823730469,65.61689570107815,64.90964721798,64.98823272764234,31211840
2015-11-17,66.79563903808594,67.10997048879392,66.16697086070485,66.4027220867184,32819600
2015-11-18,66.63845825195312,67.18854084790364,66.16696114512311,67.18854084790364,23150160
2015-11-19,67.18855285644531,67.26713835961134,66.48130443181233,67.18855285644531,15979040
2015-11-20,67.58146667480469,67.81721789736454,67.26713522870158,67.81721789736454,21341760
2015-11-23,67.18855285644531,67.81722105387757,66.95280689887785,67.66005532351083,15279440
2015-11-24,66.24555969238281,67.18855409192324,66.24555969238281,66.95280813002083,16303760
2015-11-25,66.24555969238281,66.48130565428522,65.7740572166472,66.00980845451501,15150080
2015-11-26,67.10997009277344,67.58146726605307,66.6384676435287,66.79563864392036,16410240
2015-11-27,66.79563903808594,67.10997048879392,66.24555636136441,66.87421926278037,11050160
2015-11-30,66.00981140136719,66.63847436245932,65.22398270000204,65.45972867242877,59221360
2015-12-01,67.58146667480469,67.58146667480469,66.40272111393551,66.87421828309017,32343520
2015-12-02,67.34571075439453,67.73862767259715,66.87421361813021,67.66004745453543,18297840
2015-12-03,66.55988311767578,67.03138026048356,66.48129762255877,66.48129762255877,12401840
2015-12-04,66.16697692871094,66.3241426684782,65.85264544917642,66.16697692871094,17750480
2015-12-07,66.55988311767578,67.4242971841391,66.48129762255877,66.48129762255877,15852320
2015-12-08,65.93121337890625,66.71704186823025,65.93121337890625,66.71704186823025,21806400
2015-12-09,65.45972442626953,66.24555835262584,65.38114419921307,65.93122689246943,17669520
2015-12-10,65.14539337158203,65.45972483369486,64.83106190946921,65.22397887509291,25659920
2015-12-11,65.30255889892578,66.00980732445602,65.06681294105924,65.93122709715561,31803200
2015-12-14,63.49515151977539,63.888063215388335,63.023649043495226,63.65231725321365,36296480
2015-12-15,62.866485595703125,63.88806553817623,62.552154117398416,63.57373405987152,44886160
2015-12-16,63.023651123046875,64.04523106208667,62.70931964579857,64.04523106208667,27146240
2015-12-17,64.75247955322266,64.75247955322266,63.02365115160791,63.25940239763377,23724800
2015-12-18,63.80949020385742,64.20240721987685,63.57373893905257,63.96665595507199,26012800
2015-12-21,63.966644287109375,64.4381414547487,63.102230175121406,63.25939589766785,15584800
2015-12-22,63.416561126708984,64.20239500929092,63.259395405385604,63.96664378932334,16114560
2015-12-23,63.888057708740234,64.2023944244888,63.49514604699319,63.652311766885,15779280
2015-12-24,64.12380981445312,64.35956103553765,63.96664409238512,64.20239531346964,10163120
2015-12-25,64.12380981445312,64.28097553652113,63.73089287130059,64.04522431543661,6945840
2015-12-28,63.652313232421875,64.28097612646349,63.65231323242187,64.04522490321536,10907600
2015-12-29,63.416561126708984,63.809478067999954,63.33798090402979,63.65231234667657,15620000
2015-12-30,63.573734283447266,63.809485530987686,63.337988311872465,63.730900023152344,12463440
2015-12-31,63.49515151977539,63.80948298665191,63.18081477693348,63.57373174851182,12002320
2016-01-04,62.080650329589844,63.809478553259524,61.76631888455264,63.809478553259524,30756880
2016-01-05,62.159236907958984,63.1022366154469,61.923490938061185,62.08065667664824,26388560
2016-01-06,62.080650329589844,62.15923055286663,60.74473905019919,61.530567662792215,37337520
2016-01-07,61.53056716918945,61.687732890447265,60.5089873430312,60.90190428415822,35362800
2016-01-08,61.29481506347656,61.53056627993866,60.66615218753088,60.66615218753088,24209680
2016-01-11,59.25166320800781,60.666160140277384,59.17308297619596,60.587574632499916,45438800
2016-01-12,59.95891189575195,60.11607763592217,59.25166342700316,59.723160647513815,27315200
2016-01-13,60.194664001464844,60.74474673787936,59.95891274986842,60.508995486282934,19923200
2016-01-14,59.72315216064453,59.72315216064453,58.62299213578961,59.17307478619951,20396640
2016-01-15,59.173072814941406,60.19465258482823,58.38723897597326,59.95890137794485,34723920
2016-01-18,58.85874938964844,59.173086161714686,57.44425765719685,57.601423405247026,23231120
2016-01-19,59.173072814941406,59.48740424014278,58.701570401174635,59.33023852754209,17548080
2016-01-20,57.444244384765625,58.85873579040049,57.444244384765625,58.85873579040049,28482960
2016-01-21,57.129920959472656,58.230086473221405,57.129920959472656,57.601423480202634,27078480
2016-01-22,58.7801628112793,58.7801628112793,57.67999741766903,57.75858292119776,28980160
2016-01-25,59.72315216064453,59.880323154445826,59.33024050403593,59.880323154445826,23728320
2016-01-26,59.33024215698242,59.565988102322514,58.93732521346223,59.17307643476735,14684560
2016-01-27,59.173072814941406,59.72315017106146,59.01590710234072,59.72315017106146,15889280
2016-01-28,59.01591110229492,59.251657049191884,57.91574576355888,57.91574576355888,23972080
2016-01-29,61.137657165527344,61.137657165527344,58.544414556563346,58.544414556563346,41300160
2016-02-01,62.47356033325195,62.47356033325195,61.45197533642837,62.15922364717153,26234560
2016-02-02,61.609153747558594,62.78789931563327,61.609153747558594,62.709313815644585,17775120
2016-02-03,60.194664001464844,61.37340970751555,59.95891274986842,61.29482419832817,32539760
2016-02-15,58.70158004760742,59.33024827728395,57.99433158669981,58.072917093896464,55121440
2016-02-16,60.194664001464844,60.508995486282934,58.780167043817706,58.780167043817706,27989280
2016-02-17,60.27323913574219,60.50899036739473,59.40882498763655,60.50899036739473,26813600
2016-02-18,61.05907440185547,61.13765463015989,60.35182596728879,60.50899169986301,26561920
2016-02-19,60.27323913574219,61.05907305727382,59.880327450941635,61.05907305727382,18102480
2016-02-22,60.27323913574219,61.05907305727382,59.801741948402366,59.880327450941635,16782480
2016-02-23,60.50899124145508,60.66615697283863,60.19465977868797,60.19465977868797,10927840
2016-02-24,60.1160774230957,61.29482310818208,59.88033145165779,60.508994410113026,18641040
2016-02-25,61.6877326965332,62.86647824024391,59.958904492166845,60.11607021293061,49954080
2016-02-26,61.29481506347656,61.29481506347656,60.116069533095946,60.901903403992975,34258400
2016-03-01,61.05907440185547,61.21624013442969,60.35182596728879,60.35182596728879,29082240
2016-03-02,62.47356033325195,62.47356033325195,61.45197533642837,61.84489223705556,31900000
2016-03-03,63.259395599365234,63.25939559936524,62.473566990338625,63.25939559936524,41909120
2016-03-04,65.14539337158203,65.22397887509291,63.25939932293978,63.65231628856347,54892640
2016-03-07,64.12380981445312,65.85263803316623,64.04522431543661,65.3025553679457,36234000
2016-03-08,65.2239761352539,65.2239761352539,63.73089383898936,64.12381078810793,30941680
2016-03-09,65.06681823730469,65.4597299577192,64.59531573126209,64.98823272764234,19674160
2016-03-10,65.2239761352539,65.61688780840738,65.0668104107995,65.45972208395297,19200720
2016-03-11,65.38114166259766,65.38114166259766,64.67389326670246,65.22397593861706,17548960
2016-03-14,66.00981140136719,66.00981140136719,65.5383141805481,65.85264566109416,22357280
2016-03-15,64.67389678955078,66.16697388667822,64.43814555275576,66.00980815413666,29883920
2016-03-16,65.2239761352539,66.00980475752596,64.90963941037998,64.90963941037998,22977680
2016-03-17,64.8310546875,66.08838567185403,64.8310546875,65.93121995830536,22359040
2016-03-18,66.00981140136719,66.00981140136719,65.14539719188271,65.22398270000204,53407200
2016-03-21,66.40271759033203,66.4812978097055,65.61688374080882,66.3241320949938,22796400
2016-03-22,66.24555969238281,66.40272542563955,65.61689148339046,66.40272542563955,19001840
2016-03-23,66.16697692871094,66.40272817634464,65.69547970940916,66.00981118894367,17944080
2016-03-24,66.40271759033203,66.71704901975541,65.61688374080882,66.08838616090866,19548320
2016-03-25,65.8526382446289,66.63846685749236,65.8526382446289,66.63846685749236,8309840
2016-03-28,66.40271759033203,66.79563451509364,66.24555187562035,66.55988330504373,22667040
2016-03-29,65.77405548095703,66.79564063411564,65.3811437961663,66.79564063411564,21949840
2016-03-30,65.77405548095703,65.77405548095703,65.77405548095703,65.77405548095703,0
2016-03-31,66.63845825195312,68.21012055068417,66.00979544284644,67.66004323069801,70584800
2016-04-01,65.2239761352539,66.48130193088919,65.2239761352539,66.08839025773571,27424320
2016-04-06,63.80949020385742,65.38115299196912,63.80949020385742,65.38115299196912,35239600
2016-04-07,64.04522705078125,64.35956378430748,63.10223267809831,63.65231536681265,24311760
2016-04-08,64.35956573486328,64.35956573486328,63.573731791179185,63.73089752472292,16746400
2016-04-11,63.80949020385742,64.35957297109142,63.416573187838,64.28098745750113,9749520
2016-04-12,64.43814849853516,64.90964571771424,63.80948553962972,64.2809827588088,13434080
2016-04-13,65.77405548095703,65.85264098349433,64.67389537719163,64.67389537719163,29533680
2016-04-14,64.75247955322266,65.85264500005589,64.75247955322266,65.22398204527438,20081600
2016-04-15,65.14539337158203,65.38114460614932,64.20239898524358,64.59531067490194,16226320
2016-04-18,64.90963745117188,65.38113988626856,64.83105722929906,65.38113988626856,12326160
2016-04-19,64.04522705078125,65.45972388577091,63.80948109559314,65.0668122018023,16345120
2016-04-20,62.237815856933594,64.75247268531045,62.237815856933594,63.73089285416063,44046640
2016-04-21,63.10224151611328,63.25940726690619,62.47357851294162,62.709324501148,18065520
2016-04-22,63.652313232421875,63.730893456194536,63.10223056215292,63.730893456194536,15252160
2016-04-25,63.10224151611328,63.96665578345729,63.02365600273383,63.730904519284934,12224960
2016-04-26,63.023651123046875,63.80948509213323,62.866485384422724,62.866485384422724,15876080
2016-04-27,62.47356033325195,63.02363766297268,62.316389352229514,62.78789174336793,21101520
2016-04-28,61.76632308959961,63.02364895534709,61.76632308959961,62.86648322212866,26363920
2016-04-29,60.58756637573242,61.0590688062105,60.58756637573243,60.58756637573243,33712800
2016-05-03,59.40882873535156,60.587574416043125,59.40882873535157,60.508994184512,27543120
2016-05-04,59.48741149902344,60.037494198231386,58.85874329594349,59.40882599515144,28740800
2016-05-05,59.25166320800781,59.801745934553274,58.93733172882916,59.48741445537461,21832800
2016-05-06,57.99433135986328,59.33024804522218,57.83716562205027,59.2516625383329,38265920
2016-05-09,57.05133819580078,58.308669402101074,56.972752687172026,58.15150366080925,32601360
2016-05-10,58.7801628112793,58.7801628112793,56.97274898977176,57.051334493300494,26071760
2016-05-11,58.151493072509766,59.3302385555538,57.67999065852038,58.78015592320933,23735360
2016-05-12,57.60142135620117,58.23008432603855,57.3656701045293,58.0729185835792,23060400
2016-05-13,58.46583557128906,59.25166428349948,57.75858709231683,58.93733279861531,55498960
2016-05-16,58.151493072509766,58.46582449785954,57.75857615284018,58.23007329086485,22879120
2016-05-17,58.38724899291992,58.70158047204817,58.15150302155654,58.30866876112067,21299520
2016-05-18,58.46583557128906,58.54441580452725,57.75858709231683,58.387250062085165,25338720
2016-05-19,58.30866241455078,58.701574082712064,57.99432569367071,58.4658281370083,22170720
2016-05-20,58.151493072509766,58.78015592320933,58.151493072509766,58.38723900353975,21263440
2016-05-23,60.82331848144531,61.05906970013583,58.308661677928036,58.46582739840006,45397440
2016-05-24,60.0374870300293,60.8233155950982,60.037487030029304,60.74473537657367,22999680
2016-05-25,61.609153747558594,62.63073359162099,60.823319851532084,60.90190535152077,41125920
2016-05-26,61.3734016418457,62.080650027722946,61.294816142986,61.68773308535447,14297360
2016-05-27,61.609153747558594,62.00206541960676,61.37340252355762,61.76631947157088,17010400
2016-05-30,62.47356033325195,62.78789174336793,61.68772653199757,62.08064343262476,22052800
2016-05-31,62.945064544677734,62.94506454467774,62.15923065483062,62.4735673763485,57468400
2016-06-01,63.337982177734375,63.65231362670224,62.552148279349595,62.552148279349595,24877600
2016-06-02,62.31640625,63.49515727151272,62.23782601414535,63.41657175969218,25395920
2016-06-03,62.866485595703125,63.02365133485548,62.47357388580504,62.47357388580504,14345760
2016-06-06,63.023651123046875,63.96665083075739,62.552153907174414,62.70931964579857,18032080
2016-06-07,63.730899810791016,63.8094853183645,63.33798810082038,63.495153840001755,26583040
2016-06-08,63.888057708740234,64.43814036634403,63.73089198884843,64.04522342863204,32547680
2016-06-13,61.76632308959961,62.86648322212866,61.76632308959961,62.787902993502136,42401920
2016-06-14,62.787899017333984,62.787899017333984,61.294816732363145,61.294816732363145,20516320
2016-06-15,63.023651123046875,63.10223663034174,62.237822429926105,62.316402661255395,18666560
2016-06-16,61.92348861694336,62.55215154772701,61.766322884247444,62.473571319361746,25232240
2016-06-17,62.31640625,62.94507451666662,62.08066026647016,62.23782601414535,28904480
2016-06-20,63.259395599365234,63.49514682005573,62.945064155754594,63.18081010048007,22524480
2016-06-21,63.416561126708984,63.65231234667657,62.94506396273883,63.102229684062216,20200400
2016-06-22,64.04522705078125,64.04522705078125,63.41656413565929,63.41656413565929,23541760
2016-06-23,65.14539337158203,65.22397887509291,64.43814494384553,64.43814494384553,42769760
2016-06-24,64.04522705078125,65.38114365936329,63.337983909251676,65.38114365936329,54957760
2016-06-27,64.43814849853516,64.51673400638114,63.495154060177,63.65231979990336,17676560
2016-06-28,64.8310546875,64.8310546875,63.495143484354024,63.809474911451346,3887840
2016-06-29,64.8310546875,65.14538611459733,64.43813776564599,64.43813776564599,18285520
2016-06-30,64.8310546875,65.14538611459733,64.59530347919464,64.98822040104866,21737760
2016-07-01,64.98821258544922,65.53829515469798,64.83104689080159,64.83104689080159,22413600
2016-07-04,65.45972442626953,65.61689015634774,65.22397846913488,65.45972442626953,19812320
2016-07-05,65.2239761352539,65.45972208395297,64.90963941037998,65.2239761352539,15114000
2016-07-06,64.04522705078125,64.83106097064895,64.04522705078125,64.83106097064895,23430880
2016-07-07,64.51673126220703,64.67389699524846,64.20239979612418,64.43814575770362,14634400
2016-07-08,64.51673126220703,64.51673126220703,64.51673126220703,64.51673126220703,0
2016-07-11,64.8310546875,65.22397160935402,64.59530347919464,64.59530347919464,28612320
2016-07-12,65.45972442626953,65.61689015634774,64.90964173301317,64.90964173301317,28186400
2016-07-13,65.61688995361328,65.93122668876377,65.22397826761438,65.93122668876377,26475680
2016-07-14,65.61688995361328,65.69547545639222,65.22397826761438,65.61688995361328,16907440
2016-07-15,66.40271759033203,66.63846352441718,65.77404945552051,65.77404945552051,29886560
2016-07-18,67.58146667480469,67.58146667480469,66.79563805954693,67.10996950565003,37308480
2016-07-19,67.7386474609375,67.89581321893809,67.26715018693572,67.89581321893809,27935600
2016-07-20,67.58146667480469,67.81721789736454,67.26713522870158,67.42430095175314,22583440
2016-07-21,68.68163299560547,69.15313017151165,67.73863336782797,67.81721886846157,44792000
2016-07-22,68.83880615234375,69.07455212776404,68.52447466780625,68.91738638549528,28517280
2016-07-25,68.83880615234375,69.15313763688127,67.26714345369048,68.68164041007499,29854000
2016-07-26,68.99595642089844,69.0745366364268,68.13154239429944,68.76020522238434,25384480
2016-07-27,69.9389419555664,70.33185881218323,69.38886468745947,69.46744489320453,41266720
2016-07-28,69.9389419555664,70.25327860643819,69.54603037491343,70.25327860643819,25261280
2016-07-29,69.07453918457031,69.93895324305734,69.07453918457031,69.93895324305734,25738240
2016-08-01,69.78179168701172,69.93895740919282,68.9959630761062,68.9959630761062,30942560
2016-08-02,69.54605102539062,69.9389627227118,69.54605102539062,69.78179698859024,15638480
2016-08-03,68.76020812988281,69.38887626051522,68.68162791103173,68.76020812988281,23948320
2016-08-04,69.15312957763672,69.15312957763672,68.7602126297733,69.15312957763672,13994640
2016-08-05,69.46746063232422,69.78179207844966,68.99596346313606,69.15312918619878,19276400
2016-08-08,70.72479248046875,70.72479248046875,69.9389585804381,70.09612430525121,33339680
2016-08-09,70.64620208740234,70.80336780133078,70.09611945067046,70.72478758234894,21803760
2016-08-10,70.72479248046875,70.72479248046875,70.41046103084254,70.64620698007964,18800320
2016-08-11,70.33187866210938,70.48904439392058,69.46746449916509,70.25329843418645,27569520
2016-08-12,67.7386474609375,68.99597880090845,67.58148170293691,67.9743987359215,102171520
2016-08-15,68.52446746826172,68.52446746826172,67.18855088538723,67.42430211200393,36750560
2016-08-16,67.7386474609375,68.52448152690668,67.66006721992032,68.36731049293986,31078960
2016-08-17,66.79563903808594,67.66005316551545,66.63846803676682,67.5814676648559,55900240
2016-08-18,67.34571075439453,67.58146196050903,66.4027164818659,66.7170479060421,36287680
2016-08-19,67.03138732910156,68.1315527209662,66.95280710166284,67.58147002503388,33011440
2016-08-22,67.10997009277344,67.26713581719999,66.79563864392036,66.95280436834689,22437360
2016-08-23,67.42430877685547,67.50288900951854,66.95281155297998,66.95281155297998,28360640
2016-08-24,68.36730194091797,68.44588744807116,67.66005875636702,67.73863898755465,38617040
2016-08-25,69.38887786865234,69.54604358596168,68.28871257152207,68.28871257152207,50213680
2016-08-26,69.54605102539062,69.9389627227118,69.23171428118206,69.86038249363374,34433520
2016-08-29,70.33187866210938,70.48904439392058,69.46746449916509,69.9389616945987,53131760
2016-08-30,70.01754760742188,70.33187907288013,69.70321614196364,70.174713340151,40711440
2016-08-31,69.15312957763672,69.86037797340482,69.15312957763672,69.70321224945248,60065280
2016-09-01,68.76020812988281,68.99595933836555,68.21012549406623,68.52446219736481,92154480
2016-09-02,69.9295425415039,70.563618704445,69.11430176057964,69.38604868755439,127011200
2016-09-05,70.92594146728516,71.01652376800966,70.29186536221364,70.56361226438715,35671200
2016-09-06,72.19409942626953,72.37526404214474,71.1976940389559,71.3788586548311,41294400
2016-09-07,72.10352325439453,73.19051104214921,72.0129409387483,72.82818177956432,45388800
2016-09-08,71.19770050048828,72.19410597823048,71.1071181843299,72.1035236620721,40155200
2016-09-09,70.38246154785156,70.56362618504036,70.20129691066275,70.47304386644596,29612000
2016-09-12,70.38246154785156,70.83537314082358,70.20129691066275,70.65420850363476,25044800
2016-09-13,70.0201416015625,71.10712956950397,69.56722994825355,70.92596490818039,30163200
2016-09-14,70.38246154785156,70.83537314082358,69.92954995487953,69.92954995487953,35183200
2016-09-19,72.91876220703125,72.91876220703125,71.74119213412267,72.37526832722729,61713600
2016-09-20,72.64702606201172,73.09993769581479,72.4658614084905,72.91877304229357,33244800
2016-09-21,72.46585083007812,72.55643314361572,71.83177463531494,72.37526851654053,23539200
2016-09-22,72.19409942626953,73.19050481358316,71.83177019451912,72.73759327389514,25332800
2016-09-23,72.28469848632812,72.46586314418859,71.92236917060718,72.37528081525835,23955200
2016-09-26,71.56002807617188,71.92235733225377,71.19769882009,71.65061039019236,25627200
2016-09-27,71.56002807617188,71.56002807617188,71.56002807617188,71.56002807617188,0
2016-09-28,71.56002807617188,71.56002807617188,71.56002807617188,71.56002807617188,0
2016-09-29,72.37528228759766,72.46586461837062,71.83178830295988,72.2846999568247,37776000
2016-09-30,71.74119567871094,72.01294263203938,71.56003104315863,71.74119567871094,24614400
2016-10-03,71.74119567871094,72.28468958536783,71.74119567871094,72.28468958536783,19135200
2016-10-04,72.01294708251953,72.01294708251953,71.4694531422741,71.56003546564834,15942400
2016-10-05,72.10352325439453,72.28468788568698,71.65061167616341,71.65061167616341,11414400
2016-10-06,72.64702606201172,72.73760838877233,72.4658614084905,72.64702606201172,20085600
2016-10-07,72.46585083007812,72.91876239776612,72.46585083007812,72.91876239776612,12265600
2016-10-11,73.4622573852539,74.18691590446727,72.91876349584389,73.37167507035224,41553600
2016-10-12,73.91516876220703,74.0057510768666,73.28109255959006,73.82458644754746,30932000
2016-10-13,74.09632873535156,74.6398225891561,73.91516411741672,74.36807566225383,28017600
2016-10-14,73.55284118652344,74.0057527701843,73.09992960286257,73.91517045345212,18040000
2016-10-17,74.1869125366211,74.27749484741061,72.8281778747782,73.1905071179363,23766400
2016-10-18,74.36808776855469,74.45867009226791,73.91517614998858,74.18692312112825,26260800
2016-10-19,74.63983154296875,74.73041386280245,74.45866690330135,74.45866690330135,27580800
2016-10-20,75.63623809814453,75.63623809814453,74.91157952953955,75.00216185061518,32256000
2016-10-21,76.36089324951172,76.99496946866543,75.99856398142389,76.08914629844584,52168000
2016-10-24,76.27031707763672,76.99497567219859,76.1797347533165,76.90439334787835,24948800
2016-10-25,77.62904357910156,77.81020820822432,76.54205580436502,76.6326381189264,38992800
2016-10-26,77.53846740722656,77.81021437243881,76.99497347680207,77.1761381202769,29145600
2016-10-27,77.35729217529297,78.26311526868048,76.99496293793797,77.81020372198672,29520000
2016-10-28,76.81379699707031,77.81020238264553,76.63263238151119,77.81020238264553,24276000
2016-10-31,77.26671600341797,77.26671600341797,75.72681662234164,76.72322210421456,24972000
2016-11-01,76.63263702392578,77.3572955300622,76.45147239739168,77.26671321679514,18731200
2016-11-02,74.82099151611328,76.4514731714281,74.82099151611328,76.08914391469148,41457600
2016-11-03,74.00574493408203,75.18331492691321,73.91516262694118,74.36807416264547,34136000
2016-11-04,74.27750396728516,74.73041557684176,73.91517467963986,73.91517467963986,20577600
2016-11-07,75.63623809814453,75.72682041922016,74.54925024523706,74.7304148873883,24022400
2016-11-08,75.1833267211914,76.08914993469973,74.82099743578807,75.99856761334891,16280800
2016-11-09,72.82817840576172,76.27030624085991,72.55643147141186,76.08914161796,56207200
2016-11-10,73.8245849609375,74.63982577645706,73.8245849609375,74.63982577645706,38777600
2016-11-11,71.56002807617188,72.737598158438,71.56002807617188,72.01293964627423,58423200
2016-11-14,71.56002807617188,72.1035219602947,71.19769882009,72.01293964627423,36716800
2016-11-15,71.56002807617188,72.28468658833565,71.28828113411046,71.28828113411046,27116800
2016-11-16,71.56002807617188,72.37526890235611,71.56002807617188,71.92235733225377,29344000
2016-11-17,73.00934600830078,73.00934600830078,71.8317759113927,72.28468748712658,25460800
2016-11-18,73.2811050415039,73.64343436185746,72.28469941053167,73.00935805123875,25700000
2016-11-21,73.2811050415039,73.46226970168068,72.91877572115037,73.2811050415039,11456000
2016-11-22,73.55284118652344,74.0057527701843,73.37167655305909,73.6434235032556,22863200
2016-11-23,74.27750396728516,74.54925093301912,74.00575700155119,74.0963393234625,21122400
2016-11-24,73.4622573852539,74.00575127466392,73.4622573852539,73.82458664486059,13032000
2016-11-25,72.91876220703125,73.37167377353455,72.82817989373059,73.2810914602339,12829600
2016-11-28,73.6434326171875,73.73401494512991,73.09993864953297,73.73401494512991,12159200
2016-11-29,74.27750396728516,75.00216254257575,73.91517467963986,74.27750396728516,33350400
2016-11-30,74.27750396728516,75.09274486448706,73.6434277139059,74.4586686111078,39804800
2016-12-01,74.63983154296875,74.91157850246985,74.00575530413285,74.91157850246985,20602400
2016-12-02,74.00574493408203,74.18690954836376,73.64341570551859,73.82458031980032,21929600
2016-12-05,73.6434326171875,74.18692658484203,73.46226796130266,73.91517960101476,12609600
2016-12-06,74.54924774169922,74.63983005973287,74.1869184695646,74.36808310563191,23692800
2016-12-07,75.2739028930664,75.54564983491863,75.00215595121418,75.36448520701714,29590400
2016-12-08,76.81379699707031,76.81379699707031,75.81739161149511,76.08913853483381,66282400
2016-12-09,76.99497985839844,77.53847383386949,76.72323287066291,77.44789150462431,38017600
2016-12-12,75.545654296875,76.90438908638714,75.45507197757419,76.54205980918391,28222400
2016-12-13,76.45147705078125,76.45147705078125,75.72681850053688,76.08914777565907,29092800
2016-12-14,75.81739807128906,76.99496817275472,75.81739807128906,76.90438585725737,23992800
2016-12-15,76.27031707763672,76.36089940195696,75.63624080739508,75.63624080739508,26461600
2016-12-16,75.7268295288086,76.54207051655892,75.7268295288086,75.99857652472537,28439200
2016-12-19,75.00215148925781,75.81739226631495,75.00215148925781,75.63622764919114,19383200
2016-12-20,75.81739807128906,75.90798038678642,75.18332186280756,75.63623344029435,18797600
2016-12-21,75.45507049560547,76.2703113533011,75.45507049560547,76.17972903577936,26215200
2016-12-22,75.00215148925781,75.72680995775305,74.9115691806959,75.72680995775305,22352800
2016-12-23,74.91157531738281,75.63623384524142,74.8209930014005,74.91157531738281,17437600
2016-12-26,75.45507049560547,75.45507049560547,75.0021589079968,75.0021589079968,6453600
2016-12-27,75.63623809814453,75.72682041922016,75.18332649276643,75.63623809814453,6774400
2016-12-28,76.0891342163086,76.0891342163086,75.27389349256242,75.27389349256242,12551200
2016-12-29,75.7268295288086,76.36090585261441,75.2739178689473,75.2739178689473,18927200
2016-12-30,76.27031707763672,76.4514817262772,76.08915242899626,76.27031707763672,17240800
2017-01-03,76.36089324951172,76.36089324951172,75.81739934737996,75.81739934737996,12211200
2017-01-04,76.27031707763672,76.63264637491766,76.27031707763672,76.36089940195696,18880800
2017-01-05,76.0891342163086,76.5420457295009,75.90796961103166,76.45146342686245,20177600
2017-01-06,75.9079818725586,76.54205809345109,75.9079818725586,76.54205809345109,17562400
2017-01-09,75.63623809814453,76.36089666674951,75.63623809814453,76.17973202459827,12941600
2017-01-10,76.0891342163086,76.17971651894705,75.72680500575474,75.99855191367013,12666400
2017-01-11,76.27031707763672,76.4514817262772,75.54565848307486,76.4514817262772,21523200
2017-01-12,76.36089324951172,76.45147556653367,75.726817030358,76.27031093248976,22327200
2017-01-13,76.27031707763672,76.4514817262772,75.99857010467602,76.36089940195696,18072800
2017-01-16,75.63623809814453,76.08914970352265,75.63623809814453,76.08914970352265,12912000
2017-01-17,76.0891342163086,76.0891342163086,75.63622270311627,75.90796961103166,11548800
2017-01-18,75.45507049560547,76.17972903577936,75.45507049560547,76.08914671825762,15167200
2017-01-19,75.63623809814453,75.9079850613714,75.18332649276643,75.45507345599329,16925600
2017-01-20,75.545654296875,76.08914821267986,75.545654296875,76.08914821267986,13575200
2017-01-23,76.0891342163086,76.0891342163086,75.54564040047781,75.63622270311627,22187200
2017-01-24,75.81739807128906,76.08914501778114,75.7268157557917,75.7268157557917,20211200
2017-02-02,76.17972564697266,77.62904266284848,75.3644848255425,77.62904266284848,57068800
2017-02-03,75.81739807128906,76.17972733327849,75.63623344029435,75.90798038678642,27493600
2017-02-06,76.99497985839844,76.99497985839844,76.0891565659467,76.27032122443704,35532800
2017-02-07,77.7196273803711,77.7196273803711,76.63263958484143,77.44788043148868,45394400
2017-02-08,79.25952911376953,79.25952911376953,77.71962969098772,77.90079432896205,77283200
2017-02-09,80.52767944335938,80.52767944335938,79.4406916443489,79.71243859410153,75760800
2017-02-10,80.70884704589844,81.34292328531626,80.16535312639743,80.6182647259816,64649600
2017-02-13,81.43350219726562,81.43350219726562,80.43709671987973,80.98059061663567,42320000
2017-02-14,81.52407836914062,82.15815453423394,81.16174913194445,82.06757222493489,59132000
2017-02-15,82.33932495117188,82.42990726684974,81.61466642574902,81.97699568846045,59834400
2017-02-16,82.4299087524414,83.1545672909244,81.52408557933765,82.88282033899327,38084800
2017-02-17,81.52407836914062,82.33931915283203,81.52407836914062,81.8864076063368,23855200
2017-02-20,81.61466979980469,81.70525211922734,81.34292284153675,81.52408748038205,21981600
2017-02-21,81.97700500488281,82.42991663474405,81.3429287230771,82.42991663474405,27548000
2017-02-22,81.97700500488281,82.3393343087718,81.52409337502158,82.15816965682731,22290400
2017-02-23,81.79583740234375,82.15816669316254,81.34292578882025,81.34292578882025,25191200
2017-02-24,81.07115936279297,81.79581777050508,81.07115936279297,81.342906265685,25395200
2017-03-01,80.61827087402344,81.88642344956986,80.61827087402344,81.88642344956986,24343200
2017-03-02,81.16175842285156,81.79583466053009,80.43709986550468,81.61467002119338,27184800
2017-03-03,80.43709564208984,81.25233647630021,80.25593101226531,81.25233647630021,23934400
2017-03-06,81.43350219726562,81.43350219726562,80.16534977150175,80.43709671987973,14743200
2017-03-07,81.97700500488281,82.15816965682731,81.1617640711326,81.43351104904934,24118400
2017-03-08,82.15815734863281,82.42990428583889,81.61466347422069,82.24873966103483,26876800
2017-03-09,80.8900146484375,81.79583788078281,80.8900146484375,81.70525555754828,27268800
2017-03-10,81.43350219726562,81.52408451339161,79.71243819087181,80.52767903600572,30039200
2017-03-13,81.52407836914062,81.70524298773871,81.0711668226454,81.70524298773871,12253600
2017-03-14,81.52407836914062,81.97698991563585,81.43349605984157,81.52407836914062,16468000
2017-03-15,81.61466979980469,81.88641675807263,81.25234052211411,81.4335051609594,14074400
2017-03-16,82.33932495117188,82.79223652956117,81.8864133727826,81.97699568846045,31026400
2017-03-17,82.792236328125,82.792236328125,82.42990706629513,82.70165401266753,37206400
2017-03-20,82.70166015625,82.79224247843648,82.3393308675041,82.70166015625,13362400
2017-03-21,82.88282775878906,83.15457473504739,82.70166310795018,82.70166310795018,23687200
2017-03-22,82.88282775878906,82.88282775878906,81.97700450459465,82.24875148085297,19390400
2017-03-23,82.70166015625,83.0639894449959,82.24874854531764,83.0639894449959,13385600
2017-03-24,82.06757354736328,82.429902790398,81.9769912366046,81.9769912366046,15688800
2017-03-27,81.97700500488281,82.42991663474405,81.3429287230771,81.52409337502158,18606400
2017-03-28,82.61107635498047,82.70165867554515,82.06758243159244,82.33932939328645,21665600
2017-03-29,82.88282775878906,83.15457473504739,82.42991613169185,83.06399240962794,18705600
2017-03-30,82.792236328125,82.97340095903994,82.61107169721006,82.88281864358247,14864800
2017-03-31,82.4299087524414,82.97340265630365,82.4299087524414,82.7922380216829,21751200
2017-04-05,88.77067565917969,89.1330049475845,86.5966999287508,86.9590292171556,136405600
2017-04-06,88.13658905029297,89.31415909926913,87.59309518153475,88.95182985343033,51088000
2017-04-07,87.04961395263672,88.49893114643713,86.234373031124,87.86485487414944,50523200
2017-04-10,87.41193389892578,87.41193389892578,86.59669306463528,86.95902232431995,29796000
2017-04-11,87.7742691040039,88.40834535140125,87.41193981977685,87.7742691040039,36963200
2017-04-12,88.13658905029297,88.22717136175268,87.50251287007504,88.22717136175268,32064800
2017-04-13,89.22357940673828,89.94823791968642,88.31775626555313,88.49892089379016,49123200
2017-04-14,87.59310150146484,88.58950699941326,87.59310150146484,88.49892468141795,28532000
2017-04-17,88.13658905029297,88.13658905029297,86.59668975547798,87.59309518153475,22817600
2017-04-18,87.8648452758789,88.77066842305291,87.6836806464441,88.6800861083355,12048800
2017-04-19,86.77787017822266,87.41194647388816,86.77787017822266,87.41194647388816,24576000
2017-04-20,86.95902252197266,87.14018715222676,86.50611094633739,86.95902252197266,20187200
2017-04-21,87.41193389892578,87.68368084368927,87.14018695416227,87.14018695416227,11651200
2017-04-24,87.8648452758789,88.49892147890071,87.41193370229189,88.49892147890071,12256000
2017-04-25,88.68008422851562,88.68008422851562,87.95542572613756,88.49891960292112,27880800
2017-04-26,88.95183563232422,89.40474721904685,88.77067099763516,89.40474721904685,31615200
2017-04-27,89.04241943359375,89.22358407130197,88.6800901581773,89.04241943359375,21342400
2017-04-28,89.49533081054688,90.12940704098597,88.77067226147362,89.2235838546444,37555200
2017-05-02,90.58232116699219,91.03523277282716,90.4011565246582,90.4011565246582,47229600
2017-05-03,91.03522491455078,91.9410480480289,90.58231334781172,90.58231334781172,34082400
2017-05-04,91.03522491455078,91.48813648128984,90.58231334781172,91.03522491455078,21939200
2017-05-05,90.58232116699219,91.48814437866211,90.58232116699219,90.58232116699219,17613600
2017-05-08,91.4881362915039,91.94104785730342,90.58231315990486,91.4881362915039,16781600
2017-05-09,94.20561981201172,95.5643547131465,91.94106164345375,92.39397327716534,84645600
2017-05-10,94.20561981201172,95.5643547131465,93.29979654458853,95.5643547131465,35706400
2017-05-11,94.20561981201172,94.20561981201172,93.29979654458853,94.20561981201172,31622400
2017-05-12,92.84687042236328,95.11142823754288,92.39395885932737,94.20560511147104,47000000
2017-05-15,94.20561981201172,94.65853144572331,92.84688491087694,93.29979654458853,26138400
2017-05-16,93.75270080566406,94.20561240375906,92.84687760947408,94.20561240375906,27899200
2017-05-17,93.2997817993164,93.75269336144902,92.39395867505121,93.2997817993164,22278400
2017-05-18,92.39395904541016,92.39395904541016,91.0352243535659,91.48813591751397,38740000
2017-05-19,91.9410629272461,92.8468862073175,91.9410629272461,92.3939745672818,14604000
2017-05-22,92.84687042236328,92.84687042236328,92.39395885932737,92.84687042236328,15540800
2017-05-23,94.20561981201172,94.65853144572331,92.84688491087694,93.29979654458853,38082400
2017-05-24,94.20561981201172,94.65853144572331,93.75270817830013,93.75270817830013,16996000
2017-05-25,95.11143493652344,95.11143493652344,94.20561174665178,94.65852334158761,23301600
2017-05-26,94.65851593017578,94.65851593017578,94.20560437070125,94.20560437070125,25361600
2017-05-31,93.2997817993164,94.20560492358162,93.2997817993164,93.75269336144902,31111200
2017-06-01,94.65851593017578,94.65851593017578,93.29978125175221,93.75269281122672,21784000
2017-06-02,95.56434631347656,95.56434631347656,94.65852312567111,95.11143471957384,25496000
2017-06-05,95.56434631347656,96.0172579073793,95.11143471957384,95.11143471957384,23156000
2017-06-06,95.11143493652344,95.56434653145926,95.11143493652344,95.56434653145926,16924800
2017-06-07,95.11143493652344,95.56434653145926,94.65852334158761,95.11143493652344,18737600
2017-06-08,95.11143493652344,95.56434653145926,94.65852334158761,95.11143493652344,12027200
2017-06-09,95.11143493652344,96.01725812639509,95.11143493652344,95.11143493652344,27054400
2017-06-12,92.39395904541016,93.75269373725442,92.39395904541016,93.29978217330634,39863200
2017-06-13,92.39395904541016,92.84687060935825,91.48813591751397,91.48813591751397,33906400
2017-06-14,92.39395904541016,93.29978217330634,91.48813591751397,92.84687060935825,31945600
2017-06-15,92.84687042236328,93.2997819853992,92.39395885932737,92.84687042236328,17867200
2017-06-16,95.11143493652344,95.11143493652344,92.8468769618443,92.8468769618443,44288000
2017-06-19,99.18763732910156,99.6405489150792,96.01725622725813,96.01725622725813,73120800
2017-06-20,103.71675109863281,104.16966267548273,100.99928163753326,100.99928163753326,72144800
2017-06-21,102.35802459716797,103.26384782369158,101.45220137064436,102.81093621042977,55670400
2017-06-22,101.90512084960938,103.71676744249132,101.4522092013889,102.35803249782987,46712000
2017-06-23,101.90512084960938,103.26385579427084,101.90512084960938,102.35803249782987,30157600
2017-06-26,108.69878387451172,109.60460707346598,102.35802148183187,102.810933081309,110709600
2017-06-27,110.05750274658203,110.96332581445513,107.79294507689927,107.79294507689927,66268000
2017-06-28,106.88714599609375,109.60461580955376,106.88714599609375,108.69879253840043,74916800
2017-06-29,107.79295349121094,108.69877662979255,107.34004192192015,108.24586506050174,38654400
2017-06-30,105.98130798339844,106.88713112855568,105.07548483824118,106.43421955597705,54297600
2017-07-03,105.52841186523438,106.88714678195413,105.07550022632779,105.07550022632779,38040800
2017-07-04,102.35802459716797,105.9813175032624,102.35802459716797,105.5284058900006,52203200
2017-07-05,105.07548522949219,105.07548522949219,102.35801578390188,102.81092735816692,46241600
2017-07-06,104.62257385253906,104.62257385253906,103.26383912718141,104.62257385253906,24748800
2017-07-07,103.71675109863281,104.16966267548273,103.26383952178288,103.71675109863281,26055200
2017-07-10,104.62257385253906,105.07548542765828,103.71675070230063,104.16966227741985,35942400
2017-07-11,107.34004211425781,107.34004211425781,105.5283958338484,105.98130740395075,57205600
2017-07-12,107.34004211425781,108.24586525446253,106.88713054415547,107.34004211425781,71653600
2017-07-13,108.75241088867188,109.2232005461986,108.28162123114515,108.75241088867188,66203200
2017-07-14,108.75241088867188,109.2232005461986,108.28162123114515,109.2232005461986,28316800
2017-07-17,108.75241088867188,109.2232005461986,108.28162123114515,109.2232005461986,28311200
2017-07-18,110.1647720336914,110.1647720336914,108.28161353738899,108.7524031614646,27570400
2017-07-19,110.1647720336914,111.10635128184262,110.1647720336914,110.63556165776701,23513600
2017-07-20,109.69400024414062,111.57715904661514,109.69400024414062,111.10636934599651,27615200
2017-07-21,108.28162384033203,109.69399284694506,107.81083417146102,109.69399284694506,26162400
2017-07-24,109.22319793701172,109.22319793701172,107.34003935189084,107.81082899817106,22971200
2017-07-25,110.1647720336914,110.63556165776701,109.2231927855402,109.6939824096158,31085600
2017-07-26,108.75241088867188,110.63556951877875,108.75241088867188,110.63556951877875,22193600
2017-07-27,110.63556671142578,111.57714600258684,110.16477706584524,110.16477706584524,38150400
2017-07-28,110.63556671142578,111.1063563570063,109.6939874202647,110.63556671142578,22028000
2017-07-31,110.63556671142578,110.63556671142578,109.6939874202647,109.6939874202647,20868800
2017-08-01,109.69400024414062,110.63557964537789,109.69400024414062,109.69400024414062,19419200
2017-08-02,111.5771484375,112.51872774920885,110.63556912579114,111.57714843749999,32477600
2017-08-03,112.04793548583984,112.04793548583984,110.6355665511444,110.6355665511444,26162400
2017-08-04,112.51872253417969,112.51872253417969,111.57714326611124,112.04793290014547,17000800
2017-08-07,114.4018783569336,114.87266797980163,112.51871986546143,112.51871986546143,44245600
2017-08-08,113.93109893798828,115.34346793308731,112.51872994288925,114.8726782680543,28544000
2017-08-09,111.10638427734375,113.460333096779,110.6355945134567,112.5187535690049,37831200
2017-08-10,109.22319793701172,111.10635652213261,108.28161864445129,111.10635652213261,38383200
2017-08-11,109.69400024414062,110.16478994475925,107.81084144166611,107.81084144166611,32952800
2017-08-14,107.34003448486328,109.69398260953135,107.34003448486328,109.69398260953135,36312000
2017-08-15,108.75241088867188,109.2232005461986,107.81083157361844,108.75241088867188,18913600
2017-08-16,108.28162384033203,109.22320317807406,107.81083417146102,108.28162384033203,23023200
2017-08-17,109.22319793701172,109.22319793701172,108.28161864445129,108.28161864445129,14277600
2017-08-18,108.75241088867188,109.2232005461986,107.34004191609172,107.81083157361844,19631200
2017-08-21,108.28162384033203,108.28162384033203,107.34004450259002,107.81083417146102,15009457
2017-08-22,108.28162384033203,109.22320317807406,108.28162384033203,108.75241350920305,15093292
2017-08-23,108.28162384033203,109.69399284694506,108.28162384033203,108.75241350920305,23156169
2017-08-24,109.22319793701172,109.22319793701172,108.28161864445129,108.28161864445129,22284870
2017-08-25,109.22319793701172,109.69398758329194,108.7524082907315,109.22319793701172,16153437
2017-08-28,108.75241088867188,109.6939902037253,108.28162123114515,109.6939902037253,15911328
2017-08-29,108.75241088867188,108.75241088867188,108.28162123114515,108.28162123114515,13677401
2017-08-30,110.63556671142578,110.63556671142578,109.22319777468417,109.22319777468417,27287525
2017-08-31,110.63556671142578,112.04793564816738,110.16477706584524,111.57714600258684,26086370
2017-09-01,110.63556671142578,111.1063563570063,110.16477706584524,110.16477706584524,13946593
2017-09-04,109.69400024414062,110.63557964537789,109.223210543522,109.69400024414062,15301080
2017-09-05,109.69400024414062,110.16478994475925,108.75242084290336,109.69400024414062,16834324
2017-09-06,108.75241088867188,109.6939902037253,108.28162123114515,109.2232005461986,18233355
2017-09-07,108.75241088867188,109.6939902037253,108.28162123114515,108.75241088867188,20293124
2017-09-08,110.1647720336914,110.63556165776701,108.7524031614646,109.2231927855402,31735848
2017-09-11,109.22319793701172,111.10635652213261,108.7524082907315,110.63556687585239,16836020
2017-09-12,110.1647720336914,110.63556165776701,109.2231927855402,110.1647720336914,15294554
2017-09-13,108.75241088867188,110.63556951877875,108.75241088867188,109.6939902037253,19660940
2017-09-14,107.81083679199219,108.75241615262094,107.3400471116778,108.75241615262094,24419361
2017-09-15,108.28162384033203,108.28162384033203,107.34004450259002,107.34004450259002,38257807
2017-09-18,107.34003448486328,108.28161373473051,106.39845523499606,107.34003448486328,37218988
2017-09-19,103.57371520996094,107.34003212668678,103.57371520996092,106.86924251209605,78688935
2017-09-20,100.27819061279297,103.57371800382373,100.27819061279297,102.63213874924351,76690285
2017-09-21,104.51531219482422,105.45689158396678,98.86583585996885,99.33662555454013,81538097
2017-09-22,101.69056701660156,103.57372566505715,101.69056701660156,102.63214634082937,46907149
2017-09-25,98.86583709716797,100.7489958990188,98.86583709716797,100.7489958990188,55251560
2017-09-26,97.45346069335938,99.80740901928593,96.98267102817407,97.92425035854468,57276045
2017-09-27,98.86583709716797,99.33662679763069,98.39504739670527,98.86583709716797,29824445
2017-09-28,98.39503479003906,99.80740371047024,97.92424514989533,99.80740371047024,27778607
2017-09-29,98.86583709716797,99.33662679763069,97.45346799577986,98.39504739670527,26809956
2017-10-02,100.74899291992188,101.69057229300526,100.74899291992188,101.69057229300526,19701888
2017-10-03,99.80740356445312,101.690562122273,99.80740356445312,101.21977248281803,20696517
2017-10-05,99.80740356445312,100.74898284336307,98.8658242855432,100.2781932039081,17618489
2017-10-06,100.27819061279297,100.74898024008309,99.80740098550287,100.27819061279297,16187235
2017-10-11,100.74899291992188,102.63215166608863,100.74899291992188,101.21978260646357,34528264
2017-10-12,101.69056701660156,102.63214634082937,101.21977735448768,102.16135667871546,33491009
2017-10-13,101.69056701660156,101.69056701660156,100.74898769237377,101.69056701660156,20761135
2017-10-16,103.10294342041016,103.57373311639377,101.69057433245933,102.63215372442656,27626600
2017-10-17,104.04451751708984,104.51530718911287,103.10293817304378,104.51530718911287,30423870
2017-10-18,104.986083984375,105.4568735986547,103.57371514153587,104.98608398437499,28483260
2017-10-19,106.39846801757812,106.86925769907184,104.986098973097,105.45688865459071,35477216
2017-10-20,105.45687866210938,106.39845793587821,104.51529938834055,105.45687866210938,22824491
2017-10-23,103.10294342041016,106.39847129229541,102.63215372442656,105.92768159631181,24910742
2017-10-24,103.10294342041016,104.98610220434459,102.63215372442656,103.57373311639377,22281280
2017-10-25,104.51531219482422,104.9861018893955,103.57373280568166,104.51531219482422,23759273
2017-10-26,104.04451751708984,104.9860968611359,103.57372784506681,103.57372784506681,15306231
2017-10-27,103.57371520996094,105.45687366832385,103.57371520996092,104.98608405373312,17042426
2017-10-30,104.986083984375,107.34003205577353,104.98608398437499,106.39845282721411,31308972
2017-10-31,105.45687866210938,106.39845793587821,104.98608902522496,105.9276682989938,26279280
2017-11-01,105.45687866210938,106.39845793587821,104.98608902522496,105.9276682989938,14769348
2017-11-02,105.92768096923828,106.39847066243489,104.98610158284505,104.98610158284505,18983760
2017-11-03,106.39846801757812,107.81083706205926,105.92767833608443,106.39846801757812,27078292
2017-11-06,106.39846801757812,107.81083706205926,106.39846801757812,107.81083706205926,18333577
2017-11-07,105.45687866210938,107.34003720964705,105.45687866210938,107.34003720964705,23281745
2017-11-08,104.51531219482422,106.39847097310934,104.51531219482422,105.92768127853806,19755462
2017-11-09,102.1613540649414,104.98609196535455,102.16135406494142,104.51530231528568,32817122
2017-11-10,101.21977233886719,101.69056197765262,99.8074034225109,100.27819306129634,41587261
2017-11-13,100.74899291992188,101.69057229300526,100.27820323338018,101.21978260646357,18165258
2017-11-14,99.80740356445312,101.690562122273,99.80740356445312,101.690562122273,21459256
2017-11-15,96.98267364501953,98.39504267868486,96.98267364501953,96.98267364501953,101843079
2017-11-16,97.92424774169922,98.39503739430354,96.51187878388625,96.51187878388625,38108822
2017-11-17,99.33662414550781,100.27820352129461,99.33662414550781,99.33662414550781,41734323
2017-11-20,97.92424774169922,99.33661669951219,97.92424774169922,99.33661669951219,28008576
2017-11-21,97.92424774169922,98.86582704690787,97.92424774169922,98.39503739430354,27096074
2017-11-22,97.92424774169922,98.86582704690787,97.92424774169922,97.92424774169922,38166224
2017-11-23,99.80740356445312,99.80740356445312,97.92424500663326,97.92424500663326,23787433
2017-11-24,98.39503479003906,99.80740371047024,98.39503479003906,98.86582443018278,18577474
2017-11-27,96.98267364501953,98.8658323565733,96.98267364501953,98.39504267868486,28941272
2017-11-28,96.51188659667969,97.45346597811071,96.04109690596418,96.98267628739521,30452490
2017-11-29,96.98267364501953,97.45346332290798,96.51188396713108,96.98267364501953,22903472
2017-11-30,94.1579360961914,96.51188449859619,94.1579360961914,96.04109481811523,62907407
2017-12-01,93.31050872802734,94.62871974941218,92.27477149693925,94.1579300989176,64978731
2017-12-04,93.21635437011719,93.49882817123876,92.2747750330453,92.74556470158124,34610309
2017-12-05,90.01498413085938,92.18061659425871,89.92082619766809,92.08645866106744,72680292
2017-12-06,87.56687927246094,88.9792482929845,87.56687927246094,88.03766894596879,79105411
2017-12-07,88.13182830810547,88.79093386169173,87.56688069074582,88.13182830810547,32224522
2017-12-08,88.13182830810547,88.79093386169173,87.09609100961278,87.75519656319904,35866224
2017-12-11,90.39161682128906,91.61566996574402,90.01498508453369,90.10914301872253,58107936
2017-12-12,88.60260772705078,90.39160830814957,88.5084498017298,90.39160830814957,40238058
2017-12-13,88.22598266601562,88.60261439564643,87.84935093638482,88.03766680120023,28883102
2017-12-14,89.35587310791016,89.92082067234374,88.6026096886654,88.6026096886654,24604468
2017-12-15,88.03766632080078,89.07340357163373,88.03766632080078,88.97924563973983,39601120
2017-12-18,88.13182830810547,88.97924973414494,88.13182830810547,88.97924973414494,14639564
2017-12-19,85.87203216552734,88.03766455566674,85.87203216552734,87.66103283564249,54779119
2017-12-20,87.28440856933594,87.28440856933594,85.21293393230748,85.21293393230748,31603269
2017-12-21,86.90776824951172,87.66103167962666,86.90776824951172,87.5668737508623,16644092
2017-12-22,87.47271728515625,87.47271728515625,87.00192763346004,87.47271728515625,13790736
2017-12-25,86.71945190429688,87.75518911488022,86.71945190429688,87.56687325841052,10057026
2017-12-26,85.87203216552734,86.71945353558189,85.21292665548492,86.62529560557583,21318608
2017-12-27,86.81361389160156,86.81361389160156,86.15450836314038,86.342824228415,16988185
2017-12-28,88.79092407226562,89.16755577564744,87.47271311042923,87.7551868879656,32023332
2017-12-29,89.63834381103516,89.73250173520641,89.07339626600762,89.16755419017888,30136152
2018-01-02,89.45003509521484,90.10914061696906,88.79092957346063,89.82666682193154,22881852
2018-01-03,88.50846099853516,89.73251418255745,88.50846099853516,89.45004037086,45193668
2018-01-04,87.19024658203125,88.41429971979194,87.09608864835735,88.13182591877025,43005120
2018-01-05,87.56687927246094,87.56687927246094,86.24866818663894,86.90777372954994,46881719
2018-01-08,86.43698120117188,87.19024465390541,86.3428232695802,86.90777085913034,37241359
2018-01-09,86.43698120117188,87.19024465390541,86.43698120117188,87.09608672231371,28794744
2018-01-10,85.49539947509766,86.15450497765897,85.30708361722299,85.87203119084698,44799220
2018-01-11,86.06034088134766,87.0960780254339,85.58955127039937,85.87202503696834,53367584
2018-01-12,86.43698120117188,87.00192879072202,86.1545074063968,86.2486653379885,39188554
2018-01-15,87.84935760498047,87.84935760498047,87.00193614898387,87.2844099676494,33625388
2018-01-16,87.9435043334961,88.22597811615186,87.5668726232884,88.13182018859993,30658992
2018-01-17,87.9435043334961,88.03766226104801,87.1902409130807,87.37855676818455,29810764
2018-01-18,88.32014465332031,89.2617240206265,88.32014465332031,88.60261846351217,45076660
2018-01-19,91.2390365600586,91.2390365600586,88.5084565185295,88.5084565185295,81146340
2018-01-22,90.9565658569336,91.70982934229121,90.48577617858507,91.52151347095182,48936155
2018-01-23,91.2390365600586,91.2390365600586,89.9208255055273,90.39161516785991,40183920
2018-01-24,90.29745483398438,91.14487620364638,90.20329690402193,91.14487620364638,33666931
2018-01-25,89.82667541503906,90.86241276259192,89.6383595336658,89.6383595336658,45482758
2018-01-26,89.82667541503906,90.48578099984543,89.45004365229256,89.6383595336658,36345607
2018-01-29,89.16756439208984,90.10914374153113,88.97924852220159,89.82666993669875,36652064
2018-01-30,88.13182830810547,89.35588147905138,88.13182830810547,88.69677592546512,30687018
2018-01-31,86.81361389160156,87.56687735270005,86.71945595896425,86.71945595896425,45494523
2018-02-01,88.03766632080078,89.26171943542154,87.19024493375564,87.19024493375564,32636135
2018-02-02,89.63834381103516,89.82665965937767,88.22597494846633,88.32013287263759,38378352
2018-02-05,87.3785629272461,88.037668466568,87.09608912467957,87.09608912467957,41691148
2018-02-06,83.98888397216797,85.87204280562464,82.95314661376679,85.30709515558765,115028511
2018-02-07,84.74213409423828,85.96618714226616,84.74213409423828,85.96618714226616,57614000
2018-02-08,83.80056762695312,85.11877880310745,83.80056762695312,84.74214703849192,32129717
2018-02-09,82.38819122314453,82.85898088727679,81.06998016357421,81.06998016357421,52131912
2018-02-12,82.48234558105469,83.42392486850966,82.48234558105469,82.57650350980019,50114208
2018-02-21,83.04730987548828,83.80057345712537,83.04730987548828,83.04730987548828,48363564
2018-02-22,82.76482391357422,83.23561358316223,82.4823501118214,82.6706659796566,36470657
2018-02-23,83.7063980102539,84.45966143441817,82.95313458608965,82.95313458608965,28335270
2018-02-26,83.61224365234375,84.55382297275303,83.61224365234375,83.80055951642561,29605201
2018-02-27,82.95314025878906,84.45966721014051,82.95314025878906,84.27135134122157,33272484
2018-03-01,82.76482391357422,83.14145564924463,82.38819217790379,82.6706659796566,33659192
2018-03-02,82.67066955566406,82.67066955566406,81.91740605174002,82.10572192772104,22400442
2018-03-05,81.91740417480469,82.95314146896888,81.91740417480469,82.57650972563644,24459339
2018-03-06,83.04730987548828,83.61225756171609,82.67067808466975,83.14146782319293,26357216
2018-03-07,83.32976531982422,84.83629215046511,83.14144946599411,83.42392324673928,35345312
2018-03-08,84.17719268798828,84.64798235626562,83.42392921874453,84.17719268798828,26757752
2018-03-09,86.53114318847656,86.90777493249605,85.02461621239863,85.68372176443273,69289441
2018-03-12,88.79092407226562,88.97923992395654,87.7551868879656,88.41429236888379,70991384
2018-03-13,89.63834381103516,90.86239682526147,89.26171211435013,89.45002796269264,67622579
2018-03-14,87.84935760498047,88.88509494008741,87.84935760498047,88.60262112142188,39863255
2018-03-15,87.9435043334961,89.1675573916711,86.90776713042494,87.37855676818455,33302965
2018-03-16,87.3785629272461,88.60261607170105,87.3785629272461,88.60261607170105,56741066
2018-03-19,87.47271728515625,88.03766486719171,87.00192763346004,87.19024349413853,23801912
2018-03-20,87.19024658203125,87.47272038305294,87.00193071468345,87.28440451570515,22325342
2018-03-21,87.00192260742188,87.47271223192091,86.81360675762225,86.81360675762225,22562171
2018-03-22,87.3785629272461,87.94351053237915,87.00193119049072,87.56687879562378,20038540
2018-03-23,85.11878204345703,86.24867738031708,85.11878204345703,85.68372971188705,46356075
2018-03-26,84.93045806884766,85.02461600462243,84.45966838997377,84.45966838997377,25844068
2018-03-27,85.87203216552734,86.15450595554552,85.40124251549703,85.68371630551522,24066772
2018-03-28,84.83629608154297,85.58955953176755,84.83629608154297,85.58955953176755,18466060
2018-03-29,84.74213409423828,85.30708165486654,84.45966031392416,84.74213409423828,24322749
2018-03-30,86.06034088134766,86.90776218105458,85.58955127039937,85.58955127039937,27591300
2018-04-02,82.95314025878906,84.17719340676211,82.38819265203227,83.32977199662692,43630381
2018-04-03,82.10572052001953,82.38819432914804,81.82324671089103,82.01156258364337,47449579
2018-04-09,82.29402923583984,82.8589768049646,81.4466078821527,81.54076581034016,45704560
2018-04-10,81.91740417480469,82.38819385397022,81.72908830313847,81.72908830313847,28664449
2018-04-11,82.19986724853516,83.70639402514061,82.19986724853516,82.57649894268651,32021274
2018-04-12,81.72908782958984,82.38819337660266,81.72908782958984,82.01156163545248,31028807
2018-04-13,81.91740417480469,82.199877982304,81.82324623897158,81.91740417480469,20973101
2018-04-16,82.48234558105469,82.85897729603667,81.72908215109072,82.01155593732722,20499824
2018-04-17,81.44660949707031,82.19987293750565,81.44660949707031,82.10571500745122,32989891
2018-04-18,79.8459243774414,81.91739883062975,79.8459243774414,81.54076711186823,59271556
2018-04-19,80.03424072265625,80.59918830422795,78.05692418715533,79.09266142003676,55835633
2018-04-20,79.09265899658203,79.46929070608957,78.62186935969761,78.90434314182826,25127452
2018-04-23,78.15108489990234,78.99850630243141,78.15108489990234,78.71603250158839,36170394
2018-04-24,75.89128875732422,77.58613143428678,75.70297290432838,77.49197350778887,57563292
2018-04-25,75.70297241210938,75.8912882638808,74.855551079138,75.23218278268084,40303204
2018-04-26,75.89128875732422,77.2094997282951,75.79713083082629,76.7387100958055,30636437
2018-04-27,76.73871612548828,76.73871612548828,76.07961058821415,76.64455819159198,22250115
2018-04-30,78.05692291259766,78.15108084132214,76.73871191045487,77.39781741152626,23957750
2018-05-02,77.02118682861328,78.71602957056321,76.92702889850496,78.43355578023822,29409952
2018-05-03,75.4205093383789,76.0796149131213,75.4205093383789,75.60882521687674,39636875
2018-05-04,75.70297241210938,76.17376204153791,75.42049863445224,75.42049863445224,20085507
2018-05-07,76.83287811279297,77.20950986824784,75.8912987241558,76.73872017392925,20344311
2018-05-08,77.77445220947266,77.77445220947266,76.5503990875318,76.5503990875318,22615792
2018-05-09,77.02118682861328,78.24523992002156,77.02118682861328,77.02118682861328,24552268
2018-05-10,78.05692291259766,78.15108084132214,77.30365948280178,77.49197534025075,20409381
2018-05-11,80.03424072265625,80.03424072265625,78.71602969898898,79.18681935029872,37859652
2018-05-14,83.80056762695312,85.11877880310745,82.57651439195268,85.11877880310745,102619870
2018-05-15,80.97581481933594,83.80055254559184,80.97581481933594,83.80055254559184,58190856
2018-05-16,79.6576156616211,80.88166885736705,79.18682597094958,80.59919504296414,44038651
2018-05-17,79.2809829711914,80.59919408947725,79.2809829711914,79.84593059331391,22673220
2018-05-18,78.9985122680664,80.03424961603868,78.9985122680664,79.46930197169016,19150012
2018-05-21,80.03424072265625,80.505030373966,79.46929314108456,79.46929314108456,19199119
2018-05-22,79.09265899658203,80.4108699798584,79.09265899658203,80.12839619772775,19324308
2018-05-23,78.71603393554688,79.75177122417249,78.71603393554688,79.56345535351329,16045619
2018-05-24,79.18682098388672,79.46929478049987,78.62187339066041,78.62187339066041,18350489
2018-05-25,81.44660949707031,81.9173991473424,79.37513503587314,79.56345089598197,40522437
2018-05-28,83.61224365234375,83.70640158438468,82.67066433193447,83.04729606009819,51987603
2018-05-29,82.48234558105469,83.80055658349164,82.3881876523092,83.70639865474614,29795651
2018-05-30,82.29402923583984,82.95313473315205,81.4466078821527,81.4466078821527,31206329
2018-05-31,80.693359375,82.85899212368729,80.693359375,82.29404445011669,66653723
2018-06-01,81.540771484375,81.91740322333285,81.06998181067769,81.16413974541715,16267238
2018-06-04,82.67066955566406,82.85898543164508,82.29403780370204,82.38819574169256,26681376
2018-06-05,82.95314025878906,83.32977199662692,82.38819265203227,82.8589823243296,25309133
2018-06-06,83.89472198486328,83.98887992199556,82.85898467640817,82.85898467640817,35721686
2018-06-07,85.87203216552734,85.87203216552734,84.08303149541219,84.64797907544855,68589467
2018-06-08,83.1414566040039,86.53114226396329,82.85898279900728,85.96619465397006,79786823
2018-06-11,82.29402923583984,83.23560851771444,82.01155545127746,82.95313473315205,32047612
2018-06-12,82.57650756835938,83.04729723522573,82.01155996811974,82.19987583486628,32705860
2018-06-13,82.67066955566406,83.2356171836071,82.19987986571154,82.85898543164508,19736389
2018-06-14,80.50503540039062,82.19987825092517,80.50503540039062,81.72908857022112,50041681
2018-06-15,80.03424072265625,80.22255658318015,79.5634510713465,79.84592486213235,44029548
2018-06-19,78.15108489990234,79.28098010327443,78.15108489990234,78.71603250158839,52722952
2018-06-20,78.15108489990234,78.5277166343597,77.02118969653026,77.49197936460196,37314816
2018-06-21,77.86861419677734,78.62187769565789,77.86861419677734,78.15108800885754,23720154
2018-06-22,77.49197387695312,77.5861318038996,77.02118424222073,77.20950009611369,26679439
2018-06-25,76.73871612548828,77.39782166276241,76.73871612548828,77.30366372886611,28695423
2018-06-26,76.26792907714844,76.83287669994212,75.60882351722246,76.17377114001616,33393759
2018-06-27,76.17377471923828,76.7387223685775,76.17377471923828,76.36209060235136,26338176
2018-06-28,75.79713439941406,76.36208198499976,75.60881853755217,76.17376612313787,22453360
2018-06-29,78.33940124511719,78.33940124511719,76.26792669296265,76.36208462715149,31787527
2018-07-02,76.26792907714844,78.43356163119091,76.26792907714844,78.43356163119091,27297955
2018-07-03,75.9854507446289,76.9270300599279,75.79713488156911,76.3620824707485,19194058
2018-07-04,76.83287811279297,76.83287811279297,76.07961460188324,76.07961460188324,13962236
2018-07-05,76.45623779296875,77.02118536286754,76.26792193633582,76.92702743455108,13979266
2018-07-06,75.79713439941406,76.45623991593071,75.51466060662122,76.17376612313787,31423124
2018-07-09,76.07960510253906,76.83286851939589,75.98544717543196,76.64455266518168,15299233
2018-07-10,75.79713439941406,76.55039784686166,75.60881853755217,76.45623991593071,25041964
2018-07-11,76.83287811279297,77.20950986824784,75.8912987241558,75.8912987241558,29404060
2018-07-12,76.45623779296875,77.02118536286754,76.0796060797029,76.0796060797029,20967731
2018-07-13,78.05692291259766,78.05692291259766,76.92702776790384,76.92702776790384,28979532
2018-07-16,77.96277618408203,78.52772383758987,77.96277618408203,78.15109206858465,19780872
2018-07-17,78.05692291259766,78.62187048494457,77.68029119769972,78.05692291259766,18204702
2018-07-18,79.18682098388672,79.46929478049987,78.52771545845603,78.90434718727357,37352167
2018-07-19,80.2225570678711,80.2225570678711,79.37513569039358,79.56345155205524,31130595
2018-07-20,80.31671905517578,80.78750873310764,79.28098176372568,80.50503492634853,31184604
2018-07-23,80.50503540039062,80.69335127267225,79.94008778354578,80.59919333653144,28538121
2018-07-24,80.2225570678711,80.97582051451776,80.03424120620942,80.12839913704025,51556430
2018-07-25,79.74044799804688,80.22255469694679,79.45118397870692,79.83686933782685,30354254
2018-07-26,80.51182556152344,80.51182556152344,79.2583480378111,79.54761208174472,21443237
2018-07-27,80.2225570678711,80.70466378101935,80.02971438261179,80.31897841050075,19002229
2018-07-30,81.18677520751953,81.28319655574698,80.12614037701749,80.41540442169988,29675366
2018-07-31,80.80108642578125,80.99392911414826,80.4154010490472,80.60824373741423,20707232
2018-08-01,81.09034729003906,81.28318997087149,80.51181924754175,80.89750460920662,23742560
2018-08-02,79.83687591552734,81.47603882683647,79.64403322007921,81.47603882683647,22842141
2018-08-03,80.80108642578125,80.80108642578125,80.02971567231316,80.60824373741423,18473730
2018-08-06,81.57245635986328,81.86172038950818,80.60824292771359,80.60824292771359,18488156
2018-08-07,81.3796157836914,82.1509865494136,81.3796157836914,82.1509865494136,24845871
2018-08-08,81.95813751220703,82.05455885045669,81.3796094827091,81.95813751220703,26145400
2018-08-09,82.1509780883789,82.53666343151683,81.95813541680994,82.53666343151683,20805246
2018-08-10,82.825927734375,82.9223490705035,82.24739971760405,82.34382105373254,25760288
2018-08-13,80.80108642578125,82.92235599781846,80.51182239323072,82.82593465363495,28042868
2018-08-14,78.39055633544922,80.1261406085588,77.90844959291879,80.1261406085588,59249690
2018-08-15,78.19770812988281,78.58339349673797,77.4263373961725,78.10128678816903,37646316
2018-08-16,78.29412841796875,78.87265646046605,77.42633635422278,78.10128573713631,20949308
2018-08-17,78.19770812988281,79.16192154702071,78.19770812988281,79.06550020530692,19087311
2018-08-20,78.10128784179688,78.67981589988426,78.10128784179688,78.19770918481143,16867433
2018-08-21,78.10128784179688,78.39055187084057,78.10128784179688,78.294130527826,17415579
2018-08-22,78.77622985839844,78.96907252635046,78.2941231885184,78.2941231885184,13418093
2018-08-23,78.8726577758789,79.16192180195182,78.1012870396845,79.16192180195182,17029659
2018-08-24,78.19770812988281,78.67981483845176,77.61918007960008,78.58339349673797,17189495
2018-08-27,78.10128784179688,78.39055187084057,77.90844515576774,78.19770918481143,15902831
2018-08-28,78.29412841796875,78.58339243921739,78.10128573713631,78.39054975838496,18467742
2018-08-29,78.48697662353516,78.48697662353516,78.19771258192507,78.29413392912844,17455293
2018-08-30,78.00487518310547,78.67982465934989,78.00487518310547,78.67982465934989,21364048
2018-08-31,77.61917877197266,77.90844279224088,77.42633609179384,77.81202145215147,34669629
2018-09-03,77.2334976196289,77.81202569168606,77.2334976196289,77.81202569168606,19007812
2018-09-04,77.2334976196289,77.61918300100034,77.2334976196289,77.32991896497177,13959788
2018-09-05,77.2334976196289,77.61918300100034,77.2334976196289,77.61918300100034,18018246
2018-09-06,76.46212768554688,77.23349845664949,76.26928499277122,77.13707711026167,31412452
2018-09-07,74.91938018798828,76.2692789301142,74.72653751054172,76.2692789301142,49261782
2018-09-10,72.41242218017578,74.72653420723866,72.12315817679293,74.6301128727777,62290696
2018-09-11,74.91938018798828,74.91938018798828,72.70168939735285,72.70168939735285,38918984
2018-09-12,74.24443817138672,75.4979156989556,73.8587527782886,75.208651654132,35146614
2018-09-13,73.28022003173828,74.24443345320852,73.08737734744423,74.24443345320852,28930405
2018-09-14,75.11222839355469,75.2086497393744,73.95517224371815,73.95517224371815,25355916
2018-09-17,75.01580810546875,75.20865079982728,74.72654406393096,75.20865079982728,12293253
2018-09-18,73.0873794555664,74.43727828456103,73.0873794555664,74.34085693963284,27709529
2018-09-19,73.66590118408203,73.76232252071041,73.08737316431176,73.47305851082527,24462112
2018-09-20,72.89453887939453,73.569488313463,72.50885348849826,73.47306696573894,21282019
2018-09-21,73.0873794555664,73.47306483527916,72.41243004106909,73.0873794555664,36897023
2018-09-25,73.37663269042969,73.56947535190255,72.50884071380173,72.79810470601105,16418112
2018-09-26,74.53369903564453,75.11222710060426,73.76232828236489,74.05159231484475,25844777
2018-09-27,75.88359832763672,75.88359832763672,74.53369950096975,74.7265421904936,24585896
2018-09-28,76.36570739746094,76.65497144063313,75.3050725724962,76.07644335428874,30414720
2018-10-01,77.04065704345703,77.52276378340356,76.7513929994891,77.04065704345703,21893979
2018-10-02,75.30506896972656,77.52275986128062,75.30506896972656,77.42633851816957,31390971
2018-10-03,75.01580810546875,75.40149349418581,74.82296541111022,75.30507214700654,14156884
2018-10-04,73.47306823730469,75.01580982758931,73.47306823730469,74.91938847819651,24244027
2018-10-05,72.89453887939453,73.76233100891113,72.50885348849826,73.47306696573894,25313910
2018-10-08,72.7981185913086,73.37664668607395,72.60527589305347,72.70169724218103,15148312
2018-10-09,72.60527038574219,73.28021977843832,72.60527038574219,72.99095575299712,17571152
2018-10-11,67.59136199951172,69.71263156297714,67.49494065571783,69.61621021918324,77677171
2018-10-12,69.32695007324219,69.42337142244003,67.20568039088985,67.49494443848336,37269571
2018-10-15,67.97704315185547,68.65199251648382,67.68777913844332,68.65199251648382,30235586
2018-10-16,67.88062286376953,67.97704420306466,67.49493750658903,67.59135884588416,44156946
2018-10-17,65.66293334960938,68.45915224408613,65.66293334960938,68.16988822051957,68614752
2018-10-18,65.66293334960938,65.66293334960938,65.66293334960938,65.66293334960938,0
2018-10-19,65.66293334960938,65.66293334960938,65.66293334960938,65.66293334960938,0
2018-10-22,65.66293334960938,65.66293334960938,65.66293334960938,65.66293334960938,0
2018-10-23,65.66293334960938,65.66293334960938,65.66293334960938,65.66293334960938,0
2018-10-24,65.66293334960938,65.66293334960938,65.66293334960938,65.66293334960938,0
2018-10-25,65.66293334960938,65.66293334960938,65.66293334960938,65.66293334960938,0
2018-10-26,58.77845764160156,61.55539746757989,58.23850038937948,61.55539746757989,94812656
2018-10-29,58.23848342895508,60.321181806815105,58.23848342895508,60.321181806815105,37754156
2018-10-30,58.93272018432617,59.00985607407143,58.08421362694599,58.23848540643651,25299205
2018-10-31,60.784019470214844,60.78401947021484,59.93550690899664,60.24405639624944,38499406
2018-11-01,61.63251876831055,61.70965465961682,60.706870417361536,60.93828397637161,27690014
2018-11-02,62.48102569580078,62.943846931344005,60.706870760278555,61.47824144788103,33316756
2018-11-05,61.709659576416016,62.48103032112122,61.32397420406341,62.48103032112122,22308657
2018-11-06,59.626953125,61.40110207484084,59.4726754651719,61.32396618747228,26881925
2018-11-07,60.08979034423828,60.47547576893161,59.70410491954496,60.47547576893161,23677091
2018-11-08,59.08700180053711,60.47547158746691,59.08700180053711,60.321193897201304,30369462
2018-11-09,58.701316833496094,59.08700223435361,58.238495529485505,59.00986633120054,29029195
2018-11-12,58.77845764160156,59.31842077891631,58.4699140032419,58.54704991283182,20715466
2018-11-13,57.389984130859375,57.69853360332847,56.92716286470158,57.389984130859375,30588718
2018-11-14,56.54147720336914,57.62139152379602,56.310063628939574,57.544255627350054,35069438
2018-11-15,57.46711349487305,58.161348257735355,55.92437219299726,56.54147106778399,37801181
2018-11-16,57.31284713745117,57.85280429012235,56.92716177551702,57.775668394753836,23944773
2018-11-19,56.61861801147461,56.927167509116785,56.38720441696994,56.85002572088711,29552164
2018-11-20,54.76732635498047,56.078654350288225,54.76732635498047,55.538697148712586,41220804
2018-11-21,54.458770751953125,54.690184318152475,53.14744290373402,53.22457879743665,43230083
2018-11-22,53.61027145385742,54.767327672286,53.533135549647305,54.45877817035326,32741087
2018-11-23,53.995948791503906,54.30449824733078,53.68739933567704,53.918812898820036,22499145
2018-11-26,54.76732635498047,55.15301175184653,54.45877686046919,54.99873994713695,25454931
2018-11-27,54.53590774536133,54.76732131622708,54.07308648872138,54.76732131622708,23732315
2018-11-28,56.387203216552734,56.61861680613089,54.76732574478182,54.76732574478182,48605161
2018-11-29,55.847251892089844,57.46712953415487,55.847251892089844,57.38999362455038,44157607
2018-11-30,55.46155548095703,57.00429690804852,55.46155548095703,56.00151262640245,77449359
2018-12-03,57.08142852783203,57.31284207860291,56.38719376061046,56.38719376061046,44718298
2018-12-04,56.61861801147461,57.08143931539178,56.38720441696994,57.08143931539178,23349621
2018-12-05,55.230140686035156,55.92437548982366,55.1530047934123,55.770103704577934,23887867
2018-12-06,53.224578857421875,54.76732027357903,53.07030706984274,54.22736313196061,70095497
2018-12-07,53.30172348022461,53.68740889742608,53.30172348022461,53.37885938664642,29761587
2018-12-10,52.221797943115234,52.76176100456925,52.14466204436233,52.6074833219716,34091628
2018-12-11,52.761756896972656,53.37884992404595,52.761756896972656,52.8388927897204,27835901
2018-12-12,54.921592712402344,55.30727807101498,54.073086100472864,54.38163556438127,47974303
2018-12-13,56.310062408447266,56.310062408447266,54.92159276214757,54.92159276214757,46293838
2018-12-14,55.15300750732422,56.00151413811088,54.84445803655862,56.00151413811088,31581440
2018-12-17,54.84445571899414,55.69296231392541,54.84445571899414,55.230141069880304,17772612
2018-12-18,54.61305236816406,54.61305236816406,54.07308930307096,54.38163878525389,22905185
2018-12-19,55.384422302246094,55.384422302246094,54.613051550878275,54.6901874489967,17919150
2018-12-20,55.15300750732422,55.69296466734528,54.690186243721655,54.84445803655862,25126106
2018-12-21,55.07586669921875,55.07586669921875,54.150218369471624,54.458767812720666,33056429
2018-12-24,55.07586669921875,55.07586669921875,54.53590370226014,54.613045476890754,11791597
2018-12-25,54.53590774536133,54.69018542096902,53.99595059346332,53.99595059346332,10943586
2018-12-26,54.15022277832031,54.92159350670147,54.15022277832031,54.69018581924209,9507306
2018-12-27,54.61305236816406,55.384423131075465,54.61305236816406,55.384423131075465,17074054
2018-12-28,54.61305236816406,54.84446006598236,54.53591058379942,54.69018826743683,16169241
2019-01-02,54.07308578491211,55.075870065489504,53.91881399640397,55.075870065489504,16775306
2019-01-03,53.14744567871094,53.533131052453264,52.83889620269873,53.224581576441054,36198461
2019-01-04,52.14466094970703,52.607482217600456,51.681839681813614,52.607482217600456,37013571
2019-01-07,53.45599365234375,53.53312954790596,52.68462292653845,52.9931665087873,24084557
2019-01-08,52.91603469848633,53.68740548384354,52.607485207325034,53.68740548384354,18303188
2019-01-09,53.9188117980957,54.15021947142325,53.07030522571216,53.14744111682135,31946504
2019-01-10,53.45599365234375,53.8416790152464,53.14744418500331,53.8416790152464,19041006
2019-01-11,53.53313446044922,54.15022756666691,53.53313446044922,53.841683956104134,23895923
2019-01-14,52.993167877197266,53.764538622921194,52.91603197964322,53.45599503270502,14186528
2019-01-15,54.22736740112305,54.45877510070979,53.610268432041195,53.610268432041195,34095247
2019-01-16,54.15022277832031,54.381636350871304,53.841679195041145,53.841679195041145,16978789
2019-01-17,54.304500579833984,54.6901859449108,53.995951110754206,54.5359082678251,14229333
2019-01-18,54.61305236816406,54.61305236816406,54.22736698670836,54.38163878525389,13989609
2019-01-21,54.921592712402344,55.07587038690232,54.69018502828968,54.998734492198096,13812012
2019-01-22,54.53590774536133,54.9215931067432,54.22736416432908,54.9215931067432,9804658
2019-01-23,53.76453399658203,54.38163289409765,53.68739810566539,54.38163289409765,13311510
2019-01-24,53.995948791503906,54.07308468418778,53.610263442993165,53.610263442993165,21008129
2019-01-25,54.53590774536133,54.69018542096902,54.15022238397945,54.15022238397945,30878222
2019-01-28,54.61305236816406,54.76732416670959,54.45877468452666,54.61305236816406,19776596
2019-01-29,53.9188117980957,54.45876892095124,53.84167590698652,53.9188117980957,24642535
2019-01-30,53.995948791503906,54.381634140014654,53.841677006136166,53.918812898820036,25665168
2019-02-11,53.9188117980957,54.998731928898046,53.9188117980957,54.998731928898046,37551372
2019-02-12,55.538692474365234,55.538692474365234,54.15022280846946,54.38163638114929,39354433
2019-02-13,55.538692474365234,56.15579141145039,55.23014300582266,55.69296426609071,31353987
2019-02-14,55.07586669921875,55.6929597006257,55.07586669921875,55.538687921546746,15001817
2019-02-15,54.22736740112305,55.153009969653894,54.22736740112305,55.153009969653894,24217212
2019-02-18,54.76732635498047,55.30728355655611,54.61305455027089,54.61305455027089,24104159
2019-02-19,55.538692474365234,55.770106047045076,55.075871214097184,55.075871214097184,26849801
2019-02-20,56.464332580566406,56.927159706136244,55.8472395549589,56.00151134008793,46550905
2019-02-21,56.92716598510742,56.92716598510742,56.310067006343566,56.77288829787045,29935136
2019-02-22,56.69575119018555,56.69575119018555,56.31006580793939,56.69575119018555,24033042
2019-02-25,56.61861801147461,56.69575391461211,56.07865491932776,56.69575391461211,23324206
2019-02-26,56.155792236328125,56.92716297646949,56.155792236328125,56.772885297386196,19709421
2019-02-27,56.07864761352539,56.31006117788202,55.77010404117177,56.232925284793616,24412855
2019-03-04,55.69296646118164,55.84724414407947,55.153009283768895,55.77010824517648,35967079
2019-03-05,55.46155548095703,55.53869137529331,54.99873422984789,55.23014191285671,15266318
2019-03-06,55.92437744140625,55.92437744140624,55.538692079741374,55.77010565077693,12965399
2019-03-07,55.230140686035156,55.92437548982366,55.1530047934123,55.8472395972008,18481684
2019-03-08,54.53590774536133,55.153006677608964,54.45877185010326,55.153006677608964,26489333
2019-03-11,54.304500579833984,54.61305004891376,54.22736468383695,54.5359082678251,16883254
2019-03-12,54.921592712402344,55.07587038690232,54.61304913358546,54.7673209229939,17317165
2019-03-13,54.53590774536133,54.84445721148514,54.45877185010326,54.61304952571096,15570731
2019-03-14,54.84445571899414,54.99873339040345,54.53590626126692,54.76731982583519,15826574
2019-03-15,54.458770751953125,54.84445610555774,54.458770751953125,54.76732021185511,39278305
2019-03-18,55.538692474365234,55.538692474365234,54.76732174555461,54.84445764141735,19365627
2019-03-19,55.770111083984375,56.00151879247244,55.307283896823954,55.53869749040417,15694654
2019-03-20,55.847251892089844,55.92438780169434,55.53870236857921,55.69297418778819,13949626
2019-03-21,56.310062408447266,56.38719830322135,55.9243770494853,56.00151294425939,18642534
2019-03-22,56.310062408447266,56.69574776740924,55.84724115471121,56.61861187263515,15792364
2019-03-25,54.921592712402344,55.53869164021917,54.84445681769812,55.53869164021917,20943727
2019-03-26,55.384422302246094,55.461558200364514,55.15300872279903,55.384422302246094,6931426
2019-03-27,55.46155548095703,55.53869137529331,55.38441958662076,55.53869137529331,8550359
2019-03-28,55.384422302246094,55.53869409848294,55.15300872279903,55.53869409848294,7024350
2019-03-29,56.69575119018555,56.69575119018555,55.230145560631755,55.46155914401621,37626532
2019-04-01,62.32676315307617,62.32676315307617,59.16413815693237,59.39555175155973,168930589
2019-04-02,63.25240707397461,64.48659920571663,62.71244985542882,63.09813526441647,100156317
2019-04-03,63.175262451171875,63.792355489339485,62.249614066283236,63.48381191280143,42366852
2019-04-08,63.56094741821289,64.10090455894374,63.252397958470354,63.63808331187566,50206746
2019-04-09,63.63808059692383,63.946630043502914,63.25239525997277,63.869494153130944,28246484
2019-04-10,64.02377319335938,64.33232267492406,63.560951913558284,63.94663729424118,34543224
2019-04-11,64.64087677001953,65.33510579672355,64.25519136180961,64.48659907568019,44939031
2019-04-12,66.72357177734375,66.87784357770546,66.02933690553219,66.02933690553219,58914750
2019-04-15,68.88340759277344,69.26909295245282,67.26352437404682,67.72635151373531,72325290
2019-04-16,69.34622955322266,70.50328564403807,69.03768008532022,70.50328564403807,80576870
2019-04-17,70.81182861328125,71.5060574959853,69.50049496631466,70.19472973410979,91422037
2019-04-18,70.6575698852539,74.97724554173675,69.80906311283466,72.50886113377302,156478595
2019-04-19,68.57485961914062,71.66034256366805,68.3434460442644,71.42892898879182,84815908
2019-04-22,67.72635650634766,69.19195627309628,67.64921472065184,68.49772728256987,42019217
2019-04-23,68.1120376586914,68.26630945030517,66.95498156631335,68.0348958777929,66167792
2019-04-24,67.03211212158203,68.72912523449655,66.41501323410886,68.65198934483519,52576993
2019-04-25,66.95497131347656,67.26351484945671,66.18360070334477,66.33787247133483,32202088
2019-04-26,67.41780853271484,67.72635802715064,66.72357364150733,67.41780853271484,31089333
2019-04-29,67.72635650634766,68.49772728256987,67.41780701884038,67.4949429194442,33405276
2019-04-30,67.03211212158203,67.8806186780393,66.41501323410886,67.8806186780393,34255579
2019-05-02,67.03211212158203,67.34066156531863,66.56929089852272,66.72356267784544,24879608
2019-05-03,68.03489685058594,68.11203863258744,66.87784074166379,67.340667893306,25168371
2019-05-06,65.48937225341797,66.4921506116367,65.41223636203057,66.10646526960844,48477706
2019-05-07,66.80070495605469,67.34066800550637,65.79792652437304,65.79792652437304,31286229
2019-05-08,66.26074981689453,66.56929929957008,65.79792853542716,66.18361391749862,24225963
2019-05-09,65.02655792236328,66.33788587041614,65.02655792236328,65.95220048744861,37217280
2019-05-10,64.56372833251953,66.02933390983006,64.10090706734033,65.56651264465087,26540533
2019-05-13,62.63530349731445,64.40945860329835,62.55816759816121,64.40945860329835,36817422
2019-05-14,61.478240966796875,62.09533986608641,60.784012061460224,61.01541973487535,58728717
2019-05-15,60.01264190673828,60.47546314272286,59.781228346200336,60.244049582184914,68954827
2019-05-16,58.547035217285156,60.39832600822488,58.547035217285156,60.244048342676706,61070947
2019-05-17,57.62139129638672,59.47268222924194,57.54425540024518,59.08699686344259,50083428
2019-05-20,57.85280990600586,58.701316607608845,57.62139631234497,58.08422349966674,31140335
2019-05-21,57.85280990600586,58.16135940252298,57.54426040948873,58.08422349966674,36661660
2019-05-22,57.08142852783203,58.08421273438443,57.08142852783203,57.929935072173485,30618177
2019-05-23,55.15300750732422,56.15579181603951,55.15300750732422,56.07865003452936,62459307
2019-05-24,55.07586669921875,55.6929597006257,54.844453145509185,55.15300258875823,40844359
2019-05-27,55.07586669921875,55.46155203200727,54.844453145509185,55.230138478297704,25409320
2019-05-28,54.921592712402344,55.53869164021917,54.921592712402344,54.998734492198096,136700059
2019-05-29,55.69296646118164,55.77010824517648,54.07308904385156,54.15022494275454,43871336
2019-05-30,56.61861801147461,56.85002572088711,55.30728411776841,55.69296951854809,44666687
2019-05-31,57.004295349121094,57.77566604157174,56.15578876444365,56.31006054889724,52374507
2019-06-03,56.61861801147461,56.85002572088711,55.69296951854809,56.541482108337114,30691063
2019-06-04,55.384422302246094,56.618614327416246,55.384422302246094,56.38720074796918,39322197
2019-06-05,54.76732635498047,56.15579613773513,54.76732635498047,55.924382545578645,48066800
2019-06-06,54.84445571899414,55.538690527607514,54.76731982583519,54.76731982583519,38757260
2019-06-10,55.61582946777344,55.770107147635116,54.92159462112524,55.53869357038847,35654410
2019-06-11,55.847251892089844,56.155801415600486,55.461566458974715,55.615838278183695,27727014
2019-06-12,56.85002136230469,57.00429904184369,55.53869345422767,55.924378825437586,40554559
2019-06-13,57.2357063293457,57.38998400779528,56.4643355923729,56.77288506418036,42030922
2019-06-14,57.92994689941406,58.238496401739745,57.23571199045434,57.23571199045434,40758143
2019-06-17,58.93272018432617,59.00985607407143,58.007071852109576,58.315621296181774,33117649
2019-06-18,58.547035217285156,59.78122711621457,57.92993632527485,59.54981356043791,36656969
2019-06-19,59.5498161315918,59.70409380380114,58.93272309802875,59.70409380380114,49543345
2019-06-20,59.93550491333008,60.01264669639367,59.24127594649192,59.6269613214428,26823796
2019-06-21,59.24127197265625,60.78401336897447,59.0869943019696,60.3211862420059,58532183
2019-06-24,59.47268295288086,59.549818849960964,58.084219150163925,58.93272578822845,28060800
2019-06-25,58.93272018432617,59.70409085196109,58.70130662999923,59.39554140788889,21534885
2019-06-26,58.855587005615234,59.16413057880856,58.70130933392715,58.70130933392715,17510518
2019-06-27,59.704097747802734,60.08978312616698,59.1641346870377,59.241276470784015,30881055
2019-06-28,59.704097747802734,60.32119082213042,59.704097747802734,59.8583695451117,21112390
2019-07-01,61.24684143066406,61.478249134824125,60.629742449386484,60.706878350773174,37776031
2019-07-02,61.01542282104492,61.323972286296176,60.706873355793675,60.938286926005,21546017
2019-07-03,59.78123474121094,60.78401909735835,59.78123474121094,60.47546961199823,30692214
2019-07-04,59.93550491333008,60.47546796931638,59.781233117386435,60.16691849233732,14276447
2019-07-05,60.32118225097656,60.39832402376165,60.08977458789428,60.08977458789428,10943297
2019-07-08,60.93828582763672,60.93828582763672,60.398328686998035,60.47546458064764,19426333
2019-07-09,60.08979034423828,61.01543300946525,60.01265443631813,61.01543300946525,20888735
2019-07-10,60.08979034423828,60.70688349269208,59.93551264330543,60.70688349269208,20106457
2019-07-11,60.32118225097656,60.70686757453803,60.01263870020019,60.24404636328247,20457120
2019-07-12,59.85837173461914,60.321193028567,59.78123583314317,60.16692122561506,26468868
2019-07-15,60.244049072265625,60.32118496342827,58.7013077086476,59.47267839045661,32661975
2019-07-16,61.709659576416016,62.32675852621687,60.475467561906044,60.475467561906044,59184035
2019-07-17,61.169708251953125,62.01821497515797,61.169708251953125,61.86393728042562,31541667
2019-07-18,60.93828582763672,61.4782429682754,60.93828582763672,61.09255761493593,20198449
2019-07-19,61.169708251953125,62.01821497515797,61.169708251953125,61.40111596641319,24476592
2019-07-22,62.17247772216797,62.32675539441188,61.24683522907026,61.3239711226465,38577555
2019-07-23,62.40388488769531,62.78957020111112,61.94106368861452,62.5581566590253,38227545
2019-07-24,62.71244430541992,62.86671610132511,62.32675893056517,62.63530252237555,73095922
2019-07-25,63.767112731933594,64.33501695180107,63.11808729588773,63.28034210749312,62909028
2019-07-26,63.604854583740234,64.01049778109875,63.361466189475536,63.604854583740234,22089564
2019-07-29,63.604854583740234,63.84823678838096,63.28033878792863,63.52372718219333,18209593
2019-07-30,63.11808395385742,63.92937034817629,62.95582296121926,63.84823675704522,27716754
2019-07-31,63.767112731933594,63.84824013773628,63.036953700460735,63.442596919098506,23732224
2019-08-01,63.19921875,63.60486199462179,62.95583032737704,63.11809133900058,31383363
2019-08-02,61.25212478637695,62.1445386115649,61.25212478637695,62.06341120738857,51771742
2019-08-05,59.0616455078125,60.76534551119447,58.8993845329617,60.76534551119447,49484279
2019-08-06,59.46729278564453,59.71067498036877,57.3579432936254,57.60133167797337,40168974
2019-08-07,59.142784118652344,59.95407057792158,59.06165671065031,59.710682164291015,26458601
2019-08-08,59.30503463745117,59.79180523981673,58.980518839332795,59.06165243108041,18743614
2019-08-12,59.79180908203125,60.27858590530106,59.06165622637539,59.386165855722695,17609546
2019-08-13,59.142784118652344,59.87294316991955,59.14278411865234,59.87294316991955,18041979
2019-08-14,58.899383544921875,60.27857395471286,58.899383544921875,60.035185591331164,34110030
2019-08-15,58.088104248046875,58.33149264073712,57.84472204498058,58.006976847024774,29341797
2019-08-16,58.41262435913086,58.98052239788376,57.7635927237352,57.925853727396316,33475801
2019-08-19,58.73714065551758,59.223911291219146,58.574879650534086,58.818268063197095,19816447
2019-08-20,58.73714065551758,59.14278388353963,58.73714065551758,58.818268063197095,18777661
2019-08-21,59.629547119140625,59.87293550159884,58.89938816138968,59.2239039414594,27098920
2019-08-22,59.95406723022461,60.278583033736986,59.467296619768106,60.03519463369667,23080538
2019-08-23,59.46729278564453,59.954063364716745,59.386159197779385,59.62954758212736,16397789
2019-08-26,58.41262435913086,58.49375176614922,58.08810854143303,58.250369545094145,29641247
2019-08-27,58.57487869262695,58.8993945076625,58.412623879921355,58.8182671013097,37138289
2019-08-28,58.73714065551758,58.818268063197095,58.412624835175045,58.656013247838054,14696633
2019-08-29,58.33148956298828,58.73713273631974,58.25036216624671,58.73713273631974,20188936
2019-08-30,60.197444915771484,60.197444915771484,58.89938798891733,59.06164897328889,39791593
2019-09-02,60.03519058227539,60.35970636388811,59.87293578628089,60.35970636388811,18506890
2019-09-03,59.71068572998047,60.278589999156644,59.71068572998046,60.19745639668516,14880467
2019-09-04,60.278587341308594,60.44084215984761,59.791810506442374,59.95407151460597,22256326
2019-09-05,60.76535415649414,61.08986996274245,60.359710946089805,60.68422675233811,26853451
2019-09-06,60.84648513793945,61.576644197519634,60.84648513793945,61.25212837219238,29147446
2019-09-10,60.1163215637207,60.68422576280085,59.872939355221284,60.68422576280085,24330390
2019-09-11,60.440834045410156,61.08986561168017,60.197445660652974,60.440834045410156,35738526
2019-09-12,61.65776824951172,61.65776824951172,60.521966017516924,60.84648182517604,61561226
2019-09-16,61.65776824951172,61.98228405717084,60.84648182517604,61.90115665266211,40895700
2019-09-17,60.52197265625,61.25213175616904,60.4408452428423,60.765361086097975,43926799
2019-09-18,60.35970687866211,60.76535006173158,60.116318492970926,60.60308907472954,33122317
2019-09-19,59.629547119140625,60.684221856961294,59.629547119140625,60.5219608721146,31821479
2019-09-20,60.440834045410156,60.440834045410156,59.87293606714171,59.87293606714171,33275500
2019-09-23,60.60308837890625,60.60308837890625,60.19744520049423,60.44083358339092,10657229
2019-09-24,60.76535415649414,61.08986996274245,60.44083835024584,60.6030931585579,19777743
2019-09-25,60.68423080444336,60.68423080444336,60.11632655818176,60.60309720524556,18380995
2019-09-26,60.03519058227539,60.84647694149533,60.03519058227539,60.84647694149533,21861993
2019-09-27,59.386165618896484,60.27858566491596,59.386165618896484,60.11632466126497,25514894
2019-10-01,58.899383544921875,59.223899299556415,58.57486779028734,58.57486779028734,45392934
2019-10-02,58.6560173034668,58.81827213004455,58.57488370055304,58.57488370055304,25487396
2019-10-03,58.41262435913086,58.574879173167574,58.00698113441467,58.250369545094145,27606086
2019-10-04,58.98052215576172,58.98052215576172,58.4126241193401,58.574878932710746,18814662
2019-10-07,59.54842758178711,60.03519822133247,59.38616657552232,59.54842758178711,25366095
2019-10-08,60.03519058227539,60.1974453782699,59.62954740266542,59.95406318427814,28493260
2019-10-09,59.142784118652344,59.87294316991955,59.14278411865234,59.62955475628899,18869984
2019-10-14,60.440834045410156,60.440834045410156,59.87293606714171,60.27857924865453,48248401
2019-10-15,60.60308837890625,61.17099254245729,60.44083358339092,60.84647676180294,39808855
2019-10-16,60.84648513793945,61.17100096326671,60.60309672153788,61.17100096326671,35414100
2019-10-17,62.63130569458008,62.874694083009004,60.846478144847424,61.08986653327635,81667038
2019-10-18,62.3879280090332,63.442596659399605,62.3879280090332,62.955826036951706,79307262
2019-10-21,62.95582580566406,62.95582580566406,61.982284564344866,62.631309995349575,32380971
2019-10-22,64.49726867675781,64.74065707214235,63.604854876387854,63.685982278308025,84067950
2019-10-23,65.30855560302734,65.63307140295477,64.17275339809336,64.90291240052406,89180610
2019-10-24,65.30855560302734,65.8764536106823,65.06516720567575,65.63307140295477,40227260
2019-10-25,65.06517791748047,65.47082118676556,64.57840723226336,65.47082118676556,35236261
2019-10-28,64.98403930664062,65.55194349958103,64.90291190468457,65.30855510408885,24589303
2019-10-29,65.55194854736328,66.03871918620705,64.98404431069181,64.98404431069181,43338927
2019-10-30,65.06517791748047,65.63308220825466,64.65953464819536,65.63308220825466,31199154
2019-10-31,65.38967895507812,66.03871051472912,65.38967895507812,65.71419473490363,39460853
2019-11-01,68.79708862304688,68.79708862304688,65.6330704514656,66.03871364808822,124277985
2019-11-04,72.2044906616211,72.28561806488909,69.85175882910411,69.85175882910411,155824158
2019-11-05,73.01578521728516,73.34030105617582,72.28562612718734,73.01578521728516,114554576
2019-11-06,73.34030151367188,73.74594476740941,72.12337175245926,73.42142892649441,102692823
2019-11-07,73.66481018066406,73.8270649905078,72.85352375219695,73.34029437135237,91907245
2019-11-08,73.74594116210938,75.368514097735,73.74594116210938,73.9893233886785,107939604
2019-11-11,71.31208038330078,74.07045555858947,70.33853292692714,73.82706714708995,112360283
2019-11-12,73.82705688476562,73.82705688476562,71.96109582831224,72.28561160199416,87919854
2019-11-13,72.77239227294922,73.50255131771824,72.3667490469247,73.0157806844137,52397137
2019-11-14,72.4478759765625,74.1515761311517,72.4478759765625,74.1515761311517,89212854
2019-11-15,73.0969009399414,73.66480511458701,72.85351874191369,73.58367152562063,43361570
2019-11-18,73.42142486572266,73.58367968239378,72.93465422608475,73.09690904275588,35921688
2019-11-19,75.28738403320312,75.28738403320312,73.25916793521408,73.42142274720348,108575561
2019-11-20,74.55722045898438,75.28737944771387,73.98931627236189,75.28737944771387,44527871
2019-11-21,75.04399871826172,75.04399871826172,73.58368059167815,73.98932382799308,52752786
2019-11-22,74.15158081054688,75.4496378583572,74.07045340561328,75.4496378583572,30090529
2019-11-25,72.6912612915039,74.31383411582152,72.20449068213345,74.31383411582152,56144076
2019-11-26,72.93464660644531,73.34028979536923,72.5290034175214,73.34028979536923,71764119
2019-11-27,73.50254821777344,73.6648092151146,72.69126179994012,72.69126179994012,19965877
2019-11-28,72.853515625,73.58366837746858,72.77238203950478,73.50254098159692,19363801
2019-11-29,71.7988510131836,73.42142391743633,71.55546260169592,73.01578069137315,37571546
2019-12-02,71.87997436523438,72.44787856345816,70.41966254756767,71.87997436523438,31236074
2019-12-03,73.01578521728516,73.25917364385936,71.23095738782366,71.6366006390308,33514279
2019-12-04,72.6101303100586,73.01577349614831,71.96109873646553,73.01577349614831,23893634
2019-12-05,72.93464660644531,73.58367199494927,72.69125821724143,73.01577400630532,19851813
2019-12-06,73.42142486572266,73.74594068868942,72.77239321978911,73.50255227405822,20657992
2019-12-09,73.82705688476562,74.39495484649132,73.25915892303993,73.66480209273645,39013354
2019-12-10,73.25916290283203,73.66480609456504,73.09690191236449,73.42141770367567,14099519
2019-12-11,74.07044982910156,74.07044982910156,73.3402908407066,73.42141824172295,32362218
2019-12-12,73.82705688476562,74.80059801618783,73.82705688476562,74.63834322415866,32664180
2019-12-13,73.82705688476562,74.63834322415866,73.74592948875103,74.63834322415866,33488249
2019-12-16,74.31382751464844,74.96285906257273,73.90818434460164,74.2327001185638,457107
2019-12-17,74.31382751464844,74.55721589252595,73.90818434460164,74.47608849644129,30639698
2019-12-18,74.96286010742188,75.2873758859072,73.90818537475047,74.31382855045122,58840462
2019-12-19,74.80060577392578,74.80060577392578,74.07045294444512,74.6383509650688,28904382
2019-12-20,73.90819549560547,75.12512518935185,73.90819549560547,75.04399778102699,39053336
2019-12-23,74.23270416259766,74.39495896360623,73.58367257931555,74.07044936158908,16995564
2019-12-24,73.74594116210938,74.23271180487215,73.664813753253,74.23271180487215,11775451
2019-12-25,73.82705688476562,74.07044526243295,73.66480209273645,73.90818428078022,11310473
2019-12-26,73.66481018066406,74.07045339489763,73.58367658611796,73.8270649905078,10097183
2019-12-27,74.23270416259766,74.55721995423872,73.90818837095661,74.15157676209337,19597995
2019-12-30,73.74594116210938,74.47610022106582,73.74594116210938,74.31383921372853,15811376
2019-12-31,73.66481018066406,74.15158079981948,73.58367658611796,73.58367658611796,14491239
2020-01-02,73.66481018066406,74.23270820474136,73.25916696643051,73.8270649905078,20758722
2020-01-03,74.31382751464844,74.80059808077988,73.6648021563477,74.15157272247914,37936877
2020-01-06,73.42142486572266,73.90819550536055,73.09690904275588,73.90819550536055,26352522
2020-01-07,72.2856216430664,73.82706713995744,71.63659619517111,73.42142391391371,42728140
2020-01-08,70.17627716064453,71.4743342285813,70.17627716064453,71.31207941619833,56101121
2020-01-09,70.66304779052734,71.14981841732201,70.58192038433228,70.82530879254179,28192381
2020-01-10,72.2044906616211,72.2044906616211,70.9875610437286,71.39320424969276,32264863
2020-01-13,72.6912612915039,72.77238869479497,71.87997487934511,72.77238869479497,23369554
2020-01-14,73.01578521728516,73.09691262960162,72.69126937839448,73.01578521728516,18618838
2020-01-15,72.93464660644531,73.25916239550922,72.6101308173814,73.01577400630532,23798041
2020-01-16,73.01578521728516,73.17804004191808,72.52901455376154,72.85353039265222,19281565
2020-01-17,74.8817367553711,74.96286415696908,73.82706196572542,73.82706196572542,77634511
2020-01-20,74.8817367553711,75.77415055219683,74.71947576255116,75.20624636176301,35277412
2020-01-30,67.41790008544922,69.93288674286084,67.41790008544922,69.36498872621519,153608274
2020-01-31,67.49903106689453,68.87822176411473,67.01226042830926,67.33677625057427,69486948
2020-02-03,66.687744140625,66.76887773784338,62.71244546190209,64.49727318746648,66666856
2020-02-04,66.687744140625,74.39496546491344,66.687744140625,74.23271064972558,45872853
2020-02-05,66.687744140625,67.09338736821913,66.20097350543693,66.687744140625,47188064
2020-02-06,67.82355499267578,67.82355499267578,66.76888618133391,66.93114101704029,43379109
2020-02-07,67.25564575195312,67.82354377260309,67.09338475346442,67.82354377260309,26495116
2020-02-10,66.5254898071289,67.0933878540229,64.01050301575991,64.09163042394127,42505477
2020-02-11,67.25564575195312,67.66128896373858,66.60661413724672,67.01225734903218,28310130
2020-02-12,69.36498260498047,69.44611000168146,67.33676673933776,67.33676673933776,56443491
2020-02-13,68.71595764160156,70.01402087178879,68.71595764160156,69.60837765976133,36012520
2020-02-14,68.87821960449219,69.20273541658227,68.39144898116922,68.715958603635,21292704
2020-02-17,68.06692504882812,68.31030723664244,67.98579765289003,68.31030723664244,16771107
2020-02-18,67.66129302978516,68.39145209280208,67.33677720293045,68.14806367525492,22611466
2020-02-19,67.98580169677734,68.63482709251065,66.93112691797782,67.33677011142011,25476407
2020-02-20,67.17451477050781,68.22918335121484,66.93112638054718,68.14805595110259,35212272
2020-02-21,66.28209686279297,66.68774006559984,66.2009694601564,66.60661266296327,29778377
2020-02-24,65.47081756591797,66.03872182528436,65.06517431906687,65.3896901544727,32852370
2020-02-25,66.76886749267578,67.09337707325804,64.82177906106477,65.06516124650146,47213818
2020-02-26,65.79532623291016,66.68774004082897,65.47081043286039,65.87645363551658,43075406
2020-02-27,65.14630126953125,66.11984248673787,64.90291287041754,65.55194447497136,53384898
2020-03-02,64.25387573242188,65.14629565923562,63.361461995231714,63.44258939140835,53792166
2020-03-03,65.71419525146484,66.52548161259404,65.38967946908842,65.79532264965302,34822180
2020-03-04,66.28209686279297,66.44435785769015,65.79532625734953,66.11984205751985,29037913
2020-03-05,67.0933837890625,67.82354279770583,67.01225638579638,67.58016058790746,36950021
2020-03-06,65.55194854736328,66.28210141081668,65.47081494953558,66.20097400261348,38712605
2020-03-09,64.17276000976562,64.98404649835842,64.17276000976562,64.25388742069997,45009955
2020-03-10,64.41614532470703,64.7406611424142,63.685986282272026,63.685986282272026,37383665
2020-03-11,63.767112731933594,64.98404238784693,63.767112731933594,64.33501695180107,30546137
2020-03-12,60.60308837890625,62.874692653863036,60.44083358339092,62.79356525610537,85760356
2020-03-13,60.52197265625,60.846488499505675,56.708928519464266,56.79005593287196,108780196
2020-03-16,57.682456970214844,60.27857694652125,57.682456970214844,59.95406117578001,65223917
2020-03-17,57.27682113647461,59.061655009224815,56.79005051286067,56.87117791852561,69146874
2020-03-18,56.79004669189453,57.844721463450696,56.79004669189453,57.35794468296392,75494240
2020-03-19,53.788291931152344,56.22215118252351,53.30151512917879,55.735374380549956,107246149
2020-03-20,57.4390869140625,57.92585757815629,55.16748222879174,55.16748222879174,102757524
2020-03-23,54.76183319091797,55.491992204721704,54.35618998209635,54.76183319091797,61288202
2020-03-24,56.303279876708984,57.35794852936696,56.05989147014406,57.27682112372008,41628933
2020-03-25,57.925846099853516,58.899387235128934,57.68245772122287,57.76358511755855,53652986
2020-03-26,57.601341247558594,58.169239319219834,57.19569799933635,58.00698449578084,38685860
2020-03-27,56.87117385864258,58.57487401448088,56.79004645876911,57.925848625869264,59785740
2020-03-30,56.79004669189453,57.03343508213791,55.97876031058175,56.38440350123814,33595577
2020-03-31,56.708919525146484,57.1956901180133,56.708919525146484,56.871174326227454,38298560
2020-04-01,56.79004669189453,57.195689882550916,56.79004669189453,57.195689882550916,24517865
2020-04-06,56.952301025390625,57.033434614555844,56.3032756394357,56.79004622630785,48957455
2020-04-07,57.76359176635742,58.331495985322235,57.43908214366244,57.92585276732921,46626787
2020-04-08,60.84648513793945,61.08987355434103,57.92585508924327,58.006982498168945,90172291
2020-04-09,60.03519058227539,61.57663590271802,59.79180219865993,61.2521201211053,55267837
2020-04-10,59.95406723022461,59.95406723022461,59.54842402324017,59.62955142671223,19079314
2020-04-13,59.30503463745117,59.95406623368794,59.30503463745117,59.87293883156435,25076651
2020-04-14,60.35970687866211,60.44083427735126,59.38615952552112,59.62954791121231,36772932
2020-04-15,60.1163215637207,61.00873537413341,60.11632156372071,60.44083736467735,42208905
2020-04-16,60.03519058227539,60.84647694149533,59.87293578628089,60.03519058227539,42182293
2020-04-17,61.49551010131836,62.063408091667064,61.08986691117674,61.252121711383836,70153153
2020-04-20,61.82002258300781,62.144538388170744,61.170997162306115,61.73889517912312,32197766
2020-04-21,59.629547119140625,61.25211982986554,59.629547119140625,61.008731447407335,50476839
2020-04-22,59.95406723022461,59.95406723022461,58.81826501274336,58.89939241621542,27664535
2020-04-23,60.03519058227539,61.00873173748983,59.71067480066267,60.1974453782699,26918129
2020-04-24,59.87294006347656,60.19744967864785,59.79180647005959,60.0351948710622,18097847
2020-04-27,60.76535415649414,61.00873636896223,60.19744994815356,60.19744994815356,28422746
2020-04-28,61.00873947143555,61.17100047762324,60.68422983830916,60.92761206315395,21837772
2020-04-29,61.333251953125,61.820022565922784,60.927608744189484,61.00873614805175,31292555
2020-04-30,62.469051361083984,62.46905136108398,61.6577649797712,61.820019780184204,49682112
2020-05-04,60.440834045410156,60.84647722692298,59.954063465519525,60.03519086389734,50274654
2020-05-05,60.1163215637207,60.84648056846713,60.03519416088757,60.60309217034363,30499283
2020-05-06,60.278587341308594,61.008740214358774,60.116326333145,60.116326333145,26782236
2020-05-07,61.00873947143555,61.49551630037412,60.44084142383987,60.44084142383987,31856315
2020-05-08,61.82002258300781,62.30679938556429,61.57664037135374,62.30679938556429,38394983
2020-05-11,64.010498046875,64.25388025252626,62.38792525070389,62.38792525070389,58601957
2020-05-12,62.71244430541992,63.604858151745084,62.469055897501995,63.52373074564722,45434634
2020-05-13,63.92937469482422,63.92937469482422,63.036954648697396,63.036954648697396,42897241
2020-05-14,63.442596435546875,64.01050065108585,63.280341625178174,63.280341625178174,41840911
2020-05-15,62.55017852783203,63.76710809525921,61.98228053888223,63.44259230602052,46922082
2020-05-18,60.84648513793945,62.14454224962392,60.76535772901378,62.14454224962392,57099171
2020-05-19,60.68423080444336,61.65777209857095,60.52196979567236,61.17100145150715,48852505
2020-05-20,60.440834045410156,61.08986561168017,60.440834045410156,60.76534982854516,30828720
2020-05-21,60.60308837890625,60.84647676180294,60.27857878787559,60.44083358339092,24213322
2020-05-22,59.71068572998047,60.35971741200329,59.62955831713382,60.19745639668516,46433168
2020-05-25,59.71068572998047,59.71068572998046,58.89939922226436,59.62955831713382,26982259
2020-05-26,60.68423080444336,61.08987404193395,59.71068332069116,59.791810730264366,28310825
2020-05-27,61.089866638183594,61.25212143766562,60.684223449854684,60.684223449854684,22380029
2020-05-28,61.089866638183594,61.57663722625352,60.684223449854684,61.41437623714764,26184820
2020-05-29,61.49551010131836,61.49551010131835,60.278580530893514,60.278580530893514,44636709
2020-06-01,61.82002258300781,62.30679938556429,61.57664037135374,61.657767775238426,25890941
2020-06-02,62.55017852783203,62.87469431707072,61.98228053888223,62.063407938785936,41692048
2020-06-03,63.36146926879883,63.60485767489204,62.95582605172633,63.28034186330919,42871656
2020-06-04,63.604854583740234,63.84823678838096,62.955822992117014,63.68598198528714,43657351
2020-06-05,63.68598175048828,63.68598175048828,63.11808375212969,63.36146595587311,33935695
2020-06-08,64.65951538085938,64.74064896224016,63.92936266541822,64.17274484069085,53575560
2020-06-09,64.49726867675781,65.06516667982305,64.01049807561274,64.33501387291746,38143498
2020-06-10,64.82178497314453,64.82178497314453,64.17275337353801,64.57839657588607,25863059
2020-06-11,63.767112731933594,65.14630338907662,63.361469513295816,64.82178757624153,41363010
2020-06-12,63.28034210205078,63.280342102050774,62.14453985203782,62.71244407185645,30382486
2020-06-15,62.469051361083984,63.199210342190256,62.46905136108398,63.03694935215337,26332046
2020-06-16,63.604854583740234,63.68598198528714,63.03695039366392,63.11808398483481,22339775
2020-06-17,63.442596435546875,64.09162805627021,63.19921421999383,64.01050065108585,18039312
2020-06-18,63.68598175048828,63.84823655298389,63.03695016125793,63.604854349240476,17726756
2020-06-19,63.92937469482422,64.01050210184728,63.36147046641402,63.76711369115371,35336232
2020-06-22,64.010498046875,64.010498046875,63.4425938544407,63.84823705348348,16769227
2020-06-23,65.06517791748047,65.47082118676556,64.33502498446735,64.57840723226336,45708143
2020-06-24,67.7424087524414,67.7424087524414,65.71419292152999,65.79532031684174,88391479
2020-06-29,69.12159729003906,69.60837407107542,67.66128551580167,67.82354031639785,96673392
2020-06-30,70.01402282714844,70.09515023389483,69.52724600742137,69.77063441728491,57741437
2020-07-01,69.68951416015625,71.06869878521186,69.36499831025345,70.17628484019794,44576514
2020-07-02,69.7706298828125,69.7706298828125,68.63482769330703,69.60837507986486,34070431
2020-07-03,69.2027359008789,69.93288874616098,69.04047489888619,69.85176133997679,42663049
2020-07-06,70.09514617919922,70.25740098330627,69.446114583523,69.52724198557651,44150881
2020-07-07,70.58191680908203,70.98756000913423,69.44611461101107,70.66304421116766,52059744
2020-07-08,70.58191680908203,70.82530520496296,70.25740101111546,70.58191680908203,37038208
2020-07-09,69.93289184570312,70.9064393319357,69.60838220658354,70.8253119221558,49514490
2020-07-10,68.79708862304688,69.93288462189105,68.79708862304688,69.93288462189105,52271243
2020-07-13,70.3385238647461,70.3385238647461,69.28385532658515,69.28385532658515,36625700
2020-07-14,70.01402282714844,70.98756408735383,70.01402282714844,70.41966605050474,34124410
2020-07-15,70.25740814208984,70.74417879363384,70.17628073176995,70.25740814208984,47807002
2020-07-16,71.06869506835938,71.39321090129017,70.50079700294899,70.58192441377552,50530654
2020-07-17,71.39319610595703,71.87996665966388,71.06868034027801,71.63658447762216,48813379
2020-07-20,70.41966247558594,71.39320368636861,68.95934446978787,71.39320368636861,71647567
2020-07-21,69.2027359008789,69.85176133997679,69.04047489888619,69.7706339337926,74962395
2020-07-22,69.68951416015625,69.7706415752257,69.04048246035066,69.20274348011456,73724655
2020-07-23,70.03070068359375,70.37189907156493,69.17770796757478,69.34831041546936,78361972
2020-07-24,68.23941802978516,69.86010550955616,68.23941802978516,69.51890711784363,46595732
2020-07-27,66.53343200683594,68.15411947266861,66.53343200683594,67.89821905413051,66336332
2020-07-28,66.87462615966797,70.5424907102051,65.93633553082441,66.36283186282762,80001664
2020-07-29,66.53343200683594,68.06882150242856,66.53343200683594,67.04522633609415,39362154
2020-07-30,66.53343200683594,67.21582878439222,66.10693564781775,67.1305243063342,40501045
2020-07-31,66.87462615966797,67.7276188236744,66.87462615966797,66.9599241245051,43374202
2020-08-03,65.76573181152344,67.30112117993649,65.76573181152344,66.8746248562459,61172243
2020-08-04,66.61872863769531,66.70402660622042,66.1069343187268,66.27753025577702,23051382
2020-08-05,66.44813537597656,66.95992971555091,66.44813537597656,66.78933377163216,27876127
2020-08-06,67.38642120361328,67.98351347191065,66.95992486688155,67.64232160877938,33250505
2020-08-07,66.78932189941406,67.89820835341065,66.78932189941406,67.89820835341065,21862438
2020-08-10,68.66590881347656,69.00710717746728,67.47171779341782,67.55701575746112,49798520
2020-08-11,68.0688247680664,69.17771145002231,67.89822231158361,69.09241347569005,30816578
2020-08-12,69.43360137939453,69.51889934082595,68.15411243447136,69.00710506442014,45677601
2020-08-13,67.81291961669922,70.20130177865349,67.55701920369775,69.94540136565202,85508728
2020-08-14,68.58061218261719,68.83650607972159,67.8982154413702,68.06881788059076,34369498
2020-08-17,68.41001892089844,68.83651531443975,68.23942296660933,68.83651531443975,23393631
2020-08-18,68.0688247680664,68.66591709621049,67.64232838858685,68.66591709621049,27191399
2020-08-19,67.64232635498047,69.00711342672032,67.64232635498047,69.00711342672032,32048778
2020-08-20,65.76573181152344,68.15411382731764,64.48624284045171,67.89821342997632,61942250
2020-08-21,66.70402526855469,66.87462771000153,66.106932993035,66.70402526855469,24487793
2020-08-24,66.19223022460938,66.87462696718151,66.19223022460938,66.70402452762966,21801923
2020-08-25,66.78932189941406,66.95991781300832,66.36282560761147,66.61871947800286,17655262
2020-08-26,66.70402526855469,66.87462771000153,66.44813136811099,66.78932974318697,16266412
2020-08-27,66.10693359375,67.1305222204616,66.10693359375,66.70402587469547,24154047
2020-08-28,66.10693359375,66.70402587469547,65.76573521557354,66.02163562616033,25083462
2020-08-31,65.59513854980469,66.53342919847606,65.59513854980469,66.3628332651968,30580373
2020-09-01,65.68043518066406,65.93633558319627,65.16864088341721,65.59513721575918,18151104
2020-09-02,66.36283111572266,66.36283111572266,65.68043438907283,65.85103031682654,24934189
2020-09-03,66.27753448486328,67.6423280996222,66.19223651089541,67.2158317219646,41374369
2020-09-04,65.59513854980469,65.93633692418092,65.33923814206808,65.68043651644432,35776710
2020-09-07,65.93634033203125,66.10693627412759,65.50984396897236,65.50984396897236,20795188
2020-09-08,66.10693359375,66.61872790710581,65.93633765857066,66.27752952892935,22118917
2020-09-09,66.44813537597656,66.44813537597656,65.33924221705038,65.93634103640221,22505471
2020-09-10,66.95992279052734,67.13051871680298,66.5334264670208,66.5334264670208,29117204
2020-09-11,66.95992279052734,66.95992279052734,66.5334264670208,66.95992279052734,16102726
2020-09-14,67.72762298583984,67.81292095591891,67.04522620957133,67.21582865754745,27029525
2020-09-15,67.47172546386719,67.72762589290636,67.30112951638657,67.72762589290636,16938546
2020-09-16,67.21582794189453,67.72762226473782,67.04522549573484,67.72762226473782,18122360
2020-09-17,66.61872863769531,67.47172133858211,66.5334306691702,67.04522498813871,20754040
2020-09-18,66.19223022460938,66.70402452762966,66.10693225874226,66.44813063002833,31389875
2020-09-21,66.02163696289062,66.78933170237661,65.93633899357394,66.192232901524,19006472
2020-09-22,65.50983428955078,65.9363305895926,65.25393390639886,65.9363305895926,23201394
2020-09-23,65.42453002929688,65.85102633068165,65.33923207058334,65.68043041325457,17803854
2020-09-24,63.974456787109375,65.16864794869907,63.97445678710937,64.91274751842332,57338020
2020-09-25,63.37736129760742,64.57154589178741,63.20675884999746,64.3156519820994,38124876
2020-09-28,65.59513854980469,65.59513854980469,63.803855219101564,63.88915318574119,31682528
2020-09-29,65.68043518066406,66.8746262127851,65.68043518066406,65.93633558319627,31662973
2020-09-30,66.02163696289062,66.53343128660865,65.93633899357394,66.53343128660865,19229698
2020-10-05,66.27753448486328,66.95993129224274,66.10693853692754,66.70403086252088,19075464
2020-10-06,66.36283111572266,66.70402297123009,66.19222868015146,66.61872500735322,16976308
2020-10-07,66.02163696289062,66.36283534797528,65.76573654712266,66.02163696289062,17236406
2020-10-08,66.53343200683594,66.53343200683594,66.10693564781775,66.36283606635585,14942266
2020-10-12,67.1305160522461,67.21582051981544,66.61872178591597,66.87462217298962,37807427
2020-10-13,67.3011245727539,67.47172050770332,66.61872781732069,67.38642254022861,22946661
2020-10-14,66.53343200683594,67.21582878439222,66.53343200683594,66.61872997707597,36842974
2020-10-15,66.61872863769531,66.9599270196136,66.19223228725191,66.27753025577702,26260704
2020-10-16,67.04522705078125,68.15412019917626,66.70402865836601,66.87463110848266,48409062
2020-10-19,69.34830474853516,69.51890067467119,67.98351130817724,68.2394117051987,85721985
2020-10-20,69.43360137939453,69.94539565580034,68.92180710298872,69.51889934082595,45166857
2020-10-21,68.58061218261719,69.51890282096858,68.49531421691573,69.51890282096858,29912692
2020-10-22,68.92181396484375,68.92181396484375,68.49531760740739,68.92181396484375,23803904
2020-10-23,68.83651733398438,69.43361620715116,68.66592137469026,69.26301374003835,18545821
2020-10-26,68.41001892089844,69.1777137308365,68.23942296660933,69.1777137308365,14302954
2020-10-27,68.23941802978516,68.23941802978516,67.72762369612538,68.15412005881153,16558440
2020-10-28,66.78932189941406,67.98350631020779,66.70401743479998,67.7276124398164,32904050
2020-10-29,66.53343200683594,66.704027947316,65.50984334831949,66.1922336180578,30542424
2020-10-30,66.10693359375,66.70402587469547,65.76573521557354,66.19223156133967,25967547
2020-11-02,66.78932189941406,66.78932189941406,66.021627272606,66.10692522940312,17779122
2020-11-03,66.78932189941406,67.21581819121667,66.61871947800286,66.95991781300832,14572543
2020-11-04,67.21582794189453,67.72762226473782,66.53343117289157,66.87462955739305,18883924
2020-11-05,67.38642120361328,67.64232160877938,66.95992486688155,67.38642120361328,14635844
2020-11-06,67.98350524902344,68.15410766777164,67.64231342716073,67.89820729355776,20743330
2020-11-09,69.26300048828125,69.51890088608091,68.66590823717195,68.83650416382676,40370761
2020-11-10,68.92181396484375,69.26300584453847,68.49531760740739,69.1777078746148,21803806
2020-11-11,69.60420227050781,69.68950023802768,68.58061364463387,68.92181202253111,36673265
2020-11-12,69.860107421875,69.94540539518353,68.92181669984471,69.68950496743972,40247491
2020-11-13,69.43360137939453,69.94539565580034,69.00710506442014,69.86009769436893,32154345
2020-11-16,70.45719146728516,70.71309186497211,69.86009921643884,69.94539717972869,50569861
2020-11-17,70.79838562011719,71.05428600259383,70.20129340476109,70.88368357833704,38225431
2020-11-18,70.968994140625,71.13959659518072,70.54249776596302,70.71310022051874,30867662
2020-11-19,70.71309661865234,70.9689905257243,70.37189823473851,70.54249417278649,23168892
2020-11-20,70.37189483642578,71.05429157129997,70.03069646898868,71.05429157129997,24772897
2020-11-23,70.71309661865234,70.9689905257243,70.37189823473851,70.71309661865234,24562403
2020-11-24,69.94540405273438,70.88369475675621,69.94540405273438,70.88369475675621,22681919
2020-11-25,69.94540405273438,70.37190041890958,69.51890768655916,70.28660244723815,23261567
2020-11-26,70.79838562011719,70.96898153655691,70.37188932120081,70.45718727942068,33348687
2020-11-27,70.45719146728516,70.79838982826196,70.37189350399532,70.79838982826196,20952764
2020-11-30,70.2012939453125,70.79838616526621,69.94539356086541,70.54248578081912,60143496
2020-12-01,70.71309661865234,70.71309661865234,70.11599781984867,70.37189823473851,24728091
2020-12-02,70.54248809814453,71.05428888385138,70.28659421310843,70.79838849099795,34377676
2020-12-03,69.94540405273438,70.28660244723815,69.86010608106295,70.20130447556673,30592924
2020-12-04,70.71309661865234,71.13959297159015,70.4571962037625,70.79839458767633,47939163
2020-12-07,74.97805786132812,75.14865379417321,70.88369039486919,71.05429283553197,163202466
2020-12-08,74.72216033935547,76.51344373466323,74.46626643020747,75.40455711271935,118078656
2020-12-09,75.91635131835938,76.17225173491921,75.23395454607841,75.48985496263826,67687451
2020-12-10,74.80745697021484,75.6604496677444,74.29566265326068,75.40455576317622,54001144
2020-12-11,74.72216033935547,75.48985508243534,73.18677736101365,75.48985508243534,61132200
2020-12-14,74.80745697021484,75.9163500801304,74.80745697021484,75.31925779498684,47831161
2020-12-15,74.29566192626953,75.3192570579797,73.78386761432333,75.3192570579797,38829235
2020-12-16,75.23394775390625,75.23394775390625,74.55155755104987,75.06335183014649,46567554
2020-12-17,74.89276123046875,75.40455554594853,74.72215878676361,75.31925757800487,28002430
2020-12-18,74.80745697021484,75.23395331897962,74.63686103383606,75.14865535079024,27662859
2020-12-21,75.06334686279297,75.4898431517861,74.12505632857143,75.1486448190282,28796357
2020-12-22,74.80745697021484,77.19583912642473,74.63686103383606,75.06335738260084,93748698
2020-12-23,75.74575805664062,76.25755240003316,75.31926168584381,75.48985763103528,56084453
2020-12-24,76.42813873291016,76.68403912633109,75.91634445388563,76.34284077104229,41068845
2020-12-25,78.30473327636719,78.64592515365639,77.45174056750837,77.53703853683066,113953143
2020-12-28,78.30473327636719,79.32832192387062,78.30473327636719,78.8165276001189,67270084
2020-12-29,77.11054992675781,78.30474114065859,77.11054992675781,78.30474114065859,45541806
2020-12-30,78.13412475585938,78.13412475585938,76.85463579203694,77.62233047189389,40032714
2020-12-31,78.47532653808594,78.47532653808594,77.70763182473678,78.04883019820504,32172356
2021-01-04,85.21397399902344,85.29927196942927,79.5842233506047,79.66952132101054,232054808
2021-01-05,88.71124267578125,89.5642353938176,86.15226452167217,86.15226452167217,232720464
2021-01-06,89.56422424316406,92.97619469052269,87.00524640764509,91.6967057727632,220680394
2021-01-07,91.27021789550781,92.12321058612002,89.99072885958947,92.12321058612002,113608177
2021-01-08,92.12320709228516,93.40269607967801,90.41722177576136,92.97619975054705,114222138
2021-01-11,91.69671630859375,92.97620537336482,90.84372359874637,92.12321266351745,70025114
2021-01-12,88.71124267578125,91.27022082989032,87.85824995774489,90.84372447087215,105949230
2021-01-13,90.8437271118164,91.27022348323338,89.56423799756547,89.56423799756547,78943569
2021-01-14,98.94715881347656,99.8001515618686,92.12321682634024,92.97620957473228,316406354
2021-01-15,98.5206527709961,101.5061270973899,96.38817110928622,100.65313443270597,170231060
2021-01-18,97.24116516113281,98.94715051483689,94.68218713057668,98.52065417641087,94781807
2021-01-19,98.09415435791016,99.37364332779595,97.24116171131963,98.09415435791016,86180045
2021-01-20,97.66766357421875,101.07963435410412,97.24116722673308,99.37364896416143,132669313
2021-01-21,99.80014038085938,100.2266367072733,98.09415507520366,99.37364405444544,86888141
2021-01-22,103.63861083984375,103.63861083984375,99.80014377170139,100.22664011260609,220512284
2021-01-25,104.91810607910156,105.77109881145198,100.22664605117426,104.06511334675113,140354341
2021-01-26,104.06510162353516,106.6240795323106,102.35911635101819,104.4915979416644,128809261
2021-01-27,104.91810607910156,106.19759517762719,104.49160971292635,105.77109881145198,88077943
2021-01-28,101.07963562011719,103.21211738425468,100.65313926728969,102.35912467859968,123343574
2021-01-29,95.10868835449219,102.35912648017097,95.10868835449219,101.50613375950287,180839900
2021-02-01,96.38817596435547,97.66766502582922,92.12321242610966,94.68219054905714,125774649
2021-02-02,99.37364196777344,100.6531309201482,97.24116038048217,98.09415301539867,83620277
2021-02-03,99.37364196777344,101.07962723760646,98.09415301539867,100.6531309201482,56279288
2021-02-04,97.24116516113281,98.94715051483689,96.38817248428076,97.66766149955883,63941176
2021-02-05,96.81466674804688,99.37364472376618,96.38817041876032,98.09415573590653,87886466
2021-02-17,97.24116516113281,98.94715051483689,95.96167614585474,98.09415783798485,91093426
2021-02-18,96.38817596435547,97.66766502582922,96.38817596435547,96.81467231818006,47106193
2021-02-19,93.82919311523438,95.96167477694425,93.4026967828924,95.53517844460227,85959400
2021-02-22,94.68218994140625,97.24116804793074,94.68218994140625,95.10868629249366,60362039
2021-02-23,95.10868835449219,95.96168107516029,92.54971019248792,93.402702913156,50872508
2021-02-24,94.25568389892578,97.24115804957049,94.25568389892578,95.53517282063066,54709354
2021-02-25,99.37364196777344,99.37364196777344,97.24116038048217,98.09415301539867,112185849
2021-02-26,95.5351791381836,98.09415715081352,95.5351791381836,97.66766081537519,120238472
2021-03-02,95.5351791381836,97.66766081537519,95.5351791381836,97.66766081537519,53842839
2021-03-03,98.5206527709961,98.94714910333806,95.53517844460227,96.38817110928622,86556063
2021-03-04,97.66766357421875,98.94715261667577,95.53518183679039,98.52065626919008,79169388
2021-03-05,98.09415435791016,98.94714700450068,95.96167274143384,96.81466538802437,86577805
2021-03-08,96.81466674804688,99.37364472376618,96.38817041876032,98.94714839447963,54467978
2021-03-09,98.09415435791016,98.09415435791016,95.53517641813859,96.38816906472911,43931623
2021-03-10,98.5206527709961,99.80014176802202,98.09415643865412,98.94714910333806,47780881
2021-03-11,99.80014038085938,100.65313303368723,98.94714772803151,99.37364405444544,75529976
2021-03-12,102.35912322998047,102.35912322998047,100.22664149602254,100.22664149602254,95891682
2021-03-15,103.21212005615234,104.06511278388915,101.07963823681035,102.35912732841555,69445679
2021-03-16,104.91810607910156,105.34460244527676,103.21212061440072,103.63861698057593,93143082
2021-03-17,107.47708129882812,109.18306671626983,104.91810317266554,105.34459952702598,143286602
2021-03-18,110.46255493164062,112.16854033599029,109.18306587837837,109.18306587837837,138285317
2021-03-19,105.34459686279297,108.33007126781139,105.34459686279297,108.33007126781139,162495850
2021-03-22,110.88905334472656,110.88905334472656,105.77109703650841,105.77109703650841,108447343
2021-03-23,111.31554412841797,114.72751482967216,110.88904779076118,113.44802581670183,113002380
2021-03-24,109.18305969238281,112.59503030776978,107.9035707116127,110.8890450000763,80879262
2021-03-25,107.90357208251953,110.46255007657138,107.05057941783558,108.3300684148615,64485260
2021-03-26,107.90357208251953,109.18306107954545,107.47707575017756,108.75656474720348,52856534
2021-03-29,109.60955810546875,110.03605444050947,108.75656543538727,109.18306177042801,41198716
2021-03-30,110.46255493164062,110.88905128272803,109.6095622294658,110.46255493164062,46587752
2021-03-31,105.77108764648438,107.90356925226027,104.91809500417402,106.62408028879473,130007897
2021-04-01,103.63861083984375,107.05058156708141,102.78561815803434,106.19758888527198,97056517
2021-04-07,105.34459686279297,106.19758954994109,104.49160417564484,105.77109320636703,33781367
2021-04-08,104.4916000366211,104.91809636330117,103.63860738326092,104.91809636330117,38840858
2021-04-09,102.35912322998047,104.91810131072998,102.35912322998047,104.91810131072998,80329342
2021-04-12,102.7856216430664,104.06511070916268,101.50613257697015,102.35912528770099,69260254
2021-04-13,104.4916000366211,104.91809636330117,103.21211105658084,103.63860738326092,49602834
2021-04-14,103.63861083984375,105.34459620346257,101.50612913532021,104.91809986255787,53282943
2021-04-15,103.21212005615234,103.21212005615234,101.93263096454714,103.21212005615234,39497137
2021-04-16,105.34459686279297,105.77109320636703,104.06510783207078,104.06510783207078,52975405
2021-04-19,103.63861083984375,105.34459620346257,103.63861083984375,105.34459620346257,32187002
2021-04-20,104.06510162353516,104.06510162353516,103.21210898727666,103.63860530540592,26160003
2021-04-21,102.35912322998047,103.63861227035522,102.35912322998047,103.21211592356363,34814313
2021-04-22,100.22663879394531,104.06510581158578,100.22663879394531,104.06510581158578,67451616
2021-04-23,101.50611877441406,101.50611877441406,99.8001335849281,99.8001335849281,39251297
2021-04-26,100.22663879394531,102.35912047041224,100.22663879394531,101.93262413511886,40961898
2021-04-27,101.07963562011719,102.78562103142718,100.65313926728969,101.07963562011719,54358808
2021-04-28,99.80014038085938,101.07962936010115,99.80014038085938,100.65313303368723,38888642
2021-04-29,98.94715881347656,101.07964068445666,98.94715881347656,100.65314431026064,45671359
2021-05-03,95.96167755126953,98.09415927463107,95.53518120659722,98.09415927463107,71622387
2021-05-04,92.5497055053711,95.53517987651209,91.69671282790223,95.53517987651209,86723115
2021-05-05,93.82919311523438,96.81466744162819,93.82919311523438,93.82919311523438,65337936
2021-05-06,95.96167755126953,96.38817389594183,94.2556921725803,95.53518120659722,37607241
2021-05-07,100.22663879394531,100.22663879394531,97.24116444689163,97.66766078218501,60426256
2021-05-10,96.38817596435547,99.37365044112754,96.38817596435547,98.94715408730296,41561886
2021-05-11,91.27021789550781,93.82919596734448,90.41722520489559,93.40269962203837,80002280
2021-05-12,87.00525665283203,90.84372385810403,82.31379673527736,88.71124207739736,149627674
2021-05-13,87.85824584960938,89.56423120591246,83.76387839135488,84.87277147607897,70416230
2021-05-14,89.13773345947266,90.41722245649858,88.2847407947887,89.56422979181463,43828851
2021-05-17,83.76387023925781,87.00524470390256,82.8255796861713,85.29925951362996,96882339
2021-05-18,91.27021789550781,91.69671424081392,86.15226175183447,86.57875809714058,81635753
2021-05-19,89.56422424316406,90.84371316092354,88.7112316313244,90.84371316092354,47341275
2021-05-20,90.41722106933594,90.84371739513469,89.13773209193967,89.56422841773842,42732251
2021-05-21,93.40269470214844,93.8291910249893,92.12320573362585,92.12320573362585,53869601
2021-05-24,93.40269470214844,93.8291910249893,92.12320573362585,92.54970205646671,31062650
2021-05-25,95.5351791381836,96.38817180906022,94.25569013186863,94.68218646730695,50727292
2021-05-26,95.10868835449219,96.81467379582837,94.2556956338241,96.81467379582837,24690941
2021-05-27,93.40269470214844,94.25568734783015,91.69670941078499,93.8291910249893,61173641
2021-05-28,94.68218994140625,95.10868629249366,93.82919723923142,94.25569359031883,26886430
2021-05-31,96.81466674804688,96.81466674804688,95.10868143090067,95.53517776018722,34198356
2021-06-01,97.66766357421875,98.09415992170442,96.8146708792474,97.66766357421875,22263808
2021-06-02,95.5351791381836,98.52065348625183,94.68218646730695,98.09415715081352,32957334
2021-06-03,94.68218994140625,96.38817534575591,94.25569359031883,96.38817534575591,23957797
2021-06-04,95.5351791381836,95.96167547362191,92.97620112555367,93.82919379643032,28808854
2021-06-07,94.25568389892578,95.96166912786562,92.97619497722091,95.96166912786562,20309568
2021-06-08,94.25568389892578,95.1086765133957,93.82918759169083,94.68218020616074,18203485
2021-06-09,93.40269470214844,94.68218367067101,93.40269470214844,93.8291910249893,22680962
2021-06-10,94.25568389892578,95.1086765133957,93.40269128445587,93.82918759169083,18992629
2021-06-11,96.81466674804688,97.66765940661998,95.10868143090067,95.10868143090067,36017587
2021-06-15,96.38817596435547,97.66766502582922,95.5351832567063,96.81467231818006,23544247
2021-06-16,95.10868835449219,96.38817743549433,95.10868835449219,95.53518471482624,23871999
2021-06-17,96.38817596435547,96.38817596435547,93.82919784140798,94.25569419523256,18109232
2021-06-18,95.10868835449219,96.38817743549433,95.10868835449219,95.96168107516029,29445549
2021-06-21,92.5497055053711,94.2556908603088,92.5497055053711,94.2556908603088,34818980
2021-06-22,92.5497055053711,93.82919452157438,92.5497055053711,93.40269818283996,21910960
2021-06-23,95.10868835449219,95.53518471482624,92.54971019248792,92.97620655282196,27710302
2021-06-24,96.38817596435547,97.24116867200463,94.68219054905714,95.10868690288173,31065987
2021-06-25,96.38817596435547,98.0941613796538,96.38817596435547,97.24116867200463,35574740
2021-06-28,95.10868835449219,96.81467379582837,94.68219199415815,96.38817743549433,23702001
2021-06-29,95.10868835449219,95.96168107516029,95.10868835449219,95.96168107516029,17706887
2021-06-30,95.5351791381836,96.81466814449855,95.5351791381836,95.5351791381836,31076380
2021-07-01,95.5351791381836,95.96167547362191,95.10868280274528,95.96167547362191,15859329
2021-07-02,95.10868835449219,95.96168107516029,95.10868835449219,95.53518471482624,16486732
2021-07-05,99.80014038085938,99.80014038085938,95.53517711672008,95.961673443134,80145148
2021-07-06,99.37364196777344,100.22663460268996,98.52064933285693,99.37364196777344,43748805
2021-07-07,98.09415435791016,99.8001396510912,98.09415435791016,99.37364332779595,27901240
2021-07-08,98.5206527709961,99.37364543568005,98.09415643865412,98.09415643865412,23792227
2021-07-09,97.24116516113281,98.09415783798485,96.38817248428076,97.66766149955883,28407636
2021-07-12,98.09415435791016,98.94714700450068,97.66765803461489,98.52065068120542,17024161
2021-07-13,99.37364196777344,99.8001382852317,98.52064933285693,98.94714565031519,36478720
2021-07-14,98.94715881347656,100.22664793606462,98.94715881347656,100.22664793606462,27098250
2021-07-15,101.9326171875,102.35911349372385,99.3736393501569,99.80013565638076,62649339
2021-07-16,101.9326171875,101.9326171875,100.65312826882845,101.0796245750523,33640925
2021-07-19,99.37364196777344,101.50612355506472,98.94714565031519,101.07962723760646,31735324
2021-07-20,97.66766357421875,98.94715261667577,97.66766357421875,98.09415992170442,26267081
2021-07-21,95.96167755126953,98.94715196397568,95.53518120659722,98.94715196397568,62986162
2021-07-22,97.73054504394531,99.49942368727464,95.96166640061598,96.40388606144832,59259611
2021-07-23,97.73054504394531,99.0572040264423,97.28832538311298,99.0572040264423,21521533
2021-07-26,97.288330078125,98.17276944247159,95.9616710316051,98.17276944247159,33363024
2021-07-27,98.61499786376953,99.05721758513172,97.28833869968295,98.17277814240734,27586534
2021-07-28,97.73054504394531,98.17276470477763,96.40388606144832,97.73054504394531,32678903
2021-07-29,98.17277526855469,98.6149949769716,97.28833585172086,98.17277526855469,20815906
2021-07-30,97.288330078125,98.61498912464488,96.8461103959517,97.288330078125,28280514
2021-08-02,99.94165802001953,99.94165802001953,97.28833966550573,98.17277911701034,24048289
2021-08-03,98.61499786376953,99.94165702785612,97.73055842104515,99.49943730649393,21627785
2021-08-04,99.05721282958984,99.49943252972193,98.17277342932564,99.05721282958984,21197328
2021-08-05,99.05721282958984,99.05721282958984,98.17277342932564,98.17277342932564,19911790
2021-08-06,99.49943542480469,99.94165513780382,98.17277628580729,98.61499599880642,41254699
2021-08-09,99.05721282958984,99.49943252972193,98.17277342932564,99.05721282958984,23189411
2021-08-10,95.96167755126953,99.05721553679436,95.96167755126953,98.61499582457652,42815166
2021-08-11,96.40390014648438,96.40390014648438,93.75058179382884,94.63502124471401,46678699
2021-08-12,96.40390014648438,96.84611987192696,95.5194606955992,96.40390014648438,18499146
2021-08-13,96.40390014648438,97.28833959736954,95.5194606955992,96.84611987192696,46504498
2021-08-16,95.07723999023438,96.40389915288881,94.19280054846475,95.96167943200399,34806631
2021-08-17,95.07723999023438,95.07723999023438,95.07723999023438,95.07723999023438,0
2021-08-18,94.63501739501953,95.07723710247289,92.42391885775272,93.30835827265945,31829261
2021-08-19,91.09725952148438,93.75057775997422,90.6550398150694,93.75057775997422,51471834
2021-08-20,92.42391967773438,93.75057881186453,90.21282112085078,91.98169996635765,30316791
2021-08-23,95.07723999023438,95.51945971111918,93.30836110669513,93.30836110669513,22499882
2021-08-24,96.40390014648438,96.40390014648438,95.07724097015661,95.96168042104178,17889785
2021-08-25,95.96167755126953,96.40389726348737,95.07723812683388,96.40389726348737,14045849
2021-08-26,95.07723999023438,96.40389915288881,94.63502026934957,95.96167943200399,12987155
2021-08-27,95.51945495605469,95.96167465492532,94.19279585944282,95.07723525718407,13808230
2021-08-30,96.40390014648438,96.40390014648438,95.07724097015661,95.96168042104178,13911174
2021-08-31,98.17277526855469,98.17277526855469,95.5194570180532,95.96167672647012,30458896
2021-09-01,98.17277526855469,99.05721468538852,97.28833585172086,98.17277526855469,22232171
2021-09-02,98.61499786376953,99.94165702785612,97.73055842104515,98.17277814240734,29565666
2021-09-03,99.49943542480469,99.94165513780382,98.61499599880642,99.05721571180555,23894007
2021-09-06,98.17277526855469,99.94165410222233,97.73055556013777,99.49943439380543,18270142
2021-09-07,95.96167755126953,97.28833668792304,95.51945783905171,96.8461169757052,23133531
2021-09-08,95.07723999023438,96.84611887377362,94.63502026934957,95.96167943200399,28436166
2021-09-09,94.63501739501953,95.07723710247289,93.75057798011281,94.19279768756617,20347345
2021-09-10,95.51945495605469,95.96167465492532,94.63501555831344,94.63501555831344,13206233
2021-09-13,94.19279479980469,95.51945388149207,94.19279479980469,95.07723418759628,15297618
2021-09-14,95.07723999023438,95.51945971111918,94.19280054846475,95.07723999023438,19165417
2021-09-15,95.96167755126953,97.73055640014087,95.07723812683388,95.51945783905171,63262671
2021-09-16,95.07723999023438,96.84611887377362,95.07723999023438,95.96167943200399,22861780
2021-09-17,95.96167755126953,96.8461169757052,94.63501841461604,95.07723812683388,38649036
2021-09-22,94.63501739501953,95.07723710247289,93.75057798011281,94.19279768756617,38460147
2021-09-23,94.19279479980469,95.51945388149207,93.75057510590888,94.63501449370048,18878589
2021-09-24,95.07723999023438,95.51945971111918,94.63502026934957,95.07723999023438,15280177
2021-09-27,95.07723999023438,95.96167943200399,94.63502026934957,94.63502026934957,13850268
2021-09-28,94.19279479980469,95.07723418759628,93.75057510590888,94.63501449370048,22169547
2021-09-29,92.86613464355469,93.30835433233352,92.42391495477585,92.86613464355469,32073278
2021-09-30,92.86613464355469,93.75057402111234,91.98169526599702,92.86613464355469,22552355
2021-10-01,91.09725952148438,92.86613834714427,91.09725952148438,92.4239186407293,34131219
2021-10-04,91.09725952148438,92.86613834714427,90.6550398150694,92.4239186407293,25219519
2021-10-05,89.77059936523438,90.65503876784753,89.3283796639278,90.21281906654094,41574679
2021-10-06,91.09725952148438,92.4239186407293,91.09725952148438,91.53947922789935,38805074
2021-10-07,94.63501739501953,94.63501739501953,91.98169915029936,92.42391885775272,38220702
2021-10-08,95.51945495605469,95.51945495605469,94.19279585944282,95.07723525718407,27430627
2021-10-12,92.86613464355469,94.63501339867001,92.42391495477585,94.19279370989118,38628919
2021-10-13,93.30835723876953,94.19279664387635,92.42391783366271,93.75057694132293,18684819
2021-10-14,94.19279479980469,95.07723418759628,94.19279479980469,94.63501449370048,17684751
2021-10-15,96.84611511230469,97.28833481601384,95.07723629746808,95.51945600117722,49011891
2021-10-18,95.07723999023438,98.17277803642806,94.63502026934957,97.73055831554323,42099090
2021-10-19,94.63501739501953,96.40389622483298,94.19279768756617,95.96167651737962,26270635
2021-10-20,95.07723999023438,95.96167943200399,94.19280054846475,95.07723999023438,29381245
2021-10-21,95.51945495605469,95.96167465492532,94.63501555831344,95.51945495605469,30517157
2021-10-22,95.07723999023438,95.96167943200399,94.63502026934957,95.51945971111918,14667653
2021-10-25,95.51945495605469,96.40389435379593,94.63501555831344,95.07723525718407,21027449
2021-10-26,96.40390014648438,96.84611987192696,95.5194606955992,95.96168042104178,18026359
2021-10-27,95.51945495605469,96.40389435379593,95.07723525718407,96.40389435379593,15831617
2021-10-28,95.96167755126953,96.40389726348737,95.07723812683388,95.51945783905171,14181424
2021-10-29,94.63501739501953,95.96167651737962,94.63501739501953,95.96167651737962,20664910
2021-11-01,94.19279479980469,95.51945388149207,94.19279479980469,95.51945388149207,18124077
2021-11-02,95.07723999023438,95.96167943200399,94.63502026934957,94.63502026934957,20172294
2021-11-03,95.07723999023438,95.96167943200399,95.07723999023438,95.07723999023438,12249306
2021-11-04,95.51945495605469,95.96167465492532,95.07723525718407,95.96167465492532,11307246
2021-11-05,96.40390014648438,96.40390014648438,95.07724097015661,95.5194606955992,17621370
2021-11-08,95.07723999023438,95.51945971111918,94.63502026934957,95.07723999023438,19912872
2021-11-09,95.51945495605469,95.51945495605469,94.63501555831344,95.07723525718407,23901115
2021-11-10,96.40390014648438,96.84611987192696,95.07724097015661,95.5194606955992,22839265
2021-11-11,95.07723999023438,96.40389915288881,95.07723999023438,95.96167943200399,18674012
2021-11-12,96.40390014648438,96.84611987192696,95.5194606955992,95.96168042104178,26633641
2021-11-15,95.51945495605469,97.28833375153718,95.51945495605469,96.40389435379593,25735186
2021-11-16,95.51945495605469,96.40389435379593,95.51945495605469,95.96167465492532,15746287
2021-11-17,94.63501739501953,95.96167651737962,94.19279768756617,95.96167651737962,31800650
2021-11-18,94.63501739501953,95.07723710247289,94.19279768756617,94.63501739501953,30441523
2021-11-19,94.19279479980469,95.51945388149207,94.19279479980469,95.07723418759628,20714969
2021-11-22,94.19279479980469,95.07723418759628,94.19279479980469,94.63501449370048,17750562
2021-11-23,93.75057983398438,94.63501926638045,93.75057983398438,94.19279955018241,22288461
2021-11-24,93.30835723876953,94.19279664387635,92.42391783366271,93.75057694132293,29810172
2021-11-25,92.86613464355469,94.19279370989118,92.86613464355469,94.19279370989118,17457242
2021-11-26,91.53947448730469,92.86613353784534,91.53947448730469,92.86613353784534,24109403
2021-11-29,91.53947448730469,93.30835322135889,90.65503512027759,91.09725480379115,27800208
2021-11-30,91.53947448730469,93.30835322135889,91.09725480379115,91.98169417081824,49334401
2021-12-01,93.30835723876953,93.75057694132293,91.53947842855588,91.53947842855588,22443321
2021-12-02,92.86613464355469,94.63501339867001,92.86613464355469,92.86613464355469,27037026
2021-12-03,92.86613464355469,93.75057402111234,92.86613464355469,93.30835433233352,18091990
2021-12-06,94.19279479980469,94.63501449370048,92.86613571811729,93.30835541201309,22698693
2021-12-07,93.75057983398438,95.07723898257849,92.8661404015883,93.75057983398438,25236546
2021-12-08,92.86613464355469,94.63501339867001,92.86613464355469,94.19279370989118,35111410
2021-12-09,93.75057983398438,93.75057983398438,92.8661404015883,92.8661404015883,15077799
2021-12-10,92.86613464355469,93.75057402111234,92.42391495477585,93.30835433233352,20356210
2021-12-13,92.42391967773438,93.75057881186453,92.42391967773438,92.8661393891111,17305354
2021-12-14,92.42391967773438,93.30835910048782,91.98169996635765,92.42391967773438,22026866
2021-12-15,92.86613464355469,92.86613464355469,91.53947557721818,91.98169526599702,22944995
2021-12-16,91.53947448730469,93.75057290487244,91.53947448730469,93.30835322135889,33943652
2021-12-17,91.53947448730469,91.98169417081824,91.09725480379115,91.53947448730469,31642630
2021-12-20,91.09725952148438,91.98169893431432,91.09725952148438,91.53947922789935,17983356
2021-12-21,92.42391967773438,92.42391967773438,91.09726054360422,91.53948025498094,13187322
2021-12-22,91.53947448730469,92.42391385433179,91.53947448730469,92.42391385433179,11494283
2021-12-23,91.98169708251953,92.42391678003165,91.53947738500742,91.98169708251953,13822871
2021-12-24,91.98169708251953,92.86613647754376,91.98169708251953,92.42391678003165,11585049
2021-12-27,92.42391967773438,92.8661393891111,91.98169996635765,92.42391967773438,8809417
2021-12-28,93.30835723876953,93.30835723876953,92.42391783366271,92.42391783366271,15514907
2021-12-29,92.86613464355469,93.30835433233352,92.42391495477585,92.86613464355469,13358175
2021-12-30,91.98169708251953,92.86613647754376,91.98169708251953,92.42391678003165,16940701
2022-01-03,91.09725952148438,92.86613834714427,91.09725952148438,92.4239186407293,21800309
2022-01-04,91.53947448730469,91.98169417081824,91.09725480379115,91.98169417081824,18097232
2022-01-05,96.40390014648438,98.17277904825472,91.5394831666159,91.98170289205848,142256949
2022-01-06,94.63501739501953,95.96167651737962,93.75057798011281,95.51945680992625,49111058
2022-01-07,94.19279479980469,95.96167357538786,93.75057510590888,95.51945388149207,38575103
2022-01-10,92.42391967773438,94.19279852324125,91.98169996635765,93.75057881186453,34566857
2022-01-11,92.42391967773438,92.8661393891111,91.98169996635765,92.42391967773438,26075278
2022-01-12,92.42391967773438,93.30835910048782,91.98169996635765,92.8661393891111,18805639
2022-01-13,93.30835723876953,93.30835723876953,92.42391783366271,92.86613753621612,19590729
2022-01-14,91.53947448730469,93.30835322135889,91.09725480379115,92.86613353784534,38360049
2022-01-17,91.53947448730469,92.42391385433179,91.53947448730469,91.53947448730469,16094235
2022-01-18,91.53947448730469,92.42391385433179,91.53947448730469,92.42391385433179,14778734
2022-01-19,91.53947448730469,92.42391385433179,91.09725480379115,91.53947448730469,23938918
2022-01-20,91.09725952148438,91.98169893431432,91.09725952148438,91.53947922789935,28843468
2022-01-21,90.21282196044922,91.09726139143402,90.21282196044922,90.65504167594162,32900646
2022-01-24,91.09725952148438,92.4239186407293,90.6550398150694,91.09725952148438,41645390
2022-01-25,91.09725952148438,91.53947922789935,90.21282010865443,91.09725952148438,28944982
2022-01-26,90.21282196044922,91.53948110692642,90.21282196044922,91.09726139143402,33050112
2022-02-07,91.09725952148438,92.4239186407293,90.6550398150694,90.6550398150694,33556371
2022-02-08,93.30835723876953,93.75057694132293,91.09725872600248,91.9816981311093,42889717
2022-02-09,94.19279479980469,94.19279479980469,93.30835541201309,93.75057510590888,22694894
2022-02-10,94.19279479980469,94.63501449370048,93.30835541201309,94.19279479980469,20096356
2022-02-11,93.75057983398438,93.75057983398438,92.42392068539026,93.30836011778634,16613415
2022-02-14,91.98169708251953,92.86613647754376,91.53947738500742,92.86613647754376,22322581
2022-02-15,91.98169708251953,92.86613647754376,91.98169708251953,91.98169708251953,13442567
2022-02-16,93.30835723876953,93.75057694132293,92.42391783366271,92.86613753621612,13415034
2022-02-17,93.75057983398438,94.19279955018241,92.8661404015883,93.75057983398438,25431607
2022-02-18,93.30835723876953,93.75057694132293,92.86613753621612,92.86613753621612,11303877
2022-02-21,93.75057983398438,94.63501926638045,92.42392068539026,92.8661404015883,23424745
2022-02-22,92.42391967773438,93.30835910048782,91.98169996635765,92.8661393891111,25922027
2022-02-23,92.86613464355469,93.30835433233352,92.42391495477585,92.42391495477585,14519774
2022-02-24,90.65503692626953,92.4239156955626,90.65503692626953,91.98169600323934,47297284
2022-02-25,91.09725952148438,91.53947922789935,90.6550398150694,91.09725952148438,29597295
2022-03-01,92.42391967773438,93.30835910048782,91.53948025498094,91.98169996635765,28845483
2022-03-02,92.42391967773438,92.8661393891111,91.98169996635765,91.98169996635765,13781632
2022-03-03,92.42391967773438,93.30835910048782,92.42391967773438,92.8661393891111,13799475
2022-03-04,92.86613464355469,92.86613464355469,91.53947557721818,91.98169526599702,18406414
2022-03-07,90.65503692626953,91.98169600323934,90.65503692626953,91.98169600323934,43631775
2022-03-08,89.77059936523438,90.65503876784753,88.44394026131465,89.77059936523438,60192113
2022-03-09,89.77059936523438,90.65503876784753,89.77059936523438,90.21281906654094,29168018
2022-03-10,91.09725952148438,91.98169893431432,90.6550398150694,91.09725952148438,25008712
2022-03-11,91.53947448730469,91.98169417081824,90.65503512027759,91.09725480379115,23629440
2022-03-14,90.65503692626953,91.98169600323934,90.65503692626953,91.0972566185928,25796152
2022-03-15,89.32837677001953,91.09725551794071,89.32837677001953,90.21281614398012,31099190
2022-03-16,89.77059936523438,90.65503876784753,88.44394026131465,89.77059936523438,35941142
2022-03-17,91.98169708251953,92.42391678003165,91.09725768749531,91.53947738500742,43536754
2022-03-18,93.75057983398438,93.75057983398438,91.53948125299418,92.8661404015883,82056684
2022-03-21,92.42391967773438,94.19279852324125,92.42391967773438,93.75057881186453,21118636
2022-03-22,91.98169708251953,92.42391678003165,91.53947738500742,91.98169708251953,21010720
2022-03-23,93.30835723876953,93.30835723876953,91.9816981311093,92.42391783366271,19285529
2022-03-24,94.19279479980469,95.51945388149207,92.4239160242215,92.86613571811729,50161697
2022-03-25,93.75057983398438,94.63501926638045,93.75057983398438,94.19279955018241,20559680
2022-03-28,93.75057983398438,94.19279955018241,92.42392068539026,93.30836011778634,19827138
2022-03-29,93.30835723876953,94.19279664387635,92.42391783366271,93.75057694132293,15281994
2022-03-30,93.30835723876953,93.75057694132293,92.86613753621612,93.75057694132293,19929601
2022-03-31,93.75057983398438,94.19279955018241,93.30836011778634,93.75057983398438,20008814
2022-04-01,92.42391967773438,93.30835910048782,92.42391967773438,92.8661393891111,23307788
2022-04-06,92.86613464355469,92.86613464355469,91.98169526599702,92.42391495477585,31289599
2022-04-07,91.09725952148438,92.86613834714427,91.09725952148438,92.4239186407293,34459124
2022-04-08,91.09725952148438,91.53947922789935,90.6550398150694,91.09725952148438,24825800
2022-04-11,90.21282196044922,91.53948110692642,89.77060224495682,91.09726139143402,28845321
2022-04-12,90.21282196044922,91.09726139143402,89.77060224495682,90.21282196044922,17640348
2022-04-13,91.98169708251953,92.42391678003165,90.6550379899832,91.09725768749531,15837431
2022-04-14,91.98169708251953,92.42391678003165,91.53947738500742,91.98169708251953,8896584
2022-04-15,91.09725952148438,91.98169893431432,91.09725952148438,91.53947922789935,11699116
2022-04-18,90.65503692626953,91.0972566185928,90.21281723394627,90.21281723394627,11383276
2022-04-19,90.21282196044922,91.53948110692642,90.21282196044922,91.09726139143402,17643855
2022-04-20,91.09725952148438,91.09725952148438,90.21282010865443,90.6550398150694,19489328
2022-04-21,91.09725952148438,91.98169893431432,91.09725952148438,91.53947922789935,18357634
2022-04-22,91.53947448730469,91.53947448730469,90.21281543676405,90.65503512027759,16603902
2022-04-25,88.88616180419922,90.65504064607383,88.88616180419922,90.65504064607383,40565427
2022-04-26,89.32837677001953,89.77059645699983,88.88615708303924,89.32837677001953,20545513
2022-04-27,88.44393920898438,88.8861589050293,88.1786046922626,88.3554966193228,29697752
2022-04-28,89.77059936523438,89.77059936523438,88.44394026131465,88.44394026131465,27751372
2022-04-29,90.21282196044922,90.21282196044922,89.77060224495682,89.77060224495682,14137983
2022-05-03,90.65503692626953,91.0972566185928,89.770597541623,90.21281723394627,17216495
2022-05-04,91.98169708251953,92.42391678003165,91.09725768749531,91.53947738500742,29912716
2022-05-05,92.42391967773438,93.30835910048782,91.98169996635765,92.8661393891111,34766562
2022-05-06,91.98169708251953,91.98169708251953,90.6550379899832,91.53947738500742,27316318
2022-05-09,91.98169708251953,91.98169708251953,91.09725768749531,91.53947738500742,24282777
2022-05-10,91.98169708251953,91.98169708251953,90.6550379899832,91.09725768749531,17584435
2022-05-11,91.09725952148438,91.98169893431432,91.09725952148438,91.53947922789935,19605349
2022-05-12,90.21282196044922,91.09726139143402,90.21282196044922,91.09726139143402,22154008
2022-05-13,91.98169708251953,91.98169708251953,91.09725768749531,91.98169708251953,19656439
2022-05-16,92.42391967773438,92.42391967773438,91.53948025498094,91.98169996635765,22467860
2022-05-17,92.86613464355469,92.86613464355469,91.98169526599702,92.42391495477585,25153620
2022-05-18,94.63501739501953,94.63501739501953,92.86613856520609,93.30835827265945,55743416
2022-05-19,95.07723999023438,95.07723999023438,92.86614138581032,93.30836110669513,37286039
2022-05-20,94.63501739501953,96.40389622483298,94.63501739501953,95.07723710247289,45964633
2022-05-23,95.51945495605469,96.40389435379593,94.63501555831344,95.51945495605469,34196330
2022-05-24,95.51945495605469,96.40389435379593,95.51945495605469,95.51945495605469,37199729
2022-05-25,96.84611511230469,97.28833481601384,95.51945600117722,95.96167570488637,75541746
2022-05-26,96.40390014648438,97.73055932281214,95.96168042104178,97.28833959736954,39995538
2022-05-27,97.288330078125,98.17276944247159,96.8461103959517,97.288330078125,51671206
2022-05-30,97.73054504394531,98.17276470477763,96.40388606144832,97.73054504394531,43770168
2022-05-31,99.94165802001953,99.94165802001953,97.28833966550573,98.17277911701034,89526207
2022-06-01,101.268310546875,102.59496963700873,99.05721206331879,99.49943176003002,71080756
2022-06-02,100.82608795166016,102.59496668765419,100.38386826766165,101.26830763565867,36440162
2022-06-06,102.15274810791016,102.59496779668899,100.82608904157365,101.71052841913132,35782678
2022-06-07,100.38387298583984,102.15275180497358,100.38387298583984,101.71053210019015,37688003
2022-06-08,100.82608795166016,101.71052731965717,100.38386826766165,101.26830763565867,18570005
2022-06-09,102.15274810791016,102.15274810791016,100.38386935279483,100.82608904157365,29571170
2022-06-10,100.82608795166016,101.71052731965717,100.82608795166016,101.71052731965717,24037427
2022-06-13,98.61499786376953,99.49943730649393,98.17277814240734,99.49943730649393,45251873
2022-06-14,98.61499786376953,99.49943730649393,97.28833869968295,97.28833869968295,31839349
2022-06-15,99.05721282958984,99.49943252972193,98.61499312945774,99.49943252972193,24548371
2022-06-16,98.61499786376953,100.38387674921832,97.73055842104515,100.38387674921832,31543119
2022-06-17,96.84611511230469,98.17277422343214,96.84611511230469,97.28833481601384,49546955
2022-06-20,96.40390014648438,97.73055932281214,95.96168042104178,97.28833959736954,33359214
2022-06-21,99.05721282958984,99.49943252972193,97.73055372919355,97.73055372919355,38500252
2022-06-22,96.84611511230469,98.6149939271413,96.84611511230469,98.6149939271413,31181855
2022-06-23,95.51945495605469,97.73055345040781,95.07723525718407,97.73055345040781,45758826
2022-06-24,97.288330078125,97.73054976029829,95.9616710316051,96.40389071377841,29542926
2022-06-27,98.17277526855469,99.05721468538852,98.17277526855469,98.17277526855469,25944301
2022-06-28,99.05721282958984,99.05721282958984,97.28833402906145,98.61499312945774,27617500
2022-06-29,98.17277526855469,99.49943439380543,97.73055556013777,98.6149949769716,33501065
2022-06-30,96.40390014648438,98.17277904825472,96.40390014648438,97.73055932281214,44339108
2022-07-01,93.75057983398438,96.40389813117261,93.30836011778634,95.96167841497457,62417854
2022-07-04,93.00652313232422,94.8666535949707,92.54149051666259,93.47155574798583,70346389
2022-07-05,95.3316879272461,95.79672055128144,93.93659005514004,94.86665530321075,45133868
2022-07-06,93.4715576171875,96.2617533669543,93.4715576171875,95.79672074199316,45606608
2022-07-07,96.26174926757812,96.26174926757812,93.47155363663383,93.93658624179122,40971306
2022-07-08,94.86665344238281,96.72678390203737,94.40162082746917,96.26175128712373,34112553
2022-07-11,93.93658447265625,94.86664966545482,93.47155187625695,94.86664966545482,18375028
2022-07-12,93.4715576171875,93.93659024214864,92.7275025789158,93.00652499222637,26056813
2022-07-13,95.3316879272461,96.26175317531678,95.3316879272461,95.79672055128144,31813542
2022-07-14,97.65684509277344,98.5869102841332,95.33168211437408,95.33168211437408,46066645
2022-07-15,97.65684509277344,98.5869102841332,97.19181249709357,97.65684509277344,24630202
2022-07-18,97.65684509277344,98.12187768845331,96.72677990141369,97.65684509277344,17000378
2022-07-19,96.7267837524414,97.65684898083026,96.26175113824698,97.19181636663583,20445793
2022-07-20,96.26174926757812,97.65684708305028,95.79671666242075,96.72678187273551,35017029
2022-07-21,98.12187957763672,98.12187957763672,96.26174915910332,96.72678176373667,23154380
2022-07-22,98.5869140625,99.05194667600236,97.65684883549528,98.12188144899764,28741668
2022-07-25,99.98201751708984,100.44705015670421,98.12188695863236,98.58691959824672,39068310
2022-07-26,100.4470443725586,100.9120769853945,99.51697914688675,100.4470443725586,22725130
2022-07-27,100.4470443725586,101.84214221106635,99.98201175972267,100.9120769853945,30666386
2022-07-28,100.91207885742188,101.37711147888466,100.4470462359591,101.37711147888466,21777281
2022-07-29,101.37711334228516,101.84214597229564,100.91208071227469,101.37711334228516,21866952
2022-08-01,101.37711334228516,101.37711334228516,100.4470480822642,100.91208071227469,14697891
2022-08-02,100.4470443725586,100.4470443725586,99.05194653405083,100.4470443725586,40353392
2022-08-03,100.91207885742188,100.91207885742188,99.51698099303356,99.98201361449632,30936472
2022-08-04,100.4470443725586,100.9120769853945,99.05194653405083,100.4470443725586,38651714
2022-08-05,100.4470443725586,101.37710959823043,100.4470443725586,100.9120769853945,24868879
2022-08-08,100.4470443725586,100.4470443725586,99.05194653405083,99.51697914688675,22571210
2022-08-09,101.37711334228516,101.37711334228516,99.51698282224324,100.4470480822642,25759491
2022-08-10,102.30717468261719,103.23723990700462,100.44704423384233,101.37710945822977,56343332
2022-08-11,105.09737396240234,105.09737396240234,102.77221082164122,103.70227607794567,62046990
2022-08-12,104.63233947753906,106.02743733723959,104.16730685763889,105.09737209743925,48405887
2022-08-15,104.16730499267578,105.09737021582468,103.70227238110134,105.09737021582468,29323346
2022-08-16,103.23724365234375,104.16730891047298,102.77221102327914,104.16730891047298,28765617
2022-08-17,104.63233947753906,104.63233947753906,103.23724161783855,103.23724161783855,30500758
2022-08-18,104.16730499267578,104.63233760425024,103.2372397695269,104.63233760425024,25764909
2022-08-19,103.23724365234375,104.16730891047298,103.23724365234375,103.70227628140837,17611604
2022-08-22,102.30717468261719,103.23723990700462,102.30717468261719,102.77220729481091,10185000
2022-08-23,102.30717468261719,102.77220729481091,101.84214207042348,102.30717468261719,17881145
2022-08-24,101.8421401977539,103.23723800868204,101.3771075941112,102.77220540503933,24541358
2022-08-25,101.8421401977539,102.77220540503933,101.8421401977539,101.8421401977539,14108637
2022-08-26,102.77220153808594,102.77220153808594,101.84213636579557,102.30716895194075,17056269
2022-08-29,100.4470443725586,101.37710959823043,100.4470443725586,100.9120769853945,26838820
2022-08-30,100.91207885742188,101.37711147888466,100.4470462359591,100.91207885742188,21797499
2022-08-31,101.37711334228516,101.84214597229564,99.98201545225372,100.4470480822642,28991269
2022-09-01,99.98201751708984,100.91208279631859,99.51698487747547,100.44705015670421,37415613
2022-09-02,99.98201751708984,100.44705015670421,99.51698487747547,100.44705015670421,17074664
2022-09-05,100.4470443725586,100.9120769853945,99.98201175972267,100.4470443725586,21079281
2022-09-06,100.91207885742188,100.91207885742188,99.98201361449632,100.91207885742188,16384324
2022-09-07,98.5869140625,100.44704451650944,98.5869140625,99.98201190300708,31588795
2022-09-08,99.51698303222656,99.51698303222656,98.58691777024315,99.51698303222656,15056746
2022-09-12,100.91207885742188,101.37711147888466,99.98201361449632,100.91207885742188,18427897
2022-09-13,102.30717468261719,102.77220729481091,100.91207684603604,101.37710945822977,32733009
2022-09-14,99.98201751708984,100.91208279631859,99.51698487747547,99.98201751708984,26434615
2022-09-15,100.4470443725586,100.9120769853945,99.98201175972267,99.98201175972267,17100232
2022-09-16,99.98201751708984,100.44705015670421,99.51698487747547,99.98201751708984,37103124
2022-09-19,99.51698303222656,100.44704829420999,99.05195040123486,99.98201566321828,17131612
2022-09-20,100.91207885742188,100.91207885742188,99.51698099303356,99.98201361449632,25688754
2022-09-21,99.51698303222656,100.9120809252017,99.05195040123486,100.9120809252017,25799149
2022-09-22,99.51698303222656,99.98201566321828,98.58691777024315,99.05195040123486,24048970
2022-09-23,99.05194854736328,99.98201379193945,98.58691592507519,99.51698116965137,15318321
2022-09-26,96.7267837524414,98.58691420921912,96.26175113824698,98.12188159502469,40675073
2022-09-27,96.26174926757812,97.19181447789289,95.79671666242075,96.72678187273551,21273277
2022-09-28,93.4715576171875,96.72678599191542,93.4715576171875,96.2617533669543,48743869
2022-09-29,94.40161895751953,95.33168416892367,93.93658635181747,94.40161895751953,40253163
2022-09-30,94.86665344238281,94.86665344238281,93.00652298272824,93.00652298272824,27852050
2022-10-03,93.93658447265625,94.86664966545482,93.47155187625695,93.93658447265625,20873153
2022-10-04,95.3316879272461,95.79672055128144,94.86665530321075,95.3316879272461,17249740
2022-10-05,99.51698303222656,99.98201566321828,97.65685250825972,98.12188513925143,52299029
2022-10-06,99.98201751708984,100.91208279631859,99.0519522378611,100.44705015670421,27153696
2022-10-07,99.98201751708984,100.44705015670421,99.0519522378611,99.51698487747547,21917087
2022-10-11,96.7267837524414,98.12188159502469,96.7267837524414,97.65684898083026,37540410
2022-10-12,95.79672241210938,97.19182031131486,95.33168977904089,96.72678767824637,37752638
2022-10-13,96.26174926757812,97.19181447789289,95.33168405726336,96.26174926757812,29359558
2022-10-14,97.65684509277344,98.12187768845331,97.19181249709357,97.19181249709357,25035354
2022-10-17,97.65684509277344,98.12187768845331,96.72677990141369,96.72677990141369,28280778
2022-10-18,96.26174926757812,98.58691229336505,95.79671666242075,98.12187968820766,38498822
2022-10-19,95.79672241210938,97.65685294438335,95.79672241210938,96.72678767824637,54005985
2022-10-20,95.3316879272461,96.26175317531678,93.93659005514004,95.79672055128144,57596655
2022-10-21,96.26174926757812,96.26174926757812,94.86665145210598,95.33168405726336,24049235
2022-10-24,95.79672241210938,97.19182031131486,95.33168977904089,97.19182031131486,29054365
2022-10-25,96.26174926757812,96.26174926757812,94.4016188469486,95.79671666242075,36701674
2022-10-26,96.7267837524414,97.19181636663583,95.79671852405254,96.7267837524414,28275416
2022-10-27,96.7267837524414,97.65684898083026,96.7267837524414,97.65684898083026,31261879
2022-10-28,96.7267837524414,97.19181636663583,95.79671852405254,97.19181636663583,22200068
2022-10-31,95.3316879272461,95.79672055128144,94.4016226791754,94.4016226791754,43562953
2022-11-01,94.40161895751953,94.8666515632216,93.4715537461154,94.40161895751953,46692717
2022-11-02,94.86665344238281,94.86665344238281,93.93658821255553,94.40162082746917,28465028
2022-11-03,93.93658447265625,94.40161706905553,93.47155187625695,93.93658447265625,39227107
2022-11-04,93.4715576171875,93.93659024214864,92.54149236726523,93.00652499222637,48440518
2022-11-07,93.00652313232422,93.93658836364746,92.8205129243934,93.47155574798583,40465357
2022-11-08,93.00652313232422,93.47155574798583,93.00652313232422,93.00652313232422,29917422
2022-11-09,95.3316879272461,95.3316879272461,93.00652480706935,93.00652480706935,40267209
2022-11-10,93.4715576171875,94.40162286710977,93.4715576171875,93.93659024214864,38942597
2022-11-11,93.00652313232422,95.33168621063233,93.00652313232422,94.40162097930907,88699853
2022-11-14,94.40161895751953,94.40161895751953,92.54148853471126,92.54148853471126,66938705
2022-11-15,94.40161895751953,95.33168416892367,93.93658635181747,94.40161895751953,46831926
2022-11-16,94.40161895751953,95.33168416892367,93.93658635181747,94.40161895751953,46656901
2022-11-17,94.40161895751953,94.8666515632216,93.93658635181747,94.40161895751953,26166790
2022-11-18,93.4715576171875,95.33168811703203,93.4715576171875,94.40162286710977,43152213
2022-11-21,93.00652313232422,94.40162097930907,93.00652313232422,93.93658836364746,30138717
2022-11-22,93.4715576171875,93.4715576171875,93.00652499222637,93.00652499222637,28386414
2022-11-23,93.4715576171875,94.40162286710977,93.4715576171875,93.93659024214864,31531556
2022-11-24,93.93658447265625,93.93658447265625,93.00651927985767,93.47155187625695,42058555
2022-11-25,93.4715576171875,93.93659024214864,93.00652499222637,93.4715576171875,34893350
2022-11-28,93.00652313232422,93.47155574798583,92.634495620628,93.47155574798583,46570604
2022-11-29,93.00652313232422,93.47155574798583,92.72750072459341,93.00652313232422,33933430
2022-11-30,93.4715576171875,94.40162286710977,93.00652499222637,93.4715576171875,73098376
2022-12-01,95.79672241210938,95.79672241210938,94.40162451290391,94.40162451290391,66190485
2022-12-02,98.12187957763672,98.58691218227007,95.79671655446998,95.79671655446998,77556958
2022-12-05,98.12187957763672,99.51697739153677,98.12187957763672,99.05194478690342,45869305
2022-12-06,95.79672241210938,97.19182031131486,95.33168977904089,96.72678767824637,54823509
2022-12-07,94.86665344238281,96.72678390203737,94.86665344238281,95.33168605729645,44543745
2022-12-08,94.40161895751953,95.33168416892367,94.40161895751953,94.8666515632216,30784065
2022-12-09,94.86665344238281,95.79671867221009,94.86665344238281,95.33168605729645,32429484
2022-12-12,94.86665344238281,94.86665344238281,93.93658821255553,94.86665344238281,19377505
2022-12-13,93.93658447265625,95.33168226185411,93.93658447265625,94.86664966545482,34609744
2022-12-14,95.3316879272461,95.3316879272461,93.93659005514004,94.4016226791754,24686884
2022-12-15,94.40161895751953,95.33168416892367,94.40161895751953,94.40161895751953,24472461
2022-12-16,93.4715576171875,94.40162286710977,93.00652499222637,93.4715576171875,71935875
2022-12-19,94.40161895751953,94.8666515632216,93.4715537461154,93.4715537461154,29443100
2022-12-20,93.00652313232422,94.40162097930907,93.00652313232422,93.93658836364746,44517003
2022-12-21,93.00652313232422,93.93658836364746,93.00652313232422,93.93658836364746,27849028
2022-12-22,93.93658447265625,93.93658447265625,93.47155187625695,93.93658447265625,21205805
2022-12-23,93.93658447265625,93.93658447265625,93.00651927985767,93.00651927985767,15377369
2022-12-26,93.93658447265625,94.40161706905553,93.47155187625695,94.40161706905553,8716525
2022-12-27,93.4715576171875,94.40162286710977,93.4715576171875,93.93659024214864,8826169
2022-12-28,93.4715576171875,93.4715576171875,93.00652499222637,93.4715576171875,22673422
2022-12-29,92.72750091552734,93.00652332383268,92.54149070721351,93.00652332383268,37212398
2022-12-30,92.91352081298828,93.47155854933976,92.8205157062355,93.00652591974105,18093658
2023-01-03,92.16946411132812,92.91351914365185,91.14639376375898,92.91351914365185,46594672
2023-01-04,91.23939514160156,91.79743284513052,91.14639004031913,91.14639004031913,41500261
2023-01-05,91.14639282226562,91.98345295102477,91.14639282226562,91.23939792638673,35686123
2023-01-06,91.51841735839844,91.8904448586191,91.42541225730187,91.42541225730187,20091590
2023-01-09,92.16946411132812,92.63449673257179,91.98345390116452,92.26246921640991,33250703
2023-01-10,92.448486328125,92.82051384350505,92.1694639176313,92.448486328125,19385954
2023-01-11,92.16946411132812,92.82051403857005,92.16946411132812,92.82051403857005,19900837
2023-01-12,91.70442962646484,92.54148974685963,91.70442962646484,92.1694622382581,18537275
2023-01-13,91.70442962646484,92.54148974685963,91.70442962646484,92.07645713506636,17809439
2023-01-16,91.23939514160156,92.26246544737704,91.23939514160156,91.70442774384809,26829826
2023-01-17,91.23939514160156,91.61142264256566,91.23939514160156,91.33240024288399,27871039
2023-01-30,91.23939514160156,92.72749804962358,91.14639004031913,92.63449294834115,81832690
2023-01-31,92.72750091552734,93.936588557071,91.33240306566985,91.42541526566137,78717445
2023-02-01,93.00652313232422,93.93658836364746,92.8205129243934,93.47155574798583,39899084
2023-02-02,93.00652313232422,93.93658836364746,93.00652313232422,93.47155574798583,49473623
2023-02-03,92.63449096679688,93.47155105210194,92.54148586750392,93.00651845980293,43062963
2023-02-06,94.40161895751953,94.8666515632216,93.4715537461154,93.4715537461154,50209500
2023-02-07,93.4715576171875,94.86665549207089,93.4715576171875,94.86665549207089,31198971
2023-02-08,93.4715576171875,93.93659024214864,93.4715576171875,93.4715576171875,24332505
2023-02-09,93.93658447265625,94.40161706905553,93.00651927985767,93.47155187625695,29215985
2023-02-10,94.40161895751953,94.8666515632216,93.4715537461154,94.40161895751953,25426136
2023-02-13,93.93658447265625,94.86664966545482,93.93658447265625,94.40161706905553,18330530
2023-02-14,94.86665344238281,94.86665344238281,94.40162082746917,94.40162082746917,18342029
2023-02-15,95.3316879272461,95.3316879272461,94.4016226791754,94.86665530321075,36053227
2023-02-16,96.26174926757812,96.26174926757812,95.33168405726336,95.79671666242075,39617729
2023-02-17,96.26174926757812,96.26174926757812,95.33168405726336,95.79671666242075,28586479
2023-02-20,95.79672241210938,96.72678767824637,95.33168977904089,96.26175504517786,21971615
2023-02-21,95.3316879272461,95.79672055128144,95.3316879272461,95.3316879272461,13794962
2023-02-22,94.86665344238281,95.33168605729645,94.40162082746917,94.86665344238281,21960210
2023-02-23,95.79672241210938,95.79672241210938,94.8666571459724,94.8666571459724,20815057
2023-02-24,93.93658447265625,96.26174745465269,93.93658447265625,95.7967148582534,53866924
2023-03-01,94.86665344238281,95.79671867221009,93.00652298272824,93.00652298272824,44807719
2023-03-02,95.3316879272461,95.79672055128144,94.4016226791754,95.3316879272461,27825685
2023-03-03,95.3316879272461,96.72678579935213,95.3316879272461,96.26175317531678,29133932
2023-03-06,96.26174926757812,96.72678187273551,95.33168405726336,95.79671666242075,37825717
2023-03-07,97.65684509277344,98.5869102841332,96.26174730573382,96.26174730573382,72281357
2023-03-08,96.7267837524414,97.65684898083026,96.7267837524414,97.19181636663583,31270865
2023-03-09,95.3316879272461,97.19181842338747,94.86665530321075,96.72678579935213,61494331
2023-03-10,94.86665344238281,95.33168605729645,94.40162082746917,94.86665344238281,27734890
2023-03-13,95.79672241210938,96.26175504517786,94.40162451290391,94.8666571459724,23591966
2023-03-14,94.86665344238281,95.33168605729645,94.40162082746917,94.86665344238281,29415418
2023-03-15,95.3316879272461,95.79672055128144,94.86665530321075,95.3316879272461,20481113
2023-03-16,94.86665344238281,95.79671867221009,94.86665344238281,95.33168605729645,27614054
2023-03-17,96.26174926757812,97.19181447789289,95.33168405726336,95.79671666242075,62309325
2023-03-20,95.3316879272461,96.72678579935213,95.3316879272461,96.26175317531678,21366539
2023-03-21,96.26174926757812,96.72678187273551,95.79671666242075,95.79671666242075,21054992
2023-03-22,96.26174926757812,97.19181447789289,95.79671666242075,96.26174926757812,21545922
2023-03-23,96.26174926757812,97.19181447789289,95.79671666242075,95.79671666242075,31525774
2023-03-24,98.12187957763672,98.58691218227007,96.72678176373667,97.19181436837002,68833626
2023-03-27,96.26174926757812,98.12187968820766,96.26174926757812,97.65684708305028,32246406
2023-03-28,95.79672241210938,96.72678767824637,95.79672241210938,96.72678767824637,24056022
2023-03-29,96.26174926757812,96.72678187273551,95.79671666242075,95.79671666242075,21090350
2023-03-30,97.19181823730469,97.19181823730469,96.26175299101469,96.72678561415968,19398433
2023-03-31,96.7267837524414,97.65684898083026,96.7267837524414,97.19181636663583,18283580
2023-04-06,96.26174926757812,98.12187968820766,95.79671666242075,97.19181447789289,39046856
2023-04-07,95.79672241210938,96.72678767824637,95.79672241210938,96.72678767824637,11565207
2023-04-10,95.79672241210938,96.72678767824637,95.79672241210938,95.79672241210938,12404976
2023-04-11,96.26174926757812,96.72678187273551,95.79671666242075,96.26174926757812,29073959
2023-04-12,95.3316879272461,96.26175317531678,95.3316879272461,96.26175317531678,20279457
2023-04-13,95.79672241210938,96.26175504517786,95.33168977904089,95.33168977904089,22784420
2023-04-14,97.19181823730469,97.19181823730469,95.7967203678697,96.72678561415968,25584829
2023-04-17,96.7267837524414,97.19181636663583,96.26175113824698,97.19181636663583,15274691
2023-04-18,97.19181823730469,97.19181823730469,96.26175299101469,96.72678561415968,16042798
2023-04-19,96.7267837524414,97.19181636663583,96.26175113824698,97.19181636663583,18734037
2023-04-20,97.19181823730469,97.19181823730469,96.26175299101469,96.26175299101469,19680444
2023-04-21,96.7267837524414,98.12188159502469,96.7267837524414,97.65684898083026,32735172
2023-04-24,96.26174926757812,97.19181447789289,96.26174926757812,96.72678187273551,18393606
2023-04-25,95.79672241210938,96.72678767824637,95.79672241210938,96.26175504517786,26878363
2023-04-26,96.26174926757812,97.19181447789289,95.79671666242075,95.79671666242075,33983572
2023-04-27,96.26174926757812,96.72678187273551,95.79671666242075,96.26174926757812,16606395
2023-04-28,97.19181823730469,97.19181823730469,96.26175299101469,96.72678561415968,19404553
2023-05-02,98.5869140625,98.5869140625,96.72678360849056,97.19181622199292,49934354
2023-05-03,98.12187957763672,98.58691218227007,97.65684697300337,98.12187957763672,26855259
2023-05-04,97.65684509277344,98.12187768845331,97.65684509277344,98.12187768845331,12735443
2023-05-05,97.65684509277344,98.12187768845331,97.19181249709357,97.65684509277344,12524881
2023-05-08,97.65684509277344,98.5869102841332,97.65684509277344,98.12187768845331,10197144
2023-05-09,99.05194854736328,99.51698116965137,97.19181805821091,97.656850680499,40552496
2023-05-10,99.05194854736328,99.51698116965137,98.58691592507519,99.05194854736328,17406967
2023-05-11,97.65684509277344,99.51697547549294,97.65684509277344,99.05194287981307,21740140
2023-05-12,95.3316879272461,96.72678579935213,94.86665530321075,96.26175317531678,70640476
2023-05-15,94.86665344238281,95.79671867221009,94.86665344238281,95.33168605729645,28080940
2023-05-16,94.86665344238281,95.79671867221009,94.86665344238281,95.33168605729645,41848030
2023-05-17,95.3316879272461,95.79672055128144,94.86665530321075,94.86665530321075,38707801
2023-05-18,95.79672241210938,96.26175504517786,95.33168977904089,95.79672241210938,27646823
2023-05-19,95.79672241210938,95.79672241210938,94.8666571459724,95.79672241210938,33026440
2023-05-22,95.79672241210938,95.79672241210938,95.33168977904089,95.33168977904089,18055020
2023-05-23,95.3316879272461,95.79672055128144,95.3316879272461,95.79672055128144,21793465
2023-05-24,95.79672241210938,95.79672241210938,95.33168977904089,95.33168977904089,15681903
2023-05-25,95.3316879272461,96.26175317531678,95.3316879272461,95.3316879272461,25782108
2023-05-26,95.3316879272461,95.79672055128144,94.86665530321075,95.3316879272461,34841283
2023-05-29,98.12187957763672,98.58691218227007,95.79671655446998,96.26174915910332,77950453
2023-05-30,99.51698303222656,100.44704829420999,98.58691777024315,99.05195040123486,88126662
2023-05-31,99.05194854736328,99.98201379193945,98.1218833027871,99.98201379193945,58697772
2023-06-01,100.4470443725586,100.4470443725586,98.58691392121492,99.05194653405083,46264650
2023-06-02,100.4470443725586,101.37710959823043,99.98201175972267,100.9120769853945,53639503
2023-06-05,99.98201751708984,100.91208279631859,99.51698487747547,100.91208279631859,24441405
2023-06-06,99.51698303222656,99.98201566321828,98.58691777024315,99.51698303222656,36177082
2023-06-07,100.4470443725586,100.4470443725586,99.51697914688675,99.98201175972267,22331554
2023-06-08,99.51698303222656,100.44704829420999,99.51698303222656,100.44704829420999,17253275
2023-06-09,100.4470443725586,100.4470443725586,99.51697914688675,99.98201175972267,16636034
2023-06-12,102.77220153808594,104.16729929652149,99.98200602121483,100.44703860736001,97931538
2023-06-13,104.63233947753906,105.09737209743925,103.23724161783855,103.23724161783855,69701479
2023-06-14,104.63233947753906,105.09737209743925,103.70227423773872,104.63233947753906,35568685
2023-06-15,103.70227813720703,105.09737604936677,103.23724549982046,104.63234341198019,34887268
2023-06-16,103.23724365234375,104.63234153953759,103.23724365234375,103.70227628140837,46995134
2023-06-19,104.63233947753906,105.09737209743925,103.23724161783855,103.70227423773872,25047682
2023-06-20,104.63233947753906,105.56240471733942,103.70227423773872,105.09737209743925,29739937
2023-06-21,105.09737396240234,105.09737396240234,104.1673087060979,104.63234133425011,34763025
2023-06-26,107.42253112792969,107.88756373021509,105.09736811650264,105.56240071878804,99919960
2023-06-27,106.02743530273438,108.3525983576189,106.02743530273438,107.887565746642,66946025
2023-06-28,106.9574966430664,107.88756183126699,106.49246404896613,106.49246404896613,44666321
2023-06-29,105.09737396240234,107.88756973131568,105.09737396240234,107.88756973131568,39560094
2023-06-30,105.09737396240234,105.09737396240234,103.23724344979345,105.09737396240234,48200965
2023-07-03,106.9574966430664,106.9574966430664,105.56239886076554,106.02743145486583,87520052
2023-07-04,107.25,109.6875,106.7625,109.2,79691146
2023-07-05,105.78750610351562,107.73750621602282,104.81250604726202,107.25000618789602,50544581
2023-07-06,102.86250305175781,104.81250310961104,102.3750030372945,104.81250310961104,69069457
2023-07-07,102.86250305175781,103.35000306622112,101.8875030228312,102.3750030372945,30487502
2023-07-10,101.88750457763672,103.35000464334442,101.88750457763672,102.86250462144186,24605713
2023-07-11,102.375,102.8625,101.8875,102.375,23641103
2023-07-12,104.8125,104.8125,102.375,102.375,37582438
2023-07-13,104.32500457763672,106.27500466320002,104.32500457763672,105.78750464180919,29761053
2023-07-14,106.76250457763672,106.76250457763672,103.837504452222,104.81250449402691,43171954
2023-07-17,107.73750305175781,108.22500306556667,106.76250302414009,107.25000303794896,41250219
2023-07-18,109.20000457763672,110.66250463894436,107.25000449589321,107.73750451632908,52327726
2023-07-19,105.78750610351562,110.66250638478363,105.30000607538882,110.17500635665682,54580337
2023-07-20,105.30000305175781,107.25000310827186,104.81250303762931,106.27500308001483,32928924
2023-07-21,104.8125,105.7875,103.83749999999999,104.325,24874943
2023-07-24,105.30000305175781,105.78750306588633,104.3250030235008,105.30000305175781,19757373
2023-07-25,109.20000457763672,109.20000457763672,105.78750443458557,105.78750443458557,60570621
2023-07-26,108.7125015258789,109.68750153956393,108.22500151903641,109.20000153272142,30040003
2023-07-27,107.73750305175781,110.1750031208021,107.73750305175781,109.20000309318439,31329930
2023-07-28,106.76250457763672,108.22500464034407,106.76250457763672,107.73750461944162,22140011
2023-07-31,105.78750610351562,108.22500624414963,105.78750610351562,107.73750621602282,30316038
2023-08-01,107.73750305175781,108.22500306556667,106.27500301033123,106.76250302414009,23966725
2023-08-02,105.30000305175781,107.73750312240035,105.30000305175781,107.25000310827186,33642403
2023-08-04,108.22500610351562,108.22500610351562,106.27500599354236,106.27500599354236,38960707
2023-08-07,106.76250457763672,109.68750470305142,106.76250457763672,109.20000468214897,45334600
2023-08-08,107.73750305175781,108.22500306556667,106.76250302414009,107.73750305175781,29163604
2023-08-09,107.73750305175781,108.71250307937552,107.25000303794896,107.73750305175781,20348974
2023-08-10,107.25,108.225,106.7625,108.225,22241741
2023-08-11,105.78750610351562,107.73750621602282,105.78750610351562,107.25000618789602,22550572
2023-08-14,107.25,107.7375,106.27499999999999,106.7625,29995115
2023-08-15,104.32500457763672,106.27500466320002,104.32500457763672,105.30000462041836,63923173
2023-08-16,102.86250305175781,103.83750308068443,102.3750030372945,103.83750308068443,43637112
2023-08-17,103.8375015258789,104.32500153304267,102.86250151155141,102.86250151155141,24569578
2023-08-18,103.35000610351562,104.32500616109596,102.86250607472545,103.83750613230579,17125216
2023-08-21,103.35000610351562,104.32500616109596,102.86250607472545,103.83750613230579,10711817
2023-08-22,103.8375015258789,104.32500153304267,103.35000151871516,103.8375015258789,13146421
2023-08-23,103.8375015258789,104.81250154020641,103.35000151871516,103.8375015258789,16513876
2023-08-24,106.76250457763672,107.73750461944162,105.78750453583181,106.27500455673426,50697365
2023-08-25,105.30000305175781,106.27500308001483,105.30000305175781,105.78750306588633,21088268
2023-08-28,105.30000305175781,106.27500308001483,105.30000305175781,105.78750306588633,16737977
2023-08-29,103.35000610351562,105.78750624746645,102.37500604593528,105.30000621867629,64075629
2023-08-30,103.35000610351562,104.32500616109596,103.35000610351562,103.83750613230579,20719271
2023-08-31,103.8375015258789,104.32500153304267,102.86250151155141,103.35000151871516,56712590
2023-09-01,104.8125,104.8125,103.83749999999999,103.83749999999999,14016360
2023-09-04,103.8375015258789,105.30000154737016,102.86250151155141,104.81250154020641,21196486
2023-09-05,104.32500457763672,104.32500457763672,103.35000453485506,103.83750455624589,13373644
2023-09-06,103.35000610351562,104.32500616109596,103.35000610351562,103.83750613230579,16988014
2023-09-07,102.86250305175781,103.35000306622112,102.86250305175781,103.35000306622112,14559702
2023-09-08,103.35000610351562,103.35000610351562,102.37500604593528,102.86250607472545,12030780
2023-09-11,102.375,103.35,102.375,103.35,17772579
2023-09-12,104.8125,104.8125,102.8625,103.35,29770627
2023-09-13,103.35000610351562,104.81250618988612,102.86250607472545,104.32500616109596,18281220
2023-09-14,103.8375015258789,104.32500153304267,103.35000151871516,103.8375015258789,15804957
2023-09-15,103.35000610351562,104.32500616109596,103.35000610351562,103.83750613230579,35465752
2023-09-18,103.8375015258789,103.8375015258789,102.86250151155141,103.35000151871516,19079463
2023-09-19,103.8375015258789,104.81250154020641,103.8375015258789,103.8375015258789,13714612
2023-09-20,103.35000610351562,104.32500616109596,103.35000610351562,103.83750613230579,18615029
2023-09-21,102.375,103.83749999999999,102.375,103.35,22188851
2023-09-22,102.375,102.8625,102.375,102.375,15051487
2023-09-25,102.86250305175781,103.35000306622112,102.3750030372945,102.86250305175781,16313538
2023-09-26,101.4000015258789,102.86250154788678,101.4000015258789,102.37500154055081,30099451
2023-09-27,101.4000015258789,101.88750153321486,100.91250151854295,101.4000015258789,16064926
2023-09-28,101.4000015258789,101.88750153321486,100.42500151120699,101.88750153321486,21103053
2023-10-02,101.88750457763672,102.37500459953928,101.40000455573414,101.40000455573414,13885858
2023-10-03,101.4000015258789,101.88750153321486,100.91250151854295,101.4000015258789,17439779
2023-10-04,100.42500305175781,100.91250306657217,99.93750303694345,100.42500305175781,27359567
2023-10-05,100.91250610351562,101.40000613300121,100.42500607403005,100.42500607403005,16616231
2023-10-06,102.86250305175781,103.35000306622112,101.8875030228312,102.3750030372945,28044586
2023-10-11,103.35000610351562,103.83750613230579,102.86250607472545,103.83750613230579,28530118
2023-10-12,104.32500457763672,104.32500457763672,103.35000453485506,103.83750455624589,27974396
2023-10-13,104.8125,104.8125,103.35,104.325,26550436
2023-10-16,104.32500457763672,104.81250459902753,103.83750455624589,104.32500457763672,17125445
2023-10-17,103.8375015258789,105.30000154737016,103.8375015258789,104.81250154020641,15540479
2023-10-18,102.86250305175781,103.83750308068443,102.3750030372945,103.35000306622112,26924552
2023-10-19,100.91250610351562,102.86250622145796,100.42500607403005,102.37500619197237,36902352
2023-10-20,100.91250610351562,101.88750616248679,100.42500607403005,100.42500607403005,32000342
2023-10-23,97.98750305175781,99.45000309730644,97.50000303657494,99.45000309730644,82749215
2023-10-24,95.8425064086914,97.30500646108044,94.8675063737654,97.30500646108044,110028656
2023-10-25,96.5250015258789,97.01250153358536,95.84250449055378,95.84250449055378,40481603
2023-10-26,96.03750610351562,96.23250314044449,95.55000607253331,95.84250906658676,37967556
2023-10-27,95.74500274658203,96.42750725056662,95.74500274658203,96.03750573952688,33142928
2023-10-30,92.13750457763672,96.03750477139911,91.65000455341642,95.84250773717501,134995332
2023-10-31,94.0875015258789,94.47750301993575,92.72250001600985,92.72250001600985,56204082
2023-11-01,93.20999908447266,94.08750057759146,93.20999908447266,93.99000206472486,26230059
2023-11-02,94.57500457763672,94.96500608424557,93.60000453044458,93.795001564419,25008686
2023-11-03,93.4050064086914,93.79500047209844,92.82000043626098,93.4050064086914,42627707
2023-11-06,93.99000549316406,95.25750108398324,93.79500102165805,93.79500102165805,38328942
2023-11-07,93.69750213623047,94.38000662582367,93.11250360133627,93.99000512300755,27742358
2023-11-08,94.57500457763672,94.96500608424557,93.30750154082293,93.30750154082293,19441199
2023-11-09,95.45250701904297,95.94000704729277,94.86750847287523,94.96500699079317,30810327
2023-11-10,94.7699966430664,95.54999961539059,94.57499961931518,95.45250110351498,16271698
2023-11-13,95.25749969482422,95.9400041771522,95.06250266482188,95.35500564848527,18203271
2023-11-14,97.5,98.475,95.74499702453613,95.94000148773193,46678644
2023-11-15,97.98750305175781,98.96250308212356,97.30500600596574,97.98750305175781,51077691
2023-11-16,98.47500610351562,98.96250613373104,97.9875060733002,98.47500610351562,30695116
2023-11-17,99.9375,100.9125,98.475,98.96249999999999,46873557
2023-11-20,98.47500610351562,99.9375061941619,98.47500610351562,99.9375061941619,29812892
2023-11-21,99.9375,99.9375,98.475,99.45,36969965
2023-11-22,99.45000457763672,101.4000046673943,99.45000457763672,100.4250046225155,28364466
2023-11-23,98.9625015258789,100.42500154842884,98.47500151836226,99.9375015409122,22618693
2023-11-24,98.9625015258789,99.9375015409122,98.47500151836226,99.45000153339555,20946560
2023-11-27,98.9625015258789,100.42500154842884,98.9625015258789,99.9375015409122,23065767
2023-11-28,99.9375,100.425,99.45,99.45,26026370
2023-11-29,99.45000457763672,100.4250046225155,98.96250455519731,99.93750460007611,31821148
2023-11-30,98.9625015258789,99.9375015409122,98.47500151836226,99.45000153339555,40730573
2023-12-01,97.98750305175781,98.96250308212356,97.98750305175781,98.47500306694069,26482926
2023-12-04,98.47500610351562,98.96250613373104,97.9875060733002,98.47500610351562,14718271
2023-12-05,98.47500610351562,99.45000616394647,97.9875060733002,98.47500610351562,21884962
2023-12-06,98.47500610351562,99.45000616394647,98.47500610351562,98.96250613373104,15330669
2023-12-07,98.47500610351562,98.96250613373104,97.9875060733002,98.47500610351562,13982251
2023-12-08,98.9625015258789,99.45000153339555,98.47500151836226,98.47500151836226,16070568
2023-12-11,98.47500610351562,99.45000616394647,97.9875060733002,98.96250613373104,24953090
2023-12-12,98.47500610351562,98.96250613373104,97.9875060733002,98.47500610351562,19973869
2023-12-13,98.47500610351562,98.96250613373104,97.9875060733002,97.9875060733002,15105897
2023-12-14,99.45000457763672,99.45000457763672,98.47500453275792,98.96250455519731,32650955
2023-12-15,98.9625015258789,99.45000153339555,98.47500151836226,98.9625015258789,40775463
2023-12-18,99.45000457763672,99.45000457763672,98.47500453275792,98.96250455519731,27764780
2023-12-19,99.9375,99.9375,98.96249999999999,99.45,32860763
2023-12-20,101.88750457763672,101.88750457763672,99.93750449002644,99.93750449002644,54287637
2023-12-21,100.91250610351562,100.91250610351562,99.93750604454446,100.42500607403005,34805864
2023-12-22,100.91250610351562,101.40000613300121,100.42500607403005,100.91250610351562,23776427
2023-12-25,100.91250610351562,101.40000613300121,100.42500607403005,100.91250610351562,11295535
2023-12-26,101.4000015258789,101.4000015258789,100.91250151854295,101.4000015258789,9920950
2023-12-27,100.91250610351562,101.40000613300121,100.42500607403005,101.40000613300121,18875621
2023-12-28,101.4000015258789,101.4000015258789,100.42500151120699,100.91250151854295,23057092
2023-12-29,101.88750457763672,102.37500459953928,100.91250453383158,101.40000455573414,25969421
2024-01-02,102.375,102.375,101.39999999999999,101.8875,19921105
2024-01-03,101.88750457763672,102.37500459953928,101.40000455573414,101.88750457763672,18957682
2024-01-04,101.4000015258789,102.37500154055081,101.4000015258789,101.88750153321486,15488559
2024-01-05,101.4000015258789,101.88750153321486,101.4000015258789,101.4000015258789,13349572
2024-01-08,98.9625015258789,101.40000156346213,98.9625015258789,100.91250155594548,34642006
2024-01-09,98.47500610351562,99.9375061941619,98.47500610351562,99.45000616394647,25228043
2024-01-10,97.5,98.96249999999999,97.5,98.475,22800432
2024-01-11,97.98750305175781,99.45000309730644,97.20750005200125,97.50000303657494,34453180
2024-01-12,97.98750305175781,98.96250308212356,97.50000303657494,97.50000303657494,29241441
2024-01-15,97.5,98.96249999999999,97.5,98.475,22480585
2024-01-16,97.5,97.9875,96.81750297546387,97.30500297546386,25892269
2024-01-17,96.13500213623047,97.50000367541831,96.03750362028704,97.30500664353146,47592663
2024-01-18,97.40250396728516,97.50000248203521,96.42750394246481,96.52500245721487,18106511
2024-01-19,97.98750305175781,98.47500306694069,97.50000303657494,97.50000303657494,16417094
2024-01-22,97.40250396728516,98.47500250685557,97.40250396728516,97.9875024944454,22982811
2024-01-23,98.47500610351562,98.96250613373104,97.40250752477371,97.50000604308478,18993909
2024-01-24,97.98750305175781,98.96250308212356,97.98750305175781,98.47500306694069,13198166
2024-01-25,99.45000457763672,99.45000457763672,97.98750451031853,98.47500453275792,24228872
2024-01-26,99.9375,100.9125,99.45,99.45,25615989
2024-01-29,99.9375,100.425,99.45,99.9375,16386992
2024-01-30,99.45000457763672,100.4250046225155,99.45000457763672,99.93750460007611,17551728
2024-01-31,99.9375,99.9375,98.96249999999999,99.45,18545562
2024-02-01,100.42500305175781,100.42500305175781,99.4500030221291,99.93750303694345,14397907
2024-02-02,99.45000457763672,100.4250046225155,98.96250455519731,99.93750460007611,16516773
2024-02-05,98.9625015258789,99.45000153339555,98.47500151836226,98.9625015258789,17438135
2024-02-15,98.47500610351562,99.45000616394647,98.47500610351562,98.96250613373104,27953440
2024-02-16,98.9625015258789,98.9625015258789,97.98750151084562,98.47500151836226,32615887
2024-02-19,100.42500305175781,100.42500305175781,98.47500299250038,98.96250300731474,24938217
2024-02-20,100.91250610351562,101.88750616248679,100.42500607403005,100.91250610351562,39410270
2024-02-21,100.42500305175781,101.40000308138653,100.42500305175781,100.91250306657217,18479374
2024-02-22,100.91250610351562,101.40000613300121,100.42500607403005,100.91250610351562,19601423
2024-02-23,100.42500305175781,101.40000308138653,100.42500305175781,100.91250306657217,17252304
2024-02-26,100.91250610351562,101.40000613300121,100.42500607403005,100.42500607403005,19894677
2024-02-27,100.91250610351562,101.88750616248679,100.42500607403005,101.40000613300121,28688693
2024-02-29,100.42500305175781,100.91250306657217,100.42500305175781,100.42500305175781,38390662
2024-03-01,99.45000457763672,100.91250464495491,99.45000457763672,100.4250046225155,28121335
2024-03-04,103.8375015258789,104.32500153304267,99.9375014685689,99.9375014685689,106351735
2024-03-05,103.8375015258789,105.78750155453392,103.8375015258789,104.32500153304267,75461014
2024-03-06,103.8375015258789,104.81250154020641,102.86250151155141,103.35000151871516,40347458
2024-03-07,104.8125,105.7875,104.325,105.3,47505374
2024-03-08,102.375,105.7875,101.8875,104.8125,68582080
2024-03-11,106.76250457763672,108.71250466124651,102.37500438951466,102.37500438951466,139480002
2024-03-12,116.0250015258789,116.0250015258789,108.71250142971007,108.71250142971007,347034486
2024-03-13,117.48750305175781,120.41250312773519,115.05000298844334,118.46250307708361,338406505
2024-03-14,117.97500610351562,118.46250612873676,114.07500590174651,117.97500610351562,191622484
2024-03-15,128.6999969482422,129.67499692512283,123.82499706383908,124.7999970407197,403022484
2024-03-18,132.60000610351562,133.5750061483944,128.21250590156106,129.67500596887925,239249130
2024-03-19,132.60000610351562,132.60000610351562,126.75000583424287,129.67500596887925,171242442
2024-03-20,134.5500030517578,138.45000314021456,132.11250299647233,133.08750301858652,204806549
2024-03-21,138.9375,141.375,135.525,137.475,183957559
2024-03-22,141.8625030517578,144.78750311468065,138.45000297834784,140.4000030202964,236266998
2024-03-25,141.8625030517578,143.81250309370637,139.42500299932212,143.32500308321923,145490405
2024-03-26,138.4499969482422,143.32499684078593,135.52499701271594,142.34999686227718,180436950
2024-03-27,144.78750610351562,146.2500061651673,139.42500587745948,139.42500587745948,146369404
2024-03-28,151.6125030517578,153.07500308119597,146.25000294381783,146.73750295363055,196277222
2024-03-29,147.71250915527344,153.56250951785853,146.73750909484258,153.0750094876431,123239000
2024-04-01,146.7375030517578,150.63750313286766,146.2500030416191,147.22500306189656,77891382
2024-04-02,155.02500915527344,155.5125091840636,147.22500869463073,148.2000087522111,178365027
2024-04-03,155.02500915527344,155.02500915527344,151.12500892495208,152.10000898253242,141177640
2024-04-08,154.0500030517578,156.00000309038765,152.58750302278543,155.02500307107275,108228836
2024-04-09,154.0500030517578,157.46250311936004,151.6125030034705,154.53750306141526,101725664
2024-04-10,150.6374969482422,155.99999683960357,150.1499969581184,155.02499685935604,97698334
2024-04-11,146.25,149.6625,143.325,149.17499999999998,171910054
2024-04-12,146.7375030517578,149.6625031125902,144.7875030112029,147.22500306189656,117153973
2024-04-15,142.35000610351562,146.25000627073524,140.88750604080826,144.78750620802788,111843413
2024-04-16,137.47500610351562,139.42500619009033,134.06250595200993,138.93750616844665,175513013
2024-04-17,142.83750915527344,143.81250921776677,137.4750088115601,139.42500893654676,105075694
2024-04-18,144.3000030517578,144.7875030620678,140.88750297958788,140.88750297958788,74990020
2024-04-19,139.4250030517578,143.81250314779214,136.50000298773492,142.3500031157807,132498553
2024-04-22,139.4250030517578,141.86250310511022,137.96250301974638,137.96250301974638,71191312
2024-04-23,140.40000915527344,142.83750931421915,139.91250912348428,141.86250925064087,67495791
2024-04-24,152.10000610351562,153.07500614264072,142.83750573182718,143.81250577095227,191980597
2024-04-25,147.71250915527344,150.63750933656598,147.22500912505802,149.1750092459197,108275889
2024-04-26,151.125,154.04999999999998,150.15,152.5875,99130006
2024-04-29,154.53750610351562,156.97500619978558,152.10000600724567,153.07500604575364,98183957
2024-04-30,152.10000610351562,156.9750062991411,152.10000610351562,155.51250624045346,72258292
2024-05-02,150.15000915527344,151.12500921472326,148.20000903637379,149.66250912554852,67014593
2024-05-03,152.10000610351562,155.02500622089093,152.10000610351562,153.56250616220328,67145053
2024-05-06,163.3125,164.2875,156.975,157.4625,177370587
2024-05-07,165.2624969482422,166.7249969212355,162.33749700225562,165.2624969482422,124701709
2024-05-08,165.2624969482422,167.21249691223326,163.7999969752489,164.28749696624666,75120589
2024-05-09,166.2375030517578,170.62500313230274,165.26250303385893,165.26250303385893,113944686
2024-05-10,165.2624969482422,167.699996903231,162.82499699325336,167.21249691223326,84399408
2024-05-13,165.2624969482422,168.67499688522653,164.77499695724444,166.7249969212355,77795848
2024-05-14,167.6999969482422,170.62499689501385,163.7999970192133,165.74999698372775,124475075
2024-05-15,166.2375030517578,169.65000311440386,161.36250296226345,163.80000300701064,155589110
2024-05-16,167.21250915527344,174.52500955564983,166.2375091018899,170.62500934211576,149892909
2024-05-17,165.75,168.67499999999998,162.825,168.67499999999998,87995690
2024-05-20,163.3125,166.23749999999998,161.85,165.75,73840961
2024-05-21,161.85000610351562,164.28750619543604,161.36250608513154,161.85000610351562,46498585
2024-05-22,164.77500915527344,166.23750923653324,161.85000899275377,161.85000899275377,55204400
2024-05-23,168.6750030517578,169.65000306939802,165.26250299001705,169.16250306057793,83577643
2024-05-24,171.60000610351562,171.60000610351562,166.7250059301203,167.70000596479935,69225558
2024-05-27,180.375,180.375,174.0375,174.525,113997157
2024-05-28,180.8625030517578,181.35000305998358,178.91250301885475,180.8625030517578,67804130
2024-05-29,175.9875030517578,181.35000314474766,175.9875030517578,180.86250313629404,75213627
2024-05-30,172.08750915527344,175.01250931088714,171.60000912933782,172.57500918120905,78702491
2024-05-31,167.6999969482422,174.52499682404274,167.6999969482422,172.5749968595283,147141860
2024-06-03,172.08750915527344,175.01250931088714,170.13750905153097,172.57500918120905,89188697
2024-06-04,166.72500610351562,172.08750629982754,165.75000606782254,170.6250062462879,101915226
2024-06-05,171.1125030517578,173.55000309523015,164.2875029300353,166.7250029735076,117365054
2024-06-06,173.0625,178.42499999999998,173.0625,176.9625,121092025
2024-06-07,173.0625,175.5,172.0875,173.0625,55448022
2024-06-11,175.9875030517578,176.96250306866506,173.06250300103608,174.52500302639694,83420531
2024-06-12,182.8125,183.29999999999998,177.9375,179.4,124760086
2024-06-13,187.20001220703125,190.1250123977661,183.30001195271808,186.22501214345294,146691778
2024-06-14,193.0500030517578,193.53750305946429,186.2250029438674,187.68750296698676,123524930
2024-06-17,195.0,195.0,190.125,192.5625,90030798
2024-06-18,193.53750610351562,195.9750061803861,192.07500605739332,195.487506165012,90319019
2024-06-19,197.9250030517578,202.80000312692425,194.5125029991413,195.00000300665795,173889577
2024-06-20,212.0625,212.0625,198.4125,199.875,177537123
2024-06-21,206.70001220703125,212.0625125237231,205.7250121494509,205.7250121494509,163458287
2024-06-24,200.85000610351562,204.7500062220305,199.8750060738869,204.26250620721615,104052744
2024-06-25,205.72500610351562,206.70000613244224,195.97500581424947,197.9250058721027,116945868
2024-06-26,204.75,210.11249999999998,204.75,206.2125,107811774
2024-06-27,207.1875,209.1375,202.3125,202.79999999999998,84781047
2024-06-28,208.65000915527344,210.60000924083673,207.18750909110096,208.65000915527344,75725075
2024-07-01,210.60000610351562,211.57500613177265,209.1375060611301,209.62500607525863,73503014
2024-07-02,204.5,213.0,203.0,212.0,142637509
2024-07-03,203.0,208.0,203.0,205.0,75817371
2024-07-04,214.5,215.0,207.5,208.0,110905158
2024-07-05,214.5,215.5,212.5,214.0,43052441
2024-07-08,226.5,226.5,216.5,217.0,114405840
2024-07-09,225.5,234.5,220.5,226.5,137762761
2024-07-10,223.5,226.0,220.5,225.5,70302456
2024-07-11,225.5,229.0,224.0,226.5,65419255
2024-07-12,216.0,221.0,214.0,219.0,137754131
2024-07-15,216.5,219.0,214.5,216.5,52526510
2024-07-16,213.0,217.5,212.5,216.5,82245845
2024-07-17,212.0,217.5,211.5,213.0,75060648
2024-07-18,204.0,209.0,203.0,206.0,132207113
2024-07-19,204.0,204.0,200.0,200.5,90412154
2024-07-22,192.5,204.0,191.0,203.0,158438644
2024-07-23,201.5,201.5,197.0,198.5,83955746
2024-07-26,192.0,194.0,188.5,190.0,101861581
2024-07-29,193.0,197.0,192.0,196.0,58864802
2024-07-30,196.0,197.0,189.0,190.5,55246089
2024-07-31,198.0,202.0,194.0,194.5,76997270
2024-08-01,202.5,205.5,200.5,205.0,70033754
2024-08-02,186.5,194.5,185.5,192.5,170805688
2024-08-05,168.0,172.5,168.0,169.5,229394141
2024-08-06,167.5,175.0,160.0,173.5,309246386
2024-08-07,170.5,175.0,168.0,169.0,170623130
2024-08-08,163.5,166.5,161.0,163.5,171908756
2024-08-09,168.5,172.0,168.0,170.0,137129939
2024-08-12,176.0,179.0,171.5,172.0,110929344
2024-08-13,181.0,183.0,178.0,180.0,111247858
2024-08-14,185.5,187.0,183.5,186.0,98234123
2024-08-15,181.0,186.0,181.0,185.5,83391282
2024-08-16,184.0,187.0,183.0,186.0,72396121
2024-08-19,187.0,188.0,184.5,185.0,57256994
2024-08-20,186.5,191.0,186.0,189.5,80711041
2024-08-21,183.5,186.0,181.5,185.0,71607014
2024-08-22,179.5,185.0,179.0,184.0,72229297
2024-08-23,180.0,181.0,175.0,176.0,49085475
2024-08-26,182.0,185.0,180.5,182.0,42223023
2024-08-27,180.5,182.0,179.0,181.5,27898074
2024-08-28,185.5,186.0,179.5,181.0,59781576
2024-08-29,184.5,185.5,180.0,180.5,57658983
2024-08-30,184.5,186.0,183.5,185.0,50920206
2024-09-02,183.0,187.0,182.0,185.5,35772515
2024-09-03,185.0,187.0,183.0,184.0,50713412
2024-09-04,179.5,181.0,172.0,175.0,124980705
2024-09-05,175.0,181.0,175.0,180.0,75390366
2024-09-06,176.5,178.0,175.0,175.5,38390840
2024-09-09,172.0,174.0,170.5,172.0,66946358
2024-09-10,169.0,174.0,167.5,173.5,89950703
2024-09-11,169.5,172.0,169.5,170.0,29053719
2024-09-12,177.5,177.5,174.0,174.5,52398341
2024-09-13,176.0,179.5,175.0,179.0,34996605
2024-09-16,181.0,182.0,175.0,177.0,53785495
2024-09-18,174.0,179.5,173.5,179.0,76540029
2024-09-19,176.5,176.5,173.0,174.5,41446153
2024-09-20,177.0,182.0,177.0,180.0,81520029
2024-09-23,180.0,180.5,177.5,178.0,30529852
2024-09-24,183.0,184.0,178.0,179.0,56746047
2024-09-25,188.5,191.0,186.0,186.5,117055770
2024-09-26,189.5,193.0,188.5,192.0,65079925
2024-09-27,191.0,194.0,190.0,192.0,67106252
2024-09-30,187.5,191.0,187.5,190.0,61700675
2024-10-01,187.0,190.0,185.5,189.0,33579126
2024-10-04,194.0,196.5,188.0,188.0,114048146
2024-10-07,197.5,199.0,195.0,199.0,83512089
2024-10-08,194.0,197.5,194.0,197.0,53834729
2024-10-09,199.0,200.0,197.0,198.0,83114046
2024-10-11,200.0,202.0,199.0,200.0,69936130
2024-10-14,199.0,200.0,196.5,200.0,36211894
2024-10-15,207.0,207.5,200.5,201.0,126315098
2024-10-16,205.0,207.5,203.5,204.0,96069107
2024-10-17,208.5,209.0,204.0,207.5,65050499
2024-10-18,207.5,211.0,207.0,210.0,101109312
2024-10-21,210.0,213.5,209.0,210.0,58640655
2024-10-22,215.5,216.0,209.0,211.0,87878376
2024-10-23,216.0,217.0,213.0,214.5,51043274
2024-10-24,211.5,215.5,210.0,215.0,78486941
2024-10-25,216.0,216.0,212.0,212.5,49063789
2024-10-28,215.0,221.5,214.0,218.5,93823853
2024-10-29,209.5,213.0,207.0,213.0,85568817
2024-10-30,211.5,215.5,209.0,209.5,67172212
2024-11-01,208.0,208.5,201.5,202.0,87793218
2024-11-04,214.0,214.0,208.0,209.0,57179294
2024-11-05,214.0,215.5,211.0,212.0,43137748
2024-11-06,213.5,217.0,212.5,215.0,66841891
2024-11-07,217.0,219.0,212.0,212.0,75949925
2024-11-08,218.0,220.0,217.5,219.5,53938151
2024-11-11,220.0,220.0,217.5,219.5,41304740
2024-11-12,214.0,218.5,214.0,217.5,67724865
2024-11-13,214.5,216.5,212.5,212.5,54978607
2024-11-14,211.5,215.5,209.0,215.0,71008649
2024-11-15,207.0,214.5,206.0,212.0,99347209
2024-11-18,202.5,208.0,202.0,205.0,59712102
2024-11-19,203.5,205.0,201.0,203.5,59058419
2024-11-20,206.0,206.0,206.0,206.0,44351353
2024-11-21,202.5,205.0,202.0,205.0,49115813
2024-11-22,203.0,207.0,203.0,205.5,36997322
2024-11-25,210.5,210.5,205.5,206.0,80172067
2024-11-26,202.5,207.0,202.0,207.0,92584940
2024-11-27,196.5,201.0,196.5,200.5,92029898
2024-11-28,195.5,199.0,193.0,196.0,56842531
2024-11-29,195.5,199.0,192.5,193.5,48382854
2024-12-02,196.0,199.5,195.5,198.5,46054629
2024-12-03,196.5,200.0,196.5,198.5,50430915
2024-12-04,201.0,201.5,197.0,197.5,48810602
2024-12-05,199.0,203.5,199.0,203.0,45629278
2024-12-06,198.0,201.5,197.5,199.5,46385653
2024-12-09,195.0,199.0,195.0,198.5,39186123
2024-12-10,192.0,195.0,192.0,193.0,55981201
2024-12-11,189.0,194.0,189.0,190.0,62875365
2024-12-12,188.5,193.0,188.5,190.5,47067315
2024-12-13,186.5,189.5,185.5,188.5,52081754
2024-12-16,182.0,189.5,181.5,188.0,71398289
2024-12-17,183.0,186.0,181.0,181.0,54107138
2024-12-18,184.5,185.5,182.5,183.0,46803571
2024-12-19,181.0,182.0,179.0,181.0,62303203
2024-12-20,181.0,184.0,180.0,181.0,55158347
2024-12-23,185.5,187.5,184.0,185.0,50507684
2024-12-24,185.5,187.5,185.5,187.5,32584682
2024-12-25,186.5,188.0,186.0,186.5,21198608
2024-12-26,187.5,189.0,187.0,187.5,35581123
2024-12-27,186.5,188.0,185.5,187.5,20870917
2024-12-30,185.0,187.0,184.5,185.5,23909208
2024-12-31,184.0,185.0,183.0,184.5,21179875
2025-01-02,182.5,186.0,181.5,184.0,38301022
2025-01-03,181.0,184.0,180.5,183.0,46698161
2025-01-06,184.5,187.5,183.5,185.0,66600965
2025-01-07,190.0,192.0,186.5,187.0,80605094
2025-01-08,188.0,190.0,187.0,190.0,40650155
2025-01-09,183.0,188.0,183.0,188.0,44873514
2025-01-10,181.5,184.0,181.0,182.5,39132489
2025-01-13,171.5,180.5,171.5,180.0,148207264
2025-01-14,174.5,174.5,171.0,171.5,62025042
2025-01-15,171.0,175.5,171.0,174.5,57853514
2025-01-16,173.5,176.0,173.0,175.0,41090927
2025-01-17,173.5,175.5,172.0,173.0,44467947
2025-01-20,178.0,178.0,174.5,174.5,33266229
2025-01-21,178.5,180.0,177.0,178.5,31745824
2025-01-22,180.0,181.0,178.5,180.5,43634401
2025-02-03,165.5,168.0,163.5,164.0,155112848
2025-02-04,165.0,169.0,165.0,167.0,62817481
2025-02-05,171.0,171.5,167.0,167.0,50787569
2025-02-06,173.0,174.0,171.0,172.5,40235011
2025-02-07,178.0,178.0,174.0,175.0,50334024
2025-02-10,174.0,176.5,174.0,176.0,35975740
2025-02-11,179.0,182.0,176.0,178.0,69282654
2025-02-12,177.0,181.5,177.0,181.5,41760435
2025-02-13,180.0,181.0,177.0,177.0,40054109
2025-02-14,178.0,180.5,177.5,180.0,26170902
2025-02-17,182.5,182.5,179.0,179.5,46052153
2025-02-18,183.5,184.0,181.0,183.0,26614265
2025-02-19,183.0,184.5,182.0,183.5,33998620
2025-02-20,182.0,183.5,181.5,183.0,23201907
2025-02-21,183.0,184.0,181.0,181.5,34837198
2025-02-24,184.0,184.0,180.5,181.0,26499357
2025-02-25,177.5,182.0,177.5,181.5,62236037
2025-02-26,180.5,181.0,174.5,175.0,44189198
2025-02-27,174.0,181.5,174.0,180.0,78529299
2025-03-03,170.0,175.0,170.0,172.0,67754390
2025-03-04,170.5,172.0,165.0,165.5,68513242
2025-03-05,173.5,175.0,171.5,171.5,44481318
2025-03-06,173.5,176.0,173.5,175.5,28371666
2025-03-07,172.0,174.5,171.0,171.0,31346422
2025-03-10,172.0,174.0,170.0,173.5,35538548
2025-03-11,168.5,169.5,165.0,166.0,65518436
2025-03-12,170.5,171.5,169.0,169.0,39457767
2025-03-13,168.0,174.0,168.0,172.5,33203563
2025-03-14,170.0,170.5,168.0,168.5,32460048
2025-03-17,168.0,172.5,168.0,172.0,49505421
2025-03-18,167.5,169.5,167.0,169.0,38491878
2025-03-19,164.0,167.5,163.5,167.0,76827146
2025-03-20,166.0,167.0,164.5,165.0,36080294
2025-03-21,165.0,167.0,165.0,167.0,44208163
2025-03-24,163.0,167.0,163.0,166.5,40731359
2025-03-25,165.0,166.5,164.0,165.5,32238564
2025-03-26,166.0,167.0,165.0,166.0,18157417
2025-03-27,160.5,164.0,160.0,163.5,64776987
2025-03-28,154.0,158.5,153.0,158.0,106024520
2025-03-31,146.0,149.5,145.0,145.0,126784939
2025-04-01,152.0,153.0,148.0,148.5,59980318
2025-04-02,153.5,154.5,152.0,153.0,38028390
2025-04-07,138.5,138.5,138.5,138.5,26126364
2025-04-08,125.0,130.5,125.0,127.0,301202019
2025-04-09,112.5,122.5,112.5,119.0,358282270
2025-04-10,123.5,123.5,123.5,123.5,35122259
2025-04-11,134.5,135.0,117.0,118.5,293820443
2025-04-14,138.5,145.0,136.0,141.5,210223406
2025-04-15,139.5,140.0,136.0,139.0,84519852
2025-04-16,136.0,139.5,136.0,138.0,59628853
2025-04-17,134.5,135.5,132.0,134.5,63502645
2025-04-18,135.5,136.5,133.5,135.0,25953939
2025-04-21,136.5,137.0,134.5,135.0,31715258
2025-04-22,132.0,136.0,131.5,134.5,43756112
2025-04-23,139.0,139.5,136.0,136.0,64790108
2025-04-24,136.5,139.0,135.5,139.0,43373263
2025-04-25,139.0,141.0,138.5,140.5,53501504
2025-04-28,142.5,143.5,140.0,140.0,46661370
2025-04-29,143.0,143.5,141.0,141.5,37793068
2025-04-30,141.5,144.0,141.5,143.0,41225512
2025-05-02,147.5,148.0,144.0,144.5,58858234
2025-05-05,142.5,149.0,142.0,149.0,65835101
2025-05-06,146.0,146.5,142.0,142.5,52642201
2025-05-07,145.0,148.0,143.5,146.5,42941757
2025-05-08,146.0,146.5,144.5,145.5,28650766
2025-05-09,147.0,147.5,145.5,146.5,29653062
2025-05-12,153.0,153.0,148.5,149.0,58159600
2025-05-13,158.0,161.5,157.0,159.5,91396561
2025-05-14,163.0,163.0,159.5,161.5,68720158
2025-05-15,159.5,163.0,158.5,163.0,68371776
2025-05-16,158.0,159.5,157.0,158.5,34064080
2025-05-19,154.0,158.0,154.0,157.0,51994460
2025-05-20,154.0,158.5,153.5,157.0,40404578
2025-05-21,155.0,156.5,154.5,155.0,28794921
2025-05-22,153.0,154.0,151.5,153.5,36180030
2025-05-23,154.0,156.0,153.0,156.0,22240124
2025-05-26,153.0,155.0,151.0,152.5,28674499
2025-05-27,152.0,155.0,152.0,153.5,27178660
2025-05-28,152.0,154.0,151.5,154.0,31301270
2025-05-29,156.0,158.0,154.0,154.5,88695221
2025-06-02,152.5,154.5,151.0,154.0,54596606
2025-06-03,151.5,155.0,151.5,153.5,37496603
2025-06-04,156.0,156.0,153.0,153.5,39430089
2025-06-05,155.5,157.0,155.5,156.5,34135967
2025-06-06,153.0,155.5,153.0,155.5,23622232
2025-06-09,154.5,155.5,154.0,155.0,18242233
2025-06-10,155.5,156.0,155.0,155.5,31625938
2025-06-11,156.0,157.5,155.5,156.5,26921144
2025-06-12,157.5,158.0,154.0,155.5,32770167
2025-06-13,156.5,158.5,156.0,157.0,37075939
2025-06-16,155.0,157.0,154.5,156.0,21564832
2025-06-17,155.0,157.0,154.5,156.5,25153697
2025-06-18,156.0,156.5,154.0,155.0,34125837
2025-06-19,154.0,156.0,154.0,155.5,20289055
2025-06-20,155.5,155.5,153.0,154.5,58365008
2025-06-23,156.0,156.0,152.0,153.0,48485749
2025-06-24,160.5,162.0,157.5,158.0,66177329
2025-06-25,162.0,162.0,160.0,161.5,48074338
2025-06-26,163.0,164.0,161.5,162.0,64983063
2025-06-27,165.0,165.5,162.5,163.0,74726884
