Date,Close,High,Low,Open,Volume
2000-01-03,,,,,
2000-01-04,42.34544372558594,42.34544372558594,41.63176199634186,42.34544372558594,200662336736.0
2000-01-05,43.29694747924805,43.296947479248054,41.86958389292918,42.34544751792631,402466805912.0
2000-01-06,42.34544372558594,43.29694360169399,42.34544372558594,43.05912545483002,197545715802.0
2000-01-07,41.1558952331543,41.631758778756435,40.442213559068385,40.91807710467052,235270344752.0
2000-01-10,42.58325958251953,42.82107771659474,41.63175975757873,42.34544144844431,276171685539.0
2000-01-11,41.869571685791016,43.53475295478603,41.63175358696495,43.059116757133886,277769544650.0
2000-01-12,43.059120178222656,43.05912017822265,41.869575012369275,42.10739313009022,216246806621.0
2000-01-13,42.34544372558594,43.05912545483002,42.34544372558594,43.05912545483002,147490954216.0
2000-01-14,43.29694747924805,44.010629272407485,42.583265686088616,42.82108385425092,288318964353.0
2000-01-17,44.486488342285156,45.20017013678295,44.486488342285156,45.20017013678295,155256940719.0
2000-01-18,43.772796630859375,44.48647354949866,43.53475125273377,44.48647354949866,131648031590.0
2000-01-19,43.772796630859375,44.48647354949866,43.53475125273377,43.772796630859375,134848688061.0
2000-01-20,43.29694747924805,43.77281110424518,43.05912931108575,43.77281110424518,125758120596.0
2000-01-21,44.24843978881836,44.24843978881836,43.29694453083538,43.29694453083538,113397441219.0
2000-01-24,44.72429656982422,45.43797820568881,44.48647845407683,44.72429656982422,175113122879.0
2000-01-25,45.91383743286133,45.91383743286133,45.20015586372598,45.91383743286133,223692148326.0
2000-01-26,49.006385803222656,49.006385803222656,47.34120891644588,47.34120891644588,357880999032.0
2000-01-27,49.48223876953125,50.19592031168892,48.53073914285187,49.48223876953125,287927232252.0
2000-01-28,48.53076171875,48.53076171875,47.81685255589821,47.81685255589821,197904810671.0
2000-01-31,48.2927131652832,48.53075863400242,46.865354146247945,47.1031723262833,168059342623.0
2000-02-01,48.05488586425781,48.768567557588376,47.816840440720476,48.768567557588376,153081850577.0
2000-02-02,48.05488586425781,48.05488586425781,48.05488586425781,48.05488586425781,0.0
2000-02-03,48.05488586425781,48.05488586425781,48.05488586425781,48.05488586425781,0.0
2000-02-04,48.05488586425781,48.05488586425781,48.05488586425781,48.05488586425781,0.0
2000-02-07,48.05488586425781,48.05488586425781,48.05488586425781,48.05488586425781,0.0
2000-02-08,48.05488586425781,48.05488586425781,48.05488586425781,48.05488586425781,0.0
2000-02-09,50.19594192504883,50.90962377450351,49.24444188867274,50.90962377450351,252580321587.0
2000-02-10,50.909610748291016,51.14742887436205,49.244429288529254,49.72006554067131,177540543615.0
2000-02-11,52.099151611328125,52.81282858011598,51.147424609144586,51.62328811023635,215027859365.0
2000-02-14,50.909610748291016,51.8611059026639,50.90961074829102,51.8611059026639,140301270822.0
2000-02-15,51.147438049316406,51.623301675452346,50.43375625444903,50.90961988058497,105105248690.0
2000-02-16,50.671810150146484,51.38526477515122,50.67181015014648,51.147446566816306,79352313450.0
2000-02-17,50.19594192504883,50.6718055875821,49.95812373812742,50.19594192504883,116400258474.0
2000-02-18,49.48223876953125,50.909601853846596,49.24442068500955,50.43373839621062,121805090619.0
2000-02-21,46.38947677612305,48.292698880965894,46.38947677612305,48.292698880965894,153903007581.0
2000-02-22,46.38947677612305,47.10315839381573,45.20015893904632,45.675795158430354,168143612807.0
2000-02-23,46.151668548583984,46.38948670919844,45.913850387969525,46.38948670919844,73892584628.0
2000-02-24,46.38947677612305,46.86534028412372,46.151658666431025,46.38947677612305,83371097848.0
2000-02-25,47.34120559692383,47.57902371568224,46.38947854463959,46.38947854463959,165796729239.0
2000-02-28,47.34120559692383,47.341205596923835,47.341205596923835,47.341205596923835,0.0
2000-02-29,47.816837310791016,48.292700838076534,47.57902383000456,47.57902383000456,98749286567.0
2000-03-01,49.006385803222656,49.006385803222656,48.530749532354655,48.76856766778866,90504908649.0
2000-03-02,48.2927131652832,49.48225864282768,48.2927131652832,49.24444046279233,68745687934.0
2000-03-03,48.2927131652832,48.53075863400242,48.054894985247856,48.054894985247856,58129351241.0
2000-03-06,47.579017639160156,48.768558019738094,47.341199550774526,48.530739931352464,72312707991.0
2000-03-07,47.34120559692383,47.81683719589728,46.86534207078171,47.10316018954012,83737461434.0
2000-03-08,47.103172302246094,47.341217770843826,46.62753594241811,47.10317230224609,64819045052.0
2000-03-09,47.579017639160156,47.579017639160156,47.10315417379262,47.10315417379262,71897783191.0
2000-03-10,46.38947677612305,48.05488077127388,46.151658666431025,47.81683537296522,99978344966.0
2000-03-13,43.29694747924805,45.200170052019715,43.296947479248054,45.200170052019715,232179364310.0
2000-03-14,44.24843978881836,44.48648522944289,42.82108093824336,43.29694453083538,145477589021.0
2000-03-15,43.53477096557617,44.72431189050158,43.296952768362225,44.010634648704354,154204016711.0
2000-03-16,43.772796630859375,44.24842817137306,40.918070402131036,42.583251606023445,233438180185.0
2000-03-17,45.200164794921875,45.20016479492187,43.53476058401077,44.01062415366161,267728113852.0
2000-03-20,43.772796630859375,43.772796630859375,43.772796630859375,43.772796630859375,21190095663.0
2000-03-21,46.38947677612305,46.6275221744317,42.345437106818764,42.345437106818764,447638099122.0
2000-03-22,45.67580032348633,47.1031637202791,44.96211862508994,45.67580032348633,247260900862.0
2000-03-23,47.816837310791016,48.292700838076534,45.913842417444,46.15166053677384,280164605464.0
2000-03-24,47.103172302246094,47.81684949212724,46.62753594241811,47.81684949212724,189561198505.0
2000-03-27,50.19594192504883,50.19594192504883,47.57903735269622,47.57903735269622,257812048419.0
2000-03-28,49.720054626464844,50.90959957296378,49.244418478731184,50.433736136647724,181779906634.0
2000-03-29,48.53076171875,49.482261788055204,48.53076171875,49.482261788055204,105678469394.0
2000-03-30,49.48223876953125,50.43373839621062,48.53073914285187,48.53073914285187,227815979813.0
2000-03-31,48.7685661315918,49.958111348573915,48.7685661315918,49.244429676111466,127027740887.0
2000-04-03,48.7685661315918,48.7685661315918,48.7685661315918,48.7685661315918,0.0
2000-04-04,48.7685661315918,48.7685661315918,48.7685661315918,48.7685661315918,0.0
2000-04-05,49.48223876953125,49.958102227167224,47.81683031210162,47.81683031210162,182695562287.0
2000-04-06,48.05488586425781,50.195930944249504,48.05488586425781,49.48224925091894,145596416273.0
2000-04-07,47.579017639160156,48.768558019738094,47.579017639160156,48.530739931352464,110518474790.0
2000-04-10,49.9581184387207,50.671800212470174,47.5790323056558,47.81684582880597,201610650952.0
2000-04-11,48.7685661315918,49.48224780405425,48.7685661315918,49.48224780405425,117967570843.0
2000-04-12,47.579017639160156,48.530739931352464,47.579017639160156,48.05487646598492,128216408046.0
2000-04-13,45.67580032348633,46.151663885298035,45.200164050316964,45.200164050316964,248891269216.0
2000-04-14,44.24843978881836,45.2001669740024,44.01062627539489,44.01062627539489,239165097006.0
2000-04-17,42.58325958251953,42.82107771659474,41.63175975757873,41.86957789165394,208060407784.0
2000-04-18,44.96212387084961,44.96212387084961,44.0106285634007,44.96212387084961,217523114345.0
2000-04-19,43.53477096557617,46.15167565118583,43.296952768362225,46.15167565118583,145654459349.0
2000-04-20,44.24843978881836,44.24843978881836,42.82108093824336,43.53476268280287,95074579646.0
2000-04-21,44.24843978881836,44.96212153337787,44.01062627539489,44.48648522944289,70356985905.0
2000-04-24,42.821075439453125,44.48647951679283,42.821075439453125,44.24843410673647,80690194617.0
2000-04-25,44.486488342285156,44.72430651089344,42.82108393455269,42.82108393455269,129573988875.0
2000-04-26,44.0106201171875,45.675796886729316,43.534756591180916,45.43797876803864,221065619149.0
2000-04-27,44.72429656982422,45.20016008994142,44.01061957250295,44.962114685571606,105813977898.0
2000-04-28,46.8653450012207,47.34120855711805,44.9621180662708,45.43798162216815,237572314797.0
2000-05-01,46.8653450012207,46.865345001220696,46.865345001220696,46.865345001220696,0.0
2000-05-02,45.91383743286133,46.627519001996674,45.67579205074876,46.627519001996674,84578099452.0
2000-05-03,44.72429656982422,45.91384172580601,44.72429656982422,45.43797820568881,75426358510.0
2000-05-04,44.486488342285156,45.675806473999515,44.010629354939994,44.72430651089344,111779167839.0
2000-05-05,45.67580032348633,46.151663885298035,43.772805292067915,44.0106234286526,110709562579.0
2000-05-08,45.91383743286133,46.15165552637272,45.20015586372598,45.20015586372598,82047327484.0
2000-05-09,45.91383743286133,45.91383743286133,45.91383743286133,45.91383743286133,0.0
2000-05-10,44.72429656982422,46.151659841553396,44.72429656982422,46.151659841553396,93664437942.0
2000-05-11,42.58325958251953,43.77280483017549,42.10739602572916,43.296941273385116,165385745438.0
2000-05-12,44.0106201171875,44.01062011718749,42.58325682779298,43.29693847249024,213521853794.0
2000-05-15,42.935333251953125,44.762358346778235,42.782984910928505,44.762358346778235,134465742550.0
2000-05-16,45.523529052734375,45.67587742327199,43.23974608215142,44.00120034505224,105315890488.0
2000-05-17,48.41639709472656,48.41639709472656,47.19847794540246,47.50288235640314,165332157320.0
2000-05-18,49.63461685180664,49.63461685180664,47.50289481536431,48.11200066389866,124512470273.0
2000-05-19,49.32990264892578,49.32990264892578,48.41639263332257,48.72108924448107,83311748884.0
2000-05-22,48.11198425292969,49.02549428070559,48.11198425292969,48.721089893698476,106654860230.0
2000-05-23,46.589385986328125,48.11200222359637,46.28498148562066,48.11200222359637,78500882016.0
2000-05-24,45.21910858154297,45.67586598902641,44.762355812603325,44.762355812603325,85726893995.0
2000-05-25,44.305599212646484,45.6758668215279,43.84884179683805,45.371457740895785,96828793828.0
2000-05-26,44.305599212646484,44.4579475478228,43.54443735474982,43.84884179683805,70008419144.0
2000-05-29,44.305599212646484,45.066761070543144,44.153250877470164,44.305599212646484,52122944798.0
2000-05-30,44.305599212646484,44.305599212646484,44.305599212646484,44.305599212646484,0.0
2000-05-31,47.80729675292969,48.11199342624358,46.89378191243467,47.80729675292969,158989878703.0
2000-06-01,46.589385986328125,47.50289635531598,46.28498148562066,47.50289635531598,55122098697.0
2000-06-02,47.19847869873047,48.41639786749361,47.19847869873047,47.807292168992426,101225329179.0
2000-06-05,48.11198425292969,48.41639327847984,47.19847422515379,47.80728763771105,59798968599.0
2000-06-06,48.11198425292969,48.11198425292969,48.11198425292969,48.11198425292969,0.0
2000-06-07,49.025508880615234,49.025508880615234,47.198488280972484,47.50289275863195,81345149055.0
2000-06-08,47.80729675292969,49.32991271178524,47.80729675292969,49.02550362819467,70697027392.0
2000-06-09,48.11198425292969,48.41639327847984,47.5028786121609,48.11198425292969,45171655346.0
2000-06-12,47.80729675292969,48.72109918314803,47.80729675292969,48.72109918314803,67123280572.0
2000-06-13,47.19847869873047,47.50288311458971,47.19847869873047,47.50288311458971,48311780619.0
2000-06-14,46.89379119873047,48.11200295377972,46.89379119873046,48.11200295377972,64295991259.0
2000-06-15,45.67585754394531,46.89377193172636,45.67585754394531,46.89377193172636,69274685557.0
2000-06-16,45.67585754394531,45.98026192420358,45.37144852514411,45.67585754394531,75573138725.0
2000-06-19,45.06675720214844,45.67586290084939,44.60999982554668,45.52351457875019,57780102371.0
2000-06-20,45.21910858154297,45.98027042556648,45.06676024914339,45.98027042556648,45751547817.0
2000-06-21,44.76234817504883,45.37144917246048,44.76234817504883,45.219100866055264,37673562283.0
2000-06-22,45.3714485168457,45.523509231387436,44.45793850949,44.45793850949,64192016747.0
2000-06-23,44.457950592041016,45.219112502057556,44.457950592041016,45.06676415644932,49329023488.0
2000-06-26,43.087684631347656,44.15325568592102,42.782987927812435,44.001194923905246,95197240574.0
2000-06-27,43.087684631347656,43.54444209689864,43.087684631347656,43.23974075481904,54066359094.0
2000-06-28,43.84885025024414,44.00119861479096,43.239744381832836,43.392097384924426,64997227603.0
2000-06-29,43.3920783996582,44.45793666704596,43.23972546322534,44.45793666704596,77624156393.0
2000-06-30,44.457950592041016,44.457950592041016,43.087682889331745,43.54444033641624,78027855479.0
2000-07-03,43.69648361206055,44.45793752658269,42.782973624901366,43.54442753942351,104447180852.0
2000-07-04,42.935333251953125,43.84884348009365,42.630928798179504,43.69649513906903,73680107655.0
2000-07-05,45.3714485168457,45.67585753559123,42.63091849477859,43.392080197930504,119441525468.0
2000-07-06,44.15325164794922,44.91470574739775,43.696494224170316,44.15325164794922,101119813131.0
2000-07-07,43.2397346496582,44.457946112292106,43.2397346496582,44.15324945177801,56914463307.0
2000-07-10,43.69648361206055,44.001180213731686,42.63091755226433,43.39207923858794,65217525581.0
2000-07-11,43.84885025024414,44.30560775410862,43.239744381832836,43.544445749471244,52507541337.0
2000-07-12,43.69648361206055,44.001180213731686,43.39207923858794,43.84883191289612,40919616069.0
2000-07-13,44.15325164794922,44.76235740956293,43.84884256200513,43.84884256200513,69994503658.0
2000-07-14,44.457950592041016,44.76235969351727,44.153253900824545,44.153253900824545,62976544862.0
2000-07-17,43.69648361206055,44.76234653859813,43.54442753942351,44.45793752658269,50712314469.0
2000-07-18,43.2397346496582,43.696492050718106,43.2397346496582,43.696492050718106,32287023418.0
2000-07-19,43.2397346496582,43.696492050718106,43.2397346496582,43.696492050718106,32287023418.0
2000-07-20,41.108299255371094,42.93532395456491,41.108299255371094,42.93532395456491,115203218360.0
2000-07-21,39.585693359375,41.26066239242727,38.97687979475503,41.10830940822187,162136495092.0
2000-07-24,38.52012634277344,39.28128824034329,38.36777568038438,39.12893989722628,110822798308.0
2000-07-25,38.215423583984375,38.9768753157767,37.75866850850062,37.75866850850062,93606483860.0
2000-07-26,39.585693359375,39.7380417050362,38.67218310343262,38.67218310343262,123597006270.0
2000-07-27,39.281288146972656,39.281288146972656,38.0633688126823,39.12893980421779,75383138177.0
2000-07-28,38.82453536987305,39.4336412242894,38.063373382724286,38.063373382724286,112145144460.0
2000-07-31,38.672176361083984,38.97687299928367,38.367769631846166,38.82452468018383,44307028697.0
2000-08-01,38.36777114868164,39.43363192586636,38.36777114868164,39.128935275620755,54874186395.0
2000-08-02,38.0633659362793,38.82452777451979,38.0633659362793,38.520123340292464,39456927657.0
2000-08-03,37.14986038208008,38.063370665051885,36.84516136246998,38.063370665051885,50216489866.0
2000-08-04,38.215423583984375,39.12893605422372,37.30191111374503,37.30191111374503,80865639734.0
2000-08-07,37.45426940917969,38.367779746682274,37.14986259969159,38.367779746682274,88230506600.0
2000-08-08,38.215423583984375,38.36777191213866,37.14985501384167,37.454261761171146,87806300921.0
2000-08-09,39.585693359375,39.585693359375,38.520126986055935,38.520126986055935,97692062259.0
2000-08-10,40.499202728271484,40.499202728271484,39.585687958422135,40.042445343346806,102063658059.0
2000-08-11,39.89039993286133,40.49921357751026,39.89039993286133,40.19480443591339,55832817569.0
2000-08-14,39.585693359375,40.04245080661829,39.28128889633712,39.8903946892416,42591720049.0
2000-08-15,39.738037109375,40.19479450379478,39.433632681541155,40.19479450379478,53931312217.0
2000-08-16,41.108299255371094,41.108299255371094,39.738031890611495,39.738031890611495,77309224777.0
2000-08-17,42.02182388305664,42.32622834305459,41.412718096235004,41.717414784514546,93825423620.0
2000-08-18,42.478572845458984,42.78298191647052,42.174168412991186,42.3262245150975,86628725821.0
2000-08-21,42.02182388305664,42.32622834305459,41.86947090037272,42.174172227196415,50032384651.0
2000-08-22,41.7174072265625,42.02181626995474,41.26065450517477,42.02181626995474,47266781772.0
2000-08-23,41.7174072265625,41.7174072265625,41.7174072265625,41.7174072265625,0.0
2000-08-24,42.478572845458984,42.78298191647052,42.0218200826297,42.0218200826297,86961297607.0
2000-08-25,42.782981872558594,42.782981872558594,42.326224471654385,42.63092577060835,67969846253.0
2000-08-28,42.02182388305664,42.47857668719436,41.717414784514546,42.47857668719436,41797979053.0
2000-08-29,41.7174072265625,42.02181626995474,40.80389714524374,42.02181626995474,70881336756.0
2000-08-30,41.108299255371094,42.02181392423953,41.108299255371094,41.41270828177081,55343475749.0
2000-08-31,40.955955505371094,41.10830383036061,40.4992027586474,40.4992027586474,59711834325.0
2000-09-01,39.585693359375,41.10830940822187,39.43363724199831,41.10830940822187,78236371122.0
2000-09-04,40.651554107666016,40.651554107666016,40.042448352098454,40.49920577134345,37302006304.0
2000-09-05,40.803890228271484,40.955946290805464,40.19478465505569,40.651541937558385,44200016942.0
2000-09-06,39.89039993286133,40.34715280160089,39.58569856294153,40.19480443591339,57121754055.0
2000-09-07,38.215423583984375,38.9768753157767,38.06336516480919,38.520122559564776,67406794020.0
2000-09-08,37.9110107421875,38.52011636717927,37.7586624385243,38.215417440581405,53151311722.0
2000-09-11,37.7586669921875,38.06336363626006,37.60660857911868,37.60660857911868,59550218869.0
2000-09-12,37.7586669921875,37.7586669921875,37.7586669921875,37.7586669921875,0.0
2000-09-13,37.7586669921875,38.06336363626006,36.083992766386515,37.1498535219773,118942384480.0
2000-09-14,36.540748596191406,37.45426104906236,36.38840027093368,36.997503662990994,58547691419.0
2000-09-15,37.301910400390625,37.75866778641128,36.54074859213371,37.149854303395166,82176445198.0
2000-09-18,36.84515380859375,37.14985276573544,36.08399203184188,36.54074707968531,97868072327.0
2000-09-19,34.4093132019043,36.38839385575162,34.4093132019043,35.93163655020541,133186917707.0
2000-09-20,35.01813888549805,35.47489403230883,34.409325295766585,35.1704872374431,120368246850.0
2000-09-21,34.86579132080078,35.170490371111576,33.952280945786015,34.409328361616005,68452388650.0
2000-09-22,32.42994689941406,32.886704297629514,32.42994689941406,32.42994689941406,132834122636.0
2000-09-25,32.42994689941406,33.038760398684666,31.82084349116216,32.886704297629514,88873752030.0
2000-09-26,34.56138610839844,34.56138610839844,32.27760557921207,32.42995394160293,199394350975.0
2000-09-27,33.800209045410156,35.3228270063807,33.800209045410156,34.25696637051642,137224758488.0
2000-09-28,32.42994689941406,34.256971853732175,32.42994689941406,33.80021445551672,107525519700.0
2000-09-29,31.66849136352539,32.582003798019436,31.66849136352539,32.42994538479422,76034057956.0
2000-10-02,29.993820190429688,31.05968097324121,29.99382019042969,30.450575259236018,138001375937.0
2000-10-03,31.364091873168945,31.97319534863392,29.38471837112354,29.537069036515213,194590275197.0
2000-10-04,30.298236846923828,30.298236846923828,30.298236846923828,30.298236846923828,84448144144.0
2000-10-05,31.364091873168945,32.1252537857402,29.841473500468947,29.841473500468947,164805785309.0
2000-10-06,33.49551773071289,33.49551773071289,31.36408835024304,31.36408835024304,180029493800.0
2000-10-09,32.73434829711914,33.647860624922714,32.73434829711914,33.191105620656664,102031335801.0
2000-10-10,32.73434829711914,32.73434829711914,32.73434829711914,32.73434829711914,0.0
2000-10-11,31.66849136352539,31.66849136352539,31.66849136352539,31.66849136352539,29010663869.0
2000-10-12,29.537065505981445,30.754982402321797,29.537065505981445,29.689413833890978,183667251856.0
2000-10-13,29.384706497192383,29.84146144196978,27.55768439881162,27.55768439881162,191179714534.0
2000-10-16,29.384706497192383,29.384706497192383,29.384706497192383,29.384706497192383,0.0
2000-10-17,28.623550415039062,28.92795713399314,27.40563131099905,27.40563131099905,152970339373.0
2000-10-18,26.644180297851562,28.623553602387744,26.644180297851562,28.31914684953674,197565539457.0
2000-10-19,24.817155838012695,26.339773948007014,24.817155838012695,25.273913207823348,199457078987.0
2000-10-20,26.492122650146484,26.492122650146484,26.492122650146484,26.492122650146484,53403302845.0
2000-10-23,30.298236846923828,30.298236846923828,29.537074786185208,30.298236846923828,393125049096.0
2000-10-24,32.27759552001953,32.27759552001953,29.841467387652568,30.298224742706523,281450989671.0
2000-10-25,32.73434829711914,33.191105620656664,31.820838288587034,31.820838288587034,211862326584.0
2000-10-26,32.125247955322266,32.73435132024094,31.668490589601742,31.668490589601742,162335511542.0
2000-10-27,32.125247955322266,32.125247955322266,32.125247955322266,32.125247955322266,0.0
2000-10-30,29.993820190429688,29.99382019042969,29.99382019042969,29.99382019042969,43094344075.0
2000-10-31,29.84147834777832,30.146177408783437,29.08031631156749,29.08031631156749,237316567164.0
2000-11-01,29.537065505981445,30.754982402321797,29.38471485880008,30.754982402321797,178478658699.0
2000-11-02,31.51643943786621,31.51643943786621,29.537068304169672,29.689416646511894,190518503961.0
2000-11-03,33.34346008300781,33.495518506556415,32.277599253958485,32.886704994387124,246387764272.0
2000-11-06,33.191104888916016,33.64785988311232,31.820837587055692,32.12524428021072,242870995952.0
2000-11-07,35.47488784790039,35.47488784790039,34.104620327077335,34.71372603891874,252449083392.0
2000-11-08,35.62723922729492,37.301913633470924,35.47489088884958,36.23634499134959,235556099847.0
2000-11-09,35.01813888549805,35.01813888549805,33.95227792065923,35.01813888549805,166633646908.0
2000-11-10,34.71372985839844,35.01813663368958,33.80021730424724,34.10462407953838,174306612636.0
2000-11-13,32.42994689941406,33.038760398684666,32.42994689941406,32.42994689941406,146585514365.0
2000-11-14,32.42994689941406,33.19111104726482,32.12525024079746,32.277598570105766,104741997508.0
2000-11-15,32.58201217651367,33.64787320728782,31.36409501268468,33.49552484591833,138232731310.0
2000-11-16,30.45057487487793,32.12524912230964,30.45057487487793,30.45057487487793,145488774074.0
2000-11-17,29.993820190429688,30.450575259236018,28.31914592185964,28.31914592185964,149759745078.0
2000-11-20,26.796524047851562,28.014440654622568,26.796524047851562,26.796524047851562,121477336093.0
2000-11-21,28.623550415039062,28.623550415039062,26.492121245184734,26.492121245184734,141268915401.0
2000-11-22,27.710044860839844,29.537070081397207,27.710044860839844,28.775905822627458,176943588927.0
2000-11-23,27.100934982299805,27.405631613569955,26.796528259984935,26.94887657562001,93637447900.0
2000-11-24,28.92795753479004,28.92795753479004,27.55769009781189,27.710038413875754,159707601148.0
2000-11-27,28.77590560913086,29.841474334716978,28.775905609130856,29.841474334716978,107690655691.0
2000-11-28,28.166793823242188,28.623548830870263,28.166793823242184,28.47120052534889,63623002519.0
2000-11-29,27.55769920349121,27.86239825556996,27.40564074613993,27.55769920349121,73151677484.0
2000-11-30,27.253293991088867,28.01445605000467,26.948887149336354,27.557700832841384,121708583142.0
2000-12-01,27.862390518188477,27.862390518188477,26.492123008966285,26.492123008966285,104125416483.0
2000-12-04,26.796524047851562,27.253279014004402,26.796524047851562,27.253279014004402,46402605085.0
2000-12-05,26.948883056640625,27.253289852163235,26.492127908844214,26.492127908844214,89459185698.0
2000-12-06,27.100934982299805,28.623550731056362,26.94887657562001,28.623550731056362,116992933196.0
2000-12-07,27.710044860839844,27.710044860839844,26.948882921342282,27.10094136382767,95605339286.0
2000-12-08,27.405635833740234,27.86239326129751,27.25328749464517,27.710042602930443,78859568253.0
2000-12-11,27.405635833740234,27.86239326129751,27.25328749464517,27.710042602930443,73807371858.0
2000-12-12,28.166793823242188,28.319142128763556,27.71003649634262,27.71003649634262,143221466422.0
2000-12-13,28.014453887939453,28.31915293451786,27.862397752605464,28.166804570864844,38686726331.0
2000-12-14,27.55769920349121,27.86239825556996,27.25329237973676,27.71004756989438,48019688732.0
2000-12-15,26.796524047851562,27.100930722316885,26.796524047851562,26.94887233953908,48902934635.0
2000-12-18,25.730669021606445,26.64417914978162,25.730669021606445,26.492123053672113,56883986726.0
2000-12-19,25.578611373901367,25.578611373901367,24.969507967179958,25.273914716050378,94536729942.0
2000-12-20,24.817155838012695,25.273913207823348,24.817155838012695,24.969506477118472,93251563970.0
2000-12-21,24.055992126464844,24.208340434074163,24.055992126464844,24.055992126464844,72586742077.0
2000-12-22,23.7515926361084,24.665105260688197,23.29483748345461,23.90365108097427,110292068333.0
2000-12-25,23.7515926361084,23.7515926361084,23.7515926361084,23.7515926361084,0.0
2000-12-26,23.142488479614258,24.360407990805484,22.99014011473103,24.20834953497125,51800030525.0
2000-12-27,22.838083267211914,23.142487759180764,22.685732587799023,23.142487759180764,70824474913.0
2000-12-28,24.36039924621582,24.36039924621582,22.990131862022718,23.446886883663232,123757400996.0
2000-12-29,24.20834732055664,24.817160906301442,24.055998969609202,24.817160906301442,126381270066.0
2001-01-01,24.20834732055664,24.20834732055664,24.20834732055664,24.20834732055664,0.0
2001-01-02,25.426265716552734,25.426265716552734,23.599242894129127,23.751591239062098,109761621667.0
2001-01-03,24.512754440307617,25.121860262469525,24.20834764337594,24.512754440307617,110639113891.0
2001-01-04,25.883014678955078,26.187421387323226,25.42625966193186,26.035365306881687,234113138928.0
2001-01-05,27.55769920349121,27.55769920349121,25.883024489991495,25.883024489991495,200624646603.0
2001-01-08,27.253293991088867,28.47121358644051,26.79653877392558,27.253293991088867,193371911891.0
2001-01-09,28.31915283203125,28.319152832031246,27.55769860629614,27.55769860629614,156022413782.0
2001-01-10,28.623550415039062,28.92795713399314,28.1667953821319,28.623550415039062,115662646051.0
2001-01-11,28.166793823242188,29.080303838498338,28.014443198449328,28.92795553297697,126919807712.0
2001-01-12,28.623550415039062,28.623550415039062,28.1667953821319,28.319143696084982,94983533704.0
2001-01-15,28.77590560913086,28.775905609130856,28.166802116637793,28.623557258752243,89597298981.0
2001-01-16,30.754980087280273,30.754980087280273,28.62355088260875,28.62355088260875,261560243776.0
2001-01-17,30.754980087280273,31.364085763361953,30.29822504691196,30.754980087280273,224263841163.0
2001-01-18,31.059680938720703,31.51643600701938,30.75498196793342,31.36408768126164,233121389730.0
2001-01-19,31.059680938720703,31.0596809387207,31.0596809387207,31.0596809387207,0.0
2001-01-22,31.059680938720703,31.0596809387207,31.0596809387207,31.0596809387207,0.0
2001-01-23,31.059680938720703,31.0596809387207,31.0596809387207,31.0596809387207,0.0
2001-01-24,31.059680938720703,31.0596809387207,31.0596809387207,31.0596809387207,0.0
2001-01-25,31.059680938720703,31.0596809387207,31.0596809387207,31.0596809387207,0.0
2001-01-26,31.059680938720703,31.0596809387207,31.0596809387207,31.0596809387207,0.0
2001-01-29,29.537065505981445,30.907330730231333,29.537065505981445,30.45057565548137,162287082317.0
2001-01-30,30.14617347717285,30.14617347717285,29.2326631892341,29.53706998220616,104442681234.0
2001-01-31,32.125247955322266,32.125247955322266,30.298225450255224,30.602922087194898,225187996096.0
2001-02-01,30.907329559326172,32.12524872879823,30.754981237188257,31.668491352080416,114697036302.0
2001-02-02,30.602924346923828,31.820843577003707,30.60292434692383,31.059681746371457,159626108062.0
2001-02-05,29.993820190429688,30.450575259236018,29.841469545230826,30.146168516356756,131682770311.0
2001-02-06,29.84147834777832,30.60293261232201,29.689422205244863,29.841478347778317,118522811741.0
2001-02-07,27.862390518188477,28.623552320726027,27.862390518188477,27.862390518188477,236950264906.0
2001-02-08,27.55769920349121,27.86239825556996,26.94888555598231,27.40564074613993,94213749009.0
2001-02-09,27.862390518188477,28.319145581505285,27.253284811503836,27.862390518188477,128952451939.0
2001-02-12,28.014453887939453,28.166804570864844,27.405640251420696,27.710047069680076,65390573400.0
2001-02-13,29.84147834777832,29.841478347778317,28.31915427535666,28.471212737162595,99125740632.0
2001-02-14,28.623550415039062,30.14616614698523,28.319143696084982,29.841467199807457,79813354005.0
2001-02-15,30.602924346923828,30.60292434692383,29.232659106396525,29.38471520786187,174380139732.0
2001-02-16,29.84147834777832,30.75499107412795,29.689422205244863,30.60293261232201,142289462156.0
2001-02-19,29.232662200927734,29.53706898360832,28.623556407281686,28.623556407281686,42987928103.0
2001-02-20,29.232662200927734,29.841473447016806,29.232662200927734,29.38471831848954,42253082111.0
2001-02-21,29.689414978027344,29.841471083546175,28.623554140271143,28.623554140271143,62630686703.0
2001-02-22,28.47120475769043,29.38471490874298,28.319146338501096,29.38471490874298,87930948679.0
2001-02-23,27.710044860839844,28.31915067712421,27.40563806684553,27.710044860839844,95466076101.0
2001-02-26,27.100934982299805,27.710038335884825,27.100934982299805,27.405631613569955,88333264549.0
2001-02-27,27.405635833740234,27.710042602930443,27.405635833740238,27.405635833740238,76196927473.0
2001-02-28,27.405635833740234,27.405635833740238,27.405635833740238,27.405635833740238,0.0
2001-03-01,25.578611373901367,26.492123848765043,25.578611373901367,26.492123848765043,179983114401.0
2001-03-02,25.426265716552734,25.883020842340613,25.273917371619763,25.730672497407646,98608467848.0
2001-03-05,25.730669021606445,25.883017345959598,25.42626228187201,25.42626228187201,85291005973.0
2001-03-06,26.948883056640625,27.405638204437036,26.339779556570413,26.796534704366824,118538885378.0
2001-03-07,28.014453887939453,28.31915293451786,27.862397752605464,27.862397752605464,143096743670.0
2001-03-08,27.55769920349121,28.014454393648826,27.40564074613993,28.014454393648826,54103039316.0
2001-03-09,26.796524047851562,26.796524047851562,26.644173436892768,26.644173436892768,55776539010.0
2001-03-12,26.035369873046875,26.187425980156494,25.883019218400527,25.883019218400527,60270770241.0
2001-03-13,26.492122650146484,26.492122650146484,25.578610216614074,25.578610216614074,103342974528.0
2001-03-14,26.492122650146484,26.492122650146484,26.492122650146484,26.492122650146484,0.0
2001-03-15,26.796524047851562,26.94887233953908,26.035362407233396,26.33976908169872,69605303342.0
2001-03-16,26.948883056640625,27.10094149988943,26.644184032820817,26.644184032820817,67691249055.0
2001-03-19,26.492122650146484,26.948877707276818,26.339774328113887,26.796529385244224,32191037811.0
2001-03-20,26.187427520751953,26.79653330836211,26.03537140469694,26.49212652869802,47933600202.0
2001-03-21,25.883014678955078,26.035365306881687,25.730666370300007,25.883014678955078,51471745876.0
2001-03-22,26.339780807495117,26.492129167004226,25.883023318734253,25.883023318734253,67485420683.0
2001-03-23,27.55769920349121,27.55769920349121,26.644186503903562,26.644186503903562,227713615167.0
2001-03-26,27.405635833740234,27.710042602930443,27.25328749464517,27.710042602930443,86627400933.0
2001-03-27,27.253293991088867,27.86239990293548,27.253293991088867,27.557700832841384,107902171080.0
2001-03-28,27.100934982299805,27.405631613569955,26.94887657562001,27.253283297934882,63876351860.0
2001-03-29,26.796524047851562,27.100930722316885,26.796524047851562,27.100930722316885,47865014354.0
2001-03-30,26.948883056640625,27.10094149988943,26.492127908844214,27.10094149988943,52554195712.0
2001-04-02,25.883014678955078,26.796527032273058,25.883014678955078,26.796527032273058,52770689846.0
2001-04-03,24.817155838012695,25.273913207823348,24.6650997464136,25.273913207823348,137153456204.0
2001-04-04,24.20834732055664,24.51275411342904,24.055998969609202,24.055998969609202,105939504251.0
2001-04-05,24.20834732055664,24.20834732055664,24.20834732055664,24.20834732055664,0.0
2001-04-06,25.12185287475586,25.883014597759445,24.969504566578706,25.883014597759445,83165377968.0
2001-04-09,24.36039924621582,24.665098185877675,24.055992534770454,24.665098185877675,50202053590.0
2001-04-10,24.055992126464844,24.512747140352793,23.903643818855524,24.360398832743474,64384767062.0
2001-04-11,25.273916244506836,25.273916244506836,24.360403714397897,24.665102709947604,63600441933.0
2001-04-12,26.187427520751953,26.49212652869802,25.730672396750872,25.883020741087865,172602523870.0
2001-04-13,25.883014678955078,26.64417640434645,25.883014678955078,26.64417640434645,59615425837.0
2001-04-16,25.578611373901367,25.883018122771787,25.121856296105452,25.730669793846292,26751186803.0
2001-04-17,25.426265716552734,25.578614061485705,25.121858935697826,25.273917371619763,35215179174.0
2001-04-18,25.883014678955078,25.883014678955078,25.57860797058693,25.883014678955078,72644312193.0
2001-04-19,27.55769920349121,27.55769920349121,27.40564074613993,27.55769920349121,290954416778.0
2001-04-20,27.55769920349121,27.86239825556996,27.25329237973676,27.71004756989438,135618069792.0
2001-04-23,27.405635833740234,27.55769426383538,27.10093915555011,27.55769426383538,47925092591.0
2001-04-24,26.796524047851562,27.100930722316885,26.796524047851562,26.94887233953908,53528517222.0
2001-04-25,26.339780807495117,27.10094278696312,26.1874301287137,26.796535976983673,41989129503.0
2001-04-26,26.339780807495117,27.10094278696312,26.1874301287137,26.796535976983673,41989129503.0
2001-04-27,26.492122650146484,27.100936120341963,26.492122650146484,27.100936120341963,44470839800.0
2001-04-30,27.710044860839844,27.86239553162096,26.948882921342282,27.10094136382767,182494001389.0
2001-05-01,27.710044860839844,27.710044860839844,27.710044860839844,27.710044860839844,0.0
2001-05-02,29.232662200927734,29.53706898360832,28.927963189962274,29.53706898360832,347857956012.0
2001-05-03,29.384706497192383,29.384706497192383,28.927951552414985,29.08029983697283,134483249398.0
2001-05-04,28.31915283203125,29.23266551182242,28.319152832031246,29.23266551182242,80099413071.0
2001-05-07,28.92795753479004,29.53706320936105,28.31914408844677,28.47120249555454,114545190851.0
2001-05-08,28.77590560913086,29.080312400866692,28.471208908373626,28.775905609130856,99755803847.0
2001-05-09,28.92795753479004,29.232656486189416,28.77589912768227,28.92795753479004,61278672235.0
2001-05-10,28.166793823242188,28.623548830870263,28.014443198449328,28.623548830870263,64391741470.0
2001-05-11,28.623550415039062,28.623550415039062,28.01444474890721,28.1667953821319,63826143619.0
2001-05-14,28.166793823242188,28.319142128763556,28.014443198449328,28.014443198449328,40124516855.0
2001-05-15,27.253293991088867,27.557700832841384,27.100945615678096,27.40564236649964,85139960454.0
2001-05-16,26.796524047851562,26.94887233953908,26.644173436892768,26.796524047851562,59935477852.0
2001-05-17,27.100934982299805,27.405631613569955,26.644177625078218,26.94887657562001,47654757191.0
2001-05-18,27.55769920349121,27.86239825556996,27.100944013333592,27.40564074613993,95308472805.0
2001-05-21,26.948883056640625,27.405638204437036,26.644184032820817,27.405638204437036,53491624518.0
2001-05-22,27.405635833740234,27.710042602930443,27.25328749464517,27.25328749464517,62981494442.0
2001-05-23,28.77590560913086,28.775905609130856,27.557696304872554,27.557696304872554,77986608978.0
2001-05-24,28.623550415039062,28.77589872899214,28.319143696084982,28.623550415039062,56666480178.0
2001-05-25,28.77590560913086,28.92796405048808,28.471208908373626,28.623557258752243,57861378809.0
2001-05-28,28.31915283203125,28.623559649188984,28.319152832031246,28.471211286087314,27492071866.0
2001-05-29,28.31915283203125,28.623559649188984,28.319152832031246,28.319152832031246,50391879153.0
2001-05-30,27.405635833740234,28.31914836958278,27.405635833740238,28.166800030487714,49790259358.0
2001-05-31,27.253293991088867,27.40564236649964,27.100945615678096,27.100945615678096,54368179322.0
2001-06-01,27.100934982299805,27.710038335884825,26.94887657562001,27.55769002024975,40753226018.0
2001-06-04,27.405635833740234,27.710042602930443,26.948880725454963,27.10093915555011,38533131028.0
2001-06-05,27.710044860839844,27.710044860839844,27.2532897153366,27.40563806684553,28913070066.0
2001-06-06,28.47120475769043,28.623553085858898,28.166798010332627,28.166798010332627,72897807355.0
2001-06-07,28.31915283203125,28.471211286087314,28.014453786555542,28.166804468929577,62141449041.0
2001-06-08,29.537065505981445,29.689413833890978,29.232658759141014,29.232658759141014,163135010383.0
2001-06-11,30.14617347717285,30.14617347717285,29.384719311936664,29.53706998220616,71574202976.0
2001-06-12,29.537065505981445,29.993820580731406,29.38471485880008,29.841469933550044,61879767074.0
2001-06-13,28.623550415039062,29.537062800124996,28.623550415039062,29.3847121669003,58310724022.0
2001-06-14,28.166793823242188,28.623548830870263,27.71003649634262,28.623548830870263,54805425562.0
2001-06-15,28.47120475769043,28.471204757690433,27.86239126297482,28.014447362892327,33606221920.0
2001-06-18,28.014453887939453,28.47121138912422,27.557698706027058,28.31915293451786,132926523131.0
2001-06-19,27.55769920349121,28.014454393648826,27.40564074613993,27.86239825556996,89109248718.0
2001-06-20,27.405635833740234,27.55769426383538,27.25328749464517,27.405635833740238,41634972048.0
2001-06-21,26.187427520751953,27.1009400880262,26.187427520751957,27.1009400880262,101354893188.0
2001-06-22,25.883014678955078,26.49212032390491,25.57860797058693,26.187421387323226,119957081731.0
2001-06-25,25.883014678955078,25.883014678955078,25.883014678955078,25.883014678955078,0.0
2001-06-26,26.004898071289062,26.857237428500238,26.004898071289062,26.217779394488325,96070796227.0
2001-06-27,27.070526123046875,27.283815649898017,26.431068053630977,26.644357580482122,57765016150.0
2001-06-28,26.21778106689453,27.07052635107262,26.004899730115778,27.07052635107262,47031141048.0
2001-06-29,27.283817291259766,27.283817291259766,26.644359183374835,26.85724053116709,53805625856.0
2001-07-02,28.562725067138672,28.562725067138675,27.496688194888147,27.496688194888147,62442405056.0
2001-07-03,28.349449157714844,28.98890738267518,28.13615957898227,28.56273873644742,30191453577.0
2001-07-04,27.923280715942383,28.136159784996277,27.709991135648092,28.136159784996277,26744552544.0
2001-07-05,27.923280715942383,28.136159784996277,27.709991135648092,27.709991135648092,16044664142.0
2001-07-06,26.857242584228516,27.496698421723583,26.857242584228516,27.28381937693021,40584223689.0
2001-07-09,26.004898071289062,26.43106659025873,26.004898071289062,26.43106659025873,62249903530.0
2001-07-10,26.21778106689453,26.64435780491808,26.21778106689453,26.21778106689453,48435884971.0
2001-07-11,26.21778106689453,26.64435780491808,26.21778106689453,26.431068276270313,34178454624.0
2001-07-12,27.070526123046875,27.07052612304687,26.431068053630977,26.644357580482122,45144006501.0
2001-07-13,26.857242584228516,27.923277533697554,26.857242584228516,27.70998797771057,83440695087.0
2001-07-16,26.857242584228516,27.28381937693021,26.431071664175878,27.28381937693021,52098044529.0
2001-07-17,26.64435386657715,26.857235171889606,26.21777719160652,26.431064369456013,39253753226.0
2001-07-18,26.431068420410156,26.64435795022108,26.00489987193154,26.64435795022108,40148263650.0
2001-07-19,26.004898071289062,26.43106659025873,25.36544003727715,26.004898071289062,52451240755.0
2001-07-20,25.791606903076172,26.431064896100597,25.791606903076175,26.431064896100597,48338503352.0
2001-07-23,24.72597885131836,25.791605268459094,24.512689363465217,25.578315780605955,62147840760.0
2001-07-24,24.512693405151367,24.512693405151364,23.873235347219715,24.299406201402682,52030990693.0
2001-07-25,25.152151107788086,25.3654406277958,24.512693058889308,24.72598257889702,43066286931.0
2001-07-26,25.791606903076172,26.00489640444715,25.152148910051753,25.5783174017052,51942754131.0
2001-07-27,27.070526123046875,27.496694665611624,26.85723891546769,27.07052612304687,156155062051.0
2001-07-30,27.070526123046875,27.07052612304687,27.07052612304687,27.07052612304687,0.0
2001-07-31,28.13616180419922,28.13616180419922,27.283824444334524,27.496703528665766,103162152962.0
2001-08-01,29.202186584472656,29.202186584472653,28.562728586742363,29.202186584472653,137701829919.0
2001-08-02,30.0549373626709,30.267816377734697,29.841647836470813,29.841647836470813,99316282800.0
2001-08-03,29.41506576538086,30.054931908592437,29.415065765380856,30.054931908592437,69056552276.0
2001-08-06,28.988901138305664,29.2021906710945,28.775611605516833,28.988901138305668,46619357529.0
2001-08-07,28.13616180419922,28.562740995401427,27.923282719867974,28.349451399800323,45691471961.0
2001-08-08,28.775615692138672,28.775615692138672,28.136157514107314,28.136157514107314,33965064989.0
2001-08-09,27.70998191833496,28.136150425924534,27.709981918334964,27.709981918334964,29149178904.0
2001-08-10,29.202186584472656,29.202186584472653,27.92327058901207,28.34943908380176,51262912996.0
2001-08-13,28.988901138305664,28.988901138305668,28.56273258387697,28.988901138305668,22755986154.0
2001-08-14,29.41506576538086,29.415065765380856,28.98889498218237,28.98889498218237,30352773225.0
2001-08-15,29.202186584472656,29.62835507926234,29.202186584472653,29.41506789559344,37550138824.0
2001-08-16,28.988901138305664,29.2021906710945,28.775611605516833,28.988901138305668,22472824164.0
2001-08-17,28.775615692138672,29.20219481829775,28.562736640266397,28.98890525521821,24091688315.0
2001-08-20,28.13616180419922,28.13616180419922,27.70999312426687,27.923282719867974,54058062773.0
2001-08-21,28.349449157714844,28.349449157714844,27.709990932754508,27.709990932754508,28486645824.0
2001-08-22,26.431068420410156,27.496695047178314,26.431068420410156,27.283816028510625,131335001004.0
2001-08-23,26.431068420410156,26.64435795022108,25.578320812309688,25.578320812309688,109761355021.0
2001-08-24,25.791606903076172,26.00489640444715,25.5783174017052,26.00489640444715,92537405507.0
2001-08-27,27.070526123046875,27.496694665611624,25.79160998421508,25.79160998421508,172843967671.0
2001-08-28,26.857242584228516,27.28381937693021,26.431071664175878,27.28381937693021,97109196229.0
2001-08-29,27.496688842773438,27.496688842773438,26.644351938139117,26.857233228043867,99128757042.0
2001-08-30,26.857242584228516,27.28381937693021,26.857242584228516,27.07052982094322,50885587864.0
2001-08-31,27.283817291259766,27.496696319779918,26.431069643692446,26.644359183374835,49968004993.0
2001-09-03,27.283817291259766,27.496696319779918,27.070527751577377,27.283817291259766,39017023309.0
2001-09-04,28.13616180419922,28.13616180419922,27.070534848733416,27.283824444334524,52138689890.0
2001-09-05,27.923280715942383,27.923280715942383,27.496701555353802,27.923280715942383,45011258834.0
2001-09-06,27.283817291259766,27.496696319779918,26.85724053116709,27.283817291259766,32151543245.0
2001-09-07,26.857242584228516,27.07052982094322,26.644361220162864,27.07052982094322,41915298266.0
2001-09-10,27.283817291259766,27.496696319779918,26.644359183374835,26.644359183374835,28395811269.0
2001-09-11,26.857242584228516,27.28381937693021,26.857242584228516,27.28381937693021,29208435782.0
2001-09-12,26.857242584228516,26.857242584228516,26.857242584228516,26.857242584228516,0.0
2001-09-13,25.152151107788086,25.152151107788082,25.152151107788082,25.152151107788082,38823893860.0
2001-09-14,23.659940719604492,25.1521435710025,23.44705945523867,24.725975169811882,98405401741.0
2001-09-17,23.659940719604492,23.659940719604492,23.659940719604492,23.659940719604492,0.0
2001-09-18,23.659940719604492,23.659940719604492,23.659940719604492,23.659940719604492,0.0
2001-09-19,23.659940719604492,23.659940719604492,23.659940719604492,23.659940719604492,0.0
2001-09-20,22.381032943725586,22.381032943725586,22.381032943725586,22.381032943725586,4882070946.0
2001-09-21,21.741575241088867,21.741575241088867,21.741575241088867,21.741575241088867,2609586650.0
2001-09-24,21.741575241088867,21.741575241088867,21.741575241088867,21.741575241088867,0.0
2001-09-25,20.206871032714844,21.01712244997417,20.121881328271616,20.974220565602746,181477080515.0
2001-09-26,20.675949096679688,20.76134702479674,18.800069416213166,20.036490913827667,137796559978.0
2001-09-27,19.823200225830078,20.462660691718526,19.610321184416076,20.462660691718526,52486362776.0
2001-09-28,19.823200225830078,19.823200225830078,19.823200225830078,19.823200225830078,0.0
2001-10-01,19.823200225830078,19.823200225830078,19.823200225830078,19.823200225830078,0.0
2001-10-02,19.183740615844727,19.866101726757613,18.672174168498575,19.866101726757613,67122484210.0
2001-10-03,18.80006217956543,19.26913483683506,18.587182048395412,18.970856810419924,50025077532.0
2001-10-04,18.885461807250977,20.07898228746537,18.842968108647206,20.07898228746537,107361475283.0
2001-10-05,19.951093673706055,20.206876925933056,18.970862561681564,19.05585113127546,90599194936.0
2001-10-08,19.61031723022461,19.866100437295394,19.397028880266735,19.397028880266735,36931798424.0
2001-10-09,20.974224090576172,20.974224090576172,20.16437840972648,20.292270020034874,85981949737.0
2001-10-10,20.974224090576172,20.974224090576172,20.974224090576172,20.974224090576172,0.0
2001-10-11,22.381032943725586,22.381032943725586,21.741577112626477,21.954864347207845,70577691087.0
2001-10-12,23.447063446044922,23.873231919771523,23.02048446124709,23.873231919771523,146532259358.0
2001-10-15,22.807613372802734,23.447071560221413,22.594323806592076,22.807613372802734,45872414944.0
2001-10-16,23.659940719604492,23.659940719604492,22.594312141856072,23.02048054304669,42133562488.0
2001-10-17,24.72597885131836,25.152147315962157,24.29940219488362,24.725978851318356,129414568686.0
2001-10-18,25.365440368652344,25.365440368652344,24.299405609901065,24.299405609901065,85720721898.0
2001-10-19,24.93886375427246,25.15215329280909,24.29940796909469,24.93886375427246,87127763246.0
2001-10-22,24.72597885131836,25.152147315962157,24.29940219488362,24.938857828109015,53561188259.0
2001-10-23,24.512693405151367,25.36544098610362,24.512693405151364,25.36544098610362,59501452172.0
2001-10-24,26.21778106689453,26.21778106689453,24.725983580511166,24.725983580511166,133139455065.0
2001-10-25,26.64435386657715,26.857235171889606,26.21777719160652,26.857235171889606,100118530217.0
2001-10-26,26.857242584228516,27.28381937693021,26.857242584228516,26.857242584228516,63375879436.0
2001-10-29,28.562725067138672,28.562725067138675,27.496688194888147,28.349435590480383,159762803606.0
2001-10-30,26.64435386657715,27.496690832901052,26.64435386657715,26.64435386657715,103426940023.0
2001-10-31,26.004898071289062,26.64435610530097,25.57831904120458,25.57831904120458,87162486490.0
2001-11-01,26.004898071289062,26.64435610530097,25.79160855624682,26.64435610530097,67706863206.0
2001-11-02,26.64435386657715,27.283811846860235,26.431064369456013,26.857235171889606,107589015503.0
2001-11-05,27.70998191833496,27.709981918334964,26.644355393809114,26.857236711323747,72908380267.0
2001-11-06,27.923280715942383,28.77561801463875,27.923280715942383,28.562738945584858,114083762138.0
2001-11-07,28.562725067138672,28.775604032756032,28.13614611382209,28.349435590480383,62689312681.0
2001-11-08,28.775615692138672,29.628363433249568,28.562736640266397,28.98890525521821,97915110002.0
2001-11-09,28.775615692138672,28.775615692138672,28.775615692138672,28.775615692138672,0.0
2001-11-12,28.988901138305664,29.41507201200639,28.56273258387697,28.988901138305668,60076010572.0
2001-11-13,28.775615692138672,28.98890525521821,28.562736640266397,28.562736640266397,32001930937.0
2001-11-14,30.694398880004883,30.69439888000488,29.841651190496997,29.841651190496997,167287343831.0
2001-11-15,31.7600154876709,31.7600154876709,30.481099616547088,30.694389098751593,127912553253.0
2001-11-16,33.0389404296875,33.46510900005015,31.333853317800475,31.760024207435237,154915643388.0
2001-11-19,33.89167404174805,33.89167404174805,32.61276058104697,33.038929004030315,99340227197.0
2001-11-20,31.7600154876709,33.46509981215211,31.546726005466393,33.252220840999215,108705218429.0
2001-11-21,32.186187744140625,32.186187744140625,30.694392725593772,30.694392725593772,113891195141.0
2001-11-22,31.120559692382812,31.97330716879576,30.90727019550961,31.97330716879576,78148114323.0
2001-11-23,31.33385467529297,31.76002558339095,30.694398855735482,31.12056744456125,67781672336.0
2001-11-26,31.546737670898438,31.760027231973694,31.12056905995134,31.33385630175426,106122556577.0
2001-11-27,32.186187744140625,33.67839327378759,31.546729733020513,33.67839327378759,208435722041.0
2001-11-28,31.546737670898438,33.25223313709367,31.54673767089844,32.39948540399605,82210650629.0
2001-11-29,31.120559692382812,31.12055969238281,30.694391209716255,30.90727019550961,78561674477.0
2001-11-30,31.120559692382812,31.97330716879576,31.12055969238281,31.97330716879576,121174113006.0
2001-12-03,33.0389404296875,33.0389404296875,31.97331374819872,32.186192777797885,95400454286.0
2001-12-04,33.46510696411133,33.67839649189877,32.186190819665335,32.612769875240225,87963745896.0
2001-12-05,35.59676742553711,35.59676742553711,34.74401990417415,34.95730941229026,205624746225.0
2001-12-06,37.941314697265625,37.941314697265625,37.08897526154506,37.941314697265625,194245604436.0
2001-12-07,37.72842788696289,37.941306866562634,36.66239094469258,37.51513839629525,118018166457.0
2001-12-10,35.81005859375,37.08897236026033,35.81005859375,36.875685161528324,107978018216.0
2001-12-11,36.44951629638672,36.66239763410028,34.74402340126934,34.95731293085371,95422642880.0
2001-12-12,37.72842788696289,38.36788584789792,36.449509645821266,36.66239094469258,118173177116.0
2001-12-13,35.81005859375,38.15460124731052,35.81005859375,37.94131172930665,105076597693.0
2001-12-14,35.59676742553711,35.810056933653215,34.95730941229026,35.17059892040637,73413581455.0
2001-12-17,34.5311393737793,35.38347872271086,34.31785218008076,35.170599720851335,62690628046.0
2001-12-18,35.170597076416016,35.81005505613616,34.95730757948265,35.81005505613616,90387456947.0
2001-12-19,36.44951629638672,36.87568716368465,35.596771008464025,35.8100605380484,95314211603.0
2001-12-20,36.44951629638672,36.66239763410028,35.38348147887965,35.38348147887965,82619407618.0
2001-12-21,34.10456466674805,35.170601782993444,34.10456466674805,34.95731225751739,184451732922.0
2001-12-24,34.5311393737793,34.95731020788099,33.46510463931019,33.46510463931019,69557938312.0
2001-12-25,35.59676742553711,35.810056933653215,34.31785139904341,34.53113858788776,56300051145.0
2001-12-26,35.170597076416016,36.022934041989565,34.95730757948265,35.596765559202794,50672647595.0
2001-12-27,34.95731735229492,36.23623366927434,34.95731735229492,35.59677551078463,74257765791.0
2001-12-28,36.23623275756836,36.44951998949123,35.17060602396166,35.59677461516746,90661600356.0
2001-12-31,37.30185317993164,37.941311214140185,36.87568466083092,36.87568466083092,142278227393.0
2002-01-01,37.30185317993164,37.30185317993164,37.30185317993164,37.30185317993164,0.0
2002-01-02,36.66239929199219,37.51514693774854,36.02294118546526,37.30185739851911,63219970044.0
2002-01-03,36.66239929199219,36.66239929199219,36.66239929199219,36.66239929199219,0.0
2002-01-04,37.941314697265625,38.15460423195406,37.51514613904136,37.728435673729805,161224084400.0
2002-01-07,39.43351745605469,39.64680697472364,37.941311847615616,38.36789088495352,143660633926.0
2002-01-08,38.58076858520508,39.22022660842233,38.36788958487124,39.22022660842233,66545271274.0
2002-01-09,39.00734329223633,39.64680360199477,38.36788762102124,39.43351410147023,72284564141.0
2002-01-10,38.58076858520508,39.22022660842233,38.36788958487124,39.0073452888167,51368481421.0
2002-01-11,37.30185317993164,38.58076924834873,37.30185317993164,38.36789024435584,69855335701.0
2002-01-14,37.51514434814453,37.51514434814453,36.66239676125183,36.87568628575826,47642526681.0
2002-01-15,37.30185317993164,37.7284322101473,37.088971856666916,37.51514269503947,36711147501.0
2002-01-16,36.23623275756836,37.51514904237016,36.23623275756836,37.301859491175065,63000476760.0
2002-01-17,36.0229377746582,36.236227293692465,35.17060072076615,35.38347972867792,74009989192.0
2002-01-18,36.23623275756836,36.875690899969264,36.02294320637326,36.23623275756836,64443521005.0
2002-01-21,38.58076858520508,38.58076858520508,36.449513195947695,36.662394515553316,106826877778.0
2002-01-22,38.367889404296875,39.6468054447123,37.72843138408916,38.7940579140667,128790074046.0
2002-01-23,37.72842788696289,39.220222788432686,37.30184890562761,37.51513839629525,120107453497.0
2002-01-24,38.58076858520508,38.794058096646786,37.30185253877057,38.36788958487124,91067250466.0
2002-01-25,39.2202262878418,39.43351579754011,38.367889271257596,39.00734496997623,131361617793.0
2002-01-28,39.2202262878418,39.43351579754011,38.794057779549696,39.2202262878418,88306395399.0
2002-01-29,37.941314697265625,38.794062324866765,37.941314697265625,38.794062324866765,58836080048.0
2002-01-30,37.08897018432617,37.51514100348269,36.875682998107294,37.08897018432617,73377524990.0
2002-01-31,37.08897018432617,37.08897018432617,37.08897018432617,37.08897018432617,0.0
2002-02-01,36.44951629638672,37.08897437399703,36.23622908607434,37.08897437399703,103873616415.0
2002-02-04,36.66239929199219,37.088976051178946,36.02294118546526,36.236230724694686,48429656333.0
2002-02-05,36.44951629638672,36.66239763410028,36.022939556489966,36.022939556489966,43280411623.0
2002-02-06,36.87569046020508,37.301859046328566,36.66240091155358,36.66240091155358,70636501574.0
2002-02-07,36.87569046020508,36.87569046020508,36.87569046020508,36.87569046020508,0.0
2002-02-08,36.87569046020508,36.87569046020508,36.87569046020508,36.87569046020508,0.0
2002-02-11,36.87569046020508,36.87569046020508,36.87569046020508,36.87569046020508,0.0
2002-02-12,36.87569046020508,36.87569046020508,36.87569046020508,36.87569046020508,0.0
2002-02-13,36.87569046020508,36.87569046020508,36.87569046020508,36.87569046020508,0.0
2002-02-14,36.87569046020508,36.87569046020508,36.87569046020508,36.87569046020508,0.0
2002-02-15,36.87569046020508,36.87569046020508,36.87569046020508,36.87569046020508,0.0
2002-02-18,37.30185317993164,37.941311214140185,37.088971856666916,37.7284322101473,79417673286.0
2002-02-19,36.44951629638672,37.51514524129497,36.23622908607434,37.301855711710594,49938769378.0
2002-02-20,34.95731735229492,35.81006506734611,34.95731735229492,35.81006506734611,64741959973.0
2002-02-21,35.170597076416016,35.596765559202794,34.53113677742424,35.38347606226942,53616987097.0
2002-02-22,34.74402618408203,34.95731573074976,34.104568055254504,34.104568055254504,45345656060.0
2002-02-25,34.5311393737793,35.38347872271086,34.5311393737793,34.95731020788099,33289509205.0
2002-02-26,34.10456466674805,35.170601782993444,34.10456466674805,34.95731225751739,63760930103.0
2002-02-27,34.95731735229492,35.1706069088564,34.31785919380521,34.31785919380521,74203270414.0
2002-02-28,34.95731735229492,34.95731735229492,34.95731735229492,34.95731735229492,0.0
2002-03-01,34.5311393737793,35.170599720851335,34.5311393737793,34.5311393737793,75910280361.0
2002-03-04,36.87569046020508,36.87569046020508,35.8100637393066,36.87569046020508,97211205432.0
2002-03-05,38.794063568115234,39.22023213999709,37.94131591318576,39.22023213999709,179088949780.0
2002-03-06,40.28627014160156,40.28627014160156,38.7940665768099,39.007353815603196,179561088297.0
2002-03-07,39.85968017578125,40.49913577103555,39.64679889236002,40.49913577103555,120272975169.0
2002-03-08,39.00734329223633,40.286259273209865,38.79405611098346,39.859684910704125,84486290907.0
2002-03-11,41.56517791748047,41.56517791748047,39.85968746472155,39.85968746472155,141985430804.0
2002-03-12,40.499141693115234,41.13859738187541,39.85968600435507,40.71243119949192,81775919652.0
2002-03-13,40.07297134399414,40.925721187714466,39.859686473649795,40.4991421699387,55129555206.0
2002-03-14,39.646793365478516,39.646793365478516,39.007333220824066,39.22021447456902,61840313278.0
2002-03-15,38.58076858520508,39.22022660842233,38.36788958487124,38.794058096646786,93412069400.0
2002-03-18,39.00734329223633,39.00734329223633,37.94130861997215,39.00734329223633,39047773677.0
2002-03-19,39.00734329223633,39.220224600945684,38.36788762102124,39.220224600945684,46678081714.0
2002-03-20,40.925724029541016,40.925724029541016,39.00734753037777,39.22022886221664,89969926892.0
2002-03-21,40.07297134399414,40.4991421699387,39.43351564770523,39.43351564770523,59678431206.0
2002-03-22,40.499141693115234,40.9257207058686,40.28626037856495,40.71243119949192,57703426137.0
2002-03-25,40.925724029541016,41.13860072283603,39.859689241452344,40.49914498214419,50071097438.0
2002-03-26,40.28627014160156,40.71244106580745,40.072980583535966,40.49915150774185,34394957091.0
2002-03-27,39.43351745605469,40.71243354582481,39.43351745605469,40.71243354582481,49892148333.0
2002-03-28,40.499141693115234,40.499141693115234,39.64680468980478,39.85968600435507,66767145308.0
2002-03-29,41.13860321044922,41.565182283640894,40.92572650428175,41.351892747045056,84362914469.0
2002-04-01,40.71243667602539,41.35189245080352,40.71243667602539,40.925726211093234,29433916653.0
2002-04-02,40.925724029541016,41.56517977023286,40.925724029541016,41.13860072283603,52946121391.0
2002-04-03,40.499141693115234,40.71243119949192,40.28626037856495,40.499141693115234,50674695041.0
2002-04-04,39.43351745605469,40.49914402715586,39.22022793738574,40.07297318166787,67791165578.0
2002-04-05,39.43351745605469,39.43351745605469,39.43351745605469,39.43351745605469,0.0
2002-04-08,39.00734329223633,39.43351410147023,38.79405611098346,39.220224600945684,61887291435.0
2002-04-09,39.00734329223633,39.220224600945684,38.580766610458916,39.220224600945684,39162192542.0
2002-04-10,38.58076858520508,38.794058096646786,38.36788958487124,38.58076858520508,76946484121.0
2002-04-11,38.367889404296875,38.7940579140667,38.367889404296875,38.367889404296875,65494044979.0
2002-04-12,39.2202262878418,39.2202262878418,37.72843125326718,38.15459976155928,69123195432.0
2002-04-15,39.00734329223633,39.43351410147023,38.79405611098346,39.220224600945684,45049916269.0
2002-04-16,39.43351745605469,39.64680697472364,39.0073466105667,39.22022793738574,33122690024.0
2002-04-17,40.925724029541016,41.351890246534445,40.7124345058426,40.7124345058426,119691131673.0
2002-04-18,40.71243667602539,41.35189245080352,40.49914714095754,41.35189245080352,43245786585.0
2002-04-19,40.28627014160156,40.49915150774185,40.072980583535966,40.49915150774185,33966082760.0
2002-04-22,39.646793365478516,40.2862488715908,39.646793365478516,39.85967461922346,33068661869.0
2002-04-23,40.07297134399414,40.07297134399414,39.22022613881735,39.22022613881735,29257137007.0
2002-04-24,40.499141693115234,40.71243119949192,40.072970872188264,40.072970872188264,39788585830.0
2002-04-25,39.2202262878418,39.85968662510399,39.2202262878418,39.646805307238424,54026886847.0
2002-04-26,39.2202262878418,39.2202262878418,38.794057779549696,38.794057779549696,51807319192.0
2002-04-29,37.941314697265625,38.3678937666425,37.51514613904136,38.3678937666425,139939925764.0
2002-04-30,37.30185317993164,37.7284322101473,37.088971856666916,37.51514269503947,75670931619.0
2002-05-01,37.30185317993164,37.30185317993164,37.30185317993164,37.30185317993164,0.0
2002-05-02,36.23623275756836,37.51514904237016,36.23623275756836,37.301859491175065,75300367818.0
2002-05-03,36.23623275756836,36.23623275756836,35.383485063972365,35.383485063972365,58913763934.0
2002-05-06,34.5311393737793,34.95731020788099,34.104562667110415,34.95731020788099,86268098080.0
2002-05-07,34.95731735229492,35.1706069088564,34.104569637243735,34.104569637243735,61861001999.0
2002-05-08,35.38348388671875,35.810062974916114,35.1706048537908,35.1706048537908,79020605781.0
2002-05-09,36.23623275756836,37.301859491175065,36.23623275756836,37.301859491175065,76347552789.0
2002-05-10,36.87569046020508,37.08897768958437,35.596774190655104,35.8100637393066,43498655013.0
2002-05-13,36.23623275756836,36.66240134877416,36.23623275756836,36.23623275756836,27724948539.0
2002-05-14,37.08897018432617,37.08897018432617,36.66239349261668,36.66239349261668,36539659073.0
2002-05-15,38.367889404296875,38.58076840362881,37.72843138408916,37.9413103834211,79152731477.0
2002-05-16,37.72842788696289,37.941306866562634,37.51513839629525,37.941306866562634,27776030515.0
2002-05-17,38.15460968017578,38.15460968017578,37.51515149595275,37.941320115031026,40331926640.0
2002-05-20,37.08897018432617,37.941309503367485,37.08897018432617,37.7284305089733,44740805587.0
2002-05-21,36.87569046020508,37.301859046328566,36.66240091155358,36.87569046020508,36348737770.0
2002-05-22,37.51514434814453,37.94131288602437,36.87568628575826,36.87568628575826,53130516462.0
2002-05-23,37.08897018432617,37.30185149799208,36.875682998107294,37.08897018432617,44650024598.0
2002-05-24,37.30185317993164,37.51514269503947,36.87568466083092,36.87568466083092,44515744323.0
2002-05-27,36.87569046020508,37.08897768958437,36.66240091155358,37.08897768958437,19161398245.0
2002-05-28,36.66239929199219,37.30185739851911,36.236230724694686,37.088976051178946,49149752981.0
2002-05-29,36.44951629638672,36.44951629638672,35.8100605380484,36.23622908607434,45141530520.0
2002-05-30,36.87569046020508,36.87569046020508,35.8100637393066,35.8100637393066,74988001460.0
2002-05-31,36.44951629638672,36.66239763410028,35.8100605380484,36.44951629638672,65398588791.0
2002-06-03,36.23623275756836,36.23623275756836,35.17060602396166,35.81006416636256,42716879074.0
2002-06-04,34.74402618408203,35.1706052774175,34.531144829317796,34.74402618408203,90498292782.0
2002-06-05,34.95731735229492,35.1706069088564,34.744027795733444,34.744027795733444,64899535890.0
2002-06-06,34.31785583496094,34.744024395178116,34.10456629927507,34.744024395178116,85301430088.0
2002-06-07,31.973310470581055,32.61276851615567,31.973310470581055,31.973310470581055,220255362174.0
2002-06-10,31.973310470581055,32.39947899725672,31.546731432783155,31.973310470581055,96887346002.0
2002-06-11,31.546737670898438,32.39948540399605,31.33385630175426,32.39948540399605,69473808544.0
2002-06-12,30.694398880004883,31.54673605833034,30.481109329832304,31.33385470006797,69348253720.0
2002-06-13,32.186187744140625,32.39947725154737,31.333848417442134,31.760019240427255,106950879163.0
2002-06-14,32.186187744140625,32.186187744140625,31.760019240427255,31.973308747833997,34995182956.0
2002-06-17,31.546737670898438,32.39948540399605,31.54673767089844,32.186195842920796,101340164674.0
2002-06-18,32.186187744140625,32.39947725154737,31.973308747833997,32.39947725154737,91342244994.0
2002-06-19,32.122406005859375,33.06042852434876,32.122406005859375,32.59119113610434,88099701354.0
2002-06-20,32.122406005859375,32.122406005859375,30.949765952883688,31.419003341128104,58709305089.0
2002-06-21,32.35702896118164,33.06043406302753,31.419008604815684,31.65317623980489,76163646854.0
2002-06-24,32.122406005859375,32.357023540345686,31.653170936886752,32.122406005859375,50425943958.0
2002-06-25,32.59119415283203,33.294599201944145,32.122408979195065,32.59119415283203,77223383791.0
2002-06-26,31.184385299682617,32.35702301432315,31.184385299682617,32.12240548365097,66817691886.0
2002-06-27,31.184385299682617,31.887787952978798,30.94976544973869,31.419002830354792,52370730270.0
2002-06-28,31.887784957885742,32.12240246652122,31.41899987929286,31.653167449250258,53725561220.0
2002-07-01,31.419008255004883,31.88779345856701,30.94977079337256,31.88779345856701,31670484218.0
2002-07-02,30.949769973754883,31.184389857993875,30.01219959145954,30.01219959145954,34987654104.0
2002-07-03,29.777578353881836,30.01219588991223,28.839555829219076,30.01219588991223,103732963846.0
2002-07-04,30.246368408203125,30.480985982405077,29.777583198603047,30.012200772805,57177497811.0
2002-07-05,31.419008255004883,31.41900825500488,29.77758281506822,30.246368018630353,64912258296.0
2002-07-08,33.29460525512695,33.52922285398515,32.35703241812398,32.59120007813106,128201266856.0
2002-07-09,33.529212951660156,33.529212951660156,32.59119045283624,33.06042783124318,43663517110.0
2002-07-10,32.825809478759766,33.0604293382942,32.357024336973346,33.0604293382942,55840300646.0
2002-07-11,31.653173446655273,32.12240855283338,31.41900583232956,32.12240855283338,42029900287.0
2002-07-12,33.29460525512695,33.29460525512695,32.35703241812398,32.35703241812398,77343844351.0
2002-07-15,32.59119415283203,33.294599201944145,32.59119415283203,33.294599201944145,30993639582.0
2002-07-16,32.35702896118164,33.29460169801674,32.12241138738939,33.06043406302753,40165515704.0
2002-07-17,31.419008255004883,32.12241102974709,31.184390683824798,31.88779345856701,56765584704.0
2002-07-18,30.246368408203125,31.18439108547929,30.012200772805,31.18439108547929,127583656914.0
2002-07-19,28.839555740356445,29.074173275663917,28.60538814377821,29.074173275663917,161639111963.0
2002-07-22,28.370771408081055,28.370771408081055,27.667368663560744,27.901986224660416,79529952182.0
2002-07-23,29.074182510375977,29.074182510375977,27.90199201970728,27.90199201970728,97899616728.0
2002-07-24,27.432750701904297,28.136153436153936,27.432750701904297,27.901985817252143,99113193428.0
2002-07-25,27.198585510253906,28.60539342357131,27.198585510253906,28.370773525687458,106641634836.0
2002-07-26,25.32253646850586,25.322536468505863,25.322536468505863,25.322536468505863,52826795476.0
2002-07-29,23.681564331054688,24.150349544788607,23.681564331054684,23.681564331054684,268685257937.0
2002-07-30,24.384967803955078,24.619135425704098,23.915730363629784,24.384967803955078,179507412116.0
2002-07-31,23.681564331054688,24.150349544788607,23.446946754783827,24.150349544788607,72425544064.0
2002-08-01,23.44694709777832,23.915732318369884,23.44694709777832,23.44694709777832,63482390422.0
2002-08-02,23.40019989013672,23.40019989013672,22.743539831491937,22.978157365124684,96478698311.0
2002-08-05,21.80551528930664,22.368237830586324,21.80551528930664,22.04013280112861,104370150049.0
2002-08-06,21.61809539794922,22.180818071529796,20.49265005078807,20.49265005078807,111234870709.0
2002-08-07,23.11884307861328,23.118843078613278,22.696800450551446,23.071650524836862,98428338108.0
2002-08-08,23.0248966217041,23.212321585838904,22.69679160943877,23.212321585838904,77595895479.0
2002-08-09,23.91573715209961,23.91573715209961,23.446951836759492,23.446951836759492,64740914607.0
2002-08-12,23.681564331054688,23.915731968517747,23.446946754783827,23.915731968517747,52770712571.0
2002-08-13,23.44694709777832,23.68156467748129,23.35300961427981,23.44694709777832,25020477487.0
2002-08-14,23.91573715209961,23.91573715209961,23.446951836759492,23.446951836759492,51260440263.0
2002-08-15,24.853750228881836,25.322537678420858,24.619132694384383,24.619132694384383,105961573482.0
2002-08-16,25.088369369506836,25.32253929953968,24.853751819989444,25.32253929953968,53287622182.0
2002-08-19,25.088369369506836,25.557156849057073,24.853751819989444,25.088369369506836,46580983350.0
2002-08-20,25.557157516479492,26.02594268900006,25.322539960835087,25.322539960835087,85566285325.0
2002-08-21,24.853750228881836,25.088367763379292,24.619132694384383,25.088367763379292,54778096387.0
2002-08-22,24.853750228881836,25.322537678420858,24.85375022888184,25.088367763379292,76792100033.0
2002-08-23,24.853750228881836,24.85375022888184,24.85375022888184,24.85375022888184,0.0
2002-08-26,24.6191349029541,24.853752458498974,24.384967286177275,24.853752458498974,49183911880.0
2002-08-27,23.91573715209961,24.853760040957862,23.91573715209961,24.619142413835146,46771935765.0
2002-08-28,23.44694709777832,23.68156467748129,23.44694709777832,23.44694709777832,66760743254.0
2002-08-29,23.44694709777832,23.915732318369884,23.165586905369402,23.21232951807535,46533076159.0
2002-08-30,23.40019989013672,23.68156002729689,23.30626242508406,23.68156002729689,44359594421.0
2002-09-02,22.83747100830078,23.35300097004442,22.83747100830078,23.35300097004442,32902936481.0
2002-09-03,22.83747100830078,23.07164088178241,22.74353587884509,22.83747100830078,31752749966.0
2002-09-04,22.462175369262695,22.8374729379627,22.274750394619826,22.508920287887737,57145958279.0
2002-09-05,22.274747848510742,22.743535200876224,22.274747848510742,22.743535200876224,31957792095.0
2002-09-06,22.274747848510742,22.274747848510742,22.274747848510742,22.274747848510742,0.0
2002-09-09,22.743541717529297,22.837476871099867,22.32149915751884,22.415434311089406,48750177031.0
2002-09-10,23.681564331054688,23.681564331054684,22.649606482654708,22.74354396477905,49558517546.0
2002-09-11,23.681564331054688,23.915731968517747,23.446946754783827,23.915731968517747,40989717968.0
2002-09-12,23.40019989013672,23.68156002729689,23.212324960031403,23.68156002729689,32294468079.0
2002-09-13,22.556116104125977,22.930963788618723,22.50892355922792,22.790283712155123,38608734895.0
2002-09-16,22.134071350097656,22.415431474991063,21.94619642818332,22.32149633330558,49178944769.0
2002-09-17,22.978160858154297,22.978160858154297,21.993395589850852,21.993395589850852,61144158051.0
2002-09-18,21.38347625732422,21.99339375425381,21.38347625732422,21.805518811268925,112968608908.0
2002-09-19,21.38347625732422,21.618093807040914,21.10211610087571,21.5713512003091,73465780491.0
2002-09-20,20.398710250854492,20.91469025554095,20.16454264931197,20.867945331417094,126676288003.0
2002-09-23,19.742504119873047,20.4926518783746,19.69530924743032,20.164546742515334,75797395458.0
2002-09-24,19.83599090576172,20.117351097198995,19.461140850690924,19.461140850690924,105920386500.0
2002-09-25,19.6953067779541,20.070606739199484,19.22652159974967,19.929926655715192,78987027462.0
2002-09-26,19.976669311523438,20.49264935747557,19.976669311523438,20.44590442961327,82077349709.0
2002-09-27,19.6953067779541,20.117349347679006,19.6953067779541,19.976669264194715,61569057069.0
2002-09-30,19.273263931274414,19.273263931274414,18.75773386374502,19.273263931274414,69557291722.0
2002-10-01,18.804479598999023,19.413946001179998,18.757734672715763,18.945159678064456,77405814202.0
2002-10-02,18.75773048400879,19.461134201169873,18.75773048400879,19.27326045865086,86896919194.0
2002-10-03,17.679035186767578,18.42918291329672,17.679035186767578,18.42918291329672,98992186377.0
2002-10-04,17.81970977783203,18.101072200453093,17.256987251861414,17.256987251861414,89524174664.0
2002-10-07,16.88169288635254,17.585096804935397,16.88169288635254,17.585096804935397,78537828557.0
2002-10-08,16.694265365600586,16.788202829489716,16.366161469341062,16.41290407228952,143018927543.0
2002-10-09,16.88169288635254,17.632290513317677,16.55358778125225,16.69426786918719,176815140516.0
2002-10-10,16.88169288635254,16.88169288635254,16.88169288635254,16.88169288635254,0.0
2002-10-11,16.741012573242188,17.444416482363895,16.647525035310935,17.350928944432642,142303923266.0
2002-10-14,17.81970977783203,17.81970977783203,17.163049798097077,17.303731009407606,143797064993.0
2002-10-15,19.03909683227539,19.03909683227539,18.38243673565001,18.523116812366897,107764602339.0
2002-10-16,20.351961135864258,20.351961135864258,19.883176090572434,20.351961135864258,202784225298.0
2002-10-17,20.398710250854492,20.586585186283784,19.97666771388268,20.117347786449333,114359757123.0
2002-10-18,21.80551528930664,21.80551528930664,20.91468771856924,21.28998528589324,193637858376.0
2002-10-21,21.336734771728516,21.664839871421023,21.10211720968387,21.664839871421023,94279112187.0
2002-10-22,20.398710250854492,21.571350332794065,19.97666771388268,21.383475397364776,136840209293.0
2002-10-23,21.10211181640625,21.336729318487357,19.55462199304643,19.929921864060272,207266918600.0
2002-10-24,21.10211181640625,21.477409368148624,20.914686850232084,21.477409368148624,124002532148.0
2002-10-25,21.57135009765625,21.758775092303743,20.914690027561036,21.102115022208533,125819877973.0
2002-10-28,21.852710723876953,22.32149819024877,21.80551817975502,22.227560721476873,131088738347.0
2002-10-29,21.94619369506836,21.993388548658476,21.571346094606618,21.852706184460263,59101295644.0
2002-10-30,21.336734771728516,21.712032419389438,20.914692195607632,21.477414857344787,74077746973.0
2002-10-31,21.80551528930664,21.99339020194652,21.618090315350955,21.75877269012455,72249828452.0
2002-11-01,21.10211181640625,21.805514383984054,21.10211181640625,21.758771786742628,56491857925.0
2002-11-04,22.040136337280273,22.274753886744627,21.75877618113438,21.80551878781592,88400985319.0
2002-11-05,22.36823844909668,22.837473485715567,22.36823844909668,22.743538346069766,124262282839.0
2002-11-06,23.91573715209961,23.91573715209961,22.13408113504581,22.36824882326321,204144045002.0
2002-11-07,24.150348663330078,24.619136179226025,23.68156346670625,24.3849685503098,152395751105.0
2002-11-08,23.91573715209961,23.91573715209961,23.446951836759492,23.446951836759492,107783107263.0
2002-11-11,22.36823844909668,23.44694096230146,22.3214958486221,23.44694096230146,91990724072.0
2002-11-12,21.94619369506836,21.993388548658476,21.336728600421324,21.336728600421324,95338546119.0
2002-11-13,21.94619369506836,22.04013114432683,21.336728600421324,21.94619369506836,72543369566.0
2002-11-14,21.758771896362305,22.274749500365417,21.758771896362305,21.946194544209224,57321657659.0
2002-11-15,22.696792602539062,23.118835084668618,22.368237637237154,23.118835084668618,105183977112.0
2002-11-18,22.602853775024414,22.978153635594996,22.321493683531134,22.69679122483031,42476953811.0
2002-11-19,22.32149887084961,22.649603953803755,22.32149887084961,22.50892387536431,45870578249.0
2002-11-20,21.61809539794922,22.086882912396465,21.52415791954378,21.85271296493178,55682754488.0
2002-11-21,21.993396759033203,22.274756953921674,21.75877917726261,22.08688430454122,85523015187.0
2002-11-22,23.44694709777832,23.44694709777832,23.07164942187089,23.259522069595675,183661410360.0
2002-11-25,24.384967803955078,24.384967803955078,23.21232762082752,23.681562741880764,147887832670.0
2002-11-26,23.681564331054688,24.38496944033167,23.681564331054684,24.150349544788607,102202628304.0
2002-11-27,23.44694709777832,23.44694709777832,23.024904489892705,23.21232951807535,50155420371.0
2002-11-28,23.681564331054688,24.150349544788607,23.446946754783827,24.150349544788607,88820138071.0
2002-11-29,23.681564331054688,23.915731968517747,23.446946754783827,23.681564331054684,42270212692.0
2002-12-02,23.681564331054688,23.681564331054684,23.681564331054684,23.681564331054684,0.0
2002-12-03,25.088369369506836,25.32253929953968,24.150346790921816,24.384966659711147,126338005013.0
2002-12-04,24.384967803955078,24.85375298623072,24.384967803955078,24.619135425704098,73386864025.0
2002-12-05,24.6191349029541,24.6191349029541,23.915729855815528,24.1503474113604,48143978458.0
2002-12-06,24.150348663330078,24.619136179226025,24.150348663330078,24.150348663330078,51058844811.0
2002-12-09,24.384967803955078,24.85375298623072,24.150347924156407,24.619135425704098,50093028478.0
2002-12-10,23.44694709777832,23.68156467748129,23.35300961427981,23.68156467748129,93248680123.0
2002-12-11,23.44694709777832,23.68156467748129,23.35300961427981,23.44694709777832,86301396122.0
2002-12-12,22.978160858154297,23.681563627254416,22.743543288856117,23.446946057956236,63603402883.0
2002-12-13,22.83747100830078,23.165578330509486,22.602853515442703,22.83747100830078,61258493589.0
2002-12-16,22.462175369262695,22.64960034390556,22.180812937955466,22.41543045063765,60298937548.0
2002-12-17,22.41543197631836,22.97815687723404,22.41543197631836,22.743539348582882,43846304633.0
2002-12-18,22.50891876220703,22.649598808689397,22.321493800268044,22.415428931293793,44765306756.0
2002-12-19,21.524154663085938,22.040134648430584,21.102114461206394,21.19604960612798,109025956371.0
2002-12-20,21.57135009765625,21.946197767679415,20.86794510394672,21.52415523530806,93595912570.0
2002-12-23,20.867948532104492,21.571353641368443,20.586588343816675,21.571353641368443,57534935020.0
2002-12-24,21.008623123168945,21.196045759549204,20.680068187113992,20.77400331498858,34911984116.0
2002-12-25,20.96143341064453,21.055370880825098,20.633328332774386,20.96143341064453,15449960942.0
2002-12-26,21.57135009765625,21.57135009765625,20.820752560870353,21.102115022208533,23857678406.0
2002-12-27,21.336734771728516,21.61809494296106,21.14930975765228,21.61809494296106,27456574932.0
2002-12-30,20.258028030395508,21.10211301484357,20.211283111227857,21.10211301484357,47293731325.0
2002-12-31,19.976669311523438,20.258031798430654,19.929926702933173,19.929926702933173,28136119555.0
2003-01-01,19.976669311523438,19.976669311523438,19.976669311523438,19.976669311523438,0.0
2003-01-02,19.9299259185791,20.351966153422232,19.883180992556476,20.164543468390505,29925258898.0
2003-01-03,21.008623123168945,21.102110631674616,20.44589831757388,20.633323273225482,52579684405.0
2003-01-06,21.008623123168945,21.43066324845823,20.820748228877086,21.008623123168945,49129154621.0
2003-01-07,21.28998565673828,21.993390585044,21.28998565673828,21.430665714690782,61698515784.0
2003-01-08,21.80551528930664,22.227557775084296,21.28998528589324,21.336730204346896,67404817402.0
2003-01-09,21.57135009765625,21.758775092303743,21.33673255993239,21.57135009765625,48948028212.0
2003-01-10,22.134071350097656,22.180813951587194,21.99339128765095,22.134071350097653,57046935294.0
2003-01-13,23.681564331054688,23.681564331054684,22.508926388508193,22.508926388508193,137273311079.0
2003-01-14,23.681564331054688,23.915731968517747,23.446946754783827,23.915731968517747,96393056226.0
2003-01-15,23.681564331054688,23.915731968517747,23.259521729342936,23.681564331054684,86943424989.0
2003-01-16,22.790281295776367,23.681558843500618,22.790281295776367,23.681558843500618,59139106289.0
2003-01-17,22.884214401245117,23.071639347588242,22.27474703130214,22.50891688921218,78192755017.0
2003-01-20,22.462175369262695,22.508920287887737,22.04013288193764,22.321495313244867,63110711997.0
2003-01-21,22.32149887084961,22.743541425439883,22.27475394477435,22.46217894928905,55275862600.0
2003-01-22,22.41543197631836,22.508921819931725,21.9933917795392,22.321496832531988,39410885459.0
2003-01-23,23.681564331054688,23.915731968517747,22.884224058925565,22.884224058925565,99996484294.0
2003-01-24,23.165584564208984,24.150347457390318,23.02490216294993,23.91572990139827,76299782491.0
2003-01-27,22.930967330932617,22.930967330932617,22.556119588534404,22.837479784925367,51491860024.0
2003-01-28,22.36823844909668,22.696793426323556,21.57134831264419,21.664835832864984,74556364377.0
2003-01-29,22.36823844909668,22.36823844909668,22.36823844909668,22.36823844909668,0.0
2003-01-30,22.36823844909668,22.36823844909668,22.36823844909668,22.36823844909668,0.0
2003-01-31,22.36823844909668,22.36823844909668,22.36823844909668,22.36823844909668,0.0
2003-02-03,22.36823844909668,22.36823844909668,22.36823844909668,22.36823844909668,0.0
2003-02-04,22.36823844909668,22.36823844909668,22.36823844909668,22.36823844909668,0.0
2003-02-05,22.36823844909668,22.36823844909668,22.36823844909668,22.36823844909668,0.0
2003-02-06,20.820751190185547,21.102113633000897,20.820751190185547,20.867943730155105,78312317385.0
2003-02-07,19.6953067779541,20.02386413071996,19.36720284286998,19.36720284286998,156444098138.0
2003-02-10,19.08584213256836,19.367203468258428,18.991904654530245,19.367203468258428,86410429080.0
2003-02-11,19.46114158630371,19.69530923523495,19.320461485267497,19.36720525921501,58846760960.0
2003-02-12,18.945154190063477,19.32045287116855,18.804474151750004,19.179771673219435,72050164654.0
2003-02-13,18.851221084594727,19.273262430358795,18.851221084594727,18.945157385646315,58453282436.0
2003-02-14,19.226518630981445,19.367199852379155,19.039094808321742,19.273262391879275,71910988150.0
2003-02-17,20.539392471313477,20.539392471313477,20.070607280466774,20.539392471313477,77185984366.0
2003-02-18,20.117345809936523,20.539388305443005,20.070603209676936,20.539388305443005,42627000606.0
2003-02-19,20.16454315185547,20.586585699345488,20.16454315185547,20.586585699345488,69164819607.0
2003-02-20,20.680072784423828,20.72726532817245,20.070605248723147,20.164542716751964,71036376200.0
2003-02-21,21.055374145507812,21.524159372323755,20.96143666076203,21.102119078106664,93056499457.0
2003-02-24,21.2427921295166,21.336729583101437,20.867942192519457,21.196047212423984,48756659165.0
2003-02-25,20.16454315185547,21.10211577814128,20.16454315185547,21.10211577814128,63858229750.0
2003-02-26,20.07060432434082,20.492646843286334,20.023861721485282,20.25802931302603,48616795490.0
2003-02-27,19.6953067779541,20.070606739199484,19.461139158238733,19.742501644479347,45889288783.0
2003-02-28,19.6953067779541,19.6953067779541,19.6953067779541,19.6953067779541,0.0
2003-03-03,20.633323669433594,20.774003713898075,19.976663723354537,20.117343767819015,48204979777.0
2003-03-04,20.351961135864258,20.351961135864258,20.07060104866849,20.258026006764542,32170168559.0
2003-03-05,19.50788116455078,19.83598621013493,19.461136243799604,19.695303828446765,60949861764.0
2003-03-06,19.41394805908203,19.648565635071343,19.367204287479854,19.507885541093646,38581028912.0
2003-03-07,19.50788116455078,19.976666272551412,19.22651872044613,19.32045618138312,48518302763.0
2003-03-10,19.976669311523438,20.11734939534103,19.69530682461622,19.835989227705845,53968365297.0
2003-03-11,19.9299259185791,20.30522354667155,19.695306049495755,19.695306049495755,46218481635.0
2003-03-12,20.16454315185547,20.16454315185547,19.929925605727,19.976668211743934,32006602890.0
2003-03-13,20.680072784423828,20.820752857460988,20.070605248723147,20.164542716751964,68480959873.0
2003-03-14,21.336734771728516,21.946200042653572,21.24279729530014,21.946200042653572,150857310190.0
2003-03-17,20.633323669433594,21.196046166562905,20.633323669433594,21.102111036884544,60341060598.0
2003-03-18,22.040136337280273,22.040136337280273,21.571351177107953,21.75877618113438,141363072348.0
2003-03-19,22.462175369262695,22.60285542528052,22.04013288193764,22.22755785658051,125366615560.0
2003-03-20,22.790281295776367,23.306261260048203,22.508921172680857,22.978156216490177,143544153548.0
2003-03-21,22.743541717529297,22.884221797775457,22.462179237765,22.884221797775457,55634506417.0
2003-03-24,22.743541717529297,22.978159270618004,22.649604244686753,22.930964405179076,56761429212.0
2003-03-25,21.852710723876953,22.180815796826906,21.712030649726962,22.04013572267691,65069090229.0
2003-03-26,22.040136337280273,22.321498812698106,22.040136337280273,22.13407380867168,66753806613.0
2003-03-27,21.055374145507812,21.38347927425139,20.633331532018452,21.102119078106664,152417480863.0
2003-03-28,20.820751190185547,21.102113633000897,20.398708685598365,20.961431251957386,83406035690.0
2003-03-31,19.83599090576172,20.53939370362714,19.74250336140043,20.3987136079085,77543735402.0
2003-04-01,19.789241790771484,19.789241790771484,19.413944195492846,19.46113673687434,85137907165.0
2003-04-02,20.07060432434082,20.25802931302603,19.69530440825084,19.929924257782897,45530807291.0
2003-04-03,20.586584091186523,21.008626605707914,20.492646628468854,20.867944221352968,83089644783.0
2003-04-04,21.1960506439209,21.289988112713573,20.445903029083194,20.586585422536174,75165160133.0
2003-04-07,21.664840698242188,21.805520789227405,21.055373084785227,21.24279810601439,79856120398.0
2003-04-08,21.430665969848633,21.805515928752463,21.38347343059843,21.571348348747733,63372226608.0
2003-04-09,21.008623123168945,21.242790673437714,20.914685676023016,21.14930316493204,48875783259.0
2003-04-10,20.867948532104492,21.24279858297933,20.77401104998189,20.961436075419307,49287317610.0
2003-04-11,21.008623123168945,21.05536571778611,20.820748228877086,20.914685676023016,24538294367.0
2003-04-14,20.445903778076172,21.242796346766674,20.445903778076172,21.008628733958595,38926002352.0
2003-04-15,20.96143341064453,20.96143341064453,20.58658572669535,20.820753334384932,40375606106.0
2003-04-16,21.993396759033203,22.04013937215108,21.43067173071174,21.43067173071174,129519607395.0
2003-04-17,21.47740936279297,22.040131880569184,21.47740936279297,21.993389283339415,83916290022.0
2003-04-18,22.274747848510742,22.462172801730052,22.086875275928325,22.13406780857331,109353158050.0
2003-04-21,22.64960289001465,22.64960289001465,22.040135359534673,22.274752898590908,55647984710.0
2003-04-22,22.040136337280273,22.462178890771053,21.946198865888867,22.462178890771053,80199879114.0
2003-04-23,22.64960289001465,22.696795433359014,22.32149782247069,22.46217789430278,126460202439.0
2003-04-24,22.180818557739258,22.508925990801593,21.94620098561382,22.508925990801593,98290763199.0
2003-04-25,21.336734771728516,21.993394909894047,21.196052366840178,21.571352333773163,84724571018.0
2003-04-28,20.633323669433594,20.774003713898075,20.16453862125403,20.680068584219715,98643352334.0
2003-04-29,21.149307250976562,21.33673224283866,20.82075225144481,21.055369785681922,118886537594.0
2003-04-30,22.41543197631836,22.602856963718093,22.227559369473884,22.602856963718093,239182284642.0
2003-05-01,22.41543197631836,22.41543197631836,22.41543197631836,22.41543197631836,0.0
2003-05-02,22.64960289001465,22.696795433359014,22.368240427078632,22.368240427078632,83687050811.0
2003-05-05,22.743541717529297,22.978159270618004,22.649604244686753,22.743541717529297,91162699080.0
2003-05-06,22.41543197631836,22.930962016710883,22.321496832531988,22.743539348582882,70984042978.0
2003-05-07,22.36823844909668,22.55611336693154,22.180813469958455,22.508920827760324,61006929433.0
2003-05-08,21.899459838867188,22.274757527750204,21.899459838867188,22.274757527750204,42516871961.0
2003-05-09,22.274747848510742,22.41542788844817,21.946192916719582,21.946192916719582,47392932866.0
2003-05-12,22.64960289001465,22.79028296184674,22.50892281818256,22.602857966134867,77305595431.0
2003-05-13,23.07164192199707,23.353002022944562,22.978154407702824,23.07164192199707,78423898828.0
2003-05-14,23.07164192199707,23.07164192199707,22.88421695474046,22.978154407702824,61289822100.0
2003-05-15,23.212324142456055,23.212324142456055,22.884219094053062,23.071644078830946,49432034770.0
2003-05-16,22.884214401245117,23.446936859621175,22.884214401245117,23.35299941714066,67041985629.0
2003-05-19,22.930967330932617,23.02490481576061,22.602862201901893,22.88422471756513,49004700893.0
2003-05-20,22.50891876220703,22.649598808689397,22.321493800268044,22.415428931293793,45992883891.0
2003-05-21,22.50891876220703,22.55611129704758,22.321493800268044,22.50891876220703,72198636907.0
2003-05-22,22.50891876220703,22.69679134352995,22.227556349970875,22.36823639645324,69367556736.0
2003-05-23,23.0248966217041,23.118834073101816,22.602854158041055,22.69679160943877,77408027218.0
2003-05-26,23.35300636291504,23.40020122713681,23.21232628629702,23.21232628629702,52531668998.0
2003-05-27,23.11884307861328,23.400205603745285,23.118843078613278,23.353010730696518,46901118529.0
2003-05-28,23.681564331054688,24.150349544788607,23.681564331054684,23.681564331054684,111594385664.0
2003-05-29,24.384967803955078,24.384967803955078,23.915730363629784,23.915730363629784,140509421824.0
2003-05-30,25.088369369506836,25.791774398574464,24.384966659711147,24.384966659711147,150196284018.0
2003-06-02,26.49518585205078,26.729353540089402,25.55716528318138,25.791782910124972,142074007706.0
2003-06-03,26.26055908203125,26.495176627288615,26.025941536773885,26.26055908203125,77388158773.0
2003-06-04,26.26055908203125,26.26055908203125,26.26055908203125,26.26055908203125,0.0
2003-06-05,26.963966369628906,27.432751560883304,26.495178859102413,26.495178859102413,135359642257.0
2003-06-06,27.432750701904297,27.432750701904297,26.963965525328582,27.198583083002504,86426629004.0
2003-06-09,27.6673641204834,28.136149226927895,26.963961491464246,27.198579014038902,111310611036.0
2003-06-10,26.963966369628906,27.432751560883304,26.729346485336503,27.198583934649214,53176084025.0
2003-06-11,26.49518585205078,27.198591113249297,26.49518585205078,27.198591113249297,60828892589.0
2003-06-12,27.432750701904297,28.136153436153936,26.260560471806922,26.495178029480847,136477069104.0
2003-06-13,26.729341506958008,26.96396134755212,26.49517392433797,26.96396134755212,66954963790.0
2003-06-16,26.26055908203125,26.72934423379766,26.26055908203125,26.26055908203125,51793235972.0
2003-06-17,27.198585510253906,27.432753150053248,26.495180393959092,26.72934803375843,100960450135.0
2003-06-18,27.6673641204834,27.901981643058054,27.432746597908743,27.6673641204834,84217703845.0
2003-06-19,27.6673641204834,27.901981643058054,27.432746597908743,27.901981643058054,64311302785.0
2003-06-20,27.432750701904297,27.901985817252143,27.198583083002504,27.66736825957822,47996945477.0
2003-06-23,26.963966369628906,27.667369125903612,26.963966369628906,27.198583934649214,39969704393.0
2003-06-24,26.729341506958008,26.729341506958004,26.26055640301551,26.49517392433797,55692212560.0
2003-06-25,26.729341506958008,27.19857886887458,26.26055640301551,26.49517392433797,53202099134.0
2003-06-26,26.729341506958008,27.19857886887458,26.49517392433797,26.729341506958004,32158938451.0
2003-06-27,26.729341506958008,27.19857886887458,26.49517392433797,26.96396134755212,46451329847.0
2003-06-30,26.729341506958008,26.96396134755212,26.49517392433797,26.49517392433797,28406805466.0
2003-07-01,27.432750701904297,27.432750701904297,26.729345648382637,26.729345648382637,60523815656.0
2003-07-02,28.13616180419922,28.13616180419922,27.432758860748777,27.667376488200908,57313162709.0
2003-07-03,28.60538673400879,29.542956951573604,28.605386734008793,28.605386734008793,85603235654.0
2003-07-04,29.074182510375977,29.074182510375977,28.60539722959194,28.839564900547884,76343664050.0
2003-07-07,28.60508155822754,28.60508155822754,27.432801006377087,27.667258508310237,93530385024.0
2003-07-08,29.073999404907227,29.30893935708093,28.605086637057287,29.073999404907227,99411800454.0
2003-07-09,28.370630264282227,28.605085479080007,27.90171751541459,28.136172730212365,70019638063.0
2003-07-10,26.963897705078125,28.370633808127824,26.96389770507812,28.370633808127824,60270951107.0
2003-07-11,26.963897705078125,26.96389770507812,26.26052965355327,26.49498489763743,56009057175.0
2003-07-14,27.901718139648438,28.136173359691586,27.19835016024685,27.19835016024685,66079095337.0
2003-07-15,27.901718139648438,28.370630899006873,27.43280538029,28.136173359691586,43450568707.0
2003-07-16,27.901718139648438,28.136173359691586,27.43280538029,27.901718139648434,37579022970.0
2003-07-17,27.198345184326172,27.901713035047038,27.198345184326172,27.66725785789732,56681934796.0
2003-07-18,27.198345184326172,27.43280036147589,26.729432510755025,26.729432510755025,49861129963.0
2003-07-21,26.72943687438965,27.66726237463385,26.729436874389645,27.19834962451175,33956792885.0
2003-07-22,26.494977951049805,26.963890635548594,26.260522768436296,26.260522768436296,55617671227.0
2003-07-23,26.963897705078125,27.43280819324644,26.72944014172159,26.72944014172159,63373451654.0
2003-07-24,27.432804107666016,27.432804107666012,26.963893689332743,27.19834889849938,79735509542.0
2003-07-25,26.72943687438965,27.19834962451175,26.729436874389645,26.96389440908674,58440488710.0
2003-07-28,27.198345184326172,27.43280036147589,26.963890007176452,27.198345184326172,39421419179.0
2003-07-29,26.72943687438965,27.19834962451175,26.729436874389645,27.19834962451175,27504470801.0
2003-07-30,26.72943687438965,26.96389440908674,26.260526443539632,26.729436874389645,53640030158.0
2003-07-31,27.66726303100586,27.667263031005863,26.26052706653855,26.26052706653855,114120709746.0
2003-08-01,28.13616943359375,28.370626940193027,27.667259058938814,27.901714246266284,93000327378.0
2003-08-04,28.13616943359375,28.370626940193027,27.667259058938814,28.13616943359375,51672965192.0
2003-08-05,27.432804107666016,28.370629582876607,27.432804107666012,28.136172054437946,58083135669.0
2003-08-06,27.432804107666016,27.667261636104676,27.19834889849938,27.19834889849938,32957914783.0
2003-08-07,28.13616943359375,28.13616943359375,27.198346365012068,27.432801552339537,52379980930.0
2003-08-08,27.198345184326172,27.901713035047038,27.198345184326172,27.901713035047038,45816399346.0
2003-08-11,26.72943687438965,26.96389440908674,26.260526443539632,26.729436874389645,50757723974.0
2003-08-12,26.72943687438965,27.19834962451175,26.729436874389645,26.729436874389645,28211681929.0
2003-08-13,27.66726303100586,27.90171825199303,27.198350269759377,27.198350269759377,58787871858.0
2003-08-14,27.901718139648438,28.370630899006873,27.667262919605285,27.901718139648434,75356431788.0
2003-08-15,28.60508155822754,28.60508155822754,28.136168873633007,28.136168873633007,69231520500.0
2003-08-18,28.83953094482422,28.83953094482422,28.1361632189286,28.605075809282777,64299970375.0
2003-08-19,29.308937072753906,29.77784980405697,29.07399713889133,29.54339227876944,108214104053.0
2003-08-20,29.543380737304688,29.777838170998702,29.308925622881766,29.54338073730469,46342243584.0
2003-08-21,30.012304306030273,30.012304306030273,29.308936385211595,29.54339158572717,59475468849.0
2003-08-22,30.012304306030273,30.24675950654585,29.777849105514694,30.012304306030273,48475414989.0
2003-08-25,30.246755599975586,30.246755599975586,29.777845259507327,30.012300429741458,55161731471.0
2003-08-26,29.543380737304688,30.012293285421624,29.308925622881766,30.012293285421624,46839490762.0
2003-08-27,30.012304306030273,30.481217026333372,29.54339158572717,29.54339158572717,69312341766.0
2003-08-28,30.715667724609375,31.18458037618022,30.246755073038532,30.481212558459752,110860504524.0
2003-08-29,31.41902732849121,31.653482433347516,30.481204589795,30.715659694651304,80557554802.0
2003-09-01,31.653501510620117,31.887959076052823,31.18459101829949,31.653501510620117,42394075642.0
2003-09-02,31.41902732849121,31.653482433347516,30.95011479950761,31.419027328491214,37245231943.0
2003-09-03,31.184581756591797,31.65349210964775,31.184581756591797,31.65349210964775,33790180436.0
2003-09-04,30.95012664794922,31.419039356443715,30.95012664794922,31.184584161832408,35047594406.0
2003-09-05,31.887958526611328,32.35686901085245,31.653500965218413,31.653500965218413,47028517936.0
2003-09-08,33.29468536376953,33.29468536376953,31.887949663497395,32.122404840452184,73586720610.0
2003-09-09,33.06023406982422,33.998059592127994,33.06023406982422,33.998059592127994,75344037056.0
2003-09-10,32.59131622314453,33.06022655848709,32.35685873620164,32.82577139081581,60459657641.0
2003-09-11,32.59131622314453,32.59131622314453,32.59131622314453,32.59131622314453,0.0
2003-09-12,31.887958526611328,32.35686901085245,31.887958526611328,32.12241376873189,52673822244.0
2003-09-15,31.41902732849121,31.887939857474816,31.18457222363491,31.887939857474816,44112319124.0
2003-09-16,32.122406005859375,32.122406005859375,30.95012544001146,30.95012544001146,62011519134.0
2003-09-17,33.529136657714844,33.76359180751738,32.591313739233264,32.591313739233264,106909841604.0
2003-09-18,33.06023406982422,33.5291468309761,32.82577884888435,33.29469161003623,50232185345.0
2003-09-19,32.356868743896484,33.29469434318603,32.356868743896484,33.06023678372748,40103307278.0
2003-09-22,31.653501510620117,32.12241432221313,31.653501510620117,32.12241432221313,44099438423.0
2003-09-23,31.887958526611328,31.887958526611328,31.18459048097729,31.419045723097852,40647723574.0
2003-09-24,31.887958526611328,31.887958526611328,31.419045723097852,31.887958526611328,39425352026.0
2003-09-25,31.184581756591797,31.419036933119774,30.950124260792116,31.184581756591797,45384682924.0
2003-09-26,30.95012664794922,31.419039356443715,30.71567145333791,31.184584161832408,49326898990.0
2003-09-29,31.184581756591797,31.65349210964775,30.715669084264142,30.950124260792116,44230610155.0
2003-09-30,31.184581756591797,31.65349210964775,31.184581756591797,31.184581756591797,25407273678.0
2003-10-01,31.184581756591797,31.419036933119774,30.950124260792116,31.184581756591797,24671014590.0
2003-10-02,32.122406005859375,32.122406005859375,31.419038130204985,31.653493315665852,39922120749.0
2003-10-03,32.825767517089844,32.825767517089844,31.887944637804374,32.35685491781144,52698696877.0
2003-10-06,33.29468536376953,33.52914054072432,32.82577269058825,33.52914054072432,63513105311.0
2003-10-07,32.825767517089844,33.29468011636825,32.35685491781144,33.29468011636825,56382722765.0
2003-10-08,32.59131622314453,33.06022655848709,32.35685873620164,32.82577139081581,42244647482.0
2003-10-09,32.356868743896484,32.59132630335504,31.887958263524045,32.12241350371026,46467769050.0
2003-10-10,32.356868743896484,32.356868743896484,32.356868743896484,32.356868743896484,0.0
2003-10-13,32.825767517089844,33.06022265709338,32.59131237708631,32.59131237708631,56550702943.0
2003-10-14,32.122406005859375,33.294686571707295,32.122406005859375,33.060229066974635,57016066502.0
2003-10-15,31.887958526611328,32.591326572245364,31.887958526611328,32.12241376873189,53098224070.0
2003-10-16,32.59131622314453,32.59131622314453,31.65349091391619,31.887948400859084,43381505903.0
2003-10-17,31.887958526611328,32.825781814365925,31.887958526611328,32.825781814365925,28499052832.0
2003-10-20,31.887958526611328,32.12241376873189,31.419045723097852,31.653500965218413,53462906736.0
2003-10-21,31.41902732849121,32.12239496233112,30.95011479950761,32.12239496233112,124954937727.0
2003-10-22,30.95012664794922,31.184584161832408,30.71567145333791,30.71567145333791,47089780175.0
2003-10-23,30.246755599975586,30.71566825971549,30.246755599975586,30.71566825971549,59432923957.0
2003-10-24,30.246755599975586,30.481213089481358,30.246755599975586,30.246755599975586,50638370824.0
2003-10-27,30.715667724609375,30.950122890758998,30.481212558459752,30.481212558459752,27947760315.0
2003-10-28,31.887958526611328,31.887958526611328,30.715677677463813,30.950132919584377,68341319245.0
2003-10-29,32.59131622314453,33.29468404542998,32.35685873620164,33.29468404542998,86353845379.0
2003-10-30,32.59131622314453,32.59131622314453,32.12240356853036,32.59131622314453,46748108423.0
2003-10-31,31.41902732849121,32.59130749131473,31.419027328491214,32.59130749131473,35997276847.0
2003-11-03,31.41902732849121,31.887939857474816,31.419027328491214,31.419027328491214,32278812241.0
2003-11-04,32.122406005859375,32.35686119132024,31.887950820398512,31.887950820398512,39473986569.0
2003-11-05,32.59131622314453,32.59131622314453,32.12240356853036,32.12240356853036,49296353040.0
2003-11-06,32.356868743896484,32.82578154354126,31.65350070406549,32.82578154354126,62787532546.0
2003-11-07,32.356868743896484,32.59132630335504,31.887958263524045,32.59132630335504,37384807945.0
2003-11-10,31.887958526611328,32.35686901085245,31.653500965218413,32.35686901085245,36922991463.0
2003-11-11,30.95012664794922,31.184584161832408,30.481216258726604,30.95012664794922,105287284048.0
2003-11-12,31.184581756591797,31.419036933119774,30.715669084264142,30.950124260792116,74206026336.0
2003-11-13,31.653501510620117,31.887959076052823,31.4190462644598,31.653501510620117,34684860629.0
2003-11-14,31.653501510620117,31.887959076052823,31.4190462644598,31.653501510620117,30487816093.0
2003-11-17,31.184581756591797,31.419036933119774,30.715669084264142,31.419036933119774,33994685995.0
2003-11-18,31.41902732849121,31.419027328491214,30.715659694651304,30.715659694651304,44979795035.0
2003-11-19,30.95012664794922,31.184584161832408,30.71567145333791,30.95012664794922,34973078221.0
2003-11-20,30.715667724609375,30.950122890758998,30.246755073038532,30.715667724609375,56741012676.0
2003-11-21,30.481220245361328,30.48122024536133,30.012307475537796,30.48122024536133,65098363442.0
2003-11-24,30.012304306030273,30.71567222684895,30.012304306030273,30.481217026333372,33096361030.0
2003-11-25,30.715667724609375,30.950122890758998,30.481212558459752,30.715667724609375,31656347712.0
2003-11-26,30.481220245361328,30.95013069591268,30.24676270081347,30.715675470637006,30805913305.0
2003-11-27,29.543380737304688,30.48120583353856,29.54338073730469,30.246748399844545,53578953289.0
2003-11-28,29.777849197387695,30.246759599865577,29.777849197387695,29.777849197387695,33359333249.0
2003-12-01,30.012304306030273,30.24675950654585,29.308936385211595,29.54339158572717,27982847827.0
2003-12-02,30.95012664794922,30.95012664794922,30.246758744843415,30.481216258726604,45087494933.0
2003-12-03,31.184581756591797,31.184581756591797,30.950124260792116,31.184581756591797,38394367360.0
2003-12-04,31.41902732849121,31.419027328491214,30.95011479950761,30.95011479950761,38222902730.0
2003-12-05,30.481220245361328,31.18458824046054,30.48122024536133,31.18458824046054,38966839637.0
2003-12-08,29.777849197387695,30.246759599865577,29.777849197387695,30.246759599865577,37655906378.0
2003-12-09,30.246755599975586,30.246755599975586,29.777845259507327,30.012300429741458,38300392348.0
2003-12-10,29.073999404907227,29.30893935708093,28.605086637057287,29.30893935708093,137454348315.0
2003-12-11,29.308937072753906,29.308937072753906,28.839539613603797,28.839539613603797,84341179424.0
2003-12-12,29.073999404907227,29.77785212493087,28.83954186134617,29.77785212493087,58444822358.0
2003-12-15,29.543380737304688,29.54338073730469,29.07398578080117,29.308925622881766,44587677627.0
2003-12-16,28.60508155822754,29.073994242822074,28.60508155822754,29.073994242822074,62468891749.0
2003-12-17,27.901718139648438,28.60508611905002,27.667262919605285,28.60508611905002,105078026508.0
2003-12-18,28.13616943359375,28.370626940193027,27.432801552339537,27.667259058938814,53048845543.0
2003-12-19,28.13616943359375,28.839537314847963,28.13616943359375,28.839537314847963,38567770859.0
2003-12-22,28.83953094482422,29.073988399636953,28.1361632189286,28.37062067374134,48458250740.0
2003-12-23,29.073999404907227,29.30893935708093,28.83954186134617,28.83954186134617,35672806918.0
2003-12-24,28.83953094482422,29.073988399636953,28.605075809282777,29.073988399636953,25285535769.0
2003-12-25,29.073999404907227,29.073999404907227,28.605086637057287,28.83954186134617,7210784224.0
2003-12-26,29.073999404907227,29.30893935708093,28.83954186134617,29.073999404907227,14701175109.0
2003-12-29,29.073999404907227,29.30893935708093,28.83954186134617,29.073999404907227,21356611224.0
2003-12-30,29.543380737304688,29.777838170998702,29.07398578080117,29.308925622881766,92688485147.0
2003-12-31,29.777849197387695,29.777849197387695,29.30893647563787,29.54339167687681,19860295564.0
2004-01-01,29.777849197387695,29.777849197387695,29.777849197387695,29.777849197387695,0.0
2004-01-02,30.715667724609375,30.715667724609375,29.777844740739287,29.777844740739287,75096573281.0
2004-01-05,30.95012664794922,30.95012664794922,30.481216258726604,30.71567145333791,40274020409.0
2004-01-06,30.95012664794922,31.184584161832408,30.481216258726604,30.95012664794922,42246846871.0
2004-01-07,30.715667724609375,31.18458037618022,30.481212558459752,30.950122890758998,57748718393.0
2004-01-08,30.715667724609375,31.18458037618022,30.715667724609375,30.950122890758998,35635863203.0
2004-01-09,31.653501510620117,31.653501510620117,31.18459101829949,31.4190462644598,72428198964.0
2004-01-12,31.653501510620117,31.887959076052823,31.18459101829949,31.653501510620117,32366304318.0
2004-01-13,31.653501510620117,31.887959076052823,31.4190462644598,31.887959076052823,31056560933.0
2004-01-14,31.41902732849121,31.887939857474816,31.18457222363491,31.419027328491214,39630308484.0
2004-01-15,31.41902732849121,31.653482433347516,30.95011479950761,31.653482433347516,43363600175.0
2004-01-16,31.184581756591797,31.65349210964775,31.184581756591797,31.419036933119774,32418385738.0
2004-01-19,31.184581756591797,31.184581756591797,31.184581756591797,31.184581756591797,0.0
2004-01-20,31.184581756591797,31.184581756591797,31.184581756591797,31.184581756591797,0.0
2004-01-21,31.184581756591797,31.184581756591797,31.184581756591797,31.184581756591797,0.0
2004-01-22,31.184581756591797,31.184581756591797,31.184581756591797,31.184581756591797,0.0
2004-01-23,31.184581756591797,31.184581756591797,31.184581756591797,31.184581756591797,0.0
2004-01-26,31.184581756591797,31.184581756591797,31.184581756591797,31.184581756591797,0.0
2004-01-27,32.122406005859375,32.122406005859375,31.653493315665852,31.887950820398512,81458086671.0
2004-01-28,31.653501510620117,31.887959076052823,31.4190462644598,31.653501510620117,41273422056.0
2004-01-29,31.184581756591797,31.887949605447428,31.184581756591797,31.184581756591797,86873011292.0
2004-01-30,30.95012664794922,31.419039356443715,30.71567145333791,31.184584161832408,52905669859.0
2004-02-02,30.481220245361328,31.18458824046054,30.48122024536133,30.95013069591268,31620533751.0
2004-02-03,29.777849197387695,30.246759599865577,29.54339167687681,30.012304398626636,78128703415.0
2004-02-04,29.308937072753906,29.77784980405697,29.308937072753906,29.77784980405697,44442032014.0
2004-02-05,29.308937072753906,29.77784980405697,29.07399713889133,29.308937072753906,48073147328.0
2004-02-06,29.543380737304688,30.012293285421624,29.54338073730469,29.54338073730469,34788161750.0
2004-02-09,30.481220245361328,30.715675470637006,30.012307475537796,30.012307475537796,46450068732.0
2004-02-10,30.012304306030273,30.71567222684895,30.012304306030273,30.481217026333372,36529491296.0
2004-02-11,30.012304306030273,30.24675950654585,29.777849105514694,30.24675950654585,25306778155.0
2004-02-12,30.246755599975586,30.481213089481358,30.012300429741458,30.012300429741458,66227356167.0
2004-02-13,30.012304306030273,30.24675950654585,29.777849105514694,30.24675950654585,38525854722.0
2004-02-16,29.308937072753906,30.012305010072506,29.308937072753906,30.012305010072506,59737436564.0
2004-02-17,29.308937072753906,29.77784980405697,29.308937072753906,29.308937072753906,42890781741.0
2004-02-18,29.543380737304688,30.012293285421624,29.54338073730469,29.777838170998702,67158874865.0
2004-02-19,29.777849197387695,30.012304398626636,29.54339167687681,29.777849197387695,59513264264.0
2004-02-20,29.777849197387695,30.012304398626636,29.54339167687681,29.777849197387695,71642481189.0
2004-02-23,29.308937072753906,29.77784980405697,29.07399713889133,29.54339227876944,65118193009.0
2004-02-24,28.83953094482422,29.30892826287973,28.83953094482422,29.073988399636953,57056792765.0
2004-02-25,28.83953094482422,29.30892826287973,28.83953094482422,29.073988399636953,55758417063.0
2004-02-26,29.777849197387695,29.777849197387695,29.073996546561766,29.30893647563787,59569366206.0
2004-02-27,29.777849197387695,29.777849197387695,29.30893647563787,29.777849197387695,50344409270.0
2004-03-01,30.246755599975586,30.246755599975586,29.543387770001555,29.777845259507327,70684384459.0
2004-03-02,31.41902732849121,31.419027328491214,30.481204589795,30.715659694651304,135451351653.0
2004-03-03,30.95012664794922,31.653494551055022,30.71567145333791,31.419039356443715,78815548906.0
2004-03-04,31.41902732849121,31.653482433347516,30.715659694651304,30.95011479950761,102016096914.0
2004-03-05,31.41902732849121,32.12239496233112,31.419027328491214,31.887939857474816,116491650582.0
2004-03-08,30.95012664794922,31.653494551055022,30.95012664794922,30.95012664794922,55670361361.0
2004-03-09,30.715667724609375,30.950122890758998,30.246755073038532,30.481212558459752,49940613560.0
2004-03-10,29.543380737304688,30.48120583353856,29.54338073730469,30.48120583353856,119262980330.0
2004-03-11,29.777849197387695,30.012304398626636,29.073996546561766,29.073996546561766,67802288695.0
2004-03-12,29.073999404907227,29.54339458136981,29.073999404907227,29.30893935708093,113946512162.0
2004-03-15,28.60508155822754,29.777846837876748,28.60508155822754,29.543389335943598,60407658886.0
2004-03-16,28.370630264282227,28.839540693877787,28.136172730212365,28.839540693877787,84634725148.0
2004-03-17,28.370630264282227,28.839540693877787,28.136172730212365,28.605085479080007,89454311868.0
2004-03-18,29.073999404907227,29.30893935708093,28.136173869207347,28.136173869207347,152536452257.0
2004-03-19,29.543380737304688,29.54338073730469,28.83952834710716,29.07398578080117,50284855440.0
2004-03-22,27.66726303100586,27.667263031005863,27.667263031005863,27.667263031005863,14709469158.0
2004-03-23,25.791610717773438,26.72943379054651,25.791610717773438,25.791610717773438,338383911337.0
2004-03-24,27.198345184326172,27.43280036147589,26.729432510755025,27.43280036147589,191804415239.0
2004-03-25,27.198345184326172,27.66725785789732,26.963890007176452,27.66725785789732,99468714016.0
2004-03-26,27.432804107666016,27.90171684527131,27.19834889849938,27.667261636104676,64095071532.0
2004-03-29,28.83953094482422,28.83953094482422,27.901708083387163,28.1361632189286,63163056845.0
2004-03-30,28.13616943359375,28.839537314847963,28.13616943359375,28.605082127520497,58881388456.0
2004-03-31,28.13616943359375,28.605082127520497,27.901714246266284,28.370626940193027,45705002070.0
2004-04-01,27.901718139648438,28.136173359691586,27.667262919605285,27.901718139648434,51577118946.0
2004-04-02,27.901718139648438,28.136173359691586,27.43280538029,27.901718139648434,46253291094.0
2004-04-05,29.073999404907227,29.073999404907227,28.136173869207347,28.605086637057287,81636893451.0
2004-04-06,29.073999404907227,29.30893935708093,28.605086637057287,29.30893935708093,64074695876.0
2004-04-07,28.83953094482422,29.073988399636953,28.605075809282777,28.83953094482422,21580094650.0
2004-04-08,28.60508155822754,28.839536740888924,28.370626375566154,28.60508155822754,38234543457.0
2004-04-09,28.13616943359375,28.605082127520497,28.13616943359375,28.370626940193027,25151074974.0
2004-04-12,28.60508155822754,29.073994242822074,28.370626375566154,28.370626375566154,41585915587.0
2004-04-13,28.370630264282227,29.073998227947648,28.136172730212365,28.839540693877787,40807655192.0
2004-04-14,29.543380737304688,29.777838170998702,28.1361606845673,28.370618118261312,86126732211.0
2004-04-15,28.60508155822754,29.543389335943598,28.60508155822754,29.543389335943598,57452402141.0
2004-04-16,28.60508155822754,28.839536740888924,28.136168873633007,28.370626375566154,82229731365.0
2004-04-19,27.901718139648438,28.60508611905002,27.901718139648434,28.370630899006873,68277567038.0
2004-04-20,28.60508155822754,28.839536740888924,28.136168873633007,28.136168873633007,51785354447.0
2004-04-21,28.83953094482422,28.83953094482422,28.605075809282777,28.605075809282777,57984263385.0
2004-04-22,29.073999404907227,30.01230734921975,28.605086637057287,29.30893935708093,168975343453.0
2004-04-23,30.012304306030273,30.012304306030273,29.308936385211595,29.54339158572717,123657919733.0
2004-04-26,29.777849197387695,30.246759599865577,29.777849197387695,30.012304398626636,75043367117.0
2004-04-27,29.777849197387695,29.777849197387695,29.073996546561766,29.777849197387695,61855492809.0
2004-04-28,29.073999404907227,29.77785212493087,29.073999404907227,29.54339458136981,42400077618.0
2004-04-29,28.370630264282227,28.605085479080007,27.90171751541459,28.136172730212365,116496329919.0
2004-04-30,26.963897705078125,28.136176244771296,26.49498489763743,28.136176244771296,117918718068.0
2004-05-03,27.198345184326172,27.43280036147589,26.729432510755025,26.963890007176452,45051533177.0
2004-05-04,27.66726303100586,27.90171825199303,27.432805490746546,27.667263031005863,40181643586.0
2004-05-05,25.791610717773438,27.6672591825914,25.791610717773438,27.6672591825914,100411635466.0
2004-05-06,26.026071548461914,26.729439585346103,26.026071548461918,26.260529106938193,107086995086.0
2004-05-07,26.72943687438965,26.729436874389645,25.79161369341753,25.79161369341753,79685895545.0
2004-05-10,25.791610717773438,26.260523413795884,25.322698021750995,26.260523413795884,73920681977.0
2004-05-11,26.963897705078125,26.96389770507812,25.088248794587727,26.026072090196738,67254610891.0
2004-05-12,26.963897705078125,27.43280819324644,26.72944014172159,27.19835294916228,66123068077.0
2004-05-13,26.72943687438965,26.729436874389645,25.79161369341753,26.729436874389645,66581452711.0
2004-05-14,25.791610717773438,26.72943379054651,25.557155529398127,26.494978602171198,78750063240.0
2004-05-17,24.150423049926758,25.088246250432764,24.150423049926754,25.088246250432764,86322031900.0
2004-05-18,24.38488006591797,24.8537928603374,24.15042482834441,24.384880065917972,57083896847.0
2004-05-19,26.026071548461914,26.026071548461918,25.088248272373775,25.32270351157773,81206930528.0
2004-05-20,25.791610717773438,25.791610717773438,24.853787645000367,25.322698021750995,90653143947.0
2004-05-21,25.791610717773438,26.260523413795884,25.322698021750995,25.557155529398127,73720612771.0
2004-05-24,25.322696685791016,25.79160935707484,25.08824150978495,25.79160935707484,38600894452.0
2004-05-25,25.557157516479492,26.02606792968813,25.088244783998856,25.322699990603173,39175308103.0
2004-05-26,26.260530471801758,26.7294409745808,26.260530471801758,26.49498572319128,61119564380.0
2004-05-27,26.72943687438965,26.729436874389645,26.260526443539632,26.729436874389645,48113713271.0
2004-05-28,27.198345184326172,27.198345184326172,26.729432510755025,26.963890007176452,69947358842.0
2004-05-31,26.260530471801758,26.963898545242767,26.260530471801758,26.963898545242767,33106919598.0
2004-06-01,26.494977951049805,26.729433133663317,26.02606526655102,26.260522768436296,30231917989.0
2004-06-02,26.026071548461914,26.49498434614215,25.557161070054008,26.260529106938193,50458326574.0
2004-06-03,24.85378646850586,26.260522170711248,24.85378646850586,26.026064674162544,70389020107.0
2004-06-04,24.85378646850586,25.32269682305985,24.619328971957156,24.85378646850586,58741995319.0
2004-06-07,25.791610717773438,25.791610717773438,25.322698021750995,25.557155529398127,43261676803.0
2004-06-08,26.494977951049805,26.494977951049805,25.791610083937506,26.02606526655102,52369399817.0
2004-06-09,25.791610717773438,26.260523413795884,25.791610717773438,26.02606590614875,38013850599.0
2004-06-10,24.85378646850586,25.557154319608554,24.85378646850586,25.32269682305985,61053061685.0
2004-06-11,23.6815128326416,24.384880888357394,23.44705758716047,24.384880888357394,107893814967.0
2004-06-14,23.16524887084961,24.288898852917843,23.112084207952694,23.539614096234853,113316447664.0
2004-06-15,23.004650115966797,23.165250407866807,22.737166185268702,23.165250407866807,98036108718.0
2004-06-16,23.272138595581055,24.021423623111865,23.004656905214205,24.021423623111865,84062262225.0
2004-06-17,23.700218200683594,24.075137792461557,23.165252607756127,23.165252607756127,103497931522.0
2004-06-18,22.897768020629883,23.3258522720837,22.63028639117351,23.3258522720837,70348210608.0
2004-06-21,23.272138595581055,23.700222944517517,23.112092562396754,23.700222944517517,50995565009.0
2004-06-22,23.272138595581055,23.272138595581055,23.272138595581055,23.272138595581055,0.0
2004-06-23,24.449506759643555,24.61010709097686,23.325856427123473,23.325856427123473,109654288439.0
2004-06-24,24.502666473388672,24.770150415555392,24.449501804684786,24.770150415555392,46748331561.0
2004-06-25,24.71698570251465,24.770150371123165,24.39578278624716,24.502666429436253,35313966816.0
2004-06-28,24.55638313293457,24.770148080270985,24.07513426864933,24.66326444696696,34155088882.0
2004-06-29,24.663267135620117,24.663267135620114,24.235182888359112,24.34262083929622,31987220079.0
2004-06-30,25.893808364868164,25.893808364868164,25.145077605489288,25.145077605489288,84527539216.0
2004-07-01,25.893808364868164,26.108125383986348,25.733205698155935,25.947525036546676,40285560726.0
2004-07-02,24.71698570251465,25.03763199353823,24.610102059325552,24.770150371123165,70731377312.0
2004-07-05,23.967702865600586,24.342622468466367,23.86081921349133,24.075138504456113,36094475644.0
2004-07-06,24.61009979248047,24.61009979248047,23.96769865766099,23.96769865766099,25355314700.0
2004-07-07,23.91453742980957,24.07513773658828,23.700218145680427,23.807101794380664,51088649390.0
2004-07-08,24.07514190673828,24.502671937049456,24.021422920082966,24.07514190673828,43033971834.0
2004-07-09,24.61009979248047,24.66326445619197,24.021415308021854,24.235180255438227,41715881710.0
2004-07-12,23.967702865600586,24.610104113204574,23.80710255369959,24.610104113204574,50840377531.0
2004-07-13,23.647056579589844,23.807104920656943,23.539620930052816,23.647056579589844,48811729097.0
2004-07-14,23.647056579589844,23.9677052485252,23.593339914457466,23.807104920656943,43236498540.0
2004-07-15,23.004650115966797,23.218967060968737,22.63028486574237,23.112085741442407,93174519231.0
2004-07-16,22.737163543701172,23.112083056317324,22.469681963350418,22.469681963350418,62835198344.0
2004-07-19,22.577123641967773,22.737169652322958,22.36280434501382,22.630288316498937,49032212214.0
2004-07-20,22.202198028564453,22.523398574539193,22.202198028564453,22.30963364138821,66092901386.0
2004-07-21,23.21896743774414,23.48645137278271,22.523401592432712,22.6302852329652,77488231029.0
2004-07-22,23.16524887084961,23.27213018328435,22.469683082976044,22.469683082976044,87100386778.0
2004-07-23,22.897768020629883,23.3258522720837,22.844605669893742,23.00465166663263,39942737760.0
2004-07-26,21.881547927856445,22.309632069887982,21.881547927856445,22.202196464632035,75751311690.0
2004-07-27,22.309635162353516,22.63028374357603,21.774115340834584,21.881550960982793,70110776710.0
2004-07-28,22.309635162353516,22.737165057802443,22.255916192643593,22.469683459639693,66424442861.0
2004-07-29,21.934717178344727,22.41652038355013,21.934717178344727,22.309636742481814,57120501501.0
2004-07-30,22.95148468017578,23.165249631334483,22.63028410714286,22.844603364232267,113113363251.0
2004-08-02,22.897768020629883,23.00465166663263,22.684003047896297,22.95148699662458,52584771024.0
2004-08-03,23.539609909057617,23.593328868311623,22.951479844146657,23.004644497586757,71687761475.0
2004-08-04,23.4327335357666,23.53961718148177,23.165251907029916,23.32585220932334,50814051124.0
2004-08-05,24.07514190673828,24.235187935238553,23.165256566539682,23.539621916292194,74169013338.0
2004-08-06,23.539609909057617,24.075129626342388,23.432726296363516,23.807093774428644,58624417859.0
2004-08-09,23.16524887084961,23.432730464528515,22.95148392670853,23.00464858960545,61371221716.0
2004-08-10,23.16524887084961,23.325849152093774,23.05836523914327,23.16524887084961,21795900924.0
2004-08-11,23.4327335357666,23.753936459625358,23.432733535766605,23.432733535766605,60926838978.0
2004-08-12,23.4327335357666,23.432733535766605,23.058368261314747,23.218968563608172,32492619043.0
2004-08-13,23.4327335357666,23.593336157331933,23.112087237164907,23.112087237164907,36585159046.0
2004-08-16,23.21896743774414,23.379570051522013,23.21896743774414,23.379570051522013,25559606746.0
2004-08-17,23.4327335357666,23.486452511616765,23.32585220932334,23.32585220932334,18408142353.0
2004-08-18,23.967702865600586,24.182022156565367,23.32585360474287,23.432734937580083,77122155631.0
2004-08-19,25.037639617919922,25.09135860885883,24.39579021517493,24.39579021517493,100609360288.0
2004-08-20,24.823871612548828,25.03763661914745,24.77015494731615,24.877590597053782,51903182740.0
2004-08-23,25.14507484436035,25.305120868084725,24.823871865479088,24.823871865479088,44596241037.0
2004-08-24,25.14507484436035,25.14507484436035,25.14507484436035,25.14507484436035,0.0
2004-08-25,25.14507484436035,25.14507484436035,25.14507484436035,25.14507484436035,0.0
2004-08-26,26.000680923461914,26.108116549738316,25.572596697672996,25.572596697672996,137066512391.0
2004-08-27,25.680036544799805,25.947518178026595,25.680036544799805,25.947518178026595,46286067066.0
2004-08-30,25.733205795288086,25.84064377759576,25.572605447242214,25.680043429549887,53305372453.0
2004-08-31,25.14507484436035,25.73320287244587,25.037636874255757,25.572602542641388,58552333124.0
2004-09-01,25.198238372802734,25.412557697600054,25.091357023093188,25.145076010637077,54005075237.0
2004-09-02,24.55638313293457,25.091348647560583,24.288899215985747,24.877583700224168,63918998808.0
2004-09-03,23.753938674926758,24.235185320703124,23.53961937679567,24.182022965152083,126728011270.0
2004-09-06,23.539609909057617,23.64704550829444,23.16524475026368,23.432726296363516,68694328141.0
2004-09-07,23.753938674926758,23.753938674926758,23.432735721112493,23.53961937679567,34033030082.0
2004-09-08,23.4864501953125,23.700215146388793,23.432731224760264,23.700215146388793,35283890157.0
2004-09-09,23.379568099975586,23.59333304392532,23.27213016245291,23.486449412314656,42881853941.0
2004-09-10,23.86081886291504,24.021419172456408,23.70021855337367,24.021419172456408,52491370462.0
2004-09-13,24.55638313293457,24.610099783275345,24.235180246373336,24.55638313293457,82727058838.0
2004-09-14,24.342620849609375,24.663267146069117,24.288901874118064,24.61010247655926,57759550350.0
2004-09-15,24.288902282714844,24.395783610242123,24.182020955187564,24.288902282714844,28846800196.0
2004-09-16,24.288902282714844,24.288902282714844,23.753936700543804,23.80710137094802,38571955299.0
2004-09-17,23.967702865600586,24.182022156565367,23.80710255369959,24.075138504456113,35446947013.0
2004-09-20,24.182016372680664,24.28889767995387,23.967697132977023,24.128297406465446,28751638685.0
2004-09-21,24.61009979248047,24.61009979248047,24.28889922507073,24.61009979248047,50264858982.0
2004-09-22,24.502666473388672,24.610102103470687,24.23518253122195,24.610102103470687,33621707955.0
2004-09-23,24.021421432495117,24.128305093090052,23.967704768438715,23.967704768438715,41734597832.0
2004-09-24,23.379568099975586,24.075133887226535,23.379568099975586,24.075133887226535,77032114486.0
2004-09-27,23.004650115966797,23.218967060968737,22.790885157642386,23.218967060968737,75683974052.0
2004-09-28,23.004650115966797,23.004650115966797,23.004650115966797,23.004650115966797,0.0
2004-09-29,22.84461212158203,23.272139868518046,22.73717413925041,22.73717413925041,40361650413.0
2004-09-30,23.16524887084961,23.379568120903198,23.05836523914327,23.05836523914327,44969847676.0
2004-10-01,23.807106018066406,23.807106018066406,23.325856999079207,23.486457334350472,44043250339.0
2004-10-04,24.342620849609375,24.342620849609375,24.02141792789629,24.075136903387605,86714251491.0
2004-10-05,24.235183715820312,24.34262167042567,24.128302386487064,24.34262167042567,47380051173.0
2004-10-06,24.07514190673828,24.342625908549184,23.807105918103098,24.235187935238553,51228958824.0
2004-10-07,24.07514190673828,24.235187935238553,23.59334090294751,24.235187935238553,47753789553.0
2004-10-08,23.16524887084961,23.593333065044277,22.95148392670853,23.379568120903198,98761848079.0
2004-10-11,22.897768020629883,23.112087299350115,22.790886693899044,22.897768020629883,38940151740.0
2004-10-12,22.790884017944336,23.11208458568216,22.790884017944336,22.89776533212588,55164258373.0
2004-10-13,22.790884017944336,22.95148430181325,22.737165048256962,22.89776533212588,31834946292.0
2004-10-14,22.84461212158203,23.058374835413755,22.630292782334546,22.73717413925041,47798054806.0
2004-10-15,22.737163543701172,22.84460147596657,22.577117576344328,22.737163543701172,42023999488.0
2004-10-18,22.577123641967773,22.897769968711945,22.577123641967773,22.84460761345289,25372937365.0
2004-10-19,23.004650115966797,23.112085741442407,22.790885157642386,22.844604130016066,36069093386.0
2004-10-20,22.897768020629883,23.165251969358167,22.897768020629883,23.00465166663263,45963440121.0
2004-10-21,23.11208724975586,23.27213324615132,22.737167669114598,22.737167669114598,43541046115.0
2004-10-22,23.11208724975586,23.53961719430563,23.11208724975586,23.53961719430563,47643991526.0
2004-10-25,23.11208724975586,23.11208724975586,23.11208724975586,23.11208724975586,0.0
2004-10-26,22.577123641967773,22.84460761345289,22.577123641967773,22.84460761345289,36858358653.0
2004-10-27,22.416522979736328,22.57712329364757,22.095320032641766,22.469687653447263,42310081250.0
2004-10-28,23.004650115966797,23.3795696721405,22.897766477168712,23.058366769068723,102666842616.0
2004-10-29,23.4327335357666,23.53961718148177,23.165251907029916,23.272133233473177,72732544402.0
2004-11-01,23.4864501953125,23.75393411694103,23.27213093830572,23.593333830486486,63414805282.0
2004-11-02,24.07514190673828,24.18202557395226,23.647057570330453,23.75394123754443,91234260777.0
2004-11-03,25.091346740722656,25.145065706252645,24.34261633566062,24.34261633566062,171405475533.0
2004-11-04,25.412553787231445,25.62631877302976,24.82386919707331,25.19823449541261,172666648797.0
2004-11-05,25.519441604614258,25.947523632823597,25.30512227781788,25.680041943365687,126636819579.0
2004-11-08,25.626319885253906,25.680038866863253,25.35883822784065,25.680038866863253,54924396034.0
2004-11-09,25.572593688964844,25.6263126554187,25.41254772065117,25.519431347670686,63245113030.0
2004-11-10,25.680036544799805,25.680036544799805,25.46571726305853,25.572598591295964,81425704318.0
2004-11-11,24.77014923095703,25.412550395378684,24.716984564795677,25.25195010427327,60703295059.0
2004-11-12,25.14507484436035,25.5194401829415,24.877590850531384,24.877590850531384,39705844004.0
2004-11-15,25.412553787231445,25.786919085570744,25.412553787231445,25.62631877302976,55523470022.0
2004-11-16,25.893808364868164,25.947525036546676,25.519442985178724,25.57260535071626,82531782324.0
2004-11-17,26.589366912841797,26.589366912841797,25.733198413914568,25.840636365404475,145949055570.0
2004-11-18,27.0174503326416,27.28493195264048,26.64308507041911,26.74996639337089,135703081123.0
2004-11-19,27.0174503326416,27.28493195264048,26.69624973854739,27.017450332641598,94392384566.0
2004-11-22,25.786914825439453,26.428763982818126,25.786914825439453,26.214999032334884,73892522380.0
2004-11-23,25.893808364868164,26.054408712307836,25.412559309417563,25.893808364868164,58128638244.0
2004-11-24,26.16128158569336,26.37560085458856,25.733197353864195,25.893799968499142,46604307007.0
2004-11-25,25.840633392333984,26.321882256188832,25.840633392333984,26.268163286624468,44418372009.0
2004-11-26,25.251953125,26.428767982999144,24.877587831844934,25.94751903878903,42229991004.0
2004-11-29,25.091346740722656,25.51943090878366,24.984463115541338,25.145065706252645,44086215739.0
2004-11-30,25.30512046813965,25.358839452342924,24.7701548082091,25.358839452342924,92781796853.0
2004-12-01,24.823871612548828,24.984471940716954,24.71699026888566,24.77015494731615,47480741449.0
2004-12-02,25.680036544799805,25.680036544799805,25.145070959074282,25.305116958069178,64620027794.0
2004-12-03,26.16128158569336,26.21500055922542,25.840635300928316,26.00068129033022,72926775765.0
2004-12-06,26.16128158569336,26.21500055922542,25.733197353864195,25.893799968499142,57341256884.0
2004-12-07,26.321882247924805,26.37559889820067,25.893798047848428,26.108114981575046,68897214941.0
2004-12-08,26.108118057250977,26.21500170301732,25.893801098276676,26.21500170301732,47607520997.0
2004-12-09,25.786914825439453,25.947515111448443,25.412549588947222,25.73319585503625,63210425407.0
2004-12-10,25.786914825439453,25.786914825439453,25.14506798733245,25.519433223824677,80976385652.0
2004-12-13,25.465715408325195,26.054399927927236,25.03763118201558,25.251950448147433,66565011387.0
2004-12-14,25.733205795288086,25.786924786441922,25.51944308150401,25.680043429549887,37938654785.0
2004-12-15,26.64308738708496,26.749968719330266,25.84063781877018,25.893802491521225,86281567427.0
2004-12-16,26.74996566772461,26.749965667724606,26.428765082343606,26.6430843476722,58561691185.0
2004-12-17,26.64308738708496,27.017452681859204,26.643087387084957,26.696252059836006,42662323757.0
2004-12-20,26.74996566772461,26.749965667724606,26.215000122967023,26.215000122967023,60753721438.0
2004-12-21,26.37560272216797,26.696251348909005,26.375602722167965,26.589367700238004,56773111485.0
2004-12-22,26.64308738708496,27.017452681859204,26.482487076073358,26.535651748824407,96826666077.0
2004-12-23,26.74996566772461,26.749965667724606,26.428765082343606,26.482484054981697,41782753860.0
2004-12-24,26.74996566772461,27.01744959973928,26.6430843476722,26.749965667724606,26070216099.0
2004-12-27,26.69624900817871,26.749965661532602,26.535648715525383,26.749965661532602,8412253410.0
2004-12-28,26.74996566772461,27.01744959973928,26.69624901435828,26.69624901435828,31476852253.0
2004-12-29,27.0174503326416,27.28493195264048,26.74996639337089,27.017450332641598,48221824340.0
2004-12-30,27.0174503326416,27.28493195264048,27.017450332641598,27.017450332641598,50723966064.0
2004-12-31,27.0174503326416,27.552415891911192,27.017450332641598,27.017450332641598,45287534302.0
2005-01-03,27.28493309020996,27.552417040632672,27.017451459059178,27.284933090209964,31140095998.0
2005-01-04,26.535646438598633,27.01744727521704,26.535646438598633,26.7499633662161,33197547587.0
2005-01-05,25.947511672973633,26.108111937700425,25.94751167297363,26.108111937700425,45343603622.0
2005-01-06,25.680036544799805,25.893801520546617,25.626317568047885,25.73319889628532,52027134231.0
2005-01-07,25.572593688964844,25.6263126554187,25.41254772065117,25.572593688964844,52145038772.0
2005-01-10,25.947511672973633,26.108111937700425,25.57259218023549,25.57259218023549,42064905324.0
2005-01-11,25.786914825439453,26.00067977592269,25.680033509833667,25.840633795842656,39142041694.0
2005-01-12,25.14507484436035,25.73320287244587,25.14507484436035,25.572602542641388,49071295621.0
2005-01-13,25.037639617919922,25.572605344927943,24.87759357665745,25.30512364106021,42903907522.0
2005-01-14,25.14507484436035,25.198237204060238,24.716990520726903,24.877590850531384,58380111429.0
2005-01-17,26.16128158569336,26.16128158569336,25.465715736669978,25.572597058501056,49625182164.0
2005-01-18,26.268165588378906,26.32188456265041,26.00068164823095,26.161281945804763,50467394471.0
2005-01-19,25.519441604614258,26.375607980305368,25.519441604614258,26.268172323487896,37326191436.0
2005-01-20,25.680036544799805,25.947518178026595,25.358835934821098,25.358835934821098,47151667938.0
2005-01-21,25.412553787231445,25.680037752307612,25.412553787231445,25.51943743976663,34275911505.0
2005-01-24,25.14507484436035,25.465721197889206,25.091355859308056,25.412556518917018,28352792508.0
2005-01-25,25.465715408325195,25.519434381164626,24.984466515130244,24.984466515130244,44250071829.0
2005-01-26,26.321882247924805,26.428763561828053,25.6263141312228,25.6800331007703,84585365094.0
2005-01-27,26.428770065307617,26.482489048074058,26.161286082860666,26.321888725103463,52258477265.0
2005-01-28,26.74996566772461,27.28493121248219,26.53564872166778,26.53564872166778,96812921013.0
2005-01-31,27.819902420043945,28.08738406493411,27.01745284682936,27.01745284682936,152370837131.0
2005-02-01,28.08737564086914,28.35485952480664,27.819894076202992,28.08737564086914,126248497378.0
2005-02-02,28.62234115600586,28.889822699619717,28.354857293120837,28.354857293120837,127649264280.0
2005-02-03,28.62234115600586,28.889822699619717,28.087373430235814,28.62234115600586,106363439154.0
2005-02-04,28.62234115600586,28.62234115600586,28.62234115600586,28.62234115600586,0.0
2005-02-07,28.62234115600586,28.62234115600586,28.62234115600586,28.62234115600586,0.0
2005-02-08,28.62234115600586,28.62234115600586,28.62234115600586,28.62234115600586,0.0
2005-02-09,28.62234115600586,28.62234115600586,28.62234115600586,28.62234115600586,0.0
2005-02-10,28.62234115600586,28.62234115600586,28.62234115600586,28.62234115600586,0.0
2005-02-11,28.62234115600586,28.62234115600586,28.62234115600586,28.62234115600586,0.0
2005-02-14,29.157312393188477,29.69227790666617,28.889828476813815,29.157312393188477,166804805119.0
2005-02-15,29.4247989654541,29.692282927055114,29.157317323125117,29.157317323125117,72234208996.0
2005-02-16,29.157312393188477,29.42479399029151,28.622346879710783,29.42479399029151,45692838023.0
2005-02-17,28.62234115600586,29.15730656250474,28.354857293120837,29.15730656250474,51282538224.0
2005-02-18,28.889829635620117,29.157313562723886,28.354864100684306,28.622348027788075,72099015536.0
2005-02-21,29.157312393188477,29.157312393188477,28.622346879710783,28.889828476813815,33289870061.0
2005-02-22,28.889829635620117,29.157313562723886,28.622348027788075,28.889829635620117,30276297793.0
2005-02-23,28.62234115600586,28.889822699619717,28.087373430235814,28.62234115600586,63483267116.0
2005-02-24,28.354867935180664,28.622351898456923,28.087383971904398,28.35486793518066,45716173892.0
2005-02-25,29.4247989654541,29.424798965454105,28.889833361524108,28.889833361524108,100432106055.0
2005-02-28,29.4247989654541,29.424798965454105,29.424798965454105,29.424798965454105,0.0
2005-03-01,29.050432205200195,29.371080823178026,28.889831902854567,29.15731585095011,45611671886.0
2005-03-02,28.943553924560547,29.264200257009282,28.889834943039872,29.050435262286072,54573620253.0
2005-03-03,28.62234115600586,28.889822699619717,28.461738585550396,28.889822699619717,76743661371.0
2005-03-04,28.08737564086914,28.40857848778936,27.873610719914364,28.35485952480664,79686501453.0
2005-03-07,28.247983932495117,28.408586561232603,27.980502291813295,28.08738362302964,41530428744.0
2005-03-08,28.72922706604004,28.996710971917338,28.247978221674344,28.62234575643161,39390950305.0
2005-03-09,28.354867935180664,28.568632919540544,28.19426762372036,28.19426762372036,31971749198.0
2005-03-10,27.819902420043945,28.247984376926347,27.659302108051712,28.247984376926347,52766961183.0
2005-03-11,28.08737564086914,28.301140561823917,27.873610719914364,27.873610719914364,32535323155.0
2005-03-14,27.552417755126953,27.819901712486107,27.44553642494739,27.76618273475807,38227024463.0
2005-03-15,27.338096618652344,27.55241588977818,27.28493195052818,27.498696915687013,36182466008.0
2005-03-16,27.819902420043945,27.819902420043945,27.284934491719525,27.284934491719525,51111133328.0
2005-03-17,27.231216430664062,27.552417038120552,27.124332783993985,27.28493308772223,62232356540.0
2005-03-18,27.231216430664062,27.49869806179046,27.124332783993985,27.28493308772223,35101998612.0
2005-03-21,27.070615768432617,27.17805140039808,26.910567453542118,27.17805140039808,52954513236.0
2005-03-22,27.0174503326416,27.178050629688705,26.69624973854739,26.910566690417994,44011491777.0
2005-03-23,26.910572052001953,27.017455715520747,26.643090378710802,26.696255057431454,48383695519.0
2005-03-24,27.070615768432617,27.49869769761806,26.803131821576653,26.85685079719533,44706895386.0
2005-03-25,27.552417755126953,27.552417755126957,27.231217139311745,27.231217139311745,29554956414.0
2005-03-28,27.552417755126953,27.659301404578503,27.39181744721935,27.605582426850464,21578933118.0
2005-03-29,27.338096618652344,27.55241588977818,27.178050627584675,27.55241588977818,25286949476.0
2005-03-30,27.070615768432617,27.284932726380774,27.017451098796705,27.017451098796705,57722223499.0
2005-03-31,27.552417755126953,27.605582426850464,27.178052467588238,27.39181744721935,32289271146.0
2005-04-01,28.141094207763672,28.194258864145716,27.33809058067249,27.552409804463085,44872512425.0
2005-04-04,27.926780700683594,28.24798128956244,27.873616033418557,27.873616033418557,28863799283.0
2005-04-05,27.926780700683594,27.926780700683597,27.926780700683597,27.926780700683597,0.0
2005-04-06,27.552417755126953,27.98050202039371,27.552417755126957,27.71301806303456,32716072938.0
2005-04-07,27.49869728088379,27.87361685402342,27.498697280883786,27.55241625568837,50403640211.0
2005-04-08,27.980506896972656,27.98050689697266,27.605587238086585,27.819906561074845,38373156886.0
2005-04-11,27.76618003845215,28.087380623076356,27.766180038452152,28.087380623076356,30677941288.0
2005-04-12,27.980506896972656,28.033671577961965,27.552422557097277,27.552422557097277,19729611654.0
2005-04-13,28.08737564086914,28.14109460385186,27.819894076202992,27.980494340027427,21487076131.0
2005-04-14,27.445531845092773,27.659296789052785,27.391812876328856,27.659296789052785,49927797525.0
2005-04-15,27.445531845092773,27.766178101396992,27.017447651260717,27.178047932368845,52396006947.0
2005-04-18,26.910572052001953,27.017455715520747,26.749971722957305,27.017455715520747,82500076458.0
2005-04-19,26.803136825561523,27.017456142793705,26.69625547962472,26.80313682556152,53314278200.0
2005-04-20,26.803136825561523,27.284937820314997,26.69625547962472,27.284937820314997,36464252987.0
2005-04-21,26.535646438598633,26.856846996344238,26.26816252959769,26.32188149761392,69457763228.0
2005-04-22,26.535646438598633,26.910563645088903,26.535646438598633,26.803128028328008,47564687339.0
2005-04-25,26.64308738708496,26.696252059836006,26.40218460129553,26.535651748824407,26072543538.0
2005-04-26,27.605588912963867,27.713024574390676,26.723393304931506,26.74997448740269,61575799203.0
2005-04-27,27.926780700683594,27.926780700683597,27.445534123323384,27.873616033418557,65262914721.0
2005-04-28,28.354867935180664,28.35486793518066,27.55241836462391,27.819902327900174,50355185568.0
2005-04-29,27.76618003845215,27.926780330764252,27.65929871865157,27.926780330764252,34023149445.0
2005-05-02,27.76618003845215,27.766180038452152,27.766180038452152,27.766180038452152,0.0
2005-05-03,27.980506896972656,28.40859123684804,27.92678790988221,27.92678790988221,48265716324.0
2005-05-04,28.08737564086914,28.35485952480664,27.980494340027427,27.980494340027427,31220693450.0
2005-05-05,28.836116790771484,29.103598433921903,28.408586823416396,28.408586823416396,69078812263.0
2005-05-06,29.211027145385742,29.264191805508787,28.72922632679124,28.83610995292092,58038276527.0
2005-05-09,29.264198303222656,29.264198303222653,28.836116355585062,29.21103363129512,51938652030.0
2005-05-10,29.264198303222656,29.42479861174658,28.99671666410899,29.264198303222653,41962019351.0
2005-05-11,28.67606544494629,28.782949085158656,28.247981216683762,28.62234879113358,53146597206.0
2005-05-12,29.157312393188477,29.157312393188477,28.72922819351375,28.78294716301085,56783075558.0
2005-05-13,29.317914962768555,29.53167992631601,28.996714371120444,29.050431025534863,64807210969.0
2005-05-16,29.317914962768555,29.478515258592605,29.157314666944497,29.424796284906375,36327799197.0
2005-05-17,29.050432205200195,29.424797479773744,28.996715548604477,29.317916153295737,34232561857.0
2005-05-18,29.371078491210938,29.42479514354173,28.94354858069957,29.05042989869155,42082145938.0
2005-05-19,30.174081802368164,30.227244147954075,29.692278621595506,29.692278621595506,111472123607.0
2005-05-20,30.227243423461914,30.334127056548244,29.95976182632952,29.95976182632952,49192818671.0
2005-05-23,29.531681060791016,30.12036561228744,29.37108075879742,30.12036561228744,26781931543.0
2005-05-24,30.174081802368164,30.33412778360221,29.47851366957092,29.531678334428513,58410723837.0
2005-05-25,29.852890014648438,30.44157473080031,29.746008658509936,30.1740930277482,57040854785.0
2005-05-26,29.959766387939453,30.013483046349602,29.58539878144869,29.852882738579247,45060152305.0
2005-05-27,30.38785171508789,30.441570698747803,30.01348638621024,30.01348638621024,44665914896.0
2005-05-30,30.334136962890625,30.334136962890625,30.066652959133265,30.227253294898862,28950202158.0
2005-05-31,30.441564559936523,30.548445880364792,30.066645000598978,30.280964266681252,78869368398.0
2005-06-01,29.906593322753906,30.334123161661335,29.8528743601484,30.120358242207622,57861588784.0
2005-06-02,30.441564559936523,30.49472922680956,30.174082946252984,30.174082946252984,67194816351.0
2005-06-03,30.869089126586914,30.922808090097472,30.44155928047652,30.548440582368432,65016333549.0
2005-06-06,31.083419799804688,31.083419799804684,30.655335490224225,30.762216831467747,59845128818.0
2005-06-07,30.762216567993164,31.029700550750302,30.60161624483633,31.029700550750302,75422326007.0
2005-06-08,31.136581420898438,31.297181729667468,30.86909746210455,30.86909746210455,84948744176.0
2005-06-09,31.029691696166992,31.29717560259535,30.655326479910013,31.29717560259535,56691036329.0
2005-06-10,31.083419799804688,31.297184801563958,30.92281947527233,31.19030114104821,105148682926.0
2005-06-13,30.61517906188965,30.783808665519,30.053463062948534,30.33431990278326,69491925975.0
2005-06-14,30.61517906188965,30.896035901724378,30.55877437519402,30.727403978823368,44913267908.0
2005-06-15,30.896041870117188,30.896041870117184,30.558780278435773,30.61518497602747,45102875760.0
2005-06-16,31.401350021362305,31.45775471726671,30.896040945890434,31.12049313567417,49491777256.0
2005-06-17,31.907241821289062,32.300325968738825,31.401350599226593,31.457755296168983,53602356374.0
2005-06-20,31.96306800842285,32.01947038840165,31.56998384488461,31.907243127215168,43774458123.0
2005-06-21,31.34552001953125,31.963058522164314,31.34552001953125,31.963058522164314,29415958543.0
2005-06-22,31.96306800842285,32.13169764958813,31.45775658369813,31.45775658369813,41546281468.0
2005-06-23,32.13169479370117,32.30032441987853,32.01946754248952,32.18809948793885,49408583340.0
2005-06-24,31.795021057128906,32.07587798484856,31.682211648437658,32.019473280502936,37381755119.0
2005-06-27,31.738609313964844,31.738609313964844,31.233300274935885,31.569979694966168,33091091201.0
2005-06-28,31.682201385498047,31.738606071572278,31.34552199986268,31.62637883660328,32658503329.0
2005-06-29,30.839632034301758,31.963061742756906,30.78380948330905,31.963061742756906,119284584828.0
2005-06-30,30.952436447143555,31.28911813594103,30.783806853440527,31.17689090634187,42307439722.0
2005-07-01,31.289125442504883,31.28912544250488,30.615184408924204,30.952443675086258,20424031174.0
2005-07-04,30.952436447143555,31.40134304626867,30.896034083039687,31.120486222966488,19522557421.0
2005-07-05,30.558780670166016,30.952444645213365,30.55878067016602,30.952444645213365,20550143649.0
2005-07-06,30.67157745361328,30.783804675271586,30.446543192457614,30.671577453613285,53365764787.0
2005-07-07,30.67157745361328,30.783804675271586,30.053459167369706,30.671577453613285,60616153071.0
2005-07-08,30.222095489501953,30.502952334017174,30.165690801866337,30.446547646381557,72912106836.0
2005-07-11,31.907241821289062,31.907241821289062,30.61518462359914,30.61518462359914,108679945147.0
2005-07-12,32.07587432861328,32.46895848284963,32.01946963069707,32.01946963069707,76117239035.0
2005-07-13,31.907241821289062,32.18810103141776,31.79501688396799,32.01946907788221,47584695158.0
2005-07-14,32.01945877075195,32.075863449537565,31.569972390322473,32.01945877075195,30317490848.0
2005-07-15,31.795021057128906,32.13170055182614,31.738616352783282,32.07587798484856,27211882278.0
2005-07-18,31.795021057128906,31.795021057128906,31.795021057128906,31.795021057128906,0.0
2005-07-19,31.569978713989258,31.795013017831916,31.457751471042453,31.682203637664266,31257029623.0
2005-07-20,31.682201385498047,32.18809482935611,31.56997646980068,31.62637883660328,65479613711.0
2005-07-21,31.682201385498047,32.24391737825088,31.28911963306008,31.28911963306008,63424102491.0
2005-07-22,31.96306800842285,31.96306800842285,31.233304380597342,31.68220878679892,43749540098.0
2005-07-25,31.51416778564453,31.73862003505924,31.4577630747549,31.73862003505924,24601317660.0
2005-07-26,31.233295440673828,32.01946122345346,31.233295440673825,31.457747579529553,66825500732.0
2005-07-27,29.828432083129883,30.727407389102407,29.77260952742467,30.334323269435888,122266751309.0
2005-07-28,30.277915954589844,30.277915954589844,29.66037743837984,29.88483189907213,76499842386.0
2005-07-29,29.884838104248047,30.615183820334398,29.884838104248043,30.334324617574737,41934635454.0
2005-08-01,29.941234588623047,30.27791628331683,29.828427539168207,29.884832223531408,18557408454.0
2005-08-02,30.839632034301758,30.839632034301758,30.10928641232923,30.277918339710045,45061843410.0
2005-08-03,31.401350021362305,31.51415941317111,30.952443322522804,31.17689783157857,59730275041.0
2005-08-04,30.72740936279297,31.401350396753845,30.72740936279297,31.401350396753845,36365791448.0
2005-08-05,30.72740936279297,30.72740936279297,30.72740936279297,30.72740936279297,0.0
2005-08-08,29.9970645904541,30.27792380774337,29.941242029380135,30.109291849908516,70687652410.0
2005-08-09,29.772607803344727,30.109287210559025,29.6603805611827,29.88483504550675,60719869436.0
2005-08-10,29.660385131835938,30.222101247151294,29.547578054345387,29.997064590932403,49252872868.0
2005-08-11,30.10928726196289,30.10928726196289,29.716203164388098,29.772607854173796,33853893091.0
2005-08-12,30.10928726196289,30.502953496755456,30.053464709394962,30.165691951748588,38507261071.0
2005-08-15,29.772607803344727,29.997059968397,29.210894093861373,29.941237415924373,51535837393.0
2005-08-16,29.772607803344727,29.997059968397,29.547573501075675,29.997059968397,31214533475.0
2005-08-17,29.603981018066406,29.772610646750877,29.37952651230603,29.491753765186218,40079514004.0
2005-08-18,29.210906982421875,29.772620939747046,29.210906982421875,29.60399125276389,38514103281.0
2005-08-19,28.98586082458496,29.098667888712182,28.705003959834162,29.098667888712182,42894422739.0
2005-08-22,29.210906982421875,29.3231319548285,29.042274976165913,29.154502267845345,21801291569.0
2005-08-23,29.210906982421875,29.43535924650793,29.154502267845345,29.210906982421875,28805441837.0
2005-08-24,28.930034637451172,29.098664234866014,28.817807405381703,29.098664234866014,27495679260.0
2005-08-25,29.09866714477539,29.266716941102608,28.705003225961786,28.76140559694748,23316013057.0
2005-08-26,29.660385131835938,29.88483965074834,29.042266637411373,29.098671335792716,37548418982.0
2005-08-29,28.81781768798828,29.491758819498145,28.705010597774784,29.37953154738439,38574733797.0
2005-08-30,28.704999923706055,29.154486343845093,28.704999923706055,29.154486343845093,47672464489.0
2005-08-31,30.334327697753906,30.33432769775391,28.705008789571433,28.705008789571433,60381322224.0
2005-09-01,30.334327697753906,30.33432769775391,30.33432769775391,30.33432769775391,0.0
2005-09-02,29.547578811645508,29.88484041669243,29.379528986807358,29.77261315435986,60075576635.0
2005-09-05,29.26671600341797,29.547572851989926,29.266716003417965,29.435345612293247,24361010117.0
2005-09-06,29.323123931884766,29.603983152975758,29.266721552012992,29.49175589200223,19749540219.0
2005-09-07,29.210906982421875,29.37953666940503,29.154502267845345,29.266729559524773,16220889832.0
2005-09-08,29.154489517211914,29.43534637304255,29.09866696452285,29.21089420712001,22802431148.0
2005-09-09,28.98586082458496,29.435347307925003,28.930038270122942,29.26671768933576,28265634941.0
2005-09-12,29.603981018066406,29.772610646750877,29.37952651230603,29.491753765186218,48137107447.0
2005-09-13,30.053468704223633,30.109291264211723,29.60398217638736,29.60398217638736,80149601150.0
2005-09-14,30.277915954589844,30.277915954589844,29.997056810146738,30.053461493897554,47095472940.0
2005-09-15,30.277915954589844,30.334318319069126,29.941234263551408,30.222093407994517,35857932990.0
2005-09-16,29.547578811645508,30.390149527305304,29.54757881164551,30.27792458424493,48407006712.0
2005-09-19,29.884838104248047,30.053467734087096,29.379526713463218,29.547576525297927,38608752463.0
2005-09-20,30.10928726196289,30.334321564616133,29.49175099895263,29.66038061182017,48550504926.0
2005-09-21,30.10928726196289,30.10928726196289,29.828430406741724,30.10928726196289,17546722820.0
2005-09-22,29.26671600341797,29.716202460865208,29.15448876372129,29.660379909618865,66175382015.0
2005-09-23,28.873632431030273,29.21089397407837,28.59277557744029,28.9858596727321,38302580282.0
2005-09-26,28.6491756439209,29.154486940282002,28.368318812914858,28.93003479419852,41551404761.0
2005-09-27,28.930034637451172,29.042259550249067,28.592773123349907,28.70500035541938,40158053043.0
2005-09-28,28.76140785217285,29.042264731765677,28.42414627789975,28.81781254685313,36602111187.0
2005-09-29,30.295364379882812,30.35351316577884,29.655732373570373,29.772027626090495,50183179.0
2005-09-30,30.993152618408203,30.993152618408203,30.469815778042843,30.52796457355814,52606810.0
2005-10-03,30.70240020751953,31.051292884777734,30.644251427976496,31.051292884777734,37066503.0
2005-10-04,31.40018081665039,31.400180816650387,30.818695385419808,30.818695385419808,61584074.0
2005-10-05,31.5164794921875,31.865372180622245,31.400184248647673,31.400184248647673,65270754.0
2005-10-06,31.22574806213379,31.34204566277686,31.10945046149072,31.283896862455325,31700637.0
2005-10-07,31.34203338623047,31.516477399593562,31.05129181777759,31.05129181777759,39124185.0
2005-10-10,31.34203338623047,31.342033386230472,31.342033386230472,31.342033386230472,0.0
2005-10-11,30.760547637939453,31.225735534609427,30.644250083954066,31.225735534609427,34435849.0
2005-10-12,30.120922088623047,30.46981250496458,30.062773299354113,30.46981250496458,49680260.0
2005-10-13,29.88832664489746,30.004624222319954,29.77202906747497,29.946475433608708,36270824.0
2005-10-14,29.71388816833496,30.17907392668665,29.655739368722877,30.06277864673497,40166618.0
2005-10-17,29.132394790649414,29.77202677875747,29.132394790649414,29.713880313788266,37037227.0
2005-10-18,29.364990234375,29.888327020073397,29.306841444933834,29.364990234375,35050644.0
2005-10-19,28.812585830688477,29.132404247836305,28.812585830688477,29.132404247836305,58063640.0
2005-10-20,29.248685836791992,29.3649810600689,28.492754129499662,28.841644437873086,53103456.0
2005-10-21,28.60905647277832,28.928872449181263,28.318312567619518,28.318312567619518,32710658.0
2005-10-24,29.248685836791992,29.48127860261716,28.957941980421346,29.016090751695476,43110943.0
2005-10-25,29.5394344329834,30.00462239507189,29.5394344329834,29.946473609901844,37500414.0
2005-10-26,29.5394344329834,29.946473609901844,29.3068392923032,29.5394344329834,28925694.0
2005-10-27,28.841646194458008,29.423131623343007,28.783497419642355,29.0742412937206,34633461.0
2005-10-28,29.306838989257812,30.06277086937989,29.132394954823393,29.132394954823393,64097625.0
2005-10-31,30.237213134765625,30.527957040599286,29.772025204703514,30.062769110537175,63756769.0
2005-11-01,30.120922088623047,30.527961294233513,30.120922088623047,30.527961294233513,27323881.0
2005-11-02,30.64425277709961,30.702401559202663,30.29536240375307,30.411659967959178,38550167.0
2005-11-03,31.10943603515625,31.167584808512537,30.93499203435882,30.993140807715108,50505214.0
2005-11-04,31.5164794921875,31.63277705499908,31.34203546724188,31.400184248647673,61786915.0
2005-11-07,31.63277816772461,31.63277816772461,31.28388778628893,31.516480600822103,42838049.0
2005-11-08,31.69093132019043,31.690931320190433,31.34204089065559,31.6327825287226,42921695.0
2005-11-09,32.15611267089844,32.21426145031962,31.574627195958254,31.63277597537944,74806353.0
2005-11-10,32.505008697509766,32.563157487072964,32.21426706896586,32.38871343765545,69350569.0
2005-11-11,33.144649505615234,33.144649505615234,32.56316381623448,32.56316381623448,96114025.0
2005-11-14,33.144649505615234,33.26094710734589,32.795759019695794,32.91205430215392,62320156.0
2005-11-15,33.144649505615234,33.144649505615234,32.56316381623448,32.56316381623448,56931288.0
2005-11-16,33.02833938598633,33.26093450129299,32.272409899783,33.144636943639654,36987039.0
2005-11-17,32.621299743652344,33.028338869805964,32.3305581733345,33.028338869805964,27130451.0
2005-11-18,33.202789306640625,33.37723334267985,33.08649173643321,33.144640521536914,52759463.0
2005-11-21,33.6679801940918,33.90057303544806,33.43538503346344,33.43538503346344,67668246.0
2005-11-22,33.72611999511719,33.72611999511719,33.3190808917791,33.667971220458675,35614206.0
2005-11-23,34.71465301513672,35.005394640257805,34.19131623450112,34.30761381225838,99635505.0
2005-11-24,34.71465301513672,34.88909706250055,34.540206648500835,34.71465301513672,61217079.0
2005-11-25,34.365753173828125,34.71464583493671,34.307606716248266,34.71464583493671,23042272.0
2005-11-28,34.59835433959961,34.830947168462075,34.48205676553239,34.65650312663322,29944080.0
2005-11-29,33.60982894897461,34.482056099076736,33.60982894897461,33.84242409261354,38924481.0
2005-11-30,34.59835433959961,34.772800700700444,33.95872000150188,33.95872000150188,52173944.0
2005-12-01,34.482051849365234,34.889090981296235,34.482051849365234,34.5983494068517,57002387.0
2005-12-02,35.237979888916016,35.35427744163161,34.947238326398576,35.00538710275637,72773765.0
2005-12-05,36.05205535888672,36.05205535888672,35.06353093863124,35.470569996512104,46885451.0
2005-12-06,36.34280776977539,36.459105340950615,35.12169023025132,35.12169023025132,59293230.0
2005-12-07,36.34280776977539,36.92429330637959,35.99391737552165,36.34280776977539,43699599.0
2005-12-08,35.87761688232422,36.34280480986635,35.47057773563382,36.34280480986635,38101617.0
2005-12-09,35.354286193847656,35.58688135685951,35.063544559354966,35.52873256610654,41409801.0
2005-12-12,35.58687973022461,35.70317498714269,34.947245380451086,35.35428457784441,32498407.0
2005-12-13,36.05205535888672,36.05205535888672,35.23797492385376,35.586867532841275,45184308.0
2005-12-14,35.52873229980469,35.81947393211815,35.29613713853623,35.81947393211815,47646626.0
2005-12-15,35.41242218017578,35.47057094990331,35.121680650809424,35.47057094990331,32392805.0
2005-12-16,36.05205535888672,36.22649934410925,35.470569996512104,35.470569996512104,43199817.0
2005-12-19,36.34280776977539,36.34280776977539,35.935768589934035,36.168361413012555,36789427.0
2005-12-20,36.226505279541016,36.226505279541016,35.87761493266176,36.05206126573719,26550159.0
2005-12-21,36.633544921875,36.633544921875,36.11021055379533,36.284654570064674,33167572.0
2005-12-22,34.99665832519531,35.67059909516946,34.88443111328588,35.67059909516946,21024968367.0
2005-12-23,37.15688705444336,37.15688705444336,36.28465988745977,36.51725503560044,35697852.0
2005-12-26,35.839237213134766,35.95146212528622,35.16529400670714,35.95146212528622,12674941534.0
2005-12-27,37.0987434387207,37.38948741442429,36.74985298714871,37.0987434387207,21372497.0
2005-12-28,36.92428970336914,36.92428970336914,36.40095300341888,36.40095300341888,20573681.0
2005-12-29,36.633544921875,36.9242888144433,36.400952127092,36.9242888144433,55692287.0
2005-12-30,36.34280776977539,36.63354937844153,36.22651019860017,36.57540059285392,29157811.0
2006-01-02,35.47057342529297,35.93576129630603,34.88908800670877,35.93576129630603,30366490.0
2006-01-03,36.575408935546875,36.575408935546875,35.17984704021024,35.470588715193294,71325650.0
2006-01-04,36.86614227294922,36.86614227294922,36.052063962903375,36.69169592682292,55262558.0
2006-01-05,37.21504211425781,37.21504211425781,36.400963597092435,36.86615165251156,44492141.0
2006-01-06,38.087257385253906,38.087257385253906,37.622069476924935,37.68021825537501,68933386.0
2006-01-09,39.599117279052734,39.77356360828801,38.43614870863226,38.43614870863226,78626866.0
2006-01-10,38.78504943847656,39.54097909580239,38.49430779779867,39.54097909580239,46107547.0
2006-01-11,38.26170349121094,38.37800104741384,37.27317890202949,38.37800104741384,69942361.0
2006-01-12,38.087257385253906,38.66874285048303,37.854664590725235,38.66874285048303,48264558.0
2006-01-13,37.50578308105469,37.79652705982512,37.09874383004841,37.680229468316945,38442473.0
2006-01-16,37.15688705444336,37.38948220258404,36.924294225574656,37.09873826740819,37459637.0
2006-01-17,37.56391906738281,37.97096049885888,37.273177507028585,37.273177507028585,39285202.0
2006-01-18,35.81947708129883,36.45911151175043,35.703179490439936,36.05207226301662,82601078.0
2006-01-19,36.05205535888672,36.6916871701547,35.64501630100585,35.935757822557555,54131251.0
2006-01-20,36.34280776977539,36.63354937844153,36.110214946696864,36.63354937844153,36743422.0
2006-01-23,35.93576431274414,36.16835710813872,35.70316919807791,35.81946675541102,28493874.0
2006-01-24,35.99392318725586,36.40096243281953,35.877625597302725,35.93577439227929,40324499.0
2006-01-25,36.92428970336914,36.92428970336914,36.22650666367822,36.63354580380138,41525859.0
2006-02-03,36.86614227294922,37.50577423686877,36.2265079897579,37.215032645930044,82349095.0
2006-02-06,38.66874694824219,38.66874694824219,35.819470417878094,36.633548763904436,54588165.0
2006-02-07,37.79651641845703,37.97096275660503,37.21503094390202,37.21503094390202,41847894.0
2006-02-08,36.69169998168945,37.796522324041725,36.63355119322122,37.796522324041725,36292781.0
2006-02-09,36.633544921875,37.33132794476729,36.400952127092,37.215030387739965,38461293.0
2006-02-10,36.40095520019531,36.691696798037455,36.05206481893037,36.63354801461466,39062496.0
2006-02-13,36.2846565246582,36.459102869596315,36.05206371734582,36.11021249899186,27026939.0
2006-02-14,36.226505279541016,36.226505279541016,35.819466154969945,36.05206126573719,48076355.0
2006-02-15,35.64503479003906,36.34281573140969,35.528737193386476,36.34281573140969,38611855.0
2006-02-16,36.2846565246582,36.57539811361663,35.819468590761666,35.99391493569978,44765035.0
2006-02-17,35.87761688232422,36.57539761400155,35.81946810147249,36.34280480986635,33274220.0
2006-02-20,36.45911407470703,36.45911407470703,35.70318200025698,35.76133079977409,23522189.0
2006-02-21,36.11021423339844,36.749846223683434,36.05206544895946,36.5753998703665,32982506.0
2006-02-22,35.99392318725586,36.4591112277961,35.64503273666875,36.2846648428664,37527599.0
2006-02-23,35.354286193847656,35.93577178210516,35.17984214086089,35.87762299135219,43459118.0
2006-02-24,35.47057342529297,35.64501974664966,35.063534328065465,35.35427587772184,46726524.0
2006-02-27,35.41242218017578,35.47057094990331,35.0635318810819,35.47057094990331,45298276.0
2006-03-01,35.12168502807617,35.35427781670337,34.83094114320269,35.063536251101475,57964311.0
2006-03-02,36.45911407470703,36.517262874224144,35.76133079977409,35.76133079977409,80870659.0
2006-03-03,35.93576431274414,36.40095222280495,35.70316919807791,36.40095222280495,44579969.0
2006-03-06,35.41242218017578,35.877610018724724,35.29612464072073,35.877610018724724,28457279.0
2006-03-07,34.947242736816406,35.41243068711497,34.947242736816406,35.41243068711497,37496232.0
2006-03-08,34.307613372802734,34.88909661559653,34.24946458466895,34.830947827462744,62459217.0
2006-03-09,34.77280044555664,34.830946912891626,34.30761247197304,34.30761247197304,28139426.0
2006-03-10,35.70317459106445,36.1683625713922,34.772800949680956,34.772800949680956,65318851.0
2006-03-13,35.70317459106445,35.87762095341436,35.354284185636644,35.70317459106445,18581870.0
2006-03-14,34.88909912109375,35.4705847249179,34.77280385574667,35.4705847249179,34625097.0
2006-03-15,35.52873229980469,36.05206909338661,35.412434719170456,35.76132514180104,32314387.0
2006-03-16,35.179840087890625,36.052067259740745,35.179840087890625,35.76132332294271,37898776.0
2006-03-17,35.2961311340332,35.41242869488314,34.889091990330144,35.06353833160505,42512877.0
2006-03-20,35.00539016723633,35.29613175520618,34.947241385788004,35.29613175520618,35351768.0
2006-03-21,35.179840087890625,35.35428413069746,34.83094736373299,34.889096151092595,39790213.0
2006-03-22,34.6565055847168,34.94724722123431,34.598356793558864,34.88909843007639,46207921.0
2006-03-23,34.6565055847168,35.06354480355018,34.42391042008507,34.77280316703266,39473405.0
2006-03-24,34.77280044555664,35.00539327271247,34.59835408573581,34.65650287234275,22809110.0
2006-03-27,35.063541412353516,35.296134235217714,35.005392626819486,35.237985449683684,25907134.0
2006-03-28,35.70317459106445,35.76132337851442,35.0635425676588,35.354284185636644,41086719.0
2006-03-29,35.99392318725586,35.99392318725586,35.296139966809356,35.47058635173905,46391942.0
2006-03-30,36.575408935546875,36.633557734397975,36.11022318328296,36.34281605941492,91007461.0
2006-03-31,37.331329345703125,37.68021971060629,36.63354629662508,36.63354629662508,91399549.0
2006-04-03,37.68022537231445,37.79652295118058,37.098739797255895,37.33133495498815,37725212.0
2006-04-04,37.50578308105469,37.680229468316945,37.27319021731067,37.62208067256286,26653671.0
2006-04-06,38.31985855102539,38.31985855102539,37.738372993960496,37.79652178159418,65636704.0
2006-04-07,39.192081451416016,39.42467659034063,38.14541028407089,38.37800542299551,68181621.0
2006-04-10,38.95949172973633,39.19208223476606,38.61059901437592,38.843194157949526,47331909.0
2006-04-11,38.4361572265625,38.843196432378186,38.20356206936949,38.726898853781684,33915155.0
2006-04-12,38.843196868896484,39.13393618011092,37.854672078261345,37.854672078261345,55796844.0
2006-04-13,39.0757942199707,39.13393837463881,38.5524550810577,38.95949663354559,39164962.0
2006-04-14,39.54097366333008,39.54097366333008,38.726895325859175,38.95949046186335,38892068.0
2006-04-17,39.4246826171875,39.59912899804856,39.19208744270608,39.54098020442821,35193887.0
2006-04-18,39.482826232910156,39.59912380489925,38.90134301150857,39.42467744691561,29590677.0
2006-04-19,40.35505676269531,40.6458007170083,40.064312808382326,40.064312808382326,57104852.0
2006-04-20,40.64580154418945,40.70395033623544,40.23875999986758,40.23875999986758,38494751.0
2006-04-21,40.296905517578125,40.70394702882573,40.23875673025704,40.35505430489921,39472359.0
2006-04-24,39.65726852416992,40.296900465973884,39.59911974413835,39.77356608423308,41773659.0
2006-04-25,38.95949172973633,39.59912373601987,38.843194157949526,39.59912373601987,36433933.0
2006-04-26,40.12245559692383,40.238753161250905,38.726894102086064,38.84319166641314,37492050.0
2006-04-27,39.0757942199707,40.06431442749526,39.0757942199707,39.948021479614596,50857571.0
2006-04-28,39.599117279052734,40.06430285180368,38.95948537706652,39.48281972622922,46648106.0
2006-05-02,39.0757942199707,39.19208716785137,38.66875266748281,38.72690146069537,52414425.0
2006-05-03,38.95949172973633,39.59912373601987,38.95949172973633,39.19208223476606,41723472.0
2006-05-04,39.25022888183594,39.54097279545972,39.19208009911118,39.54097279545972,25590326.0
2006-05-05,39.83171844482422,40.413201658867386,39.54097451853073,39.599123303789426,55011621.0
2006-05-08,40.35505676269531,40.6458007170083,40.064312808382326,40.471354344420504,41549907.0
2006-05-09,39.54097366333008,40.180605648797844,39.36652731132695,40.180605648797844,42165748.0
2006-05-10,38.66874694824219,39.250230155819935,37.85466860221584,39.250230155819935,75295680.0
2006-05-11,38.726898193359375,38.726898193359375,37.91281979561074,37.91281979561074,42994885.0
2006-05-12,37.73836898803711,38.02911057607137,37.6802202065759,37.796517769498315,57094397.0
2006-05-15,36.749847412109375,37.156886597073274,36.69169862578997,36.982442557387,61700133.0
2006-05-16,36.2846565246582,37.098734829159206,36.226507743012164,36.80799324020078,58757899.0
2006-05-17,37.04058837890625,37.21503473482429,36.51725394969594,36.63354920103606,33387142.0
2006-05-18,35.10890197753906,35.22170906006133,34.82804506698993,35.05307941397426,58946971613.0
2006-05-19,35.10890197753906,35.44616358898545,34.82804506698993,35.10890197753906,45212447317.0
2006-05-22,35.354286193847656,36.51725737036266,35.29613740309469,36.4591085796097,66874659.0
2006-05-23,35.52873229980469,35.87762272243527,34.77280266422642,34.94724671590565,60425583.0
2006-05-24,35.47057342529297,35.87761252252047,35.0053855542799,35.52872219907853,58294711.0
2006-05-25,34.77280044555664,35.41243245968913,34.77280044555664,35.1798396325333,53210104.0
2006-05-26,34.59835433959961,35.23798635842537,34.48205676553239,34.889095955495684,62662057.0
2006-05-29,33.816837310791016,34.37855104785369,33.59238281544658,33.70461006311879,35559318188.0
2006-05-30,35.00539016723633,35.586875662447795,34.7727973607148,34.88909260433969,34352203.0
2006-06-01,35.70317459106445,36.11021610321423,35.237986610736705,35.76132337851442,47066334.0
2006-06-02,36.34280776977539,36.34280776977539,35.87761980434642,36.110214946696864,46201648.0
2006-06-05,35.12168502807617,36.57539517535725,34.88908992017739,36.45909994067944,55459125.0
2006-06-06,35.354286193847656,35.58688135685951,34.88909818709608,35.063544559354966,54823419.0
2006-06-07,34.947242736816406,35.354281903418666,34.947242736816406,35.17983787160161,33273175.0
2006-06-08,32.505008697509766,34.71465342382295,32.505008697509766,34.656504634259754,80875887.0
2006-06-09,34.0168571472168,34.24945221575207,33.086481511618054,33.72611563081888,71531628.0
2006-06-12,33.43539047241211,34.0750249489176,33.14464879360369,33.72613447049301,55858533.0
2006-06-13,32.6794548034668,33.26094037515173,32.6213060143711,33.14464279696033,54639398.0
2006-06-14,33.78428268432617,34.19132195530933,32.67946014932016,32.67946014932016,58904278.0
2006-06-15,33.02833938598633,34.19131032397631,32.970190607159665,34.13316154514965,45438382.0
2006-06-16,34.54021072387695,34.656508315356085,34.24946906445145,34.598359519616515,57760425.0
2006-06-19,34.54021072387695,34.71465711109565,34.30761786019102,34.656508315356085,67351439.0
2006-06-20,32.76144790649414,33.360379125184,32.461983456785404,33.00102178553351,91355412.0
2006-06-21,33.12079620361328,33.24058427006501,32.70154608848334,32.76143896207333,34227699.0
2006-06-22,34.558231353759766,34.6181242340477,33.659838149440816,33.89940967059254,42459279.0
2006-06-23,33.899410247802734,34.13898177303368,33.48016007864859,34.13898177303368,29058725.0
2006-06-26,34.138980865478516,34.43844526405619,33.54005206832317,33.54005206832317,24011566.0
2006-06-27,34.3785514831543,34.73790875202745,34.01919421428114,34.3785514831543,37100479.0
2006-06-28,33.599952697753906,33.95931005893167,33.42027401716503,33.54005980422428,57331751.0
2006-06-29,33.95930480957031,34.01919769384182,33.59994750394128,33.59994750394128,51614615.0
2006-06-30,34.977474212646484,35.03736939970059,34.618117005950964,34.977474212646484,71963641.0
2006-07-03,35.03737258911133,35.217048889543285,34.8576916501359,35.03737258911133,30083993.0
2006-07-04,35.21704864501953,35.51651532838479,35.09726521865383,35.33683670992867,30927555.0
2006-07-05,34.558231353759766,35.217053036927,34.49833847347184,35.15716247591107,23413662.0
2006-07-06,34.19887161254883,34.43844311647126,34.019192984607,34.378550240490654,39664663.0
2006-07-07,34.0790901184082,34.258768768798966,33.65983993416308,34.198875885335376,39109394.0
2006-07-10,34.0790901184082,34.258768768798966,33.36037551684514,33.5400541672359,41145718.0
2006-07-11,33.77962112426758,34.0790855010109,33.659835373570246,33.77962112426758,26654930.0
2006-07-12,34.19887161254883,34.737907496374305,33.959300108626394,34.61812174441309,52523144.0
2006-07-13,33.71973419189453,34.019198621417324,33.71973419189453,33.89941284960821,19841467.0
2006-07-14,33.001014709472656,33.24058621787084,32.94111951310122,33.0609075865722,52402345.0
2006-07-17,32.222408294677734,32.881230010383234,31.98283676169391,32.761444243891326,56417131.0
2006-07-18,32.402076721191406,32.521862449889554,32.28229099249326,32.34218385684233,29474923.0
2006-07-19,32.222408294677734,32.761444243891326,32.222408294677734,32.46197982766155,32017790.0
2006-07-20,33.65983963012695,33.71973251304955,33.060910800900956,33.240589449668754,48255594.0
2006-07-21,32.881221771240234,33.540045641134455,32.761436034763385,33.540045641134455,43132301.0
2006-07-24,31.683366775512695,31.743259648229454,31.324009539212145,31.683366775512695,74943008.0
2006-07-25,32.222408294677734,32.64165847739942,32.04272964493987,32.52187271090751,43911911.0
2006-07-26,32.121788024902344,32.479347877708335,32.002600634209664,32.479347877708335,39066183301.0
2006-07-27,32.300262451171875,32.3601553230552,32.002595527307804,32.12178289898083,52802041866.0
2006-07-28,32.58176040649414,32.64165328020397,32.282296037945,32.40208178536466,41668503.0
2006-07-31,32.82133483886719,33.24058731163114,32.461977564445476,33.12079923421861,39760084.0
2006-08-01,33.001014709472656,33.12079814439986,32.82133375890213,32.88122663600168,21196648.0
2006-08-02,32.881221771240234,33.06090269522705,32.641650298286535,32.881221771240234,22049346.0
2006-08-03,32.881221771240234,33.18068611243236,32.70154316652496,33.06090269522705,32050274.0
2006-08-04,32.881221771240234,33.18068611243236,32.70154316652496,33.00100982698862,35807220.0
2006-08-07,32.70155715942383,33.12080741648874,32.58177137169099,33.12080741648874,21937683.0
2006-08-08,33.24059295654297,33.24059295654297,32.701554634099054,32.82134041258162,21339779.0
2006-08-09,33.420257568359375,33.48015043241089,32.941112336675864,33.00100751999876,51550663.0
2006-08-10,34.01919174194336,34.138977489529005,33.420263004015126,33.420263004015126,60819692.0
2006-08-11,34.3785514831543,34.49833723944535,34.138979970572194,34.43844436129982,46873006.0
2006-08-14,34.49833297729492,34.67801158953282,34.31865436505702,34.37854723580299,25133270.0
2006-08-15,34.49833297729492,34.67801158953282,34.31865436505702,34.61811871878685,20543928.0
2006-08-16,35.33684539794922,35.456631173037515,35.03738096022847,35.21705730358863,58560042.0
2006-08-17,35.75609588623047,35.995667438252774,35.516524334208164,35.935774550247196,62238825.0
2006-08-18,35.696197509765625,36.11544766134296,35.5764117521721,36.0555547825462,57626135.0
2006-08-21,34.678016662597656,35.63630505399327,34.49833802407447,35.51651929497781,41619.0
2006-08-22,35.21704864501953,35.21704864501953,34.73790566246987,34.73790566246987,20302.0
2006-08-23,34.79780197143555,35.27694732057066,34.258766062839484,35.21705212256582,32399474.0
2006-08-24,34.0790901184082,34.498340302653325,33.95930435148102,34.258768768798966,36856851.0
2006-08-25,34.138980865478516,34.498338143771726,33.959302226331914,34.138980865478516,24699815.0
2006-08-28,33.65983963012695,34.13898269350775,33.480160981359155,34.13898269350775,26852877.0
2006-08-29,33.839515686035156,34.01919432103558,33.71972992936821,33.9593014427021,26054996.0
2006-08-30,34.31865310668945,34.618117449438785,34.13897450103986,34.37854597523932,26826484.0
2006-08-31,34.79780197143555,35.15716156310487,34.73790909270265,34.85769485016844,40281854.0
2006-09-01,35.21704864501953,35.27694383710996,34.91758428092599,34.91758428092599,29076998.0
2006-09-04,35.51651382446289,35.57640669474547,35.27694234333254,35.39672808389771,26855923.0
2006-09-05,35.097267150878906,35.57641015980704,35.03737427476289,35.57641015980704,15028800.0
2006-09-06,34.61812210083008,35.15716030947716,34.2587648412466,35.03737455628267,25035819.0
2006-09-07,34.19887161254883,34.318657364510045,34.019192984607,34.019192984607,23380164.0
2006-09-08,33.790409088134766,34.14797130837414,33.73051619862668,33.73051619862668,30968925561.0
2006-09-11,33.71973419189453,34.73791325227204,33.65984130598997,34.079091507321884,36606117.0
2006-09-12,33.95930480957031,34.198876346656334,33.659840388212785,33.8395190410273,28685163.0
2006-09-13,34.977474212646484,34.977474212646484,34.49833127038579,34.618117005950964,45216335.0
2006-09-14,34.977474212646484,35.33683373861352,34.49833127038579,35.33683373861352,40731551.0
2006-09-15,35.16135025024414,35.16135025024414,34.68460305863592,34.863082619882135,42647055608.0
2006-09-18,35.875877380371094,35.99566314208553,35.576412976084995,35.636305856942215,61945456.0
2006-09-19,36.23523712158203,36.474808661249355,36.11545135174837,36.23523712158203,51626796.0
2006-09-20,35.875877380371094,35.99566314208553,35.636305856942215,35.93577026122831,34033812.0
2006-09-21,36.23523712158203,36.35502289141569,35.93577269699787,36.23523712158203,34170852.0
2006-09-22,35.75609588623047,36.055560326258345,35.63631011021931,35.87588166224162,28759266.0
2006-09-25,35.75609588623047,35.935774550247196,35.456631446202586,35.75609588623047,16036811.0
2006-09-26,36.23523712158203,36.35502289141569,36.055558466831535,36.055558466831535,26138235.0
2006-09-27,36.47480392456055,36.534696801699575,36.17533953886542,36.47480392456055,35342297.0
2006-09-28,36.47480392456055,36.5945896788386,36.3550181702825,36.47480392456055,74300439.0
2006-09-29,35.75609588623047,36.35502476628623,35.456631446202586,36.29513187828065,46391840.0
2006-10-02,36.0555534362793,36.23523206596062,35.636303300356204,35.81598193003753,44685429.0
2006-10-03,35.93576431274414,36.11544292557341,35.696192828971775,35.93576431274414,31465567.0
2006-10-04,35.03737258911133,35.93576568762979,35.03737258911133,35.93576568762979,46779615.0
2006-10-05,36.355010986328125,36.41490385163198,35.696189467985675,35.696189467985675,45036660.0
2006-10-09,36.355010986328125,36.355010986328125,36.355010986328125,36.355010986328125,0.0
2006-10-11,36.295127868652344,36.474806512819455,36.17534210587428,36.35502075004138,38087172.0
2006-10-12,36.534690856933594,36.594583724327116,36.29511938735952,36.534690856933594,31482824.0
2006-10-13,37.85234069824219,37.972126447077876,37.01383813712057,37.01383813712057,78219804.0
2006-10-16,38.93041229248047,39.050198033732926,37.91223117256297,38.33148126694656,80407380.0
2006-10-17,37.672672271728516,38.45127984990369,37.61277938109966,38.33149406864597,38272938.0
2006-10-18,37.13363265991211,37.37320419922657,36.83416591649686,37.19352554474072,36902531.0
2006-10-19,36.534690856933594,37.01383379608175,36.41490512214656,36.71436945911415,38504385.0
2006-10-20,37.01384353637695,37.07373873880356,36.65448623744997,36.65448623744997,19804923.0
2006-10-23,36.654483795166016,36.834162432657536,36.474805157674496,36.534698036838336,12936645.0
2006-10-24,37.7325553894043,37.852341139636806,36.953945693621186,36.953945693621186,52962690.0
2006-10-25,37.31330871582031,37.67266599976559,37.13363007384767,37.67266599976559,39131727.0
2006-10-26,36.65089797973633,37.60439260574578,36.65089797973633,37.24683270081033,33418405823.0
2006-10-27,37.4330940246582,37.672665544392544,37.25341538485745,37.37320114472462,38132852.0
2006-10-30,36.355010986328125,36.953939639366716,36.355010986328125,36.834153908759,60226864.0
2006-10-31,36.534690856933594,36.77426232650767,36.47479798954008,36.534690856933594,27665986.0
2006-11-01,36.0555534362793,36.834160831565036,35.99566055971886,36.774267955004596,54269145.0
2006-11-02,36.4149055480957,36.65447702047207,35.87586973524888,35.935762603342965,38329785.0
2006-11-03,36.59458541870117,36.8341568993677,36.05554958720148,36.05554958720148,59433042.0
2006-11-06,36.23523712158203,36.41491577633252,36.11545135174837,36.11545135174837,36353353.0
2006-11-07,36.295127868652344,36.71437803837559,36.23523498726331,36.53469939420849,40351897.0
2006-11-08,36.17534255981445,36.534699852658,36.17534255981445,36.41491408837682,28891231.0
2006-11-09,36.23523712158203,36.71438020091668,36.23523712158203,36.53470154616618,42639970.0
2006-11-10,36.4149055480957,36.59458415237798,36.115441207625246,36.23522694381343,32187315.0
2006-11-13,35.93576431274414,36.29512153840268,35.875871441801046,36.235228667459594,27048795.0
2006-11-14,36.4149055480957,36.4149055480957,36.05554833953115,36.05554833953115,24290723.0
2006-11-15,37.01384353637695,37.25341738826705,36.71437912060447,36.89405777006796,52333317.0
2006-11-16,37.253414154052734,37.55287854382674,37.13362839814314,37.43309278791714,36581754.0
2006-11-17,37.373199462890625,37.612770971843986,37.13362795393726,37.433092340128965,30150991.0
2006-11-20,37.253414154052734,37.313307032007536,36.89405456705202,37.313307032007536,34728151.0
2006-11-21,37.7325553894043,37.7325553894043,35.93576681664487,35.93576681664487,44474285.0
2006-11-22,37.7325553894043,37.79244826452055,37.49298388893928,37.7325553894043,36937045.0
2006-11-23,38.03203201293945,38.15181780174815,37.79246043532206,37.91224622413076,44517935.0
2006-11-24,37.97213363647461,38.151812293747334,37.73256209344431,37.91224075071703,24710981.0
2006-11-27,38.69083786010742,38.7507307297575,38.27158777255691,38.39137351185706,43691630.0
2006-11-28,38.33148956298828,38.451275330165835,38.091918028633174,38.33148956298828,34585020.0
2006-11-29,38.630950927734375,38.750736685444664,37.972129260327804,38.57105804887924,64572577.0
2006-11-30,39.229881286621094,39.229881286621094,38.57105731252015,38.87052170107881,73244718.0
2006-12-01,39.82881164550781,39.82881164550781,38.69084460451959,39.16998996451421,70899799.0
2006-12-04,39.709022521972656,39.94859402204226,39.40955814688565,39.64912964695525,51629842.0
2006-12-05,40.06838607788086,40.42774338453949,39.82881454010843,40.36785050009638,47807928.0
2006-12-06,40.66731643676758,40.7272093234411,40.30795911672644,40.36785200339996,48948919.0
2006-12-07,40.12827682495117,40.54752699372217,39.88870529993917,40.48763411246917,35983850.0
2006-12-08,39.589237213134766,40.128273094298585,38.93041558060121,40.128273094298585,38821101.0
2006-12-11,39.82881164550781,39.888704525598136,39.05020420433355,39.16998996451421,35027611.0
2006-12-12,38.451271057128906,39.82880954585897,38.27159242633001,39.82880954585897,42079625.0
2006-12-13,38.87052917480469,38.93042438330451,37.97213583639259,38.63095761789479,39262677.0
2006-12-14,38.39138412475586,39.110101078510155,38.39138412475586,39.050208192303316,23654245.0
2006-12-15,38.87052917480469,39.229888829441876,38.63095761789479,38.93042438330451,34750484.0
2006-12-18,39.888702392578125,40.12827390012852,39.11009499303935,39.11009499303935,33957678.0
2006-12-19,38.99030685424805,39.469449840039914,38.93041398102406,39.469449840039914,36219358.0
2006-12-20,38.810630798339844,39.28977616368806,38.6908450368208,39.28977616368806,33437938.0
2006-12-21,38.87052917480469,39.34967460789682,38.81063628557721,38.81063628557721,34600247.0
2006-12-22,39.28977584838867,39.28977584838867,38.99031144699424,39.229882968109784,9512657.0
2006-12-25,38.99030685424805,39.22987834714398,38.870518788528344,39.16998547391999,4135584.0
2006-12-26,39.52934265136719,39.58923552449739,38.93041392006518,38.93041392006518,19243564.0
2006-12-27,39.76891326904297,39.8886990126683,39.529341781792304,39.529341781792304,23128415.0
2006-12-28,39.589237213134766,40.008487342928845,39.589237213134766,39.82880871587424,20507384.0
2006-12-29,40.427734375,40.427734375,39.22987695308691,39.64912705075649,30997598.0
2007-01-02,40.54752731323242,40.727205958407275,40.30795578633262,40.60742019495737,26292533.0
2007-01-03,40.727195739746094,41.14644580662876,40.427731406258474,40.607410006351046,42463339.0
2007-01-04,40.54752731323242,40.787098840132224,40.48763443150747,40.54752731323242,22444226.0
2007-01-05,40.06838607788086,40.5475291534257,39.82881454010843,40.42774338453949,30905222.0
2007-01-08,39.40956115722656,39.82881131437323,39.34966827763418,39.58923979600371,24350615.0
2007-01-09,39.52934265136719,39.82880701701819,39.469449778236985,39.469449778236985,26319941.0
2007-01-10,38.451271057128906,39.16998789959636,38.33148530326298,39.16998789959636,74638473.0
2007-01-11,39.40956115722656,39.948597073558,38.75073716243839,38.75073716243839,69732415.0
2007-01-12,41.38603210449219,41.625603657135,40.128281453117424,40.427745893920935,134447109.0
2007-01-15,41.445926666259766,41.80528400973501,41.20635510394293,41.56571244741818,70399346.0
2007-01-16,42.1047477722168,42.22453353821461,41.38602853768571,41.44592142068461,76456547.0
2007-01-17,42.46409606933594,42.523988939639686,41.44591263562891,41.865167366298415,49354965.0
2007-01-18,42.43175506591797,42.72942432616757,42.25267481206579,42.31256768739253,55236218231.0
2007-01-19,41.80527877807617,42.46410513054443,41.62560012882417,41.62560012882417,47456698.0
2007-01-22,41.32612991333008,42.04484440946737,41.26623703865197,41.925058660111155,55429423.0
2007-01-23,41.20634078979492,41.32612652934249,40.84698357115222,41.20634078979492,39219027.0
2007-01-24,42.22452926635742,42.64377940493421,41.925060243115965,42.52399365105512,80198266.0
2007-01-25,42.523990631103516,42.6437763764757,42.28441914035914,42.464097758417424,39276889.0
2007-01-26,40.727195739746094,40.96676720653619,40.128267072770846,40.128267072770846,123692965.0
2007-01-29,41.08656311035156,41.20634887339794,40.7272058212124,40.90688446578198,46715662.0
2007-01-30,40.5247688293457,40.70324608372488,40.46487595026096,40.5247688293457,40901509938.0
2007-01-31,40.36783981323242,40.84698276193036,39.46944678442379,40.72719702475588,84426227.0
2007-02-01,40.12827682495117,40.60741987497517,39.94859818119217,40.60741987497517,34083552.0
2007-02-02,40.607418060302734,40.727203817455724,40.367846545996755,40.607418060302734,52608414.0
2007-02-05,40.607418060302734,40.84698957460872,40.30795366742026,40.607418060302734,26738169.0
2007-02-06,41.266239166259766,41.266239166259766,40.60741751083301,40.727203266365144,36294476.0
2007-02-07,41.20634078979492,41.56569800843762,41.02666218047357,41.445912268890055,31078807.0
2007-02-08,40.96678161621094,41.50581760608942,40.72721006515383,41.50581760608942,42722194.0
2007-02-09,40.727195739746094,41.206338673326286,40.427731406258474,40.96676720653619,60761830.0
2007-02-12,40.12827682495117,40.66731275622818,39.82881241868617,40.12827682495117,52307939.0
2007-02-13,39.40956115722656,40.18816859192752,39.40956115722656,39.82881131437323,59982220.0
2007-02-14,40.30794906616211,40.30794906616211,39.768913220506,40.128270450943404,36108710.0
2007-02-26,41.266239166259766,41.445917799557975,41.14645341072763,41.38602492179191,92771500.0
2007-02-27,41.505821228027344,41.9849643719532,41.26624965606441,41.32614254905515,77431059.0
2007-03-01,39.94859313964844,40.727200497676584,39.94859313964844,39.94859313964844,93824176.0
2007-03-02,39.80963897705078,39.928826346479475,39.51137136743786,39.69045160762209,32609394488.0
2007-03-05,37.72357177734375,38.97533615562983,37.72357177734375,38.73696139153743,76199105583.0
2007-03-06,38.99030685424805,39.28977122036797,37.91223281694461,37.91223281694461,68872611.0
2007-03-07,39.229881286621094,39.589238552891466,39.050202653485904,39.589238552891466,52956599.0
2007-03-08,39.46945571899414,39.52934860113914,38.930419779689174,39.52934860113914,42735391.0
2007-03-09,39.82881164550781,39.94859740568847,39.46945436496585,39.888704525598136,38752073.0
2007-03-12,40.248050689697266,40.248050689697266,39.7689077813131,39.88869350840914,36451819.0
2007-03-13,41.38603210449219,41.38603210449219,40.607424558403046,40.727210334724454,88232914.0
2007-03-14,40.66731643676758,40.84699509678815,40.36785200339996,40.427744890073484,49611790.0
2007-03-15,41.32612991333008,41.5058085373644,41.02666553993954,41.08655841461765,39083001.0
2007-03-16,41.32612991333008,41.445915662686296,41.02666553993954,41.32612991333008,32378157.0
2007-03-19,41.32612991333008,41.386022788008184,41.08655841461765,41.32612991333008,24381068.0
2007-03-20,41.445926666259766,41.62560533799739,41.32614088510135,41.32614088510135,27396980.0
2007-03-21,41.74538040161133,41.925059027218964,41.565701776003685,41.74538040161133,36829443.0
2007-03-22,42.04484939575195,42.4042113249825,41.98495651397088,42.284425561420356,64008173.0
2007-03-23,41.92506408691406,42.04484985177541,41.745385439622034,41.984956969344736,52240942.0
2007-03-26,41.92506408691406,42.04484985177541,41.865175843027565,41.92506408691406,17781796.0
2007-03-27,41.445926666259766,42.34432466349269,41.445926666259766,41.925069790893424,47981513.0
2007-03-28,40.90687942504883,41.32612954404926,40.72720080262007,40.966772299191746,37260867.0
2007-03-29,41.146446228027344,41.386017697270994,40.42773182029639,40.42773182029639,58493045.0
2007-03-30,40.66731643676758,41.02667375680872,40.54753066342053,40.7272093234411,40987360.0
2007-04-02,40.84699249267578,41.0865640240965,40.42774231268951,40.60742096125505,25540332.0
2007-04-03,40.727195739746094,40.906874339838666,40.54751713965352,40.78708860644362,27851752.0
2007-04-04,41.505821228027344,41.68549990699954,40.727213619147825,40.727213619147825,57533759.0
2007-04-09,41.32612991333008,41.805272910754944,41.146451289295754,41.62559428672062,43425670.0
2007-04-10,41.02667236328125,41.4459225557555,40.84699370936371,41.4459225557555,38949006.0
2007-04-11,41.505821228027344,41.565714121018075,41.086570977092215,41.086570977092215,30941767.0
2007-04-12,41.02667236328125,41.50581544039468,40.90688659400289,41.02667236328124,29913454.0
2007-04-13,40.90687942504883,41.56570104062094,40.78709367676299,41.50580816647801,15635840.0
2007-04-16,40.427734375,41.386020312530476,40.427734375,41.14644882814786,26257004.0
2007-04-17,40.727195739746094,41.326124406721334,40.607410006351046,41.14644580662876,29041468.0
2007-04-18,41.08656311035156,41.14645599187475,40.487634295119626,40.487634295119626,47689159.0
2007-04-19,40.36783981323242,41.02666136769209,40.24805407605794,41.02666136769209,71378934.0
2007-04-20,40.427734375,40.66730585938262,40.307948632808696,40.367841503904344,36506635.0
2007-04-23,41.08656311035156,41.44592039949072,40.66731293968921,40.7272058212124,50902003.0
2007-04-24,41.80527877807617,41.92506454424418,41.08656418106814,41.20634994723615,62405304.0
2007-04-25,41.505821228027344,41.74539279999027,41.14646387008295,41.565714121018075,26780804.0
2007-04-26,41.865177154541016,42.22453446038268,41.7453867473828,42.16464157607573,54886335.0
2007-04-27,41.32612991333008,41.925058660111155,41.146451289295754,41.86517042397663,37065965.0
2007-04-30,41.146446228027344,41.146446228027344,40.66730328954004,41.146446228027344,41678654.0
2007-05-02,40.727195739746094,41.14644580662876,40.727195739746094,41.14644580662876,49526520.0
2007-05-03,40.96678161621094,41.086567391739486,40.72721006515383,40.72721006515383,63168671.0
2007-05-04,41.38603210449219,41.44592499265289,40.96678188736727,41.02667477552797,43466274.0
2007-05-07,41.02667236328125,41.68549409431222,40.96677947864207,41.625601209673036,40177297.0
2007-05-08,40.727195739746094,41.026660073233714,40.607410006351046,41.026660073233714,29353109.0
2007-05-09,40.727195739746094,41.026660073233714,40.54751713965352,40.66730287304857,33224764.0
2007-05-10,41.02667236328125,41.1464581325596,40.90688659400289,41.02667236328124,38463780.0
2007-05-11,40.427734375,40.72719873047828,40.427734375,40.427734375,48734729.0
2007-05-14,40.248050689697266,40.54751500743737,40.008479235505185,40.42772928034133,59656368.0
2007-05-15,39.82881164550781,40.24806180614011,39.70902588532716,40.06838316586912,52371892.0
2007-05-16,39.888702392578125,40.12827390012852,39.76891663880293,40.12827390012852,41476646.0
2007-05-17,40.54752731323242,40.787098840132224,40.18817002288272,40.24806290460767,50899973.0
2007-05-18,41.02667236328125,41.26624390183796,40.84699370936371,41.206351017198784,83547136.0
2007-05-21,41.445926666259766,41.56571244741818,41.02667643220531,41.20635510394293,69019803.0
2007-05-22,40.96678161621094,41.38603183056087,40.96678161621094,41.3261389427966,27513718.0
2007-05-23,41.266239166259766,41.445917799557975,41.2063462884937,41.266239166259766,61157725.0
2007-05-24,41.02667236328125,41.26624390183796,40.84699370936371,41.02667236328124,44111889.0
2007-05-25,40.36783981323242,40.60741128758139,40.06837547029621,40.48762555040691,68090971.0
2007-05-28,40.48762512207031,40.66730372593114,40.427732254116705,40.66730372593114,30897102.0
2007-05-29,41.08656311035156,41.08656311035156,40.607420058166014,40.66731293968921,50855308.0
2007-05-30,40.727195739746094,41.026660073233714,40.427731406258474,40.66730287304857,48759092.0
2007-05-31,40.84699249267578,41.146456906951684,40.846992492675774,41.02667114124132,48873800.0
2007-06-01,41.20634078979492,41.32612652934249,41.086555050247355,41.20634078979492,65352187.0
2007-06-04,41.38603210449219,41.625603657135,41.326139216331484,41.326139216331484,65067954.0
2007-06-05,41.32612991333008,41.5058085373644,41.146451289295754,41.386022788008184,46546138.0
2007-06-06,41.266239166259766,41.56570355509011,41.086560532961556,41.32613204402583,90103773.0
2007-06-07,41.32612991333008,41.32612991333008,41.02666553993954,41.146451289295754,90202240.0
2007-06-08,39.36580276489258,39.72695517392545,39.30560837744836,39.72695517392545,143994171.0
2007-06-11,39.48618698120117,39.72695525437734,39.42599259363505,39.72695525437734,52761870.0
2007-06-12,39.004642486572266,39.486183630607655,39.004642486572266,39.425989248149314,58542485.0
2007-06-13,38.58330154418945,39.00464602471512,38.46291508762431,39.00464602471512,53593156.0
2007-06-14,39.125030517578125,39.18522490604379,38.88426224080392,38.94445662926959,63326163.0
2007-06-15,39.54636764526367,39.60656201900138,39.305599427399024,39.54636764526367,76806520.0
2007-06-20,41.111366271972656,41.23175036899729,40.027904760208365,40.027904760208365,156874548.0
2007-06-21,41.653106689453125,41.77349081440131,40.75022343306985,41.29195431460856,144017402.0
2007-06-22,41.5327262878418,41.95407308220532,41.11137949347827,41.95407308220532,61035331.0
2007-06-25,42.37541198730469,42.37541198730469,41.472524179530964,41.532718555466516,98997697.0
2007-06-26,41.5929069519043,42.134642402228955,41.532717216452525,42.074448028234066,43949034.0
2007-06-27,41.83368682861328,42.0142607038102,41.29195592593474,41.532724185226556,45260101.0
2007-06-28,42.37541198730469,42.49579610063253,41.89387089545005,42.25502787397684,76420675.0
2007-06-29,42.67637634277344,42.73656608263794,42.07445111286764,42.73656608263794,65587704.0
2007-07-02,42.73657989501953,42.73657989501953,42.07446471125486,42.67639013570181,34884691.0
2007-07-03,42.85695266723633,43.278299424709296,42.79676292390803,42.79676292390803,45479286.0
2007-07-04,43.278282165527344,43.33847652339413,42.97731965327718,43.218092446202434,45053037.0
2007-07-05,42.97734832763672,43.097737123693335,42.61619585510178,42.97734832763672,49550867.0
2007-07-06,42.43560791015625,42.73657055661613,42.194839648405924,42.67638081045052,41337000.0
2007-07-09,43.33849334716797,43.33849334716797,42.31522133599698,42.435605459921156,54256770.0
2007-07-10,43.33849334716797,43.699645718940495,42.97733633685177,43.33849334716797,83992138.0
2007-07-11,43.57927322387695,43.6996573799249,42.97734780509232,43.21812075573312,62059539.0
2007-07-12,43.157920837402344,43.88023031983252,42.85695816651107,43.63946203853723,66911902.0
2007-07-13,43.94041442871094,44.00060881057765,43.33849380276239,43.759840560198235,87624340.0
2007-07-16,43.63945388793945,43.94041186407609,43.09772303693268,43.94041186407609,47211551.0
2007-07-17,43.75983810424805,43.820027844192985,42.917144636671175,43.820027844192985,30858563.0
2007-07-18,42.73657989501953,43.458889476646874,42.73657989501953,43.218121162286074,42577363103.0
2007-07-19,42.13465118408203,42.315225066616314,41.773494141925305,42.07445679754122,66622013.0
2007-07-20,41.773494720458984,42.134651767617484,41.412342311844625,42.134651767617484,70424916.0
2007-07-23,41.35213851928711,41.472522628111584,41.11137030163817,41.35213851928711,55621371.0
2007-07-24,42.917152404785156,42.917152404785156,41.53272783440213,41.53272783440213,79181188726.0
2007-07-25,41.893882751464844,42.134655684802794,41.7133088496421,42.074461291832165,43271279.0
2007-07-26,41.05117416381836,42.13464037376383,40.990984431264266,42.13464037376383,74248020.0
2007-07-27,38.523101806640625,39.365795238478796,38.523101806640625,39.12502237327985,259580202.0
2007-07-30,39.125030517578125,39.3056090444309,37.9813765643564,38.101763022015625,124382706.0
2007-07-31,39.125030517578125,39.245414655965234,38.88426224080392,39.125030517578125,108052949.0
2007-08-01,36.89791488647461,38.82407038851805,36.89791488647461,38.52311004086884,184354436.0
2007-08-02,38.4027214050293,38.4027214050293,37.13868337803174,37.31925957638225,96617978.0
2007-08-03,38.462913513183594,38.82406822955133,37.860990532085374,38.76387616336871,43447030.0
2007-08-06,37.680419921875,38.16195884202443,37.56003577165573,37.62022784676537,51372018.0
2007-08-07,36.89791488647461,37.86099263749633,36.83772281694476,37.80080056796648,68951228.0
2007-08-08,37.8007926940918,37.8007926940918,36.59694691571082,36.95809925766212,79317547.0
2007-08-09,38.4027214050293,38.70368405488547,38.04156668905628,38.583299922651804,50910417.0
2007-08-10,37.01830291748047,37.49984184361827,36.77753461404775,36.77753461404775,79525621.0
2007-08-13,37.31925964355469,37.68041436017776,37.07848905938197,37.62022229395258,60228287.0
2007-08-14,37.25906753540039,37.740606383931926,37.01829695149863,37.43964373387272,42393530.0
2007-08-15,36.71733093261719,37.018291216780895,36.53675244284732,37.018291216780895,70863285.0
2007-08-16,35.57367706298828,36.17560230654281,35.272716760482794,36.11540792676993,116610239.0
2007-08-17,35.51349639892578,36.295998075091866,35.272728079657774,35.57368847874279,77250950.0
2007-08-20,37.43965148925781,37.49984356788366,36.59696006922347,37.31926733200612,62321146.0
2007-08-21,37.25906753540039,37.31925960155783,36.41637397065221,37.01829695149863,50454877.0
2007-08-22,36.65714645385742,37.01829886951433,36.536759996033,37.01829886951433,36245251.0
2007-08-23,37.8007926940918,37.921176808075565,37.49983008986073,37.62021652311614,81387175.0
2007-08-24,37.078487396240234,37.92118092413803,37.01829533271495,37.92118092413803,55273907.0
2007-08-27,37.078487396240234,37.68041267003689,36.958103269189664,37.560028542986316,39349188.0
2007-08-28,36.958099365234375,37.01829142240146,36.47656058862606,36.59694702223188,37855298.0
2007-08-29,36.235801696777344,36.29599376945402,35.87464694144504,35.87464694144504,51182125.0
2007-08-30,36.4163703918457,36.717333012327906,36.356178331603616,36.59694889184373,32552446.0
2007-08-31,37.7406120300293,37.7406120300293,36.47657149380315,36.47657149380315,57537468.0
2007-09-03,37.680419921875,37.74061199698464,37.19888100172557,37.74061199698464,29107106.0
2007-09-04,37.078487396240234,37.6202206065116,36.958103269189664,37.198873842562705,18916538.0
2007-09-05,37.198875427246094,37.74060634132346,37.13868336115661,37.68041427523398,30499989.0
2007-09-06,37.43965148925781,37.68042212303368,36.777536305101016,37.19888317475442,39366359.0
2007-09-07,37.31925964355469,37.80079849262812,37.018296993156795,37.80079849262812,26939502.0
2007-09-10,36.83771896362305,36.89791102685664,36.295988075248815,36.89791102685664,33192828655.0
2007-09-11,36.89791488647461,37.01829902553429,36.5969545388254,37.01829902553429,19271072.0
2007-09-12,37.01830291748047,37.19888146432738,36.71734253818957,36.71734253818957,31121180.0
2007-09-13,36.4765625,37.018293362162126,36.3561783793577,37.018293362162126,31171684.0
2007-09-14,37.198875427246094,37.198875427246094,36.657144513168724,36.958104843616155,46905501.0
2007-09-17,36.596946716308594,37.31925371554729,36.4163682270452,37.31925371554729,29274777.0
2007-09-18,36.596946716308594,36.596946716308594,36.596946716308594,36.596946716308594,0.0
2007-09-19,36.958099365234375,37.56002457544851,36.59694702223188,37.49983019900977,87697065.0
2007-09-20,36.71733093261719,37.37944587704899,36.65713887578444,37.13867764971802,67565415811.0
2007-09-21,37.01830291748047,37.19888146432738,36.71734253818957,37.01830291748047,30268684.0
2007-09-26,37.01830291748047,37.19888146432738,36.71734253818957,36.71734253818957,87819283.0
2007-09-27,38.28233337402344,38.28233337402344,37.13867959573222,37.43963989566583,75288389.0
2007-09-28,38.28233337402344,38.4629095539836,37.98137075481807,38.28233337402344,66759382.0
2007-10-01,38.462913513183594,38.64349203100346,38.2221452484531,38.2221452484531,59374780.0
2007-10-02,39.06483459472656,39.30560283345516,38.82406403672622,39.06483459472656,110099346.0
2007-10-03,39.125030517578125,39.3056090444309,38.94445662926959,39.3056090444309,78886249.0
2007-10-04,38.643497467041016,39.12503406424045,38.462918923818904,38.643497467041016,40264309.0
2007-10-05,38.88425827026367,39.12502652245261,38.523105891980265,38.64349001807473,27759677.0
2007-10-08,39.125030517578125,39.48618757128367,38.824070171610366,39.425993182818004,64394814.0
2007-10-09,39.004642486572266,39.30560512177641,38.52310598108064,39.30560512177641,42308685.0
2007-10-11,38.10176467895508,39.12503221901663,37.921186144249454,39.12503221901663,81860897.0
2007-10-12,36.89791488647461,37.6804164289068,36.83772281694476,37.6804164289068,79288255.0
2007-10-15,37.860992431640625,37.860992431640625,36.83772261665273,36.8979146858553,90365662.0
2007-10-16,37.56002426147461,37.8007924881303,37.198869602219446,37.198869602219446,80164994188.0
2007-10-17,37.31925964355469,37.740606426402934,37.07848905938197,37.740606426402934,47351950.0
2007-10-18,37.860992431640625,37.860992431640625,37.198877351140254,37.4998376971531,32670623.0
2007-10-19,37.31925964355469,37.860990558853295,37.25906757732951,37.860990558853295,26892029.0
2007-10-22,36.4765625,36.4765625,35.874639577516724,36.11540781880133,80311453.0
2007-10-23,37.01830291748047,37.138689388469196,36.476571915484485,36.476571915484485,35098825.0
2007-10-24,36.596946716308594,37.37944577221121,36.47656028370912,37.07848316961997,33074650.0
2007-10-25,36.777530670166016,36.897914808972835,36.35618386507001,36.41637593447342,46308551.0
2007-10-26,37.078487396240234,37.198873842562705,36.71733501508852,36.71733501508852,72908671.0
2007-10-29,38.462913513183594,38.523107898638216,37.31925961716977,37.31925961716977,83796185.0
2007-10-30,37.921180725097656,38.76387424857233,37.74060453546961,38.76387424857233,38215892.0
2007-10-31,38.4027214050293,38.64349198876864,37.92118255682261,38.52310785653496,48506457.0
2007-11-01,38.643497467041016,38.763881616340875,38.16195855056925,38.763881616340875,54973917971.0
2007-11-02,37.078487396240234,38.28233562456164,37.01829533271495,37.92118092413803,60329294.0
2007-11-05,37.62022399902344,37.62022399902344,36.41637566214155,37.31926133498494,64364512822.0
2007-11-06,37.680419921875,37.921188222313546,37.31926515194484,37.62022784676537,32956472.0
2007-11-07,37.921180725097656,38.402719550044345,37.86098866188831,38.402719550044345,71047117.0
2007-11-08,37.25906753540039,37.49983580003016,36.958104885341186,37.01829695149863,58650562.0
2007-11-09,37.49982833862305,38.10175351897535,37.018289585904135,37.07848164008505,69057285.0
2007-11-12,37.078487396240234,37.37945003313856,36.958103269189664,37.078487396240234,77819618.0
2007-11-13,37.13867950439453,37.13867950439453,36.71733276625197,37.0182930654454,53703253.0
2007-11-14,37.01830291748047,38.041572845614255,36.958110841622286,37.80080454218154,76601477.0
2007-11-15,36.65714645385742,37.07849093879048,36.65714645385742,36.71733852313357,49587229.0
2007-11-16,36.4163703918457,36.53675451232988,36.11540777136349,36.53675451232988,49988226.0
2007-11-19,36.4163703918457,37.31925593402055,36.356178331603616,36.4163703918457,71248120.0
2007-11-20,36.4163703918457,36.59694889184373,35.99502365087932,36.11540777136349,64323100.0
2007-11-21,35.27272415161133,36.47657025243354,35.27272415161133,36.41637817931966,83413370.0
2007-11-22,36.05522155761719,36.17560801689427,34.55041284973905,34.911567589026006,55509253.0
2007-11-23,35.87464141845703,36.235796118188695,35.694065228227146,36.11540967209688,54809277.0
2007-11-26,36.777530670166016,36.777530670166016,36.11541326818424,36.175607656859775,146777924701.0
2007-11-27,35.57367706298828,36.17560230654281,35.39310088148499,35.814447624264446,83528517.0
2007-11-28,35.212528228759766,35.69406708029712,35.212528228759766,35.212528228759766,54263840.0
2007-11-29,36.115413665771484,36.115413665771484,35.39310650570668,35.51349064583879,59114183.0
2007-11-30,36.4765625,36.4765625,35.694063396553275,35.694063396553275,47288316.0
2007-12-03,35.995018005371094,36.59694315192874,35.87463390376813,36.53674878185585,40504705.0
2007-12-04,36.29597473144531,36.59693725623971,35.45328151743782,35.99501220665091,41376393.0
2007-12-05,36.65714645385742,36.777530592409725,36.055221122551664,36.23579964965224,113492161.0
2007-12-06,37.25906753540039,37.25906753540039,36.717336620711414,37.01829695149863,93817062.0
2007-12-07,37.680419921875,38.22215091713407,37.56003577165573,37.62022784676537,165686374.0
2007-12-10,36.777530670166016,37.921184627375084,36.777530670166016,37.921184627375084,75090416.0
2007-12-11,37.7406120300293,37.7406120300293,36.83772626404952,36.89791833921186,77784265.0
2007-12-12,36.89791488647461,37.49983790104515,36.65714660835524,37.319261692455626,118280890.0
2007-12-13,36.53675079345703,37.07848159976782,36.53675079345703,36.71732927507498,139614519.0
2007-12-14,35.995018005371094,36.41636468025288,35.51347927968782,36.41636468025288,153675665.0
2007-12-17,35.814453125,35.87464519474599,35.45329838725194,35.573682526743916,67113915.0
2007-12-18,35.393104553222656,35.87464340645882,35.27272041973161,35.51348868671369,82978031368.0
2007-12-19,35.63386535644531,36.11540175820697,35.393094836293095,36.11540175820697,87625350.0
2007-12-20,35.51349639892578,35.63388287783231,35.39311223929178,35.63388287783231,56875874.0
2007-12-21,35.51349639892578,35.87465119710032,35.51349639892578,35.63388287783231,77640836.0
2007-12-24,35.63386535644531,35.99501765776656,35.453286886513304,35.81444150710593,36075560.0
2007-12-25,35.87464141845703,35.934833481866995,35.57367878213533,35.814449355047074,25618334.0
2007-12-26,35.814453125,35.93483726449197,35.33291424775997,35.814453125,24080002286.0
2007-12-27,37.13867950439453,37.13867950439453,35.87463928996685,36.1154075293216,127516944.0
2007-12-28,36.4163703918457,37.62021855450276,36.4163703918457,37.018293313538344,74708611.0
2007-12-31,35.814453125,35.93483726449197,35.33291424775997,35.814453125,24080002.0
2008-01-02,36.4163703918457,37.31925593402055,36.23579421111944,37.31925593402055,39300705.0
2008-01-03,35.75424575805664,36.11539802201616,35.75424575805664,36.055205978022904,35123067.0
2008-01-04,36.115413665771484,36.356184265307846,35.21253029550852,35.6940691753091,48851900.0
2008-01-07,33.587337493896484,34.911570086499,33.587337493896484,34.30964702414233,104088436.0
2008-01-08,33.70771408081055,34.06886642079408,33.406751478219306,33.58732764821107,47704464.0
2008-01-09,34.30963897705078,34.30963897705078,32.80483051446551,33.1057908154195,45426762.0
2008-01-10,33.52714538574219,34.55041528649721,33.2863770887515,34.30964698950653,61813083.0
2008-01-11,33.10578536987305,33.767902561604195,32.92520921900349,33.767902561604195,72260208.0
2008-01-14,33.04560470581055,34.189261013191285,32.92522056375116,34.00868248083002,77963047.0
2008-01-15,34.6106071472168,34.85137776199437,33.22618480951685,33.34656895726949,98374485.0
2008-01-16,33.346561431884766,33.8281002334978,33.0455988111497,33.46694555247008,79288255.0
2008-01-17,32.92521286010742,33.948482466738106,32.80482874621479,33.46694369189592,51692209.0
2008-01-18,32.865013122558594,33.04558925119664,32.08251192658487,32.50385854601141,66086677.0
2008-01-21,32.08252716064453,32.92522079964205,32.08252716064453,32.86502872818111,43136940.0
2008-01-22,29.855403900146484,30.758287069376944,29.855403900146484,29.855403900146484,88136444.0
2008-01-23,30.698101043701172,30.938871636930593,30.33694863276518,30.698101043701175,78966044.0
2008-01-24,32.32328796386719,32.8048267088024,31.962133325347903,32.8048267088024,72080416.0
2008-01-25,33.40675354003906,33.70771616120531,33.10579091887281,33.10579091887281,50756887.0
2008-01-28,32.62425231933594,33.34656168691552,32.50386819782994,33.34656168691552,39967349.0
2008-01-29,34.30963897705078,34.30963897705078,33.466945495836065,33.64752167640846,58653592.0
2008-01-30,34.791175842285156,35.092136126495596,34.30963706827681,34.610597352487254,111730604.0
2008-01-31,36.05522155761719,36.05522155761719,34.49022077973658,34.61060491974152,172864922.0
2008-02-01,36.958099365234375,37.439638141842686,36.35617647429189,36.717331136566045,135886361.0
2008-02-12,36.115413665771484,36.295992195241794,35.934837455573316,35.934837455573316,104072274.0
2008-02-13,36.05522155761719,36.71733896618863,36.05522155761719,36.71733896618863,52671974.0
2008-02-14,37.31925964355469,37.31925964355469,36.23579781295747,36.23579781295747,73558144.0
2008-02-15,37.01830291748047,37.138689388469196,36.657150462331394,36.71734253818957,30468677.0
2008-02-18,36.115413665771484,37.1988778847769,35.934837455573316,37.01829935530659,52548746.0
2008-02-19,37.01830291748047,37.01830291748047,36.115417141063034,36.59695838647321,20237706.0
2008-02-20,36.777530670166016,36.95810687837625,35.934837059974,36.95810687837625,41368312.0
2008-02-21,37.25906753540039,37.37945166771527,36.777528686868855,37.01829695149863,40795604.0
2008-02-22,36.65714645385742,36.71733852313357,36.17560758037609,36.65714645385742,37511876.0
2008-02-25,36.83771896362305,37.01829515332383,36.476564264949594,36.71733483715586,40391577.0
2008-02-26,37.56002426147461,37.62021631813853,37.01829111295605,37.198869602219446,59821230.0
2008-02-27,38.28233337402344,38.28233337402344,37.74060251487119,37.80079457485791,94417042.0
2008-02-29,37.078487396240234,38.222143561036354,37.078487396240234,37.68041267003689,64072603.0
2008-03-03,36.53675079345703,36.53675079345703,36.11540409537719,36.17559846876419,47462048.0
2008-03-04,37.860992431640625,37.92118450084319,36.175607536152356,36.175607536152356,74207617.0
2008-03-05,38.10176467895508,38.22214882257735,37.62022578519377,38.22214882257735,70510771.0
2008-03-06,39.06483459472656,39.06483459472656,38.222141120632976,38.222141120632976,64834194.0
2008-03-07,38.523101806640625,38.824062089960236,38.10175509072154,38.282331260713306,53416394.0
2008-03-10,36.83771896362305,37.86098867713792,36.71733483715586,37.86098867713792,60318183.0
2008-03-11,37.56002426147461,37.56002426147461,36.47656028370912,36.47656028370912,43667225.0
2008-03-12,38.4027214050293,38.64349198876864,37.98137462293945,38.52310785653496,47048930.0
2008-03-13,37.31925964355469,38.222145275476365,37.018296993156795,37.740606426402934,42630896.0
2008-03-14,36.777530670166016,37.68041634976144,36.476568003876835,37.62022428035803,45962098.0
2008-03-17,36.05522155761719,36.29599215689921,35.81445327760732,36.11541362761966,91075740.0
2008-03-18,36.05522155761719,36.47656836690661,35.81445327760732,36.05522155761719,47983242.0
2008-03-19,37.379451751708984,37.379451751708984,36.59695257063192,37.0182970346808,43634903.0
2008-03-20,37.680419921875,37.86099614720391,36.717342081576135,37.138688926615934,54806246.0
2008-03-21,39.004642486572266,39.0648368690306,38.282335409062945,38.282335409062945,102541013.0
2008-03-24,40.56964111328125,41.713297150613684,40.5094467371929,41.713297150613684,131630948.0
2008-03-25,40.44926452636719,40.56964866240145,39.96772334368598,40.56964866240145,88833390.0
2008-03-26,40.328880310058594,40.328880310058594,39.42599233378259,39.606570856746615,54853719.0
2008-03-27,38.4027214050293,39.18522290309216,38.28233727279562,39.12502851770333,55009270.0
2008-03-28,37.49982833862305,38.10175351897535,37.31925217608028,37.43963628444212,110883158.0
2008-03-31,37.98137283325195,37.98137283325195,36.77752692909662,37.13868162805198,74797497.0
2008-04-01,37.198875427246094,38.22214518931135,37.198875427246094,37.620222209144494,49433699.0
2008-04-02,38.523101806640625,39.12502237327985,37.981368658122065,38.222139204049384,64325120.0
2008-04-03,38.76387405395508,39.06483668776271,38.46291142014746,38.52310580232648,28688938.0
2008-04-07,39.125030517578125,39.18522490604379,38.64349396402971,38.70368603322326,46050984238.0
2008-04-08,38.76387405395508,39.125026431397984,38.282335231426,38.88425817976938,42646047.0
2008-04-09,37.98137283325195,38.82406635772382,37.80079664341022,37.92118076997138,43211685.0
2008-04-10,38.82406997680664,39.305608847211005,37.98137637378098,38.041568442672514,47965061.0
2008-04-11,38.58330154418945,38.88426188742208,38.222146813038215,38.703685681482504,37326023.0
2008-04-14,37.921180725097656,38.282335423625646,37.921180725097656,38.10175923399759,36523020.0
2008-04-15,37.921180725097656,38.402719550044345,37.80079659867896,37.921180725097656,38509822.0
2008-04-16,39.24541091918945,39.24541091918945,38.342527647982635,38.523106157641514,46918631.0
2008-04-17,40.38905715942383,40.62982535411774,40.08809459678511,40.38905715942383,102502630.0
2008-04-18,40.20848846435547,40.20848846435547,39.726951957959535,40.20848846435547,34048355.0
2008-04-21,40.56964111328125,40.62983085082632,40.20848413383771,40.20848413383771,39365349375.0
2008-04-22,40.509456634521484,40.509456634521484,40.088109814588805,40.509456634521484,38568406.0
2008-04-23,38.88425827026367,39.72695179146871,38.88425827026367,39.72695179146871,71430943.0
2008-04-24,38.462913513183594,38.82406822955133,38.2221452484531,38.76387616336871,64370573.0
2008-04-25,38.94445037841797,39.0648344974826,38.52310364242003,38.52310364242003,48321615.0
2008-04-28,40.027915954589844,40.027915954589844,38.22214471712528,38.5231073631267,76233812.0
2008-04-29,38.94445037841797,40.32887470547641,38.94445037841797,40.0279120885431,54811297.0
2008-04-30,40.14829635620117,40.44925897424838,39.245408502059554,39.245408502059554,79222601.0
2008-05-02,40.9307975769043,41.051181702663314,40.690029325386256,40.9307975769043,92729220214.0
2008-05-05,40.44926452636719,40.99099545779345,39.90753359494092,40.93080107050425,44992433.0
2008-05-06,40.9307975769043,40.9307975769043,40.20848818380642,40.56964519962723,33356459.0
2008-05-07,41.05117416381836,41.532715216965556,40.990984431264266,41.352136742217496,53091152.0
2008-05-08,40.629825592041016,40.930788156442134,39.726942537380346,40.930788156442134,47647900.0
2008-05-09,39.90753173828125,40.750225289859735,39.787147607847736,40.62983652088231,43383396.0
2008-05-12,40.69003677368164,40.81042092147693,39.78715334594465,40.208495543955884,28053606.0
2008-05-13,41.47251892089844,41.47251892089844,40.690019964215125,41.111366626708296,64676623.0
2008-05-14,41.29195785522461,41.65311026103652,40.99099519777597,41.53272612576588,67232093.0
2008-05-15,41.29195785522461,41.472531738858514,40.87061106250533,41.41234199049525,84659793.0
2008-05-16,41.653106689453125,41.713301071199076,41.29195431460856,41.29195431460856,97350277.0
2008-05-19,41.773494720458984,42.01426299286855,41.65311058425419,41.65311058425419,82585115.0
2008-05-20,41.05117416381836,41.83367779536469,40.56963774921406,41.65309932061663,76617638.0
2008-05-21,40.509456634521484,40.87061370220344,40.32888273922491,40.81041931140831,43023812.0
2008-05-22,40.2686882019043,40.2686882019043,39.666762850320865,39.84734138350477,44796480.0
2008-05-23,39.42598342895508,40.088098345551145,39.42598342895508,39.72694601973777,60767663.0
2008-05-26,39.42598342895508,39.606561911133305,38.824060566661245,39.004636729567935,49128659.0
2008-05-27,39.6065673828125,40.02791414040904,39.245410368561906,40.02791414040904,32916070.0
2008-05-28,40.328880310058594,40.62983833027314,40.088107399925185,40.20849153571982,109790265.0
2008-05-29,40.38905715942383,40.99098228470125,40.38905715942383,40.93078791675645,103415731.0
2008-05-30,39.48618698120117,40.93080125880231,39.48618698120117,40.870611509780346,180901017.0
2008-06-02,40.69003677368164,40.69003677368164,39.907537493739945,40.027921641535244,52833585.0
2008-06-03,39.78714370727539,40.69002691628362,39.78714370727539,40.56964279765209,62414073.0
2008-06-04,40.38905715942383,40.509441256770785,39.8473264020912,39.8473264020912,34817016.0
2008-06-05,40.81040954589844,40.81040954589844,40.02791048407216,40.56964131742009,81693225.0
2008-06-06,41.171566009521484,41.47252864451474,41.171566009521484,41.35214451822619,84141628.0
2008-06-09,39.30560302734375,40.32887500480317,39.18521890738561,40.32887500480317,107090355.0
2008-06-10,38.462913513183594,39.24541269282968,38.462913513183594,39.125028560464436,89169743.0
2008-06-11,39.66675567626953,39.66675567626953,38.643488329897075,38.82406451115014,46983276.0
2008-06-12,39.004642486572266,39.36579950423475,38.52310598108064,38.824066297012905,74684369.0
2008-06-13,39.004642486572266,39.36579950423475,39.004642486572266,39.245410739318075,52043712.0
2008-06-16,39.66675567626953,39.726950055958994,39.30560331376341,39.60656593512362,35600828.0
2008-06-17,39.24541091918945,39.365799684657894,39.004642665340135,39.12502679226479,44224782.0
2008-06-18,39.42598342895508,39.666751646163995,38.88425262096347,39.0648311031417,34896812.0
2008-06-19,38.70368957519531,39.125034098109566,38.222150658306695,38.70368957519531,65880623.0
2008-06-20,38.342533111572266,39.064842614588926,38.04157043210329,38.8240720071593,67444207746.0
2008-06-23,38.58330154418945,38.88426188742208,37.6804158759474,38.04156828782655,49626622.0
2008-06-24,38.643497467041016,39.18522845816271,38.643497467041016,39.12503406424045,60810086.0
2008-06-25,39.84733581542969,40.02791432338042,38.7036819819198,38.82406610770571,92978706.0
2008-06-26,39.125030517578125,40.14830265168486,38.88426224080392,40.14830265168486,53469927.0
2008-06-27,38.523101806640625,39.12502237327985,37.740600431466376,37.981368658122065,177331439.0
2008-06-30,39.125030517578125,39.18522490604379,38.22214716040273,38.46291543717694,88412192.0
2008-07-01,38.643497467041016,39.18522845816271,38.523113317741156,38.523113317741156,32120137.0
2008-07-02,37.198875427246094,38.64349197120975,37.198875427246094,38.52310783903078,80100349.0
2008-07-03,35.393104553222656,36.356182259695,34.61060304698687,35.81445133971331,117381930.0
2008-07-04,35.51349639892578,36.055227436551334,35.15234160075124,35.69407495764931,56226401.0
2008-07-07,36.17560577392578,36.41637403900748,35.39310427386625,35.93483518957208,41049131.0
2008-07-08,35.45328903198242,36.05521188988147,35.09213438953438,36.05521188988147,65377610.0
2008-07-09,35.814453125,36.53676028122397,35.573682526743916,35.814453125,54682008.0
2008-07-10,35.814453125,36.29599200224003,35.33291424775997,35.45329838725194,42522819.0
2008-07-11,37.56002426147461,37.92117660145814,35.99502151112611,36.4163682270452,60408079.0
2008-07-14,36.4765625,37.259063922718504,36.17560219839425,36.77752512087753,40530966.0
2008-07-15,34.67079162597656,35.814445341134345,34.67079162597656,35.6940612278065,63559489.0
2008-07-16,32.54676055908203,33.030727638205775,32.18378524973922,33.030727638205775,86539545.0
2008-07-17,34.78511047363281,34.78511047363281,33.81717850963817,33.81717850963817,68844510.0
2008-07-18,35.08759307861328,35.93453565230005,34.48263409740844,35.69255205981812,68904810.0
2008-07-21,36.17652130126953,36.5394967106261,35.934537695031814,35.934537695031814,55555395.0
2008-07-22,35.02709197998047,35.87403442792073,34.60362075601034,35.87403442792073,64985310.0
2008-07-23,34.84560012817383,35.39006306503998,34.5431230380754,35.39006306503998,72415275.0
2008-07-24,35.63205337524414,35.63205337524414,35.14808622812687,35.20858212151653,40385925.0
2008-07-25,34.96660232543945,35.20858592513985,34.603626925888854,35.20858592513985,35268465.0
2008-07-28,34.96660232543945,34.96660232543945,34.96660232543945,34.96660232543945,0.0
2008-07-29,33.27271270751953,33.8776715842379,32.84924149381668,33.8776715842379,73118775.0
2008-07-30,34.48262405395508,34.48262405395508,33.877667568222925,34.361632292954326,50989680.0
2008-07-31,33.9986686706543,34.54313174475366,33.69618918504354,34.482633528359266,50981640.0
2008-08-01,33.87766647338867,34.24063942538903,33.27270768793554,33.27270768793554,37225200.0
2008-08-04,33.69618225097656,33.877669904996125,33.33320694293743,33.635686366303375,23351175.0
2008-08-05,33.51469421386719,33.99866128572071,33.272710677940424,33.99866128572071,60352260.0
2008-08-06,35.571556091308594,35.69254787335816,34.603621834912055,34.72461361696162,82447185.0
2008-08-07,35.995018005371094,36.176505631438125,35.45055512717,35.753034503948385,45290224.0
2008-08-08,36.59999084472656,36.660486743364565,35.99503185834649,35.99503185834649,77002095.0
2008-08-11,36.66047286987305,37.38642337880632,36.59997699412861,37.204935751573004,48411855.0
2008-08-12,37.02345275878906,37.32593217537444,36.84196510883784,37.02345275878906,63225555.0
2008-08-13,37.02345275878906,37.62841159195981,36.96295687547199,37.386428058691514,56098095.0
2008-08-14,36.59999084472656,36.9629662365546,36.29751135153653,36.9024703379166,41157765.0
2008-08-15,36.66047286987305,37.14443987582856,36.297497615406414,36.84196049710636,50530395.0
2008-08-18,36.35799789428711,36.96295672499506,36.29750201121632,36.781469075782674,49773630.0
2008-08-19,36.297508239746094,36.539491813552836,35.63205341177755,35.81354109213261,50736420.0
2008-08-20,36.297508239746094,36.72097949390789,35.81354109213261,35.81354109213261,37273440.0
2008-08-21,35.93452453613281,36.055516294945576,35.75303689791367,35.87402865672643,46564665.0
2008-08-22,36.418495178222656,36.53948694901828,35.93452809504014,36.23700752202921,52435875.0
2008-08-25,36.59999084472656,36.9024703379166,35.934535959708484,36.29751135153653,52525320.0
2008-08-26,36.297508239746094,36.41850002664946,35.93453287903598,36.297508239746094,52961490.0
2008-08-27,36.539485931396484,36.962957117387546,35.9950229779794,36.23700651283144,65996340.0
2008-08-28,36.35799789428711,36.59998142657029,36.11601436200393,36.237006128145524,80459295.0
2008-08-29,35.63205337524414,36.297508202530395,35.63205337524414,36.23701230914074,78159855.0
2008-09-01,34.24064254760742,34.845601388223464,33.87766956250953,34.845601388223464,119573895.0
2008-09-02,32.84923553466797,33.8776654385227,32.7282437812733,33.8776654385227,116539800.0
2008-09-03,33.27271270751953,33.57519214587872,32.78874560614484,32.97023326916035,78947775.0
2008-09-04,32.30478286743164,33.09122951337272,32.06279928406516,32.183791075748395,71765040.0
2008-09-05,32.062801361083984,32.365280859886624,31.33685288322999,31.57883416299976,81669315.0
2008-09-08,34.30113220214844,34.30113220214844,33.51468590535178,33.57518177433614,64699890.0
2008-09-09,32.84923553466797,33.69617780843069,32.78873965797064,33.27270667154933,50564565.0
2008-09-10,32.486263275146484,32.97023033342783,32.18378386372065,32.42576739286132,66204375.0
2008-09-11,31.63932228088379,32.42576878433953,31.276349290868296,32.42576878433953,72654465000.0
2008-09-12,31.881305694580078,32.12328923314987,31.51833270599716,31.941801579222528,37015155.0
2008-09-15,31.276357650756836,32.123297946201525,30.852886343398296,31.941810243047865,41212035.0
2008-09-16,30.852880477905273,31.639324722786505,30.671392809254538,30.671392809254538,60774360.0
2008-09-17,32.00230026245117,32.970234501375714,31.941804372518387,32.667755051711794,85298370.0
2008-09-18,31.457843780517578,32.4257758296527,31.155364290390267,31.155364290390267,123948660.0
2008-09-19,33.63568115234375,33.63568115234375,32.667747147614854,33.03072239938819,130290210.0
2008-09-22,33.756683349609375,34.543129971833096,33.63569156157496,34.543129971833096,60327135.0
2008-09-23,33.27271270751953,33.81717569656607,33.09122504450402,33.09122504450402,56568435.0
2008-09-24,32.24428939819336,32.78875250174252,32.24428939819336,32.66776070095382,39469365.0
2008-09-25,32.062801361083984,32.84924805797085,31.941809561562927,31.941809561562927,39524640000.0
2008-09-26,32.30478286743164,32.30478286743164,31.457842644921136,32.123295179906776,71671575.0
2008-09-29,32.30478286743164,32.30478286743164,32.30478286743164,32.30478286743164,0.0
2008-09-30,31.760318756103516,31.760318756103516,30.1269319415878,30.247923729275787,78348795.0
2008-10-01,31.760318756103516,32.667757163763426,31.760318756103516,32.667757163763426,43628055.0
2008-10-02,31.094863891601562,32.12329168990444,29.552218715239334,29.642962549142997,43619010.0
2008-10-03,31.094863891601562,33.21221769674837,30.368913220372278,33.21221769674837,56136285.0
2008-10-06,29.642963409423828,33.21221866061404,29.642963409423825,33.21221866061404,59422635.0
2008-10-07,30.066425323486328,31.69981155539689,29.00774755883143,31.69981155539689,48947520.0
2008-10-08,27.97933006286621,30.066436083708425,27.97933006286621,30.066436083708425,86231010.0
2008-10-09,27.888586044311523,29.9151961583257,26.043461291618044,29.9151961583257,64536075.0
2008-10-13,28.221311569213867,28.49354075260425,26.920649945382742,26.920649945382742,93667005.0
2008-10-14,30.187423706054688,30.187423706054688,29.79420044985825,30.187423706054688,90937425.0
2008-10-15,29.15899658203125,32.24428473685119,29.158996582031254,32.24428473685119,68217390.0
2008-10-16,28.160812377929688,31.155358802735474,28.160812377929688,31.155358802735474,16615665.0
2008-10-17,27.192886352539062,30.12693520225564,27.19288635253906,30.12693520225564,52474065.0
2008-10-20,26.73916244506836,26.920650114651046,26.25519532618119,26.25519532618119,74536830.0
2008-10-21,26.67867088317871,28.58428940366564,25.861976237567596,28.58428940366564,72999180.0
2008-10-22,25.771224975585938,28.523785299814055,25.771224975585938,28.523785299814055,48494265.0
2008-10-23,24.894041061401367,24.894041061401367,24.894041061401367,24.894041061401367,27365145.0
2008-10-24,24.04709243774414,26.618164878614625,24.04709243774414,26.618164878614625,60111060.0
2008-10-27,23.169906616210938,25.71073160021898,22.38346238922952,25.71073160021898,64823505.0
2008-10-28,24.016845703125,24.7730441998913,22.08097755140328,24.7730441998913,84327540.0
2008-10-29,25.408254623413086,25.680486146593754,25.226769260564765,25.680486146593754,102281865.0
2008-10-30,27.16263198852539,27.162631988525387,23.65387291360041,23.65387291360041,73326810.0
2008-10-31,29.03801155090332,29.03801155090332,25.287267715790474,25.287267715790474,108091770.0
2008-11-03,28.433046340942383,31.034367192348675,27.828087464040486,31.034367192348675,59412585.0
2008-11-04,29.03801155090332,30.368921476652982,28.25156709586927,30.368921476652982,58564365.0
2008-11-05,29.03801155090332,31.034376439527815,28.584292258034118,31.034376439527815,74490600.0
2008-11-06,27.011394500732422,31.034368939317083,27.011394500732422,31.034368939317083,39522630.0
2008-11-07,26.315698623657227,27.01140155289119,25.136030758576602,25.136030758576602,98908080.0
2008-11-10,26.134204864501953,27.828089866035793,25.347760575919036,27.828089866035793,63185355.0
2008-11-11,26.07370948791504,26.618172534904083,25.40825465270621,26.134205382024934,38927670.0
2008-11-12,26.255199432373047,27.888588714071776,25.801480187456736,27.888588714071776,58458840.0
2008-11-13,24.50081443786621,28.070069270521305,24.50081443786621,28.070069270521305,57074955.0
2008-11-14,25.22676658630371,25.408251929912975,22.80693108122182,22.80693108122182,45642075.0
2008-11-17,24.68230628967285,26.98114795095537,23.47238840517041,23.47238840517041,43537605.0
2008-11-18,23.290897369384766,26.406433154173477,23.169905598353292,26.406433154173477,69764085000.0
2008-11-19,22.988420486450195,23.83536297742065,22.988420486450195,23.290899947511072,50393715000.0
2008-11-20,22.262466430664062,22.62543937224419,21.38527621693938,21.38527621693938,43302435000.0
2008-11-21,23.290897369384766,23.77486445351067,20.719824554237697,20.719824554237697,56183520000.0
2008-11-24,22.56494903564453,23.290899735585146,21.687760925821653,21.687760925821653,50246985.0
2008-11-25,24.137840270996094,24.137840270996094,20.992056477714343,20.992056477714343,82679340.0
2008-11-26,23.59337615966797,24.379822650129363,22.474204627129254,22.474204627129254,57932220.0
2008-11-27,24.742799758911133,25.22676686527957,24.53106414987494,25.22676686527957,62983350000.0
2008-11-28,24.68230628967285,24.894041919460783,24.440322712772364,24.742802183897975,50929380.0
2008-12-01,24.68230628967285,26.40643695581671,24.077347347421632,26.40643695581671,62615520.0
2008-12-02,22.958179473876953,26.40644405209922,22.958179473876953,26.40644405209922,83978805.0
2008-12-03,22.474205017089844,24.561310727949248,22.08097944576437,24.561310727949248,73562985.0
2008-12-04,22.413707733154297,24.047096693364526,22.383462108718568,24.047096693364526,59691975000.0
2008-12-05,22.50444793701172,22.89767114183079,20.871061559342465,20.871061559342465,40846215.0
2008-12-08,24.077342987060547,24.077342987060543,20.931559376321754,20.931559376321754,101543190.0
2008-12-09,24.68230628967285,24.682306289672855,22.413710256230768,22.413710256230768,79399020000.0
2008-12-10,26.40643310546875,26.406433105468754,22.95816995670355,22.95816995670355,113429325000.0
2008-12-11,27.16263198852539,28.25155793844853,26.31568958302961,28.25155793844853,82269300000.0
2008-12-12,25.287261962890625,29.038004944702358,25.287261962890625,29.038004944702358,68770140000.0
2008-12-15,26.285444259643555,27.041642911343555,26.255196313575556,27.041642911343555,68397285.0
2008-12-16,26.92064666748047,28.100316368712033,25.650233143077244,28.100316368712033,58276935.0
2008-12-17,27.82809066772461,27.888586562379338,25.045281832879365,25.045281832879365,87302340.0
2008-12-18,27.223127365112305,27.828086214858043,25.892217895671678,25.892217895671678,49571625.0
2008-12-19,27.192886352539062,28.433052310565316,27.19288635253906,28.433052310565316,39498510000.0
2008-12-22,26.981151580810547,29.068257893089804,26.618176166627645,29.068257893089804,51111285.0
2008-12-23,26.52742576599121,26.890401090590135,25.10577473058396,25.10577473058396,38107590.0
2008-12-24,26.255199432373047,28.37255358937685,26.01321583508435,28.37255358937685,30835410000.0
2008-12-25,26.07370948791504,26.25519717024472,24.440322666220037,24.440322666220037,6107385000.0
2008-12-26,26.255199432373047,27.888588714071776,25.89222403644,27.888588714071776,7415895000.0
2008-12-29,26.224945068359375,26.37618477967313,25.77122593441811,26.255193010622126,17648805000.0
2008-12-30,27.344120025634766,27.525607686469378,24.410071828080405,24.410071828080405,30441450000.0
2008-12-31,26.860149383544922,27.525604052073927,25.43849854732269,25.43849854732269,20743200000.0
2009-01-02,26.860149383544922,26.860149383544922,26.860149383544922,26.860149383544922,0.0
2009-01-05,27.97933006286621,28.493542841883134,26.860156025413602,26.860156025413602,41163795000.0
2009-01-06,27.586101531982422,27.979324768024703,27.223126237174167,27.979324768024703,34246380.0
2009-01-07,26.950895309448242,28.100317099515543,26.013209112288077,26.013209112288077,70769085.0
2009-01-08,25.136032104492188,26.31570003273845,25.075536194363007,25.075536194363007,88934460.0
2009-01-09,24.803298950195312,25.650239179852914,23.381645385920276,23.381645385920276,68485725.0
2009-01-12,25.19651985168457,26.527427124078685,24.500817110586382,26.527427124078685,49417860.0
2009-01-13,26.497177124023438,26.95089626781573,25.226765840676833,26.95089626781573,72003225.0
2009-01-14,26.013216018676758,28.342308159018437,26.013216018676758,28.342308159018437,45100380.0
2009-01-15,24.803298950195312,24.984786639251702,24.19833998667402,24.19833998667402,73444395.0
2009-01-16,25.22676658630371,25.408251929912975,23.07916257554353,23.07916257554353,32827320.0
2009-01-19,24.803298950195312,25.075530483779897,24.742803053843183,25.075530483779897,36530745000.0
2009-01-20,23.95635223388672,26.527425062323495,23.95635223388672,26.527425062323495,81333645.0
2009-01-21,24.3193302154541,25.619989584110044,23.411891828527587,25.619989584110044,65519970.0
2009-02-02,25.287261962890625,26.013212666326194,24.531065632750614,26.013212666326194,112945920.0
2009-02-03,25.922466278076172,27.04164016909873,25.58974122434128,27.04164016909873,88523415.0
2009-02-04,25.952716827392578,26.043460665507407,24.13784238436805,24.13784238436805,83271285.0
2009-02-05,25.650232315063477,26.194695236517653,24.137837630295692,24.137837630295692,69793230.0
2009-02-06,27.041641235351562,27.434864509864294,26.557674128258967,27.434864509864294,100351260.0
2009-02-09,27.525615692138672,28.191070642076046,25.166277734360506,25.166277734360506,104560200.0
2009-02-10,27.13238525390625,29.43122670908123,27.102137309505633,29.43122670908123,44570745.0
2009-02-11,27.85833168029785,29.007751073341367,26.618166148589467,29.007751073341367,80546730.0
2009-02-12,27.434860229492188,28.100314897920626,25.92246325579119,25.92246325579119,68792250.0
2009-02-13,27.797840118408203,27.97932778538441,25.529244281205628,25.529244281205628,49684185.0
2009-02-16,27.73733901977539,29.733700662284097,27.67684314214569,29.733700662284097,51524340.0
2009-02-17,26.497177124023438,29.673208811297656,26.04345798023115,29.673208811297656,69379170.0
2009-02-18,26.981151580810547,27.40462289735727,24.80330141498557,24.80330141498557,57631725.0
2009-02-19,27.465112686157227,28.85651581153487,26.618170241587922,28.85651581153487,57849810.0
2009-02-20,26.557668685913086,29.370724600149746,26.527420747918377,29.370724600149746,71748960.0
2009-02-23,27.223127365112305,28.40279480284472,26.315689090493695,28.40279480284472,48933450.0
2009-02-24,26.618175506591797,26.860159110046734,25.317515957293885,25.317515957293885,59968350.0
2009-02-25,27.041641235351562,28.46329461243606,26.799657681805265,28.46329461243606,53483085.0
2009-02-26,27.223127365112305,27.374367077548737,25.166269595248565,25.166269595248565,51748455.0
2009-02-27,27.192886352539062,27.495365854496683,25.317515759674162,25.317515759674162,59610570.0
2009-03-02,27.071887969970703,29.068249878258136,26.708912655869025,29.068249878258136,101285910.0
2009-03-03,26.981151580810547,27.132391336720094,25.19652478035038,25.19652478035038,58369395.0
2009-03-04,27.82809066772461,27.828090667724613,25.10577772753409,25.10577772753409,84194880.0
2009-03-05,28.191059112548828,29.76394966803223,27.82808383375922,29.76394966803223,78208095.0
2009-03-06,29.34048080444336,29.491720515768932,26.22494507040834,26.22494507040834,101923080.0
2009-03-09,29.18924331665039,31.336847381070342,28.43304702168995,31.336847381070342,69829410.0
2009-03-10,28.523788452148438,29.18924323071375,28.130567493177224,29.18924323071375,76816170.0
2009-03-11,29.461469650268555,30.489899585239243,29.03799850057474,30.489899585239243,84086340.0
2009-03-12,29.18924331665039,31.51833504848611,29.00775564923462,31.51833504848611,51724335.0
2009-03-13,29.945449829101562,30.247929354574563,27.16264051402251,27.16264051402251,114907680.0
2009-03-16,30.247915267944336,32.00229337939109,30.15717145256236,32.00229337939109,74268495.0
2009-03-17,30.247915267944336,32.365268640919,30.036179698719724,32.365268640919,58131210.0
2009-03-18,30.489898681640625,30.550394558375455,28.130561808253642,28.130561808253642,80529645.0
2009-03-19,29.76395034790039,32.062791513473144,29.703454466720277,32.062791513473144,50981640.0
2009-03-20,28.856523513793945,31.820820541731987,28.85652351379394,31.820820541731987,62498940.0
2009-03-23,30.429401397705078,30.489897271642292,28.85650867533752,28.85650867533752,59197515.0
2009-03-24,31.6998233795166,31.6998233795166,28.312057907517822,28.312057907517822,62127090.0
2009-03-25,31.578828811645508,32.06279592771657,29.491722942860992,29.491722942860992,74241360.0
2009-03-26,31.276357650756836,33.756687274584465,30.913382244449515,33.756687274584465,61318065.0
2009-03-27,31.39734649658203,31.820815444795652,31.215858810516693,31.276354705871803,53753430.0
2009-03-30,31.457843780517578,31.457843780517578,30.731893004212033,31.397347882492117,46200855.0
2009-03-31,31.094863891601562,31.94180402209712,29.279987213528354,29.279987213528354,69573135.0
2009-04-02,31.6998233795166,31.760319274347726,28.55404148684233,28.55404148684233,84861195.0
2009-04-03,31.820819854736328,32.54677069960478,29.491729880055875,29.491729880055875,69842475.0
2009-04-06,31.6998233795166,33.99866738309941,31.21585854013974,33.99866738309941,77220180.0
2009-04-07,31.518339157104492,33.87767682179243,30.85288428983368,33.87767682179243,75857400.0
2009-04-08,30.36891746520996,31.15536413563451,29.34048720388555,29.34048720388555,112552965.0
2009-04-09,31.6998233795166,31.6998233795166,30.247924222841718,30.247924222841718,85832025.0
2009-04-10,32.062801361083984,32.062801361083984,29.49172794053389,29.49172794053389,43027065.0
2009-04-13,31.881305694580078,32.36527277171965,29.82444793600865,29.82444793600865,57354345.0
2009-04-14,31.760318756103516,34.05916272217529,31.034370349247705,34.05916272217529,72156990.0
2009-04-15,31.457843780517578,31.760320951372613,29.552222992715517,29.552222992715517,89649015.0
2009-04-16,31.03436851501465,33.63568947728766,30.913376734477673,33.63568947728766,93780570.0
2009-04-17,30.489898681640625,31.6998138970658,28.88675794816758,28.88675794816758,153010245.0
2009-04-20,31.39734649658203,31.39734649658203,28.37255172882637,28.37255172882637,78258345.0
2009-04-21,31.215856552124023,31.215856552124023,29.21949214983748,29.21949214983748,64313970.0
2009-04-22,30.6713924407959,33.39370511858153,30.550400663148896,33.39370511858153,67226460.0
2009-04-23,31.03436851501465,31.094864405283136,28.554039333278613,28.554039333278613,62227590.0
2009-04-24,30.550403594970703,31.33685022514892,28.886766492670635,28.886766492670635,82606980.0
2009-04-27,30.550403594970703,30.85288306811617,30.247924121825235,30.247924121825235,63072795.0
2009-04-28,30.852880477905273,31.155359925656498,28.433047215167438,28.433047215167438,55329270.0
2009-04-29,31.215856552124023,31.336848334080784,28.705277076521252,28.705277076521252,58527180.0
2009-04-30,33.39370346069336,33.39370346069336,29.038002000919523,29.038002000919523,155433300.0
2009-05-04,35.69254684448242,35.69254684448242,31.094863897676007,31.094863897676007,177780480.0
2009-05-05,35.08759307861328,36.84197412410731,33.21222255615056,33.21222255615056,131490180.0
2009-05-06,34.78511047363281,35.087589937153666,34.24064743929529,35.087589937153666,176802615.0
2009-05-07,34.180152893066406,34.78510948361844,32.365276163594274,32.365276163594274,141852735.0
2009-05-08,34.05915832519531,34.482627208162036,33.51469535088862,34.18015009726347,96870945.0
2009-05-11,33.9986686706543,34.482633528359266,31.699824580012553,31.699824580012553,77070435.0
2009-05-12,33.51469421386719,33.877669517757326,31.639321810434794,31.639321810434794,83635095.0
2009-05-13,34.11965560913086,34.36163684390946,33.45420083549196,33.51469672400459,94040865.0
2009-05-14,32.97022247314453,33.51468528390809,31.76030511589217,31.76030511589217,82343670.0
2009-05-15,33.15171432495117,33.756673081099656,30.671385744013815,30.671385744013815,64244625.0
2009-05-18,33.87766647338867,33.87766647338867,32.78874065957303,33.15171593084491,62795415.0
2009-05-19,34.48262405395508,34.48262405395508,33.877667568222925,33.877667568222925,91570575.0
2009-05-20,33.9986686706543,34.482633528359266,33.69618918504354,34.482633528359266,64667730.0
2009-05-21,34.24064254760742,34.361634315730626,31.639321852230154,31.639321852230154,64073775.0
2009-05-22,33.9986686706543,34.30114815626505,33.81718097928784,34.24064993987066,57527205.0
2009-05-25,33.69618225097656,34.42213286705482,31.639322172088153,31.639322172088153,50797725.0
2009-05-26,34.24064254760742,35.99502318539396,33.63568602626311,35.99502318539396,62398440.0
2009-05-27,36.539485931396484,36.539485931396484,34.24064235030215,34.24064235030215,183899925.0
2009-06-01,35.69254684448242,36.66048107297722,35.3900673980778,36.53948929441537,102013530.0
2009-06-02,36.23700714111328,36.29750302587518,35.692544178256234,35.692544178256234,80862300.0
2009-06-03,36.17652130126953,38.71734684749313,35.57156228567524,38.71734684749313,73274550.0
2009-06-04,35.02709197998047,38.656843009023945,34.48262897773316,38.656843009023945,81700470.0
2009-06-05,34.724613189697266,37.44692593304418,34.48262962857559,37.44692593304418,42436125.0
2009-06-08,34.24064254760742,35.14808080853149,32.48626422909262,32.48626422909262,55954380.0
2009-06-09,33.938167572021484,36.59998431816232,33.8776716841712,36.59998431816232,75314700.0
2009-06-10,35.208587646484375,36.29751389837367,34.66412452053973,36.29751389837367,55321230.0
2009-06-11,35.269073486328125,35.269073486328125,34.180149864405045,35.08758582946231,54057945.0
2009-06-12,33.87766647338867,34.966589967932784,33.87766647338867,34.966589967932784,87307365.0
2009-06-15,32.24428939819336,33.272719704897334,31.820818095432898,33.030736103319924,98056845.0
2009-06-16,32.42576217651367,32.849233284385846,31.76030757842883,32.183778686301004,78092520.0
2009-06-17,31.457843780517578,32.00230454347446,31.33685198446665,32.00230454347446,83768760.0
2009-06-18,31.881305694580078,32.24428100243476,31.457836821354714,32.24428100243476,62847675.0
2009-06-19,31.63932228088379,31.760314050646212,31.276349290868296,31.57882639600258,66898830.0
2009-06-22,32.062801361083984,32.12329726084451,30.85288568514577,30.85288568514577,48037995.0
2009-06-23,31.03436851501465,31.33684796635709,31.03436851501465,31.33684796635709,59505045.0
2009-06-24,32.00230026245117,33.151722171174065,31.15536012266416,31.21585601259694,122965770.0
2009-06-25,32.486263275146484,32.60725503971682,32.12328798143548,32.36527151057615,56556375.0
2009-06-26,32.90973663330078,32.970232519597275,32.36527365663237,32.54676131552184,68721900.0
2009-06-29,32.30478286743164,32.97023772168947,32.123295179906776,32.97023772168947,64387335.0
2009-06-30,33.09122085571289,33.09122085571289,32.54675793558619,33.03072497569882,45144600.0
2009-07-01,33.27271270751953,33.57519214587872,32.425770280113824,32.84924149381668,46831995.0
2009-07-02,33.33320999145508,33.45420177186686,32.97023465021972,33.21221821104329,34404165.0
2009-07-03,33.27271270751953,33.27271270751953,32.728249718473,32.728249718473,27359115.0
2009-07-06,32.90973663330078,33.454199609969194,32.7887448607078,33.333207837376214,33242385.0
2009-07-07,33.51469421386719,33.63568598183057,32.8492394900686,32.909735374050285,37127715.0
2009-07-08,32.90973663330078,33.091224292190255,32.72824897441131,33.091224292190255,58099050.0
2009-07-09,33.45420455932617,33.93817172129825,32.84924560686107,32.90974150210758,60531150.0
2009-07-10,33.938167572021484,33.99866345987177,33.51469635706946,33.8776716841712,52935360.0
2009-07-13,33.27271270751953,34.664115804699904,32.90973738148851,34.60361991702806,67172190.0
2009-07-14,33.756683349609375,33.998666925678215,33.454203879523334,33.57519566755775,88881195.0
2009-07-15,34.43941116333008,35.33894902809909,34.11814799034736,34.31090785497179,73533000.0
2009-07-16,34.76066970825195,35.46745006533878,34.696418062627316,35.33894432304634,49572000.0
2009-07-17,34.69641876220703,35.33894503558124,34.6321671152869,35.274693388661106,54577000.0
2009-07-20,35.210445404052734,35.4674569384429,35.01768797878193,35.274699513172095,69655000.0
2009-07-21,35.66020965576172,35.66020965576172,35.081935005250955,35.33894650570981,67895000.0
2009-07-22,35.53171157836914,35.72446901981631,35.146196695474806,35.46745991490137,55795000.0
2009-07-23,36.302730560302734,36.431236291432754,35.595952715652075,35.660204355695605,69194000.0
2009-07-24,36.75251770019531,36.81676937224265,36.4955061099176,36.624011905056456,81642000.0
2009-07-27,37.009521484375,37.20228137471419,36.55975494303376,36.75251238232912,49935000.0
2009-07-28,37.20227813720703,37.20227813720703,36.688255075760196,37.00951826364266,48101000.0
2009-07-29,36.302730560302734,37.266519867213425,35.91721581795564,37.266519867213425,56781000.0
2009-07-30,35.98148727416992,36.23849887797457,35.467466517604926,36.04573894959893,62361000.0
2009-07-31,37.84480667114258,38.03756410465569,37.330783580382615,37.459289353072606,196178000.0
2009-08-03,37.45928955078125,37.65204698531172,36.688257361615584,37.65204698531172,69991000.0
2009-08-04,37.009521484375,37.78055369260028,36.43124916648891,37.65204791605543,62034000.0
2009-08-05,36.55975341796875,37.266531482916925,36.36699353567041,37.20227982284663,53365000.0
2009-08-06,36.49549102783203,36.94525989942497,36.30273364030454,36.94525989942497,53205000.0
2009-08-07,36.49549102783203,36.49549102783203,36.49549102783203,36.49549102783203,0.0
2009-08-10,37.138031005859375,37.459294254095255,36.624010298890774,36.81676775762349,69103000.0
2009-08-11,36.68825149536133,37.00951465189179,36.30273668794212,36.81675724818219,64378000.0
2009-08-12,36.94527053833008,36.94527053833008,36.30274409418521,36.68825898025458,42908000.0
2009-08-13,37.65203857421875,37.65203857421875,36.94526065514628,37.26652379127798,79925000.0
2009-08-14,37.84480667114258,38.16606987734568,37.5877951257626,38.03756410465569,51220000.0
2009-08-17,37.138031005859375,38.03756908133748,36.88102187789711,37.90906329183431,48628000.0
2009-08-18,37.009521484375,37.138027260919856,36.36699505269458,36.68825826853479,32027000.0
2009-08-19,36.88101577758789,37.20227897268519,36.81676166794223,36.94526743618988,21153000.0
2009-08-20,37.07377243041992,37.138024087680485,36.302740288075086,36.88101500759461,25658000.0
2009-08-21,36.49549102783203,37.33077467447997,36.30273364030454,37.26652302898519,42051000.0
2009-08-24,37.52354049682617,37.90905533335816,37.00951744672546,37.13802320925064,59282000.0
2009-08-25,37.716304779052734,37.9090622323985,37.45929320722904,37.65205066057481,35268000.0
2009-08-26,37.9090576171875,37.9090576171875,37.26653121689619,37.716300187308846,50183000.0
2009-08-27,37.78055191040039,37.8448060211637,37.2022796197928,37.58779448019786,30410000.0
2009-08-28,38.230316162109375,38.230316162109375,37.459284085437986,37.90905300108325,49629000.0
2009-08-31,38.03755187988281,38.423066623009625,37.58778304553956,38.294560891619696,45013000.0
2009-09-01,39.19411849975586,39.19411849975586,37.71630796456407,38.16607702772093,84266000.0
2009-09-02,38.29457473754883,39.06560695362269,38.29457473754883,38.80859784896063,61298000.0
2009-09-03,38.42307662963867,38.68008815935275,38.101813443017875,38.68008815935275,42433000.0
2009-09-04,38.551578521728516,38.68008427367628,38.230315367380776,38.68008427367628,44401000.0
2009-09-07,39.83663558959961,39.83663558959961,38.35882540471029,38.61583448627508,74764000.0
2009-09-08,40.28640365600586,40.543412731891976,39.451119870049716,39.836634709400684,70265000.0
2009-09-09,39.83663558959961,40.47916197007702,39.83663558959961,40.350656203772814,50654000.0
2009-09-10,40.80042266845703,41.764212180310345,39.83663315660371,41.5714523171049,96349000.0
2009-09-11,40.093658447265625,40.350667601426515,39.772395166281264,40.350667601426515,47431000.0
2009-09-14,39.5153694152832,40.157895747239024,39.065600492705435,40.09364409446082,44672000.0
2009-09-15,40.157901763916016,40.28640753976931,39.19411212158203,39.19411212158203,36111000.0
2009-09-16,40.28640365600586,40.73617260261103,40.15789789254101,40.222149548751645,35054000.0
2009-09-17,40.157901763916016,40.47916497802734,39.83663854980469,40.47916497802734,38573000.0
2009-09-18,40.28640365600586,40.28640365600586,39.70812894593584,39.836634709400684,46352000.0
2009-09-21,40.02939224243164,40.222149662652974,39.515371638160225,40.15789800626039,33473000.0
2009-09-22,40.157901763916016,40.35065920217405,39.83663854980469,39.83663854980469,24321000.0
2009-09-23,40.02939224243164,40.41490953391789,39.45111998176764,40.286403770089144,34755000.0
2009-09-24,39.06560516357422,39.836637344318156,38.87284773114917,39.836637344318156,54162000.0
2009-09-25,39.258365631103516,39.38687141300304,38.808599071021064,39.19411396567572,45106000.0
2009-09-28,39.00135040283203,39.45111934343343,38.87284464108256,39.45111934343343,27489000.0
2009-09-29,40.928932189941406,40.928932189941406,39.83663681920604,39.83663681920604,82548000.0
2009-09-30,41.442955017089844,41.76421823427659,40.928934359799825,40.928934359799825,102127000.0
2009-10-01,41.76420593261719,41.89270922080613,40.99317394826794,41.76420593261719,54800000.0
2009-10-02,40.28640365600586,40.67191849535682,40.15789789254101,40.47916107568134,77795000.0
2009-10-05,39.83663558959961,39.96514135590382,39.515372399360906,39.83663558959961,60826000.0
2009-10-06,40.093658447265625,40.479173404029126,39.5796352368552,39.83664684206041,81906000.0
2009-10-07,39.9008903503418,40.47916511816163,39.643881248789285,40.47916511816163,62388000.0
2009-10-08,39.12986373901367,39.708136102258145,39.12986373901367,39.322621193428496,82064000.0
2009-10-09,39.258365631103516,39.38687141300304,39.00135651834839,39.06560818377619,67762000.0
2009-10-12,39.32261276245117,39.70812758862439,38.937095485234465,39.70812758862439,36486000.0
2009-10-13,39.708126068115234,39.708126068115234,38.744336588544265,38.937093994249786,51266000.0
2009-10-14,40.80042266845703,40.80042266845703,40.02939056876568,40.157896327221486,85334000.0
2009-10-15,40.99317932128906,41.12168507736451,40.47915874803069,41.12168507736451,62541000.0
2009-10-16,39.77238082885742,40.47915881182105,39.70812672519672,40.157895646647866,75045000.0
2009-10-19,39.45112228393555,39.77238548673292,39.194110741280156,39.64387971540523,103211000.0
2009-10-20,39.83663558959961,40.02939301353411,39.7081298232954,39.7081298232954,67524000.0
2009-10-21,39.57962417602539,39.96514147609744,39.38686675151118,39.64387828489255,48816000.0
2009-10-22,39.708126068115234,39.965137576418186,39.19410550255273,39.965137576418186,72693000.0
2009-10-23,39.5153694152832,39.90088423403932,39.5153694152832,39.836632581261114,36966000.0
2009-10-26,39.5153694152832,40.029389990639174,39.5153694152832,39.708126824661264,36720000.0
2009-10-27,39.38686752319336,39.772384830818616,39.25836175398494,39.515373292401776,49427000.0
2009-10-28,38.87283706665039,39.51536329915701,38.87283706665039,39.38685756244707,62705000.0
2009-10-29,38.74433898925781,38.937096406907145,37.909055212081675,38.55158157160848,103965000.0
2009-10-30,38.551578521728516,39.45111633431952,38.551578521728516,39.45111633431952,65520000.0
2009-11-02,38.42307662963867,38.68008815935275,38.037561786111155,38.23031920787491,38079000.0
2009-11-03,38.03755187988281,38.358814982836144,37.97329778866637,38.358814982836144,52726000.0
2009-11-04,38.29457473754883,38.358828851997224,37.90905985503382,38.03756563288677,64073000.0
2009-11-05,38.35882568359375,38.55158310892967,38.16606825825783,38.48733145083225,43726000.0
2009-11-06,38.551578521728516,38.744335924128485,38.35882111932854,38.744335924128485,44520000.0
2009-11-09,38.551578521728516,38.87284167607625,38.423072769780745,38.87284167607625,34813000.0
2009-11-10,38.87283706665039,38.87283706665039,38.55157395039708,38.80858542381695,40584000.0
2009-11-11,39.96514129638672,40.157898720034154,39.12985749321873,39.194109150753334,94778000.0
2009-11-12,39.96514129638672,40.3506561436816,39.772383872739276,40.157898720034154,102770000.0
2009-11-13,39.708126068115234,39.965137576418186,39.51536866240972,39.708126068115234,43120000.0
2009-11-16,40.093658447265625,40.286415925647376,39.965152644663014,40.093658447265625,59633000.0
2009-11-17,40.22214126586914,40.60765847687472,39.90087814888602,40.47915273987286,57822000.0
2009-11-18,40.41490936279297,40.60766678219812,40.28640359950833,40.479161018913494,54524000.0
2009-11-19,40.41490936279297,40.60766678219812,40.28640359950833,40.41490936279297,40088000.0
2009-11-20,39.64387893676758,40.35065698862263,39.451121509083805,40.35065698862263,50419000.0
2009-11-23,39.83663558959961,39.9008872472299,39.45112074173061,39.45112074173061,25386000.0
2009-11-24,40.093658447265625,40.157910123044765,39.7081410394578,39.965152644663014,25992000.0
2009-11-25,40.28640365600586,40.47916107568134,39.96514047286553,39.96514047286553,46553000.0
2009-11-26,39.83663558959961,40.47916197007702,39.7081298232954,40.350656203772814,31172000.0
2009-11-27,38.551578521728516,39.38686223282396,38.551578521728516,39.258356480876195,93737000.0
2009-11-30,39.258365631103516,39.38687141300304,39.00135651834839,39.19411396567572,32695000.0
2009-12-01,39.00135040283203,39.57962265413937,38.80859298572959,39.5153709987864,53946000.0
2009-12-02,39.06560516357422,39.5153741399285,38.87284773114917,39.451122479468054,38474000.0
2009-12-03,39.5153694152832,39.708126824661264,39.19410624930529,39.57962106806141,54543000.0
2009-12-04,39.5153694152832,39.77238092848291,39.386863658683346,39.5153694152832,26379000.0
2009-12-07,40.157901763916016,40.35065920217405,39.83663854980469,39.83663854980469,46543000.0
2009-12-08,40.093658447265625,40.41492172824998,39.772395166281264,40.41492172824998,39388000.0
2009-12-09,40.093658447265625,40.093658447265625,39.772395166281264,39.965152644663014,37770000.0
2009-12-10,39.38686752319336,40.350657115690964,39.19411009490258,40.350657115690964,62875000.0
2009-12-11,40.22214126586914,40.22214126586914,39.45111174594411,39.77237486292723,40997000.0
2009-12-14,40.28640365600586,40.350655312216496,39.836634709400684,39.90088636561132,38704000.0
2009-12-15,40.28640365600586,40.28640365600586,39.96514047286553,40.15789789254101,27949000.0
2009-12-16,39.708126068115234,40.1578949821237,39.51536866240972,40.1578949821237,49488000.0
2009-12-17,39.96514129638672,40.09364706249955,39.51537234051361,39.900887187808486,33109000.0
2009-12-18,39.77238082885742,39.77238082885742,39.38686356002354,39.5153693163015,32071000.0
2009-12-21,39.96514129638672,40.3506561436816,39.96514129638672,40.09364706249955,52334000.0
2009-12-22,40.41490936279297,40.41490936279297,40.157897836223704,40.222149492344236,43944000.0
2009-12-23,40.73617172241211,40.80042337723444,40.35065444034756,40.47916020103575,65488000.0
2009-12-24,40.86467742919922,40.92893153883425,40.67192000238146,40.73617411201649,56297000.0
2009-12-25,40.73617172241211,41.05743489861081,40.543411855858075,41.05743489861081,20204000.0
2009-12-28,40.928932189941406,41.121689619825595,40.73617476005721,40.73617476005721,39136000.0
2009-12-29,40.67191696166992,40.928928478908034,40.414907895475295,40.928928478908034,28498000.0
2009-12-30,41.05744552612305,41.1216971975766,40.67192814426927,40.67192814426927,59566000.0
2009-12-31,41.442955017089844,41.442955017089844,41.05744013688329,41.37870335407003,51979000.0
2010-01-04,41.69995880126953,41.764210452317286,41.12168413766625,41.764210452317286,39407000.0
2010-01-05,41.442955017089844,41.82846989729641,41.05744013688329,41.76421823427659,37138000.0
2010-01-06,41.69995880126953,41.69995880126953,40.928926733479614,41.44294729499177,49261000.0
2010-01-07,41.25019836425781,41.76422151294466,41.25019836425781,41.69996984488082,42134000.0
2010-01-08,41.1216926574707,41.314452552637704,40.80042943358421,40.80042943358421,46076000.0
2010-01-11,41.442955017089844,41.69996657125677,40.800428582716364,41.121691799903104,36799000.0
2010-01-12,40.86467742919922,41.378700502104806,40.67192000238146,41.378700502104806,49853000.0
2010-01-13,40.35065460205078,40.54341201833376,40.222148840847616,40.479160363253946,47976000.0
2010-01-14,40.60765838623047,40.86466740861743,40.479152649515456,40.86466740861743,36149000.0
2010-01-15,40.80042266845703,40.80042266845703,40.35065373938345,40.41490784413309,47852000.0
2010-01-18,40.41490936279297,40.54341267503403,40.350655255628865,40.350655255628865,30136000.0
2010-01-19,40.157901763916016,40.60767075388064,39.83663854980469,40.47916497802734,47202000.0
2010-01-20,40.479164123535156,40.607669896675766,39.96514348201647,40.414912462486726,52281000.0
2010-01-21,40.22214126586914,40.47915273987286,39.90087814888602,40.47915273987286,24738000.0
2010-01-22,39.258365631103516,39.64388297680209,39.19411396567572,39.51537719490257,63918000.0
2010-01-25,38.808597564697266,39.0656066674768,38.61583767380784,38.61583767380784,62151000.0
2010-01-26,38.61582946777344,39.3226098650718,38.55157781849327,38.93709261626088,79112000.0
2010-01-27,38.29457473754883,38.80859784896063,38.23032307414427,38.615837956659284,52639000.0
2010-01-28,38.551578521728516,39.51536798477173,38.423072769780745,38.87284167607625,43988000.0
2010-01-29,39.5153694152832,39.5153694152832,38.16606509859335,38.615831570127675,91560000.0
2010-02-01,38.42307662963867,39.00135134597355,38.23031920787491,39.00135134597355,75480000.0
2010-02-02,37.9090576171875,38.80859555801282,37.9090576171875,38.68008978774582,65510000.0
2010-02-03,38.42307662963867,38.74433981625947,37.78055025639708,38.68008815935275,42426000.0
2010-02-04,37.973304748535156,38.55157942025637,37.909053096585424,38.55157942025637,42564000.0
2010-02-05,36.75251770019531,37.20228675765923,36.75251770019531,37.00952683942885,62227000.0
2010-02-08,36.88101577758789,37.39503639953484,36.62400424109258,37.26653063128719,45247000.0
2010-02-09,37.65203857421875,38.037555808202725,37.0737663998076,37.52353528060063,45754000.0
2010-02-10,37.52354049682617,38.03756109588334,37.39503473430099,37.90905533335816,53679000.0
2010-02-22,37.9090576171875,38.872847217624475,37.9090576171875,38.872847217624475,47519000.0
2010-02-23,38.42307662963867,38.48733073758899,37.973307678160836,38.29457086478163,50343000.0
2010-02-24,37.587799072265625,38.037568098381875,37.523547404696444,38.037568098381875,54884000.0
2010-02-25,37.39503860473633,37.844807594604355,37.20228116651969,37.58779604295297,55655000.0
2010-02-26,37.78055191040039,37.8448060211637,37.26653127951241,37.39503704999533,30877000.0
2010-03-01,38.29457473754883,38.487334629850174,37.395039194665856,38.23032307414427,60146000.0
2010-03-02,38.48733901977539,38.87285394626283,38.23032743475435,38.87285394626283,53495000.0
2010-03-03,38.551578521728516,38.61583017218072,38.29456701783298,38.29456701783298,32150000.0
2010-03-04,38.03755187988281,38.423066623009625,37.52353140536608,38.423066623009625,53405000.0
2010-03-05,38.808597564697266,38.808597564697266,38.29457445705055,38.42308023396223,59062000.0
2010-03-08,39.32261276245117,39.32261276245117,38.937095485234465,39.12985534936457,43993000.0
2010-03-09,39.38686752319336,39.45112163331941,39.06560432569416,39.32261586411099,29829000.0
2010-03-10,39.45112228393555,39.45112228393555,39.06560496995246,39.386868172749836,30540000.0
2010-03-11,39.45112228393555,39.70813137554721,39.32261651260785,39.579625604219515,25340000.0
2010-03-12,39.06560516357422,39.5153741399285,38.93709939160961,39.451122479468054,67894000.0
2010-03-15,38.42307662963867,39.38686618950107,38.42307662963867,39.38686618950107,37911000.0
2010-03-16,38.35882568359375,38.68008887616816,38.35882568359375,38.615834767027096,29394000.0
2010-03-17,38.87283706665039,39.12984854007026,38.487322307563645,38.87283706665039,68876000.0
2010-03-18,38.808597564697266,38.93710089056512,38.55158601087391,38.61583767380784,70048000.0
2010-03-19,38.551578521728516,38.744335924128485,38.35882111932854,38.551578521728516,45829000.0
2010-03-22,37.9090576171875,38.29457247694481,37.780551846920496,38.29457247694481,47044000.0
2010-03-23,38.29457473754883,38.615837956659284,38.23032307414427,38.23032307414427,48107000.0
2010-03-24,38.93709182739258,39.06559757439268,38.615828685413945,38.615828685413945,46973000.0
2010-03-25,39.5153694152832,39.5153694152832,38.68008567394932,39.12985459652708,62713000.0
2010-03-26,39.83663558959961,39.83663558959961,38.744340252579285,39.3868666330567,77332000.0
2010-03-29,39.96514129638672,40.029392953921324,39.643878106626445,39.83663553027388,37464000.0
2010-03-30,39.96514129638672,40.09364706249955,39.643878106626445,40.09364706249955,29950000.0
2010-03-31,39.5153694152832,39.96513833786097,39.5153694152832,39.96513833786097,39228000.0
2010-04-01,39.9008903503418,40.15790190293813,39.51537547249112,39.51537547249112,54656000.0
2010-04-02,40.093658447265625,40.157910123044765,39.90089851783955,40.157910123044765,17299000.0
2010-04-06,40.73617172241211,40.80042337723444,40.35065444034756,40.35065444034756,52915000.0
2010-04-07,40.80042266845703,40.80042266845703,40.54341115154542,40.80042266845703,48336000.0
2010-04-08,40.02939224243164,40.47916119031048,39.90088647860289,40.35065542648173,48530000.0
2010-04-09,40.28640365600586,40.47916107568134,39.77238305319005,39.77238305319005,31569000.0
2010-04-12,40.54341506958008,40.73617495141345,40.35065763879042,40.671920840454426,34914000.0
2010-04-13,40.41490936279297,40.54341267503403,39.900886309654446,40.479161018913494,42708000.0
2010-04-14,40.99317932128906,40.99317932128906,40.41490709551468,40.5434104005467,55548000.0
2010-04-15,41.378700256347656,41.69996344948376,41.121688721421314,41.44295191455742,70894000.0
2010-04-16,40.479164123535156,40.92893310400541,40.414912462486726,40.86467899191322,49654000.0
2010-04-19,40.22214126586914,40.60765847687472,40.09363797991035,40.15788962288974,66249000.0
2010-04-20,40.35065460205078,40.479160363253946,40.093645530687986,40.414908708174124,37426000.0
2010-04-21,40.093658447265625,40.543425079808266,40.02940432044216,40.41492172824998,44895000.0
2010-04-22,39.57962417602539,39.70812994271608,39.065603560306286,39.70812994271608,90506000.0
2010-04-23,39.64387893676758,40.09364790205883,39.57962482684387,39.77238470557132,48869000.0
2010-04-26,40.80042266845703,40.86467432216319,40.09364467351532,40.09364467351532,67358000.0
2010-04-27,40.928932189941406,40.928932189941406,40.543414879129315,40.80042641967071,25300000.0
2010-04-28,39.9008903503418,40.22215356556531,39.836638687714625,39.9008903503418,72599000.0
2010-04-29,39.57962417602539,39.96514147609744,39.57962417602539,39.96514147609744,40178000.0
2010-04-30,39.708126068115234,40.286400736275176,39.708126068115234,39.708126068115234,43339000.0
2010-05-03,39.57962417602539,40.222150558435175,39.45112086037834,40.222150558435175,22418000.0
2010-05-04,39.19411849975586,39.83664503253874,39.06561270299044,39.77239335967814,38039000.0
2010-05-05,38.42307662963867,38.68008815935275,38.42307662963867,38.48733073758899,93944000.0
2010-05-06,38.230316162109375,38.48732767134764,38.037558755702385,38.42307356851637,48824000.0
2010-05-07,38.16606903076172,38.61583554863452,37.58779429200569,37.65204595140361,61514000.0
2010-05-10,38.42307662963867,38.55158239449571,37.909056021254116,38.166067550968194,56272000.0
2010-05-11,38.61582946777344,38.93709261626088,38.487326169213105,38.80858931770055,67770000.0
2010-05-12,38.61582946777344,39.19410411546816,38.55157781849327,39.19410411546816,27694000.0
2010-05-13,39.32261276245117,39.51537017553778,38.872843831220095,38.937095485234465,39828000.0
2010-05-14,39.32261276245117,39.51537017553778,38.872843831220095,39.00134959029233,31551000.0
2010-05-17,38.03755187988281,38.87283545735288,37.97329778866637,38.87283545735288,73173000.0
2010-05-18,38.230316162109375,38.551579323135506,38.16606451032151,38.294567813897245,30445000.0
2010-05-19,38.1018180847168,38.29457552996295,37.652049078446495,37.90906063947064,48408000.0
2010-05-20,37.84480667114258,38.358827310858786,37.84480667114258,38.230321538168795,31637000.0
2010-05-21,37.78055191040039,37.97330934060292,37.2022796197928,37.45928870971493,45655000.0
2010-05-24,37.9090576171875,38.29457247694481,37.716300187308846,38.29457247694481,19294000.0
2010-05-25,37.52354049682617,37.84480367761734,37.33078062751663,37.78054957083298,48371000.0
2010-05-26,37.84480667114258,37.909058331965696,37.5877951257626,37.84480667114258,42766000.0
2010-05-27,37.716304779052734,38.10181968574427,37.073778300537505,37.587798993140886,55467000.0
2010-05-28,37.716304779052734,38.166073804222194,37.45929320722904,37.844810564964575,61106000.0
2010-05-31,38.680084228515625,38.680084228515625,37.78054641697487,37.97330381914979,25365000.0
2010-06-01,38.42307662963867,38.55158239449571,38.037561786111155,38.48733073758899,27295000.0
2010-06-02,38.42307662963867,38.80859392420979,38.101813443017875,38.42307662963867,35241000.0
2010-06-03,39.06560516357422,39.19411093553883,38.87284773114917,39.06560516357422,46916000.0
2010-06-04,39.19411849975586,39.19411849975586,38.680097763738395,38.87285523336442,41837000.0
2010-06-07,38.03755187988281,38.358814982836144,37.71628877692948,38.358814982836144,69197000.0
2010-06-08,37.587799072265625,38.037568098381875,37.523547404696444,37.84481064463034,40396000.0
2010-06-09,37.65203857421875,37.9090500635414,37.45928118274836,37.52353528060063,45955000.0
2010-06-10,38.16606903076172,38.423078119397076,37.780551721243135,38.423078119397076,28784000.0
2010-06-11,38.87283706665039,38.87283706665039,38.55157395039708,38.68007968710702,41097000.0
2010-06-14,39.258365631103516,39.451125529474766,39.129862300247915,39.129862300247915,44867000.0
2010-06-15,39.45112228393555,39.77238548673292,39.00135330981047,39.386868172749836,37382000.0
2010-06-17,39.9008903503418,40.029396126639966,39.643881248789285,39.836638687714625,55896000.0
2010-06-18,40.28640365600586,40.28640365600586,39.70812894593584,40.09364623633037,46267000.0
2010-06-21,40.67191696166992,40.928928478908034,40.543411203050866,40.543411203050866,68207000.0
2010-06-22,40.22214126586914,40.67191011985412,40.22214126586914,40.67191011985412,30437000.0
2010-06-23,39.9008903503418,40.15790190293813,39.836638687714625,39.836638687714625,37155000.0
2010-06-24,39.83663558959961,39.96514135590382,39.643878165665114,39.9008872472299,35311000.0
2010-06-25,39.45112228393555,39.77238548673292,39.386868172749836,39.51537394407753,30548000.0
2010-06-28,39.64387893676758,39.64387893676758,39.25836163035636,39.32261574028007,20466000.0
2010-06-29,39.19411849975586,40.22215997179079,39.19411849975586,39.83664503253874,47903000.0
2010-06-30,38.93709182739258,39.19410332139278,38.74433443241405,38.74433443241405,58283000.0
2010-07-01,38.680084228515625,38.93709328106774,38.5515784767179,38.93709328106774,15325000.0
2010-07-02,38.74433898925781,39.00135051348596,38.55158157160848,38.55158157160848,66885000.0
2010-07-05,39.45112228393555,39.70813137554721,38.74434176715508,38.74434176715508,86939000.0
2010-07-06,40.464237213134766,40.464237213134766,39.72115286562424,39.78870739372979,69631000.0
2010-07-07,40.19401550292969,40.464228402633424,39.99135711662248,40.396673889236894,59093000.0
2010-07-08,40.80198669433594,40.80198669433594,40.32911548417143,40.59932576359345,50323000.0
2010-07-09,40.80198669433594,40.86953861995625,40.464221912352826,40.80198669433594,37986000.0
2010-07-12,40.396671295166016,40.937094482929034,40.396671295166016,40.937094482929034,44157000.0
2010-07-13,40.261573791503906,40.66689320500726,40.19402184439081,40.46423478672638,37431000.0
2010-07-14,40.80198669433594,41.00464504813765,40.66688026615454,40.80198669433594,59702000.0
2010-07-15,40.73444366455078,40.86955013078465,40.59933719831691,40.80199818613847,32938000.0
2010-07-16,40.464237213134766,40.86955407400105,40.39668268502921,40.86955407400105,29874000.0
2010-07-19,41.27486801147461,41.409974481174714,40.126469461377674,40.194021407756935,56238000.0
2010-07-20,41.54508590698242,41.74774434723786,41.207320980909394,41.409979421164834,53905000.0
2010-07-21,41.74773406982422,41.81528858457345,41.54507567945901,41.81528858457345,41172000.0
2010-07-22,41.88283920288086,42.08549758686141,41.40996792229881,41.81528726720107,45274000.0
2010-07-23,42.42326354980469,42.55837000170629,42.153053222942724,42.28815709790309,65925000.0
2010-07-26,42.28815460205078,42.625919423399246,42.08549622462993,42.55836748990598,26958000.0
2010-07-27,42.22061538696289,42.55838031005859,42.08550890233624,42.55838031005859,20942000.0
2010-07-28,42.558380126953125,42.558380126953125,42.01795676771352,42.08550872126528,26119000.0
2010-07-29,42.558380126953125,42.558380126953125,42.2881671588624,42.558380126953125,38043000.0
2010-07-30,42.1530647277832,42.1530647277832,41.477534860843996,42.1530647277832,43549000.0
2010-08-02,42.08550262451172,42.4232674972236,41.95039616003867,42.28816103275055,48015000.0
2010-08-03,41.88283920288086,42.288155970841956,41.68018081890032,42.288155970841956,32913000.0
2010-08-04,41.88283920288086,42.01794565118161,41.61262630627936,41.88283920288086,20350000.0
2010-08-05,41.815284729003906,41.88283666058328,41.747730220483525,41.88283666058328,21813000.0
2010-08-06,41.139766693115234,41.68019002879209,40.9371056874124,41.6126355012439,62419000.0
2010-08-09,41.00465393066406,41.13976038811254,40.801995532962,40.869547473215576,56912000.0
2010-08-10,41.20731735229492,41.47753030013581,41.07221087837448,41.13976540380553,62187000.0
2010-08-11,41.20731735229492,41.34242382621537,41.004658929885075,41.07221087837448,28506000.0
2010-08-12,40.666893005371094,40.93710336943859,40.59933848164803,40.666893005371094,65513000.0
2010-08-13,40.59933853149414,40.93710341969939,40.464234637765315,40.66689305530015,64069000.0
2010-08-16,40.73444366455078,40.73444366455078,40.26157232120298,40.531785253670726,39691000.0
2010-08-17,40.396671295166016,40.869542550811545,40.396671295166016,40.869542550811545,37445000.0
2010-08-18,40.261573791503906,40.73444515212035,40.19402184439081,40.531786733839475,42369000.0
2010-08-19,40.59933853149414,40.801999525970565,40.194021696424485,40.194021696424485,45753000.0
2010-08-20,40.464237213134766,40.666895643567905,40.32913073386542,40.39668268502921,30073000.0
2010-08-23,40.59933853149414,41.139764414175815,40.2615736432889,40.464234637765315,27530000.0
2010-08-24,40.261573791503906,40.59933868095256,40.261573791503906,40.531786733839475,30548000.0
2010-08-25,39.65359878540039,40.12647014898307,39.58604426092194,40.12647014898307,70486000.0
2010-08-26,39.721153259277344,39.92381169171891,39.51849482683577,39.586046778669036,33540000.0
2010-08-27,39.721153259277344,39.788707788052385,39.51849482683577,39.65360130744408,43374000.0
2010-08-30,40.126468658447266,40.261572548502365,39.78870377942647,39.99136219145064,27583000.0
2010-08-31,39.7886962890625,39.85624822137316,39.45093147362713,39.85624822137316,77308000.0
2010-09-01,39.923797607421875,40.0589040403674,39.653587318471686,40.0589040403674,33670000.0
2010-09-02,40.19401550292969,40.59933227554409,40.12646356647435,40.53178033908876,25353000.0
2010-09-03,40.396671295166016,40.46422580422453,40.0589064806965,40.0589064806965,38247000.0
2010-09-06,40.86955261230469,40.86955261230469,40.59933966343014,40.80200066355688,25773000.0
2010-09-07,40.666893005371094,40.93710336943859,40.59933848164803,40.86955142265711,20235000.0
2010-09-08,40.05891799926758,40.46423743934147,39.78870761616009,40.26157643083364,66266000.0
2010-09-09,40.19401550292969,40.329121952781556,39.99135711662248,40.329121952781556,21194000.0
2010-09-10,40.05891799926758,40.32913095931684,39.923811519242946,40.19402447929221,32620000.0
2010-09-13,41.139766693115234,41.139766693115234,40.12647197236798,40.261575873580895,86590000.0
2010-09-14,41.20731735229492,41.34242382621537,41.004658929885075,41.34242382621537,33482000.0
2010-09-15,41.34242630004883,41.34242630004883,40.86955490150258,41.34242630004883,39289000.0
2010-09-16,40.86955261230469,41.20731750992704,40.86955261230469,41.072211035489765,27832000.0
2010-09-17,41.34242630004883,41.47753278205372,40.93710685403413,41.20731981804393,49333000.0
2010-09-20,41.88283920288086,41.88283920288086,41.40996792229881,41.545074370599565,65877000.0
2010-09-21,41.74773406982422,42.08549891274665,41.612627617266995,42.08549891274665,32205000.0
2010-09-23,40.53179168701172,41.13976959309366,40.46423973164347,41.13976959309366,106168000.0
2010-09-24,40.59933853149414,40.66689305530015,40.2615736432889,40.3291281670949,58578000.0
2010-09-27,41.00465393066406,41.072205870917635,40.801995532962,41.072205870917635,57033000.0
2010-09-28,41.20731735229492,41.34242382621537,40.93710440445403,41.004658929885075,48335000.0
2010-09-29,41.54508590698242,41.8152988786176,41.207320980909394,41.54508590698242,79436000.0
2010-09-30,41.88283920288086,41.88283920288086,41.61262630627936,41.68018081890032,56151000.0
2010-10-01,41.88283920288086,42.08549758686141,41.68018081890032,42.01794565118161,38944000.0
2010-10-04,41.815284729003906,41.95038859216266,41.612623780383764,41.88283666058328,25742000.0
2010-10-05,41.27486801147461,41.68018742057492,41.13976411871608,41.68018742057492,28432000.0
2010-10-06,41.74773406982422,41.88284052238144,41.54507567945901,41.81528858457345,34117000.0
2010-10-07,41.40997314453125,41.68018607520944,41.20731473499335,41.477527665671545,37414000.0
2010-10-08,41.74773406982422,41.74773406982422,41.20731083653658,41.20731083653658,54186000.0
2010-10-11,41.54508590698242,41.88285083305545,41.27487293534725,41.88285083305545,24273000.0
2010-10-12,41.20731735229492,41.54508224862521,40.802000507475235,41.54508224862521,27854000.0
2010-10-13,41.20731735229492,41.40997577470476,40.802000507475235,41.40997577470476,28950000.0
2010-10-14,41.74773406982422,41.88284052238144,41.40996922690179,41.47752374165102,45889000.0
2010-10-15,41.815284729003906,41.815284729003906,41.34241347712525,41.40996540870462,29898000.0
2010-10-18,40.86955261230469,41.74774083073447,40.80200066355688,41.47753045880159,32498000.0
2010-10-19,41.00465393066406,41.00465393066406,40.5993345583186,40.93709941346915,34442000.0
2010-10-20,41.20731735229492,41.27486930078432,40.802000507475235,40.86955245596463,34445000.0
2010-10-21,41.20731735229492,41.47753030013581,41.07221087837448,41.40997577470476,37243000.0
2010-10-22,41.74773406982422,41.74773406982422,41.47752374165102,41.680182132016235,42883000.0
2010-10-25,41.88283920288086,42.01794565118161,41.74773275458011,41.88283920288086,38467000.0
2010-10-26,42.08550262451172,42.08550262451172,41.882844216272886,42.01795068074593,37835000.0
2010-10-27,41.88283920288086,42.153052099482366,41.81528726720107,42.08549758686141,26552000.0
2010-10-28,42.35572052001953,42.558378952021755,41.95040107907331,42.15306208801731,61848000.0
2010-10-29,42.42326354980469,42.62592193918647,42.220605160422906,42.55837000170629,67800000.0
2010-11-01,42.89613723754883,42.89613723754883,42.55837237741065,42.828585296297746,76051000.0
2010-11-02,42.76103591918945,42.82859044550388,42.55837749412955,42.55837749412955,24276000.0
2010-11-03,43.16636276245117,43.23391472342968,42.76104326575374,42.89614976465288,44405000.0
2010-11-04,43.16636276245117,43.30146668440818,42.96370172563139,43.16636276245117,32641000.0
2010-11-05,43.369014739990234,43.63922771345574,43.098804343466625,43.57167575856031,43711000.0
2010-11-08,42.76103591918945,43.36901119436915,42.625929443502294,43.36901119436915,23591000.0
2010-11-09,43.23390579223633,43.23390579223633,42.625927961256366,42.761034432245424,25317000.0
2010-11-10,43.369014739990234,43.436571848769454,43.0312523885712,43.23391083019938,37637000.0
2010-11-11,43.0312385559082,43.369000798751436,43.0312385559082,43.16634499921014,31688000.0
2010-11-12,42.558380126953125,43.233909970238095,42.558380126953125,42.96369700214737,29650000.0
2010-11-15,43.16636276245117,43.23391472342968,42.69349130477523,43.098808224530536,27583000.0
2010-11-16,43.571678161621094,43.706782078863185,43.30146517325283,43.436574244379,55027000.0
2010-11-17,43.09878921508789,43.57166046419605,42.96368277577971,43.368999516763274,51345000.0
2010-11-18,42.76103591918945,43.16635534625094,42.55837749412955,43.03124887056377,39053000.0
2010-11-19,43.0312385559082,43.23389693239057,42.55836729282197,42.9636840457867,23769000.0
2010-11-22,43.09878921508789,43.436556601828855,42.693472474104325,42.96368277577971,25384000.0
2010-11-23,42.828590393066406,43.09880076716821,42.761035866834696,43.03124881787818,30876000.0
2010-11-24,42.693477630615234,43.23390087617921,42.55837117498891,42.55837117498891,26848000.0
2010-11-25,43.504112243652344,43.571664180597715,42.89613450337915,43.09879289115648,34656000.0
2010-11-26,43.504112243652344,43.571664180597715,43.16634740504306,43.16634740504306,30955000.0
2010-11-29,43.43656921386719,43.706777017057846,43.09880172905365,43.63922506626018,33430000.0
2010-11-30,42.828590393066406,43.504120193733435,42.828590393066406,43.09880076716821,66488000.0
2010-12-01,43.639217376708984,43.639217376708984,43.098794134729,43.098794134729,58038000.0
2010-12-02,44.720069885253906,44.85517893512709,43.84188425355291,43.90943620154787,87811000.0
2010-12-03,46.13867950439453,47.28707790627976,45.05782788628787,45.125384977831395,124694000.0
2010-12-06,46.27378463745117,46.949314340187684,46.20623269795404,46.5439975493223,58644000.0
2010-12-07,45.9360237121582,46.341340537665346,45.665810777192426,46.273788592394666,58928000.0
2010-12-08,45.9360237121582,46.408892482936025,45.800919821616844,46.341340537665346,46509000.0
2010-12-09,47.28708267211914,47.35463461658842,46.476449030721724,46.61155291966029,91264000.0
2010-12-10,47.08441162109375,47.21952063503737,46.814203900970305,47.01685969106288,32731000.0
2010-12-13,46.88176345825195,47.557293176227105,46.61155054028534,47.287080258260495,36075000.0
2010-12-14,46.611549377441406,47.219527139228035,46.408888405551664,47.219527139228035,45977000.0
2010-12-15,47.28708267211914,47.35463461658842,46.27378804343087,46.341339987900156,56590000.0
2010-12-16,48.097713470458984,48.36792638624683,47.15197599602558,47.287079876978154,61923000.0
2010-12-17,49.246131896972656,50.664743689501854,48.36794094480092,48.638153941921786,108365000.0
2010-12-20,48.097713470458984,49.31366901456293,47.89505764903013,49.31366901456293,91134000.0
2010-12-21,48.16526794433594,48.367923754739095,47.82750310644826,48.30037181793804,35454000.0
2010-12-22,48.097713470458984,48.36792638624683,47.759948614194855,48.0301615299827,26216000.0
2010-12-23,47.96261215209961,48.503038012549695,47.75995116596008,48.503038012549695,35499000.0
2010-12-24,47.82750701904297,47.96261090369743,47.62484603817843,47.96261090369743,21468000.0
2010-12-27,47.75994110107422,47.82749818480579,47.28707243824452,47.82749818480579,29035000.0
2010-12-28,47.89506149291992,47.96261343881769,47.692400501343506,47.89506149291992,35961000.0
2010-12-29,47.69240188598633,47.82751093558757,47.42218894066711,47.82751093558757,40312000.0
2010-12-30,47.69240188598633,47.82751093558757,47.35463699280812,47.69240188598633,53976000.0
2010-12-31,47.96261215209961,48.84080288686025,47.48974338961801,47.62484727778905,143558000.0
2011-01-03,48.030174255371094,48.3679392011246,47.82751838024943,48.30038724275071,35149000.0
2011-01-04,48.097713470458984,48.36792638624683,47.827505708553836,47.962609589506414,35448000.0
2011-01-05,47.1519775390625,48.03016310175803,47.01686849980582,47.89505921638421,51755000.0
2011-01-06,47.96261215209961,47.96261215209961,47.084421417338966,47.15197851530745,46666000.0
2011-01-07,48.97591018676758,49.31367508460736,48.57059334013652,48.57059334013652,169755000.0
2011-01-10,50.124298095703125,50.124298095703125,49.043451683735505,49.31366457519797,66767000.0
2011-01-11,50.326961517333984,50.59717442202905,49.854092799529475,50.05674861263891,81911000.0
2011-01-12,50.59717559814453,50.6647275374179,50.46206656571519,50.46206656571519,53397000.0
2011-01-13,50.39452362060547,50.86739758768046,50.12431066140312,50.73228853113752,92995000.0
2011-01-14,50.52963638305664,50.52963638305664,50.056762381300466,50.259423404036525,28681000.0
2011-01-17,51.20514678955078,51.272698720156974,50.867381982637866,50.93493391324406,67207000.0
2011-01-18,51.88069534301758,52.28601222850225,50.799843443213355,51.002504462897605,56518000.0
2011-01-19,52.69131851196289,52.893979490869704,51.745575866869046,51.94823684577587,86839000.0
2011-01-20,51.610469818115234,52.01578660504033,51.4078088477114,52.01578660504033,43578000.0
2011-01-21,50.39452362060547,50.799840482467225,49.98920675874371,49.98920675874371,81340000.0
2011-01-24,50.867393493652344,50.934945439545174,50.3945195646363,50.7998363938764,40750000.0
2011-01-25,50.66474151611328,51.272719445083446,50.59718955820193,51.272719445083446,43750000.0
2011-01-26,50.39452362060547,50.799840482467225,50.19186776661635,50.39452362060547,66493000.0
2011-01-27,50.799827575683594,50.934936597899195,50.52961983901683,50.597171773183526,69734000.0
2011-01-28,51.542930603027344,51.9482474900079,50.597187764150135,50.7998436306985,97365000.0
2011-02-08,51.00249481201172,52.015789410925855,50.52962606073826,52.015789410925855,105232000.0
2011-02-09,49.85411071777344,51.070061495106735,49.85411071777344,51.002509533124496,79084000.0
2011-02-10,48.63814163208008,49.58388430570267,48.63814163208008,49.38122332068249,83493000.0
2011-02-11,48.232826232910156,48.90835599764592,47.89506135054228,48.773246952368915,111841000.0
2011-02-14,48.97591018676758,49.24612313581607,48.30038039108803,48.6381452889278,64830000.0
2011-02-15,48.97591018676758,49.381227033398645,48.232828442296736,48.908358237976294,56427000.0
2011-02-16,48.7056999206543,49.111016789612094,48.57059601562957,48.908360932075006,53849000.0
2011-02-17,48.97591018676758,49.24612313581607,48.36793233987932,48.908358237976294,49280000.0
2011-02-18,49.31367492675781,49.92165277169998,49.31367492675781,49.38122687533287,73532000.0
2011-02-21,49.58388137817383,49.58388137817382,48.8407997334444,49.381220405119144,37954000.0
2011-02-22,48.97591018676758,48.97591018676758,48.09771939083083,48.773249186510384,82528000.0
2011-02-23,47.96261215209961,48.57058995663521,47.62484727778905,48.30037702641017,78154000.0
2011-02-24,47.62485122680664,48.23282908175532,47.62485122680664,47.96261612912442,62708000.0
2011-02-25,47.62485122680664,48.0301680788113,47.21953437480199,47.69240317649352,78655000.0
2011-03-01,48.232826232910156,48.503039169581086,47.28708353150347,47.28708353150347,77441000.0
2011-03-02,47.55729293823242,47.9626097362126,47.557292938232415,47.82750585484678,52968000.0
2011-03-03,47.82750701904297,48.36792771154366,47.35463311498667,47.35463311498667,59349000.0
2011-03-04,48.50304412841797,48.63814803362459,48.1652792115178,48.30038311672442,55215000.0
2011-03-07,47.89506149291992,48.43548221398519,47.89506149291992,48.36793026808742,30090000.0
2011-03-08,48.30038070678711,48.50304170836893,47.62485090669218,47.62485090669218,49251000.0
2011-03-09,48.232826232910156,48.773246952368915,48.030165241936196,48.773246952368915,42715000.0
2011-03-10,47.62485122680664,48.70569788344685,47.35463827417574,48.70569788344685,61899000.0
2011-03-11,47.28708267211914,47.69239949281785,46.94931779588972,47.28708267211914,52528000.0
2011-03-14,47.489742279052734,47.624846164064316,46.679103507334695,47.489742279052734,47199000.0
2011-03-15,45.9360237121582,47.354635178374714,44.72006808175374,47.287083233104035,114456000.0
2011-03-16,46.27378463745117,46.67910142831656,46.003571725580045,46.47644560982518,60944000.0
2011-03-17,45.530696868896484,45.59824879930425,44.382293436436704,45.12538013256794,104629000.0
2011-03-18,46.13867950439453,46.206231442055575,45.39559272847558,45.800914662206814,55649000.0
2011-03-21,46.611549377441406,46.67910131677712,45.93601967631907,46.13868064820881,34725000.0
2011-03-22,46.34132766723633,46.94930531358425,46.20622381421751,46.94930531358425,31467000.0
2011-03-23,46.40888977050781,46.67910268968065,46.00357296868995,46.67910268968065,31189000.0
2011-03-24,46.88176345825195,47.35463219928146,46.61155054028534,46.679102481306316,44701000.0
2011-03-25,48.097713470458984,48.097713470458984,47.287079876978154,47.557292792766,51518000.0
2011-03-28,47.96261215209961,47.96261215209961,47.48974338961801,47.69239922187457,28535000.0
2011-03-29,47.82750701904297,48.097714788351894,47.557294095851205,47.69239798050567,34785000.0
2011-03-30,47.489742279052734,47.82750714546454,47.28708129765251,47.489742279052734,60127000.0
2011-03-31,47.69240188598633,47.962614831305544,47.28708504494913,47.962614831305544,41950000.0
2011-04-01,47.75994110107422,47.82749818480579,47.354624368094214,47.75994110107422,26616000.0
2011-04-06,49.246131896972656,49.246131896972656,48.30038898399177,48.30038898399177,114050000.0
2011-04-07,49.17856216430664,49.31366603710191,48.84079732843608,49.31366603710191,45048000.0
2011-04-08,49.246131896972656,49.313683857781804,48.908366939042644,49.246131896972656,64884000.0
2011-04-11,48.030174255371094,49.31368208001121,47.89507033862332,49.31368208001121,42409000.0
2011-04-12,47.35463333129883,47.75995014099651,47.35463333129883,47.624846255724904,45901000.0
2011-04-13,47.75994110107422,47.82749818480579,47.28707243824452,47.354624368094214,27328000.0
2011-04-14,47.1519775390625,47.62484629175371,47.01686849980582,47.489742406379904,46816000.0
2011-04-15,46.74665069580078,47.2870764886526,46.67909876016489,47.2870764886526,51993000.0
2011-04-18,46.611549377441406,47.15197519989232,46.47644549876998,47.15197519989232,27120000.0
2011-04-19,46.00358200073242,46.2737949729571,45.936030046147195,46.2737949729571,42649000.0
2011-04-20,47.1519775390625,47.1519775390625,46.273786822484105,46.61155168980151,48039000.0
2011-04-21,47.75994110107422,48.1652629879361,47.48973338167547,47.75994110107422,50849000.0
2011-04-22,47.89506149291992,47.96261343881769,47.4897446636502,47.89506149291992,25299000.0
2011-04-25,47.489742279052734,48.030162972981906,47.3546332401583,47.96261103047612,22040000.0
2011-04-26,47.489742279052734,47.489742279052734,46.679103507334695,47.08442031625229,31838000.0
2011-04-27,48.8408088684082,49.111016677842706,48.300382941772,48.300382941772,58612000.0
2011-04-28,49.31367492675781,49.78654372066655,49.246122978182754,49.58388787494137,83054000.0
2011-04-29,49.44877624511719,49.92165016824851,49.24612040996066,49.78654112426111,92890000.0
2011-05-03,50.39452362060547,50.529632677148406,49.718993799541366,49.92165480741401,81495000.0
2011-05-04,49.85411071777344,50.259427643551206,49.31368471414686,50.259427643551206,46461000.0
2011-05-05,50.52963638305664,50.52963638305664,49.7189974459963,49.98921042501642,45326000.0
2011-05-06,50.66474151611328,51.07005841746538,50.25942461476118,50.66474151611328,53441000.0
2011-05-09,51.00249481201172,51.40781162080081,50.79983383067575,51.07004675449609,59843000.0
2011-05-10,50.25941848754883,51.07005219142728,50.25941848754883,51.07005219142728,43183000.0
2011-05-11,50.66474151611328,50.867402543731345,50.39452853058387,50.867402543731345,43103000.0
2011-05-12,51.137603759765625,51.34026476116568,50.05675711135986,50.12430906053209,58360000.0
2011-05-13,51.2727165222168,51.40782043033772,51.00250355209123,51.34026847627726,37218000.0
2011-05-16,50.59717559814453,51.27270529864344,50.46206656571519,51.27270529864344,25843000.0
2011-05-17,51.07004928588867,51.34026222310268,50.39451951979522,50.39451951979522,41026000.0
2011-05-18,50.867393493652344,51.20515837699961,50.5971805561979,50.86739349365234,27879000.0
2011-05-19,50.799827575683594,51.542914313163834,50.597171773183526,50.597171773183526,52635000.0
2011-05-20,51.00249481201172,51.34025967831643,50.59717800322263,51.34025967831643,32925000.0
2011-05-23,50.73228454589844,51.0024974838744,50.326967715876066,50.46207160792248,38984000.0
2011-05-24,50.52963638305664,50.732292251908795,50.12431433758452,50.59718833934069,34727000.0
2011-05-25,50.326961517333984,50.59717442202905,49.51632795713126,50.124300550342056,59534000.0
2011-05-26,50.124298095703125,50.664723878628045,49.98919422691301,50.664723878628045,33168000.0
2011-05-27,49.989200592041016,50.32696546090616,49.85409670604812,49.85409670604812,46500000.0
2011-05-30,50.73228454589844,50.86739359182798,49.989202831876895,49.989202831876895,33671000.0
2011-05-31,51.81312561035156,51.94823464185165,50.93494009807255,51.002492036881314,62660000.0
2011-06-01,52.01578140258789,52.21844235272222,51.54291272411719,51.54291272411719,44950000.0
2011-06-02,51.610469818115234,52.28599951428459,51.54291787927481,51.54291787927481,61778000.0
2011-06-03,52.15089797973633,52.15089797973633,51.407816237903944,52.01579408263346,35389000.0
2011-06-07,52.353553771972656,52.82642251868251,51.74557598771512,52.15089279259254,40816000.0
2011-06-08,52.353553771972656,52.69131863501764,52.08334085076011,52.08334085076011,58158000.0
2011-06-09,51.948246002197266,52.691327799360224,51.88069404861585,52.691327799360224,33565000.0
2011-06-10,50.867393493652344,52.35355691882709,50.73228444798357,52.01579203547982,55263000.0
2011-06-13,50.462066650390625,50.664727622433404,49.92164598141424,50.32696277161718,68652000.0
2011-06-14,51.47536087036133,51.610469902144715,50.32696244655669,50.32696244655669,52699000.0
2011-06-15,52.01578140258789,52.285994284806314,51.40780370606694,52.01578140258789,85237000.0
2011-06-16,51.00249481201172,51.47536356328518,50.93494286952735,51.34025967831643,62276000.0
2011-06-17,50.124298095703125,50.73227581302311,50.05674616130806,50.664723878628045,79539000.0
2011-06-20,50.59717559814453,50.93494044839399,50.05674977619237,50.39451462644182,31713000.0
2011-06-21,51.2727165222168,51.47537238439818,50.8673996439703,50.934951598030764,40800000.0
2011-06-22,50.66474151611328,51.54293243061285,50.39452853058387,51.54293243061285,45315000.0
2011-06-23,50.124298095703125,50.59717194423299,49.85409035812289,50.462062921560644,53121000.0
2011-06-24,49.246131896972656,49.71900077652097,48.57060198111263,49.71900077652097,68685000.0
2011-06-27,48.63814163208008,48.70569357579249,48.36792870334749,48.63814163208008,64884000.0
2011-06-28,48.97591018676758,49.04346213555887,48.50304139134523,48.70569723771909,95586000.0
2011-06-29,50.3144645690918,50.807741472426855,49.60978020643313,49.96212238776246,93038000.0
2011-06-30,50.878204345703125,50.87820434570313,50.24399277630316,50.31446013109043,48764000.0
2011-07-01,51.301029205322266,51.4419639423092,50.73727950474333,50.87821424173026,40514000.0
2011-07-04,51.7943115234375,52.07618640290992,51.51243664396509,52.07618640290992,39959000.0
2011-07-05,51.5828971862793,51.6533699290486,51.01915287833298,51.582897186279304,34203000.0
2011-07-06,51.301029205322266,51.72383879259868,51.089621723526264,51.58289867929614,42991000.0
2011-07-07,50.45540237426758,50.94868468406058,50.38493500895868,50.80774457712743,47655000.0
2011-07-08,51.08961486816406,51.30102232159276,50.73727269665948,50.80774005569742,52356000.0
2011-07-11,50.24400329589844,51.160089852563225,49.46884610200004,51.160089852563225,47105000.0
2011-07-12,49.539302825927734,49.891644935994606,49.398362756112626,49.7507048661795,39821000.0
2011-07-13,50.878204345703125,51.089611786379486,49.398368389912285,49.680243185375915,69016000.0
2011-07-14,49.8211669921875,50.31444912037862,49.398357579676095,49.68023231345482,54343000.0
2011-07-15,49.25743865966797,49.468840745399966,48.97556383571021,49.327906021578634,88064000.0
2011-07-18,49.11649703979492,49.46883921476135,48.90509496060402,49.11649703979492,34351000.0
2011-07-19,48.27088928222656,49.18698130234274,48.27088928222656,49.04604117353922,57401000.0
2011-07-20,50.45540237426758,50.52586973957648,48.90509883221038,49.11650092813708,55120000.0
2011-07-21,50.45540237426758,50.45540237426758,49.750717968547875,50.31446764364978,32798000.0
2011-07-22,50.73727798461914,51.01915282646344,50.52587050915705,51.01915282646344,37196000.0
2011-07-25,50.73727798461914,51.08962019284566,50.3144684100104,51.01915282646344,32490000.0
2011-07-26,51.935245513916016,51.935245513916016,50.948691514694524,50.948691514694524,52821000.0
2011-07-27,51.72382736206055,52.076169502978786,51.44195257406307,51.93522942082285,35569000.0
2011-07-28,51.44196319580078,51.72383804199978,50.948686247189165,51.30102846085904,33682000.0
2011-07-29,50.73727798461914,51.01915282646344,50.24400104362818,50.596343251854705,60614000.0
2011-08-01,51.16008758544922,51.30102769460132,50.737278010623776,50.737278010623776,41072000.0
2011-08-02,50.3144645690918,50.807741472426855,50.17352447077105,50.737274111423986,33350000.0
2011-08-03,49.39836883544922,49.68024363345515,49.18696676918072,49.39836883544922,45976000.0
2011-08-04,49.327911376953125,49.821188340196386,49.04603652239311,49.04603652239311,43900000.0
2011-08-05,46.931983947753906,47.91854326674414,46.50917434713402,46.50917434713402,89615000.0
2011-08-08,45.94541931152344,47.49572816946757,45.099800208146746,46.50916896465133,97375000.0
2011-08-09,44.60651397705078,45.874945131779974,43.83136235142659,44.04276709585527,115504000.0
2011-08-10,46.36823654174805,47.21385568711043,45.804486860629524,45.874954226690484,109734000.0
2011-08-11,46.79104995727539,47.07292482098441,45.09980615133708,45.522615758742695,54267000.0
2011-08-12,45.87495803833008,47.636669217807544,45.87495803833008,47.35479435382798,61038000.0
2011-08-15,47.07292556762695,47.14339294059296,46.43870845830103,47.14339294059296,39616000.0
2011-08-16,46.50917053222656,47.072920204355434,46.50917053222656,47.072920204355434,38915000.0
2011-08-17,46.36823654174805,46.6501060059919,46.01589433512782,46.509171273869974,35809000.0
2011-08-18,45.38167953491211,46.36823883755892,44.60652502907309,46.36823883755892,73212000.0
2011-08-19,45.02934265136719,45.02934265136719,44.39512549756725,44.46559287547473,43186000.0
2011-08-22,45.804481506347656,46.1568236717811,44.39511284461388,44.817922367871056,46280000.0
2011-08-23,47.07292556762695,47.28432768652497,45.80449134897511,45.80449134897511,46451000.0
2011-08-24,47.56619644165039,47.70713116946992,46.79104468601247,47.70713116946992,48112000.0
2011-08-25,47.21385955810547,47.6366691654522,46.79104995075874,47.49573442177524,30837000.0
2011-08-26,47.84807205200195,48.12994688854183,47.21385501386606,47.2843223789222,40454000.0
2011-08-29,48.90510177612305,49.25744400019264,47.98900984301583,48.341352067085424,38554000.0
2011-08-30,48.62321090698242,49.539302538364176,48.34133614530235,49.539302538364176,33717000.0
2011-08-31,48.90510177612305,48.90510177612305,47.77760773436348,48.69369429115502,47445000.0
2011-09-01,48.34134292602539,49.186967329679284,48.34134292602539,48.905092528461324,47910000.0
2011-09-02,47.56619644165039,48.97556522510669,47.28432160969608,48.97556522510669,42191000.0
2011-09-05,46.931983947753906,47.28432617765643,46.43870697641667,46.57964171785137,49750000.0
2011-09-06,46.57963562011719,47.35478734916459,46.57963562011719,46.86151044240217,38972000.0
2011-09-07,48.34134292602539,48.34134292602539,47.07291438501653,47.213849097468184,40017000.0
2011-09-08,48.41181564331055,49.046032672204646,48.20041355122269,49.046032672204646,42602000.0
2011-09-09,48.83462905883789,49.39837332982589,48.55275423518635,48.97556378250612,38210000.0
2011-09-13,48.20040512084961,49.32789887706246,48.20040512084961,49.04602409393067,34863000.0
2011-09-14,47.354793548583984,49.04603732738679,47.14339143643099,48.975569956669126,60617000.0
2011-09-15,48.693687438964844,49.18696970903685,48.270877904842344,48.623220079330245,42178000.0
2011-09-16,50.10306167602539,50.73727873548202,49.53931736030935,49.609784727734414,76993000.0
2011-09-19,50.17352294921875,50.52586511986303,49.82118077857447,50.31446304326538,28682000.0
2011-09-20,49.68025588989258,50.525875116215445,49.11650615480006,50.03259813024643,46860000.0
2011-09-21,50.73727798461914,50.80774535100136,49.962126201783875,50.03259356816609,52306000.0
2011-09-22,48.62321090698242,49.68023723104726,48.62321090698242,49.46882981570873,64836000.0
2011-09-23,47.56619644165039,48.55275566533285,47.49572907774062,48.059473365334,85391000.0
2011-09-26,47.354793548583984,47.49573366633508,47.354793548583984,47.49573366633508,26574000.0
2011-09-27,49.25743865966797,49.468840745399966,48.41181418779471,48.55275428793113,56625000.0
2011-09-28,49.539302825927734,49.962112282745196,49.18696071586086,49.891644935994606,42230000.0
2011-09-29,49.539302825927734,49.962112282745196,48.83461860579399,49.046020646045754,39894000.0
2011-09-30,49.327911376953125,49.89166108607314,48.623226928710935,49.53931886195205,60198000.0
2011-10-03,48.34134292602539,49.327902042130944,47.9890007685816,49.327902042130944,33871000.0
2011-10-04,48.693687438964844,49.32790442830605,48.05947044962364,49.32790442830605,35690000.0
2011-10-05,48.693687438964844,49.11649697308734,48.41181262411154,48.55275271969565,30824000.0
2011-10-06,48.62321090698242,49.2574277766841,48.411803491643894,49.116487707687114,57224000.0
2011-10-07,48.693687438964844,48.693687438964844,48.693687438964844,48.693687438964844,13073000.0
2011-10-11,49.327911376953125,49.609786231513134,49.04603652239311,49.327911376953125,55155000.0
2011-10-12,49.60976791381836,49.68023525736039,49.04601841285475,49.68023525736039,41221000.0
2011-10-13,49.60976791381836,49.60976791381836,48.482274288204835,49.1869584762525,58272000.0
2011-10-14,49.539302825927734,49.891644935994606,49.25742806261145,49.891644935994606,35631000.0
2011-10-17,50.10306167602539,50.10306167602539,49.68025209515948,49.891659573750196,38911000.0
2011-10-18,49.8211669921875,49.8211669921875,49.32789024030975,49.398357579676095,25527000.0
2011-10-19,50.10306167602539,50.10306167602539,49.46884461656877,50.03259430860032,31141000.0
2011-10-20,49.11649703979492,49.82118138972779,49.04602968006462,49.68024667026719,25687000.0
2011-10-21,49.539302825927734,49.82117221293009,49.046020646045754,49.82117221293009,17897000.0
2011-10-24,50.525882720947266,50.666822864091486,50.17354042756181,50.17354042756181,50063000.0
2011-10-25,50.38492965698242,50.73727182241586,50.03258749154897,50.596337106768395,40816000.0
2011-10-26,50.66680908203125,50.737276446276915,50.1030594154354,50.314466884487665,25653000.0
2011-10-27,50.66680908203125,50.878211174768246,50.314466884487665,50.737276446276915,38771000.0
2011-10-28,51.512428283691406,52.146645315494254,50.80774388753608,51.79430311741659,90679000.0
2011-10-31,51.86478042602539,52.005720558068674,51.51243816039163,51.794313048161904,46670000.0
2011-11-01,52.00572204589844,52.14665680565741,51.441972254229604,51.794314529943506,37063000.0
2011-11-02,52.07617950439453,52.07617950439453,51.01915287863408,51.51242982012945,34533000.0
2011-11-03,51.7943115234375,52.28758853027711,50.94869226133641,52.28758853027711,36408000.0
2011-11-04,52.56945037841797,52.78085782969596,52.076173493855734,52.49898302009691,56744000.0
2011-11-07,52.8513298034668,52.99226453241659,52.35805287582722,52.85132980346679,28458000.0
2011-11-08,52.498985290527344,52.851327473685245,52.146643107369435,52.851327473685245,21447000.0
2011-11-09,52.21711349487305,52.780863171122654,52.21711349487305,52.780863171122654,17538000.0
2011-11-10,51.16008758544922,51.723837269426774,51.089620219030884,51.089620219030884,45120000.0
2011-11-11,51.72382736206055,51.86476206790208,51.1600777860656,51.79429471498131,27464000.0
2011-11-14,53.485557556152344,53.55602493475058,52.569465505426116,52.7808730175372,63557000.0
2011-11-15,53.55601501464844,53.55601501464844,52.85133060656096,53.2036728106047,35895000.0
2011-11-16,53.13320541381836,53.55601498315917,52.78086320998178,53.55601498315917,38931000.0
2011-11-17,53.344600677490234,53.556008123239415,52.710389092872035,52.99225851878471,34876000.0
2011-11-18,52.28757858276367,52.992262959223105,51.93523639453396,52.85132823445727,52324000.0
2011-11-21,51.65336227416992,52.076171786549374,51.441954829822876,51.58288954184448,21320000.0
2011-11-22,52.146636962890625,52.99225595230362,52.005702256759925,52.99225595230362,42423000.0
2011-11-23,51.72382736206055,52.4989789968178,51.51241992698384,52.14663685589955,42823000.0
2011-11-24,51.301029205322266,51.58289867929614,51.16008909201973,51.37149657381573,46889000.0
2011-11-25,50.45540237426758,51.653369089780284,50.24400027834088,51.44196161753823,36741000.0
2011-11-28,51.86478042602539,52.42853020156592,50.45541136349037,50.45541136349037,34892000.0
2011-11-29,51.86478042602539,52.287590069522636,51.37150340466466,52.005720558068674,42495000.0
2011-11-30,52.56945037841797,52.56945037841797,51.44195651633657,52.146640852176795,51206000.0
2011-12-01,53.97883224487305,53.97883224487305,53.20368036123092,53.20368036123092,78257000.0
2011-12-02,53.55601501464844,54.11976469164457,53.133205445059026,53.97882458423785,35285000.0
2011-12-05,53.76742172241211,53.76742172241211,53.133204688896136,53.55601425246835,28821000.0
2011-12-06,53.13320541381836,53.767422455987266,53.06273804831412,53.767422455987266,40835000.0
2011-12-07,53.83787155151367,53.9083388931047,53.13318738297636,53.9083388931047,40811000.0
2011-12-08,53.76742172241211,54.049291180583396,53.062737324353314,54.049291180583396,31661000.0
2011-12-09,52.21711349487305,53.55601494372935,51.794303925843515,53.55601494372935,41947000.0
2011-12-12,52.8513298034668,52.99226453241659,52.21711277056213,52.92179716794169,28286000.0
2011-12-13,52.992252349853516,52.992252349853516,51.935225996787445,51.935225996787445,29883000.0
2011-12-14,52.498985290527344,52.92179483505381,52.07617574600087,52.92179483505381,27551000.0
2011-12-15,51.08961486816406,52.21710874171574,51.08961486816406,52.21710874171574,35609000.0
2011-12-16,51.23054885864258,51.723831117532114,51.0896141425683,51.30102159299451,20783000.0
2011-12-19,51.08961486816406,51.794299211173225,50.73727269665948,51.794299211173225,24429000.0
2011-12-20,51.301029205322266,51.37149657381573,50.73727950474333,51.37149657381573,26756000.0
2011-12-21,53.55601501464844,53.55601501464844,52.21711356401915,52.78086324101528,52799000.0
2011-12-22,52.8513298034668,53.20367200215657,52.42852024030211,53.06273727320678,25805000.0
2011-12-23,53.13320541381836,53.41508025215069,52.569455737153696,53.41508025215069,28697000.0
2011-12-26,52.8513298034668,53.20367200215657,52.63992233372681,53.13320463768167,11293000.0
2011-12-27,53.20365905761719,53.20365905761719,52.63990952634863,52.71038224999269,14575000.0
2011-12-28,53.344600677490234,53.344600677490234,52.7808564493502,53.06273125157756,19957000.0
2011-12-29,53.415069580078125,53.48553693150333,52.99225471889831,53.133194798063016,24738000.0
2011-12-30,53.415069580078125,53.48553693150333,52.78085266462269,53.34459685233863,32240000.0
2012-01-02,49.18696594238281,53.13319691918866,49.18696594238281,52.85132212592085,26261000.0
2012-01-03,49.68025588989258,53.485553160977325,49.68025588989258,53.20367829343106,56936000.0
2012-01-04,49.68025588989258,53.626487906592494,49.68025588989258,53.626487906592494,56684000.0
2012-01-05,53.55601501464844,53.55601501464844,53.06273807951335,53.55601501464844,56718000.0
2012-01-06,53.27413558959961,53.48554304435122,52.7808586969324,53.48554304435122,29866000.0
2012-01-09,53.27413558959961,53.27413558959961,52.5694512421808,52.992260775369104,27627000.0
2012-01-10,53.90836715698242,53.90836715698242,53.41509013090913,53.55602488798254,56436000.0
2012-01-11,53.90836715698242,54.26070942598231,53.62649226651924,54.1197746689089,41075000.0
2012-01-12,54.260677337646484,54.33114467451066,53.90833527701242,54.04926995074077,55391000.0
2012-01-13,54.61302947998047,54.96537160565776,54.26068735430317,54.401622054048424,57301000.0
2012-01-16,53.06275177001953,54.19024603859666,52.56946933129926,53.62649621614972,37659000.0
2012-01-17,53.27413558959961,53.48554304435122,52.7808586969324,53.48554304435122,43605000.0
2012-01-18,54.04928207397461,54.04928207397461,53.27413044197608,53.4855378763004,56756000.0
2012-01-30,55.458656311035156,56.022405942746,54.40162978381354,54.96537941552438,134364000.0
2012-01-31,55.31772232055664,55.31772232055664,53.767418877385516,55.03584750098507,84114000.0
2012-02-01,54.260677337646484,54.75395407200891,54.04926995074077,54.61301939828056,46150000.0
2012-02-02,54.119754791259766,54.613031636157366,53.62647257004778,54.613031636157366,53946000.0
2012-02-03,53.69694519042969,53.837885285879935,53.274135656708765,53.76741792631227,47741000.0
2012-02-06,54.54256057739258,54.61302792525914,53.97881104183204,54.47209322952602,47544000.0
2012-02-07,54.54256057739258,54.61302792525914,54.11975111387918,54.61302792525914,29943000.0
2012-02-08,54.61302947998047,54.61302947998047,54.19022000443055,54.61302947998047,34702000.0
2012-02-09,54.96538162231445,54.96538162231445,53.908355052654564,54.26069724254119,54953000.0
2012-02-10,54.19023132324219,54.965383086376754,54.049291217744354,54.965383086376754,42117000.0
2012-02-13,53.97883224487305,54.33117449892093,53.69695736637151,53.83789749378034,36380000.0
2012-02-14,54.472103118896484,54.542570479556346,53.696946022693034,54.331163021261766,41995000.0
2012-02-15,55.31772232055664,55.31772232055664,54.68350532059936,54.68350532059936,70978000.0
2012-02-16,55.31772232055664,55.59959714012821,54.96538014017093,55.31772232055664,57944000.0
2012-02-17,56.37476348876953,57.14991541147683,55.951953837867045,56.02242121696472,63929000.0
2012-02-20,56.37476348876953,56.93851327418379,56.16335597516009,56.797573139672025,31043000.0
2012-02-21,56.37476348876953,56.37476348876953,55.88148645876936,56.37476348876953,27443000.0
2012-02-22,56.163352966308594,56.374760468592264,55.670075962734856,56.30429309326974,41090000.0
2012-02-23,55.035850524902344,55.95194239476541,54.7539756898433,55.67006755970637,59936000.0
2012-02-24,55.740543365478516,55.740543365478516,54.40164172842756,54.613049230815236,39386000.0
2012-02-29,57.149906158447266,57.149906158447266,55.95194477879706,56.51568909662018,77948000.0
2012-03-01,56.44521713256836,57.07943414275083,56.44521713256836,57.07943414275083,21169000.0
2012-03-02,56.37476348876953,56.44523086786722,55.81101370335528,56.37476348876953,23782000.0
2012-03-05,55.5995979309082,56.092874839937956,55.31772310732759,55.458657830960355,22782000.0
2012-03-06,56.022422790527344,56.09289017160432,55.17680346497053,56.09289017160432,27703000.0
2012-03-07,55.740543365478516,55.881483492509005,55.45866848773367,55.67007599012133,30305000.0
2012-03-08,56.163352966308594,56.515695219237294,55.81101071337989,56.23382571794723,36169000.0
2012-03-09,56.37476348876953,56.37476348876953,55.52914418696455,56.02242121696472,22702000.0
2012-03-12,56.37476348876953,56.72710576057435,56.09288859606241,56.515698246964895,28913000.0
2012-03-13,57.29084777832031,57.290847778320305,56.44522321485129,56.79756543888446,47221000.0
2012-03-14,58.629737854003906,58.629737854003906,57.78411875446462,58.065993579749424,60618000.0
2012-03-15,58.629737854003906,58.629737854003906,58.13646094199184,58.629737854003906,30072000.0
2012-03-16,57.149906158447266,59.05255734392855,57.149906158447266,58.6297423851668,29079000.0
2012-03-19,58.98208236694336,59.33442456836193,58.06599586904426,58.98208236694336,37321000.0
2012-03-20,58.629737854003906,59.263954866815936,58.34786840503423,59.19348750457351,29232000.0
2012-03-21,59.82770919799805,60.03911130126433,59.05255740005729,59.75724183024262,61534000.0
2012-03-22,60.03911209106445,60.3914543107921,59.40490039660718,59.898177353699644,37740000.0
2012-03-23,60.18003463745117,60.18003463745117,59.47535040370189,59.89815986868865,29341000.0
2012-03-26,58.91161346435547,59.968640041023264,58.13646171672879,59.968640041023264,58830000.0
2012-03-27,60.4619140625,60.46191406249999,59.40488763047247,59.89816448155953,34236000.0
2012-03-28,60.25051498413086,60.95519936991016,59.61629796166644,60.95519936991016,28246000.0
2012-03-29,59.263946533203125,59.54582131885109,58.77066969055495,59.54582131885109,49391000.0
2012-03-30,59.82770919799805,59.82770919799805,58.41834033762738,58.98208465598633,43730000.0
2012-04-02,59.96864700317383,60.039114374536325,59.19349516555472,59.75724488908633,23624000.0
2012-04-03,59.898170471191406,59.898170471191406,59.05255139153587,59.898170471191406,31241000.0
2012-04-05,58.559268951416016,59.193485947545575,58.559268951416016,58.70020904850868,42645000.0
2012-04-06,59.052555084228516,59.19348981421241,58.55927277665421,59.19348981421241,34072000.0
2012-04-09,58.488800048828125,58.91160957632777,57.78411571089044,57.78411571089044,23209000.0
2012-04-10,57.784114837646484,58.84114132857904,57.64318012271471,58.55926652240074,33332000.0
2012-04-11,58.06598663330078,58.841138277866065,57.57270440398508,57.78411184173673,40711000.0
2012-04-12,58.20692825317383,58.277395615354436,57.431776516556944,58.13646089099323,36673000.0
2012-04-13,59.82770919799805,59.898176565753474,58.27740022580099,58.77068255272005,44685000.0
2012-04-16,59.82770919799805,59.898176565753474,59.05255740005729,59.61630171841623,19461000.0
2012-04-17,59.052555084228516,59.82770685177061,58.770680247945386,59.82770685177061,29423000.0
2012-04-18,59.898170471191406,59.898170471191406,59.47536093136364,59.898170471191406,32325000.0
2012-04-19,60.4619140625,60.46191406249999,59.40488763047247,59.54582233755036,31398000.0
2012-04-20,59.40489959716797,60.39145349807637,59.26395948538424,59.89817654762217,27633000.0
2012-04-23,59.40489959716797,59.61630170037025,58.77068253493004,59.33442685311834,20301000.0
2012-04-24,59.61629867553711,59.6162986755371,58.91161428131961,59.05255438595227,24868000.0
2012-04-25,59.33441925048828,59.82770151405285,59.12301717437334,59.82770151405285,31076000.0
2012-04-26,59.193477630615234,59.33441233159101,58.84113550186157,59.33441233159101,21008000.0
2012-04-27,60.602874755859375,63.28067834908684,60.602874755859375,61.30755934604378,116673000.0
2012-04-30,61.1666145324707,61.58942414187535,60.391457309527006,60.81427229524752,47549000.0
2012-05-02,62.29408264160156,62.64642473190891,61.16658902788078,61.30752371347827,47424000.0
2012-05-03,62.646446228027344,62.71691359500582,61.94176180561154,62.29410401681944,27641000.0
2012-05-04,61.7303581237793,62.01223298533945,61.09614102934788,61.09614102934788,37633000.0
2012-05-07,60.32099151611328,60.9552086349774,59.89818189564254,60.9552086349774,46464000.0
2012-05-08,59.475372314453125,60.60286642855845,59.475372314453125,60.60286642855845,45605000.0
2012-05-09,59.61629867553711,60.03910823680455,58.84114691716091,59.123021750110965,40753000.0
2012-05-10,60.109596252441406,60.3914657807054,59.40491167914815,59.89818872992677,28381000.0
2012-05-11,60.25051498413086,60.39144971076064,59.54583059835155,60.39144971076064,33565000.0
2012-05-14,60.18003463745117,60.25050198556329,59.75722517246441,59.75722517246441,13924000.0
2012-05-15,60.25051498413086,60.39144971076064,59.26395576877678,60.18004762081596,30654000.0
2012-05-16,58.77067947387695,59.54583123120953,58.77067947387696,59.334423762702805,64877000.0
2012-05-17,59.96864700317383,59.96864700317383,59.26396253691722,59.75724488908633,33612000.0
2012-05-18,57.6431884765625,59.12302470306805,57.6431884765625,59.12302470306805,57538000.0
2012-05-21,58.136470794677734,58.34787829354843,57.079444052956326,57.079444052956326,32372000.0
2012-05-22,57.925052642822266,58.4183349240291,57.925052642822266,58.277394825263556,33935000.0
2012-05-23,55.740543365478516,57.22037975324383,55.67007599012133,57.07944500252947,62853000.0
2012-05-24,56.79755783081055,56.79755783081054,55.03584694662712,55.5995965800918,40831000.0
2012-05-25,56.37476348876953,56.72710576057435,55.81101370335528,56.233828730574174,28205000.0
2012-05-28,57.502254486083984,57.57272186126359,56.23382560390275,56.374760354261966,28830000.0
2012-05-29,57.99553298950195,58.6297447000542,57.78412550177405,58.1364677304434,40599000.0
2012-05-30,57.57270431518555,57.78411175261113,56.586150610704735,57.50223696148184,75216000.0
2012-05-31,59.96864700317383,59.96864700317383,56.163349810125005,56.72709953365661,81199000.0
2012-06-01,56.304290771484375,57.57271960393262,56.304290771484375,57.57271960393262,66832000.0
2012-06-04,53.90836715698242,54.33117680451902,53.62649226651924,53.90836715698242,65908000.0
2012-06-05,55.106319427490234,55.106319427490234,54.40163500833401,54.613042484607064,37461000.0
2012-06-06,54.82443618774414,55.38818035565458,54.613028764581415,55.106305583542316,33650000.0
2012-06-07,56.23381805419922,56.23381805419921,55.38819353662543,55.95194321500795,47636000.0
2012-06-08,54.89491271972656,55.45865698194232,54.2606957204582,54.2606957204582,34628000.0
2012-06-11,56.65663528442383,56.727102659669505,56.092885529826134,56.30429303187929,36966000.0
2012-06-12,55.95195388793945,56.23382878089884,55.31773672285994,55.31773672285994,38319000.0
2012-06-13,56.37476348876953,56.93851327418379,56.02242121696472,56.93851327418379,32241000.0
2012-06-14,55.81100082397461,56.51568520496578,55.740533461138526,56.37475047929361,30382000.0
2012-06-15,55.035850524902344,56.02240975945134,55.035850524902344,55.81100228907823,83325000.0
2012-06-18,56.93850326538086,57.079437998802334,56.374753579064034,56.374753579064034,33626000.0
2012-06-19,56.727088928222656,57.00896373729045,56.374746760966616,57.00896373729045,28864000.0
2012-06-20,57.502254486083984,57.502254486083984,56.7271026064761,57.290852360545166,28945000.0
2012-06-21,56.79755783081055,57.07943264754288,56.586155750497504,56.727090470706194,27004000.0
2012-06-22,56.44521713256836,57.07943414275083,56.304282408667845,56.3747497706181,30162000.0
2012-06-25,56.0928955078125,56.93852029013153,55.740553192592174,56.93852029013153,39476000.0
2012-06-26,55.458656311035156,55.74053112689058,55.17678687149468,55.67006376700546,36877000.0
2012-06-27,55.8814811706543,56.02241591551288,55.106323944984425,55.17679669372961,31889000.0
2012-06-28,56.304290771484375,56.58616563746706,56.022415905501695,56.374758143901076,33067000.0
2012-06-29,57.29084777832031,57.290847778320305,55.881478882187615,56.09288099081812,47813000.0
2012-07-02,58.7001953125,58.98206468809716,57.431761617057894,57.431761617057894,61179000.0
2012-07-03,59.33441925048828,59.82770151405285,58.77067500453359,58.91160972194355,59905000.0
2012-07-04,59.33403396606445,59.99167833937702,59.33403396606446,59.99167833937702,38922000.0
2012-07-05,59.18791580200195,59.91863081190321,58.96869906906634,59.91863081190321,26863000.0
2012-07-06,59.11483383178711,59.18790420347566,58.53025970845464,59.18790420347566,38090000.0
2012-07-09,58.45720291137695,58.67641965225994,58.16491578183741,58.38413252272039,45026000.0
2012-07-10,57.7995491027832,58.38412326921104,57.434191642493914,58.01876580892174,33429000.0
2012-07-11,57.068824768066406,57.21497107302111,56.55732663800368,57.0688247680664,58592000.0
2012-07-12,55.31511688232422,56.630405960401724,55.31511688232422,56.630405960401724,68200000.0
2012-07-13,55.3881721496582,55.53431284824209,54.43824088413205,54.730527856210124,51423000.0
2012-07-16,55.16896057128906,55.753534568896185,55.16896057128906,55.753534568896185,35444000.0
2012-07-17,54.657466888427734,54.94974833576324,54.438250228014844,54.438250228014844,51636000.0
2012-07-18,54.657466888427734,55.022824272508366,54.657466888427734,54.80360761209548,37193000.0
2012-07-19,56.63039016723633,56.99574752315398,56.11889209891594,56.11889209891594,61961000.0
2012-07-20,56.04581832885742,56.26503498082506,55.680460958852066,55.82660725180084,48352000.0
2012-07-23,54.292110443115234,54.876678922805304,53.926753052717174,54.876678922805304,57404000.0
2012-07-24,54.657466888427734,54.657466888427734,54.21903356760196,54.292109504347096,39904000.0
2012-07-25,54.511329650878906,54.94975746967015,54.365188902919215,54.80361672171046,52097000.0
2012-07-26,55.75354766845703,56.04582916102271,54.94975683916506,55.315114279784275,46806000.0
2012-07-27,57.945701599121094,58.018771983973494,56.411195642655656,56.92269948644847,72384000.0
2012-07-30,57.72647476196289,58.74947669551173,57.58033401784679,58.45718963236749,37840000.0
2012-07-31,59.18791580200195,59.18791580200195,57.36112827724881,57.36112827724881,67536000.0
2012-08-01,58.45720291137695,58.82256042957306,58.01877500452429,58.530273300033514,35881000.0
2012-08-02,58.45720291137695,58.45720291137695,58.45720291137695,58.45720291137695,0.0
2012-08-03,58.31105422973633,58.53026536599095,57.872620807402,58.091837518569164,46567000.0
2012-08-06,59.11483383178711,59.55326163683045,58.96868751349799,59.11483383178711,58403000.0
2012-08-07,59.480186462402344,59.480186462402344,58.968682752059905,59.40711609661387,40024000.0
2012-08-08,58.82254409790039,59.84554597980275,58.53025704951232,59.84554597980275,39881000.0
2012-08-09,60.137840270996094,60.137840270996094,59.40712534947688,59.40712534947688,54211000.0
2012-08-10,59.918617248535156,60.21090430131526,59.33404314297496,60.13783393184819,29859000.0
2012-08-13,60.43010330200195,61.23389392982851,60.28396259234843,61.23389392982851,30234000.0
2012-08-14,60.79548263549805,61.2339160728234,60.503201110498125,60.649341872998086,33268000.0
2012-08-15,60.64933395385742,61.16083213073238,60.28397652040045,61.16083213073238,27260000.0
2012-08-16,60.576263427734375,60.941620860260024,60.283976366731466,60.64933379925711,27999000.0
2012-08-17,59.918617248535156,60.79547283196362,59.918617248535156,60.64933209302949,27049000.0
2012-08-20,60.21090316772461,60.43011427199872,59.845545752356024,60.43011427199872,20997000.0
2012-08-21,61.08776092529297,61.30697761234007,60.430116439063596,60.430116439063596,36814000.0
2012-08-22,60.21090316772461,60.94161799846177,59.845545752356024,60.72240131927593,33548000.0
2012-08-23,60.43010330200195,60.50317923173944,60.064745952957416,60.21089223752166,22336000.0
2012-08-24,59.918617248535156,60.13783393184819,59.69940056522213,60.13783393184819,25460000.0
2012-08-27,60.64933395385742,61.01469138731439,60.21090614869146,60.57626358214843,25691000.0
2012-08-28,60.21090316772461,60.94161799846177,59.918616120447396,60.13783279963324,31760000.0
2012-08-29,60.43010330200195,60.64931994139297,59.991675598130655,60.35703294717519,18411000.0
2012-08-30,60.43010330200195,60.79546065104649,60.1378218826949,60.1378218826949,45455000.0
2012-08-31,60.86854553222656,60.86854553222656,60.21090109224983,60.21090109224983,13487000.0
2012-09-03,61.306976318359375,61.30697631835938,60.503191107671725,61.014689266769736,20728000.0
2012-09-04,61.380043029785156,61.380043029785156,61.01468563079834,61.380043029785156,21632000.0
2012-09-05,59.918617248535156,60.86854877634253,59.845546879068095,60.64933209302949,43274000.0
2012-09-06,59.26097869873047,60.503197403521455,59.187908321957444,60.503197403521455,25755000.0
2012-09-07,61.23390197753906,61.30697234196915,60.503187183415264,60.64932791227544,44441000.0
2012-09-10,61.014678955078125,61.08774931189844,60.79546230970631,60.8685382414375,16875000.0
2012-09-11,61.67234420776367,61.89155535248229,61.380057106559406,61.52619786970516,31566000.0
2012-09-12,61.745418548583984,62.03770566853032,61.745418548583984,61.745418548583984,37428000.0
2012-09-13,62.110755920410156,62.110755920410156,61.74539853264304,61.74539853264304,29565000.0
2012-09-14,63.20683670043945,63.20683670043946,62.476121825289866,62.549192197822414,51715000.0
2012-09-17,63.20683670043945,63.572194138014254,62.69533851779958,63.499123765481706,24786000.0
2012-09-18,62.62226867675781,63.206842863845125,62.403057537784534,63.206842863845125,35483000.0
2012-09-19,62.84149169921875,63.13377882210472,62.18384706645359,62.76842131222555,41915000.0
2012-09-20,62.32999038696289,62.841488645976604,62.18384404516404,62.841488645976604,24807000.0
2012-09-21,62.62226867675781,63.206842863845125,62.32998715812678,62.84148539064371,50990000.0
2012-09-24,62.91455841064453,63.13377513373032,62.18384343357569,62.62227130483442,30299000.0
2012-09-25,62.768409729003906,62.9876208495305,62.62226340707404,62.695339355495044,35885000.0
2012-09-26,63.13375473022461,63.13375473022461,62.11075297795838,62.40303998930745,36796000.0
2012-09-27,64.01062774658203,64.156774079798,62.98762571372063,63.42605913845593,53924000.0
2012-09-28,65.61819458007812,65.61819458007812,64.66826306219419,64.74133343089792,58535000.0
2012-10-01,64.96055603027344,65.17976715635629,64.52212820319544,65.17976715635629,38119000.0
2012-10-02,65.4720458984375,65.61819220546798,64.9605477611098,65.17975885928813,23575000.0
2012-10-03,65.61819458007812,65.69126494878186,65.25283716164765,65.47204826775886,26330000.0
2012-10-04,66.20276641845703,66.20276641845703,65.39898117265817,65.69126823701559,36462000.0
2012-10-05,66.49505615234375,66.71427285314056,66.0566283256624,66.49505615234375,35197000.0
2012-10-08,65.10669708251953,66.49505652045659,65.03362670682017,66.49505652045659,38011000.0
2012-10-09,63.64525604248047,64.66825784656088,63.64525604248047,63.718326405290924,60022000.0
2012-10-11,62.47612762451172,62.62226838314203,61.96462939439303,62.1838405323385,74170000.0
2012-10-12,63.06070327758789,63.06070327758788,62.32998831759226,62.549199460643315,23657000.0
2012-10-15,63.13375473022461,63.13375473022461,62.40303998930745,62.91453807798504,19093000.0
2012-10-16,63.93755340576172,63.93755340576171,63.352979258944146,63.352979258944146,29187000.0
2012-10-17,63.86448287963867,64.3029107012557,63.206838359757015,64.1567699523541,34739000.0
2012-10-18,64.3759765625,64.44904693182806,63.57219135006772,63.57219135006772,20400000.0
2012-10-19,63.35297775268555,63.7914111398308,62.987620313339235,62.987620313339235,27597000.0
2012-10-22,62.84149169921875,63.06070843511152,62.54920457633277,63.06070843511152,20015000.0
2012-10-23,62.62226867675781,63.06070210452961,62.549198297100055,62.768415010985954,16134000.0
2012-10-24,62.40304946899414,63.13376432091465,62.18383278345323,62.18383278345323,28246000.0
2012-10-25,61.96461868286133,62.54918719124356,61.74540200789822,62.40304645787591,36358000.0
2012-10-26,63.791419982910156,64.52213496289808,63.06070500292224,63.20684576895468,65197000.0
2012-10-29,64.3759765625,65.10669140560422,64.01061914094788,64.52212287606794,36010000.0
2012-10-30,64.30290222167969,65.03361701965332,64.083685552323,64.88747629002319,30286000.0
2012-10-31,64.81440734863281,64.88748329624974,64.229838792082,64.30290916478684,25911000.0
2012-11-01,65.17975616455078,65.17975616455078,64.08368399423942,64.7413284114085,35973000.0
2012-11-02,65.69126892089844,65.83740966714252,65.39898185349814,65.76433929402047,38858000.0
2012-11-05,65.98355102539062,65.98355102539062,64.88747878626396,65.69126397997451,31435000.0
2012-11-06,66.05663299560547,66.20277375652672,65.54512918255568,66.20277375652672,26333000.0
2012-11-07,66.49505615234375,66.49505615234375,65.76434124957073,66.12969870095725,22025000.0
2012-11-08,66.12970733642578,66.4219944506854,65.69127945249285,66.34892406584875,39566000.0
2012-11-09,66.34891510009766,66.42198547506028,65.39898350084671,65.98355765037226,36639000.0
2012-11-12,66.71426391601562,67.0796213184584,66.20276020764881,66.49504724458534,29882000.0
2012-11-13,65.98355102539062,66.49504917368506,65.25283619930617,66.49504917368506,37000000.0
2012-11-14,66.12970733642578,66.4219944506854,65.39899233823323,65.7643498373295,30190000.0
2012-11-15,65.91048431396484,66.20277140031732,65.0336286298199,65.69127318038485,25043000.0
2012-11-16,65.91048431396484,65.98356026673733,65.1797693855399,65.1797693855399,32472000.0
2012-11-19,65.76433563232422,66.1296930525038,65.54511895025175,65.54511895025175,23037000.0
2012-11-20,66.05663299560547,66.05663299560547,65.618205137929,65.76434589885027,21424000.0
2012-11-21,66.12970733642578,66.4219944506854,65.17977560881026,65.98356656675247,30032000.0
2012-11-22,66.71426391601562,66.71426391601562,65.98354911113006,65.98354911113006,20745000.0
2012-11-23,69.78325653076172,69.78325653076172,66.8603976184785,66.93346797630339,63873000.0
2012-11-26,69.63713073730469,69.85634185775301,69.34484366846144,69.78327148427024,34282000.0
2012-11-27,70.36784362792969,70.36784362792969,68.90641390003842,69.12562501427492,48731000.0
2012-11-28,70.07555389404297,70.22169463129215,69.63712610738365,70.00248352541838,54692000.0
2012-11-29,70.51397705078125,71.09855111121861,69.78326226269026,70.14861965673575,48637000.0
2012-11-30,72.12155151367188,72.19462745662419,70.07555333397674,70.14862370201732,74919000.0
2012-12-03,71.53697967529297,72.04847780275655,70.73319451431671,71.82926670880565,41656000.0
2012-12-04,70.58705139160156,71.02547917417564,69.63712545850969,70.80626807034446,41419000.0
2012-12-05,70.80625915527344,70.95239987276061,69.12561302961585,69.12561302961585,60447000.0
2012-12-06,70.58705139160156,70.80626807034446,70.22169397697121,70.58705139160156,33074000.0
2012-12-07,71.68311309814453,71.97540010186525,70.95239837629818,70.95239837629818,37005000.0
2012-12-10,70.51397705078125,71.61004923291775,70.51397705078125,71.53697886909093,28995000.0
2012-12-11,71.82926940917969,71.82926940917969,70.66012123117564,71.098554585383,40565000.0
2012-12-12,71.90233612060547,71.97540648428745,71.02547503168762,71.8292657569235,32453000.0
2012-12-13,72.48690795898438,72.633054268022,71.53698203734233,71.8292690805059,39860000.0
2012-12-14,71.90233612060547,72.04847684796941,71.24469169764492,71.75618981833013,32975000.0
2012-12-17,70.87933349609375,71.39083161094639,70.29475944348103,70.44090574408987,46575000.0
2012-12-18,70.66012573242188,70.66012573242188,69.41791268279975,69.41791268279975,35265000.0
2012-12-19,71.09854888916016,71.09854888916016,70.29475818745198,70.66011557007889,27857000.0
2012-12-20,70.14861297607422,70.80625733770708,69.49096861444134,70.22168333294212,35458000.0
2012-12-21,69.27178192138672,70.51399515002302,69.12563558130944,69.49099306913338,34230000.0
2012-12-24,69.56404113769531,70.44090217215026,69.49097077855183,70.14861516066527,16019000.0
2012-12-25,70.51397705078125,71.09855111121861,69.85633262651707,70.14861965673575,15925000.0
2012-12-26,70.14861297607422,71.09854434008957,70.14861297607422,70.5139703353246,11988000.0
2012-12-27,69.85633850097656,70.66012372048743,69.783268131005,70.29476629571778,24172000.0
2012-12-28,70.87933349609375,70.87933349609375,70.07554835493475,70.73319277039624,25594000.0
2013-01-02,72.77921295166016,72.9984296818261,70.95242544998739,71.31778295032194,40527000.0
2013-01-03,73.80220031738281,74.53291517201036,73.07148546275526,73.43684289006903,44107000.0
2013-01-04,74.16755676269531,74.16755676269531,73.07148449526632,73.43684191774264,39278000.0
2013-01-07,73.43685150146484,73.80220897162138,72.41384947004401,73.80220897162138,40288000.0
2013-01-08,72.85225677490234,73.07147342514216,72.2676883324478,72.7791864164594,31090000.0
2013-01-09,73.07147216796875,73.4368295288086,72.48689816066064,73.4368295288086,26137000.0
2013-01-10,73.80220031738281,73.80220031738281,72.70612803544148,72.99841509227488,35738000.0
2013-01-11,73.80220031738281,74.1675577446966,73.43684289006903,74.1675577446966,22418000.0
2013-01-14,74.53292846679688,74.53292846679688,73.07149849685968,73.80221348182828,23448000.0
2013-01-15,73.43685150146484,74.53292391193447,72.92535327321072,74.53292391193447,35617000.0
2013-01-16,72.48690795898438,73.43683945553809,72.48690795898438,73.43683945553809,34626000.0
2013-01-17,72.55999755859375,73.80221075721546,71.97542336223488,73.43685327821935,33698000.0
2013-01-18,74.16755676269531,74.16755676269531,73.43684191774264,74.16755676269531,49737000.0
2013-01-21,73.43685150146484,73.80220897162138,73.0714940313083,73.80220897162138,17257000.0
2013-01-22,73.80220031738281,73.80220031738281,72.99841509227488,73.80220031738281,21797000.0
2013-01-23,73.80220031738281,74.1675577446966,73.07148546275526,74.1675577446966,23184000.0
2013-01-24,72.99842071533203,73.4368485468982,72.48691693274453,73.071491091441,39614000.0
2013-01-25,72.34078216552734,72.99842675474197,71.61006719415838,72.99842675474197,47836000.0
2013-01-28,72.55999755859375,72.70613832022711,72.04849374305157,72.12156412386824,29117000.0
2013-01-29,73.80220031738281,74.1675577446966,72.85226877640223,73.07148546275526,35346000.0
2013-01-30,74.16755676269531,74.53291418517163,73.43684191774264,74.53291418517163,27884000.0
2013-01-31,74.16755676269531,74.16755676269531,73.07148449526632,73.43684191774264,39667000.0
2013-02-01,74.16755676269531,74.16755676269531,73.43684191774264,74.16755676269531,22085000.0
2013-02-04,75.26363372802734,75.26363372802734,74.53291883746397,74.53291883746397,33911000.0
2013-02-05,75.26363372802734,75.26363372802734,74.16756139218228,75.26363372802734,17175000.0
2013-02-06,76.72504425048828,76.72504425048828,75.26361483619327,75.62897218976701,30600000.0
2013-02-18,78.18649291992188,79.28256525057498,77.82113547637083,78.18649291992188,63701000.0
2013-02-19,78.18649291992188,79.28256525057498,77.82113547637083,79.28256525057498,21802000.0
2013-02-20,79.6479263305664,80.01328379079835,78.9172114101025,79.28256887033444,40532000.0
2013-02-21,78.18649291992188,79.28256525057498,78.18649291992188,79.28256525057498,30260000.0
2013-02-22,77.09041595458984,77.82113079776131,76.72505853300412,77.45577337617559,39344000.0
2013-02-25,76.72504425048828,78.18647366478329,76.72504425048828,77.82111631120954,35913000.0
2013-02-26,75.62899780273438,76.72507023465806,74.89828284811858,75.62899780273438,38440000.0
2013-02-27,76.35971069335938,76.35971069335938,73.80220842133298,74.53292335619766,80851000.0
2013-03-01,76.72504425048828,76.72504425048828,74.89825748261951,75.26361483619327,31408000.0
2013-03-04,74.53292846679688,76.35971592921837,74.16757097431257,76.35971592921837,50033000.0
2013-03-05,75.99434661865234,75.99434661865234,74.89827431165254,75.62898918298575,53913000.0
2013-03-06,75.99434661865234,76.35970405431894,75.26363174731914,75.99434661865234,35977000.0
2013-03-07,75.26363372802734,75.99434861859072,75.26363372802734,75.62899117330903,20518000.0
2013-03-08,75.62899780273438,76.35971275735017,74.53292537081069,75.26364032542648,44571000.0
2013-03-11,74.53292846679688,75.99435843673406,74.53292846679688,74.53292846679688,35709000.0
2013-03-12,74.89826202392578,75.26361939965224,74.16754727247285,74.5329046481993,29992000.0
2013-03-13,76.35971069335938,76.72506816079171,74.53292335619766,74.89828082363,57399000.0
2013-03-14,75.99434661865234,76.35970405431894,75.26363174731914,75.99434661865234,32329000.0
2013-03-15,75.26363372802734,76.72506350915408,75.26363372802734,76.72506350915408,34424000.0
2013-03-18,73.43685150146484,74.53292391193447,73.43685150146484,74.53292391193447,43902000.0
2013-03-19,73.07147216796875,74.16754425048829,72.7791851643147,73.80218688964844,47215000.0
2013-03-20,72.19463348388672,72.70613167778566,72.19463348388672,72.70613167778566,61605000.0
2013-03-21,72.12155151367188,73.43684043804939,72.12155151367188,72.19462745662419,56415000.0
2013-03-22,71.61005401611328,72.41383922171995,71.61005401611328,72.04848180327039,44822000.0
2013-03-25,72.70612335205078,73.43683815960908,72.48690667981867,72.9984103900564,24203000.0
2013-03-26,72.34078216552734,72.63306926905749,72.19464140121868,72.48692292983601,27183000.0
2013-03-27,73.43685150146484,73.43685150146484,72.19463833289763,72.34077909099523,25674000.0
2013-03-28,73.07147216796875,73.4368295288086,72.55997409275733,73.07147216796875,27872000.0
2013-03-29,73.43685150146484,73.80220897162138,72.92535327321072,73.0714940313083,18943000.0
2013-04-01,73.80220031738281,74.53291517201036,73.43684289006903,73.80220031738281,15964000.0
2013-04-02,73.43685150146484,73.80220897162138,72.92535327321072,73.43685150146484,22291000.0
2013-04-03,73.43685150146484,74.16756644177792,73.0714940313083,74.16756644177792,26312000.0
2013-04-08,71.97541046142578,72.70612528844534,71.97541046142578,72.34076787493555,53948000.0
2013-04-09,71.24469757080078,71.97541241768079,71.24469757080078,71.61005499424078,40543000.0
2013-04-10,71.82926940917969,72.19462682107803,71.39083605497233,72.19462682107803,34877000.0
2013-04-11,74.16755676269531,74.16755676269531,72.19462891128785,72.34076965031365,54072000.0
2013-04-12,73.43685150146484,74.16756644177792,73.0714940313083,74.16756644177792,18954000.0
2013-04-15,72.63306427001953,73.80220702875998,72.41384756373151,73.43684956822156,23233000.0
2013-04-16,73.43685150146484,73.80220897162138,71.75620490877972,71.75620490877972,33395000.0
2013-04-17,73.07147216796875,74.16754425048829,72.85225552150048,74.16754425048829,35304000.0
2013-04-18,72.99842071533203,73.8022060023554,72.63306325987482,73.071491091441,32242000.0
2013-04-19,77.82113647460938,77.82113647460938,77.09042157813417,77.09042157813417,66723000.0
2013-04-22,79.28257751464844,80.01329251478344,78.55186251451343,79.28257751464844,72170000.0
2013-04-23,77.4557876586914,78.55186012555968,77.09043016973531,77.8211451476475,45835000.0
2013-04-24,77.4557876586914,78.18650263660359,76.35971519182313,77.8211451476475,35383000.0
2013-04-25,78.18649291992188,78.18649291992188,77.09042058926876,77.4557780328198,26145000.0
2013-04-26,79.28257751464844,79.64793501471594,78.18650501444593,78.18650501444593,36420000.0
2013-04-29,78.91719055175781,79.28254791542336,78.55183318809227,79.28254791542336,21008000.0
2013-04-30,80.01326751708984,80.01326751708984,79.28255274524427,79.28255274524427,34314000.0
2013-05-02,80.7439956665039,81.10935311295867,79.6479233271396,80.37863822004914,37313000.0
2013-05-03,80.37863159179688,82.20541867342862,80.37863159179688,81.47470384077593,36502000.0
2013-05-06,81.47469329833984,81.47469329833984,80.74397856023813,81.47469329833984,19268000.0
2013-05-07,82.2054214477539,82.57077887641059,81.10934916178385,81.84006401909723,19273000.0
2013-05-08,83.66686248779297,84.0322199659056,82.20543257534243,82.20543257534243,40914000.0
2013-05-09,84.0322036743164,84.76291848887568,83.66684626703677,84.76291848887568,27151000.0
2013-05-10,83.66686248779297,84.0322199659056,82.9361475315677,84.0322199659056,27413000.0
2013-05-13,83.66686248779297,84.39757744401822,83.30150500968033,84.0322199659056,18197000.0
2013-05-14,84.39756774902344,85.12828262130935,84.03221031288048,84.39756774902344,27714000.0
2013-05-15,84.0322036743164,84.76291848887568,82.9361314524775,84.0322036743164,25970000.0
2013-05-16,82.93612670898438,84.76291364090034,82.5707693226012,84.03219886813395,44164000.0
2013-05-17,82.93612670898438,82.93612670898438,81.47469716345161,81.8400545498348,19214000.0
2013-05-20,83.3014907836914,83.3014907836914,82.20541853653758,82.20541853653758,14472000.0
2013-05-21,82.2054214477539,82.93613630506728,81.84006401909723,82.57077887641059,17184000.0
2013-05-22,81.84007263183594,82.93614503315517,81.10935769762311,82.20543009894234,31200000.0
2013-05-23,78.91719055175781,81.47469209741664,78.91719055175781,80.74397737008555,46370000.0
2013-05-24,80.01326751708984,80.74398228893541,79.28255274524427,80.01326751708984,26614000.0
2013-05-27,81.84007263183594,81.84007263183594,80.01328529630388,80.01328529630388,19085000.0
2013-05-28,80.01326751708984,82.20541183262655,80.01326751708984,81.84005444670376,21209000.0
2013-05-29,81.10933685302734,81.84005159945102,80.74397947981551,80.74397947981551,16736000.0
2013-05-30,80.37863159179688,81.47470384077593,80.01327417547053,81.10934642444957,36088000.0
2013-05-31,80.01326751708984,81.47469706078098,79.64791013116705,81.47469706078098,37162000.0
2013-06-03,78.5518569946289,79.28257194341614,77.82114204584165,78.91721446902253,35739000.0
2013-06-04,79.6479263305664,80.37864125103032,78.55185394987053,79.6479263305664,27446000.0
2013-06-05,80.01326751708984,80.74398228893541,79.28255274524427,80.01326751708984,23334000.0
2013-06-06,78.5518569946289,80.0132868922034,78.18649952023529,79.28257194341614,31641000.0
2013-06-07,79.28257751464844,80.01329251478344,78.91722001458093,78.91722001458093,32987000.0
2013-06-10,79.28257751464844,80.37865001485095,78.91722001458093,80.37865001485095,21045000.0
2013-06-11,78.91719055175781,80.37862000642,78.91719055175781,80.37862000642,34785000.0
2013-06-13,76.35971069335938,78.18649803052108,75.99435322592703,77.4557830956564,60275000.0
2013-06-14,77.4557876586914,77.4557876586914,76.35971519182313,76.72507268077922,41147000.0
2013-06-17,77.4557876586914,77.4557876586914,76.72507268077922,77.09043016973531,22921000.0
2013-06-18,77.82113647460938,77.82113647460938,76.35970668165896,76.72506412989657,29969000.0
2013-06-19,77.09041595458984,77.82113079776131,76.72505853300412,77.45577337617559,21991000.0
2013-06-20,75.99434661865234,77.09041892565213,75.62898918298575,76.72506148998553,29951000.0
2013-06-21,75.62899780273438,75.62899780273438,74.16756789350279,74.53292537081069,38787000.0
2013-06-24,73.80220031738281,74.89827259932414,73.07148546275526,74.89827259932414,53521000.0
2013-06-25,73.80220031738281,75.26363002663791,73.80220031738281,73.80220031738281,32319000.0
2013-06-26,74.16755676269531,75.99434387507696,74.16755676269531,75.2636290301243,54819000.0
2013-06-27,76.35971069335938,76.72506816079171,75.26363829106235,75.26363829106235,45541000.0
2013-06-28,81.10933685302734,81.10933685302734,76.72504837448533,77.455763120909,74198000.0
2013-07-01,78.91719055175781,80.01326264275446,78.91719055175781,79.6479052790889,51539000.0
2013-07-02,80.37863159179688,80.37863159179688,79.28255934281783,79.64791675914418,44320000.0
2013-07-03,80.3782958984375,80.3782958984375,79.2514973578052,80.3782958984375,44593000.0
2013-07-04,80.3782958984375,80.3782958984375,79.62709687134931,80.0026963848934,24252000.0
2013-07-05,81.88070678710938,82.2563063595273,80.37830849743764,80.75390806985557,28230000.0
2013-07-08,78.87589263916016,81.12948957170758,78.50029315040224,80.37829059419178,32729000.0
2013-07-09,79.62710571289062,80.0027052681401,77.7491079366432,78.50030704714217,34261000.0
2013-07-10,79.62710571289062,80.3783048233896,78.50030704714217,78.50030704714217,22045000.0
2013-07-11,82.25627899169922,82.25627899169922,80.75388120189649,80.75388120189649,55975000.0
2013-07-12,82.63188934326172,82.63188934326172,81.50509085221724,82.25628984624689,31046000.0
2013-07-15,82.25627899169922,82.25627899169922,81.12948064934717,81.50508009679785,33099000.0
2013-07-16,81.12947845458984,81.88067732916939,80.37827958001031,81.50507789187961,35863000.0
2013-07-17,81.88070678710938,81.88070678710938,80.37830849743764,81.12950764227351,36386000.0
2013-07-18,79.25150299072266,81.1295006919246,79.25150299072266,80.75390115168422,43963000.0
2013-07-19,73.76774597167969,74.89454457041936,73.76774597167969,74.66918828938785,117410000.0
2013-07-22,72.86629486083984,73.91797448960601,72.79117611546931,73.61749377693098,86924000.0
2013-07-23,75.1198959350586,76.24669437408447,73.9930974960327,73.9930974960327,85529000.0
2013-07-24,76.62230682373047,77.37350591023764,75.11990865071616,75.49550819396973,58261000.0
2013-07-25,76.99790954589844,77.74910866341939,75.871110869617,76.62230998713795,36398000.0
2013-07-26,76.99790954589844,77.37350910465892,75.871110869617,77.37350910465892,31781000.0
2013-07-29,75.1198959350586,76.24669437408447,75.1198959350586,75.1198959350586,38265000.0
2013-07-30,76.62230682373047,76.99790636698405,75.49550819396973,75.49550819396973,33818000.0
2013-07-31,76.99790954589844,77.37350910465892,75.871110869617,76.24671042837748,36945000.0
2013-08-01,75.49551391601562,76.62231263118004,75.11991434429416,76.62231263118004,27849000.0
2013-08-02,75.49551391601562,77.37351177462298,75.11991434429416,76.99791220290152,27947000.0
2013-08-05,75.49551391601562,76.24671305945857,75.04479557618879,75.11991434429416,23349000.0
2013-08-06,74.21846771240234,75.49550379253483,74.06822446514366,75.49550379253483,42742000.0
2013-08-07,72.86629486083984,73.99309323497654,72.86629486083984,73.99309323497654,45468000.0
2013-08-08,72.41555786132812,72.94139467362918,71.58924041434443,72.11507722664548,55550000.0
2013-08-09,72.41555786132812,75.11987211108905,72.41555786132812,75.11987211108905,47046000.0
2013-08-12,72.1151123046875,72.64094937276484,71.8146315238458,72.41559308552921,33389000.0
2013-08-13,73.01653289794922,73.16677612100743,72.11509648437175,72.11509648437175,34361000.0
2013-08-14,72.716064453125,73.09166394775644,71.96486546386211,72.11510296923731,41618000.0
2013-08-15,72.1151123046875,72.41559308552921,71.58927523661018,72.41559308552921,42647000.0
2013-08-16,72.49070739746094,73.24190643784914,71.51414635247875,71.6643895992727,37509000.0
2013-08-19,71.73951721191406,72.19023554554057,71.58927967777007,71.73951721191406,49081000.0
2013-08-20,70.91317749023438,71.66437639218348,70.91317749023438,71.51413317307798,41635000.0
2013-08-22,70.9883041381836,71.28878487865798,69.78638690747948,69.86150565979973,60185000.0
2013-08-23,72.86629486083984,73.09165682814435,71.73949648670315,71.88973397744421,44276000.0
2013-08-26,72.716064453125,73.31702020581923,72.1902217219249,73.31702020581923,18663000.0
2013-08-27,71.81462097167969,72.71606318175033,71.81462097167969,72.1151017083699,22435000.0
2013-08-28,72.716064453125,73.09166394775644,71.43902273266201,71.81462222729346,34586000.0
2013-08-29,74.14334106445312,74.2935843073374,72.79118626565693,72.79118626565693,36841000.0
2013-08-30,75.49551391601562,75.49551391601562,74.21847766464049,74.81943354067805,37275000.0
2013-09-02,76.62230682373047,76.62230682373047,74.81942786987445,75.11990865071616,30751000.0
2013-09-03,76.62230682373047,77.37350591023764,76.2467072804769,77.37350591023764,31074000.0
2013-09-04,75.49551391601562,76.24671305945857,75.11991434429416,75.49551391601562,25183000.0
2013-09-05,76.2467041015625,76.2467041015625,75.11990551878078,75.49550504637469,30002000.0
2013-09-06,76.62230682373047,76.62230682373047,75.87110773722331,76.62230682373047,24631000.0
2013-09-09,77.3735122680664,77.3735122680664,75.8711139715991,76.99791269394957,32515000.0
2013-09-10,78.50030517578125,78.50030517578125,76.99790699059884,77.37350653689444,37304000.0
2013-09-11,78.50030517578125,78.50030517578125,76.99790699059884,77.37350653689444,40290000.0
2013-09-12,77.74910736083984,78.5003064657755,77.37350780837203,77.37350780837203,32814000.0
2013-09-13,76.99790954589844,77.37350910465892,76.62230998713795,76.99790954589844,22273000.0
2013-09-16,79.25150299072266,79.25150299072266,78.12470437000148,78.12470437000148,40590000.0
2013-09-17,79.25150299072266,79.25150299072266,78.50030391024187,79.25150299072266,25402000.0
2013-09-18,77.3735122680664,79.25151013865054,77.3735122680664,78.87591056453371,28113000.0
2013-09-23,79.25150299072266,79.62710253096304,76.9979057492803,77.3735052895207,51403000.0
2013-09-24,78.87589263916016,79.25149212791806,78.12469366164434,78.87589263916016,28633000.0
2013-09-25,77.3735122680664,78.50031099041689,77.3735122680664,78.50031099041689,31708000.0
2013-09-26,76.2467041015625,77.74910221193811,76.2467041015625,77.74910221193811,23012000.0
2013-09-27,77.3735122680664,77.74911184218323,76.62231311983275,77.74911184218323,26146000.0
2013-09-30,75.49551391601562,76.62231263118004,75.11991434429416,75.49551391601562,45308000.0
2013-10-01,76.2467041015625,76.9979031567503,75.49550504637469,75.49550504637469,22557000.0
2013-10-02,77.3735122680664,77.74911184218323,76.62231311983275,77.74911184218323,14186000.0
2013-10-03,78.87589263916016,79.62709161667597,77.37349468412853,77.74909417288644,50622000.0
2013-10-04,78.12471008300781,78.87590921842136,77.74911051530104,78.50030965071458,19872000.0
2013-10-07,77.3735122680664,78.12471141630006,76.62231311983275,77.74911184218323,20847000.0
2013-10-08,78.87589263916016,79.25149212791806,77.37349468412853,77.74909417288644,21082000.0
2013-10-09,78.87589263916016,79.25149212791806,77.37349468412853,78.12469366164434,22183000.0
2013-10-11,80.00270080566406,80.75389987426185,78.87590220276739,78.87590220276739,56367000.0
2013-10-14,78.87589263916016,80.00269110543387,78.87589263916016,80.00269110543387,18568000.0
2013-10-15,80.3782958984375,80.3782958984375,79.62709687134931,80.0026963848934,21383000.0
2013-10-16,79.62710571289062,81.12950393388856,79.62710571289062,81.12950393388856,18482000.0
2013-10-17,80.3782958984375,81.1294949255257,80.3782958984375,80.7538954119816,28095000.0
2013-10-18,82.63188934326172,82.63188934326172,81.50509085221724,81.50509085221724,58487000.0
2013-10-21,82.63188934326172,83.75868783430619,82.25628984624689,83.38308833729137,40443000.0
2013-10-22,83.75868225097656,83.75868225097656,82.25628436306667,82.63188383504415,38261000.0
2013-10-23,83.38308715820312,83.75868664990674,82.63188817479589,83.38308715820312,21861000.0
2013-10-24,82.63188934326172,82.63188934326172,81.50509085221724,81.88069034923207,21193000.0
2013-10-25,80.3782958984375,81.88069395261391,80.0026963848934,81.50509443906981,36027000.0
2013-10-28,82.25627899169922,82.25627899169922,80.75388120189649,81.12948064934717,21177000.0
2013-10-29,82.25627899169922,82.25627899169922,81.12948064934717,81.50508009679785,21491000.0
2013-10-30,82.63188934326172,82.63188934326172,81.88069034923207,81.88069034923207,16582000.0
2013-10-31,82.25627899169922,82.25627899169922,81.12948064934717,81.50508009679785,22472000.0
2013-11-01,82.25627899169922,83.00747788660058,81.50508009679785,83.00747788660058,10837000.0
2013-11-04,81.88070678710938,81.88070678710938,81.12950764227351,81.12950764227351,9601000.0
2013-11-05,80.00270080566406,81.88069847715852,80.00270080566406,81.50509894285963,20304000.0
2013-11-06,80.3782958984375,80.7538954119816,80.0026963848934,80.0026963848934,16437000.0
2013-11-07,80.3782958984375,80.7538954119816,79.62709687134931,80.3782958984375,15925000.0
2013-11-08,79.62710571289062,80.0027052681401,78.87590660239165,78.87590660239165,30518000.0
2013-11-11,78.50030517578125,79.62710381466806,78.50030517578125,78.87590472207685,21451000.0
2013-11-12,78.87589263916016,79.62709161667597,78.50029315040224,79.62709161667597,31600000.0
2013-11-13,77.3735122680664,78.87591056453371,77.3735122680664,78.87591056453371,26650000.0
2013-11-14,77.74910736083984,78.5003064657755,77.74910736083984,78.12470691330768,29904000.0
2013-11-15,78.12471008300781,78.50030965071458,77.74911051530104,77.74911051530104,19182000.0
2013-11-18,78.12471008300781,78.87590921842136,78.12471008300781,78.50030965071458,25261000.0
2013-11-19,78.87589263916016,79.25149212791806,78.12469366164434,78.50029315040224,34470000.0
2013-11-20,77.3735122680664,78.12471141630006,76.99791269394957,78.12471141630006,45380000.0
2013-11-21,75.87110137939453,77.37349942651124,75.49550186761535,76.62230040295289,56509000.0
2013-11-22,75.1198959350586,76.24669437408447,75.1198959350586,75.1198959350586,56921000.0
2013-11-25,75.87110137939453,76.99789991473207,75.87110137939453,75.87110137939453,30887000.0
2013-11-26,77.74910736083984,78.87590601824333,76.24670915096854,76.62230870343637,44922000.0
2013-11-27,78.87589263916016,79.25149212791806,78.50029315040224,78.87589263916016,21779000.0
2013-11-28,78.87589263916016,79.25149212791806,78.50029315040224,78.87589263916016,22729000.0
2013-11-29,78.87589263916016,78.87589263916016,78.12469366164434,78.50029315040224,34425000.0
2013-12-02,78.50030517578125,79.25150426837246,78.12470562948565,78.87590472207685,18860000.0
2013-12-03,78.12471008300781,78.87590921842136,77.74911051530104,78.12471008300781,21820000.0
2013-12-04,78.87589263916016,79.25149212791806,77.74909417288644,77.74909417288644,23415000.0
2013-12-05,78.12471008300781,78.87590921842136,77.74911051530104,78.87590921842136,25185000.0
2013-12-06,77.3735122680664,78.50031099041689,77.3735122680664,77.3735122680664,25116000.0
2013-12-09,78.87589263916016,78.87589263916016,78.12469366164434,78.12469366164434,23911000.0
2013-12-10,78.12471008300781,78.87590921842136,78.12471008300781,78.50030965071458,22217000.0
2013-12-11,78.87589263916016,78.87589263916016,77.74909417288644,77.74909417288644,24563000.0
2013-12-12,77.3735122680664,78.50031099041689,77.3735122680664,78.50031099041689,18272000.0
2013-12-13,76.99790954589844,77.74910866341939,76.99790954589844,76.99790954589844,28244000.0
2013-12-16,76.62230682373047,77.37350591023764,76.62230682373047,76.99790636698405,18669000.0
2013-12-17,77.74910736083984,78.5003064657755,77.37350780837203,77.37350780837203,26199000.0
2013-12-18,75.87110137939453,77.37349942651124,75.87110137939453,76.99789991473207,55359000.0
2013-12-19,76.99790954589844,77.37350910465892,76.24671042837748,76.62230998713795,27684000.0
2013-12-20,76.62230682373047,77.74910545349121,76.2467072804769,76.2467072804769,37568000.0
2013-12-23,78.12471008300781,78.50030965071458,77.37351094759428,77.37351094759428,28261000.0
2013-12-24,77.3735122680664,78.12471141630006,77.3735122680664,78.12471141630006,13997000.0
2013-12-25,77.3735122680664,77.74911184218323,76.99791269394957,76.99791269394957,9762000.0
2013-12-26,78.12471008300781,78.12471008300781,77.37351094759428,77.37351094759428,6738000.0
2013-12-27,78.50030517578125,78.50030517578125,77.37350653689444,77.74910608319004,24086000.0
2013-12-30,79.62710571289062,79.62710571289062,78.12470749189269,78.12470749189269,44182000.0
2013-12-31,79.25150299072266,79.62710253096304,78.87590345048226,79.25150299072266,24400000.0
2014-01-02,78.50030517578125,79.25150426837246,77.74910608319004,78.87590472207685,15071000.0
2014-01-03,76.99790954589844,77.37350910465892,76.62230998713795,77.37350910465892,38599000.0
2014-01-06,76.99790954589844,77.37350910465892,76.62230998713795,76.62230998713795,23706000.0
2014-01-07,76.62230682373047,77.37350591023764,76.62230682373047,76.99790636698405,15836000.0
2014-01-08,78.12471008300781,78.50030965071458,76.99791137988751,77.37351094759428,30218000.0
2014-01-09,75.87110137939453,77.37349942651124,75.49550186761535,76.99789991473207,63998000.0
2014-01-10,76.62230682373047,76.99790636698405,76.2467072804769,76.62230682373047,33266000.0
2014-01-13,77.3735122680664,77.74911184218323,76.99791269394957,77.3735122680664,19545000.0
2014-01-14,77.74910736083984,77.74910736083984,76.62230870343637,76.99790825590419,21639000.0
2014-01-15,78.87589263916016,79.62709161667597,78.12469366164434,78.12469366164434,54299000.0
2014-01-16,80.3782958984375,80.7538954119816,79.62709687134931,79.62709687134931,49437000.0
2014-01-17,80.75389099121094,81.50508997717569,80.37829149822856,81.12949048419331,53446000.0
2014-01-20,80.75389099121094,81.50508997717569,80.37829149822856,80.37829149822856,24245000.0
2014-01-21,80.00270080566406,81.50509894285963,79.62710127136518,81.50509894285963,24568000.0
2014-01-22,80.75389099121094,80.75389099121094,79.6270925122638,79.6270925122638,28698000.0
2014-01-23,80.75389099121094,81.50508997717569,80.75389099121094,81.50508997717569,27910000.0
2014-01-24,81.12947845458984,81.50507789187961,80.37827958001031,80.37827958001031,33999000.0
2014-01-27,78.87589263916016,80.00269110543387,78.12469366164434,79.62709161667597,64827000.0
2014-02-05,75.49551391601562,76.62231263118004,75.49551391601562,76.62231263118004,145517000.0
2014-02-06,76.62230682373047,77.37350591023764,75.87110773722331,75.87110773722331,71895000.0
2014-02-07,78.12471008300781,78.50030965071458,77.37351094759428,77.74911051530104,54104000.0
2014-02-10,77.3735122680664,78.50031099041689,77.3735122680664,78.12471141630006,26221000.0
2014-02-11,78.50030517578125,78.87590472207685,78.12470562948565,78.50030517578125,21030000.0
2014-02-12,78.87589263916016,79.25149212791806,78.50029315040224,78.87589263916016,22692000.0
2014-02-13,78.87589263916016,79.62709161667597,78.87589263916016,78.87589263916016,19561000.0
2014-02-14,80.75389099121094,80.75389099121094,80.00269200524617,80.00269200524617,42658000.0
2014-02-17,81.5051040649414,81.5051040649414,80.75390494913549,81.12950450703845,33403000.0
2014-02-18,81.12947845458984,81.50507789187961,80.75387901730008,81.50507789187961,22196000.0
2014-02-19,81.12947845458984,81.12947845458984,80.37827958001031,81.12947845458984,26867000.0
2014-02-20,80.00270080566406,80.37830033996295,79.62710127136518,80.00270080566406,28429000.0
2014-02-21,80.75389099121094,80.75389099121094,80.37829149822856,80.37829149822856,31448000.0
2014-02-24,80.3782958984375,81.1294949255257,79.62709687134931,80.7538954119816,32033000.0
2014-02-25,81.12947845458984,81.12947845458984,80.00268014272054,80.75387901730008,31499000.0
2014-02-26,80.75389099121094,81.12949048419331,80.37829149822856,80.75389099121094,34908000.0
2014-02-27,81.12947845458984,81.12947845458984,80.75387901730008,80.75387901730008,48583000.0
2014-03-03,81.12947845458984,81.12947845458984,80.00268014272054,81.12947845458984,51435000.0
2014-03-04,80.75389099121094,81.12949048419331,80.75389099121094,81.12949048419331,47911000.0
2014-03-05,82.63188934326172,82.63188934326172,81.50509085221724,81.50509085221724,54846000.0
2014-03-06,84.885498046875,85.26109759575498,82.63190075359513,82.63190075359513,69737000.0
2014-03-07,86.01229858398438,86.38789814111968,85.26109946971377,85.63669902684907,65651000.0
2014-03-10,84.885498046875,86.01229669351493,84.50989849799502,86.01229669351493,37846000.0
2014-03-11,85.6366958618164,86.01229540506999,85.26109631856283,85.26109631856283,28415000.0
2014-03-12,84.885498046875,84.885498046875,84.13429894911505,84.50989849799502,18376000.0
2014-03-13,87.51467895507812,88.26587791606592,86.76347999409033,87.51467895507812,56987000.0
2014-03-14,86.38787841796875,86.76347788935122,85.6366794752038,86.38787841796875,44655000.0
2014-03-17,85.6366958618164,86.38789494832358,84.88549677530925,86.01229540506999,33845000.0
2014-03-18,86.01229858398438,86.38789814111968,85.26109946971377,86.01229858398438,37464000.0
2014-03-19,86.01229858398438,86.38789814111968,85.26109946971377,86.01229858398438,32171000.0
2014-03-20,84.13429260253906,85.2610911641802,84.13429260253906,84.88549164363316,45292000.0
2014-03-21,84.50989532470703,85.63669392903645,84.13429578993055,85.63669392903645,60088000.0
2014-03-24,84.50989532470703,84.50989532470703,83.75869625515408,83.75869625515408,28463000.0
2014-03-25,85.26107788085938,85.26107788085938,83.7586800327385,83.7586800327385,38029000.0
2014-03-26,86.76349639892578,87.13909595043629,86.01229729590479,86.76349639892578,43314000.0
2014-03-27,87.13909912109375,87.13909912109375,85.63670086038523,86.01230042556236,30745000.0
2014-03-28,88.26588439941406,88.26588439941406,86.76348636708362,87.13908587516623,43654000.0
2014-03-31,89.01708984375,89.01708984375,87.51469170292722,88.6414903085443,46921000.0
2014-04-01,89.7682876586914,89.7682876586914,89.01708859878603,89.39268812873873,40015000.0
2014-04-02,90.14387512207031,90.89507408142089,89.39267616271972,90.5194746017456,43151000.0
2014-04-03,89.01708984375,89.3926893789557,88.26589077333861,89.01708984375,36937000.0
2014-04-07,88.26588439941406,88.64148390749668,87.51468538324885,88.26588439941406,45015000.0
2014-04-08,89.39268493652344,89.76828445306346,87.89028687036338,87.89028687036338,39873000.0
2014-04-09,89.39268493652344,90.14388396960346,89.39268493652344,89.76828445306346,28578000.0
2014-04-10,89.7682876586914,89.7682876586914,89.01708859878603,89.39268812873873,25612000.0
2014-04-11,90.14387512207031,90.14387512207031,88.64147720336913,89.01707668304442,34449000.0
2014-04-14,90.51947784423828,90.89507733736791,90.14387835110867,90.14387835110867,30297000.0
2014-04-15,92.02189636230469,92.02189636230469,90.89509763133769,91.27069720832668,28525000.0
2014-04-16,90.89508056640625,92.02187908582451,90.89508056640625,91.270680072879,49971000.0
2014-04-17,90.14387512207031,91.27067356109619,89.39267616271972,90.5194746017456,35783000.0
2014-04-18,92.3974838256836,92.3974838256836,90.89508571469686,92.02188429793691,32741000.0
2014-04-21,91.27067565917969,91.64627514748908,90.89507617087031,91.64627514748908,21736000.0
2014-04-22,91.27067565917969,92.02187463579845,90.51947668256093,90.89507617087031,22674000.0
2014-04-23,90.89508056640625,92.39747859229726,90.5194810599335,92.39747859229726,31054000.0
2014-04-24,90.89508056640625,90.89508056640625,90.14388155346074,90.89508056640625,24389000.0
2014-04-25,89.01708984375,90.89508751977849,88.6414903085443,90.89508751977849,49361000.0
2014-04-28,89.39268493652344,90.14388396960346,88.26588638690339,89.01708541998342,28017000.0
2014-04-29,90.51947784423828,90.89507733736791,89.39267936484943,90.51947784423828,21769000.0
2014-04-30,89.01708984375,90.51948798457279,87.89029123813292,90.1438884493671,43654000.0
2014-05-02,88.64149475097656,89.76829341306524,87.89029564291744,89.39269385903569,42629000.0
2014-05-05,87.89027404785156,88.64147297133748,87.13907512436565,88.26587350959451,28604000.0
2014-05-06,88.64149475097656,89.39269385903569,87.51469608888787,87.89029564291744,27491000.0
2014-05-07,89.01708984375,89.3926893789557,88.26589077333861,88.6414903085443,33234000.0
2014-05-08,89.7682876586914,90.14388718864409,89.39268812873873,89.7682876586914,27052000.0
2014-05-09,90.14387512207031,90.14387512207031,89.39267616271972,90.14387512207031,22485000.0
2014-05-12,89.01708984375,90.1438884493671,88.26589077333861,89.7682889141614,35472000.0
2014-05-13,90.51947784423828,90.89507733736791,89.76827885797904,90.14387835110867,24007000.0
2014-05-14,91.64629364013672,91.64629364013672,90.51949494783996,90.89509451193888,32763000.0
2014-05-15,91.64629364013672,91.64629364013672,90.51949494783996,90.89509451193888,16779000.0
2014-05-16,91.64629364013672,92.39749276833456,90.89509451193888,91.64629364013672,28390000.0
2014-05-19,90.89508056640625,92.02187908582451,90.89508056640625,91.64627957935176,18373000.0
2014-05-20,90.89508056640625,91.64627957935176,90.89508056640625,91.64627957935176,25192000.0
2014-05-21,90.51947784423828,91.64627632362715,90.51947784423828,91.64627632362715,24178000.0
2014-05-22,91.64629364013672,91.64629364013672,90.89509451193888,91.2706940760378,26290000.0
2014-05-23,91.64629364013672,92.02189320423564,90.89509451193888,90.89509451193888,31726000.0
2014-05-26,92.3974838256836,92.77308335343027,91.64628477019022,92.3974838256836,19792000.0
2014-05-27,92.7730712890625,93.14867076796558,92.02187233125632,92.02187233125632,18012000.0
2014-05-28,93.14868927001953,93.14868927001953,92.0218906094951,93.14868927001953,36670000.0
2014-05-29,91.64629364013672,93.1486918965324,91.2706940760378,92.77309233243348,43028000.0
2014-05-30,89.7682876586914,92.0218848384075,89.7682876586914,91.64628530845482,69042000.0
2014-06-03,92.02189636230469,92.02189636230469,90.14389847735968,90.14389847735968,37556000.0
2014-06-04,92.7730712890625,93.14867076796558,92.39747181015942,92.7730712890625,33407000.0
2014-06-05,92.3974838256836,92.77308335343027,91.27068524244355,92.3974838256836,19524000.0
2014-06-06,92.02189636230469,92.77309551628268,91.64629678531568,92.77309551628268,19230000.0
2014-06-09,92.3974838256836,92.77308335343027,92.02188429793691,92.02188429793691,19684000.0
2014-06-10,93.5242919921875,93.5242919921875,92.02189372725276,92.39749329348645,25050000.0
2014-06-11,93.8998794555664,93.8998794555664,92.77308090209961,93.14868041992187,27770000.0
2014-06-12,92.7730712890625,93.14867076796558,92.39747181015942,93.14867076796558,22138000.0
2014-06-13,92.3974838256836,92.77308335343027,92.02188429793691,92.3974838256836,17160000.0
2014-06-16,93.14868927001953,93.14868927001953,92.0218906094951,92.0218906094951,13550000.0
2014-06-17,93.8998794555664,93.8998794555664,92.39748138427734,93.14868041992187,19795000.0
2014-06-18,94.2754898071289,95.02668892909806,93.14869112417517,93.89989024614432,37238000.0
2014-06-19,94.65108489990234,94.65108489990234,93.5242862701416,93.5242862701416,17873000.0
2014-06-20,93.5242919921875,95.40228982335593,93.14869242595381,95.02669025712224,30094000.0
2014-06-23,92.3974838256836,94.275481464417,92.3974838256836,93.89988193667031,25096000.0
2014-06-24,92.3974838256836,92.77308335343027,91.64628477019022,92.3974838256836,33225000.0
2014-06-25,92.7730712890625,93.52427024686867,92.39747181015942,92.39747181015942,30757000.0
2014-06-26,93.5242919921875,93.89989155842119,92.77309285972012,93.5242919921875,30279000.0
2014-06-27,94.2754898071289,95.02668892909806,93.14869112417517,93.89989024614432,44396000.0
2014-06-30,95.02667999267578,95.40227951833853,93.89988141568753,94.65108046701303,33280000.0
2014-07-01,96.15348815917969,96.52908772230148,94.6510899066925,95.0266894698143,32922000.0
2014-07-02,99.53388977050781,99.53388977050781,96.90469268223025,97.2802922662699,51457000.0
2014-07-03,101.03627014160156,101.41186965885659,98.03147400356137,98.78267303807141,40176000.0
2014-07-04,101.41187286376953,102.16307192201967,99.15827568901909,100.28507427639431,44006000.0
2014-07-07,102.1630630493164,102.1630630493164,99.53386657378252,101.03626455980188,32123000.0
2014-07-08,101.03627014160156,102.16306869336663,100.66067062434654,101.78746917611161,36117000.0
2014-07-09,100.66069030761719,101.41188948901733,100.28509071691713,100.28509071691713,39145000.0
2014-07-10,101.03627014160156,102.16306869336663,101.03627014160156,101.03627014160156,47098000.0
2014-07-11,102.5386734008789,103.66547200967977,101.787474328345,102.16307386461195,43144000.0
2014-07-14,101.7705307006836,103.30668965465618,101.7705307006836,103.30668965465618,46321000.0
2014-07-15,102.15457153320312,102.92265101841518,101.7705317905971,102.15457153320312,36989000.0
2014-07-16,100.23435974121094,102.5385978961813,99.85032004871587,102.15455820368624,39065000.0
2014-07-17,95.62590026855469,96.39397978878404,94.47378098821065,96.00994002866936,136198000.0
2014-07-18,94.85780334472656,95.24184303438133,93.32164458610751,93.32164458610751,95711000.0
2014-07-21,94.85780334472656,95.62588272403609,94.08972396541704,95.24184303438133,56612000.0
2014-07-22,95.62590026855469,96.00994002866936,94.08974122809597,94.85782074832532,53220000.0
2014-07-23,95.62590026855469,95.62590026855469,95.62590026855469,95.62590026855469,0.0
2014-07-24,96.00992584228516,96.00992584228516,95.24184643554688,95.62588613891602,65602000.0
2014-07-25,94.47376251220703,96.00992125224292,94.08972282719806,95.62588156723395,31299000.0
2014-07-28,93.32164001464844,94.0897193563328,92.93760034380627,93.70567968549062,43425000.0
2014-07-29,95.24185180664062,95.24185180664062,93.70569290653351,94.0897326315603,37994000.0
2014-07-30,95.62590026855469,96.00994002866936,94.47378098821065,94.85782074832532,32381000.0
2014-07-31,92.93760681152344,95.24184499693311,92.93760681152344,95.24184499693311,44748000.0
2014-08-01,92.16952514648438,92.93760452270507,91.78548545837403,92.16952514648438,52455000.0
2014-08-04,94.85780334472656,94.85780334472656,92.16952551714323,92.16952551714323,39633000.0
2014-08-05,91.78548431396484,94.08972241389702,91.78548431396484,94.08972241389702,61184000.0
2014-08-06,92.55355834960938,93.32163767201277,91.40143936600427,91.40143936600427,34561000.0
2014-08-07,93.32164001464844,93.32164001464844,91.78548133127974,92.5535606729641,29493000.0
2014-08-08,92.55355834960938,92.93759801081107,91.78547902720598,92.55355834960938,35075000.0
2014-08-11,92.55355834960938,92.93759801081107,91.78547902720598,92.16951868840768,42890000.0
2014-08-12,93.32164001464844,93.70567968549062,92.5535606729641,92.93760034380627,32237000.0
2014-08-13,94.08973693847656,94.85781642368862,92.55357796805247,92.93761771065849,39756000.0
2014-08-14,95.24185180664062,95.24185180664062,94.47377235658706,94.85781208161384,32907000.0
2014-08-15,95.24185180664062,96.00993125669417,94.47377235658706,95.62589153166739,19151000.0
2014-08-18,94.47376251220703,95.24184188222497,94.08972282719806,95.24184188222497,14578000.0
2014-08-19,95.24185180664062,96.00993125669417,94.85781208161384,95.24185180664062,31575000.0
2014-08-20,96.39396667480469,96.39396667480469,95.62588725906919,96.00992696693694,28876000.0
2014-08-21,95.62590026855469,96.77801954889871,95.24186050844,96.77801954889871,22562000.0
2014-08-22,96.39396667480469,96.77800638267244,94.8578078433337,95.62588725906919,42715000.0
2014-08-25,96.00992584228516,96.77800524902344,96.00992584228516,96.3939655456543,20077000.0
2014-08-26,95.62590026855469,96.39397978878404,95.24186050844,96.00994002866936,28801000.0
2014-08-27,96.39396667480469,96.77800638267244,95.62588725906919,96.39396667480469,36779000.0
2014-08-28,96.00992584228516,96.77800524902344,95.62588613891602,96.77800524902344,21587000.0
2014-08-29,95.24185180664062,96.00993125669417,95.24185180664062,95.62589153166739,28324000.0
2014-09-01,98.69821166992188,98.69821166992188,96.0099335310524,96.0099335310524,36304000.0
2014-09-02,96.77801513671875,98.31417410714286,96.39397539411273,98.31417410714286,19182000.0
2014-09-03,98.31417083740234,98.31417083740234,96.39397218823433,97.54609137773514,24561000.0
2014-09-04,97.93013763427734,98.31417738970588,96.77801836799172,98.31417738970588,21641000.0
2014-09-05,97.54607391357422,98.69819289680541,96.39395493034303,98.69819289680541,20096000.0
2014-09-09,97.54607391357422,97.93011357465127,97.16203425249715,97.93011357465127,22090000.0
2014-09-10,96.00992584228516,96.77800524902344,95.24184643554688,96.77800524902344,29294000.0
2014-09-11,96.00992584228516,96.77800524902344,96.00992584228516,96.77800524902344,22827000.0
2014-09-12,94.47376251220703,96.00992125224292,94.47376251220703,95.62588156723395,19798000.0
2014-09-15,94.85780334472656,94.85780334472656,93.70568427576228,94.08972396541704,19518000.0
2014-09-16,94.08973693847656,94.4737766810826,93.70569719587054,94.4737766810826,19187000.0
2014-09-17,95.62590026855469,96.00994002866936,94.47378098821065,94.85782074832532,23504000.0
2014-09-18,96.00992584228516,96.00992584228516,94.85780673217774,95.62588613891602,14726000.0
2014-09-19,96.00992584228516,96.77800524902344,96.00992584228516,96.3939655456543,30603000.0
2014-09-22,93.7056884765625,95.24184730404713,93.7056884765625,95.24184730404713,39365000.0
2014-09-23,94.08973693847656,94.85781642368862,93.70569719587054,94.4737766810826,15286000.0
2014-09-24,94.47376251220703,95.24184188222497,93.70568314218909,93.70568314218909,27613000.0
2014-09-25,93.7056884765625,95.24184730404713,93.32164876969135,94.47376789030481,23213000.0
2014-09-26,92.93760681152344,93.32164650909172,92.55356711395515,92.93760681152344,23545000.0
2014-09-29,92.55355834960938,93.70567733321447,92.16951868840768,93.70567733321447,54783000.0
2014-09-30,92.16952514648438,92.93760452270507,91.40144577026366,92.16952514648438,44070000.0
2014-10-01,93.32164001464844,93.70567968549062,92.16952100212193,92.16952100212193,42211000.0
2014-10-02,92.93760681152344,94.08972590422827,92.55356711395515,92.93760681152344,30761000.0
2014-10-03,95.62590026855469,96.00994002866936,93.7057014679813,94.08974122809597,52003000.0
2014-10-06,96.77801513671875,96.77801513671875,95.24185616629465,96.0099356515067,37186000.0
2014-10-07,96.00992584228516,96.3939655456543,94.85780673217774,96.00992584228516,39986000.0
2014-10-08,94.08973693847656,96.0099356515067,94.08973693847656,94.85781642368862,29221000.0
2014-10-09,96.00992584228516,96.00992584228516,94.85780673217774,95.24184643554688,35347000.0
2014-10-13,92.55355834960938,93.32163767201277,90.63336004360087,91.40143936600427,69183000.0
2014-10-14,92.93760681152344,93.32164650909172,91.7854877188186,92.16952741638688,31862000.0
2014-10-15,93.32164001464844,94.47375902717496,92.93760034380627,93.32164001464844,43922000.0
2014-10-16,93.32164001464844,95.24183836885932,92.16952100212193,93.32164001464844,45527000.0
2014-10-17,94.85780334472656,96.39396210334561,94.85780334472656,96.00992241369086,91597000.0
2014-10-20,96.77801513671875,96.77801513671875,95.62589590890067,96.0099356515067,38276000.0
2014-10-21,96.00992584228516,96.77800524902344,95.62588613891602,96.77800524902344,25582000.0
2014-10-22,99.08224487304688,99.08224487304688,97.9301257466161,97.9301257466161,64167000.0
2014-10-23,97.93013763427734,98.69821714513441,97.93013763427734,98.31417738970588,26374000.0
2014-10-24,96.39396667480469,97.93012550627569,96.00992696693694,97.54608579840793,42082000.0
2014-10-27,98.31417083740234,98.31417083740234,97.16205164790154,97.16205164790154,25119000.0
2014-10-28,98.31417083740234,99.46629002690315,97.93013110756874,99.08225029706955,34984000.0
2014-10-29,99.08224487304688,99.46628458185714,98.31416545542636,99.08224487304688,34583000.0
2014-10-30,98.69821166992188,99.08225140404608,97.54609246754924,98.69821166992188,35688000.0
2014-10-31,100.23435974121094,100.23435974121092,97.93012158624056,98.31416127873563,41983000.0
2014-11-03,100.618408203125,101.77052738102338,100.23436847715888,101.38648765505725,44912000.0
2014-11-04,101.38648986816406,101.38648986816406,100.61841039946586,101.38648986816406,32171000.0
2014-11-05,101.38648986816406,101.38648986816406,100.61841039946586,101.00245013381496,22440000.0
2014-11-06,101.38648986816406,101.77052960251318,101.00245013381496,101.77052960251318,28374000.0
2014-11-07,100.618408203125,101.00244792909113,100.23436847715888,101.00244792909113,16709000.0
2014-11-10,103.30667114257812,103.30667114257812,101.38647279420307,101.77051246387808,42569000.0
2014-11-11,102.92265319824219,103.69073269972161,102.15457369676277,103.69073269972161,20451000.0
2014-11-12,101.38648986816406,103.3066885399096,101.00245013381496,103.3066885399096,27373000.0
2014-11-13,102.92265319824219,103.30669294898189,101.77053394602305,102.53861344750247,24882000.0
2014-11-14,103.69071960449219,103.69071960449219,102.53860049777562,102.92264020001447,23655000.0
2014-11-17,102.15457153320312,104.07477024623326,101.7705317905971,103.69073050362724,23562000.0
2014-11-18,101.00244140625,103.3066796132367,100.61840170508556,102.92263991207224,42688000.0
2014-11-19,104.45878601074219,104.84282566519344,101.77050842958339,102.15454808403464,70920000.0
2014-11-20,106.76301574707031,106.76301574707031,105.22685724711246,105.61089687210192,44092000.0
2014-11-21,106.37899780273438,107.14707720925232,105.61091839621643,107.14707720925232,30388000.0
2014-11-24,106.37899780273438,107.91515661577024,105.99495809947541,107.53111691251128,33292000.0
2014-11-25,106.76301574707031,107.53109499704922,106.37897612208084,106.37897612208084,42648000.0
2014-11-26,106.76301574707031,106.76301574707031,105.99493649709139,106.37897612208084,23137000.0
2014-11-27,107.53111267089844,109.06727142333985,107.53111267089844,107.53111267089844,26123000.0
2014-11-28,108.68321990966797,108.68321990966797,106.76302167804839,106.76302167804839,35681000.0
2014-12-01,107.53111267089844,109.06727142333985,106.37899360656738,106.76303329467773,41250000.0
2014-12-02,105.61091613769531,107.14707491787996,105.61091613769531,107.14707491787996,45913000.0
2014-12-03,105.99495697021484,106.76303636854973,104.84283787271251,105.6109172710474,38940000.0
2014-12-04,106.76301574707031,107.53109499704922,106.37897612208084,106.76301574707031,28226000.0
2014-12-05,105.61091613769531,107.14707491787996,105.22687644264914,106.37899552778764,27050000.0
2014-12-08,105.99495697021484,106.37899666938229,105.22687757187995,105.99495697021484,19595000.0
2014-12-09,105.99495697021484,106.76303636854973,105.6109172710474,105.99495697021484,31770000.0
2014-12-10,104.45878601074219,106.76302393744973,104.45878601074219,105.99494462854722,39726000.0
2014-12-11,103.30667114257812,104.45879015160317,103.30667114257812,103.69071081225314,32283000.0
2014-12-12,103.69071960449219,104.45879900896992,103.30667990225334,103.69071960449219,31433000.0
2014-12-15,104.45878601074219,104.84282566519344,103.30666704738842,103.30666704738842,44381000.0
2014-12-16,102.15457153320312,104.07477024623326,102.15457153320312,103.30669076102122,41199000.0
2014-12-17,100.23435974121094,102.15455820368624,99.85032004871587,102.15455820368624,70497000.0
2014-12-18,101.00244140625,102.15456050974335,100.61840170508556,101.38648110741445,50410000.0
2014-12-19,105.99495697021484,105.99495697021484,102.92263937687528,103.30667907604273,44362000.0
2014-12-22,106.37899780273438,107.53111691251128,105.22687869295747,105.61091839621643,34577000.0
2014-12-23,105.61091613769531,107.53111461292613,105.22687644264914,106.7630352228338,19122000.0
2014-12-24,105.99495697021484,105.99495697021484,104.45879817354506,104.45879817354506,16679000.0
2014-12-25,105.61091613769531,105.99495583274147,105.22687644264914,105.22687644264914,7358000.0
2014-12-26,106.76301574707031,106.76301574707031,105.22685724711246,105.99493649709139,13112000.0
2014-12-29,108.29920959472656,108.29920959472656,105.99497109271111,105.99497109271111,34993000.0
2014-12-30,107.53111267089844,108.68323173522948,106.76303329467773,108.29919204711913,21789000.0
2014-12-31,108.29920959472656,108.29920959472656,106.76305059338293,106.76305059338293,18306000.0
2015-01-05,107.1470718383789,107.91515120639596,105.61091310234481,107.91515120639596,32046000.0
2015-01-06,102.53860473632812,105.61092248123684,102.15456501821454,105.61092248123684,66778000.0
2015-01-07,102.92265319824219,103.69073269972161,102.53861344750247,102.53861344750247,43703000.0
2015-01-08,105.99495697021484,105.99495697021484,104.45879817354506,104.84283787271251,42491000.0
2015-01-09,102.92265319824219,104.07477245046131,102.15457369676277,103.69073269972161,61558000.0
2015-01-12,101.38648986816406,102.53860907121138,101.38648986816406,101.77052960251318,30338000.0
2015-01-13,101.7705307006836,102.15457043917674,100.23437174671102,100.61841148520416,37818000.0
2015-01-14,99.85032653808594,102.154564842811,99.85032653808594,101.77052512535683,48740000.0
2015-01-15,101.00244140625,102.15456050974335,101.00244140625,101.00244140625,40607000.0
2015-01-16,105.22689056396484,107.53112904346771,104.45881107079721,107.53112904346771,124042000.0
2015-01-19,106.76301574707031,107.14705537205977,105.61089687210192,106.37897612208084,49986000.0
2015-01-20,105.99495697021484,106.76303636854973,105.6109172710474,106.76303636854973,32739000.0
2015-01-21,108.29920959472656,108.29920959472656,107.14709034371884,107.14709034371884,70464000.0
2015-01-22,107.53111267089844,109.06727142333985,107.14707298278809,108.68323173522948,43846000.0
2015-01-23,111.37151336669922,111.37151336669922,109.45131486037681,109.45131486037681,82089000.0
2015-01-26,111.37151336669922,111.7555530679637,110.21939426290578,111.7555530679637,46716000.0
2015-01-27,112.9076919555664,112.9076919555664,110.98749311278466,111.75557264989736,52805000.0
2015-01-28,112.52362060546875,112.90766026623827,111.7555412839297,112.52362060546875,45898000.0
2015-01-29,110.21939849853516,111.37151764660348,109.83535878251239,110.60343821455793,34459000.0
2015-01-30,108.29920959472656,111.75556734774976,108.29920959472656,111.37152759741385,43666000.0
2015-02-02,109.45130157470703,109.83534122935514,107.91514295611465,107.91514295611465,29181000.0
2015-02-03,110.98746490478516,110.98746490478516,109.06726655003109,109.83534589193272,27160000.0
2015-02-04,112.13959503173828,112.52363474075108,110.60343619568707,110.98747590469988,40416000.0
2015-02-05,111.75556945800781,112.13960921559547,110.2194104276572,111.75556945800783,23363000.0
2015-02-06,109.8353500366211,111.75554846383474,109.8353500366211,111.75554846383474,27301000.0
2015-02-09,109.06725311279297,110.21937198370274,108.68321348915637,109.83533236006615,26315000.0
2015-02-10,109.45130157470703,109.83534122935514,108.68322226541085,109.06726192005894,33294000.0
2015-02-11,113.67574310302734,114.44382244831807,112.1395844124459,112.1395844124459,71259000.0
2015-02-12,114.0597915649414,114.82787096941914,113.29171216046369,114.82787096941914,33577000.0
2015-02-13,114.0597915649414,115.21191067165799,113.67575186270255,114.0597915649414,37815000.0
2015-02-24,115.97997283935547,116.74805212968232,114.05977461353832,114.44381425870175,72531000.0
2015-02-25,118.66827392578125,118.66827392578125,117.13211504001062,117.13211504001062,48183000.0
2015-02-26,115.595947265625,118.28422510901163,115.595947265625,117.90018541709925,55574000.0
2015-03-02,114.44384002685547,117.5161578799254,114.05980029522172,116.36403868502418,41388000.0
2015-03-03,115.595947265625,115.97998695753738,114.0597884979755,115.21190757371262,29134000.0
2015-03-04,115.595947265625,116.36402664944976,114.44382818988787,115.21190757371262,32627000.0
2015-03-05,115.21189880371094,115.97997812906901,114.05977981567382,115.21189880371094,28872000.0
2015-03-06,114.44384002685547,114.8278797584892,114.05980029522172,114.44384002685547,31316000.0
2015-03-09,111.75556945800781,113.29172848835844,111.37152970042017,113.29172848835844,67163000.0
2015-03-10,110.60345458984375,111.37153413560655,110.60345458984375,111.37153413560655,46809000.0
2015-03-11,112.13959503173828,113.67575386778948,109.83535677766146,110.21939648667427,51795000.0
2015-03-12,113.67574310302734,114.0597827756727,112.52362408509126,112.90766375773661,32183000.0
2015-03-13,114.44384002685547,114.8278797584892,112.90768110032049,113.67576056358797,45451000.0
2015-03-16,112.13959503173828,114.8278729948279,112.13959503173828,114.44383328581509,36912000.0
2015-03-17,114.44384002685547,115.21191949012295,114.05980029522172,114.05980029522172,55718000.0
2015-03-18,117.90019989013672,118.28423962919254,115.21192171674599,115.98000119485762,70808000.0
2015-03-19,118.2841796875,119.05225877637986,117.13206105418018,117.13206105418018,43070000.0
2015-03-20,118.2841796875,118.2841796875,116.36398196530031,116.36398196530031,37536000.0
2015-03-23,117.90019989013672,118.28423962919254,117.13212041202509,118.28423962919254,26285000.0
2015-03-24,116.36402130126953,117.90017999831599,116.36402130126953,117.90017999831599,36086000.0
2015-03-25,115.97997283935547,117.13209177484575,115.59593319419204,116.74805212968232,44424000.0
2015-03-26,111.75556945800781,112.90768873077079,110.98748994283251,111.75556945800783,157081000.0
2015-03-27,109.45130157470703,111.75553950259561,109.45130157470703,110.60342053865132,106610000.0
2015-03-30,109.45130157470703,110.60342053865132,109.06726192005894,109.45130157470703,59832000.0
2015-03-31,111.75556945800781,111.75556945800783,109.83537067006954,110.60345018524485,56539000.0
2015-04-01,110.60345458984375,111.37153413560655,110.21941481696234,111.37153413560655,38697000.0
2015-04-02,112.9076919555664,113.6757714926791,110.98749311278466,111.37153288134101,49213000.0
2015-04-07,112.13959503173828,113.29171415877668,111.37151561371267,112.52363474075108,33362000.0
2015-04-08,109.8353500366211,112.13958814927749,109.8353500366211,111.75554846383474,47500000.0
2015-04-09,109.8353500366211,111.75554846383474,109.8353500366211,110.60342940750655,46493000.0
2015-04-10,112.9076919555664,112.9076919555664,111.37153288134101,112.13961241845371,33819000.0
2015-04-13,112.9076919555664,113.29173172412276,112.13961241845371,112.52365218701006,23821000.0
2015-04-14,110.60345458984375,111.75557390848795,110.21941481696234,111.37153413560655,41528000.0
2015-04-15,109.8353500366211,110.98746909294928,108.6832309802929,110.21938972206382,71481000.0
2015-04-16,112.9076919555664,112.9076919555664,110.98749311278466,111.37153288134101,54354000.0
2015-04-17,109.45130157470703,110.60342053865132,109.45130157470703,109.83534122935514,76708000.0
2015-04-20,109.8353500366211,110.60342940750655,108.6832309802929,109.06727066573563,34341000.0
2015-04-21,109.45130157470703,110.21938088400323,108.68322226541085,109.06726192005894,36209000.0
2015-04-22,110.21939849853516,111.37151764660348,109.83535878251239,110.21939849853516,40606000.0
2015-04-23,112.9076919555664,112.9076919555664,111.37153288134101,111.75557264989736,46931000.0
2015-04-24,117.13211059570312,117.13211059570312,114.05979294073387,114.44383264760502,122689000.0
2015-04-27,116.36402130126953,117.51614032405438,115.21190227848469,117.51614032405438,57529000.0
2015-04-28,116.36402130126953,117.90017999831599,115.5959419527463,117.90017999831599,43177000.0
2015-04-29,114.0597915649414,115.9799900761357,113.67575186270255,115.21191067165799,37363000.0
2015-04-30,112.9076919555664,114.05981126123545,112.52365218701006,112.9076919555664,48913000.0
2015-05-04,113.29174041748047,114.0598200135312,112.1396210234044,114.0598200135312,30811000.0
2015-05-05,112.9076919555664,113.6757714926791,112.13961241845371,113.29173172412276,27559000.0
2015-05-06,113.29174041748047,113.67578021550582,111.75558122537905,111.75558122537905,18784000.0
2015-05-07,112.52362060546875,113.29169992700778,112.13958094469923,112.13958094469923,21826000.0
2015-05-08,112.52362060546875,113.29169992700778,112.13958094469923,112.13958094469923,19987000.0
2015-05-11,114.0597915649414,114.44383126718027,112.90767245822484,114.44383126718027,20326000.0
2015-05-12,113.29174041748047,114.0598200135312,112.90770061945511,112.90770061945511,20509000.0
2015-05-13,113.67574310302734,114.44382244831807,112.90766375773661,113.29170343038199,18844000.0
2015-05-14,112.13959503173828,114.05979357680229,112.13959503173828,113.67575386778948,38700000.0
2015-05-15,112.52362060546875,112.90766026623827,111.37150162316019,112.90766026623827,24295000.0
2015-05-18,112.52362060546875,112.90766026623827,111.37150162316019,112.90766026623827,22879000.0
2015-05-19,112.52362060546875,113.29169992700778,111.37150162316019,111.7555412839297,26257000.0
2015-05-20,112.52362060546875,112.90766026623827,112.13958094469923,112.52362060546875,26920000.0
2015-05-21,111.75556945800781,112.52364897318313,110.98748994283251,112.13960921559547,40819000.0
2015-05-22,111.75556945800781,112.90768873077079,111.37152970042017,112.13960921559547,22074000.0
2015-05-25,113.29174041748047,113.29174041748047,111.75558122537905,112.52366082142976,16253000.0
2015-05-26,112.52362060546875,114.05977924854682,112.52362060546875,114.05977924854682,15545000.0
2015-05-27,111.37151336669922,112.90767217175714,111.37151336669922,111.7555530679637,23825000.0
2015-05-28,112.9076919555664,113.29173172412276,112.13961241845371,112.9076919555664,35891000.0
2015-05-29,112.13959503173828,113.29171415877668,111.75555532272547,112.90767444976389,56616000.0
2015-06-01,111.37151336669922,112.13959276922817,110.60343396417025,111.7555530679637,31570000.0
2015-06-02,110.60345458984375,110.98749436272514,110.21941481696234,110.98749436272514,33317000.0
2015-06-03,109.8353500366211,110.98746909294928,109.8353500366211,110.21938972206382,29870000.0
2015-06-04,108.29920959472656,109.4513288457343,107.53113009405475,109.0672890953984,58172000.0
2015-06-05,107.53111267089844,107.91515235900879,106.76303329467773,107.14707298278809,42648000.0
2015-06-08,106.37899780273438,107.53111691251128,106.37899780273438,107.14707720925232,45469000.0
2015-06-09,106.76301574707031,107.53109499704922,105.99493649709139,106.37897612208084,31575000.0
2015-06-10,107.1470718383789,108.68323057441302,107.1470718383789,108.29919089040449,37077000.0
2015-06-11,110.21939849853516,110.60343821455793,108.29919991842131,108.29919991842131,44613000.0
2015-06-12,110.98746490478516,110.98746490478516,109.4513062209819,110.60342523383434,31448000.0
2015-06-15,109.8353500366211,110.98746909294928,109.45131035117836,110.98746909294928,23608000.0
2015-06-16,109.06725311279297,109.83533236006615,108.29917386551978,109.83533236006615,27272000.0
2015-06-17,109.45130157470703,110.21938088400323,109.06726192005894,109.83534122935514,31326000.0
2015-06-18,109.06725311279297,109.83533236006615,109.06725311279297,109.06725311279297,28591000.0
2015-06-22,109.06725311279297,110.21937198370274,109.06725311279297,109.06725311279297,28278000.0
2015-06-23,110.98746490478516,111.37150457573597,109.4513062209819,109.83534589193272,37230000.0
2015-06-24,111.37151336669922,111.37151336669922,110.21939426290578,110.98747366543473,18555000.0
2015-06-25,112.52362060546875,112.90766026623827,111.37150162316019,111.37150162316019,43496000.0
2015-06-26,112.13959503173828,113.29171415877668,111.75555532272547,112.90767444976389,33561000.0
2015-06-29,109.76197814941406,111.7432412929053,109.76197814941406,111.34698866420705,53014000.0
2015-06-30,111.34700012207031,111.3470001220703,109.76198944417607,110.15824211364962,45261000.0
2015-07-01,111.7432632446289,112.9320213642526,110.15825241846395,110.95075783154643,32546000.0
2015-07-02,112.13948822021484,112.53574082876683,111.34698300311085,111.34698300311085,23908000.0
2015-07-03,112.93197631835938,112.93197631835938,110.95071357593201,112.13947122138843,16093000.0
2015-07-06,111.34700012207031,112.13950546101742,111.3470001220703,111.74325279154387,20617000.0
2015-07-07,111.34700012207031,112.53575813049099,111.3470001220703,111.74325279154387,26349000.0
2015-07-08,109.36572265625,111.74323836616848,109.36572265625,111.34698574784873,51986000.0
2015-07-09,108.1769790649414,109.36573707664405,106.19571571210365,106.19571571210365,53233000.0
2015-07-10,108.1769790649414,108.1769790649414,108.1769790649414,108.1769790649414,0.0
2015-07-13,109.76197814941406,110.55448340681056,108.57322026331933,108.57322026331933,34518000.0
2015-07-14,109.76197814941406,111.34698866420705,109.36572552071583,110.55448340681056,27536000.0
2015-07-15,109.76197814941406,110.55448340681056,109.36572552071583,110.15823077811231,23295000.0
2015-07-16,108.1769790649414,110.95074775891426,107.3844737238063,110.95074775891426,36999000.0
2015-07-17,110.95074462890625,110.95074462890625,109.36573399135044,109.36573399135044,55781000.0
2015-07-20,110.1582260131836,112.53574168253287,109.76197340162537,112.13948907097466,27655000.0
2015-07-21,111.34700012207031,112.13950546101742,110.55449478312319,111.74325279154387,19431000.0
2015-07-22,110.1582260131836,110.5544786247418,109.36572079006716,110.1582260131836,24620000.0
2015-07-23,107.78070831298828,108.96946612526389,107.78070831298828,108.57321352117202,36389000.0
2015-07-24,108.57323455810547,109.36573991984346,107.78072919636747,109.36573991984346,38194000.0
2015-07-27,106.19571685791016,107.38447488243901,106.19571685791016,106.98822220759605,43371000.0
2015-07-28,106.19571685791016,108.1769802321249,106.19571685791016,106.98822220759605,34219000.0
2015-07-29,107.38447570800781,107.78072838589713,106.59197035222915,106.98822303011849,29871000.0
2015-07-30,109.76197814941406,110.15823077811231,107.78071500592284,107.78071500592284,36097000.0
2015-07-31,110.55448150634766,111.34698675012076,108.96947101880146,111.34698675012076,39992000.0
2015-08-03,106.59196472167969,109.76198597734303,106.59196472167969,109.76198597734303,33631000.0
2015-08-04,108.1769790649414,108.1769790649414,106.5919683826712,106.98822105323875,26546000.0
2015-08-05,106.19571685791016,107.38447488243901,106.19571685791016,107.38447488243901,28491000.0
2015-08-06,106.19571685791016,107.78072755728195,104.61070615853836,107.78072755728195,38414000.0
2015-08-07,105.40321350097656,105.79946618331105,104.21445545397306,105.40321350097656,30554000.0
2015-08-10,102.23320007324219,103.8182109270909,99.45943107900693,103.8182109270909,63646000.0
2015-08-11,103.42192840576172,105.79944400129648,103.42192840576172,105.79944400129648,64344000.0
2015-08-12,101.8369369506836,103.02569496956316,101.04443160476387,102.6294422966033,41642000.0
2015-08-13,101.440673828125,103.02568435668945,101.04442119598389,102.23317909240723,35943000.0
2015-08-14,99.85566711425781,101.83693035065181,99.06316181970021,101.44067770337301,39413000.0
2015-08-17,98.27063751220703,99.45939522404825,97.47813237097955,99.45939522404825,37847000.0
2015-08-18,99.85566711425781,100.25191976153661,99.06316181970021,99.06316181970021,40722000.0
2015-08-19,99.06315612792969,101.04441925048829,98.27065087890625,101.04441925048829,41301000.0
2015-08-20,99.85566711425781,99.85566711425781,97.8744038778638,98.66690917242141,38012000.0
2015-08-21,95.89312744140625,98.66689559053783,95.89312744140625,97.47813781233859,59694000.0
2015-08-24,91.13811492919922,95.89314701246178,89.15685156117314,95.10064166525136,116158000.0
2015-08-25,97.8744125366211,98.27066521895559,93.11938034860711,93.51563303094161,94960000.0
2015-08-26,97.08189392089844,98.6669044338927,94.70437815140704,95.89313603615274,64879000.0
2015-08-27,98.27063751220703,99.06314265343451,96.68562722975209,99.06314265343451,53388000.0
2015-08-28,99.06315612792969,100.64816662597657,98.66690350341797,100.64816662597657,41466000.0
2015-08-31,102.23320007324219,102.23320007324219,97.87442022515822,99.85568379246911,56941000.0
2015-09-01,98.27063751220703,101.0444055065032,98.27063751220703,101.0444055065032,42340000.0
2015-09-02,99.45940399169922,100.64816180833307,97.47814096397612,97.47814096397612,36973000.0
2015-09-03,100.64815521240234,101.04440779197873,99.0631448940968,101.04440779197873,24004000.0
2015-09-04,99.06315612792969,100.64816662597657,97.87439825439454,100.25191400146485,22006000.0
2015-09-07,97.08189392089844,99.8556623186384,96.68564129264988,98.6669044338927,25891000.0
2015-09-08,97.4781494140625,97.87440205395706,96.68564413427337,97.08189677416793,15090000.0
2015-09-09,102.23320007324219,102.23320007324219,100.25193650593128,100.25193650593128,53588000.0
2015-09-10,99.06315612792969,101.440671875,99.06315612792969,100.64816662597657,32912000.0
2015-09-11,101.04444122314453,101.04444122314453,98.27067224839153,99.45943038042853,20525000.0
2015-09-14,101.04444122314453,102.23319935518153,99.85568309110754,101.44069393382352,25508000.0
2015-09-15,99.85566711425781,101.44067770337301,99.45941446697901,101.04442505609421,21658000.0
2015-09-16,102.6294174194336,103.0256699963426,101.04440711179755,101.44065968870656,39923000.0
2015-09-17,103.81819152832031,104.21444416774139,103.02568624947818,103.42193888889925,49472000.0
2015-09-18,104.21443176269531,104.21443176269531,102.23316880142734,102.62942139368093,31937000.0
2015-09-21,102.6294174194336,103.0256699963426,101.83691226561557,103.0256699963426,29930000.0
2015-09-22,102.23320007324219,103.02570550016654,101.83694735978,103.02570550016654,17636000.0
2015-09-23,98.66691589355469,101.0444319391825,98.66691589355469,100.6481792649112,32905000.0
2015-09-24,100.64815521240234,101.44066037155511,99.45939747367318,100.64815521240234,43432000.0
2015-09-25,100.64815521240234,101.04440779197873,99.0631448940968,100.64815521240234,24630000.0
2015-09-29,100.64815521240234,100.64815521240234,100.64815521240234,100.64815521240234,0.0
2015-09-30,103.02567291259766,103.81817808884841,100.6481573838454,101.44066256009616,67112000.0
2015-10-01,105.79947662353516,106.19572934497162,102.62945485204347,103.81821301635286,49600000.0
2015-10-02,104.61070251464844,105.00695517568876,104.2144498536081,105.00695517568876,25216000.0
2015-10-05,105.00696563720703,105.79947103824256,104.21446023617152,105.4032183377248,30276000.0
2015-10-06,105.40321350097656,107.38447691264905,105.00696081864206,106.98822423031456,48613000.0
2015-10-07,106.98820495605469,106.98820495605469,105.40319451226128,105.79944712320963,31784000.0
2015-10-08,107.78070831298828,108.57321352117202,106.98820310480454,108.57321352117202,31144000.0
2015-10-12,109.76197814941406,110.15823077811231,108.17696763462108,108.57322026331933,46971000.0
2015-10-13,108.96946716308594,109.76197237881748,107.78070933948864,109.76197237881748,36108000.0
2015-10-14,108.1769790649414,108.9694844060765,107.78072639437386,108.1769790649414,18007000.0
2015-10-15,110.95074462890625,111.74324994768415,110.15823931012834,110.15823931012834,57142000.0
2015-10-16,108.96946716308594,108.96946716308594,107.78070933948864,108.57321455522018,36196000.0
2015-10-19,109.36572265625,110.1582278928895,108.57321741961051,109.76197527456975,26150000.0
2015-10-20,110.1582260131836,110.1582260131836,108.96946817850895,110.1582260131836,27462000.0
2015-10-21,109.76197814941406,110.95073603550881,108.96947289201758,110.55448340681056,17976000.0
2015-10-22,108.96946716308594,109.76197237881748,108.57321455522018,109.3657197709517,15149000.0
2015-10-23,110.95074462890625,111.3469972882952,110.15823931012834,110.95074462890625,35644000.0
2015-10-26,110.95074462890625,111.3469972882952,110.15823931012834,111.3469972882952,24382000.0
2015-10-27,110.1582260131836,110.95073123630002,108.96946817850895,109.76197340162537,26012000.0
2015-10-28,109.36572265625,110.1582278928895,108.57321741961051,108.57321741961051,22522000.0
2015-10-29,108.1769790649414,110.55449508834671,108.1769790649414,110.15824241777916,20428000.0
2015-10-30,108.1769790649414,108.9694844060765,107.78072639437386,108.57323173550895,27844000.0
2015-11-02,108.96946716308594,109.76197237881748,107.38445673162288,109.76197237881748,21663000.0
2015-11-03,110.55448150634766,110.95073412823422,109.365723640688,109.76197626257456,33082000.0
2015-11-04,114.51702117919922,114.5170211791992,111.74325250011826,112.1395051685584,75144000.0
2015-11-05,112.93197631835938,114.51698651230126,112.93197631835938,114.12073396381578,35773000.0
2015-11-06,110.95074462890625,114.12076590401786,110.15823931012834,114.12076590401786,45683000.0
2015-11-09,112.5357437133789,113.32824895079706,111.34698585725165,111.74323847596074,24833000.0
2015-11-10,110.55448150634766,112.13949199389386,110.15822888446111,112.13949199389386,23307000.0
2015-11-11,108.96946716308594,111.34698281028054,108.1769619473544,111.34698281028054,29412000.0
2015-11-12,109.76197814941406,110.15823077811231,109.36572552071583,109.76197814941406,16474000.0
2015-11-13,107.78070831298828,110.15822393753949,107.78070831298828,108.96946612526389,21639000.0
2015-11-16,106.98820495605469,107.38445756700304,106.19569973415798,106.19569973415798,32110000.0
2015-11-17,109.76197814941406,110.95073603550881,108.96947289201758,109.36572552071583,28188000.0
2015-11-18,108.57323455810547,110.95075064331945,108.17698187723647,110.55449796245045,29074000.0
2015-11-19,111.34700012207031,111.3470001220703,109.36573677470251,109.76198944417607,27426000.0
2015-11-20,111.7432632446289,111.7432632446289,110.95075783154643,111.34701053808766,20271000.0
2015-11-23,111.7432632446289,112.13951595117014,110.95075783154643,111.7432632446289,17170000.0
2015-11-24,110.55448150634766,112.13949199389386,110.55448150634766,110.95073412823422,21843000.0
2015-11-25,111.7432632446289,111.7432632446289,109.76199971192271,110.55450512500519,27099000.0
2015-11-26,112.93197631835938,112.93197631835938,110.95071357593201,111.74321867290296,31976000.0
2015-11-27,110.1582260131836,113.32824690564931,110.1582260131836,113.32824690564931,23135000.0
2015-11-30,110.1582260131836,110.1582260131836,107.7807103438343,108.17696295539251,108490000.0
2015-12-01,112.93197631835938,112.93197631835938,109.7619559304756,111.34696612441749,46117000.0
2015-12-02,112.93197631835938,114.12073396381578,112.5357237698739,114.12073396381578,31609000.0
2015-12-03,112.93197631835938,113.32822886684484,112.13947122138843,112.13947122138843,18825000.0
2015-12-04,111.34700012207031,112.93201079996454,111.3470001220703,111.74325279154387,30869000.0
2015-12-07,113.7245101928711,114.51701549038239,112.53575224660415,112.53575224660415,40284000.0
2015-12-08,112.93197631835938,114.12073396381578,111.74321867290296,113.72448141533032,32173000.0
2015-12-09,111.34700012207031,112.53575813049099,111.3470001220703,112.53575813049099,26751000.0
2015-12-10,111.7432632446289,112.13951595117014,110.15825241846395,111.34701053808766,41414000.0
2015-12-11,110.55448150634766,112.53574461578042,110.15822888446111,111.74323937200731,29914000.0
2015-12-14,110.1582260131836,110.5544786247418,108.96946817850895,108.96946817850895,32656000.0
2015-12-15,109.36572265625,111.34698574784873,109.36572265625,110.55448051120925,23558000.0
2015-12-16,113.7245101928711,114.12076284162674,111.74324694909285,112.53575224660415,56401000.0
2015-12-17,114.91326141357422,114.91326141357422,113.32825091131804,114.51700878801017,34462000.0
2015-12-18,112.5357437133789,114.91325942563338,112.53574371337889,113.32824895079706,36298000.0
2015-12-21,112.13948822021484,112.93199343731884,111.34698300311085,112.13948822021484,26847000.0
2015-12-22,112.5357437133789,112.53574371337889,111.34698585725165,111.74323847596074,17085000.0
2015-12-23,112.13948822021484,113.32824604587083,111.34698300311085,111.74323561166284,18064000.0
2015-12-24,112.5357437133789,113.72450156950615,112.53574371337889,113.32824895079706,13471000.0
2015-12-25,113.3282470703125,113.72449968244646,112.53574184604459,112.53574184604459,6126000.0
2015-12-28,113.7245101928711,114.12076284162674,113.32825754411544,113.7245101928711,10797000.0
2015-12-29,112.5357437133789,114.12075418821522,112.13949109466982,113.72450156950615,12801000.0
2015-12-30,112.93197631835938,114.12073396381578,112.5357237698739,112.93197631835938,14578000.0
2015-12-31,113.3282470703125,114.12075229458043,111.74323662177666,112.53574184604459,18336000.0
2016-01-04,110.55448150634766,113.72450248144007,110.15822888446111,112.93199723766696,39169000.0
2016-01-05,109.36572265625,110.95073312952898,108.57321741961051,110.1582278928895,46381000.0
2016-01-06,107.38447570800781,109.36573909745445,106.98822303011849,109.36573909745445,53617000.0
2016-01-07,105.40321350097656,106.98822423031456,103.42195008930406,106.59197154798005,62539000.0
2016-01-08,106.19571685791016,106.98822220759605,104.61070615853836,104.61070615853836,50123000.0
2016-01-11,105.40321350097656,106.59197154798005,103.42195008930406,105.40321350097656,48345000.0
2016-01-12,105.40321350097656,106.19571886564556,104.21445545397306,105.40321350097656,34688000.0
2016-01-13,105.79947662353516,107.384487509281,105.4032239020987,105.79947662353516,37717000.0
2016-01-14,104.21443176269531,104.6106843549489,103.42192657818812,103.42192657818812,39253000.0
2016-01-15,108.57323455810547,109.36573991984346,107.38447651549848,108.96948723897447,79464000.0
2016-01-18,108.57323455810547,109.36573991984346,106.59197115376048,106.98822383462948,36757000.0
2016-01-19,109.36572265625,109.36572265625,107.78071218297102,108.96947003793026,23737000.0
2016-01-20,106.59196472167969,108.96948066342719,105.79945940776385,108.96948066342719,43839000.0
2016-01-21,106.98820495605469,108.17696278889973,106.19569973415798,106.19569973415798,31933000.0
2016-01-22,109.76197814941406,109.76197814941406,107.78071500592284,108.17696763462108,33889000.0
2016-01-25,110.55448150634766,110.95073412823422,110.15822888446111,110.95073412823422,27184000.0
2016-01-26,108.96946716308594,110.15822498668324,108.57321455522018,108.96946716308594,24049000.0
2016-01-27,110.55448150634766,110.55448150634766,109.76197626257456,110.15822888446111,24029000.0
2016-01-28,110.95074462890625,111.3469972882952,109.36573399135044,109.36573399135044,37867000.0
2016-01-29,113.3282470703125,113.3282470703125,109.3657209489729,109.76197356110686,55616000.0
2016-02-01,114.12076568603516,114.12076568603516,112.13950239287482,114.12076568603516,40943000.0
2016-02-02,112.93197631835938,114.51698651230126,112.13947122138843,114.12073396381578,25380000.0
2016-02-03,115.7057876586914,115.7057876586914,114.5170295663076,114.91328226376886,70465000.0
2016-02-15,114.91326141357422,116.10201929026637,112.53574566018993,112.53574566018993,72875000.0
2016-02-16,116.8945541381836,117.29080686407573,115.309543234615,115.70579596050715,55006000.0
2016-02-17,117.29075622558594,118.08326133521828,116.49825111595361,118.08326133521828,38453000.0
2016-02-18,119.66828155517578,119.66828155517578,118.47952379138265,118.87577637931369,61657000.0
2016-02-19,119.66828155517578,119.66828155517578,118.08327120345159,118.08327120345159,35668000.0
2016-02-22,119.66828155517578,120.85703931896892,118.47952379138265,118.47952379138265,27003000.0
2016-02-23,118.47952270507812,119.66828045797189,118.0832701207802,119.27202787367396,22302000.0
2016-02-24,117.29075622558594,119.27201899966678,116.49825111595361,118.47951389003445,22026000.0
2016-02-25,119.27204132080078,119.66829394977354,117.68703080490975,118.08328343388251,25202000.0
2016-02-26,118.08329010009766,120.06455335681069,117.29078479741243,119.66830070546808,37655000.0
2016-03-01,120.46080017089844,120.46080017089844,117.68703174591064,117.68703174591064,38629000.0
2016-03-02,121.25333404541016,122.44209222232594,121.25333404541016,122.04583949668734,36010000.0
2016-03-03,122.04579162597656,122.44204419619078,121.25328648554814,122.04579162597656,28822000.0
2016-03-04,120.8570556640625,121.64956094710554,120.06455038101947,121.25330830558401,32794000.0
2016-03-07,120.46080017089844,121.64955806732178,119.66829490661621,120.85705280303955,23906000.0
2016-03-08,120.46080017089844,120.46080017089844,118.47953701019287,119.66829490661621,35683000.0
2016-03-09,121.25333404541016,121.25333404541016,119.27207041721718,120.46082859413296,24004000.0
2016-03-10,122.44206237792969,122.44206237792969,120.06454660360096,121.25330449076533,28302000.0
2016-03-11,122.83829498291016,122.83829498291016,121.25328472506615,122.44204241844915,29566000.0
2016-03-14,123.63082122802734,124.81957912445068,123.23456859588623,124.02707386016846,32751000.0
2016-03-15,122.44206237792969,124.02707289414884,121.25330449076533,122.83831500698447,28689000.0
2016-03-16,123.63082122802734,123.63082122802734,122.04581069946289,123.23456859588623,30962000.0
2016-03-17,125.61209106445312,126.80084902405362,124.81958575805278,126.40459637085345,48193000.0
2016-03-18,126.40461730957031,126.4046173095703,125.61211187189275,125.61211187189275,55975000.0
2016-03-21,126.80086517333984,126.80086517333984,125.2158543586731,126.80086517333984,26100000.0
2016-03-22,125.61209106445312,126.40459637085345,124.42333310485262,126.40459637085345,25809000.0
2016-03-23,126.40461730957031,126.4046173095703,125.21585915305397,125.61211187189275,27478000.0
2016-03-24,125.61209106445312,126.00834371765329,124.42333310485262,125.21583841125295,24853000.0
2016-03-25,125.2158432006836,126.00834853739678,124.42333786397042,125.61209586904019,10175000.0
2016-03-28,126.00836944580078,126.00836944580078,124.4233585093756,125.2158639775882,15268000.0
2016-03-29,126.00836944580078,126.40462217990707,125.2158639775882,125.61211671169448,18977000.0
2016-03-30,127.9896011352539,128.38585377034755,125.6120853246919,125.6120853246919,43616000.0
2016-03-31,128.3858642578125,129.17836959273725,126.00834825303819,128.3858642578125,49433000.0
2016-04-01,125.61209106445312,127.59335433045395,124.81958575805278,127.59335433045395,31564000.0
2016-04-06,121.64958190917969,123.63084545818914,121.6495819091797,123.23459274838724,58134000.0
2016-04-07,122.44206237792969,122.83831500698447,120.85705186171053,122.83831500698447,35238000.0
2016-04-08,124.8195571899414,125.21580975244915,122.04578925238715,122.04578925238715,41032000.0
2016-04-11,125.61209106445312,126.00834371765329,123.23457514525211,123.63082779845227,21758000.0
2016-04-12,125.61209106445312,126.40459637085345,124.81958575805278,124.81958575805278,14859000.0
2016-04-13,127.9896011352539,128.38585377034755,126.40459059487924,126.8008432299729,39611000.0
2016-04-14,127.9896011352539,128.78210640544123,126.8008432299729,128.38585377034755,31338000.0
2016-04-15,126.40461730957031,126.80087002840908,123.63084827769886,124.42335371537641,48779000.0
2016-04-18,125.2158432006836,125.61209586904019,124.81959053232701,125.2158432006836,20279000.0
2016-04-19,124.8195571899414,127.59332512749566,124.42330462743365,126.80082000248015,26577000.0
2016-04-20,122.04579162597656,125.21581218769025,122.04579162597656,124.81955961747603,40996000.0
2016-04-21,124.42333221435547,124.42333221435547,122.04581631217033,123.63082691362709,29723000.0
2016-04-22,124.02708435058594,125.21584234755642,122.83832635361547,123.23457901927229,28990000.0
2016-04-25,124.8195571899414,124.8195571899414,123.63079950241816,124.0270520649259,14306000.0
2016-04-26,125.2158432006836,125.61209586904019,124.02708519561382,124.02708519561382,18119000.0
2016-04-27,124.02708435058594,124.81958968189959,123.23457901927229,123.63083168492912,28845000.0
2016-04-28,121.25333404541016,125.2158613017961,121.25333404541016,124.8196085761575,48915000.0
2016-04-29,118.87577819824219,119.66828338623047,118.08327301025392,119.66828338623047,66445000.0
2016-05-03,116.8945541381836,117.68705958996789,116.1020486863993,117.29080686407573,68550000.0
2016-05-04,116.498291015625,118.08330177774235,116.10203832509568,116.49829101562501,52973000.0
2016-05-05,116.8945541381836,117.68705958996789,115.70579596050715,116.8945541381836,38269000.0
2016-05-06,117.29075622558594,117.68700878040211,116.49825111595361,117.68700878040211,36510000.0
2016-05-09,116.8945541381836,118.08331231586004,116.1020486863993,117.68705958996789,38478000.0
2016-05-10,116.498291015625,117.29079639668367,116.10203832509568,116.49829101562501,29785000.0
2016-05-11,116.498291015625,118.08330177774235,116.10203832509568,117.68704908721301,40057000.0
2016-05-12,115.7057876586914,117.29079844853649,115.7057876586914,116.49829305361395,23749000.0
2016-05-13,114.12076568603516,115.30952366193135,113.32826036877101,114.91327100329929,60038000.0
2016-05-16,114.51702117919922,115.30952651607949,113.32826317387881,113.32826317387881,31133000.0
2016-05-17,116.498291015625,116.49829101562501,114.91328025350766,115.309532944037,30277000.0
2016-05-18,116.498291015625,116.49829101562501,114.91328025350766,115.70578563456634,31057000.0
2016-05-19,116.498291015625,117.68704908721301,115.309532944037,117.29079639668367,35132000.0
2016-05-20,117.6870346069336,118.47953989048196,116.49827668161103,116.89452932338521,36306000.0
2016-05-23,122.04579162597656,122.44204419619078,118.47951849404868,119.2720236344771,50127000.0
2016-05-24,119.66828155517578,121.649544494831,119.66828155517578,120.85703931896892,24470000.0
2016-05-25,122.44206237792969,122.83831500698447,120.85705186171053,121.64955711982012,30719000.0
2016-05-26,122.83829498291016,122.83829498291016,121.64953728952715,122.44204241844915,17196000.0
2016-05-27,124.02708435058594,124.02708435058594,122.44207368795864,123.63083168492912,22992000.0
2016-05-30,124.42333221435547,125.21583751508385,122.83832161289871,124.42333221435547,36339000.0
2016-05-31,124.02708435058594,124.81958968189959,122.83832635361547,124.02708435058594,69656000.0
2016-06-01,126.00836944580078,126.00836944580078,123.63085304116302,123.63085304116302,26926000.0
2016-06-02,126.00836944580078,126.80087491401336,125.2158639775882,126.00836944580078,21977000.0
2016-06-03,127.19709014892578,127.1970901489258,126.00833229706667,126.00833229706667,31853000.0
2016-06-06,127.59335327148438,128.38585857130727,126.80084797166148,127.59335327148438,28757000.0
2016-06-07,128.3858642578125,129.57462226019965,127.59335892288773,127.98961159035011,47046000.0
2016-06-08,131.15965270996094,131.55590543718137,129.57464180107925,129.97089452829968,45214000.0
2016-06-13,128.3858642578125,128.7821169252749,127.59335892288773,127.59335892288773,48750000.0
2016-06-14,128.3858642578125,129.17836959273725,127.59335892288773,127.59335892288773,27509000.0
2016-06-15,129.17832946777344,129.17832946777344,127.59331929025474,128.38582437901408,29270000.0
2016-06-16,127.19709014892578,128.78210061807127,126.40458491435304,127.98959538349854,24408000.0
2016-06-17,129.17832946777344,130.36708710091244,128.38582437901408,128.78207692339376,30633000.0
2016-06-20,129.17832946777344,130.76333964529212,129.17832946777344,130.36708710091244,24911000.0
2016-06-21,131.15965270996094,131.15965270996094,129.57464180107925,129.97089452829968,27970000.0
2016-06-22,131.5558624267578,131.5558624267578,129.57459943840303,130.36710463374493,30359000.0
2016-06-23,129.97085571289062,131.55586614841368,129.97085571289062,131.1596135395329,22494000.0
2016-06-24,126.00836944580078,129.9708967868637,122.44209483884416,129.9708967868637,86547000.0
2016-06-27,128.06724548339844,128.47903726951867,126.83187012503767,127.24366191115793,42874000.0
2016-06-28,129.30270385742188,129.7144959079232,127.6555356554165,128.06732770591785,1327000.0
2016-06-29,130.94984436035156,131.77342828714623,130.1262604335569,130.53805239695424,31514000.0
2016-06-30,133.83238220214844,134.24417414738582,131.36163053072417,132.59700636643632,42398000.0
2016-07-01,136.71490478515625,136.71490478515625,134.65594537574125,135.47952913950724,36212000.0
2016-07-04,136.71490478515625,137.12669666703925,135.47952913950724,136.30311290327325,25724000.0
2016-07-05,135.06773376464844,136.3031093783495,135.06773376464844,135.89131750711582,16346000.0
2016-07-06,133.00877380371094,134.24414941179495,132.18519006498826,134.24414941179495,34803000.0
2016-07-07,135.47958374023438,135.89137578807703,134.2442075967064,134.65599964454904,23769000.0
2016-07-08,135.47958374023438,135.47958374023438,135.47958374023438,135.47958374023438,0.0
2016-07-11,140.00926208496094,140.42105403226967,138.7738862430348,140.00926208496094,50643000.0
2016-07-12,140.8328399658203,141.24463189554493,139.59746417664644,140.8328399658203,41961000.0
2016-07-13,138.7738800048828,140.00925579127642,137.5385042184892,139.59746386247855,50653000.0
2016-07-14,139.18565368652344,140.00923743614783,137.53848618727466,137.53848618727466,34790000.0
2016-07-15,139.5974578857422,139.5974578857422,137.12670641873788,138.36208215224005,41546000.0
2016-07-18,139.5974578857422,140.00924979690956,138.36208215224005,138.36208215224005,24749000.0
2016-07-19,140.42108154296875,140.42108154296875,139.185705459013,140.42108154296875,42456000.0
2016-07-20,140.00926208496094,140.42105403226967,139.18567819034354,140.00926208496094,38053000.0
2016-07-21,141.6564178466797,141.6564178466797,140.00925019729968,140.83283402198967,33130000.0
2016-07-22,140.8328399658203,141.65642382526957,140.4210480360957,141.65642382526957,28504000.0
2016-07-25,141.24464416503906,142.4800200615263,139.18568433756036,141.65643613053481,27145000.0
2016-07-26,142.47999572753906,142.47999572753906,141.24462004204017,141.65641193720649,32685000.0
2016-07-27,144.12718200683594,144.95076590401786,143.71539005824496,144.12718200683594,34117000.0
2016-07-28,145.36256408691406,145.36256408691406,142.48002032315088,144.1271881881584,31071000.0
2016-07-29,142.0682373046875,145.774365234375,142.0682373046875,145.774365234375,29795000.0
2016-08-01,145.77432250976562,145.77432250976562,143.71536315228306,144.12715502377958,34188000.0
2016-08-02,144.95077514648438,146.1861510710283,144.5389831716364,146.1861510710283,15250000.0
2016-08-03,142.0682373046875,143.30361328125,141.6564453125,142.0682373046875,21627000.0
2016-08-04,143.71539306640625,143.71539306640625,142.06822523756492,142.48001719477523,13612000.0
2016-08-05,145.77432250976562,146.18611438126214,143.30357128078654,144.12715502377958,25759000.0
2016-08-08,146.597900390625,146.597900390625,145.36252482553547,146.597900390625,16200000.0
2016-08-09,147.00973510742188,147.8333190576035,145.77435918214942,147.00973510742188,16413000.0
2016-08-10,147.8332977294922,147.8332977294922,146.59792198244907,147.42150581381114,19279000.0
2016-08-11,145.36256408691406,146.5979399856697,144.5389801544103,146.18614801941783,28180000.0
2016-08-12,146.1861572265625,147.0097412109375,145.774365234375,147.0097412109375,22947000.0
2016-08-15,147.4215087890625,147.4215087890625,146.18613301708712,147.00971686507071,12020000.0
2016-08-16,144.5389404296875,147.42148340121975,144.12714857661146,146.59789969506767,34260000.0
2016-08-17,145.77432250976562,146.18611438126214,144.95073876677262,145.77432250976562,21487000.0
2016-08-18,144.95077514648438,145.36256712133235,144.12719119678843,144.95077514648438,27253000.0
2016-08-19,143.71539306640625,146.18614480966824,143.3036011091959,145.7743528524579,23470000.0
2016-08-22,142.0682373046875,143.30361328125,141.2446533203125,142.48002929687502,21337000.0
2016-08-23,144.12718200683594,144.12718200683594,142.89180616106304,143.30359810965402,20888000.0
2016-08-24,142.89183044433594,144.53899851862224,142.89183044433594,144.12720650005068,12092000.0
2016-08-25,145.36256408691406,145.77435605316595,143.71539622190653,144.1271881881584,23892000.0
2016-08-26,145.77432250976562,145.77432250976562,144.12715502377958,144.12715502377958,15076000.0
2016-08-29,144.95077514648438,145.77435909618032,143.30360724709251,144.12719119678843,16975000.0
2016-08-30,143.3035888671875,145.36254847734824,143.3035888671875,144.9507565553161,19471000.0
2016-08-31,145.36256408691406,145.77435605316595,143.71539622190653,145.36256408691406,38524000.0
2016-09-01,143.3035888671875,144.9507565553161,142.4800050231232,144.9507565553161,22692000.0
2016-09-02,143.3035888671875,145.36254847734824,143.3035888671875,145.36254847734824,16999000.0
2016-09-05,145.77432250976562,146.18611438126214,145.3625306382691,145.3625306382691,22381000.0
2016-09-06,146.597900390625,147.4214841006847,145.36252482553547,145.7743166805653,26024000.0
2016-09-07,152.36300659179688,152.36300659179688,148.24508749472128,148.65687940442885,49761000.0
2016-09-08,150.71583557128906,151.95121127269306,150.30404367082107,150.30404367082107,30204000.0
2016-09-09,148.65689086914062,149.0686828106064,147.8333069862091,149.0686828106064,29793000.0
2016-09-12,144.5389404296875,146.18610784199163,143.3035648704594,146.18610784199163,43036000.0
2016-09-13,144.5389404296875,145.36252413583958,142.89177301738337,145.36252413583958,36834000.0
2016-09-14,143.3035888671875,144.9507565553161,142.89179694515536,143.3035888671875,52877000.0
2016-09-19,150.71583557128906,150.71583557128906,147.00970846707705,147.83329226801305,57055000.0
2016-09-20,151.12765502929688,151.12765502929688,149.4804871270702,149.89227910262687,23641000.0
2016-09-21,151.5394287109375,151.5394287109375,148.65688523002294,149.06867715586787,25008000.0
2016-09-22,152.36300659179688,152.77479850150445,151.1276308626742,152.36300659179688,20980000.0
2016-09-23,154.0102081298828,154.4220001302301,151.9512481281464,152.36304012849368,23213000.0
2016-09-26,151.12765502929688,152.36303095596688,150.7158630537402,151.12765502929688,24225000.0
2016-09-27,151.12765502929688,151.12765502929688,151.12765502929688,151.12765502929688,0.0
2016-09-28,151.12765502929688,151.12765502929688,151.12765502929688,151.12765502929688,0.0
2016-09-29,154.0102081298828,154.4220001302301,152.77483212884098,152.77483212884098,54272000.0
2016-09-30,151.5394287109375,153.5983883401622,150.3040529334027,152.7748044884723,42592000.0
2016-10-03,153.1865997314453,153.59839166620725,151.95122392715945,153.1865997314453,17742000.0
2016-10-04,154.0102081298828,154.0102081298828,152.36304012849368,152.36304012849368,16859000.0
2016-10-05,153.1865997314453,153.1865997314453,151.95122392715945,153.1865997314453,19148000.0
2016-10-06,154.42196655273438,154.42196655273438,152.36300699869793,152.36300699869793,15524000.0
2016-10-07,154.833740234375,154.833740234375,153.18657278507314,154.833740234375,15380000.0
2016-10-11,154.42196655273438,157.30450992838541,153.1865908203125,157.30450992838541,30294000.0
2016-10-12,156.06915283203125,156.48094479201023,153.18660911217842,153.5984010721574,22604000.0
2016-10-13,155.2455596923828,157.30451937000063,154.01018388581213,156.89272743447708,37642000.0
2016-10-14,154.833740234375,155.65732395902594,153.5983646473986,154.01015650972408,33248000.0
2016-10-17,153.59841918945312,154.42200320655473,152.36304316380068,153.59841918945312,37340000.0
2016-10-18,154.0102081298828,154.0102081298828,152.77483212884098,153.59841612953554,38150000.0
2016-10-19,156.06915283203125,156.06915283203125,154.42198499211534,154.42198499211534,33272000.0
2016-10-20,156.8927459716797,156.8927459716797,155.65737001914678,156.0691620033244,13226000.0
2016-10-21,155.2455596923828,158.12810324104777,155.2455596923828,157.30451937000063,21936000.0
2016-10-24,157.3045196533203,157.3045196533203,156.0691438445246,157.3045196533203,13459000.0
2016-10-25,158.95169067382812,158.95169067382812,157.30452289482471,158.12810678432643,18878000.0
2016-10-26,157.71632385253906,158.53990778910585,156.89273991597227,156.89273991597227,21043000.0
2016-10-27,155.2455596923828,157.7163113055242,155.2455596923828,157.7163113055242,26231000.0
2016-10-28,156.06915283203125,156.48094479201023,155.2455689120733,156.06915283203125,24348000.0
2016-10-31,155.2455596923828,156.89272743447708,153.59839195028857,155.6573516279064,25330000.0
2016-11-01,156.06915283203125,156.06915283203125,154.42198499211534,155.2455689120733,14290000.0
2016-11-02,153.1865997314453,154.83376747049311,153.1865997314453,154.42197553573115,16488000.0
2016-11-03,151.9512176513672,153.59838532238473,151.9512176513672,152.77480148687596,25038000.0
2016-11-04,151.9512176513672,153.18659340463034,151.5394257336128,151.9512176513672,14860000.0
2016-11-07,155.6573486328125,155.6573486328125,153.18659706721232,153.59838899481235,21332000.0
2016-11-08,155.2455596923828,156.4809354989535,154.83376775685926,156.4809354989535,15437000.0
2016-11-09,149.8922576904297,156.89272027487283,149.8922576904297,156.4809283581409,55541000.0
2016-11-10,152.77481079101562,154.83377050518024,152.77481079101562,154.0101866195144,38234000.0
2016-11-11,149.48046875,150.7158445247934,149.06867682506888,149.48046875,67603000.0
2016-11-14,148.65689086914062,149.89226669353792,148.24509892767486,149.0686828106064,47989000.0
2016-11-15,148.24510192871094,149.89226972791883,147.42151802910698,147.83330997890894,33505000.0
2016-11-16,148.24510192871094,150.7158536275228,148.24510192871094,148.6568938785129,34833000.0
2016-11-17,149.48046875,150.30405259986227,148.65688490013775,149.89226067493112,22434000.0
2016-11-18,149.0686798095703,149.48047174274592,148.2450959432191,149.48047174274592,22474000.0
2016-11-21,149.0686798095703,149.48047174274592,148.2450959432191,148.6568878763947,15600000.0
2016-11-22,151.5394287109375,152.36301256262738,149.4804690817128,149.89226100755775,27599000.0
2016-11-23,152.77481079101562,153.59839467668147,151.53943496251685,151.95122690534976,22128000.0
2016-11-24,150.71583557128906,152.36300317316108,150.71583557128906,151.53941937222507,14980000.0
2016-11-25,149.8922576904297,151.12763344062554,149.8922576904297,150.30404960716163,10116000.0
2016-11-28,151.5394287109375,151.5394287109375,149.4804690817128,149.4804690817128,19096000.0
2016-11-29,149.8922576904297,152.3630091908214,149.8922576904297,151.12763344062554,24408000.0
2016-11-30,150.71583557128906,150.71583557128906,149.48045986988507,149.48045986988507,39671000.0
2016-12-01,150.71583557128906,150.71583557128906,149.48045986988507,149.89225177035306,13908000.0
2016-12-02,146.597900390625,147.83327595571453,146.597900390625,147.4214841006847,53836000.0
2016-12-05,147.4215087890625,148.2450926370461,146.59792494107893,146.59792494107893,29191000.0
2016-12-06,149.8922576904297,150.7158415238936,148.65688194023383,149.0686738569658,27309000.0
2016-12-07,149.48046875,151.12763644972452,149.48046875,150.7158445247934,14110000.0
2016-12-08,152.77481079101562,152.77481079101562,150.71585107685098,151.53943496251685,27257000.0
2016-12-09,153.1865997314453,153.1865997314453,151.95122392715945,153.1865997314453,24867000.0
2016-12-12,152.36300659179688,154.01017423062711,151.53942277238176,153.186590411212,18796000.0
2016-12-13,153.1865997314453,153.59839166620725,151.95122392715945,153.59839166620725,23591000.0
2016-12-14,154.42196655273438,154.42196655273438,152.7747989095052,153.59838273111978,16571000.0
2016-12-15,154.0102081298828,154.4220001302301,151.9512481281464,152.36304012849368,22803000.0
2016-12-16,152.36300659179688,154.01017423062711,152.36300659179688,152.77479850150445,35985000.0
2016-12-19,150.3040771484375,151.9512451171875,150.3040771484375,151.539453125,20535000.0
2016-12-20,150.3040771484375,150.3040771484375,148.2451171875,149.068701171875,24139000.0
2016-12-21,148.24510192871094,149.89226972791883,148.24510192871094,149.06868582831487,29690000.0
2016-12-22,147.4215087890625,148.65688456103788,147.4215087890625,148.2450926370461,26269000.0
2016-12-23,147.00973510742188,148.24511103269433,147.00973510742188,147.42152708251268,22961000.0
2016-12-26,147.8332977294922,148.24508964517324,147.42150581381114,147.42150581381114,5675000.0
2016-12-27,148.24510192871094,148.6568938785129,147.83330997890894,148.24510192871094,8252000.0
2016-12-28,149.8922576904297,149.8922576904297,148.65688194023383,149.0686738569658,21226000.0
2016-12-29,148.24510192871094,149.48047777811686,148.24510192871094,148.24510192871094,30200000.0
2016-12-30,149.48046875,150.30405259986227,148.2450929752066,149.06867682506888,36610000.0
2017-01-03,150.71583557128906,151.12762747175705,149.06866796941705,149.48045986988507,22630000.0
2017-01-04,150.71583557128906,151.53941937222507,149.48045986988507,150.71583557128906,24369000.0
2017-01-05,151.12765502929688,151.12765502929688,149.4804871270702,149.89227910262687,20979000.0
2017-01-06,151.5394287109375,151.95122063678244,151.12763678509256,151.5394287109375,22443000.0
2017-01-09,151.5394287109375,152.36301256262738,150.71584485924762,151.5394287109375,18569000.0
2017-01-10,151.5394287109375,152.7748044884723,151.12763678509256,151.95122063678244,20198000.0
2017-01-11,149.8922576904297,152.3630091908214,149.48046577369774,152.3630091908214,29107000.0
2017-01-12,151.9512176513672,152.77480148687596,150.30404998034965,150.30404998034965,41130000.0
2017-01-13,149.48046875,150.30405259986227,148.65688490013775,148.65688490013775,52352000.0
2017-01-16,147.8332977294922,148.65688156085426,147.42150581381114,148.24508964517324,30756000.0
2017-01-17,149.0686798095703,149.0686798095703,147.8333040100435,148.6568878763947,13159000.0
2017-01-18,149.0686798095703,149.0686798095703,147.8333040100435,148.6568878763947,23693000.0
2017-01-19,148.65689086914062,149.0686828106064,147.8333069862091,147.8333069862091,24627000.0
2017-01-20,149.0686798095703,149.48047174274592,148.6568878763947,149.0686798095703,23429000.0
2017-01-23,152.36300659179688,152.36300659179688,150.3040470432591,150.3040470432591,36992000.0
2017-01-24,152.77481079101562,153.59839467668147,151.95122690534976,152.3630188481827,55022000.0
2017-02-02,151.9512176513672,155.24555299340224,151.5394257336128,154.83376107564786,94089000.0
2017-02-03,151.9512176513672,153.18659340463034,151.12763381585842,153.18659340463034,29518000.0
2017-02-06,151.9512176513672,152.77480148687596,151.5394257336128,151.9512176513672,24779000.0
2017-02-07,151.9512176513672,152.36300956912157,150.71584189810403,151.12763381585842,23616000.0
2017-02-08,151.12765502929688,151.9512389804102,150.7158630537402,151.12765502929688,29168000.0
2017-02-09,151.5394287109375,152.7748044884723,151.12763678509256,151.5394287109375,18967000.0
2017-02-10,152.77481079101562,152.77481079101562,151.53943496251685,151.95122690534976,34747000.0
2017-02-13,154.42196655273438,154.83375846354167,153.59838273111978,153.59838273111978,25124000.0
2017-02-14,154.42196655273438,156.48092610677082,154.42196655273438,155.65734228515626,45696000.0
2017-02-15,155.6573486328125,156.06914056041254,153.59838899481235,154.01018092241236,39347000.0
2017-02-16,155.6573486328125,156.8927244156126,154.83376477761243,156.48093248801257,27018000.0
2017-02-17,156.06915283203125,156.8927367519892,155.65736087205227,156.48094479201023,20389000.0
2017-02-20,156.48094177246094,156.89273372449372,156.06914982042815,156.48094177246094,13254000.0
2017-02-21,156.48094177246094,156.48094177246094,155.24556591636258,156.48094177246094,31159000.0
2017-02-22,155.2455596923828,157.30451937000063,155.2455596923828,156.89272743447708,25677000.0
2017-02-23,155.2455596923828,156.06914356342995,154.01018388581213,154.83376775685926,35725000.0
2017-02-24,155.6573486328125,156.8927244156126,154.4219728500124,154.4219728500124,22766000.0
2017-03-01,153.1865997314453,155.24555940525505,153.1865997314453,155.24555940525505,46186000.0
2017-03-02,153.1865997314453,155.24555940525505,152.3630158619214,154.83376747049311,39980000.0
2017-03-03,151.5394287109375,152.36301256262738,151.5394287109375,151.95122063678244,28197000.0
2017-03-06,151.12765502929688,151.9512389804102,151.12765502929688,151.53944700485354,12531000.0
2017-03-07,152.77481079101562,152.77481079101562,151.53943496251685,151.53943496251685,18812000.0
2017-03-08,154.0102081298828,154.83379213057736,152.77483212884098,153.18662412918826,31791000.0
2017-03-09,151.9512176513672,153.18659340463034,151.5394257336128,152.77480148687596,28489000.0
2017-03-10,151.12765502929688,151.9512389804102,150.7158630537402,151.53944700485354,20053000.0
2017-03-13,153.59841918945312,153.59841918945312,152.36304316380068,152.36304316380068,10487000.0
2017-03-14,153.1865997314453,154.83376747049311,153.1865997314453,154.83376747049311,22245000.0
2017-03-15,153.59841918945312,154.01021119800393,152.7748351723515,152.7748351723515,14131000.0
2017-03-16,156.48094177246094,156.48094177246094,154.83377396432977,154.83377396432977,31507000.0
2017-03-17,157.71632385253906,157.71632385253906,155.6573640111221,156.0691559794055,33764000.0
2017-03-20,157.71632385253906,157.71632385253906,156.0691559794055,157.71632385253906,16215000.0
2017-03-21,160.59886169433594,160.59886169433594,157.71631802289915,158.12810997596154,32246000.0
2017-03-22,159.36349487304688,159.36349487304688,157.71632696738232,158.5399109202146,27396000.0
2017-03-23,159.36349487304688,159.36349487304688,158.12811894379846,158.12811894379846,18472000.0
2017-03-24,158.53990173339844,158.9516936859527,158.12810978084414,158.12810978084414,17541000.0
2017-03-27,158.95169067382812,160.18706650808068,158.12810678432643,160.18706650808068,29251000.0
2017-03-28,160.1870574951172,160.59884941669847,158.53988980879208,160.59884941669847,38259000.0
2017-03-29,157.71632385253906,160.1870756622394,157.30453188425568,160.1870756622394,33374000.0
2017-03-30,157.71632385253906,158.95169975738924,156.89273991597227,158.53990778910585,28302000.0
2017-03-31,155.6573486328125,158.1281001984127,155.6573486328125,157.30451634321264,33635000.0
2017-04-05,158.95169067382812,158.95169067382812,156.06914706057216,156.06914706057216,43748000.0
2017-04-06,157.71632385253906,158.95169975738924,157.30453188425568,158.95169975738924,16173000.0
2017-04-07,157.3045196533203,158.12810352585078,155.24555997199414,158.12810352585078,18911000.0
2017-04-10,156.48094177246094,157.71631762855932,156.06914982042815,157.30452567652654,17024000.0
2017-04-11,157.3045196533203,157.3045196533203,155.65735190825936,156.48093578078985,8441000.0
2017-04-12,157.3045196533203,157.71631158958556,156.48093578078985,156.89272771705507,17283000.0
2017-04-13,157.71632385253906,158.12811582082247,156.0691559794055,156.0691559794055,14771000.0
2017-04-14,155.6573486328125,156.06914056041254,154.83376477761243,156.06914056041254,30701000.0
2017-04-17,154.42196655273438,155.65734228515626,154.42196655273438,155.65734228515626,17096000.0
2017-04-18,154.833740234375,156.0691158213514,154.42194837204954,154.833740234375,25063000.0
2017-04-19,153.59841918945312,154.42200320655473,153.59841918945312,154.42200320655473,30477000.0
2017-04-20,154.0102081298828,154.83379213057736,153.59841612953554,153.59841612953554,21488000.0
2017-04-21,156.48094177246094,156.48094177246094,154.42198201229698,154.42198201229698,17373000.0
2017-04-24,156.48094177246094,157.71631762855932,155.24556591636258,157.30452567652654,19317000.0
2017-04-25,158.1280975341797,158.1280975341797,156.06913793087006,156.8927217721939,31932000.0
2017-04-26,157.3045196533203,158.12810352585078,156.89272771705507,158.12810352585078,29909000.0
2017-04-27,158.95169067382812,158.95169067382812,156.89273095007388,158.12810678432643,27940000.0
2017-04-28,160.1870574951172,160.1870574951172,158.95168173037337,159.36347365195465,34852000.0
2017-05-02,161.83424377441406,163.89320361887226,161.0106598366308,163.4814116499806,44119000.0
2017-05-03,163.0696258544922,163.48141783897321,162.2460418855301,163.0696258544922,25723000.0
2017-05-04,163.0696258544922,163.89320982345427,162.2460418855301,163.48141783897321,22088000.0
2017-05-05,162.65780639648438,163.48139022633998,162.24601448155656,162.24601448155656,17036000.0
2017-05-08,166.7757568359375,166.7757568359375,163.893212890625,163.893212890625,36538000.0
2017-05-09,167.59933471679688,170.4818785571349,167.59933471679688,169.24650262556148,48077000.0
2017-05-10,169.24647521972656,169.65826713023685,168.01109948819573,168.01109948819573,28312000.0
2017-05-11,170.89366149902344,171.7172454098621,168.01111781108813,168.42290976650744,43718000.0
2017-05-12,169.65829467773438,170.48187863248066,168.8347107229881,168.8347107229881,25009000.0
2017-05-15,169.65829467773438,169.65829467773438,168.0111267682418,168.0111267682418,25666000.0
2017-05-16,168.42286682128906,168.83465867170787,167.59928312045147,168.83465867170787,33224000.0
2017-05-17,168.01112365722656,168.01112365722656,167.18753971773037,167.18753971773037,21567000.0
2017-05-18,167.59933471679688,168.01112669398802,165.9521668080323,166.7757507624146,22461000.0
2017-05-19,167.1875,168.42287561576356,166.77570812807883,167.5992918719212,16492000.0
2017-05-22,168.83468627929688,168.83468627929688,167.18751860827933,167.59931052603372,13726000.0
2017-05-23,168.83468627929688,170.48185395031442,168.4228943615425,168.83468627929688,19991000.0
2017-05-24,169.24647521972656,169.65826713023685,168.8346833092163,168.8346833092163,13380000.0
2017-05-25,170.4818572998047,170.4818572998047,169.24648152226987,169.6582734481148,22328000.0
2017-05-26,170.4818572998047,170.4818572998047,168.83468959642494,168.83468959642494,32514000.0
2017-05-31,167.1875,170.48183497536945,167.1875,170.07004310344828,67475000.0
2017-06-01,170.4818572998047,170.4818572998047,168.42289767058,168.83468959642494,27589000.0
2017-06-02,172.12904357910156,172.12904357910156,170.89366766824676,171.71725160881664,22573000.0
2017-06-05,174.59979248046875,174.59979248046875,172.12904070008477,172.5408326634821,21457000.0
2017-06-06,173.36439514160156,174.18797896650227,173.36439514160156,173.36439514160156,14912000.0
2017-06-07,174.18798828125,175.01157215019208,172.95261247783688,174.59978021572104,29514000.0
2017-06-08,175.42340087890625,175.42340087890625,174.18802481637874,174.59981683722125,18437000.0
2017-06-09,174.59979248046875,177.07054426085276,174.59979248046875,176.6587522974554,31774000.0
2017-06-12,170.89366149902344,172.9526212761201,170.48186954360412,170.48186954360412,58256000.0
2017-06-13,171.30543518066406,171.71722709215604,170.0700594461881,170.48185135768009,43566000.0
2017-06-14,170.4818572998047,172.54081692902938,169.6582734481148,171.7172330773395,36293000.0
2017-06-15,171.30543518066406,171.30543518066406,170.48185135768009,170.8936432691721,17748000.0
2017-06-16,174.18798828125,174.59978021572104,170.48186087101064,170.89365280548168,32816000.0
2017-06-19,175.42340087890625,175.42340087890625,173.36444077469375,173.77623279553623,15632000.0
2017-06-20,178.30592346191406,179.5412993750451,176.65875557773933,177.07054754878303,28630000.0
2017-06-21,177.48236083984375,178.71773690137397,176.6587767988236,177.8941528603538,44789000.0
2017-06-22,179.5413055419922,179.5413055419922,178.30592958642802,178.71772157161607,24139000.0
2017-06-23,178.71768188476562,179.95305756599674,178.71768188476562,179.54126567225305,39621000.0
2017-06-26,182.97286987304688,182.97286987304688,180.41976006086483,180.41976006086483,58686000.0
2017-06-27,179.9942626953125,182.1218544529403,179.56874434378693,182.1218544529403,43269000.0
2017-06-28,177.44113159179688,178.717686495335,177.0156132906175,178.2921681941556,48568000.0
2017-06-29,178.7176971435547,179.14321547008697,177.44114216395786,179.14321547008697,26019000.0
2017-06-30,177.44113159179688,177.44113159179688,175.7390583870794,175.7390583870794,30867000.0
2017-07-03,177.86666870117188,177.86666870117188,176.16459531647166,176.59011366264673,19027000.0
2017-07-04,176.16456604003906,177.44112086641616,176.16456604003906,177.01560259095712,21132000.0
2017-07-05,177.44113159179688,177.44113159179688,175.7390583870794,176.16457668825876,23276000.0
2017-07-06,176.59011840820312,177.44115512342339,176.164600050593,177.01563676581327,15242000.0
2017-07-07,175.31356811523438,176.59012322286958,174.88804974602263,176.16460485365783,20655000.0
2017-07-10,175.31356811523438,176.16460485365783,175.31356811523438,175.73908648444612,13292000.0
2017-07-11,180.41978454589844,180.41978454589844,176.59011930789586,177.01563766767393,33265000.0
2017-07-12,179.14321899414062,180.8452923337524,179.14321899414062,179.56873732904356,26426000.0
2017-07-13,182.54734802246094,183.8239029037369,179.99423825990903,180.41975655366767,50090000.0
2017-07-14,181.2708282470703,182.54738337557083,180.41979149473667,181.2708282470703,22335000.0
2017-07-17,181.2708282470703,183.39842012790447,179.99427311856982,182.97290175173765,21372000.0
2017-07-18,182.12184143066406,182.12184143066406,180.41976814626534,181.27080478846472,18613000.0
2017-07-19,182.54734802246094,182.97286631621958,180.84527484742634,180.84527484742634,20637000.0
2017-07-20,183.39842224121094,183.39842224121094,182.12186709800065,182.97290386014083,20770000.0
2017-07-21,182.12184143066406,182.97287807286344,181.6963231095644,182.12184143066406,15032000.0
2017-07-24,182.54734802246094,182.54734802246094,181.27079314118498,181.69631143494362,19972000.0
2017-07-25,182.12184143066406,182.54735975176376,181.6963231095644,182.12184143066406,13344000.0
2017-07-26,181.2708282470703,182.97290175173765,180.8453098709035,182.97290175173765,14684000.0
2017-07-27,183.39842224121094,183.82394062228104,181.69634871693057,181.69634871693057,23013000.0
2017-07-28,181.2708282470703,182.12186499940398,180.8453098709035,181.2708282470703,19724000.0
2017-07-31,182.54734802246094,182.54734802246094,179.99423825990903,179.99423825990903,19993000.0
2017-08-01,180.41978454589844,182.12185798501068,180.41978454589844,180.8453029056765,19704000.0
2017-08-02,183.8238983154297,183.8238983154297,182.1218251828794,182.1218251828794,27320000.0
2017-08-03,181.69630432128906,182.1218225983881,180.84526776709097,181.27078604419003,25694000.0
2017-08-04,181.2708282470703,182.12186499940398,180.8453098709035,181.69634662323716,21831000.0
2017-08-07,183.8238983154297,184.24941659856725,181.69630689974184,181.69630689974184,21564000.0
2017-08-08,185.1004638671875,186.37701879040947,183.8239089439655,185.1004638671875,25122000.0
2017-08-09,182.54734802246094,183.39838460997822,181.69631143494362,182.97286631621958,28050000.0
2017-08-10,182.12184143066406,183.3983963939631,180.845286467365,183.3983963939631,26273000.0
2017-08-11,180.84530639648438,181.69634313246783,179.14323292451746,179.56875129250918,41417000.0
2017-08-14,179.56871032714844,182.1218199526529,178.7176737853136,181.6963016817355,29299000.0
2017-08-15,182.12184143066406,182.54735975176376,181.27080478846472,181.27080478846472,13512000.0
2017-08-16,181.2708282470703,182.54738337557083,179.568754742403,182.54738337557083,25176000.0
2017-08-17,182.12184143066406,182.12184143066406,181.27080478846472,181.6963231095644,8334000.0
2017-08-18,180.84530639648438,181.2708247644761,179.56875129250918,180.41978802849263,13711000.0
2017-08-21,179.9942626953125,181.27081774988918,179.9942626953125,180.8452993983636,11882499.0
2017-08-22,182.54734802246094,182.54734802246094,181.27079314118498,181.69631143494362,14211415.0
2017-08-23,183.39842224121094,183.82394062228104,182.12186709800065,183.39842224121094,11589917.0
2017-08-24,184.67494201660156,184.67494201660156,183.39838711786928,183.8239054174467,15224842.0
2017-08-25,185.1004638671875,185.1004638671875,183.8239089439655,185.1004638671875,10125387.0
2017-08-28,183.8238983154297,184.24941659856725,182.97286174915456,182.97286174915456,15236159.0
2017-08-29,183.8238983154297,183.8238983154297,182.97286174915456,183.8238983154297,16160161.0
2017-08-30,185.1004638671875,185.52598217492815,183.8239089439655,183.8239089439655,19674310.0
2017-08-31,184.2494354248047,185.52599040465321,183.39839877157235,185.10047207803706,26434202.0
2017-09-01,184.2494354248047,185.10047207803706,182.97288044495616,182.97288044495616,17805405.0
2017-09-04,185.1004638671875,185.52598217492815,183.39839063622486,184.24942725170618,15023185.0
2017-09-05,185.52603149414062,185.52603149414062,184.24947623156626,185.52603149414062,17357347.0
2017-09-06,184.67494201660156,185.5259786157564,183.8239054174467,184.24942371702414,16012662.0
2017-09-07,184.67494201660156,185.95149691533382,183.8239054174467,185.5259786157564,19135540.0
2017-09-08,185.52603149414062,185.52603149414062,184.24947623156626,184.67499465242437,25512045.0
2017-09-11,184.67494201660156,186.80253351448866,184.24942371702414,186.37701521491124,19026886.0
2017-09-12,186.37701416015625,186.80253245732555,185.10045926864834,186.37701416015625,21588321.0
2017-09-13,185.52603149414062,186.37706833585688,185.1005130732825,185.1005130732825,17555541.0
2017-09-14,185.95152282714844,186.37704118602065,185.10048610940407,185.95152282714844,18315567.0
2017-09-15,185.95152282714844,186.37704118602065,184.67496775053186,185.95152282714844,44551103.0
2017-09-18,186.8025665283203,187.2280849031001,185.52601140398102,186.37704815354056,17654705.0
2017-09-19,188.504638671875,188.504638671875,187.22808355671557,188.504638671875,23410233.0
2017-09-20,188.504638671875,188.9301570435948,187.22808355671557,188.07912030015518,20320237.0
2017-09-21,188.07907104492188,189.7811440860524,187.22803452435662,188.07907104492188,18645565.0
2017-09-22,185.95152282714844,188.9301513392538,185.95152282714844,188.50463298038161,21557370.0
2017-09-25,184.67494201660156,185.95149691533382,184.67494201660156,185.10046031617898,16876286.0
2017-09-26,182.12184143066406,185.52598799946153,182.12184143066406,185.10046967836183,23070901.0
2017-09-27,182.97286987304688,185.1004613831986,182.97286987304688,185.1004613831986,22590510.0
2017-09-28,182.12184143066406,183.8239147150628,181.6963231095644,182.97287807286344,31616062.0
2017-09-29,184.2494354248047,185.10047207803706,183.39839877157235,183.8239170981885,21380708.0
2017-10-02,187.65357971191406,187.65357971191406,185.95150642654522,186.80254306922964,27983551.0
2017-10-03,189.35565185546875,189.7811701742451,186.37702362403442,186.37702362403442,36679938.0
2017-10-05,191.0577392578125,191.90877595829272,188.93014750661192,188.93014750661192,23349939.0
2017-10-06,191.0577392578125,191.90877595829272,190.20670255733225,191.4832576080526,15642516.0
2017-10-11,198.2915496826172,198.7170680295756,192.7598111721579,192.7598111721579,63667562.0
2017-10-12,202.1212158203125,202.1212158203125,199.5681057257401,199.9936240748355,42390186.0
2017-10-13,202.1212158203125,202.1212158203125,199.5681057257401,202.1212158203125,23145071.0
2017-10-16,202.54672241210938,202.54672241210938,200.84464911452864,202.1212040877142,19964072.0
2017-10-17,200.41912841796875,202.54672001476246,199.99361009861,202.54672001476246,17652304.0
2017-10-18,202.1212158203125,203.82328921669406,201.6956974712171,203.82328921669406,28886850.0
2017-10-19,203.3977813720703,205.5253732274267,203.3977813720703,203.8232997431416,23481776.0
2017-10-20,202.1212158203125,203.82328921669406,202.1212158203125,202.54673416940787,24722035.0
2017-10-23,203.3977813720703,204.24881811421287,202.97226300099905,203.3977813720703,15772559.0
2017-10-24,202.54672241210938,204.24879570969014,202.54672241210938,204.24879570969014,14975093.0
2017-10-25,202.54672241210938,203.39775906089974,202.1212040877142,202.97224073650457,16880187.0
2017-10-26,200.8446502685547,202.5467235759153,200.8446502685547,201.69568692223498,12959717.0
2017-10-27,203.3977813720703,204.24881811421287,202.1212262588565,202.1212262588565,17773541.0
2017-10-30,206.80194091796875,208.50401450577095,205.52538572711708,205.95090412406765,27784990.0
2017-10-31,206.80194091796875,208.50401450577095,205.52538572711708,207.22745931491932,22582013.0
2017-11-01,206.37635803222656,208.50394935214644,205.5253215042586,207.2273945601945,20389054.0
2017-11-02,205.0998077392578,206.3763625592117,204.67428946593986,205.95084428589374,15810342.0
2017-11-03,203.3977813720703,205.09985485635542,202.97226300099905,204.67433648528416,16528682.0
2017-11-06,203.8232879638672,207.6529530821862,203.3977696173873,207.2274347357063,21029415.0
2017-11-07,207.6529541015625,207.6529541015625,205.52536235871864,205.9508807072874,20200261.0
2017-11-08,206.37635803222656,207.2273945601945,205.9508397682426,206.80187629621054,14129103.0
2017-11-09,205.0998077392578,206.80188083252966,204.2487711926219,204.67428946593986,20313949.0
2017-11-10,204.67433166503906,205.950886748189,203.8232949429391,204.2488133039891,14121296.0
2017-11-13,203.8232879638672,205.52536134978675,203.8232879638672,204.24880631034708,12087858.0
2017-11-14,204.24876403808594,205.0998005549113,203.39772752126058,205.0998005549113,16880176.0
2017-11-15,202.1212158203125,203.82328921669406,200.8446607730263,203.39777086759867,28720308.0
2017-11-16,202.54672241210938,204.24879570969014,202.1212040877142,202.54672241210938,16487172.0
2017-11-17,205.52536010742188,206.3763967952373,204.67432341960648,204.67432341960648,18676825.0
2017-11-20,202.9722137451172,205.525323351974,202.5466954773077,205.09980508416453,16265271.0
2017-11-21,206.80194091796875,206.80194091796875,203.82331213931488,204.24883053626544,20513024.0
2017-11-22,205.95086669921875,208.07845829735118,205.95086669921875,208.07845829735118,26626431.0
2017-11-23,206.37635803222656,207.2273945601945,205.5253215042586,205.9508397682426,9346763.0
2017-11-24,207.6529541015625,208.07847245013127,205.52536235871864,205.9508807072874,11154453.0
2017-11-27,201.69569396972656,204.24880401997626,201.69569396972656,204.24880401997626,32247324.0
2017-11-28,199.142578125,199.99361478365384,198.29154146634616,199.56809645432693,44803178.0
2017-11-29,199.56809997558594,200.84465498609077,199.56809997558594,199.9936183124209,25762797.0
2017-11-30,192.33428955078125,196.16395460820831,192.33428955078125,192.75980789049535,109231770.0
2017-12-01,196.58946228027344,198.7170538633933,193.61083406390566,194.4618706971536,37446265.0
2017-12-04,199.142578125,199.56809645432693,196.58946814903845,197.86602313701923,21635032.0
2017-12-05,195.3129119873047,196.58946696761387,194.46187533376525,196.58946696761387,29664765.0
2017-12-06,193.18531799316406,195.3129096010183,192.7597996715932,194.03635463630576,32371690.0
2017-12-07,192.75979614257812,192.75979614257812,189.35564963233392,192.75979614257812,41343903.0
2017-12-08,193.18531799316406,196.58946456573082,191.05772638530985,196.58946456573082,37959260.0
2017-12-11,193.61087036132812,194.8874255505237,193.1853519649296,194.46190715412516,20649609.0
2017-12-12,193.61087036132812,195.31294394692222,191.4832783793355,195.31294394692222,21796584.0
2017-12-13,193.18531799316406,194.03635463630576,192.7597996715932,193.6108363147349,17920331.0
2017-12-14,196.16397094726562,196.16397094726562,193.61086069632506,194.03637907148183,17193313.0
2017-12-15,195.73846435546875,195.73846435546875,192.75983555005945,194.4619091531505,42625779.0
2017-12-18,193.18531799316406,194.03635463630576,192.7597996715932,193.18531799316406,14564664.0
2017-12-19,191.48324584960938,194.46187411838108,190.6322092013889,192.7598008219401,25714129.0
2017-12-20,191.0577392578125,191.90877595829272,190.20670255733225,191.4832576080526,26289333.0
2017-12-21,191.48324584960938,193.18531914605035,191.05772752549913,192.7598008219401,18558164.0
2017-12-22,193.61087036132812,193.61087036132812,190.63224158653847,191.4832783793355,19036483.0
2017-12-25,194.46188354492188,195.31292023439636,192.75981016597288,194.03636520018463,4579675.0
2017-12-26,192.33428955078125,194.88739958906595,191.48325287135302,194.88739958906595,13755843.0
2017-12-27,191.48324584960938,192.33428249782986,191.48324584960938,191.48324584960938,12515245.0
2017-12-28,192.33428955078125,194.03636290963772,191.48325287135302,192.75980789049535,24304371.0
2017-12-29,195.3129119873047,195.73843031407444,192.75980202668634,193.61083868022578,25007443.0
2018-01-02,197.86602783203125,197.86602783203125,196.5894728137601,197.01499115318381,18055269.0
2018-01-03,201.69569396972656,202.54673065314313,200.4191389446017,200.84465728631,29308091.0
2018-01-04,203.8232879638672,204.24880631034708,201.27017788498785,204.24880631034708,29096613.0
2018-01-05,204.24876403808594,204.24876403808594,202.54669100443522,204.24876403808594,22438255.0
2018-01-08,205.95086669921875,206.37638501884524,204.67431174033928,205.95086669921875,20233692.0
2018-01-09,205.95086669921875,205.95086669921875,203.82327510108632,205.95086669921875,19043123.0
2018-01-10,201.2701873779297,205.95088940997456,200.84466901138015,205.52537104342503,23631220.0
2018-01-11,199.99362182617188,200.84465851479388,197.86603010461687,199.99362182617188,30446338.0
2018-01-12,201.69569396972656,202.54673065314313,198.71706557776858,199.56810226118515,21513291.0
2018-01-15,204.24876403808594,204.24876403808594,202.54669100443522,204.24876403808594,27476533.0
2018-01-16,204.67433166503906,204.67433166503906,202.54673985978917,204.2488133039891,21691632.0
2018-01-17,205.95086669921875,206.8019033384717,203.39775678145983,204.67431174033928,38046119.0
2018-01-18,211.4825897216797,212.75914458921497,208.50396169743067,208.50396169743067,49896952.0
2018-01-19,217.43988037109375,217.43988037109375,214.03573351596899,215.73780694353138,50549292.0
2018-01-22,222.5460968017578,222.97161515128317,218.71643165602967,219.14195000555503,43400509.0
2018-01-23,226.3757781982422,226.3757781982422,223.397149537739,223.397149537739,33527444.0
2018-01-24,219.56744384765625,223.82262686795966,218.29088894156524,223.82262686795966,41874813.0
2018-01-25,219.56744384765625,224.67366347202037,218.29088894156524,219.56744384765625,44643756.0
2018-01-26,217.0143585205078,219.14195027070886,215.73780347038718,218.29091357062845,39555523.0
2018-01-29,219.99302673339844,222.54613729510132,217.01439774474508,220.4185451603489,30071234.0
2018-01-30,215.312255859375,219.14192048928484,214.88673756716278,217.86536561264822,36860591.0
2018-01-31,217.0143585205078,219.14195027070886,214.46124842026654,215.31228512034696,44136808.0
2018-02-01,220.84402465820312,222.1205797140309,218.71643289849018,219.14195125043278,30559457.0
2018-02-02,220.84402465820312,221.26954301014572,217.01435949071984,220.41850630626053,25707560.0
2018-02-05,215.312255859375,216.5888107360116,213.18466439831397,213.6101826905262,45594379.0
2018-02-06,203.3977813720703,207.22744671171182,199.14259766135754,206.37640996956927,102409048.0
2018-02-07,204.24876403808594,208.9294648806254,203.82324577967327,208.50394662221274,80063178.0
2018-02-08,202.9722137451172,205.9508416197835,202.5466954773077,203.82325028073612,30989550.0
2018-02-09,197.86602783203125,198.29154617145497,194.46188111664148,195.73843613491263,65735265.0
2018-02-12,201.2701873779297,202.12122411102877,199.9936322782811,200.41915064483064,35635236.0
2018-02-21,206.37635803222656,208.07843108816246,205.9508397682426,208.07843108816246,71504174.0
2018-02-22,203.8232879638672,207.6529530821862,203.3977696173873,207.6529530821862,39239993.0
2018-02-23,208.50396728515625,208.50396728515625,205.09982088050063,205.09982088050063,26985776.0
2018-02-26,209.7805633544922,210.63160012266457,208.5040082022336,210.20608173857838,35901810.0
2018-02-27,209.35501098632812,213.18467582144388,209.35501098632812,213.18467582144388,40818119.0
2018-03-01,206.80194091796875,208.50401450577095,205.95090412406765,207.65297771186985,39719984.0
2018-03-02,204.24876403808594,205.0998005549113,202.9722092628479,204.24876403808594,35139170.0
2018-03-05,205.52536010742188,206.801915139145,204.67432341960648,206.3763967952373,27337846.0
2018-03-06,212.75914001464844,212.75914001464844,208.92947549438477,208.92947549438477,34890780.0
2018-03-07,210.2060546875,211.48260967548077,209.35501802884616,211.05709134615384,30391219.0
2018-03-08,212.3336639404297,214.03573739887,211.90814557581962,212.3336639404297,20645694.0
2018-03-09,213.1846923828125,213.610210730882,211.48261899053455,212.759174034743,19831063.0
2018-03-12,216.163330078125,217.01436681071604,214.03573824664738,214.46125661294292,24492615.0
2018-03-13,220.4185028076172,220.4185028076172,217.01435604610958,217.43987439129805,33756883.0
2018-03-14,218.7164306640625,219.14194901165794,217.43987562127614,218.29091231646703,23772838.0
2018-03-15,217.0143585205078,219.56746862074908,217.0143585205078,219.56746862074908,19396493.0
2018-03-16,217.0143585205078,217.86539522058823,212.33365667006547,215.31228512034696,62929326.0
2018-03-19,217.0143585205078,217.439876870548,213.6102117201861,214.88676677030674,21440766.0
2018-03-20,215.312255859375,216.1632924437994,214.03570098273838,215.312255859375,21840151.0
2018-03-21,214.88677978515625,217.0143716642172,213.61022465771967,217.0143716642172,28976737.0
2018-03-22,214.03573608398438,216.58884625596033,212.3336626360004,216.58884625596033,27000668.0
2018-03-23,208.50396728515625,210.20604048748405,207.65293068399234,208.50396728515625,52498390.0
2018-03-26,207.22743225097656,208.0784689337321,205.52535888546547,205.52535888546547,36987945.0
2018-03-27,213.6102294921875,213.6102294921875,210.20608240864667,211.05711917953187,31008260.0
2018-03-28,208.50396728515625,211.05707708864796,207.65293068399234,210.631558788066,29637411.0
2018-03-29,207.6529541015625,210.20606419297516,206.37639905585618,206.80191740442496,36165345.0
2018-03-30,209.35501098632812,212.33363919141814,209.35501098632812,210.6315659313667,16996346.0
2018-04-02,209.7805633544922,211.90815527492313,208.5040082022336,211.48263689083694,17696003.0
2018-04-03,207.6529541015625,208.07847245013127,205.9508807072874,206.80191740442496,35813944.0
2018-04-09,208.50396728515625,211.05707708864796,207.22741238341038,211.05707708864796,34694824.0
2018-04-10,208.92950439453125,211.90813276675473,207.227431038975,208.07846771675312,25156994.0
2018-04-11,211.05709838867188,211.4826167321974,209.78054335809523,209.78054335809523,21607935.0
2018-04-12,208.50396728515625,211.48259538922989,207.65293068399234,211.48259538922989,20409657.0
2018-04-13,208.0784912109375,209.3550463717408,207.65297282400306,209.3550463717408,19742548.0
2018-04-16,207.22743225097656,207.65295059235433,205.95087722684323,206.8019139095988,18350139.0
2018-04-17,202.54672241210938,207.22742398045645,202.1212040877142,206.80190565606125,42756389.0
2018-04-18,202.54672241210938,205.52535068287568,201.2701674389238,203.82327738529494,42500048.0
2018-04-19,208.0784912109375,208.0784912109375,205.09986250239646,205.95089927626532,31901989.0
2018-04-20,194.88739013671875,197.01498173209777,194.03635349856714,194.03635349856714,128452087.0
2018-04-23,192.75979614257812,193.61083277013918,191.48324120123655,192.75979614257812,71009975.0
2018-04-24,193.18531799316406,193.6108363147349,191.48324470688067,191.48324470688067,40967892.0
2018-04-25,191.48324584960938,192.33428249782986,190.6322092013889,191.90876417371962,46771110.0
2018-04-26,188.9301300048828,191.90875818063546,188.07909338323918,191.48323986981367,48023557.0
2018-04-27,190.2067108154297,191.9087842902881,188.07911897185664,191.48326592157352,34174459.0
2018-04-30,193.18531799316406,194.03635463630576,189.35565309902645,191.05772638530985,28500789.0
2018-05-02,189.7811737060547,193.6108386463114,189.35565537935952,193.1853203196162,38167942.0
2018-05-03,187.65357971191406,189.3556529972829,187.22806139057184,188.07909803325626,31690731.0
2018-05-04,189.7811737060547,190.63221035944508,187.65358207257876,188.07910039927393,27208722.0
2018-05-07,190.2067108154297,191.9087842902881,188.50463734057126,191.48326592157352,23268759.0
2018-05-08,194.0363311767578,194.4618494468823,190.2066667456376,190.63218501576208,40324763.0
2018-05-09,195.3129119873047,197.44050362115334,194.46187533376525,194.46187533376525,33778934.0
2018-05-10,195.3129119873047,197.0149852943836,194.88739366053497,196.58946696761387,27530377.0
2018-05-11,198.2915496826172,199.14258637653398,196.16395794782514,197.44051298870036,30693910.0
2018-05-14,198.2915496826172,199.56810472349238,197.86603133565876,199.56810472349238,19921437.0
2018-05-15,196.16397094726562,199.14259957336293,195.3129341969521,198.71708119820616,23771769.0
2018-05-16,196.16397094726562,196.16397094726562,194.46189744663857,195.3129341969521,14409556.0
2018-05-17,192.75979614257812,197.0149792803834,192.75979614257812,196.58946096660287,26852737.0
2018-05-18,190.2067108154297,193.61085776514653,190.2067108154297,191.9087842902881,27664541.0
2018-05-21,194.88739013671875,195.73842677487036,191.4832435841123,191.4832435841123,16127815.0
2018-05-22,194.88739013671875,198.717055008401,194.88739013671875,195.73842677487036,22355097.0
2018-05-23,194.46188354492188,197.01499361334535,194.46188354492188,197.01499361334535,23062899.0
2018-05-24,194.88739013671875,195.73842677487036,194.46187181764293,195.31290845579454,12996610.0
2018-05-25,194.46188354492188,195.31292023439636,194.03636520018463,194.46188354492188,15971294.0
2018-05-28,193.18531799316406,195.73842792258915,192.7597996715932,195.3129096010183,16373270.0
2018-05-29,191.48324584960938,192.7598008219401,190.20669087727865,192.7598008219401,23764776.0
2018-05-30,188.07907104492188,190.63218060661765,187.65355278463926,190.63218060661765,49163788.0
2018-05-31,190.6322021484375,190.6322021484375,187.65357398986816,188.50461060660228,96069458.0
2018-06-01,190.6322021484375,192.75979369027274,190.6322021484375,191.05772045680456,27617994.0
2018-06-04,194.88739013671875,194.88739013671875,193.18531686041553,193.61083517949132,25959480.0
2018-06-05,194.88739013671875,195.73842677487036,192.7597985413397,195.73842677487036,26534884.0
2018-06-06,195.73846435546875,195.73846435546875,193.1853539508322,194.88742755392323,24767441.0
2018-06-07,195.73846435546875,197.015019557787,194.0363907523777,196.58950115701427,24958266.0
2018-06-08,193.18531799316406,194.88739127944746,192.33428135002237,194.88739127944746,23548851.0
2018-06-11,192.33428955078125,193.18532623020948,191.48325287135302,192.75980789049535,21696933.0
2018-06-12,194.88739013671875,194.88739013671875,190.6322069459607,191.4832435841123,29501260.0
2018-06-13,197.4405059814453,197.4405059814453,194.03635932659282,194.88739599030595,28944970.0
2018-06-14,192.75979614257812,195.7384243390418,192.75979614257812,195.7384243390418,33408041.0
2018-06-15,196.58946228027344,196.58946228027344,190.63220584753788,191.48324248078583,48059679.0
2018-06-19,191.48324584960938,192.33428249782986,190.6322092013889,191.90876417371962,56889624.0
2018-06-20,192.33428955078125,193.6108445699236,190.20669785221065,191.05773453163889,40708701.0
2018-06-21,192.75979614257812,194.0363510839197,192.3342778287976,193.61083277013918,31242557.0
2018-06-22,193.61087036132812,193.61087036132812,190.63224158653847,191.05775998293697,43581409.0
2018-06-25,192.2877960205078,194.49293129597237,192.2877960205078,194.05190424087945,45025211.0
2018-06-26,189.20059204101562,190.52367310423952,187.4364839567171,190.0826460831649,38446346.0
2018-06-27,187.8774871826172,190.52364897392167,187.43646021739977,190.52364897392167,39888414.0
2018-06-28,186.9954376220703,189.20057249968906,185.23132971997532,186.11338367102283,37940780.0
2018-06-29,190.96466064453125,191.40568757442622,186.9954182754763,186.9954182754763,34313680.0
2018-07-02,188.759521484375,193.16979067793517,188.759521484375,192.72876375857913,32449442.0
2018-07-03,189.20059204101562,192.28778118853802,188.31853799886636,190.0826460831649,28323220.0
2018-07-04,190.52365112304688,191.8467320336236,190.08262415285463,191.40570506343136,15212295.0
2018-07-05,189.20059204101562,189.64161906209026,187.87751097779173,188.759565019941,18225416.0
2018-07-06,191.4057159423828,191.84674293764175,189.64160796134703,191.84674293764175,29033762.0
2018-07-09,195.37498474121094,196.6980659019866,192.72882241965954,193.61087652684333,38734793.0
2018-07-10,195.81597900390625,197.58008692286037,195.81597900390625,196.69803296338333,20118957.0
2018-07-11,194.05184936523438,194.05184936523438,192.28774164373223,194.05184936523438,19854690.0
2018-07-12,194.4928741455078,195.81595492200788,192.28773951800773,192.28773951800773,23666051.0
2018-07-13,198.0211181640625,198.0211181640625,196.25701020714436,196.25701020714436,29716311.0
2018-07-16,197.13905334472656,198.46213423965762,197.13905334472656,198.02110727468062,15819254.0
2018-07-17,195.37498474121094,197.13909295557852,194.93395768761903,196.25703884839473,21548436.0
2018-07-18,196.6980438232422,197.58009783141816,195.81598981506622,196.6980438232422,39898658.0
2018-07-19,198.0211181640625,200.2262531102102,198.0211181640625,198.90317214252158,39661216.0
2018-07-20,209.48779296875,209.48779296875,205.51855057565788,207.28265830592105,97969023.0
2018-07-23,212.57496643066406,216.1031816411315,210.36983192412188,210.81085882543033,52256877.0
2018-07-24,212.57496643066406,213.01599333197248,210.36983192412188,211.6929126280472,27239267.0
2018-07-25,212.1339569091797,212.57498384662082,210.81087609685633,210.81087609685633,20962512.0
2018-07-26,212.57496643066406,213.89804713458935,211.25188572673875,212.57496643066406,30606388.0
2018-07-27,215.66220092773438,215.66220092773438,212.57501195739871,213.45706594892317,27129646.0
2018-07-30,216.54425048828125,216.54425048828125,215.22116952806772,215.66219651480557,22788730.0
2018-07-31,216.98529052734375,216.98529052734375,213.4570744212081,214.78015546100897,27059442.0
2018-08-01,218.74937438964844,218.74937438964844,217.42629349616266,217.86732046065794,29136161.0
2018-08-02,215.66220092773438,220.07247088535675,214.7801469362099,219.63144388959452,22402110.0
2018-08-03,217.86732482910156,218.7493787757781,216.10321693574852,216.98527088242506,24719097.0
2018-08-06,216.54425048828125,217.86733144849478,215.22116952806772,216.1032235015434,22364568.0
2018-08-07,213.0160369873047,216.5442529208418,213.0160369873047,216.1032259291497,23992418.0
2018-08-08,218.308349609375,218.308349609375,215.66218779592802,216.10321476483585,24382432.0
2018-08-09,217.86732482910156,218.7493787757781,216.98527088242506,217.86732482910156,15128655.0
2018-08-10,216.1032257080078,217.86733367297114,215.662198716767,217.42630668173032,15890492.0
2018-08-13,212.1339569091797,214.33909159638532,210.81087609685633,213.01601078406193,17881194.0
2018-08-14,214.7801513671875,216.10323238176977,213.89809735746599,216.10323238176977,17358913.0
2018-08-15,213.0160369873047,215.66219893745753,211.25192902053612,215.66219893745753,18473321.0
2018-08-16,210.81088256835938,213.01601732325855,209.92882866639974,209.92882866639974,19155966.0
2018-08-17,211.2519073486328,212.57498818797708,210.81088040218472,211.2519073486328,18324474.0
2018-08-20,211.2519073486328,211.6929342950809,209.92882650928857,211.2519073486328,16933437.0
2018-08-21,212.57496643066406,212.57496643066406,210.36983192412188,210.81085882543033,12014127.0
2018-08-22,213.45704650878906,213.89807346438573,212.13396564199903,213.0160195531924,12614240.0
2018-08-23,215.66220092773438,215.66220092773438,214.33911994044766,214.33911994044766,14839240.0
2018-08-24,214.7801513671875,216.9852863914913,214.33912436232674,216.54425938663053,14355943.0
2018-08-27,216.1032257080078,217.42630668173032,215.662198716767,216.98527969048948,15152299.0
2018-08-28,220.07247924804688,220.51350626056802,218.74939821048346,219.1904252230046,36792531.0
2018-08-29,228.45199584960938,228.45199584960938,223.6006986404478,223.6006986404478,56993182.0
2018-08-30,232.4212188720703,236.39046169910756,231.53916491050649,233.30327283363414,48957808.0
2018-08-31,225.80580139160156,228.4519631266594,224.04169356822968,227.12888225913048,69069506.0
2018-09-03,226.68789672851562,229.3340589471364,226.2468696920788,228.45200487426283,26720905.0
2018-09-04,227.12890625,228.89301425970874,225.36479824029126,228.01096025485435,34304615.0
2018-09-05,232.8622589111328,233.3032859166463,228.4519888559977,229.33404286702472,44864459.0
2018-09-06,230.21604919433594,236.39042599265147,230.21604919433594,236.39042599265147,35698488.0
2018-09-07,232.8622589111328,232.8622589111328,229.77506987253824,231.98020490010578,38663728.0
2018-09-10,233.3032989501953,235.0674070708017,231.53919082958893,235.0674070708017,41659795.0
2018-09-11,229.33401489257812,232.4212035545936,227.56990708571215,231.98017660287712,34350276.0
2018-09-12,229.77505493164062,231.09813586214912,227.56992004745982,230.21608190847678,37885965.0
2018-09-13,224.9237518310547,229.33402147480086,223.60067093793083,229.33402147480086,37576180.0
2018-09-14,230.21604919433594,230.65707610850134,226.68783388101278,226.68783388101278,37903219.0
2018-09-17,227.56993103027344,231.5391740133596,226.68787703403208,231.5391740133596,24765758.0
2018-09-18,224.4827117919922,226.68784648543024,224.0416848533046,226.2468195467426,33960152.0
2018-09-19,227.56993103027344,229.33403902275617,226.68787703403208,227.56993103027344,59227711.0
2018-09-20,229.33401489257812,230.65709574772762,227.12888013399566,230.65709574772762,29649071.0
2018-09-21,230.65711975097656,230.65711975097656,227.56993076769388,230.65711975097656,35012974.0
2018-09-25,232.4212188720703,232.86224585285223,229.7750569873788,230.65711094894263,24397062.0
2018-09-26,232.4212188720703,232.4212188720703,230.21608396816072,231.9801918912884,24859115.0
2018-09-27,233.7443084716797,234.62636246591245,231.09814648898143,232.86225447744692,38495371.0
2018-09-28,231.5391845703125,234.62637369791668,229.33404947916668,234.62637369791668,39626486.0
2018-10-01,231.98019409179688,232.86224806172766,230.2160861519353,231.09814012186607,22254380.0
2018-10-02,227.12890625,231.98020327669903,226.68787924757282,231.09814927184465,38391491.0
2018-10-03,229.33401489257812,229.33401489257812,226.68785318227916,227.12888013399566,25228536.0
2018-10-04,224.04171752929688,227.12890655036986,224.04171752929688,226.68787954735944,36408727.0
2018-10-05,220.5134735107422,223.1596351928711,219.19039266967772,220.5134735107422,40204660.0
2018-10-08,214.7801513671875,217.42631339635204,212.57501634288374,216.54425938663053,50876958.0
2018-10-09,215.2211456298828,216.10319950541512,213.4570378788182,214.78011869211667,28905345.0
2018-10-11,200.66729736328125,205.95962168934582,200.22627033610922,205.95962168934582,94589657.0
2018-10-12,209.04678344726562,209.04678344726562,201.99035193849718,203.75445981568927,47175769.0
2018-10-15,203.31344604492188,206.4006350304196,203.31344604492188,206.4006350304196,42168280.0
2018-10-16,209.04678344726562,209.04678344726562,201.99035193849718,202.4313789077952,37818077.0
2018-10-17,210.369873046875,214.33911593455187,209.92884605935535,213.01603497199292,42494858.0
2018-10-18,208.60577392578125,210.81090895670917,207.7237199134101,209.928854944338,25676430.0
2018-10-19,208.1647186279297,208.6057455741753,202.87239527298232,203.75444916547355,28358460.0
2018-10-22,209.04678344726562,209.9288373858617,204.1954867849873,205.07754072358338,29275777.0
2018-10-23,202.8724365234375,206.40065281080163,202.8724365234375,204.63654466711955,32827745.0
2018-10-24,202.43138122558594,203.754462148629,200.22624635384753,202.87240819993363,44321950.0
2018-10-25,193.61085510253906,195.81599012648599,193.61085510253906,194.49290911211784,75524118.0
2018-10-26,194.9339141845703,197.58007591558257,191.4056985432206,196.69802200524515,38439644.0
2018-10-29,196.25697326660156,197.58005398525282,194.93389254795034,196.69800017281867,18463792.0
2018-10-30,196.6980438232422,198.46215183959413,194.49290880280225,194.93393580689022,28877931.0
2018-10-31,206.400634765625,206.400634765625,201.10831079727566,201.10831079727566,57283201.0
2018-11-01,207.72366333007812,209.0467439882315,205.5185288998225,208.16469021612926,41974797.0
2018-11-02,208.60577392578125,208.60577392578125,205.95961188866775,208.60577392578125,30722361.0
2018-11-05,207.28268432617188,207.7237113140999,204.63652239860372,205.51857637445977,25452065.0
2018-11-06,206.84165954589844,207.7237135311688,205.07755157535775,206.40063255326328,30468176.0
2018-11-07,206.400634765625,208.1647427550748,205.07755377353766,205.51858077090012,34424652.0
2018-11-08,208.60577392578125,209.48782793815244,208.16474691959567,209.48782793815244,24739146.0
2018-11-09,203.75445556640625,206.84164428710938,203.75445556640625,206.84164428710938,23219081.0
2018-11-12,204.19552612304688,206.8416884486155,202.87244496026256,202.87244496026256,23228445.0
2018-11-13,200.66729736328125,201.1083243904533,198.02113520024898,198.02113520024898,36104127.0
2018-11-14,201.54930114746094,203.75443573331938,201.54930114746094,202.87238189897602,20028279.0
2018-11-15,203.75445556640625,204.63650948660717,201.54932076590404,202.43137468610493,22072228.0
2018-11-16,199.3441925048828,201.99035435229274,198.46213855574615,201.99035435229274,46738909.0
2018-11-19,195.81597900390625,198.46214088233742,194.9339250444292,198.46214088233742,48944754.0
2018-11-20,192.2877960205078,194.49293129597237,192.2877960205078,193.16985013069365,41569756.0
2018-11-21,193.16983032226562,194.051884342002,188.75956022358378,189.20058723345196,35206343.0
2018-11-22,193.16983032226562,195.81599238147476,193.16983032226562,195.37496537160658,21929610.0
2018-11-23,192.72879028320312,194.4928982034155,191.40570934304384,194.4928982034155,14883334.0
2018-11-26,196.6980438232422,197.58009783141816,192.7288007864503,193.16982779053828,30599804.0
2018-11-27,197.58009338378906,198.0211203779493,193.1698234421866,194.05187743050712,26584349.0
2018-11-28,199.7852325439453,200.22625954735358,195.8159895132709,196.25701651667916,24429026.0
2018-11-29,201.9903564453125,204.1954913410037,201.9903564453125,204.1954913410037,44383207.0
2018-11-30,198.90318298339844,203.754480129335,198.90318298339844,202.43139908953412,55827957.0
2018-12-03,207.28268432617188,207.28268432617188,203.75446842274766,203.75446842274766,45333986.0
2018-12-04,206.400634765625,206.84166176298746,203.75447278145032,205.51858077090012,39746162.0
2018-12-05,199.3441925048828,200.66727342858778,198.46213855574615,199.78521947945114,42835576.0
2018-12-06,194.05184936523438,195.8159570867365,193.61082243485882,194.05184936523438,40149112.0
2018-12-07,194.9339141845703,197.13904896041387,194.4928872294016,196.25699505007643,25063568.0
2018-12-10,193.16983032226562,194.051884342002,192.72880331239745,193.61085733213383,19433461.0
2018-12-11,196.25697326660156,196.69800017281867,193.169784923082,194.05183873551616,27375220.0
2018-12-12,199.7852325439453,200.22625954735358,196.25701651667916,197.1390705234957,26433846.0
2018-12-13,199.3441925048828,200.66727342858778,198.46213855574615,200.22624645401945,32087141.0
2018-12-14,196.25697326660156,197.13902707903574,194.49286564173323,196.69800017281867,38646159.0
2018-12-17,197.13905334472656,198.46213423965762,194.05186458988746,194.93391851984148,18938952.0
2018-12-18,196.25697326660156,196.69800017281867,194.49286564173323,194.93389254795034,30203541.0
2018-12-19,198.90318298339844,198.90318298339844,195.81599389052974,195.81599389052974,23390082.0
2018-12-20,194.9339141845703,196.25699505007643,194.9339141845703,194.9339141845703,35027116.0
2018-12-21,197.13905334472656,197.5800803097036,193.1698106599334,193.1698106599334,43507532.0
2018-12-24,194.05184936523438,195.37493015636096,193.61082243485882,195.37493015636096,22976100.0
2018-12-25,191.84671020507812,192.28773712508982,189.64157560501977,190.08260252503143,19402777.0
2018-12-26,190.96466064453125,193.61082222390118,190.52363371463625,192.7287683641112,16463259.0
2018-12-27,196.6980438232422,197.58009783141816,194.49290880280225,195.81598981506622,21491484.0
2018-12-28,198.90318298339844,198.90318298339844,196.2570209037967,197.13907493033062,29456773.0
2019-01-02,193.61085510253906,199.7852331695904,193.16982809774967,199.7852331695904,32900482.0
2019-01-03,190.08262634277344,192.28776121913972,188.75954541695367,188.75954541695367,34087620.0
2019-01-04,183.46719360351562,186.55438195742093,182.14411288041333,186.55438195742093,65943521.0
2019-01-07,187.8774871826172,188.75954111305202,186.11337932174754,186.99543325218238,35442176.0
2019-01-08,186.11338806152344,187.43646901930677,185.23133408966788,186.995442033379,22694481.0
2019-01-09,190.08262634277344,190.96468029331996,186.11338356531414,186.99543751586066,46295446.0
2019-01-10,190.52365112304688,190.96467809323912,189.20057021247015,190.52365112304688,20754593.0
2019-01-11,194.4928741455078,194.4928741455078,192.28773951800773,193.16979336900775,28102288.0
2019-01-14,192.72879028320312,194.0518712233624,191.40570934304384,192.72879028320312,17612296.0
2019-01-15,194.9339141845703,194.9339141845703,190.0826176777145,190.9646715880519,38882923.0
2019-01-16,191.84671020507812,194.0518448051365,191.84671020507812,192.72876404510149,28978282.0
2019-01-17,194.4928741455078,194.93390107100782,192.28773951800773,192.28773951800773,21163986.0
2019-01-18,192.72879028320312,194.0518712233624,191.84673632309693,193.16981726325622,49627569.0
2019-01-21,194.9339141845703,196.69802200524515,194.0518602742329,194.0518602742329,29384866.0
2019-01-22,196.6980438232422,196.6980438232422,193.16982779053828,194.05188179871425,28926483.0
2019-01-23,194.4928741455078,195.81595492200788,194.0518472200078,195.37492799650784,16671213.0
2019-01-24,196.25697326660156,196.25697326660156,194.49286564173323,196.25697326660156,26417924.0
2019-01-25,199.3441925048828,200.22624645401945,198.46213855574615,199.78521947945114,46692764.0
2019-01-28,201.9903564453125,202.43138342445073,201.10830248703604,202.43138342445073,26026257.0
2019-01-29,196.25697326660156,198.46210779768697,195.8159463603845,196.25697326660156,41122520.0
2019-01-30,194.9339141845703,195.374941139739,194.0518602742329,194.4928872294016,44755945.0
2019-02-11,201.10829162597656,201.99034553661681,199.78521076001618,201.10829162597656,78307106.0
2019-02-12,202.8724365234375,202.8724365234375,201.99038245159645,202.8724365234375,29406670.0
2019-02-13,201.9903564453125,204.63651832014193,201.54932946617427,204.63651832014193,28634925.0
2019-02-14,200.22622680664062,202.8723883943936,199.3441729440563,202.43136146310144,23647751.0
2019-02-15,200.22622680664062,201.99033453180928,199.78519987534847,201.99033453180928,22369799.0
2019-02-18,202.8724365234375,203.313463559358,201.54935541567593,201.99038245159645,16978916.0
2019-02-19,201.9903564453125,203.31343738272722,201.9903564453125,202.872410403589,16577023.0
2019-02-20,206.84165954589844,206.84165954589844,203.7544705974522,204.19549759008737,30479710.0
2019-02-21,208.60577392578125,208.60577392578125,206.8416659010389,207.7237199134101,33764489.0
2019-02-22,208.60577392578125,208.60577392578125,206.40063889485333,207.7237199134101,22032163.0
2019-02-25,209.9288330078125,210.81088692801342,208.16472516741072,209.48780604771207,24105138.0
2019-02-26,211.2519073486328,211.6929342950809,208.6057456699443,210.81088040218472,24522789.0
2019-02-27,210.81088256835938,211.25190951933922,209.04677476444007,210.36985561737956,35240889.0
2019-03-04,207.72366333007812,211.25187841848708,206.8416095579759,211.25187841848708,39655513.0
2019-03-05,205.51858520507812,206.8416662257117,205.07755819820028,206.40063921883385,22641407.0
2019-03-06,206.400634765625,207.72371575771234,205.95960776826257,207.2826887603499,20433226.0
2019-03-07,206.400634765625,207.2826887603499,205.51858077090012,207.2826887603499,17126192.0
2019-03-08,202.8724365234375,204.19551763119904,201.99038245159645,203.75449059527853,22190659.0
2019-03-11,203.31344604492188,203.31344604492188,200.6672840573524,201.10831105528064,23200793.0
2019-03-12,207.72366333007812,209.0467439882315,205.0775020137714,205.5185288998225,23588085.0
2019-03-13,209.04678344726562,209.04678344726562,206.40062163147746,206.40062163147746,20500195.0
2019-03-14,206.84165954589844,210.81090247961504,206.40063255326328,210.81090247961504,17175356.0
2019-03-15,210.81088256835938,211.25190951933922,207.72369391150056,209.04677476444007,33649729.0
2019-03-18,212.57496643066406,212.57496643066406,210.81085882543033,211.25188572673875,26856532.0
2019-03-19,212.1339569091797,212.1339569091797,209.9288222219741,210.81087609685633,14479009.0
2019-03-20,213.45704650878906,213.45704650878906,211.2519117308057,213.45704650878906,22975971.0
2019-03-21,216.54425048828125,216.54425048828125,212.57500760764066,213.8980885678542,26179502.0
2019-03-22,219.19036865234375,219.19036865234375,215.6621534627688,218.7493417536469,22931467.0
2019-03-25,213.0160369873047,214.78014495407325,212.1339830039204,212.1339830039204,19211254.0
2019-03-26,215.2211456298828,215.2211456298828,212.5749840032859,214.3390917543505,19920170.0
2019-03-27,213.0160369873047,213.89809097068897,212.1339830039204,213.45706397899684,22590089.0
2019-03-28,213.45704650878906,213.89807346438573,211.69293868640236,212.13396564199903,13933054.0
2019-03-29,216.54425048828125,216.54425048828125,212.1339806209028,214.33911555459204,28220810.0
2019-04-01,216.54425048828125,221.39554734239752,216.1032235015434,221.39554734239752,35330656.0
2019-04-02,216.98529052734375,220.07247962021248,216.98529052734375,220.07247962021248,24105053.0
2019-04-03,217.42630004882812,219.63143493776147,217.42630004882812,219.63143493776147,24945323.0
2019-04-08,223.15963745117188,223.15963745117188,220.95450269374925,221.39552964523378,45184821.0
2019-04-09,224.04171752929688,224.04171752929688,222.27760951725517,223.159663523276,22355674.0
2019-04-10,224.04171752929688,224.4827445323073,222.27760951725517,223.159663523276,25849934.0
2019-04-11,222.277587890625,224.0416957310268,221.83656093052457,223.15964181082592,24896840.0
2019-04-12,222.277587890625,223.15964181082592,221.3955339704241,221.83656093052457,13548148.0
2019-04-15,225.3647918701172,225.8058188600783,224.04171090023394,224.9237648801561,17192002.0
2019-04-16,226.68789672851562,226.68789672851562,225.36481561920522,226.68789672851562,19652648.0
2019-04-17,230.65711975097656,231.980200743812,228.8930117605293,229.33403875814113,37864191.0
2019-04-18,233.3032989501953,234.6263800406501,232.4212448898921,232.86227192004372,38006795.0
2019-04-19,233.3032989501953,237.71356925171128,232.4212448898921,237.2725422215597,44658699.0
2019-04-22,234.62637329101562,235.94945434340858,233.744319256087,235.06740030847996,24967393.0
2019-04-23,236.39048767089844,236.39048767089844,234.62637955395144,235.0674065831882,25336847.0
2019-04-24,237.2725830078125,238.15463721973745,235.94950168992506,238.15463721973745,26449755.0
2019-04-25,235.94947814941406,237.27255933529864,235.50845108745256,236.83153227333713,32386724.0
2019-04-26,229.33401489257812,231.98017660287712,227.12888013399566,231.09812269944413,47518804.0
2019-04-29,228.89300537109375,231.09814029759755,228.01095140049225,229.33403235639452,31126618.0
2019-04-30,228.45199584960938,229.77507690665345,227.56994181158,229.33404988763877,33799419.0
2019-05-02,228.45199584960938,231.53918498271221,228.0109688305947,230.65713094468285,27091394.0
2019-05-03,233.7443084716797,233.7443084716797,229.7750654976323,231.09814648898143,29840246.0
2019-05-06,228.45199584960938,229.33404988763877,227.56994181158,229.33404988763877,32823187.0
2019-05-07,231.5391845703125,231.98021158854166,228.45199544270835,228.89302246093752,25686126.0
2019-05-08,229.33401489257812,230.65709574772762,228.89298794086164,229.33401489257812,25542364.0
2019-05-09,226.24684143066406,228.89300331874202,225.80581444931775,228.89300331874202,33587574.0
2019-05-10,225.80580139160156,228.4519631266594,224.92374747991562,226.6878553032875,18617212.0
2019-05-13,220.95449829101562,224.04168688989208,220.07244440562235,223.1596330044988,28284535.0
2019-05-14,219.19036865234375,221.39550314582812,216.1031803614657,218.30831485495003,45055708.0
2019-05-15,219.6314239501953,222.277585684535,219.6314239501953,221.39553177308844,36825479.0
2019-05-16,217.86732482910156,220.07245969579287,216.98527088242506,219.19040574911637,29713519.0
2019-05-17,213.0160369873047,219.6314418626868,213.0160369873047,219.6314418626868,38647856.0
2019-05-20,209.9288330078125,214.33910260881697,209.9288330078125,213.89807564871654,39157661.0
2019-05-21,206.400634765625,208.1647427550748,205.07755377353766,205.95960776826257,80042775.0
2019-05-22,209.9288330078125,212.13396780831474,207.7236982073103,208.60575212751118,34622034.0
2019-05-23,202.8724365234375,205.95962577488112,202.8724365234375,205.95962577488112,58752627.0
2019-05-24,205.51858520507812,206.40063921883385,202.87242316381102,202.87242316381102,36000789.0
2019-05-27,203.75445556640625,207.28267124720983,203.75445556640625,206.40061732700894,35562033.0
2019-05-28,203.31344604492188,204.63652703870662,203.31344604492188,204.63652703870662,95240033.0
2019-05-29,202.43138122558594,203.3134351742813,200.22624635384753,201.1083003025429,26533236.0
2019-05-30,203.75445556640625,204.1954825265067,201.99034772600447,202.87240164620536,28500328.0
2019-05-31,207.72366333007812,209.4877708742826,203.75442135561804,204.63647512772027,46070338.0
2019-06-03,209.9288330078125,210.36985996791296,204.63650948660717,207.7236982073103,31054092.0
2019-06-04,205.51858520507812,209.92885527385664,205.51858520507812,209.4878282669788,24443428.0
2019-06-05,207.28268432617188,209.92884625374,206.40063035031582,209.92884625374,29139584.0
2019-06-06,204.63653564453125,204.63653564453125,202.43140056215483,204.19550862805596,34651731.0
2019-06-10,211.6929473876953,211.6929473876953,206.84165067672728,209.4878125190735,35373888.0
2019-06-11,215.66220092773438,216.9852819150211,210.81090397434974,211.69295796587423,31965670.0
2019-06-12,216.98529052734375,218.30837156714463,214.339128447742,215.6622094875429,29675556.0
2019-06-13,211.6929473876953,215.22116317749024,211.6929473876953,213.89808225631714,32981724.0
2019-06-14,208.1647186279297,211.251907251649,208.1647186279297,210.36985335915776,31951556.0
2019-06-17,205.51858520507812,207.28269323258954,203.3134501706889,204.1955041844446,51017012.0
2019-06-18,207.72366333007812,207.72366333007812,205.5185288998225,206.40058267192475,28578087.0
2019-06-19,215.2211456298828,215.2211456298828,212.13395706551975,213.89806481658437,50164372.0
2019-06-20,216.1032257080078,216.54425269924866,212.57500977808115,213.45706376056282,37836291.0
2019-06-21,219.19036865234375,219.19036865234375,216.9852341588594,218.7493417536469,61164304.0
2019-06-24,219.6460723876953,220.55746687893057,218.73467789646008,219.6460723876953,43300507.0
2019-06-25,217.3676300048828,220.10181403010148,216.0005379922735,219.64611669256504,28559283.0
2019-06-26,213.7220458984375,215.54483520247535,213.26634857242803,214.17774322444697,27607041.0
2019-06-27,219.19039916992188,220.10179376106498,215.0891235097778,215.0891235097778,42007834.0
2019-06-28,217.8233184814453,220.10180507643952,216.91192384344765,220.10180507643952,25962203.0
2019-07-01,226.48153686523438,227.84862863705672,223.2916560643156,223.74735332158969,66307875.0
2019-07-02,226.93724060058594,227.84863514115054,225.57014878973902,227.39293787086822,24181202.0
2019-07-03,221.01316833496094,223.29165460645538,220.55747108066205,222.3802600978576,29449774.0
2019-07-04,222.38027954101562,223.29167412929849,221.01318765859133,222.83597683515706,17481240.0
2019-07-05,221.46888732910156,223.29167652522588,220.10179543200834,222.8359792261948,22867074.0
2019-07-08,221.01316833496094,222.8359573521565,218.7346820634665,218.7346820634665,27787909.0
2019-07-09,220.5574951171875,221.46888972510976,219.1904032053041,220.10179781322637,16418987.0
2019-07-10,225.11447143554688,225.11447143554688,221.46889295076068,221.46889295076068,23812131.0
2019-07-11,227.84864807128906,227.84864807128906,225.5701615905762,227.84864807128906,31160289.0
2019-07-12,228.30435180664062,229.6714437336265,227.39295718865003,229.6714437336265,23479432.0
2019-07-15,231.94992065429688,231.94992065429688,227.3929477534266,228.76003962368767,29727300.0
2019-07-16,233.31703186035156,233.7727291882038,231.03854522109032,231.49424254894257,21361249.0
2019-07-17,229.67144775390625,231.4942370217944,228.76005311996218,231.4942370217944,25573648.0
2019-07-18,231.49423217773438,231.94992948517088,229.21574564055197,229.67144294798845,20842575.0
2019-07-19,236.05120849609375,237.87399775088983,236.05120849609375,236.50690580979276,59709798.0
2019-07-22,240.6082000732422,240.6082000732422,238.78541067874792,239.69680537599507,31522639.0
2019-07-23,240.6082000732422,242.88668681636003,239.2411080273715,241.97529211911288,29273223.0
2019-07-24,241.5196075439453,242.8866996621186,239.69681805304762,242.8866996621186,23734039.0
2019-07-25,241.5196075439453,241.5196075439453,238.32972593487435,240.60821279849645,30433545.0
2019-07-26,237.8739776611328,239.2410694867715,237.8739776611328,237.8739776611328,20438071.0
2019-07-29,237.8739776611328,238.7853722115586,236.5068858354941,236.96258311070702,17509320.0
2019-07-30,236.9626007080078,239.69678456233098,236.9626007080078,239.24108725327713,22670612.0
2019-07-31,236.5069122314453,236.96260955751745,234.22842560108458,236.96260955751745,31635601.0
2019-08-01,233.77273559570312,234.68413027638812,232.8613409150181,234.68413027638812,30017526.0
2019-08-02,229.21575927734375,231.03854861553336,228.30436460824893,229.67145661189116,54021644.0
2019-08-05,224.6587677001953,229.67143797342482,223.74737310506268,228.76004337829218,51535721.0
2019-08-06,226.48153686523438,227.84862863705672,218.73468349157443,218.73468349157443,58625879.0
2019-08-07,226.02587890625,228.3043655887727,224.6587868967364,227.84866825226817,29435460.0
2019-08-08,231.0385284423828,231.49422573714097,226.02585820004316,226.02585820004316,29725266.0
2019-08-12,228.76007080078125,231.9499522661308,228.76007080078125,231.9499522661308,21794603.0
2019-08-13,224.6587677001953,227.39295148559324,224.6587677001953,226.9372541880269,23121107.0
2019-08-14,227.39297485351562,231.49425095307802,227.39297485351562,230.12715891989055,35216703.0
2019-08-15,226.02587890625,226.48157624275456,224.20308956023186,225.11448423324094,27624412.0
2019-08-16,227.84864807128906,229.6714372558594,226.02585888671877,227.3929507751465,25370715.0
2019-08-19,229.67144775390625,230.58284238785032,228.30435580299013,229.2157504369342,24060514.0
2019-08-20,231.94992065429688,231.94992065429688,230.12713149394875,231.49422336420983,19960494.0
2019-08-21,231.94992065429688,232.4056179443839,230.5828287840358,231.94992065429688,20269296.0
2019-08-22,231.49423217773438,234.68411332978977,231.49423217773438,234.2284160223533,21900840.0
2019-08-23,231.49423217773438,231.94992948517088,230.5828375628614,231.0385348702979,14166877.0
2019-08-26,226.48153686523438,228.30432589433082,226.48153686523438,226.93723412250847,31678620.0
2019-08-27,227.84864807128906,228.76004266357424,226.48155618286134,228.30434536743164,50234951.0
2019-08-28,229.67144775390625,230.58284238785032,228.30435580299013,228.30435580299013,15132882.0
2019-08-29,231.49423217773438,231.49423217773438,228.76004833311546,230.5828375628614,19587767.0
2019-08-30,236.05120849609375,236.05120849609375,233.3170246138996,233.77272192759864,35184201.0
2019-09-02,234.68414306640625,235.13984043158374,233.3170509708738,235.13984043158374,14614854.0
2019-09-03,231.49423217773438,235.13981063722628,230.5828375628614,233.7727187149168,25762495.0
2019-09-04,234.68414306640625,235.13984043158374,231.49426151016385,231.49426151016385,22540733.0
2019-09-05,239.69680786132812,239.69680786132812,237.41832109458548,239.69680786132812,48791728.0
2019-09-06,240.1525115966797,241.51960369305547,239.69681423122108,241.51960369305547,25408515.0
2019-09-10,238.3297119140625,240.60819864364245,237.4183172222305,240.15250129772645,29308866.0
2019-09-11,239.69680786132812,241.06389992137372,237.41832109458548,240.6082025680252,36196015.0
2019-09-12,239.24111938476562,241.5196062360491,238.32972464425222,241.5196062360491,26017293.0
2019-09-16,241.9752655029297,241.9752655029297,238.32968711493828,238.7853844134372,32573966.0
2019-09-17,241.5196075439453,242.8866996621186,241.0639101712209,242.8866996621186,27600844.0
2019-09-18,243.34239196777344,245.6208787839511,242.8866946045379,243.34239196777344,47684759.0
2019-09-19,243.34239196777344,246.09721149948408,242.42411879053654,246.09721149948408,25233567.0
2019-09-20,242.424072265625,244.71975476814038,242.424072265625,244.2606182676373,43868865.0
2019-09-23,242.424072265625,242.424072265625,241.50579926461884,242.424072265625,13093208.0
2019-09-24,243.34239196777344,243.80152855639187,240.58757243606277,241.9649822019181,24244943.0
2019-09-25,244.26065063476562,244.26065063476562,240.58755814401727,241.0466947053608,21003163.0
2019-09-26,246.0972137451172,247.47462352354137,244.71980396669304,247.01548693073332,29940103.0
2019-09-27,249.77029418945312,250.22943075965432,248.8520210490507,249.3111576192519,41235817.0
2019-10-01,257.1164855957031,257.575622177124,250.68857345581054,250.68857345581054,71743890.0
2019-10-02,256.6573181152344,258.03472769367033,256.1981815890891,257.11645464137973,29295953.0
2019-10-03,253.90252685546875,254.8208000086531,251.6068439725079,251.6068439725079,31890864.0
2019-10-04,253.90252685546875,257.11648289161394,252.52511712569225,256.65734631502175,35169613.0
2019-10-07,255.27993774414062,256.6573474801702,254.8208011654641,256.19821090149367,17510230.0
2019-10-08,263.0852966308594,263.0852966308594,259.41220348418074,260.3304767708504,35278551.0
2019-10-09,258.9530029296875,262.6260951698249,258.9530029296875,260.330412519739,34777456.0
2019-10-14,266.2992248535156,267.6766346372407,264.9218150697905,267.6766346372407,46683517.0
2019-10-15,269.5131530761719,271.80883581106264,268.13574343523743,269.5131530761719,38018567.0
2019-10-16,272.2679748535156,273.6453845070747,269.5131555463974,273.6453845070747,40297144.0
2019-10-17,269.5131530761719,271.34969926408445,268.13574343523743,270.8905627171063,40271938.0
2019-10-18,269.0539855957031,271.34966806665625,267.21743961894066,269.0539855957031,45102984.0
2019-10-21,266.2992248535156,267.2174980426657,264.9218150697905,267.2174980426657,34634365.0
2019-10-22,269.9722900390625,269.9722900390625,267.6766073006351,268.5948803960061,26005020.0
2019-10-23,269.0539855957031,269.5131220898938,266.75830312475006,269.5131220898938,28675408.0
2019-10-24,269.0539855957031,270.431395078275,267.21743961894066,270.431395078275,29040827.0
2019-10-25,269.5131530761719,270.4314261701282,268.5948799822156,270.4314261701282,22682711.0
2019-10-28,270.43145751953125,271.3497307199371,269.9723209193283,270.8905941197342,20076561.0
2019-10-29,274.1045227050781,274.1045227050781,272.2679764892987,272.72711304324355,36682131.0
2019-10-30,275.0227966308594,275.0227966308594,272.26797729899766,274.1045235202388,32370342.0
2019-10-31,274.1045227050781,276.8593420287472,274.1045227050781,275.4819323669127,40944514.0
2019-11-01,274.56365966796875,275.02279622259744,272.2679768948252,275.02279622259744,30121678.0
2019-11-04,281.90985107421875,282.8281242047537,276.40021229100927,277.77762198681165,44899671.0
2019-11-05,285.1237487792969,285.1237487792969,281.90979347904715,282.3689299505114,32201184.0
2019-11-06,285.5828857421875,286.04202221444183,282.8280669086616,283.74633985317024,22149743.0
2019-11-07,283.746337890625,284.6646108287824,281.4506555452316,284.6646108287824,28291659.0
2019-11-08,280.5324401855469,283.74639612875285,280.5324401855469,283.2872595654377,25651542.0
2019-11-11,276.4002380371094,280.0733309013899,275.48196482103924,280.0733309013899,35165583.0
2019-11-12,280.0732727050781,280.0732727050781,277.3184536292905,277.77759014192173,17540708.0
2019-11-13,279.155029296875,279.155029296875,276.8593464901573,278.2367561741879,18172438.0
2019-11-14,278.6959228515625,280.0733326844368,277.31851301868824,279.6141960734787,15734835.0
2019-11-15,281.90985107421875,282.36898763948625,279.6141682478815,280.5324413784164,28848445.0
2019-11-18,285.5828857421875,285.5828857421875,281.9097939641529,283.2872033809159,18691325.0
2019-11-19,289.2560119628906,289.2560119628906,285.58291974748886,286.9603293282645,31634197.0
2019-11-20,287.87860107421875,288.337737599058,286.50119149970095,288.337737599058,22387973.0
2019-11-21,285.5828857421875,285.5828857421875,281.9097939641529,284.20547632542457,28108833.0
2019-11-22,283.746337890625,285.12374729786103,282.8280649524676,284.6646108287824,24737984.0
2019-11-25,281.90985107421875,285.12380703109096,281.90985107421875,285.12380703109096,19530177.0
2019-11-26,281.90985107421875,285.12380703109096,281.90985107421875,284.6646704658235,101224622.0
2019-11-27,285.5828857421875,286.04202221444183,282.36893043640725,282.36893043640725,18467648.0
2019-11-28,284.2054748535156,286.5011572028978,283.2872019137627,284.6646113233921,19077982.0
2019-11-29,280.0732727050781,284.2055013187596,280.0732727050781,283.7463648061283,30963561.0
2019-12-02,282.36895751953125,282.82809403582314,281.4506844869474,281.9098210032393,24016807.0
2019-12-03,281.90985107421875,281.90985107421875,280.0733048131489,280.0733048131489,24690319.0
2019-12-04,280.9915771484375,280.9915771484375,279.1550308925654,280.07330402050144,25492686.0
2019-12-05,286.501220703125,286.501220703125,283.7464012732873,283.7464012732873,34521842.0
2019-12-06,287.4194641113281,290.17428325616515,285.5829180147701,289.2560102078861,17695703.0
2019-12-09,290.17431640625,290.6334529828422,288.3377700998813,288.3377700998813,23256081.0
2019-12-10,287.87860107421875,289.7151471735758,286.9603280245402,289.25601064873655,20570594.0
2019-12-11,292.9291076660156,292.9291076660156,287.4194692773131,288.3377423420969,31223148.0
2019-12-12,304.4075012207031,307.1623202362751,297.5204536817732,298.43872668696383,52742851.0
2019-12-13,311.2945556640625,314.96764776629334,310.3762826385048,312.2128286896202,58198939.0
2019-12-16,308.5396728515625,310.83535494123186,308.5396728515625,308.9988092694964,102188.0
2019-12-17,316.8042297363281,316.8042297363281,307.621498439623,307.621498439623,40813458.0
2019-12-18,316.3450927734375,316.804229337695,313.5902733878923,313.5902733878923,39682841.0
2019-12-19,309.8701477050781,316.34504631384095,309.8701477050781,314.49507528276587,54888012.0
2019-12-20,304.3202819824219,308.02022462050604,303.8577891526614,307.095238960985,86280459.0
2019-12-23,308.9452209472656,308.9452209472656,304.7827853357007,304.7827853357007,26639340.0
2019-12-24,307.09521484375,309.40767881094695,307.09521484375,308.9451860175075,13488907.0
2019-12-25,308.02020263671875,309.4076810269743,306.1702314497114,307.0952170432151,12262954.0
2019-12-26,308.02020263671875,308.9451882302224,306.6327242464633,308.02020263671875,11427884.0
2019-12-27,312.6451416015625,312.6451416015625,309.8701847234421,309.8701847234421,16677806.0
2019-12-30,309.40771484375,313.57015046945065,308.9452219964499,312.6451647748505,21531263.0
2019-12-31,306.1701965332031,308.48266025324244,306.1701965332031,306.1701965332031,22890517.0
2020-01-02,313.5700988769531,313.5700988769531,307.55769285128883,307.55769285128883,31754120.0
2020-01-03,314.03265380859375,319.1200752988655,310.3327109065779,318.1950895733616,41811268.0
2020-01-06,307.09521484375,309.40767881094695,307.09521484375,308.0202004306288,45343057.0
2020-01-07,304.78271484375,308.0201640150797,302.0077584111817,307.5576712763183,50879181.0
2020-01-08,304.78271484375,308.0201640150797,300.62028019489753,300.62028019489753,37567748.0
2020-01-09,312.1826477050781,312.1826477050781,308.48270521375866,309.87018364800343,31481504.0
2020-01-10,314.03265380859375,315.4201323968497,310.79520376932993,314.9576395340977,27032115.0
2020-01-13,315.882568359375,316.3450611388177,313.5701044621614,316.3450611388177,30663332.0
2020-01-14,320.0449523925781,320.0449523925781,318.6574742752693,319.58245968680853,30223993.0
2020-01-15,314.4950866699219,319.12001441506777,312.1826227973489,319.12001441506777,47434274.0
2020-01-16,309.40771484375,311.2576862329503,305.24527921804935,305.24527921804935,55211420.0
2020-01-17,308.02020263671875,310.33266662047794,307.0952170432151,308.9451882302224,52060097.0
2020-01-20,308.02020263671875,310.33266662047794,308.02020263671875,308.9451882302224,32658203.0
2020-01-30,292.7579345703125,301.5452975352982,292.7579345703125,301.5452975352982,125451049.0
2020-01-31,295.9953918457031,299.2328414440155,295.0704062461853,298.77034864425656,62526055.0
2020-02-03,291.3704528808594,292.7579312279111,288.59549618675595,291.3704528808594,59560849.0
2020-02-04,300.62030029296875,311.72012676532455,300.62030029296875,311.257633995643,51890496.0
2020-02-05,302.9327087402344,304.78267948063274,300.1577526296368,304.3201867955332,36601453.0
2020-02-06,307.55767822265625,307.55767822265625,304.32022897820724,304.78272172741424,29267094.0
2020-02-07,303.395263671875,305.7077275718131,301.54529255192455,305.24523479182545,28798327.0
2020-02-10,302.9327087402344,303.39520142533394,296.92030383393967,297.38279651903923,30632424.0
2020-02-11,306.6327209472656,307.557706530817,305.24524257193866,305.7077353637143,27524935.0
2020-02-12,309.8701477050781,310.79513322061564,308.02017667400304,308.4826694317718,37612639.0
2020-02-13,309.8701477050781,312.6451042516907,309.8701477050781,312.6451042516907,22757021.0
2020-02-14,309.8701477050781,311.7201187361532,309.4076549473093,311.7201187361532,16933683.0
2020-02-17,306.6327209472656,308.02019932259265,305.7077353637143,306.6327209472656,15937079.0
2020-02-18,297.8453674316406,302.0078026907785,297.8453674316406,300.15783146449496,61825604.0
2020-02-19,302.0077819824219,302.4702747572801,297.84534700869784,298.30783978355606,38781218.0
2020-02-20,301.08282470703125,304.3202744350638,300.6203318887409,303.3952887984831,27011736.0
2020-02-21,300.62030029296875,302.0077786020132,298.7703292142428,301.08279306265024,22813534.0
2020-02-24,295.9953918457031,297.38287024497987,295.5328990459442,295.5328990459442,41693680.0
2020-02-25,297.8453674316406,299.23284585135326,293.6829321725028,295.99539620535717,36195011.0
2020-02-26,294.6078796386719,296.4578506254139,292.7579086519298,293.22040139861537,60479362.0
2020-02-27,292.29547119140625,295.9954138647152,291.370485523079,295.0704281963879,61250927.0
2020-03-02,287.6704406738281,293.2203527125515,284.89548465446643,284.89548465446643,79912942.0
2020-03-03,293.6829528808594,295.9954170767717,292.295474363312,294.6079385592243,49679411.0
2020-03-04,296.4579162597656,297.84539480700323,293.22046631621123,297.84539480700323,42941146.0
2020-03-05,298.7703857421875,301.5453428853038,298.7703857421875,300.6203571709317,37861525.0
2020-03-06,291.3704528808594,296.45787348671564,291.3704528808594,295.99538070436506,51546760.0
2020-03-09,282.5830993652344,286.74553454410034,282.5830993652344,284.4330705558415,87871277.0
2020-03-10,283.9705505371094,285.8205215503805,278.4206374972962,278.88313025061393,71950130.0
2020-03-11,279.3456726074219,287.20805080994865,279.3456726074219,285.8205723036204,62216710.0
2020-03-12,271.9457702636719,276.5706983293806,265.4708709716797,276.5706983293806,113527351.0
2020-03-13,268.2458190917969,271.94576142409755,252.05857138798154,254.37103534566947,149995148.0
2020-03-16,255.75852966308594,269.170821453736,254.83354402235145,263.6209076093291,103873228.0
2020-03-17,247.8961639404297,255.75854227436122,245.121206881395,245.121206881395,121323651.0
2020-03-18,240.49623107910156,252.05854988098145,240.49623107910156,249.28359336853026,117437643.0
2020-03-19,231.6235809326172,236.29341119335544,219.94900528077156,235.35944514120777,160811697.0
2020-03-20,252.1708221435547,252.1708221435547,239.0952980324074,241.43021305225514,157664726.0
2020-03-23,238.1613311767578,245.16607621136833,235.3594331629136,240.0292631859873,76466709.0
2020-03-24,249.83590698242188,255.90668603059288,248.4349579713055,250.30288998612735,81952933.0
2020-03-25,258.70855712890625,261.5104548595442,255.9066593982683,258.2415741737999,79447199.0
2020-03-26,261.5105285644531,261.5105285644531,257.307680783953,261.0435454777309,52845633.0
2020-03-27,254.9727020263672,267.11425926571803,254.9727020263672,265.24632738274096,68752306.0
2020-03-30,249.83590698242188,251.23685599353828,245.16607694536728,246.1000429527782,49159956.0
2020-03-31,255.9066925048828,255.9066925048828,251.70384536520407,254.9727264738431,48837923.0
2020-04-01,253.57177734375,258.2416074974102,253.57177734375,258.2416074974102,44515034.0
2020-04-06,257.3076171875,257.3076171875,252.17080450317604,254.9727023309891,56392754.0
2020-04-07,264.3124084472656,265.24637455485316,261.97749317829687,264.77939150105937,48787346.0
2020-04-08,266.1802673339844,266.64725025913174,264.31233563339504,266.1802673339844,37912826.0
2020-04-09,264.3124084472656,268.9822389852032,263.8454253934719,268.51525593140946,27620430.0
2020-04-10,261.04339599609375,263.3783100926599,260.57641317678053,261.51037881540697,27252858.0
2020-04-13,260.1095275878906,262.91142555113544,260.1095275878906,260.1095275878906,22196596.0
2020-04-14,266.1802673339844,266.64725025913174,261.510438082511,262.44440393280564,48809688.0
2020-04-15,268.5152282714844,269.44919428286346,267.11427925441575,268.04824526579483,55216434.0
2020-04-16,267.581298828125,269.4492311061573,264.3124173415685,264.3124173415685,47815280.0
2020-04-17,286.2605895996094,288.12852166877485,280.65679339211295,283.45869149586116,116368201.0
2020-04-20,283.9256591796875,288.59548910040604,282.52471020347195,287.66152311626234,41381669.0
2020-04-21,275.5199890136719,281.5907684326172,274.1190399169922,280.65680236816405,61479357.0
2020-04-22,274.5860290527344,275.5199951379478,271.3171477544875,275.05301209534105,42192580.0
2020-04-23,275.9869689941406,280.1898162377062,274.58601991295205,280.1898162377062,39474478.0
2020-04-24,274.5860290527344,277.3879273083745,274.5860290527344,275.98697818055444,26008090.0
2020-04-27,278.3218688964844,278.78885189798854,276.45393689046773,278.3218688964844,38493406.0
2020-04-28,276.9208984375,278.7888302987985,275.0529665762015,278.7888302987985,37395165.0
2020-04-29,279.255859375,281.5907745871655,278.32189329013374,279.255859375,44059301.0
2020-04-30,284.39263916015625,284.85962214728295,281.59074123739606,282.05772422452276,55126085.0
2020-05-04,275.5199890136719,276.9209381103516,274.5860229492188,275.0530059814453,71581861.0
2020-05-05,275.9869689941406,278.3218841294548,275.5199859670778,276.9209350482663,23547405.0
2020-05-06,276.4539489746094,276.4539489746094,273.1850678211934,275.05299990885965,34240479.0
2020-05-07,277.8549499511719,279.2558992786568,275.05305129620206,275.05305129620206,27621198.0
2020-05-08,277.8549499511719,280.18986549698,276.45400062368697,280.18986549698,32295893.0
2020-05-11,281.123779296875,281.59076231896285,278.78886418643583,280.1898132526993,28727019.0
2020-05-12,275.5199890136719,278.78887023925785,275.5199890136719,277.8549041748047,52089788.0
2020-05-13,277.387939453125,277.387939453125,273.18509188565343,273.65207494870583,26156418.0
2020-05-14,273.6520080566406,275.5199398522491,273.1850251077385,273.6520080566406,34315948.0
2020-05-15,278.3218688964844,278.78885189798854,275.0529878859552,277.8548858949802,42494804.0
2020-05-18,270.8501892089844,274.1190708028859,270.8501892089844,271.7841553786705,84986065.0
2020-05-19,272.2510681152344,274.58598293611976,272.2510681152344,274.58598293611976,51250214.0
2020-05-20,274.5860290527344,274.5860290527344,271.78413079709424,273.652062967521,32677994.0
2020-05-21,277.8549499511719,278.3219330603335,275.5200344053637,276.45400062368697,30997468.0
2020-05-22,272.7180480957031,275.519945850111,271.78408217756714,275.0529628910431,40192923.0
2020-05-25,272.7180480957031,273.6520140138391,269.44916738222724,271.31709921849915,26803223.0
2020-05-26,275.9869689941406,277.854901102392,274.1190368858892,275.5199859670778,33856481.0
2020-05-27,276.9208984375,278.32184733347384,275.98693250685074,277.38788140282463,23375959.0
2020-05-28,274.5860290527344,278.7888764361946,273.652062967521,278.7888764361946,28444568.0
2020-05-29,272.7180480957031,273.1850310547711,270.8501162594312,272.7180480957031,79774181.0
2020-06-01,275.9869689941406,276.9209350482663,274.1190368858892,274.58601991295205,35811214.0
2020-06-02,276.9208984375,277.85486436814926,276.45391547217537,276.45391547217537,24771587.0
2020-06-03,281.123779296875,281.123779296875,278.321881164348,280.1898132526993,65176337.0
2020-06-04,285.7935791015625,285.7935791015625,283.92564721200984,284.85961315678617,46572451.0
2020-06-05,290.9303894042969,291.3973723728431,287.6615086244733,288.12849159301953,42981262.0
2020-06-08,297.001220703125,297.93518680596503,294.19932239460496,295.13328849744494,50302921.0
2020-06-09,297.9351501464844,297.9351501464844,293.2653202068843,295.60023517668435,36417082.0
2020-06-10,301.2040100097656,302.604958893532,297.00116335846656,297.9351292809775,39984259.0
2020-06-11,299.3361511230469,305.4069310990213,297.4682188227471,304.00598187379643,50104255.0
2020-06-12,295.1333312988281,296.5342806562593,291.8644494648221,292.3314325839658,45992918.0
2020-06-15,289.06256103515625,296.5342912073089,288.1285947636372,295.1333418000303,51032404.0
2020-06-16,294.1993103027344,296.06724243164064,293.2653442382813,296.06724243164064,36608216.0
2020-06-17,294.1993103027344,296.06724243164064,292.7983612060547,295.6002593994141,34522968.0
2020-06-18,296.0821228027344,296.5528415989231,294.6699664141681,296.0821228027344,29044474.0
2020-06-19,296.0821228027344,296.0821228027344,293.7285288217905,295.6114040065456,48130280.0
2020-06-22,293.7285461425781,297.96501555809607,293.7285461425781,296.08214026231036,37374616.0
2020-06-23,296.55291748046875,297.96507423037576,294.1993228972904,297.4943553137401,41300084.0
2020-06-24,298.9064636230469,301.26005782480314,297.4943071019931,300.31862014410063,54147024.0
2020-06-29,293.7285461425781,296.5528590862568,291.84567084679236,295.6114214383639,56580892.0
2020-06-30,294.6700134277344,295.611451170315,292.7871379425731,295.14073229902465,48991860.0
2020-07-01,298.9064636230469,299.3771824633981,295.6114317405881,296.5528694212906,29532342.0
2020-07-02,303.1429138183594,303.1429138183594,299.3771633361437,300.31860095669765,34526178.0
2020-07-03,310.2037353515625,311.1451730916279,307.37942213136614,307.85014100139887,53341987.0
2020-07-06,318.2059631347656,318.2059631347656,312.55733657024314,313.02805545062,57256220.0
2020-07-07,318.67669677734375,325.7374803100766,318.2059778751616,323.3838857991657,59046323.0
2020-07-08,321.0303039550781,322.44246071734386,317.7352715097914,317.7352715097914,30720218.0
2020-07-09,324.7960510253906,326.6789266835088,322.9131753672724,325.73748885444974,35522376.0
2020-07-10,328.0910339355469,332.32750352725407,325.26672087440875,331.85678468373106,60902108.0
2020-07-13,333.73968505859375,333.73968505859375,329.9739340283134,330.4446529070985,48069523.0
2020-07-14,342.21258544921875,342.68330427377066,333.73964660728484,334.21036543183675,61764150.0
2020-07-15,341.7419128417969,348.33197727676264,339.85903728894954,344.5662261710679,73438362.0
2020-07-16,336.56396484375,339.8589966673951,332.7982141881556,337.9761213395979,68220512.0
2020-07-17,345.50762939453125,347.3905047590791,338.91756561861376,339.8590033008877,65727485.0
2020-07-20,344.5662536621094,348.3320050682526,341.271221181734,348.3320050682526,42769238.0
2020-07-21,360.5706481933594,364.3363990883292,349.7441143703212,350.6855520940636,64219128.0
2020-07-22,361.5120544433594,363.3949297269185,356.80486623446143,358.68774151802063,43759670.0
2020-07-23,359.1585388183594,360.570695589598,356.8049441996283,359.6292577421056,45209282.0
2020-07-24,363.39501953125,371.8679604011496,359.62926803351684,367.16077102898316,86682734.0
2020-07-27,399.6402893066406,399.6402893066406,392.1087879769513,395.87453864179594,99333798.0
2020-07-28,409.5254211425781,439.1807102597993,403.4060757691833,436.8271158854167,166307746.0
2020-07-29,397.2867736816406,406.23043327873916,394.93317905082523,402.9354007955976,85663166.0
2020-07-30,408.5840148925781,415.17407964891004,403.40610686974594,410.93760944841097,69293949.0
2020-07-31,400.581787109375,406.7011328584019,400.581787109375,401.05250601314634,49897674.0
2020-08-03,391.63812255859375,399.16962491548975,390.69668476398175,395.8745926343478,76429571.0
2020-08-04,400.581787109375,400.581787109375,393.99172245657684,396.8160358792046,41223445.0
2020-08-05,403.8768310546875,408.1133013105059,401.05251755080855,405.28898780662695,47223834.0
2020-08-06,409.5254211425781,412.3497343918373,405.7596701435659,411.87901551696075,41029627.0
2020-08-07,407.6425476074219,408.58398536171154,402.9353588359736,408.11326648456674,36589460.0
2020-08-10,409.9961853027344,411.8790610102096,402.46468247283343,402.46468247283343,36067500.0
2020-08-11,403.8768310546875,409.52545806244535,403.8768310546875,406.7011445585664,34545313.0
2020-08-12,394.46240234375,398.698872058659,394.46240234375,397.28671548702266,52143474.0
2020-08-13,403.8768310546875,403.8768310546875,399.6403607988691,402.93539322006114,44352335.0
2020-08-14,401.993896484375,402.9353341810597,398.22814569763614,399.16958339432085,23419955.0
2020-08-17,409.5254211425781,409.5254211425781,400.5817625199241,401.99391914455373,34137731.0
2020-08-18,407.6425476074219,414.70333076459434,406.7011098531322,414.2326118874495,41643160.0
2020-08-19,402.46466064453125,410.93760086862665,402.46466064453125,410.46688196728803,31486800.0
2020-08-20,390.6966552734375,402.46462681781816,377.5165271437312,401.99390795604296,75097235.0
2020-08-21,399.6402893066406,401.99388347216853,395.40381980869034,396.8159763080071,41609467.0
2020-08-24,402.935302734375,409.05464728524754,400.11098986474155,402.4645839227694,48375406.0
2020-08-25,409.0546569824219,410.4668134507156,405.2889064003052,408.1132193368927,35977899.0
2020-08-26,416.115478515625,416.115478515625,409.5254143762373,409.9961332433364,39243340.0
2020-08-27,417.9983825683594,426.94204165484456,417.9983825683594,421.7641337626689,53072712.0
2020-08-28,409.5254211425781,414.7033287662199,405.7596701435659,414.2326098913434,56842210.0
2020-08-31,401.5232238769531,413.7619153433081,401.5232238769531,411.4083208305475,81480538.0
2020-09-01,409.5254211425781,409.5254211425781,402.9353568943068,404.8182323938129,37429577.0
2020-09-02,407.6425476074219,415.17404964173915,405.28895322169774,415.17404964173915,34871407.0
2020-09-03,410.46685791015625,413.7618900264075,408.11326354140533,413.7618900264075,34951617.0
2020-09-04,403.8768310546875,407.17186347587955,401.99395538543484,401.99395538543484,46119911.0
2020-09-07,401.0525207519531,407.1718667258679,400.11108290981235,402.93539643623456,32019312.0
2020-09-08,405.7596740722656,407.6425495900023,402.4646419162263,402.93536079566053,23714670.0
2020-09-09,401.993896484375,402.9353341810597,398.22814569763614,400.11102109100557,40551362.0
2020-09-10,409.5254211425781,409.5254211425781,405.2889512686894,407.1718267681955,35098921.0
2020-09-11,410.9375915527344,410.9375915527344,407.17184042739433,409.99615377139935,34298469.0
2020-09-14,415.174072265625,416.115510071216,409.9961643348746,410.4668832376701,39085833.0
2020-09-15,418.9398193359375,420.8226949284586,413.76191145650455,414.7033492527651,39061449.0
2020-09-16,431.1784973144531,434.9442483827016,428.82490289679777,433.0613728485774,64261238.0
2020-09-17,424.55224609375,430.70517719655794,422.65903652365523,428.8119676264632,42058506.0
2020-09-18,420.29254150390625,425.4988680315447,419.34593668069925,423.13235597352724,52454922.0
2020-09-21,416.5061340332031,425.9721825339578,416.5061340332031,419.81925100846723,39463920.0
2020-09-22,413.66632080078125,417.4527402131454,412.7197159476902,416.5061353600543,36130639.0
2020-09-23,410.35321044921875,415.0862347911936,408.9333031466263,412.71972262020614,45710963.0
2020-09-24,400.413818359375,406.09344698858604,400.413818359375,402.78033028821295,79806381.0
2020-09-25,401.3604736328125,405.1468931953862,398.5206589608822,404.20028830474274,38775269.0
2020-09-28,408.4599304199219,408.4599304199219,401.83369748147584,404.20020924520657,34156973.0
2020-09-29,407.9866638183594,411.773082972126,405.14684945303435,409.40657100102186,32230502.0
2020-09-30,409.8799133300781,411.773123091418,407.5134011284033,407.5134011284033,27334204.0
2020-10-05,409.40655517578125,414.6128813109646,408.45995042392974,414.6128813109646,32945832.0
2020-10-06,416.03289794921875,418.39941045177403,414.13968794717454,417.92610795126296,35775395.0
2020-10-07,419.34600830078125,421.23921827053647,411.7731684217604,411.7731684217604,42926239.0
2020-10-08,428.8119812011719,429.7585860161855,424.5522595336106,425.972166756131,60853811.0
2020-10-12,435.4382019042969,437.33141147779384,433.07168993742573,433.5449923307999,64719223.0
2020-10-13,437.3313903808594,440.1712046041117,432.12506430489674,440.1712046041117,45750738.0
2020-10-14,434.4915466308594,436.38475598437077,432.59833727734804,435.91145364599294,40809241.0
2020-10-15,428.8119812011719,432.12509805371957,425.972166756131,431.65179564621275,47775028.0
2020-10-16,425.0256042480469,431.6518386127158,424.55230179342766,426.91881406652374,46876801.0
2020-10-19,433.07171630859375,433.07171630859375,426.9187848200564,428.8119945088371,34470906.0
2020-10-20,426.91876220703125,432.598390972535,426.91876220703125,431.17848378115906,25205638.0
2020-10-21,428.8119812011719,431.65179564621275,426.91877157114465,429.2852836086787,28058921.0
2020-10-22,430.7052307128906,430.7052307128906,425.4989037482293,425.97220619956215,23438547.0
2020-10-23,427.86541748046875,433.5450469160502,427.3921150275036,433.5450469160502,18777385.0
2020-10-26,425.97210693359375,430.705130343967,425.97210693359375,430.705130343967,15059581.0
2020-10-27,423.13232421875,424.5522313470008,421.7124170904992,423.6056265948336,20117660.0
2020-10-28,420.29254150390625,423.13235597352724,419.34593668069925,421.23914632711325,24710230.0
2020-10-29,413.66632080078125,416.0328329335088,412.2464135211447,413.19301837423575,41285612.0
2020-10-30,408.93328857421875,413.6663127475315,408.93328857421875,413.6663127475315,47668895.0
2020-11-02,412.2463684082031,412.2463684082031,405.14683278693667,409.87985653444764,33477443.0
2020-11-03,417.4527282714844,419.34593792350927,414.6129137934471,416.03282103246573,30328495.0
2020-11-04,425.97210693359375,427.39201395670574,419.3458741590712,420.76578118218316,37512790.0
2020-11-05,426.91876220703125,427.39206460415653,421.7124358386528,427.39206460415653,34886108.0
2020-11-06,428.3387145996094,431.17852928203774,425.97220236425244,430.7052268349663,30154140.0
2020-11-09,434.018310546875,435.43821777876224,429.7585888512132,433.5450081362459,39245881.0
2020-11-10,426.91876220703125,430.23187898690844,424.5522502214047,427.86536700128187,34820499.0
2020-11-11,432.5984191894531,432.5984191894531,424.5522779135005,424.5522779135005,36765561.0
2020-11-12,433.5450134277344,438.75134000819844,433.07171101132855,438.2780375917926,40100880.0
2020-11-13,437.3313903808594,437.3313903808594,432.12506430489674,434.491576157607,31037438.0
2020-11-16,458.1567687988281,458.63007124593435,443.9576953856413,444.9043002798537,81994937.0
2020-11-17,459.57666015625,478.9820598126931,459.57666015625,475.19564036753343,72413868.0
2020-11-18,470.4626159667969,470.4626159667969,460.52326492524486,463.83638193909553,50387727.0
2020-11-19,463.83636474609375,472.35580818020566,463.83636474609375,472.35580818020566,44220053.0
2020-11-20,461.9431457519531,463.8363553656906,460.04993613821557,460.04993613821557,32281453.0
2020-11-23,469.98931884765625,471.882528591252,465.7295969245657,468.0961091040604,38084006.0
2020-11-24,465.7296142578125,473.3024535140371,465.2563118042985,472.8291510605231,35479226.0
2020-11-25,460.9965515136719,469.0426925565183,460.9965515136719,468.5693901422332,41419632.0
2020-11-26,462.8897705078125,467.14949232230157,461.9431656601483,462.8897705078125,28893033.0
2020-11-27,462.8897705078125,465.7295850508052,460.5232583886519,461.46986323631614,32960189.0
2020-11-30,454.8436279296875,467.1494909121764,454.8436279296875,466.67618848977304,119895176.0
2020-12-01,463.83636474609375,463.83636474609375,457.68343337701293,463.36306233308756,37018651.0
2020-12-02,472.35577392578125,473.30237868314754,467.14944776026664,472.8290763044644,50621339.0
2020-12-03,470.4626159667969,472.82912811954736,468.5694062445965,472.82912811954736,35651379.0
2020-12-04,476.1422424316406,478.03545214309844,470.9359157251317,471.88252058086056,51172005.0
2020-12-07,486.5549011230469,487.50150598904503,478.9820621950617,484.66169139105057,44271244.0
2020-12-08,496.02093505859375,496.9675398964918,481.82186249012256,486.554886679613,40771761.0
2020-12-09,492.2344970703125,496.02091627854566,492.2344970703125,493.1811018723708,43314115.0
2020-12-10,484.6616516113281,487.50146597623825,482.7684420347214,483.71504682302475,42556926.0
2020-12-11,488.4481201171875,489.3947250011355,478.03546639375907,489.3947250011355,45660960.0
2020-12-14,480.875244140625,485.60826819712725,480.875244140625,484.6616633858268,30260485.0
2020-12-15,477.0888671875,482.76849655877976,477.0888671875,479.92868187313985,39852366.0
2020-12-16,484.6616516113281,487.50146597623825,479.92862766981125,481.821837246418,52012348.0
2020-12-17,483.23480224609375,489.8935495211383,483.23480224609375,489.8935495211383,38215179.0
2020-12-18,485.1372985839844,487.03979779411765,482.28354976878444,483.2347993738511,39924864.0
2020-12-21,490.8448181152344,491.79606776274454,483.23482093515327,487.0398195251938,34813281.0
2020-12-22,484.18603515625,490.84478220162083,484.18603515625,487.03978388998036,22454277.0
2020-12-23,484.18603515625,486.08853431207024,481.33228642251964,483.2347855783399,18086715.0
2020-12-24,485.1372985839844,487.03979779411765,483.2347993738511,486.088548189051,14950143.0
2020-12-25,486.0885314941406,489.89352978372295,485.13728192174506,488.94228021132733,12327895.0
2020-12-28,489.8935241699219,489.8935241699219,484.18602680095194,487.0397754854369,19087382.0
2020-12-29,489.8935241699219,491.79602329291185,487.9910250469319,489.8935241699219,19907528.0
2020-12-30,499.4060363769531,499.4060363769531,488.9422908528646,490.8447900390625,46292401.0
2020-12-31,504.16229248046875,504.16229248046875,498.45479482974645,500.3572940466539,29970398.0
2021-01-04,509.8698425292969,513.6748413541424,502.25984487960585,504.1623442920286,38770328.0
2021-01-05,515.5772705078125,515.5772705078125,508.9185234717337,509.8697730483164,34411866.0
2021-01-06,522.2360229492188,527.9435204677894,514.6260262577912,527.9435204677894,53030554.0
2021-01-07,537.4560546875,542.2123029590708,526.0410588357302,526.9923084900443,51166782.0
2021-01-08,551.7247924804688,551.7247924804688,543.1635457005993,551.7247924804688,59563555.0
2021-01-11,555.52978515625,555.52978515625,546.0172888350813,548.8710377314319,48810990.0
2021-01-12,562.1885986328125,567.8960970960898,553.6273509378966,554.5786006817762,50232426.0
2021-01-13,575.5059814453125,575.5059814453125,564.0909867720171,565.993485884233,62662393.0
2021-01-14,563.1397705078125,567.8960185695339,558.3835224460911,558.3835224460911,75288477.0
2021-01-15,571.7010498046875,594.5310418101991,571.7010498046875,590.7260431426139,92010500.0
2021-01-18,577.408447265625,578.3596967668864,565.0422037492278,578.3596967668864,45726476.0
2021-01-19,596.4334716796875,601.1897194602273,583.1159778941761,587.8722256747159,50672866.0
2021-01-20,615.4585571289062,618.3123062346044,600.238561898516,602.1410613023147,82066422.0
2021-01-21,640.1909790039062,645.8984765878935,608.7997422919763,608.7997422919763,89019137.0
2021-01-22,617.3609008789062,632.5808922719146,617.3609008789062,617.3609008789062,125179403.0
2021-01-25,602.1410522460938,614.507298184797,595.4823044329457,610.7022994344268,93050133.0
2021-01-26,586.9210205078125,608.7997619529984,580.2622731114516,601.1897649285859,100153482.0
2021-01-27,585.0184936523438,594.5309894840892,581.2134953196455,587.8722424018674,59985191.0
2021-01-28,571.7010498046875,578.3597974729618,568.8473008039986,570.7498001377912,96447533.0
2021-01-29,562.1885986328125,588.8235914614398,562.1885986328125,588.8235914614398,90745237.0
2021-02-01,581.2135009765625,582.1647505689955,558.3835107581706,565.9935074976345,67462398.0
2021-02-02,601.1897583007812,606.8972560061684,591.6772621251359,598.3360094480877,78429188.0
2021-02-03,599.2872924804688,610.7022885277157,599.2872924804688,606.8972898453001,48738970.0
2021-02-04,596.4334716796875,601.1897194602273,589.7747247869319,595.4822221235796,46371900.0
2021-02-05,601.1897583007812,609.751004858862,600.2385086832168,606.8972560061684,53267273.0
2021-02-17,630.6785278320312,635.4347761565564,627.8247788373162,630.6785278320312,107614290.0
2021-02-18,627.82470703125,632.5809548117898,624.0197088068182,631.6297052556819,53109010.0
2021-02-19,620.21484375,624.9710925517638,615.4585949482362,624.0198427914111,50279585.0
2021-02-22,618.312255859375,629.7272513521634,618.312255859375,627.8247521033654,36474610.0
2021-02-23,609.7510375976562,611.6535369349344,602.1410402485435,609.7510375976562,50076333.0
2021-02-24,594.5311279296875,604.99487578125,594.5311279296875,596.4336275390625,66206750.0
2021-02-25,604.0435180664062,604.9947677011564,597.3847706231545,604.9947677011564,43231417.0
2021-02-26,576.457275390625,587.8722709429146,576.457275390625,581.2135235374124,111861175.0
2021-03-02,579.3109741210938,591.6772182320531,579.3109741210938,590.7259686850563,54041533.0
2021-03-03,591.67724609375,591.67724609375,571.7010046661475,579.3110014004723,48252965.0
2021-03-04,571.7010498046875,581.2135464736507,571.7010498046875,579.311047139858,67711962.0
2021-03-05,571.7010498046875,575.5060484722728,555.52980546745,559.3348041350354,79918467.0
2021-03-08,568.8472900390625,580.2622858257996,568.8472900390625,578.3597865280101,43219772.0
2021-03-09,565.9935302734375,565.9935302734375,556.4810339663209,556.4810339663209,68768861.0
2021-03-10,567.89599609375,571.7009943925357,564.0909977949644,571.7009943925357,40146301.0
2021-03-11,579.3109741210938,582.1647227620844,565.9934804631376,566.9447300101344,54416046.0
2021-03-12,584.067138671875,587.8721363179458,579.3108916142864,585.0183880833927,33168846.0
2021-03-15,581.2135009765625,584.0672497538616,579.3110017916965,584.0672497538616,27416758.0
2021-03-16,583.1160888671875,583.1160888671875,577.4085904443439,580.2623396557657,36949425.0
2021-03-17,576.9075927734375,584.5487529426221,574.9973027311413,584.5487529426221,39517807.0
2021-03-18,574.9971313476562,581.6831445028615,574.9971313476562,578.8177102934878,29415526.0
2021-03-19,564.4907836914062,571.1767997418966,564.4907836914062,567.3562191416164,70866028.0
2021-03-22,566.4010009765625,571.1767261112722,559.714985787969,561.6252758418528,34089033.0
2021-03-23,567.3561401367188,575.9524452903054,566.4009951196535,570.2215751879143,29374037.0
2021-03-24,550.1635131835938,555.8943831125895,545.3877882427639,545.3877882427639,107253959.0
2021-03-25,549.2083740234375,554.9392440132473,544.4326490319294,546.3429390285327,67833354.0
2021-03-26,563.5355224609375,565.4458123675847,553.9840729277013,555.8943628343485,36829858.0
2021-03-29,572.1318969726562,574.9973321828699,569.2664617624426,572.1318969726562,37884733.0
2021-03-30,570.2215576171875,573.0869925800879,565.4458326790201,573.0869925800879,33099123.0
2021-03-31,560.6699829101562,570.2214306599034,560.6699829101562,569.2662858849286,38790886.0
2021-04-01,574.9971313476562,574.9971313476562,567.3559734559931,571.1765524018247,43091157.0
2021-04-07,582.6384887695312,586.4590690237577,580.728198642418,586.4590690237577,24603109.0
2021-04-08,585.50390625,585.50390625,575.9524559033442,578.8178910073409,23976625.0
2021-04-09,582.6384887695312,590.279649277984,581.6833437059746,590.279649277984,27303862.0
2021-04-12,577.8626708984375,585.5038301830449,575.9523810772856,584.548685272469,22606128.0
2021-04-13,577.8626708984375,585.5038301830449,576.9075259878616,576.9075259878616,25971622.0
2021-04-14,584.548828125,584.548828125,573.0870863970589,580.7282475490197,30077913.0
2021-04-15,591.2348022460938,591.2348022460938,579.773061330176,584.5487867118084,33530942.0
2021-04-16,582.6384887695312,583.5936338330878,575.952473324635,582.6384887695312,48507383.0
2021-04-19,575.9524536132812,579.7730337367525,574.0421635515456,577.8627436750169,24231637.0
2021-04-20,574.9971313476562,574.9971313476562,568.311118192451,571.1765524018247,34771635.0
2021-04-21,565.44580078125,572.1318153175148,565.44580078125,572.1318153175148,38458220.0
2021-04-22,564.4907836914062,571.1767997418966,564.4907836914062,569.2665094417565,33868521.0
2021-04-23,574.9971313476562,574.9971313476562,563.5353945101615,565.4456839830773,27754511.0
2021-04-26,582.6384887695312,582.6384887695312,575.952473324635,577.8627634517482,30887664.0
2021-04-27,582.6384887695312,583.5936338330878,577.8627634517482,580.728198642418,26317481.0
2021-04-28,574.9971313476562,580.7279997664036,574.0419866111984,578.8177102934878,24024054.0
2021-04-29,573.0870361328125,581.6833416748046,573.0870361328125,581.6833416748046,31828333.0
2021-05-03,561.625244140625,570.2215488978795,561.625244140625,568.3112589518229,41762441.0
2021-05-04,564.4907836914062,567.3562191416164,555.8944773407757,561.6253482411961,40273595.0
2021-05-05,558.7598266601562,567.3561316856972,558.7598266601562,567.3561316856972,29254785.0
2021-05-06,560.6699829101562,563.5354172350803,553.9839694853332,563.5354172350803,30725590.0
2021-05-07,572.1318969726562,573.0870420427275,562.5804462719441,567.3561716223002,28075722.0
2021-05-10,562.5804443359375,570.2216048702118,561.6252992691533,569.2664598034274,20434079.0
2021-05-11,545.3878173828125,553.9841227356064,544.4326723436131,553.0289776964071,59349193.0
2021-05-12,534.8812255859375,545.3878210885184,494.7651336669922,541.5672409057618,131741482.0
2021-05-13,522.46435546875,537.7466766524794,516.7334850248515,522.46435546875,66765627.0
2021-05-14,532.0157470703125,536.7914719093637,527.2400222312613,531.0606021025022,37533726.0
2021-05-17,524.3746337890625,532.9709392610143,516.7334733695498,519.598908526867,56270958.0
2021-05-18,546.3429565429688,547.29810157189,530.1054910513071,537.7466512826772,43689316.0
2021-05-19,541.5672607421875,546.3429861455578,539.6569705808394,545.3878410648837,28908777.0
2021-05-20,541.5672607421875,545.3878410648837,534.8812451774692,541.5672607421875,29709287.0
2021-05-21,547.2981567382812,551.1187372390721,542.5224311122928,546.3430116130836,27376731.0
2021-05-24,542.5223388671875,546.3429187183649,540.6120489415988,544.4326287927762,15629736.0
2021-05-25,556.8494873046875,557.8046322228773,547.2980381227889,550.1634728773585,33039911.0
2021-05-26,558.7598266601562,561.6252616686699,554.9392466488048,560.670116665832,18703987.0
2021-05-27,555.89453125,555.89453125,547.2982240657217,553.9842407646048,62169719.0
2021-05-28,563.5355224609375,565.4458123675847,555.8943628343485,560.6700876009667,29086873.0
2021-05-31,570.2215576171875,570.2215576171875,563.5355427037531,568.3112676419205,30657474.0
2021-06-01,571.1767578125,572.131902892454,568.311322572638,571.1767578125,17818326.0
2021-06-02,568.311279296875,573.0870043329832,566.4009892824317,573.0870043329832,21872755.0
2021-06-03,569.266357421875,573.0869370018876,569.266357421875,573.0869370018876,21077164.0
2021-06-04,568.311279296875,568.311279296875,563.5355542607668,564.4906992679885,15756180.0
2021-06-07,565.44580078125,568.3112355825064,556.849496377481,567.3560906487543,17077625.0
2021-06-08,562.5804443359375,568.3113147366432,561.6252992691533,563.5355894027218,13396324.0
2021-06-09,559.715087890625,561.6253782929821,556.8496522870894,559.715087890625,20023490.0
2021-06-10,572.1318969726562,572.1318969726562,560.6701561318017,564.4907364120866,28527745.0
2021-06-11,574.9971313476562,575.9522760841141,573.0868418747405,574.9971313476562,24227710.0
2021-06-15,581.6832885742188,581.6832885742188,578.817853655134,579.7729986281622,26012250.0
2021-06-16,577.8626708984375,580.7281056301653,577.8626708984375,580.7281056301653,25856919.0
2021-06-17,581.2196044921875,581.2196044921875,573.546738426284,576.4240632009979,22872361.0
2021-06-18,578.3422241210938,583.1377649512852,576.4240077890172,583.1377649512852,32652017.0
2021-06-21,559.1600341796875,569.7102235038326,559.1600341796875,565.8737910223252,44279632.0
2021-06-22,554.3646240234375,563.9557074840507,554.3646240234375,561.0783824458667,27823974.0
2021-06-23,570.6693725585938,573.5466971261161,557.2418579101562,559.1600742885045,34392376.0
2021-06-24,565.873779296875,573.5466441009004,563.9555630958687,573.5466441009004,16524230.0
2021-06-25,566.8330688476562,573.5468277003357,564.9148520326049,573.5468277003357,18841696.0
2021-06-28,565.873779296875,565.873779296875,562.0373468948623,565.873779296875,15028407.0
2021-06-29,570.6693725585938,573.5466971261161,566.8329398018973,573.5466971261161,28659610.0
2021-06-30,570.6693725585938,574.5058053152902,570.6693725585938,574.5058053152902,24883853.0
2021-07-01,568.751220703125,572.5876538950516,566.8330041071617,571.62854559707,18250994.0
2021-07-02,563.9556274414062,568.7511684910781,562.9965192314719,565.873843861275,18322419.0
2021-07-05,566.8330688476562,572.5877192928101,563.9557436250793,563.9557436250793,28836816.0
2021-07-06,567.7921142578125,571.6285474622572,564.914789354479,570.669439161146,12997112.0
2021-07-07,569.7102661132812,569.7102661132812,563.9556169606218,565.8738333448416,16966158.0
2021-07-08,563.9556274414062,570.6693849109469,563.9556274414062,570.6693849109469,21140426.0
2021-07-09,560.1193237304688,561.078432161514,556.2828900062874,558.2011068683781,29029415.0
2021-07-12,568.751220703125,572.5876538950516,565.87389580918,570.6694372990884,31304547.0
2021-07-13,582.1787109375,583.1378191927512,574.5058448954901,575.4649531507413,52540315.0
2021-07-14,587.933349609375,589.8515660844464,583.1378084216966,587.933349609375,38418875.0
2021-07-15,588.8923950195312,588.8923950195312,583.1377462082655,587.9332868843203,22012834.0
2021-07-16,564.9146728515625,570.6693214714426,563.9555647482492,566.8328890581893,57970545.0
2021-07-19,558.2009887695312,560.119205225784,554.3645558570258,559.1600969976575,40644341.0
2021-07-20,557.2418823242188,560.1192070178033,555.323665861829,555.323665861829,15354333.0
2021-07-21,561.078369140625,562.0374774639423,556.2828275240385,562.0374774639423,25828732.0
2021-07-22,566.8330688476562,569.7103940702332,562.9966352175537,564.9148520326049,26058172.0
2021-07-23,561.078369140625,567.7921274038462,559.1601524939904,567.7921274038462,15271451.0
2021-07-26,556.2827758789062,566.83296645592,556.2827758789062,566.83296645592,21619179.0
2021-07-27,556.2827758789062,560.1192088160021,556.2827758789062,557.2418841131803,17785992.0
2021-07-28,555.3236694335938,555.3236694335938,549.5690200094114,552.4463447215026,36158305.0
2021-07-29,559.1600341796875,561.0782504204411,553.4053854574265,561.0782504204411,23224896.0
2021-07-30,556.2827758789062,558.2009923474542,554.3645594103583,557.2418841131803,18999281.0
2021-08-02,565.873779296875,565.873779296875,556.2826982918432,559.1600225933528,23482491.0
2021-08-03,569.7102661132812,569.7102661132812,565.8738333448416,569.7102661132812,22747702.0
2021-08-04,571.6284790039062,573.5466953764026,569.7102626314099,573.5466953764026,20313271.0
2021-08-05,571.6284790039062,573.5466953764026,568.7511544451618,573.5466953764026,15116242.0
2021-08-06,566.8330688476562,571.6286108852845,563.9557436250793,571.6286108852845,13687213.0
2021-08-09,570.6693725585938,570.6693725585938,559.1600742885045,565.8738316127232,17390951.0
2021-08-10,566.8330688476562,571.6286108852845,564.9148520326049,571.6286108852845,17190865.0
2021-08-11,565.873779296875,565.873779296875,561.0782387943591,565.873779296875,19969687.0
2021-08-12,562.0374755859375,563.9556922261626,560.1192589457124,562.0374755859375,15444622.0
2021-08-13,557.2418823242188,561.0783152489983,555.323665861829,561.0783152489983,22524428.0
2021-08-16,560.1193237304688,562.0375405925594,554.3646731441968,558.2011068683781,19315705.0
2021-08-17,560.1193237304688,560.1193237304688,560.1193237304688,560.1193237304688,0.0
2021-08-18,550.5281372070312,551.4872454600052,542.8552711832399,544.7734876891877,43716164.0
2021-08-19,536.1415405273438,549.5690567480643,536.1415405273438,549.5690567480643,38868947.0
2021-08-20,529.4277954101562,539.9779869853587,528.4686870851378,537.1006620103035,45614061.0
2021-08-23,542.8552856445312,548.6099353156746,536.1415276948638,537.1006359733879,33685159.0
2021-08-24,548.6099853515625,551.4873104495601,547.6508769855633,550.5282020835609,24844800.0
2021-08-25,561.078369140625,561.078369140625,550.5281775841346,555.3237192007211,27504657.0
2021-08-26,569.7102661132812,578.3422398422704,566.8329415369516,576.4240234580506,43822008.0
2021-08-27,574.505859375,575.4649676544241,568.7512096984558,571.6285345367279,27105651.0
2021-08-30,580.260498046875,580.260498046875,574.505848479468,577.3831732631714,36575609.0
2021-08-31,588.8923950195312,588.8923950195312,573.5466648561559,579.3013136674216,52721470.0
2021-09-01,587.933349609375,588.8924578469107,583.1378084216966,588.8924578469107,30092045.0
2021-09-02,582.1787109375,589.8515769795099,582.1787109375,587.9333604690074,24112463.0
2021-09-03,594.6471557617188,594.6471557617188,585.0560726042717,585.0560726042717,51562454.0
2021-09-06,605.1973266601562,611.9110846421231,595.6062438287751,597.5244603950513,55589014.0
2021-09-07,597.5243530273438,608.0745422461251,597.5243530273438,608.0745422461251,26526056.0
2021-09-08,593.68798828125,601.3608540425586,586.974230740105,596.5653129417407,37817737.0
2021-09-09,593.68798828125,594.6470965014136,585.0560142997779,586.974230740105,18735512.0
2021-09-10,596.5653076171875,597.5244158287907,588.892441924362,589.8515501359651,16304725.0
2021-09-13,589.8516235351562,594.6471651899136,587.9334068732534,593.6880568589622,15198774.0
2021-09-14,587.933349609375,592.7288907970534,586.9742413718393,592.7288907970534,14441901.0
2021-09-15,582.1787109375,587.9333604690074,582.1787109375,585.0560357032537,23433501.0
2021-09-16,578.0839233398438,584.8282357788086,577.1204501342773,580.974342956543,22467022.0
2021-09-17,578.0839233398438,587.7186553955078,577.1204501342773,578.0839233398438,40717715.0
2021-09-22,564.5953979492188,567.4858180752386,561.7049778231989,564.5953979492188,40642293.0
2021-09-23,566.5222778320312,571.3396441401268,566.5222778320312,566.5222778320312,21696296.0
2021-09-24,576.1570434570312,576.1570434570312,568.449256922489,569.4127302393068,16736973.0
2021-09-27,580.0108032226562,580.0108032226562,571.3395453671681,578.0838570325477,19464241.0
2021-09-28,572.3031005859375,574.2300470525568,570.3761541193181,573.2665738192471,16707080.0
2021-09-29,558.814453125,561.7048727101293,555.9240335398707,558.814453125,49310524.0
2021-09-30,558.814453125,563.6318191002156,553.9970871497845,558.814453125,30465107.0
2021-10-01,553.0336303710938,557.8509964893088,550.1432107001647,557.8509964893088,36704493.0
2021-10-04,551.1067504882812,553.9971705083246,548.2163304682379,553.0336971683103,20957803.0
2021-10-05,551.1067504882812,551.1067504882812,539.5450704081076,541.4720170881365,33824024.0
2021-10-06,550.1432495117188,553.0336693865614,544.3624097620334,552.0701960949472,32508846.0
2021-10-07,558.814453125,560.7413995150862,551.1066675646551,553.9970871497845,27933054.0
2021-10-08,553.9970703125,561.704855638587,552.0701239809783,560.7413824728261,18279079.0
2021-10-12,553.9970703125,553.9970703125,543.3988654891305,549.1797044836957,26522907.0
2021-10-13,550.1432495117188,553.9971426781756,549.1797762201045,551.106722803333,18914374.0
2021-10-14,552.0701904296875,557.8510301200507,552.0701904296875,557.8510301200507,13916927.0
2021-10-15,578.0839233398438,578.0839233398438,564.595298461914,570.3761376953125,53150216.0
2021-10-18,568.4491577148438,581.9377817962129,568.4491577148438,581.9377817962129,19158568.0
2021-10-19,578.0839233398438,578.0839233398438,571.3396109008789,576.156976928711,17386359.0
2021-10-20,576.1570434570312,581.937883357938,575.1935701402135,580.9744100411201,16372520.0
2021-10-21,574.2300415039062,580.9743540719052,573.2665682799064,580.0108808479054,16169014.0
2021-10-22,578.0839233398438,580.0108697509766,572.3030841064453,578.0839233398438,13995403.0
2021-10-25,571.3396606445312,575.1935538023358,568.4492407761778,575.1935538023358,16785568.0
2021-10-26,577.1204833984375,578.0839566595367,571.3396438318422,573.2665903540407,19998808.0
2021-10-27,577.1204833984375,577.1204833984375,572.3031170929414,576.1570101373383,14961858.0
2021-10-28,573.2665405273438,576.1569600594144,569.4126478179162,576.1569600594144,16570044.0
2021-10-29,568.4491577148438,574.2299966068591,567.4856845661745,573.2665234581899,25763960.0
2021-11-01,568.4491577148438,571.3395771608515,568.4491577148438,569.412630863513,16089351.0
2021-11-02,570.376220703125,575.1935874320365,568.4492740115604,572.3031673946896,15192404.0
2021-11-03,570.376220703125,575.1935874320365,570.376220703125,575.1935874320365,10224009.0
2021-11-04,565.558837890625,572.3031511193037,563.6318912538597,570.3762044825384,17932145.0
2021-11-05,578.0839233398438,578.0839233398438,573.2665573120117,576.156976928711,33270827.0
2021-11-08,580.0108032226562,580.0108032226562,576.1569108424393,578.0838570325477,19752355.0
2021-11-09,588.6821899414062,594.4630297771647,587.7187166354465,588.6821899414062,39538660.0
2021-11-10,589.6456298828125,589.6456298828125,585.7917368770425,588.6821566313699,16027674.0
2021-11-11,583.8648071289062,583.8648071289062,578.0839674543626,578.0839674543626,18463848.0
2021-11-12,581.9378051757812,588.6821174874211,580.010858801027,587.7186443000439,15821327.0
2021-11-15,585.7916870117188,588.6821065200003,584.8282138422916,586.7551601811459,15551452.0
2021-11-16,587.71875,589.6456967213115,585.7918032786886,589.6456967213115,20917108.0
2021-11-17,587.71875,592.5361168032787,585.7918032786886,592.5361168032787,19717852.0
2021-11-18,590.6090698242188,591.5725430213218,584.8282306415999,590.6090698242188,20030651.0
2021-11-19,595.426513671875,600.2438802873432,594.4630403487813,599.2804069642496,35554348.0
2021-11-22,592.5360717773438,595.4264916396722,592.5360717773438,595.4264916396722,20312168.0
2021-11-23,589.6456298828125,592.53604963714,588.6821566313699,592.53604963714,19431694.0
2021-11-24,580.9743041992188,589.6455624708489,580.0108310579265,589.6455624708489,20391940.0
2021-11-25,580.9743041992188,584.8281967643877,579.0473579166343,582.9012504818032,11888265.0
2021-11-26,574.2300415039062,579.0474076239054,570.3761486079069,576.156987951906,26588102.0
2021-11-29,571.3396606445312,576.157027091787,569.412714065629,572.3031339339824,23379558.0
2021-11-30,574.2300415039062,578.0839343999056,569.4126753839071,575.1935147279061,62021697.0
2021-12-01,578.0839233398438,580.974342956543,572.3030841064453,574.2300305175781,21403404.0
2021-12-02,592.5360717773438,592.5360717773438,580.0109190405868,582.9013389029154,45125742.0
2021-12-03,585.7916870117188,591.5725260282818,583.8647406728644,591.5725260282818,23045832.0
2021-12-06,578.0839233398438,586.7551821899414,578.0839233398438,580.974342956543,23589363.0
2021-12-07,584.8282470703125,584.8282470703125,575.193514828627,580.0108809494698,18606530.0
2021-12-08,580.0108032226562,591.5724803633072,580.0108032226562,591.5724803633072,20801543.0
2021-12-09,585.7916870117188,585.7916870117188,580.0108479951557,583.8647406728644,11039070.0
2021-12-10,582.9013061523438,585.7917258522727,580.0108864524148,582.9013061523438,10497451.0
2021-12-13,579.04736328125,587.7186216332154,579.04736328125,586.755148482997,17711657.0
2021-12-14,577.1204833984375,578.0839566595367,575.193536876239,576.1570101373383,22579034.0
2021-12-15,578.0839233398438,579.0473965454102,574.2300305175781,575.1935037231445,21827730.0
2021-12-16,585.5853271484375,585.5853271484375,581.7136886218362,585.5853271484375,21809022.0
2021-12-17,587.5210571289062,587.5210571289062,579.7777812524133,581.7136002215366,24105733.0
2021-12-20,578.8098754882812,587.5210609053289,578.8098754882812,587.5210609053289,21381070.0
2021-12-21,577.8419799804688,580.7457085230842,575.9061609520585,577.8419799804688,17001461.0
2021-12-22,580.7456665039062,581.7135759480794,578.8098476155599,578.8098476155599,9831802.0
2021-12-23,586.5531616210938,588.4889806363449,582.6815235905915,587.5210711287193,16654439.0
2021-12-24,584.6173095703125,589.4568568349674,584.6173095703125,586.5531284761745,11059689.0
2021-12-27,586.5531616210938,590.424799651596,584.6173426058426,584.6173426058426,16259872.0
2021-12-28,595.264404296875,595.264404296875,590.4248562944614,590.4248562944614,33892718.0
2021-12-29,596.2322998046875,599.1360285375025,594.2964806494775,595.2643902270825,24518766.0
2021-12-30,595.264404296875,600.1039522992886,595.264404296875,599.1360426988059,19681276.0
2022-01-03,610.7509155273438,611.7188250606675,598.1680915941338,599.1360011274577,69089158.0
2022-01-04,634.9486694335938,634.9486694335938,623.3337547488329,624.3016643058963,79434666.0
2022-01-05,629.14111328125,647.5313919771635,625.2694756610576,647.5313919771635,69593809.0
2022-01-06,623.333740234375,625.2695593034259,615.5904639581717,617.5262830272225,53210211.0
2022-01-07,613.6546630859375,625.2695778446619,611.7188439594835,622.3658491549808,38249908.0
2022-01-10,622.3657836914062,624.3016026142411,606.8792323087274,607.8471417701448,38289770.0
2022-01-11,630.1090698242188,630.1090698242188,618.4941560947401,625.269522436936,33196585.0
2022-01-12,638.8203125,638.8203125,629.1412168560606,635.9165838068182,38860063.0
2022-01-13,639.7882080078125,640.7561175509408,633.9807507490426,636.8844793784275,38137411.0
2022-01-14,650.4351806640625,651.4030901590983,639.7881762186686,651.4030901590983,95200777.0
2022-01-17,661.0821533203125,665.9217005627745,656.2426060778505,663.0179722172973,59614236.0
2022-01-18,640.7561645507812,659.1464472191572,640.7561645507812,656.242718376782,43593330.0
2022-01-19,633.0128173828125,638.8202744230218,630.1090888627078,631.0769983694095,40381333.0
2022-01-20,630.1090698242188,635.9165266889581,625.269522436936,629.1411603467621,46474584.0
2022-01-21,620.4299926757812,625.2695402005534,616.5583546559636,623.3337211906445,49577684.0
2022-01-24,632.0449829101562,633.9808021533727,616.5584289644249,618.4942482076414,47134502.0
2022-01-25,620.4299926757812,624.301630695599,617.526264160918,622.3658116856901,52318736.0
2022-01-26,615.5903930664062,620.4299401817082,614.6224836433458,614.6224836433458,29957189.0
2022-02-07,614.6224975585938,623.3336825633612,610.7508597786971,623.3336825633612,56836469.0
2022-02-08,607.8472290039062,624.301692209426,607.8472290039062,624.301692209426,39718217.0
2022-02-09,612.6867065429688,616.5583444990065,609.7829780759405,614.6225255209876,30048791.0
2022-02-10,628.1732788085938,628.1732788085938,616.558364562518,618.4941836035307,34587133.0
2022-02-11,629.14111328125,629.14111328125,621.3978380408654,625.2694756610576,26723278.0
2022-02-14,616.5582885742188,620.4299261790804,614.6224697717879,619.462016777865,27826382.0
2022-02-15,612.6867065429688,618.4941634770253,612.6867065429688,612.6867065429688,21970460.0
2022-02-16,625.26953125,625.26953125,619.4620743034055,624.301621758901,25191741.0
2022-02-17,624.3015747070312,625.2694841251817,620.4299370344295,623.3336652888809,18135080.0
2022-02-18,616.5582885742188,618.4941073766496,615.5903791730033,617.5261979754341,20804191.0
2022-02-21,611.7188110351562,615.5904490796826,611.7188110351562,612.6867205462878,23797502.0
2022-02-22,606.8792724609375,609.7830010373057,604.9434534100254,607.8471819863936,34086593.0
2022-02-23,604.9435424804688,608.8151811523437,603.0077231445313,603.9756328125,31953054.0
2022-02-24,584.6173095703125,599.1359513642772,584.6173095703125,598.1680419113462,73663161.0
2022-02-25,584.6173095703125,589.4568568349674,580.7456717585886,580.7456717585886,89012516.0
2022-03-01,584.6173095703125,590.4247662878984,579.7777623056576,579.7777623056576,66720867.0
2022-03-02,581.713623046875,585.5852611370373,580.7457135243344,581.713623046875,40693457.0
2022-03-03,582.6814575195312,587.5210045088961,581.7135481216583,583.6493669174042,33792420.0
2022-03-04,575.9061279296875,577.8419468470983,573.0023995535714,575.9061279296875,55917115.0
2022-03-07,557.5158081054688,562.3553550508287,556.5478987163967,561.3874456617567,86496560.0
2022-03-08,544.9329833984375,551.7083490890042,542.9971646297041,542.9971646297041,79029914.0
2022-03-09,549.7725830078125,554.6121303934447,548.804673530686,548.804673530686,52155415.0
2022-03-10,568.1629028320312,570.0987219217486,563.3233551077379,566.227083742314,45630467.0
2022-03-11,556.5479125976562,563.3232784901495,555.580003184443,562.3553690769362,38943098.0
2022-03-14,553.644287109375,558.4838350736178,553.644287109375,555.5801062950721,33919577.0
2022-03-15,540.0935668945312,544.9331149849841,540.0935668945312,543.9652053668934,74092231.0
2022-03-16,542.7684936523438,549.5774174078391,539.8503834714171,548.6047140141969,43438327.0
2022-03-17,566.11328125,567.0859844823883,559.3043586232818,562.2224683204468,60959900.0
2022-03-18,565.140625,566.1133283132531,560.277108433735,566.1133283132531,46242430.0
2022-03-21,570.004150390625,572.92226037556,567.08604040569,567.08604040569,21400273.0
2022-03-22,567.0859985351562,570.0041083046339,561.2497789962009,561.2497789962009,20246949.0
2022-03-23,573.8949584960938,573.8949584960938,570.0041452181541,573.8949584960938,25902069.0
2022-03-24,574.8677368164062,575.840440262796,569.0315161380671,570.9769230308468,20060758.0
2022-03-25,581.6765747070312,581.6765747070312,578.7584648004743,580.7038714048456,26122381.0
2022-03-28,568.0587768554688,570.0041836255217,564.1679633153628,565.1406667003893,26391576.0
2022-03-29,572.9221801757812,572.9221801757812,568.0586642150361,570.0040705993341,14892032.0
2022-03-30,583.6219482421875,583.6219482421875,580.7038385009765,582.6492449951172,41230239.0
2022-03-31,580.703857421875,585.567373815693,577.7857475855842,585.567373815693,22700114.0
2022-04-01,572.9221801757812,572.9221801757812,568.0586642150361,569.031367407185,29732696.0
2022-04-06,562.2225341796875,564.1679408723508,559.3044241406926,562.2225341796875,37645873.0
2022-04-07,550.550048828125,557.3589716934905,550.550048828125,555.413565160529,42904743.0
2022-04-08,551.5227661132812,554.4408759868965,550.5500628220761,551.5227661132812,28024587.0
2022-04-11,542.7684936523438,550.5501208014813,542.7684936523438,547.6320106205546,36820094.0
2022-04-12,541.7957763671875,548.6046999481036,536.932259523676,538.8776662610805,30671407.0
2022-04-13,557.3590087890625,560.2771187827225,547.6319754768625,548.6046788080824,35865970.0
2022-04-14,557.3590087890625,562.2225254451625,557.3590087890625,561.2498221139425,19056590.0
2022-04-15,546.6591796875,550.549992354315,545.6864765207963,546.6591796875,28253360.0
2022-04-18,545.6864624023438,550.5499781100295,542.7683529777323,543.7410561192695,15800959.0
2022-04-19,549.5773315429688,553.4681445096446,547.6319250596308,550.5500347846378,16614705.0
2022-04-20,554.4407958984375,554.4407958984375,546.6591706928454,554.4407958984375,27606307.0
2022-04-21,549.5773315429688,555.4135509929826,549.5773315429688,555.4135509929826,18383650.0
2022-04-22,542.7684936523438,543.7411970459859,541.7957902587016,542.7684936523438,29283846.0
2022-04-25,532.0687255859375,536.9322422731947,531.0960222484861,534.9868355982918,43389591.0
2022-04-26,531.0960083007812,535.9595248603122,529.1506016769689,534.986821548406,35825421.0
2022-04-27,511.6418762207031,517.4780953410914,511.6418762207031,515.5326889676286,55941533.0
2022-04-28,516.5054321289062,517.4781353909193,508.7238060328022,515.5327288668933,45380836.0
2022-04-29,523.3143310546875,532.0686600128514,520.3962214019662,532.0686600128514,36664644.0
2022-05-03,516.5054321289062,525.2597614870233,515.5327288668933,523.3143549629973,26317509.0
2022-05-04,519.4235229492188,522.3416326287087,515.5327100432321,518.450819722722,16569622.0
2022-05-05,527.2051391601562,529.1505455777213,524.2870295338085,528.1778423689389,20374772.0
2022-05-06,513.5872802734375,516.5053898204457,511.64187390876543,513.5872802734375,32467268.0
2022-05-09,505.80572509765625,509.6965383676382,505.80572509765625,508.7238350501427,23709774.0
2022-05-10,503.8603210449219,504.8330243674024,491.2151778526748,492.1878811751553,41679907.0
2022-05-11,506.7784423828125,511.6419591043366,503.860332349898,503.860332349898,27157254.0
2022-05-12,491.21514892578125,503.8602913733756,491.21514892578125,501.9148848429765,32532963.0
2022-05-13,497.0513916015625,499.9695015326871,492.1878750496881,493.16057836006297,29074177.0
2022-05-16,505.80572509765625,509.6965383676382,503.86031846266525,506.7784284151517,21163106.0
2022-05-17,515.5327758789062,518.450885931051,505.80574237175705,506.778445722472,24496974.0
2022-05-18,523.3143310546875,526.2324407074087,519.4235181843924,526.2324407074087,30568176.0
2022-05-19,507.7511291503906,512.6146457131339,505.80572252529333,508.7238324629393,29019751.0
2022-05-20,515.5327758789062,517.4781825803361,508.7238524239018,509.69655577461674,22651205.0
2022-05-23,513.5872802734375,519.4234993674538,513.5872802734375,518.4507961851178,17054170.0
2022-05-24,505.80572509765625,516.5054615901066,505.80572509765625,515.5327582726112,17802308.0
2022-05-25,509.6965026855469,514.5600189325463,505.8056896879473,507.7510961867471,22176476.0
2022-05-26,499.9695129394531,510.66924959769045,498.99680960688613,508.7238429325564,28327403.0
2022-05-27,515.5327758789062,515.5327758789062,507.7511490731869,509.69655577461674,27866643.0
2022-05-30,532.0687255859375,532.0687255859375,522.3416922114232,523.3143955488746,34476433.0
2022-05-31,544.7138061523438,544.7138061523438,525.259741646903,527.205148097447,72405873.0
2022-06-01,534.0140991210938,539.8503187836194,533.0413958440062,534.9868023981813,29155176.0
2022-06-02,525.2598266601562,530.1233435736762,525.2598266601562,529.1506401909722,21420890.0
2022-06-06,525.2598266601562,529.1506401909722,523.3144198947482,526.2325300428603,17615003.0
2022-06-07,520.396240234375,523.3143499926986,517.4781304760514,520.396240234375,19497532.0
2022-06-08,529.1505737304688,530.1232769910027,523.314354167265,524.287057427799,18835521.0
2022-06-09,526.2324829101562,527.2051862057388,522.341669727826,523.3143730234086,16338602.0
2022-06-10,515.5327758789062,518.450885931051,514.5600725281913,515.5327758789062,21357130.0
2022-06-13,501.9149169921875,504.83302697470026,500.94221366468327,503.860323647196,32854092.0
2022-06-14,498.9967956542969,499.9694989596659,493.1605758220829,493.1605758220829,36304444.0
2022-06-15,495.10595703125,500.94217656403487,494.1332537757859,494.1332537757859,35680283.0
2022-06-16,496.81744384765625,504.6413406011626,495.8394567534679,503.6633535069743,26909199.0
2022-06-17,489.9715576171875,491.92753189909246,488.01558333528254,488.5045769057588,43566737.0
2022-06-20,487.03759765625,490.9495462318022,484.10363622458584,488.9935719440261,34209693.0
2022-06-21,493.8835144042969,493.8835144042969,488.0155914608795,489.97156577535196,33223685.0
2022-06-22,483.6146240234375,491.92751442626707,483.6146240234375,489.9715402138366,31034893.0
2022-06-23,474.8127136230469,482.6366100370209,474.3237200971735,481.16962945940077,43548940.0
2022-06-24,475.7907409667969,481.65866377419826,474.81275383222993,478.72470237049754,27911980.0
2022-06-27,487.52655029296875,494.8614532562531,484.592589107655,485.0815826385406,37909718.0
2022-06-28,486.548583984375,488.99355174309045,485.0816033291457,485.0816033291457,15274062.0
2022-06-29,480.19171142578125,487.52661536813025,480.19171142578125,485.08164738734723,30533789.0
2022-06-30,465.5218505859375,475.7907149370979,465.5218505859375,473.8347407749721,46311432.0
2022-07-01,443.51715087890625,463.5658864754169,442.53916377663745,461.12091871974485,61744377.0
2022-07-04,430.3143310546875,441.5611828890714,430.3143310546875,433.2482924027877,52445919.0
2022-07-05,436.1822814941406,441.5612109744495,423.4684481770468,439.60523661797356,50084244.0
2022-07-06,425.91339111328125,437.6492365630158,425.4243975528757,432.2703073985541,40549763.0
2022-07-07,447.4291076660156,448.8960883468878,428.84735237496795,432.27030729700306,48151202.0
2022-07-08,456.719970703125,460.1429255156752,451.3410417119747,459.65393197102514,37897895.0
2022-07-11,451.8300476074219,460.14293809370565,450.8520604913885,457.6979703036222,21941710.0
2022-07-12,439.605224609375,447.91811539731646,439.605224609375,447.91811539731646,23036423.0
2022-07-13,460.1429443359375,462.58791215918905,455.74200225408475,460.1429443359375,44035695.0
2022-07-14,464.54388427734375,466.9888520893297,452.80803877981083,455.74200015419405,31936258.0
2022-07-15,481.6585998535156,483.12558036068367,466.4998012794456,470.41174929856044,51846909.0
2022-07-18,484.59259033203125,487.52655152475796,477.74668088233557,484.59259033203125,39179575.0
2022-07-19,480.19171142578125,482.14768581040767,475.7907690603718,476.768756252685,19874865.0
2022-07-20,484.1036376953125,491.92753487018626,480.68068268130526,490.94954772332704,35436652.0
2022-07-21,489.9715576171875,489.9715576171875,483.12564763052023,485.08162191242513,22285593.0
2022-07-22,491.927490234375,493.88346435061504,488.9935290600149,493.88346435061504,25216400.0
2022-07-25,488.5045471191406,491.92750190375926,487.03756649716127,488.99354065980043,15245346.0
2022-07-26,484.1036376953125,488.50457985617896,480.1916891078756,488.50457985617896,18024265.0
2022-07-27,490.94952392578125,490.94952392578125,480.19166583179003,483.12562713015126,17166365.0
2022-07-28,489.9715576171875,497.7954547448073,488.01558333528254,497.7954547448073,33844011.0
2022-07-29,497.7954406738281,498.77342778713626,492.9055051072876,496.81745356052,29045617.0
2022-08-01,492.905517578125,496.8174661303324,488.9935690259177,494.8614918542287,24117969.0
2022-08-02,481.1696472167969,485.0815955681529,477.74669240936026,483.1256213924749,39838155.0
2022-08-03,489.9715576171875,489.9715576171875,482.1476604895677,483.12564763052023,27603474.0
2022-08-04,488.9935302734375,491.92749145507815,484.1035949707031,488.01554321289063,26027618.0
2022-08-05,504.641357421875,504.641357421875,495.8394732807958,497.795447534369,32784279.0
2022-08-08,500.7294006347656,503.66336196660995,497.7954393029213,498.7734264135361,19333128.0
2022-08-09,498.77337646484375,499.7513634775199,492.9054543887867,495.8394154268152,21164373.0
2022-08-10,488.9935302734375,491.92749145507815,488.50453674316407,488.9935302734375,20861380.0
2022-08-11,502.6853942871094,502.6853942871094,498.7734456934354,501.7074071386909,23740033.0
2022-08-12,505.6193542480469,506.5973413935944,502.6853928114044,503.6633799569519,19535923.0
2022-08-15,511.48724365234375,512.465230733897,507.5752953261308,508.55328240768404,21273166.0
2022-08-16,513.4432373046875,514.4212244233631,511.48726306733636,514.4212244233631,20720414.0
2022-08-17,515.3992309570312,515.3992309570312,509.5313080239341,512.4652694904827,27143102.0
2022-08-18,508.5532531738281,509.5312401991624,507.5752661484938,508.5532531738281,17831084.0
2022-08-19,507.5753479003906,511.4872966318002,505.61937353468585,507.5753479003906,14022812.0
2022-08-22,500.7294006347656,502.6853748559952,498.7734264135361,499.75141352415085,11494000.0
2022-08-23,492.905517578125,494.8614918542287,490.94954330202137,491.92753044007316,19191108.0
2022-08-24,491.927490234375,496.81742552497514,491.927490234375,492.90547729249505,14363212.0
2022-08-25,496.81744384765625,498.7734180360328,492.905495470903,493.8834825650913,9357138.0
2022-08-26,500.7294006347656,503.66336196660995,499.75141352415085,501.7073877453804,12914846.0
2022-08-29,487.52655029296875,490.94950500916815,485.0815826385406,486.0595697003119,26590824.0
2022-08-30,485.0815734863281,488.993521659605,485.0815734863281,486.54855405130695,24214535.0
2022-08-31,493.8835144042969,493.8835144042969,481.16968136022587,481.16968136022587,39357089.0
2022-09-01,479.7026672363281,484.5926026821623,479.2136736917447,484.10360913757887,39168672.0
2022-09-02,474.3237609863281,478.7247030985724,474.3237609863281,477.257722394491,29982959.0
2022-09-05,475.3017272949219,477.25770148132074,473.34575310852307,474.3237402017225,15903415.0
2022-09-06,478.2356872558594,480.6806549821163,475.7907195296024,477.746693710608,16700285.0
2022-09-07,462.098876953125,467.4778056795635,461.6098834325397,466.49981863839287,34678562.0
2022-09-08,464.54388427734375,464.54388427734375,461.60992290296053,462.5879100277549,27931552.0
2022-09-12,475.7907409667969,480.1916830723479,474.3237602649465,474.3237602649465,21597212.0
2022-09-13,482.14764404296875,484.10361825815323,480.1916698277843,484.10361825815323,16507036.0
2022-09-14,469.4338073730469,471.8787751197815,465.5218589782715,467.9668267250061,22645714.0
2022-09-15,468.6960754394531,472.1387538529643,468.204264237523,468.204264237523,23104850.0
2022-09-16,464.2697448730469,464.2697448730469,461.31887785054874,462.79431136179784,39087513.0
2022-09-19,459.3516845703125,465.25341927571264,458.8598733448625,464.2697968248126,17182380.0
2022-09-20,468.6960754394531,470.1715090452437,462.3025298143609,462.79434101629107,19842582.0
2022-09-21,463.2861633300781,467.7124642536139,460.8271072614471,465.7452193987091,24154633.0
2022-09-22,456.8926086425781,460.33528707153187,451.48268539707936,454.43355262189687,29702508.0
2022-09-23,447.5481872558594,452.9581103985126,447.5481872558594,450.990865619366,29757787.0
2022-09-26,439.1874084472656,446.56457656228133,435.74472999359165,435.74472999359165,32342267.0
2022-09-27,440.6628112792969,444.1054894924164,438.6955665860857,441.64643362590243,24961404.0
2022-09-28,430.82659912109375,441.6464452177422,430.82659912109375,439.67920047289704,34402652.0
2022-09-29,427.875732421875,436.2365225956358,424.92486530172414,435.74471140894394,41094780.0
2022-09-30,415.0886535644531,420.4985767744164,415.0886535644531,417.5477095689819,48266800.0
2022-10-03,410.1705627441406,417.5477311388194,409.6787515178287,411.6459964230764,36044395.0
2022-10-04,421.9740295410156,424.9248968804633,420.00678464805054,422.46584076425694,40375000.0
2022-10-05,437.71197509765625,443.61370959335494,434.7611078498069,437.2201638896813,46496536.0
2022-10-06,443.61370849609375,443.61370849609375,439.6792188420264,443.1218972893353,30331834.0
2022-10-07,430.82659912109375,441.1546340315309,429.84297674867116,441.1546340315309,31941781.0
2022-10-11,394.9244079589844,405.7442547523812,394.4325967411027,401.31795379144614,95793819.0
2022-10-12,390.9898681640625,393.44892393867923,389.0226235443691,390.49805700913913,53570085.0
2022-10-13,388.5308837890625,396.39986371390427,388.5308837890625,393.9408074873912,38046284.0
2022-10-14,405.25244140625,409.18693112864077,402.3015741144569,407.7114974827442,54504366.0
2022-10-17,390.49810791015625,396.89165375755175,389.5144854720954,393.44897522433877,41512192.0
2022-10-18,400.3343200683594,400.3343200683594,392.95715200813163,399.8425088643442,40093216.0
2022-10-19,389.02264404296875,398.3670564788934,389.02264404296875,397.3834341172171,46385177.0
2022-10-20,390.9898681640625,390.9898681640625,379.6782116008255,384.59632315005894,52938069.0
2022-10-21,383.12091064453125,391.97351191744724,383.12091064453125,389.02264482647524,35923505.0
2022-10-24,380.661865234375,390.98990033763323,380.661865234375,388.530844360667,46714078.0
2022-10-25,364.9239501953125,376.2356090288599,364.9239501953125,373.7765527606974,76416687.0
2022-10-26,369.8420104980469,372.7928776030845,363.94027628797164,364.4320874721446,58850484.0
2022-10-27,379.1864318847656,382.6291102546662,376.23556471056514,378.20280949336546,45684455.0
2022-10-28,373.2846984863281,375.74375447108656,368.858397713763,373.2846984863281,40184472.0
2022-10-31,383.61273193359375,383.61273193359375,374.76013042743386,379.67824237530044,38409054.0
2022-11-01,385.0881652832031,386.56359886666365,379.6782421438478,382.137298116282,41426496.0
2022-11-02,388.5308837890625,388.5308837890625,382.13733760012855,384.59639382664164,22535650.0
2022-11-03,377.71099853515625,380.66186571121216,377.21918733914697,378.6946209271749,39731333.0
2022-11-04,375.7437744140625,378.2028305293378,372.3010958526771,374.7601519679524,28397417.0
2022-11-07,383.61273193359375,386.5635991023137,380.66186476487377,383.61273193359375,35387706.0
2022-11-08,392.4653625488281,392.9571737800923,387.54725023618613,388.5308726987145,31838223.0
2022-11-09,410.1705627441406,410.1705627441406,396.8916596337188,396.8916596337188,52260831.0
2022-11-10,400.82611083984375,404.7606002714005,399.35067730301,402.30154437667755,32044942.0
2022-11-11,434.269287109375,434.76109830655435,427.8757415460433,434.269287109375,80016195.0
2022-11-14,437.71197509765625,442.6300871774052,434.26929664183194,442.6300871774052,61933190.0
2022-11-15,472.1387634277344,479.02412039438883,454.43355979919437,457.3844270706177,113379796.0
2022-11-16,479.0241394042969,485.9094966441944,473.61421585866316,483.45044048708814,85726375.0
2022-11-17,477.056884765625,477.056884765625,467.2206603374678,474.5978286585857,45144984.0
2022-11-18,479.0241394042969,485.9094966441944,478.0405169414544,483.45044048708814,35859717.0
2022-11-21,474.1059875488281,481.48315540487835,472.6305539776181,479.515910643265,29710180.0
2022-11-22,482.9586181640625,482.9586181640625,468.20428156027236,468.20428156027236,37343127.0
2022-11-23,483.94219970703125,487.8766891355437,480.49952145708284,486.40125559985154,33475337.0
2022-11-24,487.8766784667969,487.8766784667969,483.9421891243227,485.9094337955598,27396552.0
2022-11-25,489.8439636230469,489.8439636230469,485.9094739553919,485.9094739553919,39949969.0
2022-11-28,472.6305847167969,481.974997942207,472.6305847167969,478.04050816308694,38926919.0
2022-11-29,479.0241394042969,480.0077618671394,465.2534249245019,465.7452361559232,38182197.0
2022-11-30,481.9749755859375,481.9749755859375,474.5978075922752,475.0896187918527,57111603.0
2022-12-01,490.33575439453125,499.68016696574097,490.33575439453125,497.71292221390735,41746878.0
2022-12-02,484.43402099609375,488.86032169555045,481.9749650519512,481.9749650519512,28319679.0
2022-12-05,480.9913635253906,489.3521540979179,480.9913635253906,483.4504195761339,28360444.0
2022-12-06,470.1715087890625,480.9913552256309,470.1715087890625,480.0077328223065,40561068.0
2022-12-07,467.22064208984375,477.5486773360403,467.22064208984375,469.1878868986431,36563503.0
2022-12-08,463.7779846191406,467.2206631900144,459.3516835994457,467.2206631900144,27238567.0
2022-12-09,473.61419677734375,476.56506404698456,468.204273449669,470.1715182960962,25915337.0
2022-12-12,467.22064208984375,470.1715093030428,465.74520848324426,468.69607569644324,20973334.0
2022-12-13,463.7779846191406,468.2042856388355,463.2861733947301,465.25341829237226,33272826.0
2022-12-14,472.6305847167969,472.6305847167969,464.2697939361667,464.2697939361667,30636639.0
2022-12-15,475.3511047363281,476.3403890333861,469.4153989539807,470.89932539956754,24222008.0
2022-12-16,465.952880859375,465.952880859375,460.5118174947751,461.50110174288415,47601400.0
2022-12-19,461.5011291503906,464.46898207097195,460.0172026901,461.5011291503906,21075559.0
2022-12-20,452.5975341796875,461.99573434298156,450.1243236103996,460.0171658875512,31139235.0
2022-12-21,454.0814514160156,458.03858824752774,452.10288300025957,455.07073562389365,36182644.0
2022-12-22,462.9850158691406,463.9743000910832,459.0278789813702,461.5010895362267,14047382.0
2022-12-23,450.12432861328125,453.58682344876803,450.12432861328125,452.5975392100575,24927413.0
2022-12-26,451.6082763671875,452.1029185099774,448.64042351044804,449.135065653238,8793306.0
2022-12-27,452.1029052734375,457.5439686848246,452.1029052734375,453.0921895300533,10264001.0
2022-12-28,446.1672058105469,447.1564900806368,441.2207844600974,446.1672058105469,32578949.0
2022-12-29,441.2207946777344,444.6832897032323,437.7582996522365,439.2422260917356,23020759.0
2022-12-30,443.6939697265625,451.6082434340597,443.6939697265625,450.124317113904,21683478.0
2023-01-03,448.1457824707031,448.6404246147105,438.2529395905552,441.2207924545995,14885824.0
2023-01-04,444.68328857421875,450.124352171901,443.69400428373103,444.68328857421875,19188422.0
2023-01-05,453.5868225097656,454.57610674642814,450.1243276814468,454.08146462809685,23549581.0
2023-01-06,453.5868225097656,454.57610674642814,450.1243276814468,450.1243276814468,20886011.0
2023-01-09,475.8457336425781,475.8457336425781,462.49039600396105,462.98503813872463,46666263.0
2023-01-10,480.7921447753906,481.78142902389965,477.8242920298635,480.7921447753906,32646014.0
2023-01-11,479.3082275390625,482.77072247484523,476.8350168706463,481.78143820747874,21051115.0
2023-01-12,481.28680419921875,482.77073062532116,478.81359348904806,482.276088483287,20963689.0
2023-01-13,494.6421203613281,503.5456785278321,493.6528361206055,501.56711004638674,77606949.0
2023-01-16,499.58856201171875,502.5564148553527,497.6099934492961,500.5778462929301,34373918.0
2023-01-17,497.6099853515625,498.5992696166749,494.1474904236689,498.5992696166749,27770329.0
2023-01-30,537.181396484375,537.181396484375,528.2778374266229,536.1921121446247,124428936.0
2023-01-31,516.4063720703125,532.2349198732339,515.4170878326299,531.2456356355514,72530854.0
2023-02-01,524.3206787109375,527.2885316093013,516.4064043153007,526.2992473098467,33710990.0
2023-02-02,534.2135009765625,536.1920694986978,531.2456481933593,532.234932454427,43077053.0
2023-02-03,536.1920166015625,536.1920166015625,530.2563116207334,534.2134482746194,31635865.0
2023-02-06,520.363525390625,527.2885152722492,520.363525390625,526.2992310034458,30870136.0
2023-02-07,517.3956909179688,522.342112437261,516.4064066141103,518.3849752218272,23481767.0
2023-02-08,534.2135009765625,534.2135009765625,528.2777954101563,532.234932454427,35096191.0
2023-02-09,534.2135009765625,534.2135009765625,530.2563639322916,534.2135009765625,18861972.0
2023-02-10,539.159912109375,540.1491963517775,535.2027751397649,538.1706278669725,28495684.0
2023-02-13,535.2027587890625,538.1706114256007,532.2349061525242,538.1706114256007,22768977.0
2023-02-14,539.159912109375,540.1491963517775,537.1813436245699,538.1706278669725,21883297.0
2023-02-15,519.374267578125,526.2992578125,516.4064146205357,520.3635518973214,61796793.0
2023-02-16,522.342041015625,525.3098935213956,518.3849043412642,522.342041015625,29975138.0
2023-02-17,512.4492797851562,518.3849857286136,510.4707111373371,518.3849857286136,28121975.0
2023-02-20,511.4599914550781,513.4385600873995,505.52428555811395,508.49213850659606,20065156.0
2023-02-21,510.470703125,511.4599874333818,507.50285019985466,509.4814188166182,13504100.0
2023-02-22,501.567138671875,503.5457072662414,499.5885700775087,500.5778543746918,24575245.0
2023-02-23,512.4492797851562,515.4171327568849,504.53500519387967,506.5135738416988,25376835.0
2023-02-24,505.5242614746094,519.374241241037,505.5242614746094,518.3849569720064,41692491.0
2023-03-01,516.4063720703125,516.4063720703125,498.5992557920259,498.5992557920259,39560848.0
2023-03-02,513.4385375976562,514.4278218704841,509.4814005063448,513.4385375976562,16558784.0
2023-03-03,510.470703125,519.3742619004361,510.470703125,518.3849775920543,23253895.0
2023-03-06,515.4170532226562,518.3849057364143,511.4599165376455,514.4277690514036,21922085.0
2023-03-07,518.3849487304688,520.3635172370737,513.4385274639567,515.4170959705615,24861078.0
2023-03-08,515.4170532226562,517.3956215651617,512.4492007088982,515.4170532226562,24512408.0
2023-03-09,516.4063720703125,520.3635090210429,516.4063720703125,519.3742247833603,21557577.0
2023-03-10,507.5028076171875,510.47066029331137,505.5242391664382,509.48137606793676,24045605.0
2023-03-13,510.470703125,512.4492717417636,503.5457129663275,507.50285019985466,21466947.0
2023-03-14,504.53497314453125,508.49211018880203,504.53497314453125,505.5242574055989,20474770.0
2023-03-15,505.5242614746094,510.4706828197621,504.5349772055788,509.4813985507315,23208597.0
2023-03-16,499.58856201171875,504.5349834177754,498.5992777305074,499.58856201171875,21965994.0
2023-03-17,512.4492797851562,512.4492797851562,507.50285816560836,510.4707111373371,33118483.0
2023-03-20,506.5135498046875,512.4492554664612,504.53498125076294,511.4599711894989,11837312.0
2023-03-21,511.4599914550781,511.4599914550781,506.51356987427465,509.4814228227567,18284799.0
2023-03-22,527.2885131835938,527.2885131835938,518.3849547996306,518.3849547996306,42385987.0
2023-03-23,532.2349243164062,533.2242085623475,522.3420818569934,522.3420818569934,26728246.0
2023-03-24,533.2242431640625,533.2242431640625,529.2671059235129,530.2563902336503,21926240.0
2023-03-27,525.3099365234375,530.2563577713041,525.3099365234375,527.2885050225841,16111177.0
2023-03-28,519.374267578125,524.3206891741071,518.3849832589285,519.374267578125,17234120.0
2023-03-29,524.3206787109375,527.2885316093013,519.3742572136645,527.2885316093013,17280749.0
2023-03-30,529.2670288085938,531.2455971405884,525.3098921446042,530.2563129745911,19201564.0
2023-03-31,527.2885131835938,532.2349345080177,526.299228918709,532.2349345080177,23558838.0
2023-04-06,524.3206787109375,525.3099630103922,520.3635415131191,524.3206787109375,25423363.0
2023-04-07,525.3099365234375,529.2670735217308,523.3313680242908,529.2670735217308,8557482.0
2023-04-10,523.3313598632812,527.2884967998656,522.3420756291351,527.2884967998656,7435151.0
2023-04-11,518.3849487304688,521.352801490376,516.406380223864,516.406380223864,22675697.0
2023-04-12,514.4277954101562,518.3849322979266,511.4599427443284,517.395648075984,23816473.0
2023-04-13,504.53497314453125,511.4599629720052,504.53497314453125,509.48139444986975,25536889.0
2023-04-14,510.470703125,514.4278403585271,507.50285019985466,510.470703125,18072504.0
2023-04-17,514.4277954101562,514.4277954101562,508.49209007850055,513.4385111882136,14634287.0
2023-04-18,509.4813537597656,514.4277746700546,508.4920695777078,512.449206305939,15168888.0
2023-04-19,504.53497314453125,512.4492472330729,503.5456888834635,511.4599629720052,21123233.0
2023-04-20,507.5028076171875,510.47066029331137,504.5349549410636,506.51352339181284,17221961.0
2023-04-21,505.5242614746094,514.4278198958842,504.5349772055788,514.4278198958842,25016683.0
2023-04-24,501.567138671875,504.53499156342457,498.5992857803255,499.5885700775087,16886512.0
2023-04-25,492.66357421875,499.58856421780877,492.66357421875,498.5992799322289,36898412.0
2023-04-26,486.23321533203125,493.15820517399305,485.73857320046255,492.66356304242436,31269245.0
2023-04-27,488.2117919921875,489.69571841161667,483.76001273390006,485.7385812931389,29537148.0
2023-04-28,496.6206970214844,496.6206970214844,492.6635599934247,493.15820212193216,24824100.0
2023-05-02,495.63140869140625,496.6206929402913,491.17962957142356,494.6421244425212,15325791.0
2023-05-03,490.68499755859375,492.6635660971365,489.6957132893224,490.68499755859375,11369311.0
2023-05-04,492.66357421875,494.1475006471197,490.68500564759034,491.6742899331702,13140291.0
2023-05-05,494.6421203613281,496.62068884277346,493.1581940002442,494.6421203613281,7488897.0
2023-05-08,498.5992736816406,503.54569504752993,496.62070513528494,503.54569504752993,11243634.0
2023-05-09,504.53497314453125,504.53497314453125,499.5885518391927,501.5671203613281,16197743.0
2023-05-10,497.6099853515625,502.55640667712476,494.64213255622514,502.55640667712476,18859212.0
2023-05-11,493.65283203125,500.5778216589429,493.1581899149862,500.5778216589429,13382927.0
2023-05-12,490.68499755859375,494.6421346356792,489.6957132893224,490.68499755859375,18465362.0
2023-05-15,490.1903381347656,494.1474750722814,489.2010539003867,491.67426448633404,13315766.0
2023-05-16,499.58856201171875,502.5564148553527,494.6421406056621,497.6099934492961,21140315.0
2023-05-17,513.4385375976562,515.4171061433119,500.57784205089416,502.5564105965498,41406763.0
2023-05-18,524.3206787109375,530.2563845076651,520.3635415131191,527.2885316093013,43096277.0
2023-05-19,526.2992553710938,529.2671083149157,523.3314024272718,529.2671083149157,32099068.0
2023-05-22,525.3099365234375,527.2885050225841,523.3313680242908,526.2992207730108,17208135.0
2023-05-23,524.3206787109375,525.3099630103922,519.3742572136645,524.3206787109375,19588873.0
2023-05-24,519.374267578125,522.3421205357142,518.3849832589285,521.3528362165179,19086681.0
2023-05-25,537.181396484375,539.1599651638754,531.2456904458736,536.1921121446247,63827245.0
2023-05-26,559.9348754882812,561.9134439529042,556.967022791347,561.9134439529042,95808471.0
2023-05-29,561.9134521484375,567.8491576288787,557.9563151614767,567.8491576288787,54657853.0
2023-05-30,559.9348754882812,561.9134439529042,556.967022791347,559.9348754882812,40136130.0
2023-05-31,552.0206298828125,555.977767014589,545.0956399022037,553.9991984487007,81176782.0
2023-06-01,545.0956420898438,548.063494950587,544.1063578029293,544.1063578029293,24477529.0
2023-06-02,555.9777221679688,557.9562905742605,551.0313011522395,553.0098695585311,30206141.0
2023-06-05,549.052734375,553.9991554054054,549.052734375,553.9991554054054,16827391.0
2023-06-06,553.9992065429688,555.9777751377651,547.0742164611817,548.0635007585798,20228086.0
2023-06-07,561.9134521484375,561.9134521484375,553.9991781745158,554.988462421256,27604813.0
2023-06-08,553.0098876953125,561.9134458156306,549.0527507529489,555.9777404020853,23080195.0
2023-06-09,558.9456176757812,559.9349019548534,554.9884805594925,554.9884805594925,19091713.0
2023-06-12,567.8491821289062,567.8491821289062,564.8813292606367,567.8491821289062,26392389.0
2023-06-13,586.6455688476562,587.6348531121548,582.688431789662,586.6455688476562,56174363.0
2023-06-14,583.6776733398438,584.6669575319452,580.7098207635395,583.6776733398438,23583314.0
2023-06-15,584.6670532226562,586.6456219306855,580.7099158065977,583.6777688686416,27392154.0
2023-06-16,582.6884155273438,583.6776997642323,577.7419943429011,583.6776997642323,38128802.0
2023-06-19,576.752685546875,578.7312539364012,575.7634013521119,576.752685546875,14346885.0
2023-06-20,576.752685546875,578.7312539364012,572.7955487678227,572.7955487678227,16221413.0
2023-06-21,574.774169921875,578.7313070641943,571.8063170651355,575.7634542074549,21703937.0
2023-06-26,567.8491821289062,571.806319286599,567.8491821289062,569.8277507077526,27142262.0
2023-06-27,565.87060546875,568.8384582946351,562.9027526428649,563.89203691816,21501718.0
2023-06-28,567.8491821289062,572.7956035760221,564.8813292606367,572.7956035760221,18175426.0
2023-06-29,566.85986328125,573.7848528850349,563.8920105939136,571.8062844268106,16937929.0
2023-06-30,569.8276977539062,569.8276977539062,561.9134241739908,563.8919925689697,22654976.0
2023-07-03,572.7955932617188,573.784877533328,569.8277404468912,571.8063089901095,14785585.0
2023-07-04,578.7313232421875,578.7313232421875,573.7849016760149,578.7313232421875,17219541.0
2023-07-05,575.763427734375,582.688417415029,572.7955750140948,582.688417415029,14913592.0
2023-07-06,558.9456176757812,567.8491761874309,558.9456176757812,566.8598919083587,28564891.0
2023-07-07,558.9456176757812,565.8706076292865,556.9670491176369,558.9456176757812,18796190.0
2023-07-10,558.9456176757812,566.8598919083587,558.9456176757812,560.9241862339256,18454982.0
2023-07-11,570.8170166015625,570.8170166015625,563.8920267987706,567.8491638289374,17850636.0
2023-07-12,571.8063354492188,571.8063354492188,565.8706295449016,567.849198179674,15588228.0
2023-07-13,578.7313232421875,583.67774480836,578.7313232421875,580.7098918686565,25442137.0
2023-07-14,584.6670532226562,584.6670532226562,580.7099158065977,582.6884845146269,23121873.0
2023-07-17,584.6670532226562,584.6670532226562,580.7099158065977,581.6992001606123,13807834.0
2023-07-18,574.774169921875,581.6991599209338,573.7848856362951,580.7098756353539,20932006.0
2023-07-19,574.774169921875,580.7098756353539,572.7956013507154,577.7420227786145,22499123.0
2023-07-20,572.7955932617188,577.7420146197646,571.8063089901095,573.784877533328,15108109.0
2023-07-21,553.9992065429688,556.9670594351633,551.0313536507742,553.9992065429688,46711021.0
2023-07-24,552.0206298828125,556.9670512975331,551.0313455998684,551.0313455998684,25268835.0
2023-07-25,562.9027099609375,562.9027099609375,554.9884363586748,554.9884363586748,19590349.0
2023-07-26,559.9348754882812,564.8812966498385,556.967022791347,562.9027281852157,13314305.0
2023-07-27,562.9027099609375,563.8919941612203,559.9348573600889,563.8919941612203,12200358.0
2023-07-28,560.9241943359375,566.8599000961061,558.9456257492146,562.9027629226604,18540078.0
2023-07-31,558.9456176757812,568.8384604665031,553.9991962804204,568.8384604665031,24208467.0
2023-08-01,560.9241943359375,561.9134786292989,557.9563414558531,558.9456257492146,16259643.0
2023-08-02,554.9884643554688,562.9027383569728,552.0206116049047,560.9241698565968,25583234.0
2023-08-04,548.0634765625,553.9991820848376,546.0849080550541,550.0420450699459,26279173.0
2023-08-07,552.0206298828125,554.9884827316448,550.0420613169243,552.0206298828125,14369551.0
2023-08-08,546.0848999023438,552.0206053360648,545.0956156633902,552.0206053360648,19010690.0
2023-08-09,548.0634765625,551.0313293236687,544.1063395476083,544.1063395476083,14389090.0
2023-08-10,545.0956420898438,548.063494950587,544.1063578029293,546.0849263767582,17892615.0
2023-08-11,540.1492309570312,552.0206426264165,540.1492309570312,550.0420740148523,17608427.0
2023-08-14,535.2027587890625,537.1813272134214,531.2456219403448,534.2134745768831,20939030.0
2023-08-15,536.1920166015625,539.159869091977,534.2134482746194,537.1813007650339,14066307.0
2023-08-16,536.1920166015625,537.1813007650339,530.2563116207334,535.202732438091,28269840.0
2023-08-17,538.170654296875,540.1492228788488,531.2456642599667,534.2135171329274,22843138.0
2023-08-18,533.2242431640625,538.1706647147496,533.2242431640625,534.2135274742,17592345.0
2023-08-21,531.2456665039062,538.1706565700651,528.2778136184095,538.1706565700651,16633821.0
2023-08-22,535.2027587890625,538.1706114256007,532.2349061525242,538.1706114256007,14594304.0
2023-08-23,546.0848999023438,546.0848999023438,538.1706259907155,540.1491944686226,20636332.0
2023-08-24,557.9563598632812,557.9563598632812,552.0206539072889,556.9670755372825,23280827.0
2023-08-25,540.1492309570312,545.0956524859417,540.1492309570312,543.1170838743775,24144537.0
2023-08-28,543.1170043945312,547.0741410385715,541.1384360725111,541.1384360725111,8991985.0
2023-08-29,546.0848999023438,547.0741841412972,540.1491944686226,545.0956156633902,10516678.0
2023-08-30,549.052734375,553.9991554054054,548.0634501689188,552.0205869932432,15117416.0
2023-08-31,543.1170043945312,550.0419935216017,542.1277202335211,547.0741410385715,40431378.0
2023-09-01,542.1277465820312,547.0741676274878,537.1813255365747,537.1813255365747,13669766.0
2023-09-04,551.0313720703125,551.0313720703125,543.1170974265738,543.1170974265738,9531157.0
2023-09-05,546.0848999023438,549.0527526192043,544.1063314244367,547.0741841412972,12220686.0
2023-09-06,544.1063842773438,550.042090287642,544.1063842773438,550.042090287642,14067008.0
2023-09-07,536.1920166015625,542.1277215823916,536.1920166015625,540.1491532554486,20717005.0
2023-09-08,533.2242431640625,534.2135274742,529.2671059235129,529.2671059235129,15283568.0
2023-09-11,530.2564086914062,534.2135460697003,530.2564086914062,533.2242617251268,14631968.0
2023-09-12,538.170654296875,539.1599385878619,530.2563799689798,530.2563799689798,16028336.0
2023-09-13,535.2027587890625,542.1277482743184,535.2027587890625,539.1598956377801,16191392.0
2023-09-14,547.140380859375,547.140380859375,540.1767760120738,541.1715767045455,17144287.0
2023-09-15,555.0987548828125,555.0987548828125,544.1559478869148,546.1455491588962,42517441.0
2023-09-18,537.1923828125,546.1455891927084,537.1923828125,545.1507884837963,36684692.0
2023-09-19,535.2027587890625,540.1767621235333,535.2027587890625,536.1975594559567,18901683.0
2023-09-20,532.2183837890625,535.2027859411508,532.2183837890625,533.2131845064253,24635567.0
2023-09-21,524.2599487304688,528.2391513773794,523.2651480687412,527.2443507156516,32012694.0
2023-09-22,519.2859497070312,522.2703517168418,519.2859497070312,520.2807503769681,29049309.0
2023-09-25,522.2703857421875,526.2495886811756,519.2859835379464,519.2859835379464,17116402.0
2023-09-26,516.3015747070312,521.2755783169256,516.3015747070312,518.291176150989,26392692.0
2023-09-27,519.2859497070312,520.2807503769681,513.3171456874102,514.311946357347,16846401.0
2023-09-28,520.28076171875,522.2703631019957,517.2963596438814,520.28076171875,19733331.0
2023-10-02,530.228759765625,531.2235604406075,525.2547563907129,527.2443577406777,25427911.0
2023-10-03,526.2495727539062,530.2287755724612,525.2547720492674,525.2547720492674,14490129.0
2023-10-04,517.29638671875,520.2807889498198,516.3015859750601,518.2911874624399,28358964.0
2023-10-05,525.2547607421875,526.2495614254113,520.2807573260683,520.2807573260683,24945684.0
2023-10-06,529.2339477539062,530.228748407579,526.2495457928881,527.2443464465607,15336587.0
2023-10-11,541.1715698242188,541.1715698242188,537.192367104923,539.1819684645709,46639969.0
2023-10-12,547.140380859375,547.140380859375,541.1715767045455,542.1663773970171,34161176.0
2023-10-13,550.124755859375,551.119556502882,545.15075264184,547.140353928854,31123496.0
2023-10-16,542.1663818359375,544.1559832371703,539.1819797340884,543.161182536554,19875676.0
2023-10-17,548.1351928710938,549.1299935841084,545.1507907320497,547.1403921580791,18364998.0
2023-10-18,537.1923828125,546.1455891927084,537.1923828125,546.1455891927084,26418940.0
2023-10-19,543.1611938476562,545.1507952903216,537.1923895196601,537.1923895196601,22881262.0
2023-10-20,553.1091918945312,553.1091918945312,543.1611848460685,546.1455869606073,45984177.0
2023-10-23,541.1715698242188,550.1247759426341,540.1767691443948,549.1299752628101,22747367.0
2023-10-24,541.1715698242188,543.1611711838666,537.192367104923,540.1767691443948,15007814.0
2023-10-25,541.1715698242188,548.1351745829862,541.1715698242188,541.1715698242188,16526355.0
2023-10-26,528.2391357421875,532.2183382713189,527.2443351099047,527.2443351099047,28188348.0
2023-10-27,530.228759765625,533.2131617905723,529.2339590906425,531.2235604406075,15679643.0
2023-10-30,529.2339477539062,531.2235490612518,525.2547451392153,528.2391471002335,21404842.0
2023-10-31,526.2495727539062,532.2183769817389,524.2599713446288,532.2183769817389,25667058.0
2023-11-01,525.2547607421875,530.2287641583067,524.2599600589637,530.2287641583067,13603347.0
2023-11-02,544.156005859375,544.156005859375,532.2183969556959,533.2131976976691,29401438.0
2023-11-03,546.1455688476562,546.1455688476562,542.1663661602416,544.155967503949,15426176.0
2023-11-06,547.140380859375,553.1091850142045,547.140380859375,550.1247829367898,29215201.0
2023-11-07,552.1143798828125,552.1143798828125,547.1403764604448,549.1299778293919,14777790.0
2023-11-08,553.1091918945312,554.1039925993775,547.1403876654535,547.1403876654535,15314834.0
2023-11-09,554.10400390625,554.10400390625,548.1351995553748,548.1351995553748,13165684.0
2023-11-10,554.10400390625,554.10400390625,551.1196017308124,552.1144024559583,12994933.0
2023-11-13,568.0311889648438,576.9843950956382,568.0311889648438,575.9895944144388,43866014.0
2023-11-14,569.0260009765625,573.0052037805943,568.0312002755545,573.0052037805943,21568576.0
2023-11-15,577.9791870117188,579.968788343945,572.01038301504,579.968788343945,50305088.0
2023-11-16,579.9688110351562,579.9688110351562,574.9948075099834,577.979209625087,28291435.0
2023-11-17,576.984375,579.9687769396552,575.9895743534483,575.9895743534483,22031704.0
2023-11-20,574.0,575.9896013864818,572.0103986135182,573.0051993067591,22010114.0
2023-11-21,581.9583740234375,581.9583740234375,577.9791714660123,578.9739721053686,35921706.0
2023-11-22,574.0,575.9896013864818,571.0155979202773,573.0051993067591,21969125.0
2023-11-23,574.9948120117188,574.9948120117188,571.0156091604266,571.0156091604266,14486134.0
2023-11-24,572.0103759765625,574.9947779381794,571.0155753226902,573.9999772843071,10058969.0
2023-11-27,565.0468139648438,574.0000205241458,565.0468139648438,570.0208176089004,18528520.0
2023-11-28,572.0103759765625,573.0051766304348,562.0623694378396,562.0623694378396,26343906.0
2023-11-29,571.0155639648438,575.9895671352692,567.0363614285034,574.9947665011841,24868842.0
2023-11-30,574.0,574.0,567.0363951473137,573.0051993067591,47192647.0
2023-12-01,575.9896240234375,575.9896240234375,570.0208196294122,570.0208196294122,28051165.0
2023-12-04,571.0155639648438,578.9739690375245,568.0311620625885,578.9739690375245,26847171.0
2023-12-05,567.036376953125,569.0259782757676,564.0519749691612,568.0311776144463,22229723.0
2023-12-06,567.036376953125,572.0103802597314,565.0467756304824,565.0467756304824,21518089.0
2023-12-07,563.0571899414062,570.0207947640032,563.0571899414062,567.036392697176,20840397.0
2023-12-08,567.036376953125,573.999981582374,567.036376953125,571.0155795984101,33507214.0
2023-12-11,571.0155639648438,572.0103645989288,567.0363614285034,569.0259626966736,27378610.0
2023-12-12,574.9948120117188,577.9792141501879,572.0104098732496,576.9844134373649,29403010.0
2023-12-13,574.0,575.9896013864818,573.0051993067591,573.0051993067591,22977731.0
2023-12-14,582.0,582.0,579.0,581.0,39409958.0
2023-12-15,585.0,586.0,580.0,585.0,54323262.0
2023-12-18,585.0,585.0,577.0,579.0,26122277.0
2023-12-19,585.0,588.0,580.0,588.0,28254292.0
2023-12-20,585.0,587.0,583.0,587.0,38121456.0
2023-12-21,577.0,579.0,575.0,577.0,24923414.0
2023-12-22,582.0,582.0,579.0,582.0,18690214.0
2023-12-25,581.0,585.0,580.0,582.0,9548143.0
2023-12-26,586.0,586.0,582.0,583.0,16094308.0
2023-12-27,592.0,592.0,586.0,587.0,33401336.0
2023-12-28,593.0,593.0,589.0,592.0,25514849.0
2023-12-29,593.0,593.0,589.0,589.0,18416318.0
2024-01-02,593.0,593.0,589.0,590.0,26059058.0
2024-01-03,578.0,585.0,576.0,584.0,37106763.0
2024-01-04,580.0,581.0,577.0,580.0,15309129.0
2024-01-05,576.0,580.0,574.0,578.0,18158971.0
2024-01-08,583.0,585.0,579.0,582.0,17761275.0
2024-01-09,586.0,589.0,583.0,588.0,22501510.0
2024-01-10,584.0,586.0,580.0,581.0,13037716.0
2024-01-11,586.0,589.0,583.0,586.0,23997409.0
2024-01-12,584.0,588.0,581.0,581.0,16496053.0
2024-01-15,586.0,590.0,585.0,590.0,21143076.0
2024-01-16,580.0,588.0,579.0,581.0,27223860.0
2024-01-17,581.0,584.0,578.0,583.0,42592335.0
2024-01-18,588.0,589.0,585.0,586.0,27209996.0
2024-01-19,626.0,627.0,614.0,625.0,161106401.0
2024-01-22,626.0,633.0,623.0,633.0,65168775.0
2024-01-23,628.0,629.0,622.0,629.0,41072439.0
2024-01-24,627.0,630.0,624.0,628.0,26635005.0
2024-01-25,642.0,642.0,633.0,635.0,52243347.0
2024-01-26,644.0,646.0,639.0,644.0,41153025.0
2024-01-29,648.0,648.0,644.0,646.0,27825490.0
2024-01-30,642.0,647.0,642.0,642.0,36161825.0
2024-01-31,628.0,637.0,626.0,634.0,41277950.0
2024-02-01,628.0,628.0,619.0,625.0,44946369.0
2024-02-02,635.0,635.0,628.0,633.0,26334815.0
2024-02-05,646.0,647.0,638.0,645.0,44017740.0
2024-02-15,697.0,709.0,693.0,709.0,112945296.0
2024-02-16,683.0,699.0,683.0,697.0,44232811.0
2024-02-19,678.0,682.0,674.0,674.0,34408673.0
2024-02-20,687.0,688.0,675.0,675.0,30166461.0
2024-02-21,681.0,683.0,678.0,678.0,30564485.0
2024-02-22,692.0,695.0,685.0,695.0,33145643.0
2024-02-23,697.0,703.0,696.0,701.0,46448923.0
2024-02-26,698.0,700.0,695.0,700.0,28798079.0
2024-02-27,698.0,701.0,691.0,700.0,33006829.0
2024-02-29,690.0,698.0,688.0,691.0,54368302.0
2024-03-01,689.0,697.0,688.0,697.0,23390635.0
2024-03-04,725.0,725.0,711.0,714.0,88861397.0
2024-03-05,730.0,738.0,728.0,735.0,64403889.0
2024-03-06,735.0,738.0,717.0,718.0,43687122.0
2024-03-07,760.0,769.0,754.0,755.0,71817344.0
2024-03-08,784.0,796.0,772.0,795.0,87139744.0
2024-03-11,766.0,778.0,761.0,768.0,64759810.0
2024-03-12,770.0,771.0,754.0,757.0,58110339.0
2024-03-13,779.0,785.0,777.0,785.0,36754557.0
2024-03-14,784.0,785.0,770.0,779.0,42010806.0
2024-03-15,753.0,777.0,753.0,771.0,73316437.0
2024-03-18,764.0,765.0,754.0,754.0,43589856.0
2024-03-19,762.0,765.0,755.0,758.0,30152375.0
2024-03-20,758.0,769.0,752.0,764.0,41280325.0
2024-03-21,784.0,784.0,772.0,773.0,46026103.0
2024-03-22,785.0,789.0,775.0,788.0,30660820.0
2024-03-25,780.0,788.0,779.0,783.0,19877101.0
2024-03-26,782.0,792.0,776.0,788.0,40990702.0
2024-03-27,779.0,785.0,779.0,785.0,18794479.0
2024-03-28,769.0,776.0,768.0,774.0,27190918.0
2024-03-29,776.0,777.0,768.0,769.0,9802000.0
2024-04-01,770.0,783.0,769.0,783.0,21041261.0
2024-04-02,790.0,790.0,783.0,784.0,37974481.0
2024-04-03,780.0,785.0,778.0,783.0,30890544.0
2024-04-08,783.0,792.0,783.0,789.0,32202226.0
2024-04-09,819.0,820.0,792.0,795.0,56857731.0
2024-04-10,815.0,819.0,810.0,815.0,27480849.0
2024-04-11,820.0,820.0,811.0,811.0,25200651.0
2024-04-12,818.0,826.0,817.0,823.0,31508936.0
2024-04-15,806.0,812.0,803.0,804.0,38913470.0
2024-04-16,788.0,803.0,785.0,802.0,49508969.0
2024-04-17,804.0,808.0,793.0,798.0,34472074.0
2024-04-18,804.0,810.0,792.0,796.0,43598591.0
2024-04-19,750.0,770.0,746.0,769.0,130968654.0
2024-04-22,742.0,757.0,740.0,740.0,46540798.0
2024-04-23,754.0,761.0,752.0,761.0,30423647.0
2024-04-24,783.0,785.0,769.0,770.0,39457128.0
2024-04-25,766.0,774.0,765.0,770.0,28534926.0
2024-04-26,782.0,789.0,782.0,788.0,32571247.0
2024-04-29,795.0,795.0,787.0,790.0,26765837.0
2024-04-30,790.0,802.0,790.0,797.0,39051972.0
2024-05-02,772.0,789.0,772.0,789.0,40527228.0
2024-05-03,780.0,788.0,773.0,788.0,29901556.0
2024-05-06,786.0,793.0,786.0,791.0,32599878.0
2024-05-07,800.0,800.0,792.0,797.0,33890214.0
2024-05-08,802.0,802.0,792.0,794.0,21757193.0
2024-05-09,796.0,802.0,796.0,798.0,21923999.0
2024-05-10,802.0,807.0,798.0,803.0,25101318.0
2024-05-13,819.0,825.0,818.0,823.0,34812619.0
2024-05-14,825.0,825.0,811.0,816.0,28691846.0
2024-05-15,839.0,844.0,837.0,838.0,39467772.0
2024-05-16,841.0,856.0,837.0,852.0,43927195.0
2024-05-17,835.0,848.0,834.0,848.0,26207289.0
2024-05-20,835.0,838.0,822.0,834.0,28808661.0
2024-05-21,841.0,841.0,830.0,830.0,19705349.0
2024-05-22,864.0,865.0,843.0,845.0,36628342.0
2024-05-23,875.0,877.0,867.0,875.0,37266618.0
2024-05-24,867.0,872.0,858.0,858.0,34136382.0
2024-05-27,869.0,878.0,866.0,872.0,26726954.0
2024-05-28,865.0,873.0,865.0,867.0,25329216.0
2024-05-29,857.0,868.0,856.0,861.0,33436835.0
2024-05-30,838.0,848.0,838.0,841.0,38065102.0
2024-05-31,821.0,846.0,821.0,838.0,77438401.0
2024-06-03,846.0,853.0,837.0,839.0,28345488.0
2024-06-04,839.0,851.0,837.0,844.0,28223635.0
2024-06-05,854.0,857.0,835.0,841.0,31975446.0
2024-06-06,894.0,899.0,885.0,893.0,62925136.0
2024-06-07,879.0,888.0,879.0,885.0,41075399.0
2024-06-11,883.0,895.0,883.0,892.0,48228488.0
2024-06-12,909.0,914.0,888.0,888.0,48106925.0
2024-06-13,919.0,935.0,911.0,923.0,55857091.0
2024-06-14,922.0,922.0,905.0,916.0,38408123.0
2024-06-17,921.0,925.0,913.0,913.0,26292426.0
2024-06-18,943.0,950.0,940.0,944.0,37876013.0
2024-06-19,981.0,984.0,953.0,953.0,72228052.0
2024-06-20,981.0,981.0,971.0,971.0,48225374.0
2024-06-21,970.0,978.0,960.0,961.0,88376132.0
2024-06-24,940.0,960.0,940.0,958.0,66391994.0
2024-06-25,945.0,945.0,923.0,925.0,57368432.0
2024-06-26,960.0,960.0,951.0,951.0,44967166.0
2024-06-27,960.0,961.0,949.0,951.0,39729446.0
2024-06-28,966.0,971.0,955.0,956.0,39138210.0
2024-07-01,968.0,977.0,965.0,968.0,19935737.0
2024-07-02,960.0,971.0,959.0,967.0,25427569.0
2024-07-03,979.0,979.0,967.0,976.0,24070411.0
2024-07-04,1005.0,1010.0,997.0,1000.0,41893299.0
2024-07-05,1005.0,1010.0,1000.0,1005.0,19998094.0
2024-07-08,1035.0,1050.0,1000.0,1005.0,40146763.0
2024-07-09,1040.0,1055.0,1025.0,1030.0,46373121.0
2024-07-10,1045.0,1050.0,1015.0,1020.0,46206302.0
2024-07-11,1080.0,1080.0,1055.0,1065.0,41724336.0
2024-07-12,1040.0,1045.0,1025.0,1030.0,68983062.0
2024-07-15,1040.0,1045.0,1025.0,1040.0,38393309.0
2024-07-16,1055.0,1070.0,1035.0,1040.0,32125609.0
2024-07-17,1030.0,1045.0,1020.0,1035.0,54022399.0
2024-07-18,1005.0,1005.0,986.0,988.0,81990095.0
2024-07-19,970.0,995.0,970.0,988.0,92507621.0
2024-07-22,939.0,965.0,938.0,964.0,83062356.0
2024-07-23,979.0,979.0,956.0,963.0,47213266.0
2024-07-26,924.0,930.0,915.0,915.0,82081735.0
2024-07-29,944.0,948.0,936.0,942.0,40809258.0
2024-07-30,940.0,949.0,926.0,930.0,41761392.0
2024-07-31,934.0,940.0,928.0,929.0,39894991.0
2024-08-01,960.0,969.0,948.0,969.0,47382270.0
2024-08-02,903.0,928.0,903.0,918.0,76144485.0
2024-08-05,815.0,857.0,813.0,852.0,144057989.0
2024-08-06,880.0,895.0,840.0,868.0,102930842.0
2024-08-07,920.0,920.0,893.0,901.0,59158704.0
2024-08-08,896.0,905.0,887.0,901.0,38236391.0
2024-08-09,934.0,934.0,922.0,927.0,49494621.0
2024-08-12,940.0,948.0,931.0,942.0,38331663.0
2024-08-13,941.0,945.0,937.0,945.0,25764381.0
2024-08-14,948.0,955.0,945.0,951.0,36780856.0
2024-08-15,943.0,950.0,941.0,945.0,19476402.0
2024-08-16,969.0,969.0,958.0,963.0,44062316.0
2024-08-19,973.0,975.0,964.0,969.0,21348863.0
2024-08-20,973.0,977.0,968.0,977.0,24039959.0
2024-08-21,958.0,964.0,956.0,961.0,29758188.0
2024-08-22,951.0,964.0,948.0,958.0,24349754.0
2024-08-23,949.0,952.0,939.0,944.0,27592153.0
2024-08-26,950.0,961.0,945.0,957.0,25057581.0
2024-08-27,942.0,946.0,940.0,945.0,18693037.0
2024-08-28,964.0,964.0,943.0,945.0,31059233.0
2024-08-29,943.0,947.0,937.0,942.0,43530708.0
2024-08-30,944.0,952.0,941.0,944.0,63834981.0
2024-09-02,948.0,955.0,943.0,950.0,18646835.0
2024-09-03,940.0,952.0,939.0,948.0,19547575.0
2024-09-04,889.0,905.0,888.0,894.0,79709021.0
2024-09-05,902.0,915.0,900.0,907.0,30512026.0
2024-09-06,918.0,918.0,903.0,909.0,24458336.0
2024-09-09,899.0,900.0,891.0,892.0,35885268.0
2024-09-10,904.0,911.0,901.0,907.0,33498628.0
2024-09-11,901.0,906.0,900.0,906.0,18029342.0
2024-09-12,940.0,944.0,928.0,936.0,39454846.0
2024-09-13,947.0,955.0,939.0,955.0,25347586.0
2024-09-16,947.0,952.0,943.0,952.0,13626239.0
2024-09-18,941.0,948.0,933.0,945.0,28424324.0
2024-09-19,960.0,960.0,936.0,940.0,32739630.0
2024-09-20,973.0,982.0,971.0,981.0,60133709.0
2024-09-23,977.0,977.0,971.0,971.0,14497067.0
2024-09-24,987.0,987.0,971.0,976.0,26785975.0
2024-09-25,1005.0,1005.0,998.0,1000.0,39405222.0
2024-09-26,1015.0,1015.0,1005.0,1010.0,38321585.0
2024-09-27,1000.0,1025.0,1000.0,1020.0,35783779.0
2024-09-30,957.0,990.0,957.0,978.0,61603217.0
2024-10-01,972.0,977.0,967.0,967.0,26760355.0
2024-10-04,977.0,986.0,967.0,986.0,40934818.0
2024-10-07,1005.0,1010.0,989.0,993.0,39667071.0
2024-10-08,1010.0,1010.0,997.0,1000.0,30845902.0
2024-10-09,1020.0,1035.0,1020.0,1030.0,46975717.0
2024-10-11,1045.0,1050.0,1020.0,1025.0,43058754.0
2024-10-14,1045.0,1055.0,1035.0,1045.0,36858874.0
2024-10-15,1070.0,1075.0,1050.0,1050.0,42850176.0
2024-10-16,1045.0,1070.0,1035.0,1040.0,52652149.0
2024-10-17,1035.0,1055.0,1030.0,1050.0,54173771.0
2024-10-18,1085.0,1100.0,1075.0,1095.0,85011961.0
2024-10-21,1085.0,1095.0,1080.0,1090.0,36491060.0
2024-10-22,1075.0,1075.0,1060.0,1065.0,41197877.0
2024-10-23,1060.0,1070.0,1055.0,1060.0,31423466.0
2024-10-24,1060.0,1075.0,1055.0,1070.0,38236996.0
2024-10-25,1065.0,1070.0,1060.0,1065.0,22009575.0
2024-10-28,1050.0,1080.0,1050.0,1075.0,40142324.0
2024-10-29,1040.0,1040.0,1020.0,1035.0,45415773.0
2024-10-30,1030.0,1055.0,1030.0,1040.0,38201984.0
2024-11-01,1025.0,1030.0,996.0,996.0,54480255.0
2024-11-04,1040.0,1045.0,1025.0,1030.0,26747978.0
2024-11-05,1050.0,1055.0,1030.0,1030.0,32385622.0
2024-11-06,1060.0,1080.0,1040.0,1050.0,55349259.0
2024-11-07,1065.0,1075.0,1050.0,1050.0,43975446.0
2024-11-08,1090.0,1090.0,1080.0,1085.0,37099479.0
2024-11-11,1085.0,1090.0,1070.0,1080.0,34690205.0
2024-11-12,1050.0,1065.0,1050.0,1060.0,51099848.0
2024-11-13,1035.0,1050.0,1035.0,1045.0,42331232.0
2024-11-14,1035.0,1040.0,1025.0,1030.0,44627940.0
2024-11-15,1035.0,1045.0,1030.0,1040.0,34791611.0
2024-11-18,1025.0,1035.0,1020.0,1030.0,31815076.0
2024-11-19,1040.0,1045.0,1025.0,1030.0,24349599.0
2024-11-20,1025.0,1025.0,1025.0,1025.0,40203197.0
2024-11-21,1010.0,1025.0,1010.0,1020.0,41429227.0
2024-11-22,1040.0,1050.0,1035.0,1035.0,25187973.0
2024-11-25,1030.0,1050.0,1030.0,1045.0,49566674.0
2024-11-26,1010.0,1020.0,1010.0,1015.0,27312402.0
2024-11-27,1000.0,1020.0,1000.0,1010.0,31276090.0
2024-11-28,1005.0,1005.0,992.0,1005.0,33689956.0
2024-11-29,996.0,1010.0,994.0,995.0,40094983.0
2024-12-02,1035.0,1040.0,1015.0,1020.0,31168404.0
2024-12-03,1055.0,1065.0,1055.0,1060.0,43414538.0
2024-12-04,1070.0,1070.0,1055.0,1065.0,33466290.0
2024-12-05,1075.0,1080.0,1070.0,1070.0,31425359.0
2024-12-06,1065.0,1080.0,1060.0,1075.0,30765288.0
2024-12-09,1075.0,1075.0,1065.0,1070.0,22247131.0
2024-12-10,1065.0,1075.0,1060.0,1070.0,28506584.0
2024-12-11,1045.0,1060.0,1045.0,1045.0,25264194.0
2024-12-12,1060.0,1065.0,1055.0,1060.0,22791260.0
2024-12-13,1065.0,1070.0,1055.0,1060.0,20423659.0
2024-12-16,1085.0,1085.0,1075.0,1085.0,39722392.0
2024-12-17,1075.0,1095.0,1075.0,1090.0,37880707.0
2024-12-18,1085.0,1090.0,1070.0,1075.0,41863190.0
2024-12-19,1070.0,1070.0,1055.0,1065.0,42702851.0
2024-12-20,1035.0,1060.0,1035.0,1060.0,52030520.0
2024-12-23,1080.0,1080.0,1060.0,1065.0,30728473.0
2024-12-24,1080.0,1095.0,1080.0,1095.0,26461906.0
2024-12-25,1085.0,1090.0,1080.0,1090.0,15481622.0
2024-12-26,1085.0,1090.0,1085.0,1085.0,14374900.0
2024-12-27,1090.0,1095.0,1080.0,1080.0,24948385.0
2024-12-30,1090.0,1095.0,1085.0,1090.0,23954634.0
2024-12-31,1075.0,1085.0,1075.0,1080.0,28397820.0
2025-01-02,1065.0,1075.0,1055.0,1070.0,43177098.0
2025-01-03,1075.0,1085.0,1075.0,1080.0,30415096.0
2025-01-06,1125.0,1125.0,1095.0,1100.0,69289786.0
2025-01-07,1130.0,1160.0,1130.0,1150.0,48758688.0
2025-01-08,1105.0,1130.0,1105.0,1110.0,45211419.0
2025-01-09,1100.0,1115.0,1100.0,1100.0,27263215.0
2025-01-10,1100.0,1110.0,1100.0,1100.0,22021522.0
2025-01-13,1075.0,1115.0,1070.0,1110.0,56690300.0
2025-01-14,1090.0,1090.0,1075.0,1085.0,28695247.0
2025-01-15,1065.0,1085.0,1065.0,1085.0,35489482.0
2025-01-16,1105.0,1115.0,1090.0,1095.0,47542962.0
2025-01-17,1120.0,1125.0,1095.0,1125.0,59214050.0
2025-01-20,1120.0,1135.0,1120.0,1125.0,29834528.0
2025-01-21,1120.0,1125.0,1110.0,1115.0,21904213.0
2025-01-22,1135.0,1150.0,1135.0,1140.0,42960405.0
2025-02-03,1070.0,1075.0,1060.0,1065.0,97946226.0
2025-02-04,1095.0,1100.0,1080.0,1085.0,53308108.0
2025-02-05,1110.0,1120.0,1105.0,1110.0,40385340.0
2025-02-06,1115.0,1120.0,1105.0,1120.0,29971252.0
2025-02-07,1125.0,1125.0,1105.0,1110.0,27883220.0
2025-02-10,1105.0,1125.0,1095.0,1125.0,28527108.0
2025-02-11,1110.0,1115.0,1100.0,1110.0,18898928.0
2025-02-12,1100.0,1115.0,1100.0,1110.0,24172954.0
2025-02-13,1090.0,1095.0,1080.0,1090.0,33210403.0
2025-02-14,1060.0,1070.0,1060.0,1065.0,64486940.0
2025-02-17,1085.0,1085.0,1065.0,1065.0,35491271.0
2025-02-18,1100.0,1100.0,1080.0,1085.0,21616188.0
2025-02-19,1090.0,1095.0,1085.0,1090.0,26400293.0
2025-02-20,1080.0,1085.0,1070.0,1080.0,29643124.0
2025-02-21,1095.0,1095.0,1080.0,1085.0,28972910.0
2025-02-24,1075.0,1085.0,1075.0,1080.0,30822970.0
2025-02-25,1055.0,1060.0,1050.0,1055.0,45158522.0
2025-02-26,1060.0,1060.0,1045.0,1045.0,36768449.0
2025-02-27,1040.0,1065.0,1040.0,1065.0,55283596.0
2025-03-03,1020.0,1020.0,1000.0,1000.0,65621663.0
2025-03-04,1000.0,1010.0,996.0,996.0,64569262.0
2025-03-05,1020.0,1030.0,1015.0,1020.0,41994320.0
2025-03-06,1005.0,1025.0,1005.0,1020.0,45187017.0
2025-03-07,1005.0,1010.0,1000.0,1005.0,40822280.0
2025-03-10,998.0,1005.0,992.0,1005.0,46849886.0
2025-03-11,971.0,979.0,963.0,969.0,50204233.0
2025-03-12,988.0,995.0,976.0,980.0,34184887.0
2025-03-13,965.0,1005.0,965.0,1000.0,37035693.0
2025-03-14,959.0,969.0,955.0,965.0,34333748.0
2025-03-17,970.0,985.0,968.0,977.0,31491061.0
2025-03-18,971.0,978.0,968.0,976.0,21575327.0
2025-03-19,952.0,967.0,950.0,965.0,35245036.0
2025-03-20,985.0,985.0,971.0,978.0,28715956.0
2025-03-21,972.0,987.0,970.0,985.0,39214916.0
2025-03-24,972.0,987.0,972.0,986.0,16121506.0
2025-03-25,990.0,995.0,985.0,989.0,26167428.0
2025-03-26,980.0,995.0,980.0,995.0,21735917.0
2025-03-27,958.0,964.0,958.0,961.0,34563256.0
2025-03-28,952.0,955.0,946.0,946.0,33101234.0
2025-03-31,910.0,924.0,910.0,920.0,51064611.0
2025-04-01,944.0,946.0,925.0,929.0,32197752.0
2025-04-02,942.0,952.0,938.0,949.0,24849656.0
2025-04-07,848.0,848.0,848.0,848.0,23820773.0
2025-04-08,816.0,843.0,797.0,797.0,116648736.0
2025-04-09,785.0,826.0,780.0,809.0,107582838.0
2025-04-10,863.0,863.0,863.0,863.0,19416428.0
2025-04-11,889.0,889.0,836.0,848.0,76103586.0
2025-04-14,865.0,903.0,865.0,895.0,66326054.0
2025-04-15,877.0,879.0,865.0,874.0,30562095.0
2025-04-16,855.0,869.0,852.0,867.0,42128082.0
2025-04-17,847.0,856.0,842.0,849.0,33684502.0
2025-04-18,850.0,858.0,850.0,853.0,20101219.0
2025-04-21,835.0,847.0,832.0,844.0,18415705.0
2025-04-22,816.0,829.0,816.0,826.0,28888527.0
2025-04-23,873.0,873.0,848.0,853.0,37863656.0
2025-04-24,864.0,886.0,859.0,886.0,32238198.0
2025-04-25,888.0,901.0,886.0,900.0,34640282.0
2025-04-28,897.0,898.0,893.0,898.0,21830091.0
2025-04-29,902.0,902.0,893.0,897.0,24362874.0
2025-04-30,908.0,908.0,899.0,901.0,35405654.0
2025-05-02,950.0,950.0,932.0,938.0,43873135.0
2025-05-05,938.0,957.0,923.0,956.0,52770209.0
2025-05-06,920.0,930.0,916.0,916.0,37538894.0
2025-05-07,928.0,932.0,911.0,925.0,36907620.0
2025-05-08,918.0,939.0,918.0,933.0,27985917.0
2025-05-09,949.0,949.0,934.0,938.0,36383573.0
2025-05-12,957.0,962.0,952.0,954.0,23402547.0
2025-05-13,969.0,990.0,969.0,990.0,38047856.0
2025-05-14,999.0,999.0,988.0,990.0,40475123.0
2025-05-15,993.0,1000.0,993.0,1000.0,24662270.0
2025-05-16,998.0,998.0,989.0,991.0,16878650.0
2025-05-19,984.0,994.0,980.0,993.0,19906139.0
2025-05-20,978.0,994.0,978.0,991.0,20897857.0
2025-05-21,990.0,999.0,983.0,986.0,26248757.0
2025-05-22,982.0,988.0,979.0,988.0,18747545.0
2025-05-23,984.0,993.0,975.0,993.0,22213030.0
2025-05-26,976.0,984.0,975.0,975.0,19329052.0
2025-05-27,965.0,975.0,961.0,971.0,26355315.0
2025-05-28,967.0,985.0,967.0,984.0,26471533.0
2025-05-29,967.0,986.0,967.0,986.0,48602590.0
2025-06-02,946.0,961.0,946.0,958.0,33676511.0
2025-06-03,950.0,965.0,950.0,960.0,26020787.0
2025-06-04,990.0,990.0,970.0,974.0,37233567.0
2025-06-05,998.0,1000.0,991.0,1000.0,24414444.0
2025-06-06,995.0,997.0,991.0,997.0,13670307.0
2025-06-09,1005.0,1010.0,1000.0,1005.0,21674308.0
2025-06-10,1045.0,1050.0,1020.0,1025.0,44877640.0
2025-06-11,1065.0,1070.0,1055.0,1065.0,37178498.0
2025-06-12,1045.0,1060.0,1045.0,1055.0,25221606.0
2025-06-13,1030.0,1040.0,1025.0,1040.0,28393455.0
2025-06-16,1025.0,1030.0,1015.0,1030.0,28580673.0
2025-06-17,1045.0,1050.0,1035.0,1040.0,26517379.0
2025-06-18,1055.0,1055.0,1030.0,1040.0,37931721.0
2025-06-19,1035.0,1045.0,1030.0,1045.0,24002557.0
2025-06-20,1055.0,1055.0,1025.0,1030.0,57831332.0
2025-06-23,1020.0,1030.0,1015.0,1025.0,32143872.0
2025-06-24,1050.0,1050.0,1040.0,1045.0,28163537.0
2025-06-25,1070.0,1070.0,1055.0,1060.0,38783736.0
2025-06-26,1075.0,1080.0,1065.0,1075.0,36056692.0
2025-06-27,1080.0,1080.0,1060.0,1070.0,32549027.0
