Date,Close,High,Low,Open,Volume
2000-01-03,,,,,
2000-01-04,,,,,
2000-01-05,,,,,
2000-01-06,,,,,
2000-01-07,,,,,
2000-01-10,,,,,
2000-01-11,,,,,
2000-01-12,,,,,
2000-01-13,,,,,
2000-01-14,,,,,
2000-01-17,,,,,
2000-01-18,,,,,
2000-01-19,,,,,
2000-01-20,,,,,
2000-01-21,,,,,
2000-01-24,,,,,
2000-01-25,,,,,
2000-01-26,,,,,
2000-01-27,,,,,
2000-01-28,,,,,
2000-01-31,,,,,
2000-02-01,,,,,
2000-02-02,,,,,
2000-02-03,,,,,
2000-02-04,,,,,
2000-02-07,,,,,
2000-02-08,,,,,
2000-02-09,,,,,
2000-02-10,,,,,
2000-02-11,,,,,
2000-02-14,,,,,
2000-02-15,,,,,
2000-02-16,,,,,
2000-02-17,,,,,
2000-02-18,,,,,
2000-02-21,,,,,
2000-02-22,,,,,
2000-02-23,,,,,
2000-02-24,,,,,
2000-02-25,,,,,
2000-02-28,,,,,
2000-02-29,,,,,
2000-03-01,,,,,
2000-03-02,,,,,
2000-03-03,,,,,
2000-03-06,,,,,
2000-03-07,,,,,
2000-03-08,,,,,
2000-03-09,,,,,
2000-03-10,,,,,
2000-03-13,,,,,
2000-03-14,,,,,
2000-03-15,,,,,
2000-03-16,,,,,
2000-03-17,,,,,
2000-03-20,,,,,
2000-03-21,,,,,
2000-03-22,,,,,
2000-03-23,,,,,
2000-03-24,,,,,
2000-03-27,,,,,
2000-03-28,,,,,
2000-03-29,,,,,
2000-03-30,,,,,
2000-03-31,,,,,
2000-04-03,,,,,
2000-04-04,,,,,
2000-04-05,,,,,
2000-04-06,,,,,
2000-04-07,,,,,
2000-04-10,,,,,
2000-04-11,,,,,
2000-04-12,,,,,
2000-04-13,,,,,
2000-04-14,,,,,
2000-04-17,,,,,
2000-04-18,,,,,
2000-04-19,,,,,
2000-04-20,,,,,
2000-04-21,,,,,
2000-04-24,,,,,
2000-04-25,,,,,
2000-04-26,,,,,
2000-04-27,,,,,
2000-04-28,,,,,
2000-05-01,,,,,
2000-05-02,,,,,
2000-05-03,,,,,
2000-05-04,,,,,
2000-05-05,,,,,
2000-05-08,,,,,
2000-05-09,,,,,
2000-05-10,,,,,
2000-05-11,,,,,
2000-05-12,,,,,
2000-05-15,,,,,
2000-05-16,,,,,
2000-05-17,,,,,
2000-05-18,,,,,
2000-05-19,,,,,
2000-05-22,,,,,
2000-05-23,,,,,
2000-05-24,,,,,
2000-05-25,,,,,
2000-05-26,,,,,
2000-05-29,,,,,
2000-05-30,,,,,
2000-05-31,,,,,
2000-06-01,,,,,
2000-06-02,,,,,
2000-06-05,,,,,
2000-06-06,,,,,
2000-06-07,,,,,
2000-06-08,,,,,
2000-06-09,,,,,
2000-06-12,,,,,
2000-06-13,,,,,
2000-06-14,,,,,
2000-06-15,,,,,
2000-06-16,,,,,
2000-06-19,,,,,
2000-06-20,,,,,
2000-06-21,,,,,
2000-06-22,,,,,
2000-06-23,,,,,
2000-06-26,,,,,
2000-06-27,,,,,
2000-06-28,,,,,
2000-06-29,,,,,
2000-06-30,,,,,
2000-07-03,,,,,
2000-07-04,,,,,
2000-07-05,,,,,
2000-07-06,,,,,
2000-07-07,,,,,
2000-07-10,,,,,
2000-07-11,,,,,
2000-07-12,,,,,
2000-07-13,,,,,
2000-07-14,,,,,
2000-07-17,,,,,
2000-07-18,,,,,
2000-07-19,,,,,
2000-07-20,,,,,
2000-07-21,,,,,
2000-07-24,,,,,
2000-07-25,,,,,
2000-07-26,,,,,
2000-07-27,,,,,
2000-07-28,,,,,
2000-07-31,,,,,
2000-08-01,,,,,
2000-08-02,,,,,
2000-08-03,,,,,
2000-08-04,,,,,
2000-08-07,,,,,
2000-08-08,,,,,
2000-08-09,,,,,
2000-08-10,,,,,
2000-08-11,,,,,
2000-08-14,,,,,
2000-08-15,,,,,
2000-08-16,,,,,
2000-08-17,,,,,
2000-08-18,,,,,
2000-08-21,,,,,
2000-08-22,,,,,
2000-08-23,,,,,
2000-08-24,,,,,
2000-08-25,,,,,
2000-08-28,,,,,
2000-08-29,,,,,
2000-08-30,,,,,
2000-08-31,,,,,
2000-09-01,,,,,
2000-09-04,,,,,
2000-09-05,,,,,
2000-09-06,,,,,
2000-09-07,,,,,
2000-09-08,,,,,
2000-09-11,,,,,
2000-09-12,,,,,
2000-09-13,,,,,
2000-09-14,,,,,
2000-09-15,,,,,
2000-09-18,,,,,
2000-09-19,,,,,
2000-09-20,,,,,
2000-09-21,,,,,
2000-09-22,,,,,
2000-09-25,,,,,
2000-09-26,,,,,
2000-09-27,,,,,
2000-09-28,,,,,
2000-09-29,,,,,
2000-10-02,,,,,
2000-10-03,,,,,
2000-10-04,,,,,
2000-10-05,,,,,
2000-10-06,,,,,
2000-10-09,,,,,
2000-10-10,,,,,
2000-10-11,,,,,
2000-10-12,,,,,
2000-10-13,,,,,
2000-10-16,,,,,
2000-10-17,,,,,
2000-10-18,,,,,
2000-10-19,,,,,
2000-10-20,,,,,
2000-10-23,,,,,
2000-10-24,,,,,
2000-10-25,,,,,
2000-10-26,,,,,
2000-10-27,,,,,
2000-10-30,,,,,
2000-10-31,,,,,
2000-11-01,,,,,
2000-11-02,,,,,
2000-11-03,,,,,
2000-11-06,,,,,
2000-11-07,,,,,
2000-11-08,,,,,
2000-11-09,,,,,
2000-11-10,,,,,
2000-11-13,,,,,
2000-11-14,,,,,
2000-11-15,,,,,
2000-11-16,,,,,
2000-11-17,,,,,
2000-11-20,,,,,
2000-11-21,,,,,
2000-11-22,,,,,
2000-11-23,,,,,
2000-11-24,,,,,
2000-11-27,,,,,
2000-11-28,,,,,
2000-11-29,,,,,
2000-11-30,,,,,
2000-12-01,,,,,
2000-12-04,,,,,
2000-12-05,,,,,
2000-12-06,,,,,
2000-12-07,,,,,
2000-12-08,,,,,
2000-12-11,,,,,
2000-12-12,,,,,
2000-12-13,,,,,
2000-12-14,,,,,
2000-12-15,,,,,
2000-12-18,,,,,
2000-12-19,,,,,
2000-12-20,,,,,
2000-12-21,,,,,
2000-12-22,,,,,
2000-12-25,,,,,
2000-12-26,,,,,
2000-12-27,,,,,
2000-12-28,,,,,
2000-12-29,,,,,
2001-01-01,,,,,
2001-01-02,,,,,
2001-01-03,,,,,
2001-01-04,,,,,
2001-01-05,,,,,
2001-01-08,,,,,
2001-01-09,,,,,
2001-01-10,,,,,
2001-01-11,,,,,
2001-01-12,,,,,
2001-01-15,,,,,
2001-01-16,,,,,
2001-01-17,,,,,
2001-01-18,,,,,
2001-01-19,,,,,
2001-01-22,,,,,
2001-01-23,,,,,
2001-01-24,,,,,
2001-01-25,,,,,
2001-01-26,,,,,
2001-01-29,,,,,
2001-01-30,,,,,
2001-01-31,,,,,
2001-02-01,,,,,
2001-02-02,,,,,
2001-02-05,,,,,
2001-02-06,,,,,
2001-02-07,,,,,
2001-02-08,,,,,
2001-02-09,,,,,
2001-02-12,,,,,
2001-02-13,,,,,
2001-02-14,,,,,
2001-02-15,,,,,
2001-02-16,,,,,
2001-02-19,,,,,
2001-02-20,,,,,
2001-02-21,,,,,
2001-02-22,,,,,
2001-02-23,,,,,
2001-02-26,,,,,
2001-02-27,,,,,
2001-02-28,,,,,
2001-03-01,,,,,
2001-03-02,,,,,
2001-03-05,,,,,
2001-03-06,,,,,
2001-03-07,,,,,
2001-03-08,,,,,
2001-03-09,,,,,
2001-03-12,,,,,
2001-03-13,,,,,
2001-03-14,,,,,
2001-03-15,,,,,
2001-03-16,,,,,
2001-03-19,,,,,
2001-03-20,,,,,
2001-03-21,,,,,
2001-03-22,,,,,
2001-03-23,,,,,
2001-03-26,,,,,
2001-03-27,,,,,
2001-03-28,,,,,
2001-03-29,,,,,
2001-03-30,,,,,
2001-04-02,,,,,
2001-04-03,,,,,
2001-04-04,,,,,
2001-04-05,,,,,
2001-04-06,,,,,
2001-04-09,,,,,
2001-04-10,,,,,
2001-04-11,,,,,
2001-04-12,,,,,
2001-04-13,,,,,
2001-04-16,,,,,
2001-04-17,,,,,
2001-04-18,,,,,
2001-04-19,,,,,
2001-04-20,,,,,
2001-04-23,,,,,
2001-04-24,,,,,
2001-04-25,,,,,
2001-04-26,,,,,
2001-04-27,,,,,
2001-04-30,,,,,
2001-05-01,,,,,
2001-05-02,,,,,
2001-05-03,,,,,
2001-05-04,,,,,
2001-05-07,,,,,
2001-05-08,,,,,
2001-05-09,,,,,
2001-05-10,,,,,
2001-05-11,,,,,
2001-05-14,,,,,
2001-05-15,,,,,
2001-05-16,,,,,
2001-05-17,,,,,
2001-05-18,,,,,
2001-05-21,,,,,
2001-05-22,,,,,
2001-05-23,,,,,
2001-05-24,,,,,
2001-05-25,,,,,
2001-05-28,,,,,
2001-05-29,,,,,
2001-05-30,,,,,
2001-05-31,,,,,
2001-06-01,,,,,
2001-06-04,,,,,
2001-06-05,,,,,
2001-06-06,,,,,
2001-06-07,,,,,
2001-06-08,,,,,
2001-06-11,,,,,
2001-06-12,,,,,
2001-06-13,,,,,
2001-06-14,,,,,
2001-06-15,,,,,
2001-06-18,,,,,
2001-06-19,,,,,
2001-06-20,,,,,
2001-06-21,,,,,
2001-06-22,,,,,
2001-06-25,,,,,
2001-06-26,,,,,
2001-06-27,,,,,
2001-06-28,,,,,
2001-06-29,,,,,
2001-07-02,,,,,
2001-07-03,,,,,
2001-07-04,,,,,
2001-07-05,,,,,
2001-07-06,,,,,
2001-07-09,,,,,
2001-07-10,,,,,
2001-07-11,,,,,
2001-07-12,,,,,
2001-07-13,,,,,
2001-07-16,,,,,
2001-07-17,,,,,
2001-07-18,,,,,
2001-07-19,,,,,
2001-07-20,,,,,
2001-07-23,27.40445899963379,27.40445899963379,27.40445899963379,27.40445899963379,463095.0
2001-07-24,29.15750503540039,29.250373465973684,28.42197206321458,28.97547829546279,238341541.0
2001-07-25,31.18950080871582,31.189500808715817,29.157505474096435,29.157505474096435,94092605.0
2001-07-26,33.310665130615234,33.310665130615234,32.017915371175924,32.29652364139457,64114300.0
2001-07-27,33.21779251098633,34.696284778853816,33.032052725753175,34.14277843015323,60369077.0
2001-07-30,33.21779251098633,33.21779251098633,33.21779251098633,33.21779251098633,0.0
2001-07-31,35.52468490600586,35.52468490600586,33.032051377592104,33.21779115524453,77956786.0
2001-08-01,34.0499153137207,35.89617154924933,33.67843280005495,35.803303084590226,61392002.0
2001-08-02,35.06405258178711,35.24979237358591,33.95703984525456,33.95703984525456,61392002.0
2001-08-03,35.71043014526367,36.26393655602768,35.06405527397462,35.43181899366924,52895123.0
2001-08-06,36.81744384765625,36.81744384765625,35.06405611288903,35.33895137863552,48605439.0
2001-08-07,36.17106628417969,36.91031252294692,35.710431205277075,36.53883289980059,38953644.0
2001-08-08,36.81744384765625,36.81744384765625,35.71043099964273,36.17106607589283,35422904.0
2001-08-09,36.263938903808594,37.37095179700626,36.17106755226127,36.63170553232262,32073649.0
2001-08-10,35.896175384521484,36.35681340448201,35.61756707576691,36.263942044890435,24187224.0
2001-08-13,35.6175537109375,36.449668201998506,35.338942621716505,36.17105711277751,23774757.0
2001-08-14,36.17106628417969,36.17106628417969,34.60341835088895,35.80330255356852,27965449.0
2001-08-15,36.263938903808594,36.63170553232262,35.80330380875708,35.89617227529457,18742625.0
2001-08-16,35.15692138671875,36.26393413432041,35.15692138671875,35.985323001331636,26464060.0
2001-08-17,35.431819915771484,35.431819915771484,34.41767841338544,35.24979599739949,31694177.0
2001-08-20,37.09234619140625,37.73872120150197,35.0640628038532,35.0640628038532,70796311.0
2001-08-21,37.64583969116211,38.01731925448003,36.72456968173143,37.37094446810573,44513739.0
2001-08-22,36.17106628417969,37.64584575418871,36.17106628417969,37.27807913856781,43045344.0
2001-08-23,35.98532485961914,36.81744240937942,35.43181845723516,36.44967581024309,41609948.0
2001-08-24,35.06405258178711,35.710427403448065,34.87830990497888,35.710427403448065,35785877.0
2001-08-27,35.6175537109375,35.71042215067183,35.064047424088486,35.524682386194165,22405355.0
2001-08-28,34.78544998168945,35.89617599772492,34.603423152384075,35.89617599772492,24649193.0
2001-08-29,35.33894729614258,36.078193445252346,34.324805913043285,34.60341415410792,77016358.0
2001-08-30,36.21932601928711,36.21932601928711,36.21932601928711,36.21932601928711,6212299.0
2001-08-31,37.38359451293945,38.0308344006759,36.99674180861151,37.38359451293945,46870035.0
2001-09-03,36.73636245727539,37.77045807734448,36.479698976828814,37.64398387283385,14385935.0
2001-09-04,37.77045440673828,37.77045440673828,37.12321449480979,37.38359591023535,19445003.0
2001-09-05,36.3494987487793,37.90063894594203,36.3494987487793,37.90063894594203,14478530.0
2001-09-06,35.05501937866211,36.21930681901938,34.66816384788982,36.21930681901938,14284920.0
2001-09-07,35.95893096923828,35.95893096923828,34.02093490332928,34.02093490332928,8535596.0
2001-09-10,36.0891227722168,36.21931782691418,35.05503003270272,35.57207784688878,7862178.0
2001-09-11,33.63407897949219,36.08911991231612,33.63407897949219,36.08911991231612,23317168.0
2001-09-12,33.63407897949219,33.63407897949219,33.63407897949219,33.63407897949219,0.0
2001-09-13,31.305513381958008,31.305513381958004,31.305513381958004,31.305513381958004,1346838.0
2001-09-14,29.23360824584961,30.3978932603254,29.23360824584961,29.23360824584961,32500935.0
2001-09-17,29.23360824584961,29.23360824584961,29.23360824584961,29.23360824584961,0.0
2001-09-18,29.23360824584961,29.23360824584961,29.23360824584961,29.23360824584961,0.0
2001-09-19,30.397884368896484,30.397884368896488,28.329696412117944,28.329696412117944,20640323.0
2001-09-20,29.363798141479492,30.011038195534695,29.363798141479492,29.363798141479492,11818520.0
2001-09-21,28.459890365600586,28.71655381344439,28.459890365600586,28.459890365600586,12534029.0
2001-09-24,30.141220092773438,30.39788351706975,28.716551178855298,28.846743315167142,19083039.0
2001-09-25,30.784748077392578,32.209414518944996,30.784748077392578,31.692369559727766,34066637.0
2001-09-26,32.85664749145508,32.85664749145508,31.045122876034213,31.82255201718645,26524331.0
2001-09-27,33.37370300292969,33.50389807982357,31.692372885604136,32.339610087116704,16069484.0
2001-09-28,32.59626388549805,33.8907407910638,32.07921902632539,33.63407734139622,20463550.0
2001-10-01,32.59626388549805,32.59626388549805,32.59626388549805,32.59626388549805,0.0
2001-10-02,30.65827178955078,32.59626798751672,30.397890347278473,32.59626798751672,13493653.0
2001-10-03,30.01104164123535,30.658278880744348,29.493993708545993,29.493993708545993,8990156.0
2001-10-04,30.914932250976562,32.07921992897968,30.784742986989563,32.07921992897968,17492086.0
2001-10-05,31.045124053955078,31.43197965932978,30.14122358068585,31.045124053955078,10177060.0
2001-10-08,30.784748077392578,30.91493736290699,30.397892403689756,30.397892403689756,7845341.0
2001-10-09,31.692359924316406,31.822549170249452,31.045120098648262,31.045120098648262,7550722.0
2001-10-10,31.692359924316406,31.692359924316406,31.692359924316406,31.692359924316406,0.0
2001-10-11,33.11331558227539,33.634081352244294,32.33960429231277,32.469796457019505,26566419.0
2001-10-12,32.85664749145508,33.76054793042832,32.339599754320766,33.63407663260731,24680844.0
2001-10-15,33.37370300292969,33.760558717230104,32.07922859990456,32.339610087116704,19714371.0
2001-10-16,33.37370300292969,33.50389807982357,32.856657989452465,33.24351370375289,7045655.0
2001-10-17,32.339603424072266,33.37369612682742,31.949029829296055,33.37369612682742,32930241.0
2001-10-18,32.98684310913086,33.24350658039858,31.82255536590531,31.94902956589294,12988589.0
2001-10-19,33.24350357055664,33.890740574780146,32.46979237779639,32.986840122527035,20766591.0
2001-10-22,35.3154182434082,35.3154182434082,33.634085339192005,33.76055666975162,28494086.0
2001-10-23,35.3154182434082,35.70227393424696,34.5379889010091,35.70227393424696,20581399.0
2001-10-24,36.0891227722168,36.34950710389546,35.05503003270272,35.315414364381375,23275079.0
2001-10-25,37.38359451293945,37.38359451293945,35.832454180414054,36.21931266245728,29159087.0
2001-10-26,39.97256088256836,39.97256088256836,38.16103581555397,38.16103581555397,61053947.0
2001-10-29,39.4517822265625,39.97255081092058,38.93473737966885,39.84235866483106,18089746.0
2001-10-30,37.64398956298828,38.934748858611314,37.5138002673733,38.54789315489479,21599946.0
2001-10-31,38.417694091796875,38.9347418874103,37.383598500570024,37.383598500570024,18603229.0
2001-11-01,40.87644577026367,41.00663789890819,39.58196906889227,39.84235332618129,32888152.0
2001-11-02,42.42759323120117,42.687977533600574,40.87645285192105,41.65388202150868,46482820.0
2001-11-05,42.944644927978516,44.62597472388455,42.42759712448669,42.81817072506829,35447148.0
2001-11-06,42.29739761352539,43.59187443307034,42.04073418091365,43.46168229254051,23232991.0
2001-11-07,42.68798065185547,43.33521771752251,41.52369290351543,42.81816992370746,20951779.0
2001-11-08,41.65387725830078,42.55778051582975,41.52368512198882,42.55778051582975,13089601.0
2001-11-09,42.17093276977539,43.3352176268206,40.74626359185531,41.393503545025595,28283641.0
2001-11-12,42.818172454833984,43.33522027921348,42.297406670067986,42.297406670067986,19133546.0
2001-11-13,42.68798065185547,43.33521771752251,42.29740416972568,42.68798065185547,17441579.0
2001-11-14,44.10893249511719,44.62597744123476,43.4616924890673,43.59188466014145,33317455.0
2001-11-15,46.18082809448242,46.567683667810975,44.2391114197977,44.2391114197977,32736630.0
2001-11-16,45.1467399597168,46.05064044628777,44.756163499836454,46.05064044628777,21743049.0
2001-11-19,46.56769561767578,47.21493274942166,45.533599924471005,45.79026342306993,24790275.0
2001-11-20,45.53359603881836,47.73197652277052,45.27321460189303,47.2149287202909,21515770.0
2001-11-21,47.21493148803711,47.34512365856065,44.88636159355017,44.88636159355017,20606653.0
2001-11-22,49.283111572265625,50.44739639030216,46.30730489356549,47.21492624834339,40986027.0
2001-11-23,51.22483825683594,52.258934005066834,49.543505342418484,49.543505342418484,31154093.0
2001-11-26,54.07044219970703,54.717679198168184,52.00225701691282,52.519304757040196,40363113.0
2001-11-27,54.200645446777344,54.45730893140461,52.38911765757852,54.45730893140461,32004286.0
2001-11-28,52.38911056518555,54.070443070994315,52.00225785487351,54.070443070994315,16843919.0
2001-11-29,53.29300308227539,53.29300308227539,51.09462339394384,51.61167100929758,17643605.0
2001-11-30,52.38911056518555,53.29301680167199,52.00225785487351,53.29301680167199,15623343.0
2001-12-03,56.01216506958008,56.01216506958008,53.29302174371493,53.29302174371493,27736488.0
2001-12-04,56.268821716308594,57.04625374111635,54.97434195782627,55.62158472592503,18594810.0
2001-12-05,60.14854049682617,60.14854049682617,57.81997058766542,58.08035493035336,42736921.0
2001-12-06,64.28865814208984,64.28865814208984,62.99418350462675,64.28865814208984,24756605.0
2001-12-07,66.87757110595703,68.55890335851097,64.8056653532239,65.84347576480212,40464128.0
2001-12-10,63.64139938354492,66.87759066469751,63.51492517615854,65.96996922850168,27113575.0
2001-12-11,67.91166687011719,68.04185611174967,63.25452273548855,63.64138116765409,29352695.0
2001-12-12,69.46280670166016,71.14413902732538,67.91166940019241,67.91166940019241,33233278.0
2001-12-13,67.26444244384766,70.88749221478493,64.67920915050524,70.88749221478493,42837932.0
2001-12-14,65.96998596191406,67.00408186779666,64.93589005603147,65.19627445758701,32492516.0
2001-12-17,66.48700714111328,67.26443340482965,64.67920045889173,65.32272239215912,18392784.0
2001-12-18,65.06607055664062,67.91168830714439,64.8056862134681,67.78149324669995,23973754.0
2001-12-19,65.06607055664062,67.13425612696236,65.06607055664062,65.32273405047764,18948355.0
2001-12-20,65.8434829711914,67.00405260976575,64.80567244602766,65.32272017319458,18864178.0
2001-12-21,61.829864501953125,65.19624436191387,61.5731952913325,64.80567082873465,43275654.0
2001-12-24,62.737483978271484,63.38472092608439,61.70338857893783,62.737483978271484,18897848.0
2001-12-25,67.00403594970703,67.00403594970703,63.64137191266625,63.901756135779614,24916540.0
2001-12-26,67.91166687011719,70.49689946139276,67.91166687011719,69.2061407009782,35775439.0
2001-12-27,68.55889892578125,72.43861085062075,67.2644194089643,68.29851468325896,40506216.0
2001-12-28,71.66119384765625,71.66119384765625,68.68910241789085,69.85338716629253,35118856.0
2001-12-31,76.06167602539062,76.06167602539062,72.17824788556979,73.60291705476995,37921967.0
2002-01-01,76.06167602539062,76.06167602539062,76.06167602539062,76.06167602539062,0.0
2002-01-02,77.22596740722656,77.48263089922268,73.86330184383162,75.93149317703583,37004432.0
2002-01-03,73.73310852050781,76.83538957255263,73.08587144088943,76.31834176759249,27290347.0
2002-01-04,74.63701629638672,76.06168564578108,74.38035279363652,74.63701629638672,22786850.0
2002-01-07,75.41444396972656,76.31834456034949,73.86330049808436,75.02758542526816,21330578.0
2002-01-08,78.26004791259766,78.90728490230453,75.93147846691596,75.93147846691596,30808967.0
2002-01-09,77.09577941894531,78.90730151283081,76.44853651527418,78.77711222885219,22626912.0
2002-01-10,78.26004791259766,78.26004791259766,75.28423569949389,75.93147846691596,26019267.0
2002-01-11,74.25012969970703,78.12983571478344,72.95565022694875,78.12983571478344,32004286.0
2002-01-14,76.1918716430664,76.70891947570541,72.43863823909429,72.43863823909429,27719653.0
2002-01-15,79.55452728271484,79.81119074237964,76.19186214290725,76.19186214290725,41937235.0
2002-01-16,84.5985336303711,85.11558145133405,81.75291596818104,84.08148580940815,44555154.0
2002-01-17,83.82110595703125,83.82110595703125,80.84529885700873,82.78701603751887,31061500.0
2002-01-18,88.22156524658203,89.64251335989445,82.91718378117066,84.08146846156689,34866323.0
2002-01-21,91.84090423583984,93.39576850724764,88.60843389370581,88.60843389370581,30135546.0
2002-01-22,97.01508331298828,97.14526679167356,90.55013778851156,91.84089091762796,35329299.0
2002-01-23,90.55014038085938,97.79251235792718,90.28975608288872,95.72432714663559,45775727.0
2002-01-24,91.45407104492188,92.48816688098859,87.96121562733369,90.55017028970178,35649174.0
2002-01-25,91.97110748291016,96.62824745837949,91.84091241831479,95.46396246451215,46735351.0
2002-01-28,89.5123291015625,92.35794651905888,89.38586068296985,90.93699823476072,24899705.0
2002-01-29,89.90288543701172,90.93698079166084,88.60841159732172,88.86507501189082,22130264.0
2002-01-30,88.22156524658203,89.77270261172123,87.9611809652135,88.60841793132501,21372667.0
2002-01-31,84.72870635986328,88.34803462196122,83.17384812916521,88.22156621719537,60220588.0
2002-02-01,84.08149719238281,86.01949368219724,84.08149719238281,85.89301945789131,31036247.0
2002-02-04,85.24576568603516,87.31395684751222,84.08148083431227,84.08148083431227,25564707.0
2002-02-05,88.22156524658203,88.22156524658203,85.2457531419631,85.2457531419631,29487379.0
2002-02-06,91.84090423583984,92.35795204326823,90.0293822629952,90.55015091954621,37703106.0
2002-02-07,91.84090423583984,91.84090423583984,91.84090423583984,91.84090423583984,0.0
2002-02-08,91.84090423583984,91.84090423583984,91.84090423583984,91.84090423583984,0.0
2002-02-11,91.84090423583984,91.84090423583984,91.84090423583984,91.84090423583984,0.0
2002-02-12,91.84090423583984,91.84090423583984,91.84090423583984,91.84090423583984,0.0
2002-02-13,91.84090423583984,91.84090423583984,91.84090423583984,91.84090423583984,0.0
2002-02-14,91.84090423583984,91.84090423583984,91.84090423583984,91.84090423583984,0.0
2002-02-15,91.84090423583984,91.84090423583984,91.84090423583984,91.84090423583984,0.0
2002-02-18,89.38587188720703,94.03929090358677,89.38587188720703,94.03929090358677,26103444.0
2002-02-19,88.60845184326172,91.32388070575217,88.60845184326172,89.90292627090173,22652166.0
2002-02-20,88.60845184326172,90.28978488141695,88.60845184326172,88.60845184326172,30590106.0
2002-02-21,84.98538970947266,89.77272463504309,84.85520042570745,89.64253535127789,38940514.0
2002-02-22,84.46832275390625,84.72870124470516,81.49251079620025,82.13975350807299,27315601.0
2002-02-25,81.75289154052734,85.11555601892074,81.62270230074006,85.11555601892074,19318738.0
2002-02-26,83.95130157470703,86.01948720510399,83.43425372267866,84.08149086121676,31953782.0
2002-02-27,88.09138488769531,88.348048363356,84.21167751564093,84.21167751564093,35447148.0
2002-02-28,88.09138488769531,88.09138488769531,88.09138488769531,88.09138488769531,0.0
2002-03-01,87.83100891113281,89.51234174562879,86.14967607663684,87.70454047467587,27812246.0
2002-03-04,92.10127258300781,92.48813104803006,90.02936664139791,91.58422486529582,51878596.0
2002-03-05,93.78260803222656,95.72432478415848,92.74851834095979,93.39575533236535,46508071.0
2002-03-06,93.78260803222656,93.78260803222656,91.7144228719778,91.7144228719778,29007569.0
2002-03-07,91.84090423583984,95.20356963096965,91.19366715313171,94.1694797938289,30716371.0
2002-03-08,90.55014038085938,93.13537333940269,90.55014038085938,92.4881363320233,17744616.0
2002-03-11,94.16946411132812,94.4298426185255,91.32384699752122,91.32384699752122,27113575.0
2002-03-12,93.78260803222656,94.68650846657876,92.61832330633,94.42984502363213,13931375.0
2002-03-13,94.6865005493164,97.53212327537747,93.13536325325781,93.52221592077213,41171218.0
2002-03-14,96.24140167236328,96.24140167236328,94.03929996182019,94.16949503588904,23931665.0
2002-03-15,94.56006622314453,98.56996346715333,94.42987115248961,97.40568419681452,39967480.0
2002-03-18,94.16946411132812,95.594127314768,93.91280067491866,95.33374880757063,17677274.0
2002-03-19,90.9369888305664,92.48813199966243,90.67660454479275,92.48813199966243,30413333.0
2002-03-20,92.10127258300781,92.48813104803006,88.99527120597395,90.41994017718214,30329153.0
2002-03-21,91.19367980957031,93.65244498408218,91.19367980957031,92.10130134651943,22172353.0
2002-03-22,92.61831665039062,93.39574862055647,91.84088468022478,92.74851167566406,22997292.0
2002-03-25,91.97110748291016,93.1353924767775,91.84091241831479,93.00520318989867,16296763.0
2002-03-26,98.30956268310547,98.30956268310547,92.87871232563747,92.87871232563747,73301773.0
2002-03-27,95.20357513427734,100.50795208415467,95.20357513427734,100.25129436788154,45295917.0
2002-03-28,99.86070251464844,100.12108103273363,95.46394205302391,95.85079475920843,37492661.0
2002-03-29,98.17937469482422,99.34366534134126,96.62823707867952,99.34366534134126,25522619.0
2002-04-01,97.92271423339844,98.95680980010948,96.88861866668739,98.05289772490103,11380798.0
2002-04-02,99.47383880615234,101.28537211856833,98.82660757828374,98.82660757828374,29579975.0
2002-04-03,96.36784362792969,100.37775143021385,95.72432746708562,99.86070368123121,37947221.0
2002-04-04,92.23148345947266,96.36785435639798,91.84090407886895,96.36785435639798,43713379.0
2002-04-05,92.23148345947266,92.23148345947266,92.23148345947266,92.23148345947266,0.0
2002-04-08,90.67662811279297,93.13539318378801,90.55015967440823,92.23149253453317,20034244.0
2002-04-09,91.45407104492188,92.61835618411793,90.55017028970178,92.23150334693119,17643605.0
2002-04-10,91.84090423583984,92.61833637154373,90.93700367397884,90.93700367397884,12761309.0
2002-04-11,92.61831665039062,93.78260129261683,92.48812740283199,92.74851167566406,18131834.0
2002-04-12,94.56006622314453,94.94691903004836,91.19367952228848,92.2314961270333,20253108.0
2002-04-15,91.84090423583984,95.59414323452489,91.84090423583984,94.56005339738415,28797123.0
2002-04-16,92.48814392089844,93.78261804187193,92.10128540203168,92.48814392089844,13695679.0
2002-04-17,94.03926849365234,94.9468897478261,93.26555734074529,94.42984202972814,29116999.0
2002-04-18,91.45407104492188,93.91283640416061,90.93702312688852,93.91283640416061,29184341.0
2002-04-19,90.4199447631836,92.35794070191982,89.25566001601864,91.45404025105576,32181059.0
2002-04-22,85.11557006835938,89.51232482771982,84.33813801627521,89.25566137617338,56491524.0
2002-04-23,85.37596130371094,86.92709890744023,82.91719653517887,84.46833991662403,32829226.0
2002-04-24,85.63262939453125,86.41005577397922,84.21168098601794,85.11558157283025,19537599.0
2002-04-25,83.30404663085938,85.37595266785313,83.30404663085938,84.46833137257298,20084751.0
2002-04-26,82.13978576660156,82.65682788070195,80.8453056121932,82.13978576660156,26010848.0
2002-04-29,81.62271118164062,83.04738016666663,80.58861573618701,81.49251614997311,18081327.0
2002-04-30,84.46832275390625,84.5985119993057,81.88308431011332,82.9171796876305,31751756.0
2002-05-01,84.46832275390625,84.46832275390625,84.46832275390625,84.46832275390625,0.0
2002-05-02,79.29415130615234,85.6326295267324,78.77710926136932,85.24577098330765,33309039.0
2002-05-03,81.10568237304688,81.49253515432162,78.90730171551702,78.90730171551702,45312751.0
2002-05-06,75.54462432861328,79.94138495932117,75.54462432861328,79.55452646054417,35312464.0
2002-05-07,77.74299621582031,78.51670735178045,75.41442688885823,75.54461613879356,35413475.0
2002-05-08,73.08586883544922,78.9072930508137,72.30843673117128,78.9072930508137,52324737.0
2002-05-09,72.56881713867188,75.67109791296217,70.49691103294512,75.67109791296217,63141548.0
2002-05-10,76.1918716430664,76.31834585310628,71.27434751447234,72.5688275207219,50270808.0
2002-05-13,72.9556655883789,75.28423501282157,72.4386236376761,75.02757157288961,25556291.0
2002-05-14,70.7573013305664,73.9897776833488,70.49692276124404,73.47272983866193,40329444.0
2002-05-15,72.17825317382812,73.08587461995847,71.14415751892705,71.14415751892705,49799414.0
2002-05-16,69.07597351074219,71.1441590884548,67.13425636687408,71.1441590884548,70380814.0
2002-05-17,68.55889892578125,70.49689446425238,68.29851468325896,68.55889892578125,47745482.0
2002-05-20,67.78150177001953,68.945786873172,65.58312086281359,67.39464894480886,36120569.0
2002-05-21,67.65129852294922,68.94577265831315,67.39463504975501,67.7814877952065,28426744.0
2002-05-22,68.81558227539062,69.33263006247029,68.04187101925922,68.55891880633888,30522764.0
2002-05-23,67.39463806152344,68.8155864613244,66.23035314638659,68.8155864613244,21541023.0
2002-05-24,70.49691009521484,70.6270993564852,67.78148207499447,68.04186637525058,45127560.0
2002-05-27,69.3326416015625,70.2402631278824,68.8155937284301,69.59302018520965,16322017.0
2002-05-28,68.42872619628906,70.37044321488709,67.9116841685052,69.46282180728878,20202601.0
2002-05-29,67.52482604980469,68.16834806263243,67.26444172091165,68.04187385845934,9074333.0
2002-05-30,64.8056869506836,68.428731144868,64.54902345392684,68.29854186065891,42299196.0
2002-05-31,63.38471984863281,64.67919372225438,63.25452482498505,64.0319567854436,20463550.0
2002-06-03,62.737483978271484,64.93585824737005,62.09024125274376,62.09024125274376,28595097.0
2002-06-04,64.93586730957031,64.93586730957031,62.220444961851015,62.220444961851015,30101876.0
2002-06-05,64.93586730957031,65.84348865805434,64.28863027143149,65.58310434770912,19335573.0
2002-06-06,63.901771545410156,65.32271968347256,63.901771545410156,64.93586121427633,11650166.0
2002-06-07,59.63150405883789,63.384743619014394,59.50502983604398,62.73750643947841,39159375.0
2002-06-10,60.27872848510742,61.31282403588156,59.24463293433328,60.148533440179804,25084897.0
2002-06-11,56.13863754272461,61.056161175351995,56.13863754272461,60.53911339486088,32273655.0
2002-06-12,54.200645446777344,55.62159384637422,53.29302401643501,54.97435097214498,34226575.0
2002-06-13,57.81996154785156,57.95015658769847,54.45730227004476,54.9743442475392,52324737.0
2002-06-14,57.81996154785156,57.81996154785156,56.268824059937344,57.0462561171256,19722787.0
2002-06-17,57.69350051879883,59.11444892645224,57.69350051879883,58.46721182626944,20749753.0
2002-06-18,58.21052551269531,59.374809977687384,57.95014127950044,59.114425744492515,23594955.0
2002-06-19,56.529212951660156,58.08035056551502,55.62159155864845,57.81996624239541,20783426.0
2002-06-20,57.95016098022461,57.95016098022461,55.104543464219155,56.01216485233507,19259812.0
2002-06-21,60.0220832824707,61.703416387358416,56.65569622267123,56.91608061402793,52711955.0
2002-06-24,60.66929244995117,60.9259558725242,59.244623545598564,60.02205550992241,34184483.0
2002-06-25,60.0220832824707,61.31284268918208,59.24465095842464,61.05617914784942,28704528.0
2002-06-26,55.88197708129883,58.46721639003491,55.88197708129883,58.08035781724456,33569989.0
2002-06-27,55.10454559326172,56.9160675904554,55.10454559326172,55.88197196169913,20236270.0
2002-06-28,55.364925384521484,56.65567861230883,55.234730340453126,56.65567861230883,22963623.0
2002-07-01,51.61167907714844,55.1045329960177,51.61167907714844,55.1045329960177,19714371.0
2002-07-02,50.32093048095703,51.61168955939132,49.413309080925515,49.413309080925515,17138538.0
2002-07-03,52.25892639160156,52.906163463493854,47.34512054515813,49.543498124556805,32374669.0
2002-07-04,53.29300308227539,54.070429151462314,51.355007625490906,52.519292083114976,30733206.0
2002-07-05,52.38911056518555,53.29301680167199,50.44739376079812,52.77596905321295,35657590.0
2002-07-08,56.01216506958008,56.01216506958008,53.1665475425378,53.29302174371493,41768878.0
2002-07-09,58.46721649169922,58.59740578088247,55.62159860010137,56.39902504111413,53528475.0
2002-07-10,56.65568542480469,58.34073905856626,56.268832650381704,57.17645410826608,22433305.0
2002-07-11,52.77596664428711,55.10453605270048,52.77596664428712,55.10453605270048,48376814.0
2002-07-12,54.457305908203125,55.104542968784784,52.90616253894539,52.90616253894539,53520059.0
2002-07-15,54.457305908203125,55.88196930019553,53.03635758749031,54.457305908203125,39218301.0
2002-07-16,53.29300308227539,55.75176122444013,53.29300308227539,55.10452438216979,27635473.0
2002-07-17,50.44739532470703,53.03635499596029,49.80015829575149,52.77597068930952,41979323.0
2002-07-18,49.93035125732422,51.61168374519407,49.5434927734244,50.83797255510972,29680989.0
2002-07-19,48.76605987548828,49.413296789386365,47.862156660522096,48.635864856449516,24950212.0
2002-07-22,48.76605987548828,49.673681049749376,47.34510898794825,47.47158315883485,34740058.0
2002-07-23,50.060546875,50.060546875,48.76607270660735,49.02645125776552,30733206.0
2002-07-24,47.47160339355469,49.156654330146516,47.34512916875859,48.89626995879495,29159087.0
2002-07-25,47.86216735839844,49.9303556221061,47.86216735839844,49.41330783396471,40775585.0
2002-07-26,45.01655960083008,46.05065251162841,44.625983038618074,45.27322312585051,33772015.0
2002-07-29,48.118831634521484,48.118831634521484,45.27321410527088,45.53359553933997,53511641.0
2002-07-30,51.48147964477539,51.48147964477539,50.32091595283157,50.32091595283157,63806550.0
2002-07-31,51.74188232421875,52.51931450299627,50.96445014544124,51.481497981516654,43065212.0
2002-08-01,51.61167907714844,52.12872677332621,50.707772932060465,51.481484052166095,24217868.0
2002-08-02,54.07044219970703,54.07044219970703,50.57758798394146,50.70777724227524,36027973.0
2002-08-05,50.32093048095703,52.25892663428935,50.32093048095703,51.481494507966595,28973896.0
2002-08-06,50.060546875,50.964447438939345,47.86216925380998,47.86216925380998,38443866.0
2002-08-07,52.645782470703125,53.29302536126529,52.002266207153134,52.25892969825721,38494373.0
2002-08-08,54.200645446777344,56.01216745826002,52.38911765757852,53.036360531807745,67367258.0
2002-08-09,56.268821716308594,56.655674415558934,55.23472624895948,56.268821716308594,50775872.0
2002-08-12,55.10454559326172,56.52921483082301,54.97435053851597,56.13864122201799,21995580.0
2002-08-13,54.84787368774414,55.23472638796807,54.45730013891897,54.974342096179555,18830506.0
2002-08-14,58.5974006652832,58.5974006652832,54.717687387094834,54.84788244262859,58132987.0
2002-08-15,58.5974006652832,60.2787333956236,58.5974006652832,59.89187485593362,70439737.0
2002-08-16,58.85777282714844,60.02205749921312,57.81995655755318,58.72757779853834,39942226.0
2002-08-19,54.84787368774414,58.85777560368469,54.84787368774413,58.85777560368469,46937377.0
2002-08-20,54.33083724975586,55.23473787290326,53.68360012316368,54.8478850922412,37038101.0
2002-08-21,55.10454559326172,55.23473487029136,54.33083429628084,54.457308501853944,29655736.0
2002-08-22,56.91606521606445,58.21054512259376,55.62159108725102,56.268828151657736,43957494.0
2002-08-23,56.91606521606445,58.59739786608765,56.91606521606445,57.95016080168093,38039813.0
2002-08-26,57.046260833740234,57.950161379048076,56.012165237820895,56.529213035780565,26776864.0
2002-08-27,56.529212951660156,58.46720909000343,55.3649280845778,57.30292422292107,35304045.0
2002-08-28,56.13863754272461,56.268826811221714,54.33083073547006,56.268826811221714,53107588.0
2002-08-29,55.784236907958984,57.24081423662485,54.50739153102569,57.24081423662485,59572768.0
2002-08-30,54.50739288330078,55.600760829465166,53.96071181822035,55.600760829465166,14267227.0
2002-09-02,53.960723876953125,54.14045587330981,52.320668683197724,54.14045587330981,11913694.0
2002-09-03,55.05409240722656,55.963983099895685,54.14045620744266,54.69088290517993,20859701.0
2002-09-04,55.23755645751953,56.51065052614117,54.323920480271205,54.323920480271205,21190398.0
2002-09-05,56.14745330810547,57.60403081811943,55.9639758273677,56.14745330810547,32038989.0
2002-09-06,56.14745330810547,56.14745330810547,56.14745330810547,56.14745330810547,0.0
2002-09-09,59.9742431640625,59.9742431640625,56.69413874857326,57.60403520835287,37403158.0
2002-09-10,62.89112854003906,63.437809567655336,59.24781553258519,60.52091534769532,44218962.0
2002-09-11,62.89112854003906,63.437809567655336,61.61802872492894,62.527919146292135,23939051.0
2002-09-12,64.71468353271484,65.08163859488104,62.34446929126914,62.34446929126914,42797391.0
2002-09-13,62.34444808959961,64.5349295626942,61.61803504361803,63.80477101033057,32773396.0
2002-09-16,59.611053466796875,62.34447154558505,59.247843899153175,62.34447154558505,21211872.0
2002-09-17,63.437828063964844,63.437828063964844,60.157723493891154,60.157723493891154,35676661.0
2002-09-18,60.88786697387695,62.164706410334205,60.88786697387695,61.07133859788217,18875518.0
2002-09-19,62.34444808959961,63.80477101033057,61.797767005923326,62.16471612729432,28903808.0
2002-09-20,61.981231689453125,61.981231689453125,59.61102433656245,60.52091474892353,17703044.0
2002-09-23,60.52091598510742,62.344442353037344,60.341184039339986,62.344442353037344,14967275.0
2002-09-24,58.15446853637695,61.98125455135665,57.424303980786526,60.52093707218618,37111114.0
2002-09-25,54.14045333862305,57.24082576862262,54.14045333862305,56.330935124167205,31360417.0
2002-09-26,54.32392501831055,55.784242175015535,53.777238099172095,55.05408359666304,44824524.0
2002-09-27,54.50739288330078,55.96397024810291,54.32392123685809,55.600760829465166,24278340.0
2002-09-30,55.05409240722656,55.05409240722656,51.95371981294301,53.4140372033494,15332330.0
2002-10-01,54.690879821777344,55.05408930334668,53.593766179266616,53.777243673503094,14116911.0
2002-10-02,55.23755645751953,57.05733739961123,55.23755645751953,55.963969468674534,33220053.0
2002-10-03,53.777252197265625,55.23757555280879,53.777252197265625,54.32393925972203,13421157.0
2002-10-04,51.590511322021484,54.14045726854429,51.04383012068456,53.23056074203722,25498054.0
2002-10-07,48.12692642211914,50.31366273517563,48.12692642211914,49.76698156491382,25326262.0
2002-10-08,49.22028732299805,49.766974228676396,47.39676076727002,48.126919327645105,31411953.0
2002-10-09,47.03355407714844,49.76697713305396,47.03355407714844,49.03681271406305,25021334.0
2002-10-10,47.03355407714844,47.03355407714844,47.03355407714844,47.03355407714844,0.0
2002-10-11,44.66333770751953,47.9434445895825,44.11665371184268,47.9434445895825,30157880.0
2002-10-14,44.296382904052734,45.5732282855498,43.74969894257925,45.21001887462472,19622806.0
2002-10-15,47.396759033203125,47.396759033203125,45.75670419217519,45.75670419217519,11419795.0
2002-10-16,50.6768684387207,50.6768684387207,50.6768684387207,50.6768684387207,7790712.0
2002-10-17,54.14045333862305,54.14045333862305,52.867353211366925,54.14045333862305,78547065.0
2002-10-18,57.24081802368164,57.42428967771109,53.59375910948638,56.330927502338525,81514752.0
2002-10-21,58.88086700439453,59.06434447412125,56.147449938521326,56.330927408248044,56845586.0
2002-10-22,57.24081802368164,59.97423509412052,56.877608590024806,59.611031476467424,47680545.0
2002-10-23,61.07134246826172,61.07134246826172,56.694125435252055,56.694125435252055,72676113.0
2002-10-24,63.07460403442383,64.35144943368194,61.43455503519182,63.25808149552611,91521568.0
2002-10-25,61.07134246826172,62.16471035000564,59.97422908048383,61.25107441386359,46881718.0
2002-10-28,59.24782180786133,62.52792576898287,59.24782180786133,61.98123886746075,43037898.0
2002-10-29,58.70112228393555,59.24780906790453,57.78748645626354,58.33417324023251,37158356.0
2002-10-30,58.334190368652344,59.974239570114996,57.78750342416201,58.8808714971385,40950639.0
2002-10-31,59.24782180786133,60.88787669642396,59.064344338555735,59.42755377077225,47577471.0
2002-11-01,58.15446853637695,59.794518023938195,57.97099102064373,59.42756880847695,32515709.0
2002-11-04,56.3309326171875,59.974240539781874,55.23756452653337,59.974240539781874,49492939.0
2002-11-05,57.24081802368164,57.24081802368164,55.7842405986485,56.694131119991624,48045602.0
2002-11-06,60.70439910888672,60.88787657783496,56.69413078474811,57.787498769659116,65783007.0
2002-11-07,59.06434631347656,61.61803731155595,59.064346313476555,61.07135039175439,42312083.0
2002-11-08,58.88086700439453,60.52092189672145,58.5176633873481,58.5176633873481,37553476.0
2002-11-11,55.784236907958984,58.517659613558145,55.784236907958984,58.517659613558145,36561384.0
2002-11-12,56.3309326171875,56.69413626781949,54.69087757320417,54.69087757320417,29346168.0
2002-11-13,54.50739288330078,56.51065131318335,53.77723435577415,56.33092517299531,43690705.0
2002-11-14,54.32392501831055,56.147451618936046,54.32392501831055,55.41729304058355,33061145.0
2002-11-15,54.690879821777344,55.78424795738446,54.507402327540866,55.78424795738446,41431654.0
2002-11-18,54.32392501831055,55.23756107188098,53.0470795208196,54.69087415274252,24617626.0
2002-11-19,53.960723876953125,55.05409206745512,53.593768870056415,54.32393337675817,23019971.0
2002-11-20,52.3206672668457,54.323931906176576,52.3206672668457,53.96072241620383,25064283.0
2002-11-21,51.95370864868164,53.59375768412607,51.77397668983807,53.23054826012902,32283791.0
2002-11-22,54.870601654052734,55.41728852868166,53.77723372079832,53.9607111810781,55222163.0
2002-11-25,53.777252197265625,54.690888490352386,53.04709342749676,54.690888490352386,22581904.0
2002-11-26,51.95370864868164,54.323922038430084,51.95370864868164,53.777235149279555,28336898.0
2002-11-27,50.86034393310547,51.22729307083342,50.31365700905663,51.04382140997142,22053647.0
2002-11-28,51.95370864868164,52.13718029783154,50.86034068638416,51.59049922468459,34456945.0
2002-11-29,53.23056411743164,53.41404163724279,52.50040536161805,52.6838828814292,34834887.0
2002-12-02,53.777252197265625,53.777252197265625,52.50040636504036,53.230565134809225,15839113.0
2002-12-03,54.50739288330078,55.600760829465166,53.77723435577415,53.77723435577415,42470989.0
2002-12-04,53.23056411743164,54.69088744506414,53.23056411743164,54.14046070163601,16066737.0
2002-12-05,53.960723876953125,54.50740506420173,53.41403687369972,53.41403687369972,20288497.0
2002-12-06,54.870601654052734,55.60076017295801,54.140443135147464,54.5073922397036,34633032.0
2002-12-09,54.690879821777344,56.694138598755096,54.690879821777344,56.330934933190264,33318832.0
2002-12-10,53.414024353027344,54.14044318235908,52.683865833485356,53.960711228132986,21753013.0
2002-12-11,53.04707717895508,54.140445152959266,52.68386775106914,53.414026297187384,20790986.0
2002-12-12,51.227298736572266,53.414035042612745,50.67687206110118,53.23055754545418,24518845.0
2002-12-13,51.043819427490234,51.953709947378954,50.67686448801043,51.043819427490234,30849339.0
2002-12-16,51.407020568847656,51.59049802975145,50.676862047459075,50.676862047459075,12300222.0
2002-12-17,51.590511322021484,52.86735704887698,51.590511322021484,52.5004020325236,24359940.0
2002-12-18,52.50040054321289,52.867355549156635,51.953719357383996,52.32066854732295,23621239.0
2002-12-19,53.960723876953125,55.23756957090348,52.50040067955441,52.50040067955441,47362732.0
2002-12-20,55.96397399902344,56.33092894851056,53.41402851714979,54.69087401133946,58967204.0
2002-12-23,54.690879821777344,56.51066110451862,54.690879821777344,56.330934933190264,25901763.0
2002-12-24,53.960723876953125,55.96398275450877,53.960723876953125,54.87061456400677,21156040.0
2002-12-25,53.04707717895508,54.140445152959266,53.04707717895508,53.777235725073325,13597244.0
2002-12-26,55.05409240722656,55.05409240722656,53.4140372033494,53.77724670539603,16599288.0
2002-12-27,53.414024353027344,54.690869747674974,53.04707524815122,54.690869747674974,20722268.0
2002-12-30,51.95370864868164,52.86734465213556,51.77397668983807,52.86734465213556,12600856.0
2002-12-31,51.95370864868164,52.50038972182859,51.77397668983807,51.77397668983807,12819890.0
2003-01-01,51.95370864868164,51.95370864868164,51.95370864868164,51.95370864868164,0.0
2003-01-02,52.3206672668457,53.047086246791196,51.95371808588733,52.137189768364195,11707544.0
2003-01-03,53.777252197265625,54.140461736404134,52.68388388835825,53.593774673947735,27383458.0
2003-01-06,53.5937614440918,54.323925849621794,53.230551994613144,54.14044837159613,23303426.0
2003-01-07,53.23056411743164,55.2375744970719,53.23056411743164,54.14046070163601,31506438.0
2003-01-08,53.23056411743164,53.777251169439396,52.32067334923259,53.23056411743164,23947641.0
2003-01-09,53.04707717895508,54.32392262007725,53.04707717895508,53.23054883006941,25399275.0
2003-01-10,53.414024353027344,54.870601701901066,53.414024353027344,54.32392064279886,31145678.0
2003-01-13,56.3309326171875,56.69413626781949,53.777241462493365,53.777241462493365,62570518.0
2003-01-14,55.05409240722656,56.51066429051818,54.870614902645855,56.51066429051818,31407659.0
2003-01-15,54.14045333862305,55.784248146507984,54.14045333862305,55.23756698485328,20778101.0
2003-01-16,52.867347717285156,54.14044771223815,52.68387024149399,53.7772382671829,25059988.0
2003-01-17,52.137176513671875,53.230544396611805,52.137176513671875,52.86734081497996,18617832.0
2003-01-20,52.50040054321289,52.50040054321289,51.590509858522196,51.953719357383996,11235119.0
2003-01-21,52.68387222290039,53.593762807018535,52.13718528149344,52.86734970559203,19670049.0
2003-01-22,51.590511322021484,53.23056074203722,51.2273018128563,52.86735704887698,17303631.0
2003-01-23,51.77397918701172,52.683869728041756,51.77397918701172,51.77397918701172,15585722.0
2003-01-24,51.77397918701172,53.0470791695572,51.77397918701172,52.86734720204476,19558385.0
2003-01-27,51.590511322021484,51.77398883019818,50.86035261250787,51.590511322021484,16277181.0
2003-01-28,51.227298736572266,51.95371771127998,51.227298736572266,51.59050822392612,13330968.0
2003-01-29,51.227298736572266,51.227298736572266,51.227298736572266,51.227298736572266,0.0
2003-01-30,51.227298736572266,51.227298736572266,51.227298736572266,51.227298736572266,0.0
2003-01-31,51.227298736572266,51.227298736572266,51.227298736572266,51.227298736572266,0.0
2003-02-03,51.227298736572266,51.227298736572266,51.227298736572266,51.227298736572266,0.0
2003-02-04,51.227298736572266,51.227298736572266,51.227298736572266,51.227298736572266,0.0
2003-02-05,51.227298736572266,51.227298736572266,51.227298736572266,51.227298736572266,0.0
2003-02-06,47.759971618652344,51.40702796833145,47.759971618652344,51.227295987780344,19090255.0
2003-02-07,47.58024215698242,47.943451644075104,45.940189928631405,47.75997414704848,20279908.0
2003-02-10,47.58024215698242,47.943451644075104,46.85008349184109,47.21329007093147,9195104.0
2003-02-11,47.58024215698242,48.310403730126055,47.3967675679581,48.310403730126055,11389732.0
2003-02-12,46.66659927368164,47.580235304263645,46.66659927368164,47.033551306882515,8563771.0
2003-02-13,46.66659927368164,47.213283271062764,46.48686730950139,46.48686730950139,12630919.0
2003-02-14,47.58024215698242,48.12692623309943,46.85008349184109,47.21329007093147,18746674.0
2003-02-17,48.85707092285156,49.2202803060495,48.12691246656942,49.2202803060495,14576452.0
2003-02-18,47.03355407714844,48.67360616589052,47.03355407714844,48.67360616589052,12858542.0
2003-02-19,46.66659927368164,47.759967268443894,46.48686730950139,47.759967268443894,12184264.0
2003-02-20,47.396759033203125,47.75996554689075,46.666597591539976,46.666597591539976,10814233.0
2003-02-21,47.213287353515625,47.94344888463395,47.213287353515625,47.75997139816759,5621853.0
2003-02-24,47.58024215698242,47.943451644075104,47.03355808086542,47.3967675679581,8422045.0
2003-02-25,46.48686218261719,47.213278064064525,46.48686218261719,47.213278064064525,7700523.0
2003-02-26,46.85007858276367,47.2132851237963,46.48686913372906,46.85007858276367,7077782.0
2003-02-27,46.66659927368164,46.850076744283015,46.30339274690189,46.66659927368164,4977638.0
2003-02-28,46.66659927368164,46.66659927368164,46.66659927368164,46.66659927368164,0.0
2003-03-03,49.5835075378418,49.76698504843183,47.39677107172127,47.75997767766137,27950368.0
2003-03-04,49.22028732299805,49.40376479369854,48.49012585462107,48.85707788802019,14692410.0
2003-03-05,47.943443298339844,48.8570763934652,47.75996583325198,48.67360183637913,8087053.0
2003-03-06,47.58024215698242,48.49013281218981,47.58024215698242,48.310403730126055,7331173.0
2003-03-07,47.58024215698242,48.857084898240764,46.85008349184109,47.21329007093147,7975388.0
2003-03-10,48.49013137817383,48.67360886977441,47.58024074987497,47.75997273462574,7949620.0
2003-03-11,48.49013137817383,49.036815438123554,47.75997273462574,47.75997273462574,6171584.0
2003-03-12,49.766971588134766,49.95044323309685,48.85707529575595,49.22028471146259,12901490.0
2003-03-13,48.67361068725586,49.95045343843122,48.12692660689285,49.58350425753253,13550001.0
2003-03-14,48.67361068725586,49.95045343843122,48.67361068725586,49.95045343843122,18441745.0
2003-03-17,48.12692642211914,49.03681708090015,48.12692642211914,48.31040391986638,5604674.0
2003-03-18,49.766971588134766,50.67686206451014,49.403762172428124,49.58349412716924,24351350.0
2003-03-19,49.03681945800781,49.76698397741692,48.85708745852317,49.03681945800781,9212283.0
2003-03-20,50.13017654418945,50.49713147604907,49.40376350912536,49.766972934659215,25691319.0
2003-03-21,49.950439453125,50.31364884134597,49.40375843382606,49.950439453125,7825072.0
2003-03-24,49.950439453125,50.497126288426955,49.766967822047036,50.130171394265,9212283.0
2003-03-25,49.22028732299805,49.583496757975894,49.036809852297544,49.22028732299805,7511552.0
2003-03-26,48.67361068725586,49.58350425753253,48.67361068725586,49.22029476761887,8018335.0
2003-03-27,49.22028732299805,49.40376479369854,48.49012585462107,48.67360332532157,6059920.0
2003-03-28,49.40376281738281,49.40376281738281,48.85707593357377,49.220285354022025,5939668.0
2003-03-31,47.759971618652344,49.220291779628475,47.759971618652344,49.220291779628475,7387005.0
2003-04-01,47.943443298339844,48.12691785542591,47.396759317386625,47.5802338744727,6618240.0
2003-04-02,47.943443298339844,48.12691785542591,47.21328185229876,48.12691785542591,5458653.0
2003-04-03,48.67361068725586,49.40377226607053,48.67361068725586,49.22029476761887,14271522.0
2003-04-04,49.03681945800781,49.2202969646493,48.310406261760455,48.49013535324264,8967481.0
2003-04-07,51.590511322021484,51.77398883019818,49.036819868310495,49.22029737648719,33361779.0
2003-04-08,51.407020568847656,51.77397549065525,50.86033950836287,51.407020568847656,15276498.0
2003-04-09,52.137176513671875,52.500385911306886,50.860336994898574,51.22728608256848,16887038.0
2003-04-10,51.043819427490234,52.32065907085503,51.043819427490234,52.137181601115124,11570111.0
2003-04-11,51.407020568847656,51.95370744533589,50.676862047459075,51.04381696926667,14335945.0
2003-04-14,50.6768684387207,51.773982020282574,50.6768684387207,51.590504536238974,6717019.0
2003-04-15,50.86034393310547,51.407025041150355,50.676866456239516,50.86034393310547,5617558.0
2003-04-16,52.137176513671875,52.86734081497996,51.407018028366956,51.407018028366956,20593426.0
2003-04-17,52.50040054321289,52.50040054321289,51.590509858522196,52.137191044351084,10943075.0
2003-04-18,53.5937614440918,54.323925849621794,53.414029472638816,53.5937614440918,25197420.0
2003-04-21,54.50739288330078,54.50739288330078,53.230547474690205,53.59375689332795,16831206.0
2003-04-22,53.23056411743164,54.32393822144716,53.23056411743164,54.32393822144716,15701682.0
2003-04-23,54.14045333862305,55.417298972795486,53.96072135068085,54.32393083348156,20709383.0
2003-04-24,52.68387222290039,53.777240289710164,52.68387222290039,53.777240289710164,17488305.0
2003-04-25,50.6768684387207,52.68387261110531,50.31365897732904,51.953713997630636,18566293.0
2003-04-28,49.40376281738281,49.76697223783107,47.396758871241154,49.03680789066124,14430429.0
2003-04-29,51.95370864868164,51.95370864868164,49.95044437323658,50.13017633208015,23642712.0
2003-04-30,51.95370864868164,53.777235149279555,51.77397668983807,53.777235149279555,19932030.0
2003-05-01,51.95370864868164,51.95370864868164,51.95370864868164,51.95370864868164,0.0
2003-05-02,52.50040054321289,52.50040054321289,51.590509858522196,51.953719357383996,9547275.0
2003-05-05,52.137176513671875,52.68386336314342,51.77397293204003,52.32065396550841,7103550.0
2003-05-06,52.68387222290039,52.86734970559203,52.13718528149344,52.13718528149344,7971093.0
2003-05-07,52.867347717285156,53.23055134633648,52.500392765702834,53.23055134633648,7932441.0
2003-05-08,52.137176513671875,52.86734081497996,51.407018028366956,52.86734081497996,9542980.0
2003-05-09,52.50040054321289,52.68387804618476,52.137191044351084,52.137191044351084,4853091.0
2003-05-12,52.50040054321289,53.230559232013654,52.32066854732295,52.50040054321289,8611013.0
2003-05-13,53.23056411743164,53.59377364962825,53.047092413625805,53.23056411743164,10917306.0
2003-05-14,52.867347717285156,53.23055134633648,52.867347717285156,53.23055134633648,4578223.0
2003-05-15,52.50040054321289,52.867355549156635,52.32066854732295,52.68387804618476,4530981.0
2003-05-16,52.50040054321289,53.230559232013654,52.50040054321289,52.867355549156635,6884516.0
2003-05-19,52.3206672668457,52.3206672668457,51.95371808588733,52.137189768364195,3075055.0
2003-05-20,52.50040054321289,52.68387804618476,51.590509858522196,51.590509858522196,3865293.0
2003-05-21,52.137176513671875,52.500385911306886,52.137176513671875,52.137176513671875,4333423.0
2003-05-22,52.867347717285156,53.047079686549246,51.95371166086034,52.13718332064758,7683344.0
2003-05-23,53.777252197265625,54.32393925972203,53.04709342749676,53.230565134809225,21967752.0
2003-05-26,54.14045333862305,54.69088000719406,53.96072135068085,54.14045333862305,15027402.0
2003-05-27,53.777252197265625,54.32393925972203,53.593774673947735,54.32393925972203,9903740.0
2003-05-28,54.14045333862305,55.60077065164947,53.96072135068085,54.69088000719406,25051397.0
2003-05-29,54.14045333862305,54.507402512335545,53.59376636096382,54.14045333862305,15216372.0
2003-05-30,56.14745330810547,56.33093078884325,53.960717197772546,54.14044917188227,47474398.0
2003-06-02,59.9742431640625,59.9742431640625,56.87761624329459,56.87761624329459,64842451.0
2003-06-03,61.61804962158203,61.61804962158203,59.79451683843622,59.97424884326358,49767804.0
2003-06-04,61.61804962158203,61.61804962158203,61.61804962158203,61.61804962158203,0.0
2003-06-05,60.52091598510742,61.618029373895936,59.611025554161166,61.618029373895936,38236344.0
2003-06-06,59.611053466796875,60.15773475615215,58.88088882371824,60.15773475615215,20666436.0
2003-06-09,57.97097396850586,59.247819372364766,55.600760622551455,59.247819372364766,67329123.0
2003-06-10,57.97097396850586,58.70113249331527,56.330924963364346,56.87760602641036,33683888.0
2003-06-11,59.79450988769531,61.251087477331914,58.3341926072303,58.3341926072303,59697315.0
2003-06-12,60.15771484375,61.25108287655802,59.974237366764186,61.25108287655802,28195170.0
2003-06-13,61.25107192993164,62.52791721153113,58.15444586191404,58.88085881092787,52752670.0
2003-06-16,61.25107192993164,63.258075666427025,61.25107192993163,62.344439767335906,38622874.0
2003-06-17,61.43455505371094,62.52792299219635,61.251077592553344,61.98123611495191,34697453.0
2003-06-18,61.981231689453125,63.43780894002486,61.79776005739898,61.79776005739898,33318832.0
2003-06-19,64.16798400878906,64.53493315056086,62.164719583387225,62.34445155568485,32047579.0
2003-06-20,61.61804962158203,63.80478610564567,61.251094597390946,63.621308593550125,32872175.0
2003-06-23,61.61804962158203,62.1647308345954,60.704413384377574,61.61804962158203,17849067.0
2003-06-24,61.61804962158203,62.34446283942276,61.251094597390946,61.251094597390946,13434041.0
2003-06-25,62.34444808959961,63.437816072955876,61.797767005923326,62.16471612729432,24527437.0
2003-06-26,62.89112854003906,63.621287017527784,62.71139659616458,62.89112854003906,23470923.0
2003-06-27,62.52794647216797,64.53495114786315,62.34446894211242,63.80479235128146,34340987.0
2003-06-30,63.258094787597656,63.258094787597656,61.79777743639235,62.527936111995004,13184945.0
2003-07-01,65.26134490966797,65.26134490966797,62.89113160192906,63.074603244730824,26618989.0
2003-07-02,64.16798400878906,65.99151064588925,64.16798400878906,65.44482371581582,26683412.0
2003-07-03,64.71468353271484,66.17500695006234,64.53495150928755,65.26137061830833,28311130.0
2003-07-04,65.80804443359375,66.1749994541937,64.71467620226201,65.08163122286196,13588654.0
2003-07-07,70.36497497558594,70.36497497558594,66.35470688140815,67.26834866737103,41569087.0
2003-07-08,70.91541290283203,72.18851298138256,70.18525427425286,71.82530351247732,33353189.0
2003-07-09,69.09188842773438,71.82530585249611,68.54520145317933,70.36498854776163,23243300.0
2003-07-10,69.09188842773438,70.00177906702328,68.72493344010098,69.09188842773438,20808165.0
2003-07-11,69.09188842773438,70.91541521320721,68.72493344010098,68.72493344010098,25850224.0
2003-07-14,70.54846954345703,71.27862823206783,69.63857304299827,69.81830503884144,23264773.0
2003-07-15,70.18524932861328,71.46209482396326,70.00177185370299,70.91540790574147,20370097.0
2003-07-16,70.36497497558594,71.09513348711835,70.00176556490435,70.54845243401304,15658734.0
2003-07-17,67.63156127929688,70.18525238106012,67.44808961241107,69.8182974152802,21061556.0
2003-07-18,67.63156127929688,68.3617198881806,67.08488015330312,68.3617198881806,17028766.0
2003-07-21,67.08487701416016,68.54519416359409,67.08487701416016,67.99851306318152,13962298.0
2003-07-22,67.08487701416016,67.81503558887712,66.5381900977437,67.08487701416016,12660982.0
2003-07-23,69.63855743408203,70.91540283818976,67.44808185922692,67.44808185922692,31506438.0
2003-07-24,74.37898254394531,74.37898254394531,70.5484522291488,70.5484522291488,44974840.0
2003-07-25,76.01904296875,78.20577896901567,74.37898806054885,74.37898806054885,50313240.0
2003-07-28,75.28889465332031,79.11568637829696,75.10542295867474,78.02231814487577,35290131.0
2003-07-29,75.47235870361328,76.19877178617881,74.3789906651923,75.28888122568556,20430223.0
2003-07-30,74.74217987060547,76.01902504112148,74.55870244237248,75.28886083374577,18338672.0
2003-07-31,74.92567443847656,75.65209336285542,74.55872528558757,75.1054122322236,12330285.0
2003-08-01,76.56574249267578,77.11242953234942,75.65210623766411,76.19878746133256,21078735.0
2003-08-04,77.84256744384766,78.9359354146442,77.11240889987148,77.11240889987148,19515438.0
2003-08-05,73.82857513427734,78.20579345186043,73.82857513427734,77.84258394803237,29672572.0
2003-08-06,72.91867065429688,73.46535760387641,72.18851203528709,72.18851203528709,20580541.0
2003-08-07,71.46208953857422,73.82855737282907,69.81828921498035,72.9186610785924,25274725.0
2003-08-08,70.36497497558594,72.73518827844104,69.81828810647725,71.64182035622704,18115343.0
2003-08-11,69.81828308105469,70.73192480125492,69.09187012798107,70.36496991081363,10857180.0
2003-08-12,71.82530212402344,72.18851158590748,70.54846237938676,70.91541153196722,12854248.0
2003-08-13,55.905452728271484,56.57944614745153,54.01382656444485,54.282869085352026,26683412.0
2003-08-14,55.50049591064453,55.905452624167125,54.823728258900545,55.905452624167125,22165312.0
2003-08-15,56.17448425292969,57.66115938138667,56.17448425292969,56.579440929862464,26868085.0
2003-08-18,56.310394287109375,57.66115513526142,55.36458427006654,57.66115513526142,51794937.0
2003-08-19,78.78863525390625,78.78863525390625,78.78863525390625,78.78863525390625,10019953.0
2003-08-20,79.03678131103516,80.54475475478004,78.78863273147417,79.28874272601618,33865652.0
2003-08-21,80.29278564453125,81.04486296727693,78.28470225039884,79.03677957314451,16130428.0
2003-08-22,83.80500793457031,85.06101376991424,81.04484773641275,81.04484773641275,28445638.0
2003-08-25,86.313232421875,86.313232421875,83.05296114126347,85.3091935110128,13707918.0
2003-08-26,83.80500793457031,85.81309095132107,83.80500793457031,85.81309095132107,14539772.0
2003-08-27,83.55306243896484,85.81311333713616,83.55306243896484,84.80906860195941,14565693.0
2003-08-28,82.0489273071289,84.80908275621937,81.79695990749896,84.30897265273188,12529654.0
2003-08-29,85.30919647216797,85.30919647216797,82.80100256107801,83.3049254871278,12553219.0
2003-09-01,86.313232421875,87.3172713327372,84.80907750870878,86.56519980591462,14146231.0
2003-09-02,88.82523345947266,88.82523345947266,85.81311118886845,86.56518854763978,16493333.0
2003-09-03,87.82119750976562,90.82950704181215,87.82119750976562,89.82928106481111,18331423.0
2003-09-04,87.82119750976562,88.8252363224084,86.56519133773178,87.82119750976562,13323803.0
2003-09-05,88.0693359375,90.5813540904893,88.0693359375,88.8252320495516,13606586.0
2003-09-08,92.33747100830078,92.58561959252098,88.32130405631979,88.32130405631979,20954238.0
2003-09-09,96.10167694091797,98.60987651581245,93.58966453028071,94.09359926241738,33005519.0
2003-09-10,96.10167694091797,97.35387031049382,94.34556069872563,95.84971550460972,15187816.0
2003-09-11,96.10167694091797,96.10167694091797,96.10167694091797,96.10167694091797,0.0
2003-09-12,94.8456802368164,97.10572536648833,94.59371286126012,95.84971911387423,10660928.0
2003-09-15,94.34556579589844,95.3457918534448,94.09360434597757,94.84568178955182,7609225.0
2003-09-16,96.34982299804688,96.34982299804688,93.58966205970671,93.58966205970671,10538388.0
2003-09-17,96.60179901123047,98.35791536438109,96.60179901123047,98.35791536438109,12091339.0
2003-09-18,96.60179901123047,97.10572784544723,95.34579272655246,96.60179901123047,7599799.0
2003-09-19,98.86186218261719,99.61394569965084,97.35389417139568,97.85782309728246,16926933.0
2003-09-22,95.5977554321289,98.60987792261173,95.5977554321289,97.85780050894031,8530627.0
2003-09-23,94.8456802368164,96.10168055967019,94.3455642513505,95.09764168261236,12468384.0
2003-09-24,94.5937271118164,95.84973355364804,92.83760460917634,95.0976560090856,13832814.0
2003-09-25,93.34152221679688,93.84163225558507,92.83758748273108,92.83758748273108,7649287.0
2003-09-26,93.34152221679688,94.34556105989074,93.34152221679688,93.34152221679688,7050728.0
2003-09-29,94.5937271118164,95.0976560090856,93.08957202269154,93.84164956725398,7309947.0
2003-09-30,93.08953094482422,95.59772988522704,93.08953094482422,95.59772988522704,7274598.0
2003-10-01,93.08953094482422,93.58964085518662,91.58537651944162,93.08953094482422,7093145.0
2003-10-02,95.84972381591797,95.84972381591797,93.84164003353261,94.34556887960579,10592589.0
2003-10-03,95.5977554321289,96.34982691604013,95.09763945836029,96.34982691604013,8132375.0
2003-10-06,96.10167694091797,96.85375434386,95.34578670223314,96.60179290755177,10488902.0
2003-10-07,96.853759765625,98.35791465570999,95.84972087016973,96.34983093503905,13451056.0
2003-10-08,95.34577178955078,97.35385508373452,94.84566183089744,96.853739195322,10295665.0
2003-10-09,95.34577178955078,95.59773911620984,94.09358454558505,95.34577178955078,8679088.0
2003-10-10,95.34577178955078,95.34577178955078,95.34577178955078,95.34577178955078,0.0
2003-10-13,94.09358215332031,96.10165946669088,94.09358215332031,95.84969807619694,8631958.0
2003-10-14,91.83355712890625,95.09764725671954,91.33344704388693,95.09764725671954,15131261.0
2003-10-15,89.82928466796875,92.83758839092191,89.07338848923557,92.33747834724136,15828793.0
2003-10-16,90.82951354980469,91.58540382261808,88.57328123910932,89.07339129856307,12918480.0
2003-10-17,92.08548736572266,92.33745467061247,90.58133885481111,91.08144877025642,11617678.0
2003-10-20,93.34152221679688,93.34152221679688,91.08147123381615,92.08551007691001,7430130.0
2003-10-21,93.34152221679688,94.59370966140614,92.3374774439429,93.84163225558507,10201405.0
2003-10-22,93.84162902832031,94.34555781529559,92.58562286138829,93.34151900673118,9225804.0
2003-10-23,94.34556579589844,94.34556579589844,92.83759214304074,93.08955952272203,10724554.0
2003-10-24,93.08953094482422,96.10165263036768,93.08953094482422,94.34553683241477,9583994.0
2003-10-27,91.83355712890625,93.84164093048517,91.83355712890625,93.08956345514062,5021759.0
2003-10-28,91.58541107177734,93.08956606463099,91.33344960414978,92.33748856820417,9713605.0
2003-10-29,92.08548736572266,93.34149919583737,92.08548736572266,93.34149919583737,7590373.0
2003-10-30,91.08145904541016,93.34150972595376,90.32938174023111,92.58561365576824,8997220.0
2003-10-31,87.82119750976562,91.08146847144329,87.069120126754,91.08146847144329,18856929.0
2003-11-03,85.5611343383789,87.56921760575901,85.30917294484217,87.56921760575901,11957018.0
2003-11-04,83.55306243896484,87.56922952015206,83.30491384676132,86.3132233571575,16703064.0
2003-11-05,85.30919647216797,85.8131253279785,83.0529640241029,83.55307411400564,15824080.0
2003-11-06,84.55709838867188,85.81310442116761,83.80502108921355,85.30917568813021,11834479.0
2003-11-07,85.06103515625,85.56114517154847,83.5530616499185,85.3091837461101,11462148.0
2003-11-10,84.8090591430664,85.3091750370689,84.05698184934778,84.8090591430664,8186574.0
2003-11-11,84.05699157714844,84.30895893578366,83.30491419639291,84.30895893578366,8648454.0
2003-11-12,83.55306243896484,84.05699122436036,82.04891361352665,84.05699122436036,9390760.0
2003-11-13,83.55306243896484,84.80906860195941,83.55306243896484,84.55710717414159,5872465.0
2003-11-14,85.8131332397461,86.31324337575779,83.55308181740183,83.80504923341826,13922362.0
2003-11-17,84.05699157714844,85.30918490978418,84.05699157714844,85.30918490978418,5231488.0
2003-11-18,84.3089599609375,85.30918594710026,83.55306380560046,83.80503116729948,6164674.0
2003-11-19,84.05699157714844,84.80906895790396,83.55306278963792,84.05699157714844,5926665.0
2003-11-20,83.55306243896484,85.30918455174064,83.30491384676132,84.05699122436036,7906147.0
2003-11-21,83.0529556274414,83.0529556274414,81.79694941592487,82.80099418988983,6336701.0
2003-11-24,81.79694366455078,83.30491120758944,81.79694366455078,83.05294978775397,4420844.0
2003-11-25,81.5488052368164,83.0529601316986,81.29684378560006,82.80099868048225,7276955.0
2003-11-26,82.0489273071289,82.80100481024635,81.54881127388053,81.54881127388053,3652616.0
2003-11-27,80.54474639892578,82.54901086410712,80.54474639892578,82.0489009214474,4592871.0
2003-11-28,75.7765121459961,81.29683381821047,75.52454479591174,80.79290504780148,17796492.0
2003-12-01,74.7724609375,75.52453822732238,73.26831228761445,75.02442826567002,12468384.0
2003-12-02,78.78863525390625,79.79267997007418,75.27258418906703,75.27258418906703,18036858.0
2003-12-03,77.2806625366211,79.54070731148802,77.03251396566839,79.28873997548816,11184076.0
2003-12-04,81.5488052368164,81.79695385206436,77.53263778266576,78.28471523010685,18357346.0
2003-12-05,83.80500793457031,84.05696929665969,80.79288637432337,81.79692491781957,15428183.0
2003-12-08,81.5488052368164,82.80099868048225,81.5488052368164,82.54903129950546,5815908.0
2003-12-09,81.5488052368164,82.54903129950546,80.79291495340694,82.54903129950546,4809670.0
2003-12-10,80.29278564453125,81.29683030647719,79.28874098258531,80.29278564453125,5969082.0
2003-12-11,79.28873443603516,80.79289488709352,78.78862449378181,80.2927790150812,7420703.0
2003-12-12,79.28873443603516,80.54474633347755,79.28873443603516,80.2927790150812,5865395.0
2003-12-15,83.0529556274414,83.0529556274414,80.04082723530664,80.54476196993004,7844877.0
2003-12-16,81.04487609863281,81.7969535432344,80.5447660340567,80.79291464836777,5420011.0
2003-12-17,78.53666687011719,81.5487888921356,77.28066084222205,81.04486016094403,10550172.0
2003-12-18,78.28469848632812,79.03677577291255,77.5326211997437,77.78458852682891,6211805.0
2003-12-19,77.78461456298828,79.28876370986856,77.78461456298828,78.78865358297189,3881199.0
2003-12-22,78.78863525390625,79.03678384141176,77.2806676916431,77.78459646749812,4081504.0
2003-12-23,79.03678131103516,79.28874272601618,78.53667131649314,78.78863273147417,3023423.0
2003-12-24,79.03678131103516,80.29278741003942,79.03678131103516,79.03678131103516,3970748.0
2003-12-25,78.53666687011719,79.28873823706148,78.28469953964176,79.03677683634533,2281117.0
2003-12-26,78.78863525390625,79.03678384141176,78.53667383085863,78.53667383085863,2071386.0
2003-12-29,78.28469848632812,79.03677577291255,78.03273708900208,78.78862721073939,1776820.0
2003-12-30,80.29278564453125,80.29278564453125,79.03677957314451,79.03677957314451,7719981.0
2003-12-31,80.04084014892578,81.54881397104731,80.04084014892578,80.54477496485295,4703627.0
2004-01-01,80.04084014892578,80.04084014892578,80.04084014892578,80.04084014892578,0.0
2004-01-02,82.0489273071289,82.0489273071289,80.54477230089401,80.79292093451244,6909337.0
2004-01-05,82.54900360107422,83.0529322641795,81.79692640598455,82.80097089750609,6716101.0
2004-01-06,81.04487609863281,83.55306988270259,80.5447660340567,83.30492126839152,8648454.0
2004-01-07,82.0489273071289,82.80100481024635,79.79269479777658,81.29684980401146,10298023.0
2004-01-08,82.54900360107422,84.30893812237446,82.04889370241642,82.54900360107422,11504564.0
2004-01-09,82.80099487304688,83.80503372553562,82.80099487304688,83.30491775230769,10778755.0
2004-01-12,82.80099487304688,83.55306635614505,82.30087889981894,82.80099487304688,5078314.0
2004-01-13,84.8090591430664,85.81310376626043,83.30490455562914,83.30490455562914,15576644.0
2004-01-14,87.06912994384766,87.82120741165645,84.55711731654911,85.06104616238959,17735223.0
2004-01-15,86.8171615600586,88.06934307822353,86.56519419235848,87.82120040581115,11224138.0
2004-01-16,87.82119750976562,88.32130753338618,87.56923015037455,87.56923015037455,12847786.0
2004-01-19,87.82119750976562,87.82119750976562,87.82119750976562,87.82119750976562,0.0
2004-01-20,87.82119750976562,87.82119750976562,87.82119750976562,87.82119750976562,0.0
2004-01-21,87.82119750976562,87.82119750976562,87.82119750976562,87.82119750976562,0.0
2004-01-22,87.82119750976562,87.82119750976562,87.82119750976562,87.82119750976562,0.0
2004-01-23,87.82119750976562,87.82119750976562,87.82119750976562,87.82119750976562,0.0
2004-01-26,87.82119750976562,87.82119750976562,87.82119750976562,87.82119750976562,0.0
2004-01-27,86.8171615600586,88.82523925156373,86.8171615600586,88.82523925156373,9237585.0
2004-01-28,86.8171615600586,86.8171615600586,84.5571105710932,86.8171615600586,11273625.0
2004-01-29,91.08145904541016,91.33342637872511,85.81310507390971,85.81310507390971,35555281.0
2004-01-30,93.34152221679688,94.34556105989074,91.08147123381615,92.58562604545831,26355399.0
2004-02-02,91.83355712890625,93.58967354015992,91.83355712890625,93.34153084546585,12331706.0
2004-02-03,92.33747100830078,93.34151571117587,91.33343223518538,91.8335422391174,10415850.0
2004-02-04,93.58967590332031,94.59372079434247,92.08552091465096,92.58563694205898,13198907.0
2004-02-05,92.83760833740234,93.841653335801,92.58564684352994,92.83760833740234,5754638.0
2004-02-06,91.58541107177734,93.84164356105781,91.08148220676138,92.83759866724259,8844046.0
2004-02-09,91.58541107177734,92.83759866724259,91.08148220676138,91.8335597031882,7079006.0
2004-02-10,90.07743835449219,92.08551617362899,90.07743835449219,91.58540610172994,5735786.0
2004-02-11,89.57733154296875,90.82952512871039,88.8252540101958,90.07744759593743,7583304.0
2004-02-12,92.33747100830078,92.8375810122328,89.82927752837826,89.82927752837826,22156068.0
2004-02-13,92.33747100830078,93.34151571117587,91.8335422391174,92.8375810122328,5384664.0
2004-02-16,91.33341979980469,92.33745843621654,90.58134254879921,92.33745843621654,4484470.0
2004-02-17,91.33341979980469,92.33745843621654,91.33341979980469,91.33341979980469,5674516.0
2004-02-18,93.34152221679688,94.09359962261796,92.3374774439429,92.3374774439429,12140827.0
2004-02-19,95.34577178955078,96.34981047176306,94.09358454558505,94.09358454558505,19043095.0
2004-02-20,94.34556579589844,96.10168213296781,94.34556579589844,95.3457918534448,7307590.0
2004-02-23,94.8456802368164,95.84971911387423,93.84163542999825,95.09764168261236,7003597.0
2004-02-24,94.09358215332031,95.34576936545005,94.09358215332031,94.84565941951166,4592871.0
2004-02-25,93.58967590332031,94.84568819102995,93.58967590332031,94.09361069669527,4731906.0
2004-02-26,93.58967590332031,94.84568819102995,93.58967590332031,94.84568819102995,5507203.0
2004-02-27,94.8456802368164,96.10168055967019,94.09360280555454,94.09360280555454,7253390.0
2004-03-01,96.60179901123047,97.85780529590846,95.34579272655246,95.34579272655246,11601183.0
2004-03-02,97.85781860351562,99.36197370898695,97.10574105077997,98.10596725350563,27095349.0
2004-03-03,96.10167694091797,97.8577991128704,96.10167694091797,97.8577991128704,12098410.0
2004-03-04,97.60581970214844,98.60986434725874,96.1016650818785,96.1016650818785,6833928.0
2004-03-05,95.84972381591797,98.60988506645941,95.34579496984477,97.85780759830332,7248677.0
2004-03-08,94.34556579589844,97.10572695622335,94.34556579589844,96.6017981266212,6909337.0
2004-03-09,92.58563232421875,94.34556745800242,92.33748370587497,93.58967123540222,10484188.0
2004-03-10,90.07743835449219,92.58563217528855,89.82928973654757,92.58563217528855,12277505.0
2004-03-11,90.58137512207031,91.0814852377513,89.32536871883042,89.32536871883042,6678396.0
2004-03-12,89.32536315917969,90.32940209415443,89.07339576908893,89.32536315917969,6998884.0
2004-03-15,86.06509399414062,89.82929429942273,86.06509399414062,89.57732690290912,12065418.0
2004-03-16,85.8131332397461,86.81717820779065,85.30920433747451,86.06510065576252,9598133.0
2004-03-17,85.06103515625,87.06911867787996,85.06103515625,86.81715725244159,6218874.0
2004-03-18,88.0693359375,88.0693359375,85.06103247992512,85.06103247992512,10175483.0
2004-03-19,88.57328033447266,88.8252417795836,87.06912547603831,88.06934558473014,8047539.0
2004-03-22,82.54900360107422,82.54900360107422,82.54900360107422,82.54900360107422,1567090.0
2004-03-23,79.28873443603516,82.3008622434143,76.7805412654487,76.7805412654487,19620444.0
2004-03-24,79.54070281982422,81.29682468304199,78.53666415708875,80.29278009054747,8973655.0
2004-03-25,79.03678131103516,81.04486474932206,79.03678131103516,80.29278741003942,8031043.0
2004-03-26,81.04487609863281,82.04892092325986,79.79268858945512,80.5447660340567,12975037.0
2004-03-29,86.56519317626953,86.56519317626953,84.0569936145725,85.30918697755966,9965752.0
2004-03-30,87.31726837158203,87.56923574707679,85.81311943918594,86.56519687026415,7755330.0
2004-03-31,85.06103515625,88.06933870847689,84.55710637561342,87.82119604837665,6463952.0
2004-04-01,85.8131332397461,86.56521079177422,84.80908827170154,85.06105568771797,5860682.0
2004-04-02,84.3089599609375,86.81715949233771,84.05699259923848,86.31322476893968,8342106.0
2004-04-05,84.3089599609375,85.56114737903928,82.80099234546006,85.30918594710026,7983914.0
2004-04-06,84.8090591430664,85.56113643678503,84.05698184934778,85.3091750370689,9492090.0
2004-04-07,85.5611343383789,85.81310166167474,84.05697978783138,85.30917294484217,4640001.0
2004-04-08,86.06509399414062,87.31727565549765,85.30919773436061,85.56115920111341,8269052.0
2004-04-09,84.8090591430664,86.0650710957358,84.8090591430664,86.0650710957358,4465618.0
2004-04-12,85.5611343383789,87.06910765378107,85.06102438640097,85.81310166167474,8408087.0
2004-04-13,86.56519317626953,87.31726464549429,85.30918697755966,86.06508314202726,9857353.0
2004-04-14,86.8171615600586,87.06912299799856,85.56114941684578,86.065084152246,8865254.0
2004-04-15,86.8171615600586,89.32535522143634,86.8171615600586,87.31726567041093,19410713.0
2004-04-16,87.31726837158203,87.82120312257155,86.31322949476939,86.8171642457589,6899911.0
2004-04-19,86.8171615600586,89.07338785373624,86.31322682465837,87.82120040581115,8695585.0
2004-04-20,85.06103515625,87.31726133798021,84.55710637561342,87.31726133798021,8768637.0
2004-04-21,84.55709838867188,85.81310442116761,84.55709838867188,85.06102712170929,4095643.0
2004-04-22,85.30919647216797,87.31727436359449,84.80908045250452,85.8131253279785,10470049.0
2004-04-23,85.5611343383789,86.5651789369485,84.3089471111272,86.5651789369485,8285549.0
2004-04-26,85.5611343383789,86.31321161365268,84.80905706310514,85.5611343383789,4965202.0
2004-04-27,80.79290008544922,84.80906087076322,80.0408168466502,84.80906087076322,13045733.0
2004-04-28,79.79267883300781,81.29683353829427,78.28470536247389,80.29278883643424,8049895.0
2004-04-29,81.04487609863281,82.04892092325986,77.78460486996147,77.78460486996147,10224971.0
2004-04-30,79.54070281982422,80.29278009054747,75.77650363113551,79.7926701415955,12671046.0
2004-05-03,77.78461456298828,79.54073112129262,77.03253702466756,79.54073112129262,7123781.0
2004-05-04,80.29278564453125,80.29278564453125,78.03274084095804,78.5366695895991,6511083.0
2004-05-05,74.7724609375,80.04081480142592,74.7724609375,79.79267216794359,10908364.0
2004-05-06,73.76842498779297,77.0325144315955,73.51646358002851,76.52858568630717,7491400.0
2004-05-07,72.76439666748047,74.77247440564524,72.51242929392565,73.76843553656286,11113382.0
2004-05-10,69.7560806274414,71.51219676222951,69.7560806274414,71.51219676222951,8111165.0
2004-05-11,70.50814819335938,70.7562908145303,69.25214223927192,70.25618087769051,8264339.0
2004-05-12,73.51648712158203,74.0204160282392,71.26025444586215,71.7603645862262,7889652.0
2004-05-13,73.01634979248047,74.02039447693174,72.26427245287722,73.01634979248047,4225252.0
2004-05-14,72.26427459716797,73.51646789844222,71.00826846035892,73.51646789844222,4083860.0
2004-05-17,71.51219177246094,72.26426907692962,70.25618573159768,70.25618573159768,6664257.0
2004-05-18,72.5124282836914,73.76843450883008,71.76035086888142,72.5124282836914,7107285.0
2004-05-19,77.53263092041016,77.53263092041016,73.76843118039798,74.27235996798939,10630292.0
2004-05-20,77.2806625366211,79.03677856924767,76.02846931647545,77.2806625366211,9690039.0
2004-05-21,79.28873443603516,80.04081169668486,77.03250858384504,77.5326185260984,9727744.0
2004-05-24,79.28873443603516,80.2927790150812,78.53666310514444,78.78862449378181,3812860.0
2004-05-25,79.54070281982422,80.7928959692585,78.78862554910097,78.78862554910097,3046988.0
2004-05-26,79.28873443603516,81.79693353638059,79.28873443603516,81.5487849827646,6598276.0
2004-05-27,78.28469848632812,79.79267182440903,78.03273708900208,79.28873717023859,2351813.0
2004-05-28,80.29278564453125,80.29278564453125,78.28470225039884,79.03677957314451,3650260.0
2004-05-31,77.78461456298828,79.79269853271667,77.78461456298828,79.79269853271667,2573326.0
2004-06-01,78.53666687011719,78.78862827083334,77.28066084222205,78.03273813892561,3200162.0
2004-06-02,76.78056335449219,78.28471830852277,76.78056335449219,77.53264083150748,2149151.0
2004-06-03,72.76439666748047,77.53263549885813,72.51242929392565,76.52859662977573,8365670.0
2004-06-04,73.268310546875,73.76842049664553,72.26426595273712,73.268310546875,6864562.0
2004-06-07,75.27259826660156,75.27259826660156,73.76844325857239,74.27237212867253,4048513.0
2004-06-08,72.76439666748047,75.27259038713854,72.01231924219263,75.27259038713854,12272792.0
2004-06-09,72.26427459716797,72.76439053652267,71.51219723524841,71.51219723524841,3782225.0
2004-06-10,70.25618743896484,71.7603420844562,70.00422009976458,71.5121935103516,7324085.0
2004-06-11,66.24002075195312,69.75607756204712,65.9918721774692,69.25214881263575,9093837.0
2004-06-14,66.24002075195312,67.49602682525978,65.48794342805785,66.24002075195312,5271550.0
2004-06-15,66.49197387695312,66.99590251863515,65.487929428116,65.487929428116,5620316.0
2004-06-16,62.72779846191406,67.24408230471435,61.97572094912412,67.24408230471435,10335727.0
2004-06-17,66.99594116210938,66.99594116210938,62.727805478682825,62.727805478682825,12004148.0
2004-06-18,63.98380661010742,65.99188445102388,63.73183922365964,65.99188445102388,5149010.0
2004-06-21,62.72779846191406,65.48795987626396,62.22768835199464,65.48795987626396,6793867.0
2004-06-22,62.72779846191406,62.72779846191406,62.72779846191406,62.72779846191406,0.0
2004-06-23,64.98782348632812,65.23597202279078,62.97974039680424,62.97974039680424,6027995.0
2004-06-24,66.24002075195312,66.24002075195312,64.48390469433662,65.73991076764327,5285690.0
2004-06-25,66.74395751953125,67.24407349368113,65.73991866519161,65.73991866519161,4293591.0
2004-06-28,65.99185943603516,66.7439366147225,65.23596942274195,66.7439366147225,2660517.0
2004-06-29,66.24002075195312,66.24002075195312,65.48794342805785,65.9918721774692,2575684.0
2004-06-30,67.24407196044922,67.99614935754587,65.73991716625592,67.24407196044922,5481281.0
2004-07-01,67.24407196044922,67.99614935754587,66.99592336181244,67.7480007589091,3183667.0
2004-07-02,66.24002075195312,66.49198809153854,65.73991076764327,66.49198809153854,2233986.0
2004-07-05,64.98782348632812,65.73990069499031,63.983784906445464,65.23597202279078,2066673.0
2004-07-06,65.99185943603516,65.99185943603516,64.98782089616952,64.98782089616952,1684915.0
2004-07-07,65.99185943603516,66.99590390565912,64.98782089616952,64.98782089616952,3004570.0
2004-07-08,65.4879379272461,66.7439438950516,65.23597653858423,65.99186663432879,2578039.0
2004-07-09,65.73992156982422,66.24003163631062,64.23576667487556,65.23599273760883,3431103.0
2004-07-12,65.73992156982422,66.49199901729855,64.9878441223499,65.99188302105169,2891458.0
2004-07-13,62.72779846191406,64.98784976634452,62.47965575486515,64.98784976634452,5302185.0
2004-07-14,61.975711822509766,63.23172395607895,61.72375038650434,62.72778922454793,4397279.0
2004-07-15,60.719696044921875,61.975702050694345,60.719696044921875,60.97166337095927,4121565.0
2004-07-16,57.207462310791016,61.22362917862952,56.95931966152934,60.219590426549686,4981697.0
2004-07-19,54.199161529541016,57.20746509687753,53.94719417307726,55.703316278089204,7613938.0
2004-07-20,54.199161529541016,55.703316278089204,53.44326538990961,54.199161529541016,7703486.0
2004-07-21,57.95953369140625,57.95953369140625,55.4513405218227,56.20341778217168,9918623.0
2004-07-22,60.21958923339844,60.971666556144115,56.45538978433388,56.70735119377468,11396165.0
2004-07-23,60.21958923339844,61.723743878889785,59.967627823957635,59.967627823957635,8306757.0
2004-07-26,59.21556091308594,59.71948975033283,57.95954869109506,58.96359352958224,4029660.0
2004-07-27,58.7154426574707,59.46752008357822,57.207469039635164,57.95954646574268,5818264.0
2004-07-28,57.95953369140625,59.96762284869539,57.45942374935287,59.215545588346416,10300379.0
2004-07-29,59.34361267089844,59.95446684641006,58.42536027839188,58.73275849538682,12662194.0
2004-07-30,59.95446014404297,61.180116738046515,59.65100421944992,60.56926263082286,5182138.0
2004-08-02,59.34361267089844,59.95446684641006,58.73275849538682,59.95446684641006,4114283.0
2004-08-03,59.34361267089844,59.95446684641006,58.73275849538682,59.34361267089844,4212283.0
2004-08-04,58.12190628051758,59.03621644538855,57.20365385703535,59.03621644538855,5837720.0
2004-08-05,62.09837341308594,62.09837341308594,57.50710551807558,58.12190192675172,9032838.0
2004-08-06,63.016632080078125,66.37830749447086,60.87272895159159,61.180127186721336,13500257.0
2004-08-09,64.23834991455078,64.23834991455078,61.79098456278803,62.09838281366064,5351102.0
2004-08-10,62.709232330322266,65.76745169443043,62.40183410261716,64.54574330084125,7057643.0
2004-08-11,62.40182876586914,63.627479313253495,61.7909746213162,63.32008111183779,6638611.0
2004-08-12,62.709232330322266,63.01663055802737,61.18012570902797,62.40183410261716,2740602.0
2004-08-13,62.709232330322266,63.627484754821964,62.09837813352767,62.40183410261716,2617258.0
2004-08-16,62.40182876586914,62.70922696728485,62.09837282273191,62.70922696728485,1652472.0
2004-08-17,62.40182876586914,63.627479313253495,62.40182876586914,62.70922696728485,2754119.0
2004-08-18,64.54574584960938,64.54574584960938,61.180128124895326,62.70923480657064,6930920.0
2004-08-19,68.82567596435547,68.82567596435547,65.15660214192525,65.76745638226085,13349878.0
2004-08-20,70.05130767822266,70.96955991878012,68.82565727153738,69.44045360379297,11111100.0
2004-08-23,70.05130767822266,70.96955991878012,69.44045360379297,70.66216175265232,5079069.0
2004-08-24,70.05130767822266,70.05130767822266,70.05130767822266,70.05130767822266,0.0
2004-08-25,70.05130767822266,70.05130767822266,70.05130767822266,70.05130767822266,0.0
2004-08-26,71.27302551269531,72.19127787803825,70.35477314735239,70.35477314735239,11754855.0
2004-08-27,72.80216979980469,74.02782090576734,70.6622020679421,71.27305649088586,10345691.0
2004-08-30,71.8838882446289,73.1095388596976,71.27302794482326,72.80214064130638,6153683.0
2004-08-31,73.41694641113281,75.24950917895399,71.27303700532526,71.88389738278585,11082375.0
2004-09-01,74.946044921875,75.5568991105029,73.72039428605628,74.946044921875,6957954.0
2004-09-02,76.16773986816406,76.16773986816406,74.33123536755573,74.94603170633701,5462619.0
2004-09-03,71.58042907714844,76.16775511030231,71.27303084624349,76.16775511030231,8056223.0
2004-09-06,70.35477447509766,71.27302685776998,69.1330661371586,70.66217268880045,5273379.0
2004-09-07,74.02779388427734,74.02779388427734,70.9695745042672,70.9695745042672,6876852.0
2004-09-08,73.10954284667969,74.33125126987728,72.80214461152471,74.02779529343347,3712147.0
2004-09-09,73.10954284667969,73.41694108183466,72.4986886350809,73.10954284667969,2357052.0
2004-09-10,73.41694641113281,74.33125666554474,72.80214989619509,74.02780066707321,2395914.0
2004-09-13,74.63865661621094,74.94605488065321,73.41694807661538,74.94605488065321,4519798.0
2004-09-14,74.63865661621094,75.24951088600872,74.02780234641317,74.94605488065321,3157944.0
2004-09-15,74.63865661621094,75.86430741489326,74.02780234641317,74.63865661621094,3524597.0
2004-09-16,75.86429595947266,76.16775191900668,74.33124712783666,74.63864534586216,5229448.0
2004-09-17,73.72042083740234,76.16778073192462,73.72042083740234,75.86432465759857,5607928.0
2004-09-20,73.10954284667969,74.33125126987728,71.58043006680738,74.02779529343347,5212551.0
2004-09-21,73.10954284667969,73.7203970582785,71.58043006680738,73.10954284667969,5903616.0
2004-09-22,71.8838882446289,73.41693707808881,71.58042616321447,72.80214064130638,2840290.0
2004-09-23,71.27302551269531,72.49868220745897,70.96956956315545,70.96956956315545,2782843.0
2004-09-24,67.90740966796875,70.9695711624227,67.90740966796875,70.35477473276548,6647059.0
2004-09-27,65.1566162109375,67.29657764363387,64.84921789494608,66.68572327139889,4791830.0
2004-09-28,65.1566162109375,65.1566162109375,65.1566162109375,65.1566162109375,0.0
2004-09-29,66.68569946289062,67.90740777117932,64.54573879421521,64.84919474211719,7454710.0
2004-09-30,69.7439193725586,70.05131758214665,67.6039525590728,68.21480671986563,8904425.0
2004-10-01,69.7439193725586,70.35477353335142,68.21480671986563,70.05131758214665,6816023.0
2004-10-04,73.10954284667969,73.10954284667969,70.96957585520859,70.96957585520859,7726742.0
2004-10-05,71.27302551269531,73.10953636490038,70.96956956315545,73.10953636490038,6603129.0
2004-10-06,72.49869537353516,73.10954964191033,71.27303845618691,71.5804367199133,4923623.0
2004-10-07,72.49869537353516,73.72040391028551,72.19129098828847,73.4169479056367,4590762.0
2004-10-08,71.27302551269531,72.19127787803825,71.27302551269531,71.88388579165591,2934912.0
2004-10-11,70.96957397460938,71.27302994301202,70.3547775205907,71.27302994301202,2990669.0
2004-10-12,68.82567596435547,70.96957919387499,68.52221997363598,70.96957919387499,3387735.0
2004-10-13,68.52220916748047,69.74391745548463,68.21480484482291,68.82566511034405,3526286.0
2004-10-14,67.29654693603516,68.21479920526053,66.99309101825936,67.90740102953575,3882802.0
2004-10-15,67.29654693603516,68.52220350250388,66.99309101825936,67.29654693603516,4751279.0
2004-10-18,67.29654693603516,68.52220350250388,66.68569284253458,67.90740102953575,2811568.0
2004-10-19,68.21480560302734,69.1330640798934,67.29655324768042,68.52220992910169,4555280.0
2004-10-20,66.99311065673828,68.82567959596109,66.99311065673828,68.21481920187325,2546293.0
2004-10-21,66.68569946289062,67.60395182327734,66.07484530874628,66.68569946289062,3139358.0
2004-10-22,67.29654693603516,68.21479920526053,66.99309101825936,67.29654693603516,3046427.0
2004-10-25,67.29654693603516,67.29654693603516,67.29654693603516,67.29654693603516,0.0
2004-10-26,67.60396575927734,68.52222443047468,66.37831493999046,66.99311147921043,5482894.0
2004-10-27,65.76744842529297,67.29655497057915,64.23834188000679,67.29655497057915,6625095.0
2004-10-28,66.37830352783203,67.29655591963744,66.37830352783203,67.29655591963744,4085559.0
2004-10-29,68.52220916748047,68.82566511034405,66.68569835568023,66.68569835568023,4573866.0
2004-11-01,67.60396575927734,68.82568044093162,67.60396575927734,68.82568044093162,2493914.0
2004-11-02,68.82567596435547,68.82567596435547,67.60396136216426,68.52221997363598,2863946.0
2004-11-03,71.58042907714844,71.58042907714844,68.52221580272563,68.82567177497391,7708156.0
2004-11-04,71.58042907714844,71.88389117091637,70.66217664309026,71.58042907714844,5019932.0
2004-11-05,71.27302551269531,74.0277887302433,70.96956956315545,72.49868220745897,10291622.0
2004-11-08,70.05130767822266,71.273015827082,68.21479707558935,71.273015827082,4239316.0
2004-11-09,71.58042907714844,71.58042907714844,69.13307000587886,70.66217664309026,4183559.0
2004-11-10,70.35477447509766,72.4986835756644,70.35477447509766,72.4986835756644,2845359.0
2004-11-11,70.05130767822266,70.66216175265232,69.74390951209486,70.05130767822266,1843400.0
2004-11-12,71.27302551269531,71.58042372059684,70.05131719781251,70.35477314735239,3553321.0
2004-11-15,71.8838882446289,72.49868468141133,71.58042616321447,71.8838882446289,3876042.0
2004-11-16,72.1913070678711,72.49871152158774,71.58045266343682,71.8839148571978,3293115.0
2004-11-17,74.63865661621094,74.94605488065321,71.88389901349079,72.19129115641275,10416656.0
2004-11-18,74.02779388427734,75.5569005135226,73.10954145500295,75.5569005135226,7966672.0
2004-11-19,73.41694641113281,74.6386549230136,73.41694641113281,74.02780066707321,3088669.0
2004-11-22,70.35477447509766,73.10953774463393,70.35477447509766,72.80213953093114,5952615.0
2004-11-23,70.66215515136719,71.27300916873065,69.74390299659318,70.66215515136719,4467418.0
2004-11-24,68.82567596435547,70.66218094425888,67.60396136216426,70.66218094425888,8956803.0
2004-11-25,66.99311065673828,68.52222358922967,66.99311065673828,68.52222358922967,6256752.0
2004-11-26,66.0748519897461,67.90741463747432,65.7674537524219,66.37830796833131,6587922.0
2004-11-29,64.84920501708984,66.37831177389882,64.54574902110704,65.76745752296823,4259592.0
2004-11-30,63.32008743286133,64.2383459920156,62.709233227328944,63.93094163839372,7689571.0
2004-12-01,63.93095016479492,64.54575283251455,62.09838730379085,62.40184331769263,5991477.0
2004-12-02,63.93095016479492,65.15660711951591,63.016639863891776,65.15660711951591,5339275.0
2004-12-03,63.93095016479492,64.54575283251455,63.016639863891776,63.930950164794915,3365770.0
2004-12-06,64.84920501708984,64.84920501708984,63.32009213876073,63.93094638969132,3517839.0
2004-12-07,63.93095016479492,65.46006313341769,63.627494150893135,64.54575283251455,5428826.0
2004-12-08,63.93095016479492,64.23835455941499,63.016639863891776,63.627494150893135,2916325.0
2004-12-09,64.84920501708984,65.46005926802043,63.93094638969132,63.93094638969132,5052036.0
2004-12-10,63.93095016479492,65.15660711951591,63.930950164794915,64.84920884641635,2772706.0
2004-12-13,63.93095016479492,65.76746140651727,62.7092415907922,63.930950164794915,6184097.0
2004-12-14,64.23834991455078,64.54574816542339,63.62748955019824,64.23834991455078,3578665.0
2004-12-15,64.54574584960938,65.15660007052524,63.93094324840238,64.54574584960938,6658888.0
2004-12-16,65.76744842529297,66.07484663771807,64.54574009243188,64.84919604643733,5295344.0
2004-12-17,65.4600601196289,66.6857108964003,65.4600601196289,66.07485663752274,3700320.0
2004-12-20,66.37830352783203,66.37830352783203,64.23834278593624,64.54574100269647,3090358.0
2004-12-21,65.76744842529297,66.37830259172351,65.76744842529297,66.07484663771807,1938020.0
2004-12-22,64.84920501708984,66.68571002884661,64.84920501708984,65.76745752296823,2847050.0
2004-12-23,64.54574584960938,65.46005605159753,63.62748726733009,64.84920183068166,3065014.0
2004-12-24,64.84920501708984,65.15660327203764,64.23835076615924,64.54574902110704,1659230.0
2004-12-27,63.62747573852539,64.8491900805118,63.62747573852539,64.8491900805118,1290887.0
2004-12-28,64.54574584960938,64.54574584960938,63.62748726733009,63.62748726733009,1878883.0
2004-12-29,64.84920501708984,65.76745752296823,64.84920501708984,65.15660327203764,3134289.0
2004-12-30,66.0748519897461,66.37830796833131,64.8492012991883,65.15659953651249,4705659.0
2004-12-31,66.0748519897461,66.6857062056555,65.46005551509771,66.0748519897461,2221881.0
2005-01-03,65.76744842529297,66.68570080414861,65.76744842529297,66.68570080414861,1865367.0
2005-01-04,64.23834991455078,65.46005840021576,64.23834991455078,65.15660240825589,2569948.0
2005-01-05,62.40182876586914,63.930935256390725,62.09837282273191,63.627479313253495,5580894.0
2005-01-06,60.87272644042969,62.40183303557702,60.56927047652915,62.09837707167648,5601170.0
2005-01-07,61.180118560791016,61.48357449442495,58.425355487636686,60.872720369002074,6826161.0
2005-01-10,59.95446014404297,60.87271855541591,59.03620785418872,60.87271855541591,6461198.0
2005-01-11,60.87272644042969,61.18012466287844,59.34361372376287,59.651011946211625,4470798.0
2005-01-12,58.732757568359375,60.56926844590471,58.732757568359375,59.954465900099386,4023042.0
2005-01-13,58.12190628051758,59.651012900117536,57.814508053153084,59.03621644538855,4954036.0
2005-01-14,56.285404205322266,57.814510900222935,55.9779998413001,57.814510900222935,9100424.0
2005-01-17,57.203651428222656,57.50710738409145,55.97799470789658,56.89625321391,7069471.0
2005-01-18,55.05974578857422,56.89625679466212,54.75628981360751,56.89625679466212,8500599.0
2005-01-19,53.530635833740234,55.977994775882216,53.2271798775029,55.059742390272895,11055342.0
2005-01-20,54.448890686035156,55.367143113243856,52.91978406022973,52.91978406022973,21220242.0
2005-01-21,55.05974578857422,55.97799823085832,54.75628981360751,55.05974578857422,13848323.0
2005-01-24,53.83803176879883,55.36713826058556,53.53063356712879,55.36713826058556,6981609.0
2005-01-25,54.448890686035156,55.05974488463187,53.53063825882645,53.53063825882645,5395033.0
2005-01-26,54.448890686035156,55.67454134185584,54.448890686035156,55.05974488463187,7758846.0
2005-01-27,52.9197883605957,54.756293364251114,52.308934112359765,54.756293364251114,10246002.0
2005-01-28,53.530635833740234,54.75628643403555,52.61238344813091,52.9197816628169,15250729.0
2005-01-31,57.203651428222656,57.20365142822266,53.83803398303959,53.83803398303959,22191788.0
2005-02-01,57.203651428222656,58.42535976858555,56.592797258041216,57.814505598404104,20437936.0
2005-02-02,58.42536544799805,59.0362196775594,57.20365698887533,57.50711297424247,14483630.0
2005-02-03,58.732757568359375,59.036213522086356,58.12190340248937,59.036213522086356,11553787.0
2005-02-04,58.732757568359375,58.732757568359375,58.732757568359375,58.732757568359375,0.0
2005-02-07,58.732757568359375,58.732757568359375,58.732757568359375,58.732757568359375,0.0
2005-02-08,58.732757568359375,58.732757568359375,58.732757568359375,58.732757568359375,0.0
2005-02-09,58.732757568359375,58.732757568359375,58.732757568359375,58.732757568359375,0.0
2005-02-10,58.732757568359375,58.732757568359375,58.732757568359375,58.732757568359375,0.0
2005-02-11,58.732757568359375,58.732757568359375,58.732757568359375,58.732757568359375,0.0
2005-02-14,59.65101623535156,61.48358504768774,59.34361799079968,60.26187658714357,15512624.0
2005-02-15,61.79098129272461,61.79098129272461,59.0362178358751,59.95447028098503,14338321.0
2005-02-16,64.54574584960938,65.46005605159753,60.87272988505175,62.40183656672706,19015256.0
2005-02-17,63.32008743286133,65.15659842965017,63.32008743286133,64.2383459920156,8585082.0
2005-02-18,65.1566162109375,65.46007226718106,63.01664865671979,63.32010471296335,9615765.0
2005-02-21,65.1566162109375,66.9931215873903,65.1566162109375,66.0748688991639,9957072.0
2005-02-22,63.32008743286133,65.46005440308036,63.32008743286133,65.15659842965017,4829003.0
2005-02-23,65.76744842529297,66.37830259172351,62.098375046770784,62.098375046770784,11035066.0
2005-02-24,70.35477447509766,70.35477447509766,65.46005048495,65.7674486986528,28647919.0
2005-02-25,71.27302551269531,73.10953636490038,70.05131719781251,71.88388579165591,25518697.0
2005-02-28,71.27302551269531,71.27302551269531,71.27302551269531,71.27302551269531,0.0
2005-03-01,74.02779388427734,74.48494896959647,70.50847716031194,71.27303047493457,20385558.0
2005-03-02,72.49869537353516,74.33125817866069,72.49869537353516,74.02780217401188,10409897.0
2005-03-03,71.73413848876953,73.72040662029505,70.81588592291241,72.80215405443795,12227955.0
2005-03-04,70.35477447509766,72.34498446881301,70.35477447509766,71.27302685776998,7422606.0
2005-03-07,69.13307189941406,71.11933367872936,69.13307189941406,70.66217857850727,9397801.0
2005-03-08,70.05130767822266,71.5804139932098,69.28675452072908,69.89760859515876,10193623.0
2005-03-09,71.27302551269531,71.42673073816528,69.74391898991098,70.05131719781251,8514117.0
2005-03-10,70.05130767822266,71.5804139932098,69.44045360379297,71.273015827082,6902196.0
2005-03-11,71.11933898925781,72.19129064817226,70.3547855926215,70.66218385489962,10871171.0
2005-03-14,70.35477447509766,71.58042507147277,69.89761941297952,69.89761941297952,8438082.0
2005-03-15,68.06111907958984,70.96957552384897,67.29655963246358,70.35477905640953,12070818.0
2005-03-16,68.36851501464844,68.82567009116497,67.75765470492016,68.06111679126394,7476674.0
2005-03-17,67.75765991210938,68.21481502375838,67.45026778662124,67.60396078860532,3877733.0
2005-03-18,68.21480560302734,68.52220992910169,66.99309730144394,67.75765055451325,5177069.0
2005-03-21,71.8838882446289,72.49868468141133,68.36851390409142,68.52221301328701,15916448.0
2005-03-22,68.97937774658203,71.88389831576475,68.82567861585275,71.88389831576475,10001003.0
2005-03-23,69.5902328491211,69.8976311142843,67.90742078739517,68.21481905255837,5342655.0
2005-03-24,69.44046020507812,70.81586756775305,69.28676110740298,69.89761523990288,6584542.0
2005-03-25,70.35477447509766,70.50847358194905,68.82566792345581,69.74392030612813,4264661.0
2005-03-28,69.89761352539062,70.96956492462215,69.89761352539062,70.96956492462215,3609079.0
2005-03-29,67.75765991210938,70.05132610960065,67.29656254159721,69.8976269860966,7383745.0
2005-03-30,67.14286041259766,68.3685172084232,66.22855023022666,67.29655952922172,6114821.0
2005-03-31,68.52220916748047,69.13306331148256,68.06111186577272,68.52220916748047,7082988.0
2005-04-01,70.35477447509766,70.35477447509766,68.52221196818907,68.9793670303072,7892328.0
2005-04-04,69.7439193725586,70.96956995252754,69.13306521176575,69.7439193725586,7054264.0
2005-04-05,69.7439193725586,69.7439193725586,69.7439193725586,69.7439193725586,0.0
2005-04-06,69.44046020507812,71.11932350490264,69.44046020507812,69.74391614222773,4996276.0
2005-04-07,69.13307189941406,70.20502347828516,68.82567366008956,69.74392611929841,4545142.0
2005-04-08,71.27302551269531,72.03758489560668,69.59021988596022,69.89761809386174,9803315.0
2005-04-11,71.27302551269531,72.80213815699885,70.66217135525392,71.27302551269531,6912334.0
2005-04-12,72.49869537353516,72.95585051004714,70.66218418781173,71.27303845618691,7676053.0
2005-04-13,72.80216979980469,72.95586897055941,71.88391703535149,72.65240676760322,6787301.0
2005-04-14,77.08602142333984,77.54317655704585,71.58043628056016,71.58043628056016,29381223.0
2005-04-15,77.08602142333984,77.39341968517944,75.55690851072833,76.47516715871402,19454564.0
2005-04-18,74.02779388427734,76.1677547134935,72.80214322569945,75.5569005135226,12893675.0
2005-04-19,74.946044921875,76.0140603088526,74.02779250965169,74.946044921875,14786076.0
2005-04-20,72.95585632324219,75.55691499493861,72.65239417289293,75.24951670671842,11185444.0
2005-04-21,73.56670379638672,74.18150031563262,71.5804357643922,71.73413489420368,8978769.0
2005-04-22,74.02779388427734,75.86429874282611,73.8740947696256,74.33124985494473,15075006.0
2005-04-25,74.33126068115234,74.48495981819008,73.41695037734651,74.02780466628717,4367729.0
2005-04-26,72.34500885009766,74.48497029190612,71.27305087778973,74.33127113325595,7159022.0
2005-04-27,72.65238952636719,73.2632499258687,71.73413697982572,72.34499737932724,7174229.0
2005-04-28,72.03759765625,72.652388059437,70.35478560990464,71.88389852507318,7794328.0
2005-04-29,72.34500885009766,72.9558632249337,71.42675615796128,72.03761053279732,4976001.0
2005-05-02,72.34500885009766,72.34500885009766,72.34500885009766,72.34500885009766,0.0
2005-05-03,74.946044921875,75.86429733409831,73.87409339785398,73.87409339785398,15647795.0
2005-05-04,76.0140609741211,76.1677539657444,74.1814922706794,75.40320065862748,10786688.0
2005-05-05,79.53337860107422,80.14423284926518,77.08601934936304,77.08601934936304,28495850.0
2005-05-06,83.20244598388672,84.27440365037732,79.5333724003294,83.20244598388672,28656366.0
2005-05-09,82.74529266357422,83.35614687717369,81.3698851182944,83.2024477590928,13834806.0
2005-05-10,81.67335510253906,83.20246202813836,81.06250078417938,83.20246202813836,8520875.0
2005-05-11,81.98075866699219,83.5098656909916,80.45165164299279,80.45165164299279,15426451.0
2005-05-12,82.28812408447266,82.28812408447266,80.60531245725379,81.36987178517458,9652937.0
2005-05-13,82.28812408447266,84.12068642499071,81.67332771288854,82.28812408447266,11942405.0
2005-05-16,82.59159851074219,83.35615188838602,81.67334600577738,82.59159851074219,9210250.0
2005-05-17,82.4378890991211,84.1206947717962,81.98073403315028,83.2024423813853,9215319.0
2005-05-18,81.67335510253906,82.13445253585894,80.75509637377864,81.67335510253906,11481132.0
2005-05-19,83.50983428955078,83.50983428955078,82.59158196850241,83.05267925811233,10612655.0
2005-05-20,83.35614776611328,84.42809934538707,83.05269178543942,83.50984688583327,13027157.0
2005-05-23,79.99053192138672,83.35614334151305,79.99053192138672,83.20244422995151,13468154.0
2005-05-24,78.46141052246094,80.14421604638281,78.30771142790063,79.53336192626234,15201729.0
2005-05-25,78.46141052246094,79.84076011538296,77.39340137678032,78.92250780614188,16088792.0
2005-05-26,78.15795135498047,79.22596045643537,77.39339817195945,78.61510636161006,11834268.0
2005-05-27,81.06249237060547,81.67334662556385,78.61512697026077,78.61512697026077,16098929.0
2005-05-30,82.13445281982422,82.28815196479557,80.90880191946722,81.67335538491017,7272228.0
2005-05-31,82.89899444580078,82.89899444580078,81.06248948725809,81.82704284350909,10457208.0
2005-06-01,81.98075866699219,83.20246738233017,81.67336035833077,82.7453121789919,7529054.0
2005-06-02,82.59159851074219,83.05269589270513,81.82704513309835,82.89899676538415,7576365.0
2005-06-03,82.59159851074219,83.50985101570701,81.98074426041934,82.59159851074219,9642800.0
2005-06-06,82.59159851074219,82.59159851074219,81.67334600577738,82.43789938342121,3392804.0
2005-06-07,81.82704162597656,82.5915949708515,81.67334250524316,82.5915949708515,3732423.0
2005-06-08,85.50004577636719,85.50004577636719,81.8270361593183,81.8270361593183,15125695.0
2005-06-09,84.12068939208984,86.56805431203405,84.12068939208984,85.50003901872834,10095623.0
2005-06-10,88.25088500976562,88.40457801967277,85.19266529596247,85.64982043117834,15215246.0
2005-06-13,88.4045639038086,88.4045639038086,86.87545735182492,88.25087091844216,6336165.0
2005-06-14,85.34635162353516,90.5445316202802,85.34635162353516,88.4045647570179,17301956.0
2005-06-15,87.94346618652344,87.94346618652344,86.11090368747011,86.87545696001379,13643877.0
2005-06-16,88.09716796875,88.25087320113079,86.87545959893724,87.94346885788867,8037637.0
2005-06-17,87.1789321899414,89.47652849115696,86.72177093928245,88.71198122476991,11124617.0
2005-06-20,85.95719909667969,87.17891347294831,85.95719909667969,86.41435412766893,5597790.0
2005-06-21,85.34635162353516,86.41436086516913,84.88525429842775,85.9572057985367,5454170.0
2005-06-22,87.0291748046875,87.17893780622606,85.64982481038207,85.95722308895394,8127188.0
2005-06-23,86.41438293457031,87.48633470844543,86.26462604642968,87.48633470844543,6511888.0
2005-06-24,85.03894805908203,86.1108994917808,85.03894805908203,85.80350129437342,8581702.0
2005-06-27,84.12068939208984,84.73154964866085,83.50983525703782,84.27439461192611,10012832.0
2005-06-28,84.7315444946289,85.03894267256514,84.12068427521518,84.12068427521518,6489922.0
2005-06-29,84.12068939208984,85.95720017698204,83.81723345367242,85.64980198034745,10215589.0
2005-06-30,83.96702575683594,84.73157925737179,83.81726274288344,84.27442406088818,3631045.0
2005-07-01,86.56807708740234,87.02917450366526,84.12071152357584,84.12071152357584,7431054.0
2005-07-04,87.1789321899414,87.7937225859582,86.5680718098982,87.02916919805095,7975119.0
2005-07-05,88.55827331542969,88.86172928509858,87.17892354673866,87.17892354673866,10739378.0
2005-07-06,87.4863052368164,89.16911689632929,87.33260614097081,88.71196186694627,5834340.0
2005-07-07,87.79371643066406,88.25087764927105,87.17892607775076,87.17892607775076,5226069.0
2005-07-08,88.86173248291016,89.7799849422077,88.09717302176989,88.09717302176989,10093934.0
2005-07-11,91.30909729003906,92.22735592786314,90.08738877430706,90.08738877430706,15490658.0
2005-07-12,91.77019500732422,92.22735625913354,91.1554046097604,91.46279674778219,14061218.0
2005-07-13,93.60274505615234,95.74664792308731,92.68842885820969,92.68842885820969,17820678.0
2005-07-14,95.43927001953125,95.7466682825238,94.06386235420109,94.82841575261432,10686999.0
2005-07-15,93.60274505615234,95.59294882427339,93.60274505615234,95.43924972545949,11013100.0
2005-07-18,93.60274505615234,93.60274505615234,93.60274505615234,93.60274505615234,0.0
2005-07-19,96.05011749267578,96.96836995763587,92.38104377010492,93.29930235658486,12352988.0
2005-07-20,94.2175521850586,96.81467424936929,94.2175521850586,96.35751303755679,12260058.0
2005-07-21,96.66490173339844,99.26202354148123,94.82839703605578,94.82839703605578,19388667.0
2005-07-22,93.45299530029297,97.57923024502313,93.29930230127903,96.35751567680691,12305678.0
2005-07-25,99.8768081665039,99.8768081665039,94.67468676882316,94.67468676882316,21277689.0
2005-07-26,96.66490173339844,103.08873203732679,96.51120875375729,101.70938850669384,30957662.0
2005-07-27,95.59295654296875,98.0403216684342,95.59295654296875,96.66490806299143,14955041.0
2005-07-28,101.40592956542969,101.86308459710828,96.66489887629433,96.66489887629433,24023362.0
2005-07-29,102.93504333496094,106.30065446702558,102.01678488122258,102.78133199351652,29933737.0
2005-08-01,103.39222717285156,105.07504564995541,103.08877111379417,103.69963773473616,13493498.0
2005-08-02,99.8768081665039,105.22869251091062,98.34770185182676,104.92129434484515,19059187.0
2005-08-03,106.75780487060547,106.75780487060547,101.2522211314197,102.01678045356878,19076083.0
2005-08-04,114.09989929199219,114.09989929199219,112.5707928090164,114.09989929199219,26086417.0
2005-08-05,114.09989929199219,114.09989929199219,114.09989929199219,114.09989929199219,0.0
2005-08-08,114.09989929199219,114.71075343353071,109.20516940012797,113.1816469505549,25422388.0
2005-08-09,113.0279541015625,113.79250738533365,107.6760688721257,113.79250738533365,27426305.0
2005-08-10,105.90724182128906,112.80826580751574,105.90724182128906,112.11734879331996,25912999.0
2005-08-11,105.90724182128906,108.3233991422192,100.38803931159609,105.90724182128906,20150055.0
2005-08-12,100.38804626464844,106.59815366680228,100.38804626464844,105.90724915661109,14648238.0
2005-08-15,95.9031982421875,100.73148439439179,94.52137657770882,100.38805296562234,16247117.0
2005-08-16,98.3193588256836,98.3193588256836,95.72945842445985,95.9031949823244,10915661.0
2005-08-17,101.59613037109375,102.4567360031473,97.28097083950323,97.28097083950323,14061749.0
2005-08-18,99.17996215820312,102.11329999776237,99.17996215820312,101.5961257917766,11268949.0
2005-08-19,97.62844848632812,99.3537078051575,96.24662686217539,99.3537078051575,10830480.0
2005-08-22,99.69712829589844,101.24865088596236,99.3536969147956,99.69712829589844,8544572.0
2005-08-23,102.11329650878906,103.66481279780565,99.69712668184147,100.38803740700013,11788410.0
2005-08-24,102.11329650878906,103.32137514633405,101.42238578363039,101.42238578363039,9387998.0
2005-08-25,103.66482543945312,105.56382130966303,100.90522390043672,102.11330896123324,14818599.0
2005-08-26,101.76583862304688,106.5981667442917,101.76583862304688,105.56383070136273,12658368.0
2005-08-29,101.07897186279297,103.14766282579791,100.73149243159827,101.76584105106586,7625741.0
2005-08-30,98.3193588256836,102.80421967260247,97.28097490120005,102.80421967260247,10865390.0
2005-08-31,95.55975341796875,101.07895626714317,95.21228031631655,99.17996675160602,16713514.0
2005-09-01,95.55975341796875,95.55975341796875,95.55975341796875,95.55975341796875,0.0
2005-09-02,99.8708724975586,100.04057362795338,97.28097216907199,97.97188295842227,14486255.0
2005-09-05,97.80217742919922,101.4223906450001,97.62844088402817,101.4223906450001,10087595.0
2005-09-06,102.11329650878906,102.11329650878906,97.28096313082268,99.00621595668281,14354994.0
2005-09-07,104.8729019165039,105.73350123894161,100.73147282170316,102.11330060335821,21554834.0
2005-09-08,106.42442321777344,106.59815349373504,104.18198973345099,105.56381757937797,13856479.0
2005-09-09,107.11534118652344,107.80625833426944,105.90726229254378,106.59816688842953,11874987.0
2005-09-12,108.32337951660156,109.52742881255847,107.45873239484847,108.66682338829405,12913909.0
2005-09-13,106.94160461425781,108.6668577051074,106.76786177479954,108.32341372495588,9632368.0
2005-09-14,106.08099365234375,108.14967806879562,105.56381941026606,106.76785647483182,10393406.0
2005-09-15,104.8729019165039,106.42441826773367,104.52542255295472,105.90724405868073,8378401.0
2005-09-16,103.66482543945312,105.39007847570323,103.14765118806997,104.87291050024965,8002768.0
2005-09-19,106.08099365234375,106.94159930566548,104.1819915403728,104.1819915403728,8948132.0
2005-09-20,110.21837615966797,112.11737223131149,106.08100681345483,106.08100681345483,19753477.0
2005-09-21,109.7011947631836,112.46079610081203,109.7011947631836,110.39209924624714,16621352.0
2005-09-22,109.35774230957031,111.08299508567016,109.01026924590519,109.701186227065,9160385.0
2005-09-23,105.2163314819336,109.3577479530864,103.49107234087141,109.01027487148957,17274867.0
2005-09-26,103.49107360839844,106.59814799335885,102.8042108332648,106.25067490750628,10260748.0
2005-09-27,105.90724182128906,105.90724182128906,101.24865116771065,103.49107194850107,10908678.0
2005-09-28,105.56382751464844,108.14968637170044,105.21634810223375,105.9072589522585,14470895.0
2005-09-29,105.04468536376953,106.07961134020711,103.83727172459237,104.87219770102995,12562851.0
2005-09-30,107.9769515991211,109.01187746553252,105.9071124181571,105.9071124181571,16914603.0
2005-10-03,111.08171081542969,112.11663662751425,108.32192120172905,108.66689647242391,17004022.0
2005-10-04,110.73674774169922,112.11664897646618,109.18437140444597,111.77167366777444,14848415.0
2005-10-05,113.15156555175781,115.91135524136463,110.39177586215098,110.9092262305672,24982632.0
2005-10-06,111.42665100097656,112.46157648719192,110.73670067683298,111.42665100097656,10385783.0
2005-10-07,110.04679870605469,111.7716625257091,109.35684815744959,111.25419961425528,9603660.0
2005-10-10,95.27859497070312,95.27859497070312,95.27859497070312,95.27859497070312,0.0
2005-10-11,109.35685729980469,111.25420891523109,109.18436964823326,110.56427086080473,8244483.0
2005-10-12,108.32191467285156,110.2192785473136,107.80445179799828,108.66688992275375,7822422.0
2005-10-13,106.25206756591797,109.18435731130796,104.009740900713,107.97694388673561,13567927.0
2005-10-14,105.21715545654297,107.97695148820921,105.21715545654297,107.63197619975975,6563395.0
2005-10-17,97.97270965576172,106.25208605689572,97.97270965576172,105.90712328455652,17203130.0
2005-10-18,99.35258483886719,99.69756009418522,96.59278907225176,99.00760958354915,16264821.0
2005-10-19,97.62771606445312,97.62771606445312,95.38538315265005,97.28274080480205,11355091.0
2005-10-20,99.69756317138672,100.73248896928418,96.9377673195892,98.31766838345246,12415011.0
2005-10-21,99.00760650634766,100.73248272932787,96.93776131470003,97.28273655929607,11697270.0
2005-10-24,97.28276824951172,100.21505250785172,97.28276824951172,100.04256482936522,5480822.0
2005-10-25,97.62771606445312,100.3875118657328,97.62771606445312,99.52507371660512,6972340.0
2005-10-26,95.7303695678711,98.31767804082727,91.41819087158734,97.28275214127295,15023677.0
2005-10-27,95.38539123535156,97.28274904828055,92.79808284465585,94.86792830202653,9651350.0
2005-10-28,93.488037109375,95.38539499713141,92.62559885315406,93.6605247606192,8672504.0
2005-10-31,99.87007141113281,99.87007141113281,95.21291691151497,95.90286758580808,11006951.0
2005-11-01,100.73250579833984,103.14732051167788,100.73250579833984,101.76742549320899,16372124.0
2005-11-02,107.11454010009766,107.11454010009766,102.28490367973262,103.1473358409727,19466041.0
2005-11-03,105.04468536376953,110.73675313045584,105.04468536376953,110.04681503135764,19615074.0
2005-11-04,108.66690826416016,110.04680949667633,106.59705641538588,108.66690826416016,14593271.0
2005-11-07,109.35685729980469,109.35685729980469,106.59705487466175,108.66690669351895,9586968.0
2005-11-08,106.424560546875,109.70182572114317,106.25207290612404,109.70182572114317,9439128.0
2005-11-09,109.52933502197266,110.04679792977625,105.56213194733662,106.25206993921651,12376858.0
2005-11-10,109.52933502197266,111.42668646539427,109.01187211416905,110.39177320164532,12965835.0
2005-11-11,110.04679870605469,112.97907598576802,109.70182343175215,111.42668725140656,11700847.0
2005-11-14,110.56427001953125,112.46162162052086,110.04680706875428,110.04680706875428,9100526.0
2005-11-15,108.49442291259766,110.56427480529895,107.80447228169722,110.56427480529895,7476667.0
2005-11-16,109.35685729980469,110.73674596051679,108.49441904194752,108.49441904194752,8307672.0
2005-11-17,107.2869873046875,109.35683877287629,105.0446607660069,109.35683877287629,17399853.0
2005-11-18,111.42665100097656,113.15152681133549,108.66686225625651,108.66686225625651,22971288.0
2005-11-21,114.18648529052734,115.56637378566441,111.25419556566307,112.11663372003491,18345316.0
2005-11-22,110.73674774169922,113.84152551992487,110.73674774169922,113.84152551992487,9690695.0
2005-11-23,113.15156555175781,113.1515655517578,111.25420151075036,111.77166443102513,9098141.0
2005-11-24,112.28913116455078,113.32405704024556,110.90922999695773,113.15156939429643,7588739.0
2005-11-25,116.6012954711914,117.80870884485915,112.80658027723594,113.32404315166497,17869604.0
2005-11-28,122.46589660644531,122.81087195308912,117.80874197861485,119.70609383329484,20210012.0
2005-11-29,119.70606231689453,121.77591385180362,119.70606231689453,120.74098808434908,9437936.0
2005-11-30,120.91350555419922,123.32833294091563,120.05106720180049,120.39604254275999,13384319.0
2005-12-01,120.56852722167969,121.77594088507941,119.18863844394045,120.39603955547972,9269827.0
2005-12-02,124.19075775146484,125.39817143519814,122.12091827406843,123.50081962690648,14842454.0
2005-12-05,129.71029663085938,130.5727346174719,124.88065645768471,125.91558204161973,15857068.0
2005-12-06,128.6753692626953,128.6753692626953,126.26055548551982,126.26055548551982,8566393.0
2005-12-07,119.70606231689453,128.67539386445193,119.70606231689453,127.64048064885505,19783182.0
2005-12-08,118.6711654663086,119.53359117292676,116.0838506908759,119.0161407696996,12592658.0
2005-12-09,120.3960189819336,121.43094480228287,118.67115516654309,118.67115516654309,12676116.0
2005-12-12,116.94629669189453,118.3261979968163,112.46163000275898,117.29127201812497,11693693.0
2005-12-13,117.46376037597656,120.5685257785534,115.91137139875799,116.94629738357037,10931838.0
2005-12-14,119.70606231689453,120.05103757271272,117.11876045011583,119.36108706107635,9740770.0
2005-12-15,119.18858337402344,121.08593427371017,119.18858337402344,121.08593427371017,5529705.0
2005-12-16,122.63834381103516,126.95052166927067,120.74098003059451,120.74098003059451,17823106.0
2005-12-19,123.84577941894531,125.05319307348607,121.94842765652731,123.50081664093688,10357169.0
2005-12-20,122.46589660644531,123.50082264637673,122.1209212598015,123.50082264637673,5399748.0
2005-12-21,122.46589660644531,122.81087195308912,120.39604452658246,122.63838427976722,8438821.0
2005-12-22,105.4337158203125,107.82315092694405,105.4337158203125,106.628439649559,10822323.0
2005-12-23,125.05318450927734,125.05318450927733,120.74100573309536,122.81085757055526,11940491.0
2005-12-26,112.00462341308594,113.34867638367135,110.21255696959146,110.21255696959146,20094076.0
2005-12-27,128.6753692626953,131.4351707815876,126.95050586524289,129.7102948322799,14359588.0
2005-12-28,130.40028381347656,130.40028381347656,125.91561756956783,126.95054344551423,9733616.0
2005-12-29,136.0923614501953,139.02463883430977,129.8828188435225,130.4002817734001,25277120.0
2005-12-30,133.50506591796875,139.1971464098373,133.50506591796875,136.09238093784563,19505386.0
2006-01-02,137.47222900390625,137.64471662079876,131.09021228259732,131.09021228259732,16450813.0
2006-01-03,137.9897003173828,142.99182896218514,136.60979929761453,137.4722374349697,19948907.0
2006-01-04,133.8500213623047,140.05956393533938,133.1600707928721,139.71458865062309,20680955.0
2006-01-05,135.57489013671875,139.3696055026406,133.6775261778288,135.22991487146604,18491964.0
2006-01-06,127.64048767089844,139.02463408361552,127.64048767089844,136.6098071600384,33435760.0
2006-01-09,125.91561126708984,129.36535146238168,124.19073489351474,128.33042563823662,19402851.0
2006-01-10,123.15583801269531,126.95055398776115,122.63837503175087,125.91562802587228,13417702.0
2006-01-11,124.70821380615234,125.05318912512908,121.77593614671002,122.81086210364023,17780184.0
2006-01-12,120.74099731445312,125.74312635434927,120.22353439116814,125.0531757899693,15235900.0
2006-01-13,119.70606231689453,122.98332724716725,119.70606231689453,121.43093859598544,10451357.0
2006-01-16,119.70606231689453,122.1208891076218,118.84363672920674,119.87854994480362,13579850.0
2006-01-17,120.91350555419922,124.53573408241307,120.74101788371946,121.43096856563844,20952790.0
2006-01-18,115.7388687133789,119.36109663824874,112.634103713756,119.01613390660944,25206777.0
2006-01-19,112.28913116455078,116.08384682357267,111.08171764290687,115.22140859382702,20028788.0
2006-01-20,112.11663055419922,114.87643257026062,112.11663055419922,113.49653156222992,12539006.0
2006-01-23,112.80659484863281,113.66903308408364,109.70182975286889,110.04680504704922,11446895.0
2006-01-24,113.49654388427734,115.39389542445295,113.32405623954693,113.84151917373816,8735694.0
2006-01-25,110.21929168701172,113.49654439991996,109.70182875046955,113.49654439991996,13117252.0
2006-02-03,113.49654388427734,115.39389542445295,112.97908095008613,114.18649446319898,13492815.0
2006-02-06,115.56637573242188,115.56637573242188,108.83938311871862,110.39177182273849,10326170.0
2006-02-07,115.9113540649414,117.98120572503281,114.18649023339032,115.2214035115776,11663887.0
2006-02-08,115.56637573242188,117.80871497156168,115.56637573242188,117.29125207022173,8870420.0
2006-02-09,114.35900115966797,117.981229750596,114.35900115966797,117.63625440366371,7830768.0
2006-02-10,110.56427001953125,115.22141147280544,109.87431941849528,115.04892382254644,10619466.0
2006-02-13,113.15156555175781,113.1515655517578,108.32192418105195,110.39177586215098,9654927.0
2006-02-14,114.70396423339844,115.56638995658956,112.28913706325636,112.80660002828681,8362516.0
2006-02-15,118.6711654663086,120.39602943140432,112.97908551221609,113.84152377069364,26501572.0
2006-02-16,119.01615142822266,121.25847854921713,119.01615142822266,120.39604021350367,12140791.0
2006-02-17,117.29125213623047,120.0510417264053,116.94627686847636,119.70606645865118,8553278.0
2006-02-20,117.29125213623047,117.9812026717387,115.73886343133695,116.60130160072224,5601241.0
2006-02-21,116.25634765625,118.84366263896099,116.25634765625,117.80873664587659,7301404.0
2006-02-22,113.15156555175781,117.80871928237207,112.80659027157463,117.46374400218889,10733923.0
2006-02-23,110.04679870605469,113.66902653437312,110.04679870605469,113.49653889722185,11682963.0
2006-02-24,113.15156555175781,113.1515655517578,109.87431294187623,109.87431294187623,6842384.0
2006-02-27,115.7388687133789,116.60130692212378,111.59917786326214,112.11664078850907,8364901.0
2006-03-01,120.56852722167969,121.25847788647953,114.53148400840196,115.56639745374129,18911640.0
2006-03-02,117.63623809814453,122.81085503301597,117.63623809814453,122.4658797339006,11629311.0
2006-03-03,117.80870819091797,121.25844811610501,117.29124531936131,118.32617106247463,11344361.0
2006-03-06,120.91350555419922,122.12091924755742,118.32620304886382,118.32620304886382,13483276.0
2006-03-07,117.98120880126953,120.2235356063098,117.98120880126953,120.05104796347142,8536587.0
2006-03-08,115.56637573242188,119.01612840802159,114.53146248160004,117.80871497156168,12163444.0
2006-03-09,116.25634765625,117.80873664587659,115.91137232522186,116.60132298727812,7089182.0
2006-03-10,115.04891967773438,116.94628376222785,114.01400636532404,116.25633318604841,9809921.0
2006-03-13,118.32620239257812,118.32620239257812,115.04893667164005,116.60132569734756,7874882.0
2006-03-14,115.7388687133789,118.32618333961354,114.70395541474372,117.63623277261765,7173833.0
2006-03-15,121.77593231201172,121.77593231201172,116.94629055028173,117.29126585839526,17354547.0
2006-03-16,123.50079345703125,128.5029096973971,121.4309418663767,122.12089239659488,29894746.0
2006-03-17,127.12300872802734,127.46798395932144,124.53569449332164,124.88066972461574,15916681.0
2006-03-20,127.29550170898438,131.09021686130404,127.29550170898438,128.67539014046415,17526233.0
2006-03-21,122.12091064453125,129.02039187395317,120.74100937790291,127.98546592398192,14304744.0
2006-03-22,122.29338836669922,123.32831423258425,120.051048990615,120.74099956787168,9384284.0
2006-03-23,122.81085205078125,125.22566653409035,122.2933891146738,123.50080263225782,12385204.0
2006-03-24,123.15583801269531,125.91562802587228,122.12091205080644,124.53572674335379,12735729.0
2006-03-27,124.19075775146484,125.22568376609338,123.50081962690648,125.22568376609338,6966379.0
2006-03-28,124.36322021484375,125.91560892215104,123.50079459597558,124.8806831172795,8264751.0
2006-03-29,128.847900390625,129.71033865666521,125.22567222511553,125.22567222511553,15737842.0
2006-03-30,127.29550170898438,130.74524161546978,126.9505264631501,130.05529112380125,15108328.0
2006-03-31,129.537841796875,130.74525528351737,128.3304283102326,129.36535415592607,14054369.0
2006-04-03,129.537841796875,130.74525528351737,129.36535415592607,130.40028000161956,7402747.0
2006-04-04,129.71029663085938,133.505011220099,129.71029663085938,130.40024702014938,14187903.0
2006-04-06,131.0902099609375,131.78016041628823,129.88279666407374,131.43518518861285,11903531.0
2006-04-07,129.36537170410156,131.43522367626014,128.84790871106193,131.09024834756704,7817653.0
2006-04-10,128.6753692626953,131.09019559172606,128.157906477903,129.3653196424184,5619124.0
2006-04-11,130.0552978515625,130.22778548340244,127.98544626948345,129.71032258788267,6361903.0
2006-04-12,131.78018188476562,131.78018188476562,129.7103301815113,130.05530546538702,6744619.0
2006-04-13,128.3303985595703,132.8150636327096,128.3303985595703,132.8150636327096,7544626.0
2006-04-14,130.40028381347656,130.7452591054587,128.33043206158376,128.6754073535659,5933881.0
2006-04-17,125.91561126708984,130.22778964916924,125.91561126708984,130.22778964916924,7213177.0
2006-04-18,126.43307495117188,127.64048842004699,124.53571092865383,124.88068620547529,5130298.0
2006-04-19,126.2605972290039,128.6754118045502,124.1907454055133,127.81298609662186,9647774.0
2006-04-20,127.64048767089844,128.67540094343028,125.91561129691478,127.64048767089844,11166714.0
2006-04-21,134.02252197265625,136.26486154028055,127.98546645783536,128.67541709402747,24480690.0
2006-04-24,134.5399932861328,136.60983277110003,133.67755493745452,133.85004260719018,16181363.0
2006-04-25,133.1600799560547,137.29977110565733,132.8151046475995,136.60982048874698,14031716.0
2006-04-26,126.95052337646484,132.4701020718951,126.26057290157182,131.09021367396605,25070859.0
2006-04-27,126.77804565429688,129.19285995307087,126.60555802210888,127.98544652775489,11892801.0
2006-04-28,128.50291442871094,128.67540206761626,126.77805059151618,127.98545151199498,6097221.0
2006-05-02,127.64048767089844,130.40027731741392,127.12302475870334,129.71032676782048,8130026.0
2006-05-03,129.88282775878906,131.95267962037596,128.3304388625989,128.50292651773114,9451051.0
2006-05-04,130.74526977539062,133.1600844644761,130.5727821153231,130.5727821153231,10026913.0
2006-05-05,131.78018188476562,134.194996320037,131.26271895895204,132.81509518453413,19704493.0
2006-05-08,140.9219970703125,140.9219970703125,132.6426030872512,134.1949918125486,30098622.0
2006-05-09,139.02464294433594,143.68179689905665,139.02464294433594,141.95692041513817,24367425.0
2006-05-10,139.19712829589844,142.1294057183165,137.6447394859871,141.09447984504226,14384626.0
2006-05-11,142.99183654785156,144.19925000420164,137.98970763768804,137.98970763768804,11367014.0
2006-05-12,137.9897003173828,140.74950235691935,137.9897003173828,138.16218794485383,10584891.0
2006-05-15,134.5399932861328,136.60983277110003,134.5399932861328,136.60983277110003,8770270.0
2006-05-16,134.71246337890625,137.81722847718507,134.71246337890625,136.26485220397518,7104681.0
2006-05-17,134.1950225830078,136.2648746913477,133.33258420453285,136.2648746913477,7101105.0
2006-05-18,113.05000305175781,115.8874509543179,113.05000305175781,114.39405600014334,14565176.0
2006-05-19,111.55660247802734,113.7966947964467,111.40726047976125,112.60197136217532,13752710.0
2006-05-22,124.19075775146484,129.71035061095637,124.19075775146484,129.36537527274686,9855227.0
2006-05-23,119.36109161376953,122.98333193802061,119.01612889665137,122.46586903455616,11914261.0
2006-05-24,124.19075775146484,125.74314677340764,120.05106624481137,121.60345526675417,11488624.0
2006-05-25,122.46589660644531,125.91563752102245,121.08599521987007,125.22568682773482,9719309.0
2006-05-26,120.74099731445312,125.91561399544426,120.05104675007316,124.19073758449434,8418553.0
2006-05-29,105.4337158203125,106.628439649559,103.79098467594268,106.03108401086648,5184635.0
2006-05-30,121.77593231201172,123.15583354446588,119.87856811738726,122.4658829282388,4488861.0
2006-06-01,127.81298065185547,130.4002827691416,124.88069069349115,126.26059185036847,12497277.0
2006-06-02,129.19287109375,131.43521050555745,128.33043285843942,129.71033403493632,11712769.0
2006-06-05,123.84577941894531,131.43522412419833,122.8108659811993,131.09024879432954,11910685.0
2006-06-06,129.19287109375,129.19287109375,124.1907418808078,125.91561835142893,7682928.0
2006-06-07,121.08601379394531,127.29555843419043,120.3960629948222,125.57068143638266,12554505.0
2006-06-08,112.80659484863281,119.8785632756115,112.63410720154265,119.70607562852133,16527118.0
2006-06-09,114.87645721435547,116.25634596655198,109.01188922397468,113.84153123631295,14347666.0
2006-06-12,113.15156555175781,115.22140468099829,111.59917679093354,113.32405319184939,6403632.0
2006-06-13,106.25206756591797,109.70182020755327,105.56212958944887,109.70182020755327,13619194.0
2006-06-14,104.35474395751953,105.56215770366057,102.45738577522853,103.83728092345908,20868140.0
2006-06-15,104.1822280883789,107.63196816344049,103.66476519434099,105.21714760052579,13669269.0
2006-06-16,106.25206756591797,109.5293325754715,105.3896419573671,106.94201809424503,16906257.0
2006-06-19,103.31981658935547,107.28702058203945,102.97484751358647,105.7346440512525,7969070.0
2006-06-20,98.66265106201172,104.52721884522666,96.59280545497406,103.4922929037429,14117559.0
2006-06-21,96.59278869628906,101.07745444611041,95.21289395631665,99.52507207915035,13590580.0
2006-06-22,103.31981658935547,103.31981658935547,99.35261259667149,100.73251400346979,9113641.0
2006-06-23,105.38966369628906,106.94204015337856,102.45737962198035,103.49229935201679,10075795.0
2006-06-26,105.5621566772461,106.59707018344291,103.83727991381613,103.83727991381613,7418246.0
2006-06-27,103.4922866821289,105.38965079411923,102.97483001842468,104.8721878544855,13100561.0
2006-06-28,101.07746124267578,102.28487471277722,98.83512821698805,101.76741179701946,10113948.0
2006-06-29,102.11241149902344,104.18225738122314,102.11241149902344,103.14733130215792,11288324.0
2006-06-30,103.4922866821289,105.21715687164514,103.4922866821289,105.21715687164514,10190252.0
2006-07-03,102.97481536865234,105.38963580080106,102.80232774664682,103.83724720275136,5869499.0
2006-07-04,105.73463439941406,107.63198610870349,103.49229481805567,103.83727013826464,9405745.0
2006-07-05,103.83724975585938,106.0795888970649,103.83724975585938,105.56212601832516,4623587.0
2006-07-06,104.1822280883789,104.69969098241683,102.45735805084811,103.492277562995,6462053.0
2006-07-07,106.07960510253906,106.76954316106769,103.66477796618082,104.18224092397188,9143447.0
2006-07-10,107.11454010009766,107.28702778753187,104.87221271531484,105.21718181425229,6559818.0
2006-07-11,104.52720642089844,107.28699605162754,104.52720642089844,106.7695331423924,6778002.0
2006-07-12,103.83724975585938,106.94201447644025,103.83724975585938,105.21714448990323,6917496.0
2006-07-13,103.31981658935547,104.69971799615377,102.97484751358647,103.31981658935547,4769043.0
2006-07-14,99.35258483886719,101.59491772250557,99.35258483886719,100.7324858601393,8424514.0
2006-07-17,95.7303695678711,99.35259766445196,94.52295601839106,98.66264706474908,8046567.0
2006-07-18,97.1102523803711,98.14517815085603,96.24782051422918,96.24782051422918,3539822.0
2006-07-19,95.90284729003906,98.66263685130093,95.90284729003906,98.31766786308994,4418518.0
2006-07-20,99.69756317138672,100.04253843735253,98.49015601643538,99.3525879054209,5802733.0
2006-07-21,98.66265106201172,98.66265106201172,97.62773139645782,98.31768202411368,4445940.0
2006-07-24,98.66265106201172,98.66265106201172,96.59280545497406,97.80021905337179,2465595.0
2006-07-25,100.73250579833984,102.11240081680873,100.38753047474012,100.38753047474012,5825386.0
2006-07-26,85.72086334228516,87.96095581951302,85.72086334228516,87.21428970674923,5457293.0
2006-07-27,89.3050537109375,89.9023779053832,85.72087633485145,85.72087633485145,9358507.0
2006-07-28,103.4922866821289,105.90711373375295,102.28487943224638,102.8023423718801,8593815.0
2006-07-31,102.97481536865234,105.7346110448121,102.80232774664682,105.56212342280658,7111835.0
2006-08-01,101.76744079589844,103.6647990850712,100.38754556993581,102.45739154684526,11045103.0
2006-08-02,103.36591339111328,104.34476010094615,101.40822644692888,102.19129992950637,10944953.0
2006-08-03,101.79977416992188,104.73630823411574,101.79977416992188,103.1701610502005,8900768.0
2006-08-04,104.93209075927734,106.88977814987065,101.79978316374869,101.79978316374869,11479303.0
2006-08-07,107.67285919189453,108.2601660968802,104.14901776198056,104.93209795228361,9608537.0
2006-08-08,109.63050842285156,110.41358838587927,108.45590142927277,110.41358838587927,6346078.0
2006-08-09,111.5882339477539,111.5882339477539,109.04323952467607,109.63053995263257,7540507.0
2006-08-10,111.5882339477539,113.1543813732711,111.19670032911624,111.19670032911624,6892351.0
2006-08-11,111.3924560546875,112.56706974469085,110.41360915452384,111.97975642420658,4834075.0
2006-08-14,111.78398132324219,113.35012847648208,111.58821454795772,111.97974809852664,4103544.0
2006-08-15,112.95856475830078,112.95856475830078,111.19665130032705,111.97971819233281,4474229.0
2006-08-16,115.11204528808594,116.28665878802333,114.3289653044733,114.91627852992355,8682909.0
2006-08-17,117.4612808227539,120.59357508287223,116.09090046508163,116.48243400985541,15294537.0
2006-08-18,117.8528060913086,120.59356661418309,117.8528060913086,119.81049957962645,6503240.0
2006-08-21,111.00090789794922,118.24434292560855,110.80512818285486,117.85280939734683,7587.0
2006-08-22,114.72053527832031,115.89514901893935,111.58822765301429,111.58822765301429,5419.0
2006-08-23,115.50358581542969,115.69935258547504,111.58821156163118,114.32897224419375,6074026.0
2006-08-24,115.69933319091797,118.24432667682062,114.7204995047721,114.91626624200127,5619883.0
2006-08-25,113.5458984375,117.46127245934991,113.5458984375,116.87395923304271,4461222.0
2006-08-28,113.5458984375,113.5458984375,111.7839717095415,113.5458984375,3796808.0
2006-08-29,113.5458984375,115.30781221449537,113.5458984375,115.30781221449537,3087955.0
2006-08-30,117.26549530029297,117.65702878246282,114.72050176426505,115.1120352464349,5945045.0
2006-08-31,117.4612808227539,120.20204153809844,117.4612808227539,119.41896149758685,9009155.0
2006-09-01,123.72587585449219,124.50894290328408,118.63588823349141,118.63588823349141,14703826.0
2006-09-04,121.93599700927734,123.80045648822949,119.51218544058031,119.69862750318664,14119998.0
2006-09-05,125.87933349609375,128.62010724415828,125.2920331614142,128.42432751496733,6295136.0
2006-09-06,125.87933349609375,128.22856073674083,124.5089530975437,125.2920331614142,7049512.0
2006-09-07,129.2073974609375,129.2073974609375,125.09625658722025,125.09625658722025,11130296.0
2006-09-08,124.91912078857422,124.91912078857422,122.12243806860324,123.42755839805142,10925444.0
2006-09-11,128.03280639648438,132.7312613342181,127.64127280199511,131.36088080254004,9439453.0
2006-09-12,125.68355560302734,128.6200958696251,125.2920220811996,128.03278263592023,6367756.0
2006-09-13,124.11741638183594,128.4243242460856,122.94280279141073,128.4243242460856,7153564.0
2006-09-14,121.37665557861328,125.29202989392802,120.39780876204358,125.29202989392802,6641976.0
2006-09-15,124.50894165039062,124.50894165039062,121.18088082458756,121.18088082458756,6037174.0
2006-09-18,128.42433166503906,129.5989453233206,126.07511729944083,126.85818443765197,10479972.0
2006-09-19,125.68355560302734,128.03278263592023,125.68355560302733,127.64124911409252,6559601.0
2006-09-20,126.8581771850586,127.24972368274393,124.5089500028029,125.68356359393074,7542675.0
2006-09-21,124.7047348022461,129.20740962567845,124.7047348022461,128.42432954940278,7091783.0
2006-09-22,124.90048217773438,126.27086238507678,124.50893572494897,124.70471542682297,5404192.0
2006-09-25,123.3343505859375,125.29204444646089,121.96397006395736,124.50896431205842,4629223.0
2006-09-26,122.15972137451172,124.70472825096626,122.15972137451172,124.31318175791573,5282799.0
2006-09-27,124.50894165039062,125.09625488203797,123.13856137783115,124.11740812993456,6031755.0
2006-09-28,121.9639663696289,125.09627386139461,121.37666599984075,125.09627386139461,5765122.0
2006-09-29,122.94278717041016,123.92163386322045,122.35548692530143,122.35548692530143,3207181.0
2006-10-02,124.90048217773438,124.90048217773438,122.35548851396095,123.33432226851795,5515831.0
2006-10-03,124.7047348022461,125.29203514622937,123.72588794464266,124.5089550699537,4428706.0
2006-10-04,126.4666519165039,127.4454987983438,125.292038248489,125.292038248489,8773955.0
2006-10-05,130.57778930664062,131.75240293892148,128.22856204207895,129.2074088941404,14320135.0
2006-10-09,124.35977935791016,124.35977935791016,124.35977935791016,124.35977935791016,0.0
2006-10-11,134.29739379882812,135.47200740325292,131.3608662632483,131.94816658997857,13608030.0
2006-10-12,130.96932983398438,134.6889373410954,130.96932983398438,134.29739084758205,10472384.0
2006-10-13,130.18621826171875,133.51429142009067,129.79468481401412,133.51429142009067,8032585.0
2006-10-16,131.94815063476562,132.53546384144204,130.38200366856634,131.94815063476562,6930286.0
2006-10-17,125.68355560302734,131.16508966343187,125.68355560302733,129.2073961523667,7048428.0
2006-10-18,121.76815795898438,124.50891798312627,120.59354466992917,124.11738453709478,8809723.0
2006-10-19,121.18087768554688,123.53010464935595,120.20203095879928,121.37664444070381,5222102.0
2006-10-20,122.15972137451172,123.13856818069209,121.96395460346844,122.94280140964881,3307981.0
2006-10-23,124.90048217773438,124.90048217773438,122.15970881208693,123.72586872130337,4081867.0
2006-10-24,127.8370590209961,129.20743976087044,125.29206436823408,125.29206436823408,9772202.0
2006-10-25,127.24974060058594,129.9905016939468,127.24974060058594,128.8158879466542,4821068.0
2006-10-26,122.68177795410156,123.61402731489919,122.68177795410156,123.05468805919314,6538195.0
2006-10-27,128.62008666992188,129.59892040447895,127.64123998440246,129.20738691065614,2279385.0
2006-10-30,127.64125061035156,128.03278413676898,126.66240384334456,127.24971708393414,3280884.0
2006-10-31,127.05393981933594,129.20740015807692,126.07510598442065,129.20740015807692,3893273.0
2006-11-01,127.8370590209961,128.8159061068971,127.24975854003608,127.24975854003608,3466227.0
2006-11-02,127.8370590209961,128.62013927991043,126.27091145413507,127.05397876208175,3180084.0
2006-11-03,128.42433166503906,129.5989453233206,127.83703131138073,127.83703131138073,6798054.0
2006-11-06,124.7047348022461,126.46664878516056,124.5089550699537,125.29203514622937,5402025.0
2006-11-07,125.29204559326172,126.27089253248282,125.29204559326172,125.68357918856387,3685169.0
2006-11-08,125.29204559326172,127.05395972308713,124.50896545169168,125.29204559326172,6256117.0
2006-11-09,123.3343505859375,126.85819176430026,123.3343505859375,126.66242496844104,5033508.0
2006-11-10,123.3343505859375,124.3131975161992,122.55128340250062,124.11743072033998,3497659.0
2006-11-13,120.98511505126953,124.31317590422054,120.78933533848124,124.31317590422054,4214099.0
2006-11-14,121.37665557861328,121.76818912485552,120.39780876204358,120.98512203237104,4838410.0
2006-11-15,124.11741638183594,124.31318315507944,122.94280279141073,122.94280279141073,5046514.0
2006-11-16,126.2708740234375,128.22855466395313,125.68356076560814,126.0751072544823,6560685.0
2006-11-17,126.4666519165039,128.22856594304378,126.46665191650389,128.22856594304378,4573945.0
2006-11-20,128.22853088378906,129.01161076535033,127.24969722053926,128.42429761643902,5720683.0
2006-11-21,129.59896850585938,130.57781555468335,127.44552053960723,128.22858781789267,6271291.0
2006-11-22,128.03280639648438,129.990500270862,128.03280639648438,129.990500270862,2349837.0
2006-11-23,126.8581771850586,128.81587082059303,126.46664363833735,128.4243243229077,3324239.0
2006-11-24,126.8581771850586,127.44549045610457,125.2920300472095,127.24972368274393,2747619.0
2006-11-27,130.57778930664062,132.73124979098293,128.81587533370165,130.38202252642125,8242857.0
2006-11-28,129.01165771484375,129.99050468527372,128.0328107444138,129.99050468527372,3400110.0
2006-11-29,128.03280639648438,130.38203386535125,127.24973920750587,130.38203386535125,4764707.0
2006-11-30,129.59896850585938,129.59896850585938,127.64128735917859,129.0116680471453,2925374.0
2006-12-01,130.38198852539062,132.33968171898607,129.5989086577602,129.5989086577602,7033254.0
2006-12-04,132.14393615722656,132.53548266761612,128.81587500018466,130.96933547895145,4750617.0
2006-12-05,135.86349487304688,137.23388773921107,132.53543491510482,133.12273504263817,13161474.0
2006-12-06,137.23391723632812,138.212750992608,135.08045707058713,137.0381375341095,7872172.0
2006-12-07,133.3185272216797,136.64660076639404,132.73122698194544,136.64660076639404,5282799.0
2006-12-08,131.55662536621094,133.12277243044878,130.3820118302917,133.12277243044878,3032677.0
2006-12-11,131.16506958007812,131.55660304195618,129.5989098306434,131.16506958007812,2308650.0
2006-12-12,127.64125061035156,130.77354472361785,125.29202354992013,130.77354472361785,4885017.0
2006-12-13,127.64125061035156,128.2285508999777,122.74702972627999,127.053937369762,5850748.0
2006-12-14,129.79470825195312,130.96932175813606,126.27086773340433,128.22854827640043,5953716.0
2006-12-15,131.36087036132812,131.55663714301224,130.1862567202588,131.165103579644,3882434.0
2006-12-18,131.55662536621094,133.90585243804944,130.77354535861028,130.77354535861028,4646565.0
2006-12-19,129.59896850585938,133.51435670115526,129.59896850585938,131.5566626035073,3634227.0
2006-12-20,131.55662536621094,131.75239213037023,130.18624506613241,130.577778594451,3451052.0
2006-12-21,129.79470825195312,131.55662203574593,129.40316178258337,131.16508851733934,2257708.0
2006-12-22,130.77352905273438,130.9693087434458,129.40314892352566,129.40314892352566,1631229.0
2006-12-25,129.59896850585938,130.77358237425472,129.59896850585938,130.77358237425472,1546687.0
2006-12-26,131.55662536621094,132.3397053738116,130.3820118302917,130.3820118302917,3096626.0
2006-12-27,131.36087036132812,134.29739798851912,130.9693367979599,131.94817070638047,3831492.0
2006-12-28,133.12277221679688,133.51431869545056,131.9481586827628,133.12277221679688,2931877.0
2006-12-29,131.94815063476562,133.5143105519276,131.55661713095648,133.12276409715577,3354588.0
2007-01-02,141.14930725097656,141.14930725097656,132.33971178057809,132.33971178057809,12744183.0
2007-01-03,146.43505859375,148.58851895642738,141.93237109923615,142.1281378683952,18152712.0
2007-01-04,148.3927764892578,150.35047057424134,146.43509535524134,146.82662899185124,9593363.0
2007-01-05,146.04351806640625,149.9588921151058,145.65197159586205,149.1758121249806,6591034.0
2007-01-08,140.56198120117188,144.86890163350984,140.56198120117188,144.86890163350984,7234855.0
2007-01-09,140.36622619628906,142.51968659273803,140.17045942405989,140.95352651297657,5153818.0
2007-01-10,141.3450469970703,141.3450469970703,137.03812699676266,138.60428678830817,6104375.0
2007-01-11,138.995849609375,145.6519848005056,136.64662237698434,142.519690457961,12409266.0
2007-01-12,138.995849609375,142.12814395191964,138.604316054298,140.17046322557033,7382261.0
2007-01-15,142.91116333007812,143.89000975309705,138.6042572001373,140.36617040080426,5455134.0
2007-01-16,143.6942901611328,147.21813066852727,143.6942901611328,143.6942901611328,7872172.0
2007-01-17,145.2604217529297,145.8477219663045,141.73658161979566,142.911194997507,4478564.0
2007-01-18,149.37156677246094,149.567333516377,145.06465955342085,146.43503971179553,8454212.0
2007-01-19,148.19696044921875,151.1335006013596,148.00119369593526,148.39272720250224,5616632.0
2007-01-22,148.78427124023438,149.37157149053314,147.80542453877385,148.98003799033395,4696423.0
2007-01-23,145.8477325439453,149.17580618065708,145.6519657919557,148.39272622173587,5894103.0
2007-01-24,147.6096649169922,149.76312517400703,147.6096649169922,148.3927319552062,5681664.0
2007-01-25,146.8265838623047,148.98004410369202,145.26043684627896,148.39273087833044,3665659.0
2007-01-26,144.86892700195312,147.02237464425602,144.2816136806231,144.86892700195312,4914282.0
2007-01-29,141.73663330078125,144.8689411004557,140.75778630394757,144.8689411004557,6410027.0
2007-01-30,144.08583068847656,144.86891071187316,141.7366035692505,143.69429715226013,7529668.0
2007-01-31,140.56198120117188,144.08582165918577,138.60430069180612,144.08582165918577,6256117.0
2007-02-01,140.56198120117188,142.12812819885707,138.01698747332233,141.7365946871765,2938380.0
2007-02-02,141.14930725097656,143.89006798381803,140.95352752637578,141.73660757188654,4926204.0
2007-02-05,140.56198120117188,141.14929441965566,139.58313447100753,141.14929441965566,3305813.0
2007-02-06,141.73663330078125,141.93240010995467,140.17048587642725,141.73663330078125,3701427.0
2007-02-07,145.65196228027344,146.82657571485385,142.91120191657325,143.6942818566143,7494984.0
2007-02-08,145.65196228027344,146.82657571485385,144.08581535115366,146.04350872577515,3485736.0
2007-02-09,142.5196990966797,146.0435401588605,142.5196990966797,145.65199362908587,4315983.0
2007-02-12,139.19161987304688,141.93238072915844,137.8212394449911,141.3450803818337,5985149.0
2007-02-13,138.4085235595703,140.56198381579628,138.01699004060674,139.19160354846062,3109632.0
2007-02-14,142.12814331054688,142.32392303816627,138.99584898213718,139.3873825354473,5982981.0
2007-02-26,143.6942901611328,145.6519706979321,143.6942901611328,144.47735719546728,6195420.0
2007-02-27,137.9704132080078,138.90262359053577,136.4787988901796,137.41106107656321,4596652.0
2007-03-01,140.95355224609375,143.89009321853163,139.38740483137337,142.911246227719,9612873.0
2007-03-02,138.80007934570312,140.75776002288288,138.0169993042528,140.17045970501817,5315315.0
2007-03-05,127.8370590209961,135.47204297928215,127.44552536702275,135.47204297928215,8647142.0
2007-03-06,130.18621826171875,130.96929810808885,127.64122494971694,128.8158382437917,5692503.0
2007-03-07,129.990478515625,132.73123912028677,129.990478515625,132.73123912028677,4822152.0
2007-03-08,134.29739379882812,134.4931605744049,130.18625265882355,130.18625265882355,5997071.0
2007-03-09,133.12277221679688,135.86353281255523,132.73123868910668,135.47199928486503,3199594.0
2007-03-12,132.3397216796875,134.2974025134542,132.3397216796875,133.90586893689385,2631644.0
2007-03-13,138.995849609375,138.995849609375,132.3397144182444,132.3397144182444,7901437.0
2007-03-14,136.6466064453125,137.82121992455924,135.47199296606573,135.47199296606573,5482231.0
2007-03-15,140.95355224609375,142.5197126117805,138.80010440746562,138.99587121543487,6212762.0
2007-03-16,138.995849609375,143.30275756811497,138.995849609375,142.3239236804225,4226022.0
2007-03-19,138.60427856445312,140.56195876128683,138.21273216431769,140.17042531211226,1505500.0
2007-03-20,138.4085235595703,140.95351733475985,138.01699004060674,139.77891677786917,2816987.0
2007-03-21,141.73663330078125,142.32394667926803,138.60433845207328,139.77895225808038,3205013.0
2007-03-22,146.04351806640625,148.00119861527443,144.86890455670004,146.04351806640625,11241935.0
2007-03-23,147.0223388671875,147.21811856063243,144.08581182802052,146.04350515477321,5016166.0
2007-03-26,146.2393035888672,147.21815046437004,145.2604567133643,147.02237072849758,3609298.0
2007-03-27,146.8265838623047,149.5673443780905,146.8265838623047,146.8265838623047,6997486.0
2007-03-28,143.30276489257812,148.00121959750595,143.30276489257812,146.826605921274,4591287.0
2007-03-29,146.8265838623047,147.6096638457991,141.5408295888659,141.5408295888659,4823236.0
2007-03-30,148.78427124023438,149.56733824063275,146.23927758701456,148.00119128887346,4860088.0
2007-04-02,147.21815490722656,150.74198304383776,147.21815490722656,150.54621625302215,3326407.0
2007-04-03,151.13351440429688,151.13351440429688,147.02236040602287,147.2181401281496,6141226.0
2007-04-04,150.74191284179688,152.5038390405208,149.95884604321668,151.52499259133631,4895856.0
2007-04-09,151.72080993652344,151.9165767015169,149.56734961966825,150.74196316059258,3171413.0
2007-04-10,153.48272705078125,153.48272705078125,151.13350011698284,152.6996470891942,2754122.0
2007-04-11,154.07003784179688,154.65733813991608,152.30812399647564,154.65733813991608,4568526.0
2007-04-12,155.6361846923828,156.61503147210678,152.69965730417454,153.0911908356787,5415031.0
2007-04-13,152.30810546875,156.2234791661446,152.30810546875,155.83193273073172,2753038.0
2007-04-16,152.69967651367188,157.39813128663783,152.1123631915685,154.65735736843087,5411779.0
2007-04-17,150.35043334960938,153.87427405954656,148.00120620965123,152.6996604895675,4880682.0
2007-04-18,153.48272705078125,154.07002730874947,149.56734019380875,150.3504201553958,3273297.0
2007-04-19,149.5673828125,153.4827707851483,149.5673828125,152.69969060042536,4466642.0
2007-04-20,151.9165802001953,152.3081266901632,150.3504330932153,150.74196663221932,1799229.0
2007-04-23,156.61502075195312,157.3981007123239,153.09118035672867,154.4615605741555,6114129.0
2007-04-24,160.1388702392578,160.92193729312547,155.8319496391319,156.615029643963,6539008.0
2007-04-25,160.33462524414062,161.90077218798166,159.16001179851924,159.74731204584867,4507829.0
2007-04-26,158.96426391601562,162.4881046711054,158.96426391601562,162.4881046711054,3246200.0
2007-04-27,158.96426391601562,161.3134910860755,158.7684971436713,159.35579746070425,3358923.0
2007-04-30,163.6627197265625,163.6627197265625,158.96426534422957,158.96426534422957,7739940.0
2007-05-02,168.75270080566406,169.14423433797398,162.0965530506137,164.05424661409054,7258700.0
2007-05-03,168.94847106933594,170.31885141175346,165.03309681229106,169.92731787133815,6161820.0
2007-05-04,180.49884033203125,180.69460711662248,173.4511583809587,173.4511583809587,11800129.0
2007-05-07,184.02267456054688,187.938048961712,182.06498088448214,183.2395944999281,7313977.0
2007-05-08,185.19728088378906,185.7845811929047,180.30305983730312,180.30305983730312,3909531.0
2007-05-09,178.54110717773438,185.58878757328782,177.36650672943745,185.1972540905222,7186080.0
2007-05-10,184.02267456054688,184.80575462116565,180.10730015938177,180.10730015938177,5439960.0
2007-05-11,184.80572509765625,185.98032557449037,181.47765156040597,183.23956522661948,3525840.0
2007-05-14,195.57302856445312,195.76879533944216,184.60997260638982,186.17613270823045,9926112.0
2007-05-15,188.13380432128906,194.3984055731476,186.76342401159783,193.81110527655005,6816479.0
2007-05-16,184.2184295654297,189.50418402166676,182.84804926014465,188.13380371638172,7875424.0
2007-05-17,182.45651245117188,188.72111357029843,182.45651245117188,185.3930397738688,6251781.0
2007-05-18,184.6099853515625,185.98036582205873,183.63115140904029,185.19729866804096,6726518.0
2007-05-21,185.9803466796875,189.11265382625544,185.9803466796875,185.9803466796875,6236607.0
2007-05-22,193.0279998779297,193.81107978803882,187.1549329295158,188.9168594895209,7281461.0
2007-05-23,190.28724670410156,197.33491435364755,189.89571320994966,195.18146718484974,6850080.0
2007-05-24,202.81643676757812,203.59951666337295,193.4195298218869,194.5941431900983,14584600.0
2007-05-25,206.3402862548828,207.51489967650602,198.9010722349231,200.85875263698702,8065102.0
2007-05-28,200.46725463867188,208.29800353525386,199.68417456862787,207.51493641617438,6209510.0
2007-05-29,202.81643676757812,206.7318103446289,199.6841301353605,202.42490329516153,7066854.0
2007-05-30,203.2080078125,205.55723498328734,201.64186068229645,202.81647426769013,4720268.0
2007-05-31,204.7741241455078,208.29796437171757,203.2079772508464,205.55720406831958,6988815.0
2007-06-01,207.906494140625,209.86418806779497,205.55726660840747,205.94880021345506,8449877.0
2007-06-04,209.47259521484375,211.4302887093308,207.90644818983202,209.47259521484375,5844245.0
2007-06-05,203.59957885742188,208.689567357535,202.8164987224177,208.689567357535,9629131.0
2007-06-06,202.81643676757812,207.90642371284034,199.2925966629439,205.55719697641752,7694417.0
2007-06-07,205.55722045898438,205.94875397612918,200.46723293224917,202.81645993704436,8565851.0
2007-06-08,202.81643676757812,204.38258360820612,201.64182339936673,201.64182339936673,5472476.0
2007-06-11,203.9910888671875,205.55723600517686,202.81647527595447,204.7741559607001,5854000.0
2007-06-12,197.7264862060547,203.9910876722804,196.16033907723926,203.59955412781756,9021078.0
2007-06-13,191.85342407226562,199.6841729035505,190.483043674339,196.5518785514223,9099117.0
2007-06-14,198.1179962158203,200.46722310545772,194.9857023302788,194.9857023302788,10933031.0
2007-06-15,205.55722045898438,206.73183396138197,199.29261942985158,199.68415294699642,11426193.0
2007-06-20,200.85877990722656,205.55723423162024,195.1814917243875,205.55723423162024,17431936.0
2007-06-21,194.00686645507812,198.50954078554895,192.6364861848511,198.50954078554895,17486129.0
2007-06-22,197.7264862060547,198.11801975051753,191.07035119536613,192.24495182875467,7622881.0
2007-06-25,190.921142578125,193.15849900945665,187.56512088208973,187.56512088208973,10488426.0
2007-06-26,199.29263305664062,202.81647380477875,198.50955301784415,202.4249402608625,4474229.0
2007-06-27,197.7264862060547,200.46724691922267,195.37725903734955,199.29263333487012,4170744.0
2007-06-28,198.1179962158203,201.25030305232434,197.3349162689537,200.46722310545772,4017918.0
2007-06-29,200.46725463867188,203.59956196788337,198.11802737950435,200.46725463867188,8151811.0
2007-07-02,200.85877990722656,202.03339348832498,199.68416632612812,201.64185994494684,2928625.0
2007-07-03,202.4249725341797,207.51496122046134,202.4249725341797,203.20803974685927,6145562.0
2007-07-04,214.95411682128906,216.52026375589995,204.3825958730001,204.3825958730001,12895925.0
2007-07-05,225.525634765625,229.04946228618047,217.30335328304494,217.30335328304494,11644052.0
2007-07-06,231.79022216796875,232.96482257315012,222.00178185043174,227.4833022117909,10883173.0
2007-07-09,243.53631591796875,243.53631591796875,232.18174237536974,234.1394096055271,7996818.0
2007-07-10,229.70208740234375,233.4310067963979,225.97314210636068,232.6852125568155,6543885.0
2007-07-11,234.1394500732422,240.40406399826097,233.74791655953965,238.83790404152478,7476558.0
2007-07-12,225.525634765625,238.05483669704861,225.525634765625,234.9225426896742,11852155.0
2007-07-13,230.61558532714844,233.3563453826397,227.09175837063736,229.4409849756187,8216844.0
2007-07-16,221.6102752685547,230.22411723276136,221.21874170689605,230.22411723276136,6604040.0
2007-07-17,229.0494842529297,229.0494842529297,217.69490767402652,222.0018285359208,6026336.0
2007-07-18,225.1341552734375,234.53106545227752,225.1341552734375,229.04951724666603,5929871.0
2007-07-19,234.53099060058594,234.53099060058594,227.48331021575694,227.48331021575694,5785716.0
2007-07-20,240.01254272460938,240.79560979194895,236.09715558405674,236.09715558405674,4599958.0
2007-07-23,242.36175537109375,245.10251584521671,236.88023442284785,239.6209948969708,5534257.0
2007-07-24,245.8855743408203,245.8855743408203,236.88022621004538,243.53634745846057,10840901.0
2007-07-25,251.98976135253906,256.61729689352853,246.1001971688614,250.30704766067004,10269958.0
2007-07-26,245.2588653564453,260.82418810109544,244.83818024159373,256.6173369525796,7671759.0
2007-07-27,235.16241455078125,242.31403394756143,235.16241455078125,237.68652486900532,8240534.0
2007-07-30,233.479736328125,240.6313576236797,231.3763105044731,231.79699566920348,7909179.0
2007-07-31,249.46572875976562,249.46572875976562,236.42451606358586,239.7899971477251,10359765.0
2007-08-01,239.36923217773438,258.72068894771377,239.36923217773438,251.56907053398686,11876155.0
2007-08-02,248.2036895751953,255.35531084154374,239.79001281980985,255.35531084154374,10256539.0
2007-08-03,252.4105224609375,259.9828556279748,249.46575273417426,258.72080010013525,14316419.0
2007-08-06,241.8933563232422,245.6795219168541,241.0519861913284,242.31404138919905,5809561.0
2007-08-07,231.3762969970703,246.52093553838077,230.11424157655608,245.67956525803797,11490090.0
2007-08-08,243.99681091308594,247.36229184432892,233.90039462421558,233.90039462421558,9252149.0
2007-08-09,241.05197143554688,244.41745175718705,235.58309241773543,243.99676671698202,11073057.0
2007-08-10,230.534912109375,234.32107813101533,227.16945770610872,227.16945770610872,8481051.0
2007-08-13,222.96258544921875,233.90037085960532,222.96258544921875,231.37626041762627,6942983.0
2007-08-14,215.3903045654297,222.9626239463906,212.44552179376336,222.9626239463906,7486984.0
2007-08-15,204.45249938964844,212.86618832753484,200.66634665643554,210.76276277995595,13636159.0
2007-08-16,205.29388427734375,209.08003728108494,199.82499071530427,200.6663609944534,15654228.0
2007-08-17,209.9214324951172,213.70758594858518,207.39733461028243,210.3421176846616,15634616.0
2007-08-20,213.28688049316406,223.80398207413472,213.28688049316406,223.80398207413472,14048031.0
2007-08-21,205.08352661132812,214.96960015875536,203.19044362259262,213.28687297675287,8567761.0
2007-08-22,212.44546508789062,212.44546508789062,206.13520283016132,206.13520283016132,7362081.0
2007-08-23,222.96258544921875,226.7487511121873,219.59710485991337,220.85916008090288,8865052.0
2007-08-24,221.27989196777344,226.74879908237776,220.85920680511157,225.06605843173028,7852404.0
2007-08-27,222.96258544921875,229.69352012297358,221.70053022822924,229.69352012297358,8100147.0
2007-08-28,227.16944885253906,228.01081904677918,222.54191278421845,222.54191278421845,5882852.0
2007-08-29,226.32803344726562,226.32803344726562,221.70049830333622,221.70049830333622,5882852.0
2007-08-30,235.16241455078125,237.26583981596798,226.74873999488906,230.11419391433316,8256018.0
2007-08-31,235.58316040039062,239.79001201641955,233.90041975397907,237.6865862084051,9831248.0
2007-09-03,233.90036010742188,240.63129447176186,233.90036010742188,236.84515548769457,5625819.0
2007-09-04,237.26589965820312,241.4727247447501,235.5831590216398,236.42452933992146,8124921.0
2007-09-05,242.3140411376953,247.36226192393823,240.63130087561436,241.47267100665485,10766475.0
2007-09-06,252.4105224609375,252.4105224609375,240.2106788633509,243.57616027092303,9511247.0
2007-09-07,248.2036895751953,254.0932553525067,246.94163408615827,252.83119986346964,7296016.0
2007-09-10,252.4105224609375,257.0380593963492,248.2036972063347,249.04506755822774,11280541.0
2007-09-11,252.4105224609375,262.5069666836539,251.14849343796033,260.4035408039213,13110739.0
2007-09-12,248.2036895751953,256.19668116756844,248.2036895751953,256.19668116756844,7772920.0
2007-09-13,248.6243438720703,251.5691396475672,246.10023320735868,251.5691396475672,6426853.0
2007-09-14,250.72776794433594,253.6725371975726,250.3070828360367,250.3070828360367,7421952.0
2007-09-17,239.79000854492188,252.41051020057566,238.5279530783843,251.98982504506313,7727501.0
2007-09-18,239.79000854492188,239.79000854492188,239.79000854492188,239.79000854492188,0.0
2007-09-19,235.58316040039062,246.94163325880726,233.47973459237616,246.94163325880726,11901962.0
2007-09-20,232.6383819580078,243.57617048648467,231.37632637723775,239.79003024903804,9699118.0
2007-09-21,241.05197143554688,241.8933415159569,233.90035225691534,234.32103729712037,6532143.0
2007-09-26,243.99681091308594,244.83818114589667,237.68656067186396,240.63132998184292,6455756.0
2007-09-27,247.36228942871094,251.1484554393855,246.10023409181943,248.2036596533053,6773692.0
2007-09-28,247.36228942871094,250.30708521479116,246.94160431641376,249.4657149901968,5032269.0
2007-10-01,248.6243438720703,255.35527913977634,248.20365876128506,252.41048336427946,4839236.0
2007-10-02,256.6174011230469,258.72082722329344,251.14851976727098,252.41054892255374,11861704.0
2007-10-03,260.82415771484375,262.9275830440507,257.879362253954,259.56210251731954,12623512.0
2007-10-04,254.09326171875,260.4035393220377,254.09326171875,258.72079862782766,7898856.0
2007-10-05,244.41749572753906,258.720763162793,244.41749572753906,255.77596735159332,12427382.0
2007-10-08,248.2036895751953,249.88643022724474,246.10026376013357,246.94163408615827,6522853.0
2007-10-09,249.88641357421875,250.30709870919563,241.89339600965775,250.30709870919563,6078981.0
2007-10-11,251.98976135253906,255.35524174598595,249.04499251312743,249.88636261148918,9451376.0
2007-10-12,239.79000854492188,249.46574061684905,239.79000854492188,248.20368515031146,8451115.0
2007-10-15,241.47265625,243.15539640924692,236.84514731692485,241.89334128981173,4243622.0
2007-10-16,253.6725616455078,254.5139319431942,244.41751487581834,247.78299606656384,12732932.0
2007-10-17,257.458740234375,260.8242215852422,253.67257371464945,254.51394405236624,13099384.0
2007-10-18,257.458740234375,262.08627709181735,257.458740234375,260.8242215852422,6822208.0
2007-10-19,255.35523986816406,261.24483051338547,254.09318472990233,258.720720236862,7001822.0
2007-10-22,248.2036895751953,249.46574506423238,244.41752310808414,244.41752310808414,7253693.0
2007-10-23,260.82415771484375,262.9275830440507,251.56911277118857,252.4104563980159,13325449.0
2007-10-24,257.458740234375,275.5481494855621,257.458740234375,265.0310467689642,18415525.0
2007-10-25,269.2378234863281,269.2378234863281,259.9827788534395,264.18960286574094,11276412.0
2007-10-26,268.3965148925781,273.0240515219639,264.18966341131835,273.0240515219639,9322343.0
2007-10-29,268.3965148925781,273.0240515219639,268.3965148925781,272.1826812257119,6180143.0
2007-10-30,269.2378234863281,275.96875780892316,269.2378234863281,272.60330390005294,7655243.0
2007-10-31,266.2930603027344,273.86539214864325,262.0862357820872,273.86539214864325,10104797.0
2007-11-01,267.975830078125,272.18268156462295,265.4517191862262,269.2378855240744,8254986.0
2007-11-02,249.46572875976562,249.46572875976562,249.46572875976562,249.46572875976562,2894458.0
2007-11-05,232.21768188476562,232.21768188476562,232.21768188476562,232.21768188476562,3638717.0
2007-11-06,219.59713745117188,225.48672935655338,216.2316696148124,216.2316696148124,48500754.0
2007-11-07,219.17645263671875,222.96260538580472,212.86618921995606,220.01780960684852,24729862.0
2007-11-08,213.28688049316406,217.07303335163323,210.7627697525649,214.54892261103407,17838491.0
2007-11-09,210.34207153320312,217.49370493387607,208.65933114423802,214.54890925318716,18994623.0
2007-11-12,210.76278686523438,211.60415718041497,205.2938930689912,205.7145782265815,13735256.0
2007-11-13,210.76278686523438,214.9696251887067,210.34210170764408,210.76278686523438,9282085.0
2007-11-14,221.7005615234375,222.9626169225785,215.81098291320927,218.7557788445383,12560544.0
2007-11-15,213.70755004882812,220.4384986984055,213.70755004882812,220.0178135795301,10126474.0
2007-11-16,210.34207153320312,211.60412682492696,208.23864604699676,208.23864604699676,9572150.0
2007-11-19,208.65933227539062,213.70754021722377,208.65933227539062,211.60412797204341,4561558.0
2007-11-20,210.34207153320312,210.34207153320312,200.24565570426998,205.29386361873657,12040285.0
2007-11-21,199.8249969482422,208.23867349731296,199.8249969482422,208.23867349731296,14349451.0
2007-11-22,189.72860717773438,198.9836553682633,189.30792196430738,197.72159972798235,21968565.0
2007-11-23,183.83897399902344,192.6733344079203,183.4182889078923,190.5699089522646,14525968.0
2007-11-26,190.1492462158203,192.6733436310047,183.83898279921564,188.0458206594757,16762876.0
2007-11-27,185.73208618164062,187.20448433771782,177.52875153121659,177.52875153121659,13289320.0
2007-11-28,181.3148956298828,190.14927085902974,181.3148956298828,186.36310436692497,8990988.0
2007-11-29,170.37709045410156,180.26316433739586,169.53572020830129,178.79076640724537,38139957.0
2007-11-30,176.68734741210938,178.58041714166228,171.21845427214618,172.05982448636036,20623530.0
2007-12-03,179.21144104003906,182.36657927710473,177.94939899764154,179.6321261383145,10470217.0
2007-12-04,180.89418029785156,181.735550489122,178.5804122718579,179.21143991531073,7440532.0
2007-12-05,185.10101318359375,186.57341097999046,178.79075016575047,178.79075016575047,10801572.0
2007-12-06,179.8424530029297,188.04579845143684,178.79074034896368,188.04579845143684,9930345.0
2007-12-07,180.26315307617188,182.99760620419872,178.79075523800358,181.52520836603043,8024792.0
2007-12-10,178.5803680419922,180.26310800776065,177.52866881581227,179.6320805205975,6090336.0
2007-12-11,173.32186889648438,177.9494051371712,170.79777147217533,176.8976923551969,11246477.0
2007-12-12,166.17025756835938,171.63915108117797,164.90820216099434,168.69435513065952,13069448.0
2007-12-13,161.96340942382812,169.11504362168844,161.96340942382812,164.0668351445018,16849586.0
2007-12-14,155.8634490966797,165.74953425838729,151.44626944066349,165.32884921948795,22585857.0
2007-12-17,155.65313720703125,159.22896074133487,155.65313720703125,156.4945074503968,12642093.0
2007-12-18,159.8599853515625,163.2254530079154,150.60492610484084,156.49450444278037,15871003.0
2007-12-19,169.5357208251953,171.00811876070347,162.80477208673048,164.06682746002318,13912805.0
2007-12-20,164.48756408691406,170.797829676746,163.22550831846092,170.37714442059496,8766987.0
2007-12-21,169.9564208984375,171.63916154416947,164.90821221367233,167.85299509127253,7802856.0
2007-12-24,180.0528106689453,180.8941808628436,176.68734314578083,177.52871333967914,8680277.0
2007-12-25,177.9494171142578,180.4735147084541,177.108046832049,179.6321444262453,5015753.0
2007-12-26,165.5392608642578,165.5392608642578,165.5392608642578,165.5392608642578,2486715.0
2007-12-27,168.4840087890625,171.63914723680637,165.53922615693122,165.53922615693122,14871775.0
2007-12-28,169.3253936767578,173.32188947022487,163.2254720696603,168.48402335130564,15677970.0
2007-12-31,177.1080322265625,177.1080322265625,168.0633156911345,170.16674122319426,12163124.0
2008-01-02,172.48046875,180.47345738743277,172.48046875,177.1079905799494,13483385.0
2008-01-03,164.0668182373047,167.0116006903558,162.80476293495613,164.69784588847895,15271260.0
2008-01-04,154.3910675048828,163.64611202317772,152.9186698421091,161.7530293138972,21960307.0
2008-01-07,143.6636199951172,145.5567028088102,143.6636199951172,144.71533266939107,15401325.0
2008-01-08,136.09132385253906,140.92918920775054,134.82926856358947,137.98439353353479,25242895.0
2008-01-09,141.9808807373047,142.40156577077298,134.61890590403644,134.61890590403644,17927266.0
2008-01-10,144.29466247558594,150.3945833628115,143.8739773625063,144.29466247558594,17810620.0
2008-01-11,146.39808654785156,149.55321161134012,145.55671633027353,148.50151209179666,9960280.0
2008-01-14,140.71885681152344,150.60493078331922,139.24645886819184,149.76356052998688,14884162.0
2008-01-15,141.7705841064453,147.44982064399846,139.66715825830303,141.13955635200264,12834093.0
2008-01-16,135.03961181640625,140.50850484463007,135.03961181640625,137.56372240747666,15201066.0
2008-01-17,136.30166625976562,140.50850396615255,135.46029606800252,139.66713377438944,13212933.0
2008-01-18,137.14306640625,137.14306640625,131.25348702993782,134.61895527964552,14937840.0
2008-01-21,138.40509033203125,141.98091395305843,136.3016779250333,136.72236305691885,13169578.0
2008-01-22,128.7293701171875,131.88449563119448,128.7293701171875,128.7293701171875,12455253.0
2008-01-23,123.68114471435547,132.5155055677377,123.2604596020583,131.25346348327537,16780425.0
2008-01-24,124.52252197265625,129.57073035294326,122.6294388603874,127.04661953658479,14569323.0
2008-01-25,133.1465301513672,133.1465301513672,131.25346044231884,131.25346044231884,4855752.0
2008-01-28,140.50851440429688,142.40159747639788,137.77406107792874,141.98091234926434,24143538.0
2008-01-29,141.34986877441406,142.82226655392125,138.40507321539968,142.82226655392125,9201569.0
2008-01-30,141.7705841064453,143.03263961533068,138.19476016460345,139.66715825830303,9760022.0
2008-01-31,131.88446044921875,131.88446044921875,131.88446044921875,131.88446044921875,3369297.0
2008-02-01,124.52252197265625,127.25696210461466,122.83978142841727,122.83978142841727,28705097.0
2008-02-12,115.89848327636719,121.99840414630384,115.89848327636719,121.99840414630384,21274886.0
2008-02-13,119.89500427246094,122.20875937534932,118.2122636504108,119.89500427246094,12114608.0
2008-02-14,128.0983123779297,128.0983123779297,128.0983123779297,128.0983123779297,4226074.0
2008-02-15,136.9326934814453,136.9326934814453,130.8327728623965,131.46380050427348,20397465.0
2008-02-18,141.34986877441406,142.19123893413246,139.24644337511808,139.66712845497727,16937328.0
2008-02-19,140.50851440429688,142.82228260353145,138.40508876862907,142.61194003996468,8774213.0
2008-02-20,138.40509033203125,141.77057138711567,138.40509033203125,139.4568031617451,9378085.0
2008-02-21,145.13601684570312,145.13601684570312,140.087809292691,140.087809292691,11979381.0
2008-02-22,144.92567443847656,144.92567443847656,142.4015772859841,143.4532767022731,7388919.0
2008-02-25,143.45326232910156,149.13251017114496,143.45326232910156,147.23942755713048,10076926.0
2008-02-26,145.13601684570312,146.6084145806231,144.29464671146314,146.3980720470631,9282085.0
2008-02-27,149.76356506347656,151.6566481907798,146.81878234010154,147.23946747950225,14708678.0
2008-02-29,149.76356506347656,150.81527791197837,147.66015261890297,147.66015261890297,7034854.0
2008-03-03,142.82229614257812,145.97742164274484,139.66715738998047,144.7153661417058,8392277.0
2008-03-04,150.60494995117188,150.60494995117188,144.08434291038256,145.13605586090202,8234341.0
2008-03-05,148.5015106201172,154.81177393698744,147.23945530625736,152.28766330926777,12508931.0
2008-03-06,158.17726135253906,158.38760393122016,150.18425661508897,150.60494177245113,13588675.0
2008-03-07,159.0186004638672,162.3840678099455,155.65311986536088,156.49449001498746,14525968.0
2008-03-10,154.81179809570312,160.70137722703498,154.81179809570312,157.75658103515354,12269447.0
2008-03-11,159.43927001953125,159.64961253646405,151.44626762851206,151.44626762851206,10954347.0
2008-03-12,159.8599853515625,166.17024880309978,159.8599853515625,166.17024880309978,11454993.0
2008-03-13,155.02212524414062,163.64614387103134,154.81178267995162,160.2806760964366,10442346.0
2008-03-14,155.23245239257812,158.17724825018578,155.02212308374996,157.33587800515502,7481823.0
2008-03-17,147.2394561767578,151.6566365489533,146.39808596254363,151.44629399539974,11278477.0
2008-03-18,150.60494995117188,150.60494995117188,147.23948176194094,148.0808521223565,7721307.0
2008-03-19,157.3358612060547,158.59791643884836,153.76005129890066,153.97039383769962,9423505.0
2008-03-20,159.43927001953125,159.85995505339682,153.54969279783992,159.01858498566568,12079511.0
2008-03-21,167.01161193847656,167.01161193847656,161.33237594784413,162.3840887706334,15779132.0
2008-03-24,171.21844482421875,178.58040728749776,169.5357044886449,178.58040728749776,15227905.0
2008-03-25,172.48046875,175.8459355574834,172.27012624625567,172.90114050506276,10309184.0
2008-03-26,166.17025756835938,174.1632486434781,166.17025756835938,172.48052135275466,11586090.0
2008-03-27,169.1150360107422,170.16674882374716,165.74956826155585,166.59093851195982,8410857.0
2008-03-28,169.9564208984375,171.63916154416947,167.43230992983953,168.27368025270553,10540410.0
2008-03-31,168.27365112304688,171.0081041990033,167.64262349013384,169.9563914774816,7266080.0
2008-04-01,168.27365112304688,173.74254402253126,168.27365112304688,170.37707656609027,8096018.0
2008-04-02,175.42527770996094,175.84596278258155,170.37707009094143,172.48049545404453,13937579.0
2008-04-03,173.74253845214844,175.84596382775362,172.69083901677385,174.5839086023905,7217564.0
2008-04-07,169.3253936767578,171.42881949038824,166.8012827004013,170.37710658357304,13313062.0
2008-04-08,171.4287872314453,171.4287872314453,165.9598943975564,166.17023693933785,10189442.0
2008-04-09,170.79774475097656,172.48048493887177,168.69431951610756,172.05979989189797,5764142.0
2008-04-10,173.32186889648438,173.74255400927407,170.79777147217533,171.21845658496503,4434590.0
2008-04-11,174.58392333984375,178.15974678022474,174.58392333984375,175.84597867174293,11452929.0
2008-04-14,175.00462341308594,177.94941943929257,174.583938266485,175.00462341308594,6777821.0
2008-04-15,182.36660766601562,186.99413121498063,178.37011186269552,178.79078377402797,16330359.0
2008-04-16,176.897705078125,185.94240914876323,176.68736250660177,184.2596818290076,17091135.0
2008-04-17,166.17025756835938,180.4735124278734,164.69785959310016,178.79077188472002,33692979.0
2008-04-18,156.49449157714844,160.701342367275,155.65312141912312,156.9151766561611,29611421.0
2008-04-21,162.8047637939453,162.8047637939453,158.59792601634953,158.59792601634953,15450873.0
2008-04-22,164.48756408691406,166.17030511151822,161.33242466578122,163.64619357461197,10762346.0
2008-04-23,167.01161193847656,169.95640784228655,164.48751441621198,166.17025493267485,11921575.0
2008-04-24,164.0668182373047,169.53571129505292,164.0668182373047,168.27365599270436,9569053.0
2008-04-25,164.48756408691406,166.59099036766926,164.48756408691406,166.17030511151822,5940658.0
2008-04-28,167.43226623535156,167.64260876117535,162.3840588680077,164.48748412624568,9732151.0
2008-04-29,168.27365112304688,170.58741911039462,167.01159585722084,167.43228094582952,11560284.0
2008-04-30,166.17025756835938,170.37709567381293,165.74957243257103,169.11504026644786,7395113.0
2008-05-02,175.6356201171875,175.84596265334324,172.90116714716316,173.3218522194746,17187135.0
2008-05-05,173.32186889648438,176.4770072424072,172.05982681054445,176.05632212961748,9393569.0
2008-05-06,173.32186889648438,174.37358167845866,171.21845658496503,173.32186889648438,5940658.0
2008-05-07,175.2149658203125,178.15976184372798,174.7942806741103,174.7942806741103,11716155.0
2008-05-08,174.37356567382812,177.10801865598336,173.74253806256152,173.74253806256152,7664533.0
2008-05-09,168.69435119628906,175.63564252247875,168.69435119628906,174.58392970753644,8587374.0
2008-05-12,167.43226623535156,169.95637654523713,165.53919675536466,169.11500644194194,7254726.0
2008-05-13,172.48046875,174.37353803127309,168.2736186751134,168.2736186751134,8685439.0
2008-05-14,171.21844482421875,175.4252824107251,171.21844482421875,174.1632271590447,7426081.0
2008-05-15,173.74253845214844,173.95288098970894,171.21844125385022,172.2701539416528,7299113.0
2008-05-16,175.42527770996094,177.94938814568468,174.5839075647197,175.84596278258155,11004928.0
2008-05-19,175.84596252441406,176.68733266842005,174.37356477240357,176.26664759641704,4529558.0
2008-05-20,172.48046875,179.21140236496677,172.48046875,176.6873055724607,11980414.0
2008-05-21,171.63916015625,173.9529152729911,171.2184749982188,171.63916015625,6234852.0
2008-05-22,169.3253936767578,170.16676400221,167.85299560721649,168.2736807699426,7177306.0
2008-05-23,159.8599853515625,168.0633185618605,159.8599853515625,166.59093391669754,14525968.0
2008-05-26,155.02212524414062,159.4393058396805,153.1290421664394,156.91519506941216,11304283.0
2008-05-27,161.12203979492188,161.12203979492188,156.49451644293265,156.91520158878896,6222465.0
2008-05-28,157.9669189453125,160.70137247113436,157.75657636640312,160.2806873133156,5742464.0
2008-05-29,159.8599853515625,161.33236999672545,158.3875874539703,160.70135557875804,4091880.0
2008-05-30,159.8599853515625,161.54271255352432,153.97040701362297,160.70135557875804,9859119.0
2008-06-02,154.81179809570312,158.3876087905567,152.28768707409048,157.96692362028793,11779123.0
2008-06-03,151.86695861816406,153.12901376925495,150.60490346707314,151.44627356780043,7753307.0
2008-06-04,153.54971313476562,154.60142585872387,151.4462876868491,151.8669727764324,7397178.0
2008-06-05,155.65313720703125,155.65313720703125,151.446299242633,153.54972485104688,6827370.0
2008-06-06,156.91517639160156,159.43928686142183,156.70483385244987,156.91517639160156,7691372.0
2008-06-09,155.65313720703125,156.07382232871404,151.86698436431575,152.70835460768131,5022979.0
2008-06-10,151.4462890625,156.70483947762847,151.4462890625,154.39108471633196,7353823.0
2008-06-11,148.2911834716797,152.70836427659856,147.66015574920124,151.44630883164166,8225050.0
2008-06-12,138.40509033203125,145.55672432165582,137.9844052001457,145.1360391897703,16223004.0
2008-06-13,137.14306640625,142.19127540702738,137.14306640625,142.19127540702738,7504533.0
2008-06-16,135.03961181640625,140.50850484463007,131.67413102831236,138.82576445058314,8199244.0
2008-06-17,142.6119384765625,142.6119384765625,132.93619391099193,136.72236001368762,7407500.0
2008-06-18,143.45326232910156,145.5566874557843,140.9291654295087,141.77053548018182,7895759.0
2008-06-19,139.24644470214844,141.7705552053586,139.24644470214844,140.08781486988516,6637434.0
2008-06-20,140.2981719970703,144.71535258446528,140.08782943326912,140.92919968847383,7883372.0
2008-06-23,141.13955688476562,141.34989947037383,134.82929256895028,136.7223758394242,7097822.0
2008-06-24,134.19825744628906,142.61194715637828,134.19825744628906,141.34989171200033,7341435.0
2008-06-25,140.08782958984375,140.08782958984375,132.93619566504023,135.03962130540293,8592535.0
2008-06-26,145.3463897705078,147.23947296838256,140.92920889456397,140.92920889456397,13033319.0
2008-06-27,145.76707458496094,146.60844489316136,140.08783825703856,141.1395511422891,16591521.0
2008-06-30,147.2394561767578,148.9221966051862,142.1912481439017,147.2394561767578,9408021.0
2008-07-01,142.19125366210938,147.23946189087812,142.19125366210938,146.60843420572832,7250597.0
2008-07-02,135.46031188964844,144.29467343014952,135.46031188964844,140.0878352324076,12948674.0
2008-07-03,139.03611755371094,141.13954320593524,131.2534691453406,131.6741410233557,10722088.0
2008-07-04,135.88099670410156,140.2981774636062,134.61894127212017,140.2981774636062,9181956.0
2008-07-07,133.9879150390625,135.46031305933678,131.25347482526917,132.936202167438,9548408.0
2008-07-08,124.94320678710938,132.3051701443452,124.73286421962092,131.8844850093683,13295513.0
2008-07-09,127.88798522949219,131.46380875796257,126.20524474550612,126.20524474550612,9664021.0
2008-07-10,126.8362808227539,129.15004914139143,126.20525309948913,127.88799369486188,7833824.0
2008-07-11,129.1500244140625,130.2017370848074,126.41557147012574,126.62591400427473,6050078.0
2008-07-14,129.1500244140625,132.51549170801837,127.04659907257269,127.46728414087065,10206990.0
2008-07-15,121.15702056884766,128.09831089750395,121.15702056884766,127.04659823370334,15496293.0
2008-07-16,122.28309631347656,126.82892667949311,120.46475282422267,123.41955036034092,20743323.0
2008-07-17,130.69285583496094,130.69285583496094,126.82888774052994,130.01098078047954,11869972.0
2008-07-18,138.1935272216797,139.7845599270151,134.78413699089157,135.92060512734028,21738790.0
2008-07-21,147.0579376220703,147.73981298397487,141.83023124032235,142.28481008873834,14398499.0
2008-07-22,147.73974609375,149.10349620011155,143.6484957746654,145.4668387021839,10179518.0
2008-07-23,148.19436645507812,150.92186717467496,145.23956928266244,150.0126955419569,11721776.0
2008-07-24,148.64894104003906,151.3764416836338,145.6941439499591,148.1943623256256,10013947.0
2008-07-25,147.5124969482422,147.5124969482422,143.6485279945072,145.92145007443614,8280568.0
2008-07-28,147.80751037597656,147.80751037597656,147.80751037597656,147.80751037597656,0.0
2008-07-29,145.46685791015625,145.46685791015625,143.1939360399106,143.6485147425371,7767504.0
2008-07-30,144.7850341796875,147.28523919978372,143.6485657517297,147.28523919978372,12207245.0
2008-07-31,145.46685791015625,148.64893718565492,143.6485147425371,145.92143661278274,12536342.0
2008-08-01,147.73974609375,147.73974609375,141.3755742045446,143.87579218524388,7788966.0
2008-08-04,146.6033172607422,148.64894276720656,145.46686337222548,147.73977114925893,4345714.0
2008-08-05,148.64894104003906,149.33081620093773,145.92144039644432,148.64894104003906,10424808.0
2008-08-06,157.74066162109375,157.74066162109375,152.28565870706262,153.1948305855882,13014657.0
2008-08-07,158.51161193847656,159.87809892993468,156.23415252412516,157.82837553202705,12896816.0
2008-08-08,163.6502227783203,167.05961305345394,157.05875287256896,158.19522102379958,15647432.0
2008-08-11,168.19606018066406,169.33251410708363,165.24126295770412,167.28688853239387,15337754.0
2008-08-12,170.46900939941406,172.74193179330916,166.37774341897895,169.3325411131866,15038296.0
2008-08-13,167.51416015625,169.7870818507013,164.55936337131885,169.55978542768952,12075402.0
2008-08-14,165.9231414794922,167.2868918899904,164.1048123250139,165.9231414794922,6651436.0
2008-08-15,161.83187866210938,169.10522311642404,161.83187866210938,166.8323012021311,8956136.0
2008-08-18,160.01358032226562,165.46859728170338,160.01358032226562,162.7410958912649,8055719.0
2008-08-19,160.92269897460938,161.8318705303537,156.83144824159407,156.83144824159407,7898325.0
2008-08-20,164.33209228515625,164.55938874321276,157.05874741292436,160.92271630709683,7401613.0
2008-08-21,160.92269897460938,164.7866674526057,160.92269897460938,163.65019946328624,5249197.0
2008-08-22,162.7410430908203,164.1047933435782,159.55894971534775,162.05915378588512,7793055.0
2008-08-25,165.9231414794922,166.15043794076118,163.65021940247593,165.9231414794922,6533901.0
2008-08-26,164.33209228515625,165.92313913443652,163.195638351989,163.195638351989,4613488.0
2008-08-27,171.832763671875,171.832763671875,165.0139963444818,165.0139963444818,14649921.0
2008-08-28,168.650634765625,171.8327283669918,167.74147731828353,170.9235567410931,9225955.0
2008-08-29,166.6050262451172,171.83274590438353,165.92315100073972,170.24169894131654,7833936.0
2008-09-01,160.01358032226562,165.69587961186602,157.7406577707133,165.0140042642564,10113085.0
2008-09-02,159.33164978027344,162.96832176725846,155.92227422327372,160.92269643305863,11451958.0
2008-09-03,154.55853271484375,156.37686172157993,152.0583143797052,154.55853271484375,15005591.0
2008-09-04,154.55853271484375,156.8314546071815,153.19478241515245,154.55853271484375,8771147.0
2008-09-05,155.01315307617188,161.3773275777296,148.64897857461415,151.83107291467329,27262917.0
2008-09-08,164.5594024658203,165.46857419530454,160.013557996958,162.7410731854107,14095975.0
2008-09-09,156.83148193359375,161.83190529659092,154.55855964522064,160.92273354552984,13233373.0
2008-09-10,159.10438537597656,159.55896410838244,156.37687044586875,156.83146335683213,13190448.0
2008-09-11,152.51292419433594,158.1952224666406,152.51292419433594,156.83147201557213,12943114.0
2008-09-12,151.83102416992188,155.92227485489468,146.37600907806882,154.55852462657043,14284031.0
2008-09-15,146.14878845214844,151.83108819240184,146.14878845214844,147.7398216037123,8424675.0
2008-09-16,143.42123413085938,146.376031470434,140.9210297226397,142.7393589123851,13562470.0
2008-09-17,146.8306121826172,152.74019219141596,145.46686185915925,149.10351993600912,8150769.0
2008-09-18,147.9670867919922,147.9670867919922,140.01186600478925,141.14833421928049,12932894.0
2008-09-19,158.19522094726562,158.19522094726562,153.8766731675066,155.4677200713248,16211598.0
2008-09-22,158.19522094726562,161.83189350803946,156.83147050929523,161.83189350803946,8845756.0
2008-09-23,159.33164978027344,159.55894621025874,157.96789955747354,158.19519598745885,9316916.0
2008-09-24,158.19522094726562,160.92272182320644,158.19522094726562,159.33167491938826,9554029.0
2008-09-25,159.33164978027344,159.55894621025874,156.149570653259,156.37685290468835,5660057.0
2008-09-26,153.6493682861328,160.01354137427546,153.6493682861328,160.01354137427546,9876994.0
2008-09-29,153.95668029785156,153.95668029785156,153.95668029785156,153.95668029785156,0.0
2008-09-30,147.73974609375,148.19433891490698,142.96662072148462,142.96662072148462,8454314.0
2008-10-01,147.73974609375,151.83101059138932,146.83058880854546,151.83101059138932,3919523.0
2008-10-02,140.92105102539062,148.42167956246266,137.5116744176306,137.73895673910775,11292519.0
2008-10-03,145.2395477294922,150.694548359178,131.37473555763378,150.694548359178,9649079.0
2008-10-06,135.23873901367188,140.01186580785645,135.23873901367188,135.23873901367188,7827804.0
2008-10-07,135.92062377929688,144.55772041589324,129.7837318645784,144.55772041589324,6275325.0
2008-10-08,126.82896423339844,133.87502961738997,126.60168186386298,126.60168186386298,7088869.0
2008-10-09,128.19268798828125,135.69331569163037,125.46517282668648,135.69331569163037,7099089.0
2008-10-13,125.69245147705078,128.19266980931775,123.874122472403,123.874122472403,8036300.0
2008-10-14,134.32957458496094,134.32957458496094,134.32957458496094,134.32957458496094,4678899.0
2008-10-15,139.10269165039062,143.64853606566516,132.73851797614148,143.64853606566516,7710269.0
2008-10-16,134.32957458496094,148.64896992487417,134.32957458496094,148.64896992487417,7941250.0
2008-10-17,134.32957458496094,143.64854638043715,134.10227809430845,143.64854638043715,5573184.0
2008-10-20,138.4208221435547,143.64854201995567,130.23831887116285,143.64854201995567,6340736.0
2008-10-21,139.7845916748047,147.9671102371235,139.33001282411632,147.9671102371235,8587180.0
2008-10-22,138.6481170654297,149.5581354842762,137.28436653539376,149.5581354842762,4770882.0
2008-10-23,136.3751983642578,136.3751983642578,133.8749937198355,133.8749937198355,6669833.0
2008-10-24,131.60208129882812,145.92147749696213,131.60208129882812,145.92147749696213,5310519.0
2008-10-27,122.5103988647461,140.6937495869278,122.5103988647461,140.6937495869278,7183919.0
2008-10-28,125.01057434082031,130.92016832446092,114.10055795068915,130.92016832446092,11495905.0
2008-10-29,126.37433624267578,133.64768117185164,125.01058584077504,133.64768117185164,13964132.0
2008-10-30,134.1022491455078,134.78412429170845,117.73723145813568,117.73723145813568,12889968.0
2008-10-31,134.55685424804688,137.73893382643513,124.78329069353927,124.78329069353927,11721776.0
2008-11-03,134.55685424804688,135.466011739839,125.23788361799325,125.23788361799325,9497817.0
2008-11-04,131.374755859375,143.87581980563945,130.46558422107856,143.87581980563945,6125085.0
2008-11-05,127.28353118896484,140.46647305712946,125.91978053757683,140.46647305712946,11862818.0
2008-11-06,118.41914367675781,120.9193627812525,118.41914367675781,118.41914367675781,8333714.0
2008-11-07,113.19139099121094,126.60161829176648,110.23659406391052,126.60161829176648,16092019.0
2008-11-10,113.87328338623047,116.37349491410063,105.46347710742401,105.46347710742401,7403657.0
2008-11-11,107.73638916015625,112.7368117473069,105.91805302943979,105.91805302943979,8739464.0
2008-11-12,108.19097137451172,110.23659679519805,100.2357519528049,100.2357519528049,7936140.0
2008-11-13,100.69036102294922,115.69163175492525,100.69036102294922,115.69163175492525,9722666.0
2008-11-14,100.46307373046875,103.87245762136764,93.6443130379515,93.6443130379515,7164500.0
2008-11-17,99.32660675048828,107.28182062773942,93.64430099633798,107.28182062773942,5784746.0
2008-11-18,92.5078353881836,106.14535331738308,92.5078353881836,106.14535331738308,7642815120.0
2008-11-19,92.28054809570312,93.1897198288735,86.14366370928114,86.14366370928114,9511104240.0
2008-11-20,85.9163818359375,89.09846900181961,85.9163818359375,85.9163818359375,7369930440.0
2008-11-21,91.37139129638672,91.82597011271973,81.82512272491225,91.82597011271973,9632727000.0
2008-11-24,87.0528335571289,89.55304513528063,85.007200746438,85.007200746438,7998485.0
2008-11-25,92.9624252319336,92.9624252319336,89.3257524042269,92.9624252319336,8268303.0
2008-11-26,95.68992614746094,99.3265986996372,92.73512881265782,99.3265986996372,8895836.0
2008-11-27,101.14492797851562,102.28138186933161,97.73554503823195,102.28138186933161,8630105760.0
2008-11-28,100.91764831542969,102.28139888267609,100.00848363369201,101.14494480282391,4403970.0
2008-12-01,102.05412292480469,107.96371894685605,100.00849680453184,107.96371894685605,8887659.0
2008-12-02,95.00806427001953,109.10016352675311,95.00806427001953,109.10016352675311,10300119.0
2008-12-03,88.41658782958984,101.5995215261355,88.41658782958984,101.5995215261355,13968220.0
2008-12-04,88.64386749267578,94.55346196718429,88.64386749267578,94.55346196718429,8683251840.0
2008-12-05,82.50698852539062,94.78075693678146,82.50698852539062,94.78075693678146,6877307.0
2008-12-08,87.28010559082031,88.18927712357024,80.46134745230744,82.50697276707794,21424002.0
2008-12-09,87.73468780517578,90.91677386241506,81.37051569069723,81.37051569069723,15977551320.0
2008-12-10,93.87158966064453,93.87158966064453,81.59782159692222,93.87158966064453,13215999240.0
2008-12-11,95.46260833740234,100.2357408810557,93.87156888236954,100.2357408810557,16288251480.0
2008-12-12,95.23533630371094,102.05409528015309,90.91678871565495,102.05409528015309,14291185320.0
2008-12-15,101.82681274414062,101.82681274414062,99.0993047170373,101.82681274414062,9101266.0
2008-12-16,102.96327209472656,108.87286721960234,98.87202047530144,108.87286721960234,9952625.0
2008-12-17,104.0997085571289,110.00930228073649,95.91720016921512,95.91720016921512,20551180.0
2008-12-18,107.73638916015625,107.73638916015625,96.82637237585746,96.82637237585746,8100689.0
2008-12-19,106.82723999023438,115.23703960014572,106.82723999023438,115.23703960014572,5930898120.0
2008-12-22,107.73638916015625,114.10056207302463,105.69076367157966,114.10056207302463,11295586.0
2008-12-23,100.23576354980469,107.73639804940215,100.23576354980469,107.73639804940215,6434763.0
2008-12-24,100.23576354980469,107.05452283028231,95.68992639257931,107.05452283028231,6224223600.0
2008-12-25,97.73554992675781,100.23576137230971,93.41700223996101,93.41700223996101,2987422920.0
2008-12-26,99.32660675048828,104.554319537171,96.82638796509437,104.554319537171,4614510600.0
2008-12-29,97.28096771240234,97.73555356194122,92.50784110472148,92.50784110472148,3909303000.0
2008-12-30,100.91764831542969,102.96327416629929,90.68951197180195,90.68951197180195,7081715160.0
2008-12-31,100.23576354980469,107.96369451529483,99.32659895407124,107.96369451529483,4066697160.0
2009-01-02,100.23576354980469,100.23576354980469,100.23576354980469,100.23576354980469,0.0
2009-01-05,107.05452728271484,107.05452728271484,93.41700815457077,100.2357677186428,11260836720.0
2009-01-06,110.00931549072266,110.00931549072266,106.59993245094564,106.82722890716472,9183029.0
2009-01-07,117.05535888671875,117.50994469061115,113.64598308072189,117.50994469061115,12996260.0
2009-01-08,110.4638900756836,115.2370159207805,109.10013274494929,109.10013274494929,13176139.0
2009-01-09,112.73682403564453,115.00974621910873,102.73597777124887,102.73597777124887,9799319.0
2009-01-12,114.10054779052734,119.55556258912561,111.82763322860194,119.55556258912561,6566607.0
2009-01-13,120.01013946533203,122.05576466746278,112.28221021959783,122.05576466746278,9333269.0
2009-01-14,112.73682403564453,128.192686376066,112.73682403564453,128.192686376066,13004436.0
2009-01-15,106.82723999023438,120.46475229636525,105.91806824959127,120.46475229636525,9882104.0
2009-01-16,109.32746887207031,114.10059645016855,107.73642161985047,114.10059645016855,6388772.0
2009-01-19,113.64601135253906,113.64601135253906,107.96371220276816,107.96371220276816,8110909440.0
2009-01-20,110.9184799194336,121.60120776028565,109.55472954081212,121.60120776028565,7019370.0
2009-01-21,109.10016632080078,118.64643512743899,108.4182909902238,118.64643512743899,7252395.0
2009-02-02,114.5551528930664,116.60077847119723,109.78201945481565,116.60077847119723,12135702.0
2009-02-03,113.64601135253906,122.51040483189071,112.96413602170898,122.51040483189071,11702358.0
2009-02-04,111.82763671875,116.37347307375428,105.69075374039143,105.69075374039143,7786922.0
2009-02-05,111.82763671875,119.55556632046289,111.82763671875,119.55556632046289,7330070.0
2009-02-06,116.14618682861328,119.55556950256944,113.19138992904023,119.55556950256944,11325225.0
2009-02-09,124.10140991210938,124.10140991210938,108.19097728829962,108.19097728829962,17824377.0
2009-02-10,125.01057434082031,132.73849730020453,122.51037022685327,132.73849730020453,8073093.0
2009-02-11,128.6472625732422,133.64768560562015,121.82849615896774,133.64768560562015,8762970.0
2009-02-12,123.8741455078125,128.64727243885199,119.78287967407647,119.78287967407647,9944449.0
2009-02-13,132.283935546875,132.511232014919,115.2370336396958,115.2370336396958,12657965.0
2009-02-16,131.82936096191406,133.19311145622586,130.01101751712585,132.28393973383174,9209602.0
2009-02-17,125.4651870727539,140.92105136250726,122.73768578002105,122.73768578002105,10210179.0
2009-02-18,128.4199676513672,128.4199676513672,116.82808162186511,116.82808162186511,8770125.0
2009-02-19,130.92018127441406,137.28435458686286,125.2378831676363,137.28435458686286,9295453.0
2009-02-20,127.73808288574219,140.01185032023756,127.73808288574219,140.01185032023756,6644282.0
2009-02-23,132.5112762451172,136.6025289641556,126.60167953190859,127.7381338943427,6834381.0
2009-02-24,132.738525390625,134.10227595567176,123.4195537437659,123.4195537437659,9394591.0
2009-02-25,132.283935546875,141.83020288346466,132.283935546875,141.83020288346466,8095578.0
2009-02-26,132.738525390625,135.4660265207185,123.19227143529777,123.19227143529777,4581805.0
2009-02-27,138.1935272216797,138.1935272216797,123.64683716075383,123.64683716075383,10666009.0
2009-03-02,132.283935546875,147.73978344558373,131.60206032130134,147.73978344558373,10043587.0
2009-03-03,133.87498474121094,134.1022670345592,123.1922632399699,123.1922632399699,9461024.0
2009-03-04,136.60247802734375,138.6481036240829,124.55600672750809,124.55600672750809,15820157.0
2009-03-05,135.46604919433594,146.14878737282356,134.55689145117424,146.14878737282356,15776209.0
2009-03-06,135.46604919433594,137.96626843443525,126.14707598771457,126.14707598771457,9366996.0
2009-03-09,132.738525390625,144.78501234613705,131.8293677996335,144.78501234613705,8229466.0
2009-03-10,133.19309997558594,141.8301951474548,130.92017795479558,141.8301951474548,6827227.0
2009-03-11,135.92062377929688,142.51209450384042,134.32957667706913,142.51209450384042,8136460.0
2009-03-12,137.7389373779297,145.23957903923954,136.60248339460796,145.23957903923954,7841090.0
2009-03-13,139.10269165039062,147.28520876217306,128.19268773942562,147.28520876217306,15299938.0
2009-03-16,138.87539672851562,148.64894573636184,137.9662250924079,148.64894573636184,5811319.0
2009-03-17,141.1483154296875,148.42164581283822,137.73892541862898,148.42164581283822,7742975.0
2009-03-18,139.3299560546875,142.51204924865857,131.37473724831528,131.37473724831528,8380728.0
2009-03-19,140.01185607910156,142.05748170589706,129.78371376656614,129.78371376656614,9326115.0
2009-03-20,136.82977294921875,149.7854157615678,136.82977294921875,149.7854157615678,6083182.0
2009-03-23,140.01185607910156,146.37602942198464,137.05705878087764,146.37602942198464,6546166.0
2009-03-24,145.9214630126953,148.19438529415498,140.011867916612,140.011867916612,18989503.0
2009-03-25,154.33126831054688,155.46773658192,135.92062126418674,135.92062126418674,14210444.0
2009-03-26,151.603759765625,165.01398262945509,151.1491809863382,165.01398262945509,8886637.0
2009-03-27,147.28518676757812,154.33123463405244,146.83060806535792,151.60373406361808,12603797.0
2009-03-30,142.51206970214844,147.28519599959395,142.51206970214844,147.28519599959395,8003595.0
2009-03-31,145.01229858398438,146.60334567917113,142.51209387317078,142.51209387317078,8220267.0
2009-04-02,145.01229858398438,146.60334567917113,133.42040428842353,133.42040428842353,8604554.0
2009-04-03,145.6941680908203,146.60333984884983,135.01144601429118,135.01144601429118,11649211.0
2009-04-06,137.96624755859375,146.83064055235212,135.69332518748445,135.69332518748445,15139478.0
2009-04-07,138.4208221435547,147.512511350958,135.23874226381096,147.512511350958,12795940.0
2009-04-08,133.42039489746094,137.96623936986958,128.87456460361116,128.87456460361116,18271009.0
2009-04-09,142.73936462402344,142.73936462402344,124.10142233519488,124.10142233519488,16713420.0
2009-04-10,140.4664764404297,145.46690034214694,132.96583349857343,132.96583349857343,13292652.0
2009-04-13,141.83018493652344,142.73934233653964,130.69287209003832,130.69287209003832,8797720.0
2009-04-14,147.0579376220703,151.60378282047483,140.92105936492922,151.60378282047483,19797936.0
2009-04-15,144.10313415527344,148.64897917999673,136.82980196570102,136.82980196570102,12917563.0
2009-04-16,146.8306121826172,154.10395669343086,134.1022521994148,154.10395669343086,13756658.0
2009-04-17,141.37562561035156,150.01272221022563,136.60249850252214,136.60249850252214,16608150.0
2009-04-20,145.2395477294922,146.37600146782498,131.60203197672243,131.60203197672243,9925030.0
2009-04-21,144.55772399902344,145.69417814103525,135.23875182742148,145.23959931994258,13348864.0
2009-04-22,142.28477478027344,154.55854242733838,142.28477478027344,154.55854242733838,9717556.0
2009-04-23,141.37562561035156,142.73937621258852,132.51124669581122,132.51124669581122,8499284.0
2009-04-24,143.1939697265625,147.05792505428198,131.6020753862842,131.6020753862842,14506835.0
2009-04-27,144.55772399902344,147.51252178252653,143.19397335718511,143.19397335718511,18373213.0
2009-04-28,149.10354614257812,151.37646847401783,134.5568687427711,134.5568687427711,19944088.0
2009-04-29,146.3760223388672,150.92186629747854,138.87539540357145,138.87539540357145,11428451.0
2009-04-30,156.60418701171875,156.60418701171875,136.14791456963636,136.14791456963636,8162011.0
2009-05-04,167.51416015625,167.51416015625,145.69412890378416,145.69412890378416,4222047.0
2009-05-05,179.1060791015625,179.1060791015625,155.92229401418066,155.92229401418066,37313658.0
2009-05-06,184.1065673828125,184.1065673828125,176.3786409998104,179.10614276103905,26258251.0
2009-05-07,181.15170288085938,182.74274971965585,171.37815374863678,171.37815374863678,13192492.0
2009-05-08,181.8335723876953,193.65276090235344,176.60585330016906,193.65276090235344,14492527.0
2009-05-11,182.06089782714844,194.56194932362507,169.10525335937922,194.56194932362507,12963555.0
2009-05-12,172.96922302246094,178.87881871545406,169.33254984050828,169.33254984050828,17671071.0
2009-05-13,173.19647216796875,175.0148011724575,171.1508467209601,172.96917572544888,12810249.0
2009-05-14,173.19647216796875,175.92397276398026,161.15000174988006,161.15000174988006,10750838.0
2009-05-15,174.1056671142578,177.28774684360076,161.15002336675906,161.15002336675906,9188139.0
2009-05-18,178.42417907714844,180.46980438636115,174.10563203151412,174.10563203151412,10072204.0
2009-05-19,180.46983337402344,185.24295986219514,178.42420773623556,178.42420773623556,15556470.0
2009-05-20,183.19732666015625,186.37942030658684,179.5606542836173,180.4698259223914,14064292.0
2009-05-21,183.19732666015625,185.47024866781274,181.83357629127383,183.19732666015625,10591400.0
2009-05-22,189.33421325683594,193.65276072106323,182.74274383587476,183.19732255579868,17905118.0
2009-05-25,182.28819274902344,192.74363331246312,176.15131481892132,176.15131481892132,18910806.0
2009-05-26,179.5606689453125,185.24296733915264,177.28774675206472,182.2881699057864,13973330.0
2009-05-27,181.8335723876953,188.42504181482718,179.56065042883358,179.56065042883358,16489593.0
2009-06-01,185.0156707763672,194.56192340181659,181.83357711551238,181.83357711551238,11630815.0
2009-06-02,185.0156707763672,189.1069219015598,182.74274875840769,185.0156707763672,12022256.0
2009-06-03,185.47023010253906,197.74399637245386,185.2429336709582,197.74399637245386,9452847.0
2009-06-04,182.28819274902344,198.4259324183741,180.92444209788962,198.4259324183741,12561893.0
2009-06-05,185.0156707763672,195.01651631254296,184.10649913347189,195.01651631254296,9445693.0
2009-06-08,180.46983337402344,188.65233592517495,172.2873166443139,172.2873166443139,10259237.0
2009-06-09,173.65106201171875,192.97087804396972,170.9235612407765,192.97087804396972,13191470.0
2009-06-10,176.8331756591797,185.6975683439821,173.65108161482215,173.65108161482215,7811451.0
2009-06-11,176.8331756591797,179.10609795106947,174.10567458033563,176.37859687222542,9300564.0
2009-06-12,172.7418975830078,178.19689890518404,172.28730468712178,176.378569857311,7825760.0
2009-06-15,167.51416015625,169.10520676022145,161.60456658638773,168.19603524672982,14427116.0
2009-06-16,159.55897521972656,164.78669480995012,159.1043964556648,161.37730445453212,14820602.0
2009-06-17,160.46810913085938,164.55935957946593,160.46810913085938,161.8318592803949,8928541.0
2009-06-18,167.28689575195312,167.74148868498577,162.96834795949218,164.55939486799005,13769944.0
2009-06-19,172.28733825683594,172.74193124129818,165.9231640814028,168.1960864680346,8616819.0
2009-06-22,173.19647216796875,174.10564375949147,169.5597999804345,172.74189346148572,7576382.0
2009-06-23,170.46900939941406,171.83276000003914,170.46900939941406,171.83276000003914,4848557.0
2009-06-24,175.6967315673828,180.01527991333774,171.3781832214279,171.3781832214279,9524390.0
2009-06-25,177.9696502685547,180.01529049248637,176.83319608064673,178.1969467775606,6214003.0
2009-06-26,177.28773498535156,179.1060782906885,175.9239845956277,178.87878183288197,5684586.0
2009-06-29,172.96922302246094,178.19694337999798,172.96922302246094,178.19694337999798,6697428.0
2009-06-30,178.19688415527344,178.65146283497555,175.46938371994904,176.83313393761122,7477244.0
2009-07-01,181.37899780273438,182.28815526416187,177.51502896671636,179.33335806812883,7539589.0
2009-07-02,184.33377075195312,186.8339890807112,183.1973168979628,184.10648848828907,9932184.0
2009-07-03,185.47023010253906,187.28855901951798,184.10647987016586,184.10647987016586,6923298.0
2009-07-06,188.65232849121094,189.5615001316984,185.24295256257975,187.74317102928094,6053542.0
2009-07-07,198.19859313964844,200.92609385323755,190.69796617727843,190.9252484510393,16623480.0
2009-07-08,202.28985595703125,203.42630984784722,195.92566879707886,198.19859075726797,12229730.0
2009-07-09,198.19859313964844,203.65360874538396,198.19859313964844,202.2898583885894,9777856.0
2009-07-10,193.4254608154297,199.56233722824766,192.74358565844992,198.19858691428811,8274435.0
2009-07-13,195.47109985351562,196.38027151877756,190.92525570576387,195.01652111016358,7083759.0
2009-07-14,200.47152709960938,202.28987046963442,194.5619324148652,197.2894332913446,9195293.0
2009-07-15,202.74440002441406,206.38107170342244,200.47147845271448,202.28982138149604,10130460.0
2009-07-16,203.42633056640625,207.29029971012088,202.28987655984474,204.5627845729678,12865439.0
2009-07-17,209.4891815185547,212.54570613015977,206.9028982183071,207.60824554793712,13119240.0
2009-07-20,208.3135528564453,214.42660090521898,208.3135528564453,213.95635968420407,10068420.0
2009-07-21,212.54566955566406,213.48613737913874,205.96239479134127,209.72426608524,8561880.0
2009-07-22,212.54566955566406,215.36705838868443,211.37008111696977,213.48613737913874,7425600.0
2009-07-23,210.6647491455078,213.9563794470418,210.6647491455078,213.9563794470418,4704240.0
2009-07-24,207.13796997070312,213.7212447788239,205.96239616159156,212.5456709697123,8029440.0
2009-07-27,211.60523986816406,213.48617585409997,207.84336789629225,207.84336789629225,6258720.0
2009-07-28,217.7183074951172,219.12900237963186,213.01596681772074,213.95643495320004,9569640.0
2009-07-29,224.5366668701172,224.5366668701172,220.06943300986083,221.00990098506122,13571100.0
2009-07-30,227.59312438964844,228.0633655876404,218.42356740283194,224.3014945533154,17189040.0
2009-07-31,221.71522521972656,227.35801747340318,220.53963679140065,227.12291149766085,8487420.0
2009-08-03,223.36106872558594,224.06641601758378,218.65872904992466,222.8908274393171,7205280.0
2009-08-04,213.01593017578125,227.82829710227836,210.89987357559423,226.652708475796,12488880.0
2009-08-05,222.89083862304688,227.82829918958367,217.71827203898442,222.42061195058946,19757400.0
2009-08-06,222.4205780029297,226.65267595873348,219.5991744865925,224.3015136804878,11641260.0
2009-08-07,222.4205780029297,222.4205780029297,222.4205780029297,222.4205780029297,0.0
2009-08-10,232.7657470703125,234.17644164820763,222.42059982859533,224.77176233755566,12974400.0
2009-08-11,235.1168975830078,236.05736546608793,230.88479942784957,233.94130906980652,8749560.0
2009-08-12,234.6466827392578,236.05737731599152,229.47410180395516,235.1169093857006,7311360.0
2009-08-13,234.6466827392578,234.88178874377655,231.8252789483851,234.1764414554097,5932320.0
2009-08-14,227.35800170898438,239.34896186175652,227.35800170898438,235.11686430559092,6203640.0
2009-08-17,226.1824951171875,230.17947326257706,225.71225378396116,229.47412590014443,5266260.0
2009-08-18,222.4205780029297,225.24198151926686,218.65870664781343,222.89080460361725,7258320.0
2009-08-19,221.9503631591797,225.24200830505083,221.48013650257275,225.24200830505083,5506980.0
2009-08-20,224.30148315429688,225.00683027803635,218.18843571548297,222.42054773272366,6482100.0
2009-08-21,216.7777862548828,227.82828048033704,216.3075449836354,226.6526919396235,7854000.0
2009-08-24,217.01290893554688,221.0098865917908,214.8968524698027,219.128950763886,10062300.0
2009-08-25,220.06939697265625,221.95033261504662,217.24799350907068,217.9533553530198,7194060.0
2009-08-26,214.89688110351562,221.48015737836434,212.31059765489113,221.48015737836434,9115740.0
2009-08-27,217.4831085205078,218.89381753465705,212.07542234730946,213.4861313614587,6045540.0
2009-08-28,222.89083862304688,223.36107993291046,216.54268340173164,218.65874002130545,7510260.0
2009-08-31,224.77175903320312,226.65269486768204,223.36106447604652,224.06641175462482,6107760.0
2009-09-01,240.28941345214844,240.28941345214844,225.2419451019738,225.2419451019738,14920560.0
2009-09-02,236.997802734375,241.2299003428413,236.997802734375,238.87873825756063,8948460.0
2009-09-03,243.11085510253906,243.58109633924536,237.9382893231929,239.3489837585041,11766720.0
2009-09-04,248.75369262695312,250.16438723527875,244.5215941645706,246.87275672424852,10905840.0
2009-09-07,243.58111572265625,247.34298736604902,241.22993862683327,246.4025048177958,10002120.0
2009-09-08,238.8787841796875,244.52159183401935,237.93831623729886,242.64065594924207,11968680.0
2009-09-09,232.7657470703125,241.22994381249396,232.7657470703125,237.4680867256385,13390560.0
2009-09-10,235.1168975830078,241.22993150432632,233.23596181684758,240.75970488148855,8231400.0
2009-09-11,231.35504150390625,233.47109804152836,229.47410561211004,229.47410561211004,5694660.0
2009-09-14,236.05738830566406,236.5276296114043,231.82528974103192,232.7657577151064,6229140.0
2009-09-15,237.93829345703125,237.93829345703125,235.11688989998717,236.52759899721127,4561440.0
2009-09-16,239.81922912597656,240.7596969781844,236.5275989619512,238.87876127376873,5918040.0
2009-09-17,240.7597198486328,243.11088238379395,239.81925190708728,242.6406557317239,6019020.0
2009-09-18,242.17041015625,242.64065143740308,239.34900638154733,241.70018351250218,4866420.0
2009-09-21,236.52760314941406,241.22992785629862,235.1168940274252,239.81923337171412,3468000.0
2009-09-22,235.587158203125,239.3490154071795,235.587158203125,239.3490154071795,2973300.0
2009-09-23,238.40855407714844,240.75971658039322,236.52761821959047,237.9383127940563,5497800.0
2009-09-24,238.40855407714844,239.3490073685221,236.52761821959047,236.9978448652773,2843760.0
2009-09-25,239.34901428222656,240.2894822381714,236.05738375512254,237.46809300774265,4394160.0
2009-09-28,238.8787841796875,243.11088260173364,238.40855752719594,240.75972006446477,3703620.0
2009-09-29,243.58111572265625,243.58111572265625,240.2894707159851,240.2894707159851,5191800.0
2009-09-30,252.0453643798828,252.0453643798828,244.0513928040465,244.52163417537054,10939500.0
2009-10-01,252.0453643798828,253.92630059036287,247.8132798624147,253.92630059036287,5866020.0
2009-10-02,246.4025115966797,249.22393004425052,244.5215903606415,246.4025115966797,4093260.0
2009-10-05,248.2834014892578,248.2834014892578,244.52154507645335,246.40246596415423,2952900.0
2009-10-06,249.22393798828125,250.16439131757463,245.9323074235367,249.22393798828125,5671200.0
2009-10-07,241.2299041748047,248.28340518009506,238.4085154826109,248.28340518009506,11960520.0
2009-10-08,230.649658203125,241.22990996501704,230.649658203125,239.81921558505942,13772040.0
2009-10-09,236.997802734375,236.997802734375,229.94430184113025,230.41452840322532,10609020.0
2009-10-12,236.05738830566406,238.87879222788752,232.7657577151064,238.40856555955327,3346620.0
2009-10-13,236.05738830566406,238.87879222788752,232.7657577151064,234.41157301038524,4614480.0
2009-10-14,238.8787841796875,239.81925212207614,236.52762164241867,237.93831623729886,5773200.0
2009-10-15,240.7597198486328,241.70018779017838,238.87878396554174,241.70018779017838,6011880.0
2009-10-16,247.8131866455078,248.28339856514177,240.2894299963005,241.22989774777608,9153480.0
2009-10-19,243.58111572265625,249.2239231877454,242.64064781180807,249.2239231877454,5104080.0
2009-10-20,244.52151489257812,246.4024355480971,244.0512737506477,244.52151489257812,3867840.0
2009-10-21,242.64064025878906,243.58110814036198,236.5276063472674,243.58110814036198,13626180.0
2009-10-22,232.0603485107422,238.40851702135976,231.8252425431439,235.11687246355032,12610260.0
2009-10-23,223.59620666503906,231.35505675201316,223.59620666503906,230.41458874413084,15013380.0
2009-10-26,219.59918212890625,227.12292510097396,217.24800513143288,223.83128023199214,10486620.0
2009-10-27,221.24497985839844,223.3610360623556,219.5991648719443,219.5991648719443,9301380.0
2009-10-28,221.0099334716797,225.7122740388865,219.83435930793414,221.0099334716797,8902560.0
2009-10-29,221.71522521972656,222.4205724217607,217.24799211956878,218.6587011610406,10284660.0
2009-10-30,218.65869140625,224.06637744293684,218.65869140625,223.12590966971294,6903360.0
2009-11-02,228.7687530517578,229.47410033561133,218.65872652517325,218.65872652517325,10816080.0
2009-11-03,228.06341552734375,230.88481942089845,228.06341552734375,229.00388349186198,7621440.0
2009-11-04,230.17947387695312,231.3550625757499,229.2390058453971,230.41459454419387,3353760.0
2009-11-05,225.7122039794922,230.17942247239512,224.0663889511706,230.17942247239512,5137740.0
2009-11-06,224.5366668701172,227.82829746461553,223.83130491066237,226.18248216736637,3883140.0
2009-11-09,228.06341552734375,228.06341552734375,225.4771322842701,227.5931742263817,2645880.0
2009-11-10,236.52760314941406,236.52760314941406,230.41455468313623,231.35502255199404,9984780.0
2009-11-11,242.17041015625,243.58111936230395,235.11690803819596,237.4680851691508,9248340.0
2009-11-12,239.34901428222656,242.17041815006104,238.40856096368748,242.17041815006104,5898660.0
2009-11-13,238.8787841796875,241.22994671695633,236.52762164241867,237.4680895848073,5196900.0
2009-11-16,244.52151489257812,244.52151489257812,239.34893551834804,240.7596443067384,6209760.0
2009-11-17,237.4680938720703,246.87275882834356,237.4680938720703,245.46206420799462,6505560.0
2009-11-18,239.34901428222656,241.7001914907915,237.9383196670122,237.9383196670122,4339080.0
2009-11-19,244.52151489257812,247.34291783195795,239.34893551834804,239.34893551834804,9232020.0
2009-11-20,248.75369262695312,255.80719494339257,240.2894810647824,244.0513528701916,17592960.0
2009-11-23,246.87274169921875,250.16437200991564,244.9918059109906,248.7536774874469,8661840.0
2009-11-24,242.17041015625,248.28344434940317,241.22994223134913,247.81323234306058,7359300.0
2009-11-25,240.28941345214844,244.521525361105,239.34894576542493,239.81918692748746,6168960.0
2009-11-26,243.11085510253906,244.99179077455653,240.75969283121913,240.75969283121913,4195260.0
2009-11-27,236.997802734375,241.2299003428413,236.997802734375,238.40851169546556,6027180.0
2009-11-30,238.40855407714844,241.22994322608005,238.40855407714844,239.81924865161426,3469020.0
2009-12-01,239.81922912597656,240.7596969781844,236.05735771714524,237.46806681415904,3949440.0
2009-12-02,239.81922912597656,244.52156838701572,239.3489878811706,242.17039143779408,4902120.0
2009-12-03,237.93829345703125,242.17039147389534,237.4680668495593,240.28945576919926,3410880.0
2009-12-04,236.52760314941406,242.1703957251564,236.52760314941406,242.1703957251564,4429860.0
2009-12-07,248.75369262695312,249.2239339213321,239.81925440780907,240.2894810647824,10603920.0
2009-12-08,249.6941680908203,250.16438009697072,245.4620551117932,248.2834442479376,6709560.0
2009-12-09,248.2834014892578,249.6941250891896,246.8727071641315,246.8727071641315,4958220.0
2009-12-10,243.58111572265625,250.16437646118857,240.7597119901117,248.28344063949217,6055740.0
2009-12-11,244.52151489257812,245.46198253903808,241.22987081126792,245.46198253903808,4029000.0
2009-12-14,246.87274169921875,247.34298296497818,244.0513380168765,244.52157928263594,2797860.0
2009-12-15,245.9322967529297,251.10486302664347,245.9322967529297,249.2239271748557,3995340.0
2009-12-16,246.87274169921875,248.28343622168748,244.9918059109906,247.34298296497818,3396600.0
2009-12-17,248.2834014892578,249.6941250891896,246.40246596415423,248.2834014892578,4994940.0
2009-12-18,248.75369262695312,249.2239339213321,246.40251542986954,248.28345133257415,3995340.0
2009-12-21,248.2834014892578,250.16433701436142,246.40246596415423,250.16433701436142,4086120.0
2009-12-22,252.0453643798828,253.92630059036287,248.7537333302467,249.22397470157074,6451500.0
2009-12-23,253.92625427246094,254.39649555800972,250.63462382324093,252.04531840507653,3542460.0
2009-12-24,256.2773742675781,257.2178566289189,252.98574455249383,255.80713308690773,3947400.0
2009-12-25,256.2773742675781,258.1583097154555,255.3369211810416,258.1583097154555,2035920.0
2009-12-28,256.2773742675781,256.74761544824855,254.3964388197008,255.3369211810416,2445960.0
2009-12-29,254.86672973632812,256.27742427882504,253.9262471914569,255.33697100876375,2250120.0
2009-12-30,260.9797668457031,261.44997882241466,254.39647714884597,254.86671840036618,7350120.0
2009-12-31,262.3904724121094,262.3904724121094,260.0392953299738,260.979777872752,3039600.0
2010-01-04,266.62255859375,266.62255859375,261.920233659076,262.39047493498646,4473720.0
2010-01-05,267.0927734375,269.91419153893804,263.3309021521208,268.0332558962484,5757900.0
2010-01-06,270.3843994140625,270.3843994140625,264.27138062365736,267.09276940772025,5451900.0
2010-01-07,263.80120849609375,270.38447023306384,263.3309671506489,270.38447023306384,4554300.0
2010-01-08,258.6286315917969,263.330957041278,256.2774542296496,263.330957041278,7581660.0
2010-01-11,262.3904724121094,262.8606844086886,256.7476649798699,258.6286007906164,3232380.0
2010-01-12,262.3904724121094,262.8606844086886,260.979777872752,261.92023114072026,2768280.0
2010-01-13,257.2179260253906,260.9797979360848,255.3369900700435,260.9797979360848,5869080.0
2010-01-14,269.4439697265625,271.7951467680597,257.688113793886,258.6285963204086,7071660.0
2010-01-15,274.61651611328125,277.4379342157983,269.4439504126085,270.8546448264634,7899900.0
2010-01-18,275.5570373535156,277.43797326164224,272.26537755818555,273.67610144538907,3129360.0
2010-01-19,268.0332946777344,276.49749165711063,267.5630533803214,276.49749165711063,3589380.0
2010-01-20,270.8546447753906,273.2058216479102,268.97370913233635,270.38440354592524,4033080.0
2010-01-21,258.6286315917969,265.68213440342527,257.6881489370126,265.2118930760331,7060440.0
2010-01-22,245.9322967529297,252.98579887843127,241.22994248605494,250.16438046334432,12157380.0
2010-01-25,247.343017578125,249.22395362957107,243.58114547523283,243.58114547523283,4003500.0
2010-01-26,242.64064025878906,248.28343291082197,239.81923661407032,247.34297966665363,6191400.0
2010-01-27,245.46206665039062,250.63463315967928,244.05135737859905,246.40251998171044,5194860.0
2010-01-28,245.9322967529297,248.7536858932061,243.5811196194923,247.81323260471748,5024520.0
2010-01-29,244.52151489257812,244.52151489257812,235.1168384279788,240.28940316480796,7769340.0
2010-02-01,237.4680938720703,246.87275882834356,237.4680938720703,246.87275882834356,3831120.0
2010-02-02,234.17649841308594,242.17047044619318,232.76580349323538,242.17047044619318,7111440.0
2010-02-03,239.34901428222656,240.2894822381714,235.11691579917772,237.9383196670122,5626320.0
2010-02-04,242.17041015625,242.17041015625,238.4085530940517,239.8192476627004,3196680.0
2010-02-05,240.28941345214844,240.28941345214844,235.11684849386992,237.46802502937948,6535140.0
2010-02-08,237.93829345703125,241.2299236215473,237.4680668495593,241.2299236215473,2867220.0
2010-02-09,240.7597198486328,245.46205955636057,237.93831602399618,237.93831602399618,4499220.0
2010-02-10,243.58111572265625,246.8727460919224,242.17040653768146,246.8727460919224,3344580.0
2010-02-22,248.75369262695312,251.5751111184157,248.28345133257415,249.2239339213321,5473320.0
2010-02-23,251.10488891601562,251.10488891601562,245.93232210900075,249.6941942004322,4087140.0
2010-02-24,248.2834014892578,249.6941250891896,246.8727071641315,249.22388388921235,3353760.0
2010-02-25,238.40855407714844,245.9322975073803,236.9978448652773,245.9322975073803,9456420.0
2010-02-26,237.4680938720703,238.40856183143822,233.23598073621181,238.40856183143822,9937860.0
2010-03-01,243.58111572265625,246.4025048177958,234.17643661417435,237.46808162084554,7923360.0
2010-03-02,242.64064025878906,245.93228516299655,242.17039899930032,245.93228516299655,3777060.0
2010-03-03,246.87274169921875,246.87274169921875,243.11087012276246,245.46204717675002,4537980.0
2010-03-04,241.70018005371094,247.34298752236623,241.70018005371094,247.34298752236623,2937600.0
2010-03-05,239.34901428222656,244.99182201789552,238.87878762295702,243.11088610600586,6063900.0
2010-03-08,248.2834014892578,248.2834014892578,242.1703683513725,242.64060955134977,7593900.0
2010-03-09,250.1643524169922,251.5750761037823,246.87272236409646,248.28341677607932,4328880.0
2010-03-10,252.98580932617188,252.98580932617188,250.16439079456674,251.57511469777518,4581840.0
2010-03-11,256.7476806640625,256.7476806640625,252.51556751264928,255.33698603852866,5335620.0
2010-03-12,252.98580932617188,256.7476811851042,252.04532672403292,256.7476811851042,3330300.0
2010-03-15,249.22393798828125,253.456051157131,248.28345538417605,252.0453272509732,3939240.0
2010-03-16,250.1643524169922,252.04528805790508,249.69414046286943,251.5750761037823,3311940.0
2010-03-17,257.2179260253906,257.6881380581183,252.51557149961675,252.98581280715658,5627340.0
2010-03-18,254.39651489257812,257.2179335454927,253.92627357129018,256.7476922242048,5307060.0
2010-03-19,253.4560089111328,256.7476389272291,252.98576768745994,255.80715647988336,4196280.0
2010-03-22,249.22393798828125,253.456051157131,248.28345538417605,252.9858098550784,3078360.0
2010-03-23,244.05136108398438,251.57511958542807,242.6406664281804,250.1643956548118,9111660.0
2010-03-24,244.52151489257812,246.8726766900275,244.52151489257812,245.9322236809685,3226260.0
2010-03-25,251.5751190185547,252.98581367117993,244.52160184321008,245.93231113324146,5136720.0
2010-03-26,263.33087158203125,263.33087158203125,250.63456478649303,250.63456478649303,12110460.0
2010-03-29,262.3904724121094,264.2714082228559,259.5690540585847,263.33092568007766,5936400.0
2010-03-30,258.6286315917969,261.4500210065229,257.21793688443387,261.4500210065229,3957600.0
2010-03-31,259.09881591796875,262.39044593593485,257.68809224614876,258.6285746940287,5877240.0
2010-04-01,266.1523132324219,266.62252517458455,260.97974767018036,260.97974767018036,6416820.0
2010-04-02,263.33087158203125,268.0332247802625,262.3904185072673,268.0332247802625,2535720.0
2010-04-06,268.0332946777344,270.3844426151763,265.6821174654809,267.5630533803214,3971880.0
2010-04-07,266.62255859375,270.3844302514132,265.6821053167393,267.5630411455709,3256860.0
2010-04-08,258.6286315917969,265.2118930760331,257.6881489370126,261.920262333915,5008200.0
2010-04-09,261.9202575683594,261.9202575683594,257.21793220443556,259.56908024899104,3070200.0
2010-04-12,258.6286315917969,264.27143969606226,256.7476955570417,263.8011983686701,3139560.0
2010-04-13,255.8071746826172,258.62859295061406,253.92623892888892,258.62859295061406,3835200.0
2010-04-14,259.09881591796875,260.9797515389218,256.7476390730757,258.6285746940287,3118140.0
2010-04-15,260.509521484375,262.860669155267,259.09882702687815,262.860669155267,2958000.0
2010-04-16,256.7476806640625,260.0393112152454,256.27743936394734,260.0393112152454,1874760.0
2010-04-19,249.6941680908203,256.2774289250309,249.22392680985942,253.9262517950369,4602240.0
2010-04-20,246.87274169921875,252.51554906390322,246.87274169921875,251.57509580719392,8552700.0
2010-04-21,258.6286315917969,258.6286315917969,248.75371009062908,249.69419274541335,7845840.0
2010-04-22,263.33087158203125,264.74156583157907,257.21785340905603,258.15830648381996,8928060.0
2010-04-23,264.74163818359375,268.50351006035015,262.3904902167299,265.6821207901888,5958840.0
2010-04-26,272.2653503417969,272.2653503417969,268.03326692767126,268.03326692767126,6658560.0
2010-04-27,270.8546447753906,272.26533918897945,269.44395036180174,272.26533918897945,4508400.0
2010-04-28,267.56298828125,268.0332294642516,264.74157045804503,264.74157045804503,3180360.0
2010-04-29,258.6286315917969,267.0928291107883,258.1583902644047,264.741651748641,6692220.0
2010-04-30,251.10488891601562,256.7476970531628,249.22395287029988,256.27745572303047,11397480.0
2010-05-03,252.98580932617188,256.2774398840348,251.1048733967057,251.1048733967057,5283600.0
2010-05-04,253.92625427246094,255.3369781291073,249.69417052695414,254.39649555800972,3649560.0
2010-05-05,251.5751190185547,252.98581367117993,245.4620698240956,249.22394174763778,7049220.0
2010-05-06,246.4025115966797,251.10486591769413,244.5215903606415,250.6346246306305,4947000.0
2010-05-07,248.75369262695312,250.63462852965773,239.81925440780907,239.81925440780907,5917020.0
2010-05-10,250.63461303710938,250.6346130371094,247.34298272954564,250.16437177179756,3116100.0
2010-05-11,246.4025115966797,252.98580179113773,246.4025115966797,252.0453192170105,3463920.0
2010-05-12,245.46206665039062,249.22393852529362,245.46206665039062,247.34300258784214,2187900.0
2010-05-13,247.8131866455078,250.63457526253202,244.05130100220288,247.34294545106872,4347240.0
2010-05-14,246.87274169921875,251.1048545414345,246.40250043345932,247.34298296497818,3016140.0
2010-05-17,244.52151489257812,248.28337084101696,243.5810472461182,245.46198253903808,3037560.0
2010-05-18,242.64064025878906,245.4620439035078,242.64064025878906,243.58110814036198,3428220.0
2010-05-19,242.17041015625,243.1108780811509,236.05737596309686,241.22994223134913,6257700.0
2010-05-20,236.52760314941406,243.1108635940142,236.52760314941406,240.7597012405719,4249320.0
2010-05-21,231.82528686523438,235.5871587148662,231.3550455653275,231.82528686523438,8536380.0
2010-05-24,234.6466827392578,235.58715066954872,233.2359735251188,233.2359735251188,3645480.0
2010-05-25,231.119873046875,233.9412763009125,227.12289608170713,232.76570258978214,4968420.0
2010-05-26,237.4680938720703,237.93832053305135,231.35504481747603,232.76575407523077,4842960.0
2010-05-27,240.28941345214844,240.75965461421097,235.11684849386992,235.58708965593243,4007580.0
2010-05-28,241.70018005371094,244.99181042505734,241.70018005371094,242.64064796515348,4363560.0
2010-05-31,245.9322967529297,245.9322967529297,240.75971584181065,244.05134626373663,2490840.0
2010-06-01,242.64064025878906,244.99180264401906,241.70017237721615,244.05133476244615,2370480.0
2010-06-02,242.64064025878906,244.05133476244615,239.81923661407032,239.81923661407032,3397620.0
2010-06-03,251.5751190185547,251.5751190185547,248.2834591293461,248.2834591293461,5715060.0
2010-06-04,247.8131866455078,252.04526957104414,246.87270425662965,250.63457526253202,3738300.0
2010-06-07,244.52151489257812,245.9322236809685,235.1168384279788,241.22987081126792,5101020.0
2010-06-08,242.17041015625,243.58111936230395,240.28947430644823,243.58111936230395,2201160.0
2010-06-09,242.64064025878906,244.5215760219349,240.75970449564323,241.2299311177274,4513500.0
2010-06-10,242.17041015625,242.17041015625,238.4085530940517,242.17041015625,2990640.0
2010-06-11,244.99179077148438,248.28342087877175,243.58109633619088,244.52156417218782,4818480.0
2010-06-14,243.11085510253906,246.87272644657403,239.8192249952104,245.46203201126283,6008820.0
2010-06-15,242.64064025878906,243.58110814036198,238.8787687324974,240.2894632361545,10201020.0
2010-06-17,235.587158203125,241.7001926267951,235.587158203125,240.28948336754456,11479080.0
2010-06-18,233.23594665527344,237.46805917272653,232.7657200630029,235.11688229916288,11977860.0
2010-06-21,238.40855407714844,239.3490073685221,235.11690900771933,235.11690900771933,6656520.0
2010-06-22,238.40855407714844,238.40855407714844,234.41156172048642,236.52761821959047,4472700.0
2010-06-23,237.93829345703125,238.40853470190734,235.11688989998717,235.11688989998717,4238100.0
2010-06-24,234.6466827392578,237.46808653013053,234.41156209733376,235.58715066954872,5302980.0
2010-06-25,226.65269470214844,231.3550342849114,226.41758870106415,230.4145663683588,9354420.0
2010-06-28,218.65869140625,226.65266015995192,217.01287646245885,226.1824335920414,11980920.0
2010-06-29,217.2480010986328,221.0098725148346,217.2480010986328,218.65871019841055,13275300.0
2010-06-30,212.7808074951172,218.18849463303013,212.7808074951172,213.01592814565404,10292820.0
2010-07-01,207.84335327148438,213.48616083223837,207.84335327148438,212.78079890909015,5321340.0
2010-07-02,200.08447265625,205.49215912839136,199.37912542888463,203.61122343048098,17362440.0
2010-07-05,206.90289306640625,207.37311972864887,201.7303119573026,201.7303119573026,7123680.0
2010-07-06,213.01593017578125,213.72127749670827,205.02195971799455,205.96242769169922,10524360.0
2010-07-07,210.6647491455078,216.30754185707968,210.4296285132826,214.4266207114922,9479880.0
2010-07-08,213.4861297607422,217.71822749665117,213.0158885470839,214.89682412691081,8432340.0
2010-07-09,221.71522521972656,222.4205724217607,213.01589426996043,213.48613549625222,10722240.0
2010-07-12,220.06939697265625,224.30150948673642,218.65870255956528,222.89080043624182,7627560.0
2010-07-13,217.4831085205078,223.36103591089034,215.83729353516975,223.36103591089034,7686720.0
2010-07-14,223.36106872558594,225.71223124471388,220.53966492018918,220.53966492018918,8422140.0
2010-07-15,217.7183074951172,222.42064817251364,217.24806610867327,221.00993865059044,8031480.0
2010-07-16,220.53964233398438,220.7747629530393,218.18846541824297,219.5991744951686,8648580.0
2010-07-19,218.18850708007812,220.53968444476328,216.7778123711924,218.65874840797784,5231580.0
2010-07-20,220.06939697265625,221.48010602315085,219.83429099541019,221.00986479385142,5297880.0
2010-07-21,217.2480010986328,222.42058161461236,215.8373066362592,221.95034036888504,6089400.0
2010-07-22,213.01593017578125,219.1289646861586,212.5457035076319,217.24802873874927,6315840.0
2010-07-23,221.0099334716797,221.95040158512106,215.3671247910315,216.30759290447287,5981280.0
2010-07-26,225.7122039794922,225.94732459422488,222.42057392284906,223.3610417443762,7296060.0
2010-07-27,227.12290954589844,229.47407174494222,222.4205705104075,226.88778893477306,14807340.0
2010-07-28,223.8108367919922,235.4571020549239,223.8108367919922,232.9253052586344,20485000.0
2010-07-29,216.21543884277344,219.7599542336386,215.20272015966913,215.70907950122128,13756000.0
2010-07-30,219.50677490234375,221.2790326005172,217.22815786183497,217.73451720417026,8073000.0
2010-08-02,217.9876708984375,218.74720982142858,209.12638346354169,212.67089843750003,18290000.0
2010-08-03,221.785400390625,226.59581432603812,220.26632230575774,220.26632230575774,12152000.0
2010-08-04,222.0385284423828,225.32986352761768,220.51945071073595,225.32986352761768,9547000.0
2010-08-05,221.785400390625,224.8235565603596,221.5322207098138,223.81083783711475,6881000.0
2010-08-06,225.07672119140625,226.342619510818,222.29174488870044,222.79810421646513,8662000.0
2010-08-09,234.44435119628906,236.46978835565227,225.83624326899553,225.83624326899553,11686000.0
2010-08-10,229.38072204589844,234.95067335385625,228.8743628360841,234.95067335385625,9273000.0
2010-08-11,230.39353942871094,233.68487570626397,228.87446114676342,229.38082057407925,8329000.0
2010-08-12,232.4189453125,232.9253046704793,229.12760948563454,232.9253046704793,6118000.0
2010-08-13,232.92532348632812,234.95076108186143,231.65942498911983,232.4189640874448,7057000.0
2010-08-16,232.92532348632812,234.69758138241977,229.8871670930282,232.4189640874448,4735000.0
2010-08-17,230.8998565673828,235.45709057858113,230.8998565673828,233.68483290755955,5378000.0
2010-08-18,231.4062042236328,234.44436007777242,230.39348560558628,232.9252821507026,9330000.0
2010-08-19,231.91256713867188,233.68482474781018,230.89984850487855,231.4062078217752,4850000.0
2010-08-20,229.38072204589844,233.6847753293204,229.38072204589844,231.40615888515583,4193000.0
2010-08-23,226.8489227294922,230.3934371471405,225.83620432444982,227.86164113453458,5737000.0
2010-08-24,226.34259033203125,230.89982369442114,226.34259033203125,229.38074590695783,4394000.0
2010-08-25,218.2408905029297,225.8362811236813,218.24089050292966,225.8362811236813,10350000.0
2010-08-26,221.785400390625,224.5703768795484,219.25360358251285,219.25360358251285,4654000.0
2010-08-27,221.0258331298828,224.82352785720036,219.25357559046793,223.30444996627332,4907000.0
2010-08-30,220.51947021484375,221.02582950351157,216.72177554983494,220.2662905705098,6796000.0
2010-08-31,221.0258331298828,223.55762961476117,216.72177910558955,217.98767734802874,6175000.0
2010-09-01,221.53219604492188,223.0512739606585,219.25357917131697,221.02583673967635,6681000.0
2010-09-02,225.3299102783203,225.58308995279035,223.55765255703014,225.3299102783203,5883000.0
2010-09-03,240.52066040039062,241.0270196854441,228.8743968441612,228.8743968441612,20499000.0
2010-09-06,241.53341674804688,245.0779322978086,240.52069801954354,243.30567452292772,10131000.0
2010-09-07,239.0015869140625,244.5715391514665,239.0015869140625,243.30564091569286,7445000.0
2010-09-08,236.4697723388672,242.79926303316236,236.4697723388672,239.50792787212887,6694000.0
2010-09-09,233.68482971191406,240.2675009714046,233.68482971191403,237.98888399696554,6864000.0
2010-09-10,240.52066040039062,241.0270196854441,232.92527112458882,235.96342683490954,8185000.0
2010-09-13,243.052490234375,244.57156829833986,239.00161539713545,242.79931055704756,9083000.0
2010-09-14,245.58421325683594,252.42006249182003,245.33103365554024,245.33103365554024,14883000.0
2010-09-15,242.03973388671875,250.14148230133696,241.2801949728483,249.12876374950972,13665000.0
2010-09-16,240.52066040039062,242.79927718313118,238.2420436176501,242.039738255551,8142000.0
2010-09-17,242.29293823242188,247.35653150791657,240.52068058599872,243.05247722374608,12103000.0
2010-09-20,239.76113891601562,241.78657620358493,239.50795925506947,241.02703722074645,6039000.0
2010-09-21,239.0015869140625,244.5715391514665,239.0015869140625,240.7738444441456,8613000.0
2010-09-23,235.4571075439453,239.00162314138103,234.95074817288304,239.00162314138103,10906000.0
2010-09-24,225.83619689941406,234.69748265219374,225.3298377135409,232.9252255016378,16983000.0
2010-09-27,228.87445068359375,230.39352889609546,226.0894739606739,227.86173187525927,8366000.0
2010-09-28,230.1403045654297,234.44435866621333,229.88712491244243,229.88712491244243,8039000.0
2010-09-29,227.3553466796875,232.16576047357842,226.8489873329621,231.91258080021575,8730000.0
2010-09-30,222.29171752929688,228.87438798005053,221.78535826385428,228.36802871460796,9330000.0
2010-10-01,227.3553466796875,227.35534667968747,217.98769876526828,221.27903451898314,13519000.0
2010-10-04,216.72178649902344,227.35533209827457,214.18998992777315,227.35533209827457,14210000.0
2010-10-05,210.3922882080078,215.2027015364701,208.62003066594278,214.18998294100436,14606000.0
2010-10-06,208.87319946289062,214.69633108428033,208.87319946289065,214.69633108428033,11775000.0
2010-10-07,209.88589477539062,212.16451124460477,208.61999673693836,208.8731763446288,9262000.0
2010-10-08,207.60731506347656,210.64547089367377,203.30326097069715,209.88593193612445,19491000.0
2010-10-11,207.60731506347656,209.88593193612445,206.84777610592724,207.60731506347656,6431000.0
2010-10-12,203.0500946044922,209.12640666248197,203.0500946044922,207.60732864798453,9605000.0
2010-10-13,205.07550048828125,206.08821900921103,203.0500634464217,203.0500634464217,9171000.0
2010-10-14,204.56912231445312,208.6199960236502,204.56912231445312,207.1009183827013,8909000.0
2010-10-15,197.48013305664062,204.06280415852868,197.48013305664065,203.05008552746898,13179000.0
2010-10-18,190.39111328125,198.74604245449632,190.39111328124997,197.48014409491356,13515000.0
2010-10-19,192.66969299316406,196.4673873359991,188.36563940461767,190.39107638746302,10475000.0
2010-10-20,198.74603271484375,199.50557169337182,191.65700224858182,192.4165412271099,11696000.0
2010-10-21,195.9610595703125,200.01193418675305,195.4547002432574,199.505574859698,9394000.0
2010-10-22,195.9610595703125,198.7460358691154,193.68244259856468,198.7460358691154,7115000.0
2010-10-25,200.01194763183594,200.7714866734758,196.9737914652764,197.48015082636965,6555000.0
2010-10-26,198.9992218017578,200.77147950228238,197.48014377273677,200.51829983077886,4251000.0
2010-10-27,193.9355926513672,198.49282589904942,193.68241302649594,197.98646664930695,8070000.0
2010-10-28,197.98646545410156,198.49282470078725,194.94830997398748,194.94830997398748,8551000.0
2010-10-29,194.94834899902344,197.9865050873199,194.69516932499872,197.2269660652458,7773000.0
2010-11-01,199.2523956298828,202.03737193474777,192.41654469975978,192.41654469975978,14480000.0
2010-11-02,196.21424865722656,197.98650638703376,192.41655352192538,196.4674283329133,15110000.0
2010-11-03,198.9992218017578,201.0246591737859,194.94834705770168,197.48014377273677,12761000.0
2010-11-04,203.5564727783203,206.59462908844452,200.51831646819613,201.02467585321685,12531000.0
2010-11-05,200.51829528808594,206.59460726651278,200.51829528808594,206.59460726651278,14783000.0
2010-11-08,194.94834899902344,198.99922378341873,194.94834899902344,197.9865050873199,10535000.0
2010-11-09,193.68243408203125,197.98648817274307,193.42925442963644,194.9483323440053,5944000.0
2010-11-10,192.9228973388672,194.94833458127,192.66971768356683,194.69515492596963,6441000.0
2010-11-11,193.4292449951172,195.9610413955768,192.92288571502525,192.92288571502525,6418000.0
2010-11-12,191.40380859375,193.17606608072919,190.64426967075894,192.92288643973217,6472000.0
2010-11-15,192.41653442382812,194.44197162828948,191.40381582159748,191.40381582159748,4345000.0
2010-11-16,194.94834899902344,198.99922378341873,193.4292709548752,193.4292709548752,8713000.0
2010-11-17,193.9355926513672,195.96102965033705,192.92287415188224,193.9355926513672,5527000.0
2010-11-18,192.66969299316406,195.96102809028775,192.41651337030837,194.94830959886508,5974000.0
2010-11-19,193.68243408203125,196.4674102583742,192.92289512484683,193.42925442963644,8332000.0
2010-11-22,200.51829528808594,200.51829528808594,193.17608498082018,194.4419833096591,11640000.0
2010-11-23,202.03733825683594,207.6072899381021,201.5309790130845,201.5309790130845,24076000.0
2010-11-24,202.54371643066406,205.07551288604733,202.03735713958739,202.03735713958739,11953000.0
2010-11-25,201.02467346191406,204.56918911489493,200.01195470391954,204.06282973589768,9656000.0
2010-11-26,201.53102111816406,205.58189591450906,201.53102111816406,203.55645851633656,9955000.0
2010-11-29,200.01194763183594,204.3160022011286,200.01194763183594,203.05010379839547,7542000.0
2010-11-30,197.73329162597656,203.30324350276464,197.73329162597656,200.5182675643706,9676000.0
2010-12-01,198.23965454101562,200.26509162444873,197.4801156347282,198.23965454101562,6326000.0
2010-12-02,200.01194763183594,203.55646315948871,199.50558827074266,200.01194763183594,10327000.0
2010-12-03,213.93679809570312,213.93679809570312,203.55643274431398,203.55643274431398,32478000.0
2010-12-06,214.44320678710938,219.50680080805648,214.19002708606203,217.734542900725,20834000.0
2010-12-07,212.41770935058594,213.68360749927834,210.1390926829396,212.16452972084747,9521000.0
2010-12-08,214.69631958007812,219.00037315656556,212.6708826029076,212.6708826029076,12823000.0
2010-12-09,215.70904541015625,218.4940213485503,215.45586577939315,217.734482456261,9378000.0
2010-12-10,211.65821838378906,217.22817149915196,210.64549963554128,215.70909337678026,9511000.0
2010-12-13,216.72178649902344,217.48132547039853,211.9113730136479,213.17727129927306,8236000.0
2010-12-14,218.2408905029297,221.0258670638719,216.21545300406257,218.24089050292966,13701000.0
2010-12-15,216.21543884277344,220.01313390441467,214.19000147656482,219.25359489208643,7851000.0
2010-12-16,213.43043518066406,216.72177048001,213.17725554225285,216.72177048001,5917000.0
2010-12-17,218.74720764160156,220.77264474939417,214.94951306449042,215.70905197991266,11390000.0
2010-12-20,217.73455810546875,221.27907416765078,216.72183923055957,221.27907416765078,6283000.0
2010-12-21,219.75991821289062,220.26627747144565,217.98766080794795,220.26627747144565,4542000.0
2010-12-22,216.97499084472656,220.7726861337241,216.7218111587934,219.75996738999143,8850000.0
2010-12-23,218.49398803710938,219.2535268135999,215.70901252331075,217.73444926061885,5094000.0
2010-12-24,214.44320678710938,220.26633991119854,214.4432067871094,219.50680080805648,6628000.0
2010-12-27,209.1264190673828,214.69637211760366,208.6200596991809,214.19001274940177,8338000.0
2010-12-28,209.6327667236328,211.91138375323752,208.11368870389634,209.37958705367672,6069000.0
2010-12-29,207.60731506347656,211.40500985122307,207.60731506347656,210.1391115886409,6224000.0
2010-12-30,206.34144592285156,209.63278187008726,206.08826623460268,208.62006311709166,5644000.0
2010-12-31,211.40501403808594,213.4304512983311,207.10095986006505,207.60731917512632,6645000.0
2011-01-03,210.1391143798828,213.93680921807348,209.63275506812408,213.43044990631472,4683000.0
2011-01-04,211.65821838378906,214.44319494147052,211.65821838378906,213.17729650616076,6853000.0
2011-01-05,212.67091369628906,214.69635096958706,211.65819505964006,213.43045267377582,8747000.0
2011-01-06,208.11367797851562,213.43045077358718,206.34142038015844,213.177271116679,7931000.0
2011-01-07,197.48013305664062,207.10096005170774,194.9483364789914,207.10096005170774,21146000.0
2011-01-10,194.94834899902344,195.20152867304813,191.40383356267756,194.94834899902344,6816000.0
2011-01-11,201.53102111816406,203.05009916679344,196.97378697227592,197.48014632181906,8594000.0
2011-01-12,210.1391143798828,210.6454736916416,205.58188057405405,206.59459919757157,12198000.0
2011-01-13,208.11367797851562,211.40501351832182,207.86049832160745,210.13911523378098,5819000.0
2011-01-14,205.32872009277344,208.36687624704385,204.31600137468334,208.11369656752132,5549000.0
2011-01-17,201.27781677246094,205.0755114285451,201.27781677246094,205.0755114285451,6723000.0
2011-01-18,202.54371643066406,205.07551288604733,200.01191997528073,200.2650996208191,3866000.0
2011-01-19,203.30325317382812,205.58186995908898,201.78417531698756,204.8223310306687,4709000.0
2011-01-20,201.53102111816406,204.31599754065124,201.2778414433925,201.53102111816406,3002000.0
2011-01-21,200.26510620117188,201.02464516274395,197.4801300087409,197.98648931645562,3627000.0
2011-01-24,199.5055694580078,203.80962362144197,199.5055694580078,200.51828808469818,3226000.0
2011-01-25,200.51829528808594,203.55645127729937,200.51829528808594,202.54373261422822,3492000.0
2011-01-26,203.0500946044922,203.8096336117409,201.53101658999472,202.54373526632637,2950000.0
2011-01-27,205.58187866210938,208.3668548508818,203.55644143391126,204.06280074096077,7551000.0
2011-01-28,200.51829528808594,204.5691699403705,200.51829528808594,204.5691699403705,9783000.0
2011-02-08,186.59339904785156,192.41653090416173,186.59339904785156,192.41653090416173,20341000.0
2011-02-09,174.9471435546875,183.04889260497694,174.69396389686597,182.7957129471554,23307000.0
2011-02-10,178.99801635742188,180.77027394511913,175.20032152664206,175.20032152664206,11903000.0
2011-02-11,174.69398498535156,179.25121937627378,172.1621881015059,179.25121937627378,10932000.0
2011-02-14,176.21302795410156,178.49164469488736,176.21302795410156,177.22574650556192,5979000.0
2011-02-15,177.98529052734375,180.51708697865735,175.4534940760302,177.2257515919497,6696000.0
2011-02-16,176.21302795410156,178.99800397061753,175.95984831623647,177.98528541915718,4949000.0
2011-02-17,171.65579223632812,177.73210346593268,171.65579223632812,177.22574419679896,7439000.0
2011-02-18,173.68121337890625,174.69393182426433,172.6684949335482,173.17485415622724,4519000.0
2011-02-21,171.65579223632812,174.69394785113042,171.65579223632812,174.1875885819967,4845000.0
2011-02-22,167.8581085205078,169.37718642567077,164.81995271018187,168.61764747308928,8531000.0
2011-02-23,169.1240234375,173.17489825037427,167.85812505847682,167.85812505847682,8717000.0
2011-02-24,169.1240234375,172.9217185745696,169.1240234375,170.13674214071858,4803000.0
2011-02-25,169.1240234375,171.90899987135106,166.0858673278443,170.64310149232784,9043000.0
2011-03-01,166.08584594726562,171.6557980979361,166.0858459472656,169.12400166581315,8099000.0
2011-03-02,174.9471435546875,177.22576047508142,168.1112927935058,168.1112927935058,14048000.0
2011-03-03,172.41534423828125,174.1876018148862,170.6430866616763,174.1876018148862,8817000.0
2011-03-04,169.883544921875,174.1875989660954,169.630365272215,174.1875989660954,5485000.0
2011-03-07,168.11129760742188,169.12401626770753,166.33903995192193,167.60493827727905,5139000.0
2011-03-08,172.6685028076172,174.18758054492758,168.11126959568594,168.11126959568594,6311000.0
2011-03-09,173.68121337890625,176.97254832631992,173.68121337890625,176.2130094923014,6942000.0
2011-03-10,176.21302795410156,176.21302795410156,172.66851302399033,174.44077048904595,6148000.0
2011-03-11,174.69398498535156,175.70670373888984,173.17490685504418,175.20034436212072,4755000.0
2011-03-14,170.13673400878906,172.66853064582463,168.11129669916062,172.66853064582463,5175000.0
2011-03-15,161.27542114257812,172.6685042688199,158.23726564224697,170.13670801854394,11527000.0
2011-03-16,166.33900451660156,166.3390045166016,162.54131034955589,165.0731064609197,6099000.0
2011-03-17,174.18760681152344,177.22576274428255,164.5667796911195,166.5922169796256,14017000.0
2011-03-18,175.45352172851562,177.22577952375315,172.66854519314236,177.22577952375315,8207000.0
2011-03-21,172.6685028076172,175.45347865935295,172.6685028076172,175.45347865935295,3674000.0
2011-03-22,176.21302795410156,179.7575428842128,174.18759085118086,174.18759085118086,7441000.0
2011-03-23,176.21302795410156,178.23846505702227,175.7066686783714,177.22574650556192,5213000.0
2011-03-24,173.4280548095703,177.98528836661012,173.4280548095703,177.22574944043683,5383000.0
2011-03-25,173.68121337890625,176.2130094923014,173.68121337890625,175.20029104694333,4042000.0
2011-03-28,172.41534423828125,174.6939611224876,172.41534423828125,172.66852389208196,2466000.0
2011-03-29,172.6685028076172,175.706658282238,172.4153231847321,172.4153231847321,4663000.0
2011-03-30,169.883544921875,173.4280600171153,169.88354492187503,172.66852106813525,5304000.0
2011-03-31,171.1494598388672,171.1494598388672,168.11130374705297,169.88356146727793,5177000.0
2011-04-01,173.68121337890625,173.68121337890625,170.6430580428321,171.90895609952966,3759000.0
2011-04-06,176.97254943847656,178.74480672899062,174.6939329221013,175.70665137382363,13675000.0
2011-04-07,177.7321319580078,178.23849130831553,175.4535148816231,178.23849130831553,5727000.0
2011-04-08,177.2257537841797,178.23847237723214,175.95985554286412,177.73211308070591,4402000.0
2011-04-11,179.25120544433594,179.25120544433594,175.2003307450289,177.22576809468242,3932000.0
2011-04-12,175.2003173828125,178.23847317557804,175.2003173828125,177.73211387678379,3186000.0
2011-04-13,175.9598846435547,176.2130643336893,172.92172836193936,174.69398619288162,2925000.0
2011-04-14,171.65579223632812,175.2003071202641,170.6430736980607,175.2003071202641,6957000.0
2011-04-15,170.13673400878906,173.42806963693528,170.13673400878906,170.6430933361962,4190000.0
2011-04-18,162.03494262695312,170.89622855186462,161.7817630290985,170.13668975830078,9125000.0
2011-04-19,156.46502685546875,160.00954202695186,155.95866754525687,159.50318271673999,10853000.0
2011-04-20,155.9586639404297,157.98410113446124,153.6800470971442,156.97138253744546,7843000.0
2011-04-21,159.25,160.2627186009539,157.4777424483307,158.99682034976152,5377000.0
2011-04-22,157.47775268554688,160.00954935251707,157.47775268554688,158.49047135233496,3480000.0
2011-04-25,154.69277954101562,158.99683396359706,154.6927795410156,157.98411527593083,2958000.0
2011-04-26,158.49046325683594,158.74364291060084,152.414151566478,153.68004983530258,5446000.0
2011-04-27,162.28817749023438,166.59223211946053,161.02227906987372,161.02227906987372,11045000.0
2011-04-28,159.25,163.80723370429254,158.99682034976152,162.54133545310017,6056000.0
2011-04-29,160.26271057128906,162.54132730926946,157.4777345582019,158.99681238352215,5738000.0
2011-05-03,170.89627075195312,171.40263007269965,162.54134195963542,163.3008809407552,16655000.0
2011-05-04,174.18760681152344,175.70668477790298,172.16216952301733,173.6812474893969,11869000.0
2011-05-05,175.9598846435547,176.46624402382392,172.41536898167013,175.7067049534201,9219000.0
2011-05-06,175.9598846435547,175.9598846435547,172.92172836193936,175.9598846435547,7244000.0
2011-05-09,182.2893524169922,183.55525069766574,176.21304066975912,176.46622032589383,16713000.0
2011-05-10,178.4916534423828,181.27662959538452,178.4916534423828,181.27662959538452,6541000.0
2011-05-11,177.2257537841797,181.52980780465262,177.2257537841797,179.2511909702846,6371000.0
2011-05-12,178.4916534423828,179.25119239320145,175.95985693965397,176.21303658992684,4597000.0
2011-05-13,178.4916534423828,183.3020667975676,176.7193958904726,178.23847379210991,8588000.0
2011-05-16,174.9471435546875,180.77027568458305,174.94714355468753,179.75755705329686,5387000.0
2011-05-17,169.37718200683594,174.44077489194314,169.37718200683594,173.17487667066635,11825000.0
2011-05-18,172.1621551513672,172.1621551513672,170.13671803193932,170.13671803193932,4082000.0
2011-05-19,167.09857177734375,173.17488347833805,166.33903281471945,172.16216486150566,6583000.0
2011-05-20,161.02224731445312,167.09855853386645,161.02224731445312,166.592199265582,8599000.0
2011-05-23,156.9713897705078,159.2500067187894,156.9713897705078,158.2372880751087,9343000.0
2011-05-24,158.996826171875,163.5540600430434,158.996826171875,158.996826171875,7568000.0
2011-05-25,156.9713897705078,160.76908468431043,156.9713897705078,158.49046773602888,4869000.0
2011-05-26,155.70550537109375,159.25002094051703,154.6927866369728,158.99684125698678,7317000.0
2011-05-27,156.7181854248047,158.74362239313817,155.70546694063793,155.70546694063793,8517000.0
2011-05-30,160.5159149169922,161.5286336230931,157.98411815173995,159.25001653436607,6163000.0
2011-05-31,162.03494262695312,163.04766101837157,161.02222423553465,162.03494262695312,7316000.0
2011-06-01,167.09857177734375,167.60493108575994,163.0476973100142,163.0476973100142,8644000.0
2011-06-02,162.28817749023438,166.59223211946053,162.03499780616224,165.57951338317204,7074000.0
2011-06-03,161.78179931640625,164.0604162081866,161.52861966176397,163.30087724425982,3474000.0
2011-06-07,158.74363708496094,161.52861317417077,156.97137957364558,159.7563556628554,7157000.0
2011-06-08,160.00955200195312,161.02227068550977,157.98411463483978,159.2500129892856,6681000.0
2011-06-09,158.23727416992188,160.26271127929687,156.97137597656248,158.9968130859375,4867000.0
2011-06-10,154.94595336914062,158.4904686422909,154.9459533691406,158.4904686422909,10147000.0
2011-06-13,152.92051696777344,154.69277461475096,152.6673373039195,153.93323562318915,7611000.0
2011-06-14,153.93321228027344,154.43957153119538,153.17367340389052,153.4268530293515,5334000.0
2011-06-15,153.93321228027344,157.47772703672712,153.68003265481246,154.94593078211736,8962000.0
2011-06-16,150.6418914794922,152.41414902630976,150.6418914794922,152.41414902630976,8840000.0
2011-06-17,152.6673126220703,152.9204922449925,150.8950552616151,151.9077737533038,6249000.0
2011-06-20,149.37600708007812,154.43960054041975,149.37600708007812,154.43960054041975,5197000.0
2011-06-21,157.98410034179688,157.98410034179688,151.9077887901893,152.66732773414026,12779000.0
2011-06-22,162.54132080078125,163.04768005561235,159.50316527179467,161.52860229111906,12835000.0
2011-06-23,161.02224731445312,162.28814548516422,159.756349143742,162.034965851022,7518000.0
2011-06-24,157.47775268554688,161.5286273526992,157.47775268554688,161.5286273526992,9178000.0
2011-06-27,157.47775268554688,157.73093235224388,153.9332373517886,154.4395966851826,5842000.0
2011-06-28,156.46502685546875,158.9968234065281,156.46502685546875,157.98410478610435,4312000.0
2011-06-29,160.5159149169922,161.02227427004263,157.7309384752147,157.98411815173995,7352000.0
2011-06-30,157.98410034179688,161.52861541356796,157.4777410458296,160.769076469617,6422000.0
2011-07-01,158.74363708496094,160.26271495180265,158.49045744048732,159.5031760183818,5073000.0
2011-07-04,158.996826171875,160.00954480991243,155.45231093874403,159.5031854908937,6528000.0
2011-07-05,156.46502685546875,158.74364375142218,156.46502685546875,157.4777454758925,4247000.0
2011-07-06,156.46502685546875,157.73092513099843,156.21184720036283,156.46502685546875,5337000.0
2011-07-07,154.1864471435547,157.22460373751636,154.1864471435547,156.9714240213529,13152000.0
2011-07-08,156.35418701171875,159.60592053709246,155.81223142415647,157.70907598062445,15273000.0
2011-07-11,149.03778076171875,156.35418090820312,149.03778076171875,156.35418090820312,9955000.0
2011-07-12,141.99237060546875,145.51508208995557,141.45041499247077,144.70214867045863,14323000.0
2011-07-13,133.86302185058594,144.16017737755408,132.23715518843306,142.5343107154012,24311000.0
2011-07-14,139.8245391845703,140.3664947628051,137.38573908251385,139.8245391845703,16285000.0
2011-07-15,142.53431701660156,145.515072695656,138.74062797053233,141.72138364958673,11987000.0
2011-07-18,136.03086853027344,141.4504250454238,136.03086853027344,141.4504250454238,9268000.0
2011-07-19,140.63746643066406,141.17942198531014,137.11475532546436,137.11475532546436,8394000.0
2011-07-20,147.41189575195312,148.7667844996733,142.8052740097046,143.8891850078807,16383000.0
2011-07-21,146.86997985839844,147.95389114886632,145.51509074531359,147.41193550363238,6328000.0
2011-07-22,150.12168884277344,154.45733328588602,149.0377777319953,152.28951106432973,16246000.0
2011-07-25,146.59898376464844,150.3926728084656,146.32800597580436,150.1216950196215,8079000.0
2011-07-26,152.28952026367188,152.28952026367188,148.2248533527198,149.0377867349102,11211000.0
2011-07-27,150.12168884277344,153.91537773049697,149.57973328738436,152.56048884202428,10495000.0
2011-07-28,144.16018676757812,147.6828980983648,144.16018676757812,145.24409794628173,15781000.0
2011-07-29,140.0955047607422,144.43114900865683,138.19866040227953,142.53430465019417,12267000.0
2011-08-01,138.1986846923828,142.5343297023399,137.92770687926048,141.45041844985064,11313000.0
2011-08-02,140.0955047607422,141.45039358821552,134.94692721634354,136.0308382783222,14410000.0
2011-08-03,136.3018341064453,138.46965651768105,135.48890070223194,136.84378970925425,13505000.0
2011-08-04,128.71444702148438,137.9276916503906,128.71444702148438,136.572802734375,15531000.0
2011-08-05,121.39806365966797,125.73370879037039,119.77219673565455,119.77219673565455,25219000.0
2011-08-08,125.19171905517578,127.35954103015717,121.93998609270368,126.27563004266648,17407000.0
2011-08-09,133.86302185058594,133.86302185058594,119.7721774452611,119.7721774452611,23417000.0
2011-08-10,138.74063110351562,141.45040905475616,137.1147643327713,138.19867551326752,21384000.0
2011-08-11,143.0762939453125,143.3472717747544,136.84380386814928,136.84380386814928,19309000.0
2011-08-12,139.28260803222656,147.14096529474517,139.01163019558797,145.7860761115523,16051000.0
2011-08-15,144.43115234375,144.97310788725375,141.45039685447935,143.61821902849437,8661000.0
2011-08-16,142.2633514404297,146.32801862444197,142.2633514404297,145.786062999907,8406000.0
2011-08-17,138.74063110351562,143.6182314157486,138.46965330839157,142.26334244012833,10503000.0
2011-08-18,137.65672302246094,141.45041223961536,137.11476742001028,137.11476742001028,10752000.0
2011-08-19,136.57278442382812,139.28256189255487,133.32105146135603,135.48887343633743,12974000.0
2011-08-22,145.78607177734375,146.05704960592615,138.1986925770359,140.90847086286013,18708000.0
2011-08-23,147.41189575195312,147.9538512510412,143.0762517592486,146.327984753777,16287000.0
2011-08-24,151.74757385253906,153.3734407152448,148.76681793757845,148.76681793757845,27358000.0
2011-08-25,152.28952026367188,157.98005393900482,152.28952026367188,154.45734261617966,23090000.0
2011-08-26,158.52200317382812,158.52200317382812,152.8314697265625,154.45733642578125,18647000.0
2011-08-29,156.62518310546875,158.52202788356266,155.8122496291428,158.52202788356266,11870000.0
2011-08-30,157.16712951660156,161.50277446878368,156.35419608806743,157.70908513562432,16937000.0
2011-08-31,157.98004150390625,159.33493036757613,155.27026377656654,158.79297482210816,12071000.0
2011-09-01,157.16712951660156,162.85766351634058,157.16712951660156,159.605929802204,14672000.0
2011-09-02,159.06394958496094,160.418838422993,156.08319414129048,157.1671052117161,12917000.0
2011-09-05,154.45733642578125,157.70906982421874,154.45733642578125,155.81222534179688,12593000.0
2011-09-06,148.49583435058594,152.28952354932352,148.2248565506761,151.74756794950386,19095000.0
2011-09-07,153.10243225097656,153.9153655195658,150.9346102014052,151.74754346999447,15492000.0
2011-09-08,153.6444091796875,154.7283203555583,152.289520209849,154.45734256159062,11070000.0
2011-09-09,153.10243225097656,156.62514308152998,152.5604767385837,153.37341000717296,11854000.0
2011-09-13,153.6444091796875,155.27027594349371,152.289520209849,152.8314757977844,8302000.0
2011-09-14,151.47657775878906,157.70906664689667,145.24408887068148,155.81222220269,17942000.0
2011-09-15,160.68983459472656,161.23179019201064,155.5412564205279,157.16712321238012,19912000.0
2011-09-16,168.5481719970703,169.09012753403837,163.67057216435768,165.2964387752619,25158000.0
2011-09-19,167.73521423339844,170.44499152311408,166.38032558854061,167.46423650442688,10686000.0
2011-09-20,176.948486328125,178.03239742354998,169.6320864340065,169.6320864340065,23738000.0
2011-09-21,183.72293090820312,184.8068420050067,179.3872865209889,182.0970642629978,32642000.0
2011-09-22,188.6005401611328,188.60054016113278,179.3872953831464,182.63902883420045,22362000.0
2011-09-23,175.59359741210938,183.72293062563296,175.59359741210938,183.45195285184883,25583000.0
2011-09-26,165.83840942382812,165.83840942382812,165.83840942382812,165.83840942382812,37780000.0
2011-09-27,177.21946716308594,177.21946716308594,173.42577826357032,176.67751160601227,15601000.0
2011-09-28,180.47122192382812,182.09708878800674,174.78068789920292,182.09708878800674,15246000.0
2011-09-29,178.03237915039062,181.8260675949956,176.94846816621776,178.30335689643383,9994000.0
2011-09-30,182.91001892089844,182.91001892089844,179.1163296395761,179.38730744538483,10018000.0
2011-10-03,176.13555908203125,180.74218139648437,173.42578125,179.929248046875,11813000.0
2011-10-04,177.21946716308594,177.21946716308594,168.81915602844424,169.63208936405474,12469000.0
2011-10-05,178.03237915039062,180.47117886477952,174.78064619787207,178.30335689643383,8725000.0
2011-10-06,178.8453369140625,182.63902587890624,178.8453369140625,182.63902587890624,9089000.0
2011-10-07,168.27720642089844,169.09013978525059,168.2772064208984,169.09013978525059,31041000.0
2011-10-11,173.42578125,173.42578125,169.90307006835937,170.71600341796875,12893000.0
2011-10-12,178.30337524414062,179.92924188770422,172.07088644381352,173.42577531344986,13089000.0
2011-10-13,182.0970916748047,182.9100251197815,177.76144663492838,179.92926915486652,16885000.0
2011-10-14,182.3680419921875,186.43270860419764,182.0970642180535,183.99390863699156,14359000.0
2011-10-17,182.0970916748047,185.61980326970416,180.47122478485107,185.3488254547119,8574000.0
2011-10-18,183.72293090820312,185.61977532760937,178.84533097258713,178.84533097258713,12517000.0
2011-10-19,177.76141357421875,185.34879098287445,176.6775025158394,185.34879098287445,12296000.0
2011-10-20,176.948486328125,180.47119738825614,175.59359745884382,177.76141964969372,9530000.0
2011-10-21,179.92926025390625,179.92926025390625,173.42579301581324,177.76143784120856,8852000.0
2011-10-24,186.4327392578125,186.97469489518988,182.63904979617098,184.26491670830308,16472000.0
2011-10-25,183.72293090820312,186.97466419861382,183.72293090820315,185.89075310181025,13182000.0
2011-10-26,183.18101501464844,183.99394851323416,180.74221451889127,181.0131923517532,8497000.0
2011-10-27,177.21946716308594,182.63902273382251,176.67751160601227,181.5551116196752,15423000.0
2011-10-28,175.59359741210938,180.74217511400764,174.5096863169729,179.9292417926553,15284000.0
2011-10-31,172.3418731689453,174.50969547295722,170.7160064409364,173.42578432095127,16681000.0
2011-11-01,173.15481567382812,176.6775271038121,172.34188226690875,172.34188226690875,11985000.0
2011-11-02,176.67750549316406,176.67750549316406,170.17403903329298,170.71599457161557,9925000.0
2011-11-03,168.5481719970703,176.40652728310735,168.5481719970703,175.8645717461393,13078000.0
2011-11-04,173.96774291992188,174.50969850534221,171.52894278553046,173.42578733450156,9913000.0
2011-11-07,172.07090759277344,175.0516634723333,172.07090759277344,173.96775224340243,4643000.0
2011-11-08,171.7999267578125,174.50970478238366,171.25797115289825,173.96774917746944,5118000.0
2011-11-09,172.3418731689453,176.13556220096615,172.34187316894534,173.96773989695424,6665000.0
2011-11-10,167.73521423339844,170.71596925208564,166.38032558854061,168.54814742031314,9961000.0
2011-11-11,169.36109924316406,171.79989907226562,166.38034389648436,169.090121484375,10109000.0
2011-11-14,173.96774291992188,175.05165409076253,171.52894278553046,171.79992057824063,7300000.0
2011-11-15,170.71604919433594,175.05169488816034,170.4450713384719,173.42582775297618,6199000.0
2011-11-16,165.83840942382812,172.07089866688048,165.83840942382812,170.98698749417574,11517000.0
2011-11-17,167.1932830810547,167.1932830810547,161.5027499453948,163.12861655558336,11385000.0
2011-11-18,166.92233276367188,169.09015526709618,164.4835324473195,166.10939932488776,7458000.0
2011-11-21,163.12863159179688,169.0901430453177,163.12863159179688,166.92232069858287,9345000.0
2011-11-22,156.62518310546875,165.29647351961233,156.62518310546875,164.2125622178444,15431000.0
2011-11-23,153.91537475585938,158.25101911517933,153.91537475585938,154.72830807323186,10421000.0
2011-11-24,148.224853515625,153.91538719721206,145.2440977776508,153.91538719721206,17250000.0
2011-11-25,148.224853515625,156.08320955210237,147.14094233817983,152.8314760197669,12793000.0
2011-11-28,152.28952026367188,153.91538702805272,148.49583114678327,149.30876452897368,8627000.0
2011-11-29,153.10243225097656,154.45732103195866,151.2055879576016,153.37341000717296,7686000.0
2011-11-30,151.47657775878906,155.5412444249462,150.66364442555764,153.37342220299573,9506000.0
2011-12-01,155.81224060058594,158.25104088824727,155.27028498110565,157.70908526876698,9581000.0
2011-12-02,156.62518310546875,157.4381165817947,154.72833832737484,155.8122496291428,4254000.0
2011-12-05,152.01852416992188,156.62514611446497,152.01852416992188,156.08319059157753,5000000.0
2011-12-06,141.99237060546875,150.9346382199353,141.45041499247077,149.57974918744037,12792000.0
2011-12-07,142.80528259277344,144.43114918775757,137.11474951032895,140.3664827002972,15561000.0
2011-12-08,139.28260803222656,141.99238639861227,137.65674101239512,141.45043072533514,9243000.0
2011-12-09,140.908447265625,141.72138061523438,134.40498046874998,135.4888916015625,10329000.0
2011-12-12,141.45040893554688,144.7021424742951,140.9084533457555,143.61823129471236,5725000.0
2011-12-13,145.78607177734375,145.78607177734375,140.90847086286013,140.90847086286013,9172000.0
2011-12-14,144.97311401367188,146.86995849609374,143.88920288085936,146.3280029296875,7036000.0
2011-12-15,139.01162719726562,144.16020598234954,139.01162719726562,143.61825032076175,10287000.0
2011-12-16,138.1986846923828,140.908462823606,138.1986846923828,139.01161813174977,6472000.0
2011-12-19,131.96617126464844,137.11474878832055,131.69519350024464,136.57279325951296,8385000.0
2011-12-20,136.03086853027344,137.92771331057608,131.9662011439107,131.9662011439107,8076000.0
2011-12-21,145.51507568359375,145.51507568359375,143.61823112161022,145.2440978890247,10068000.0
2011-12-22,145.24411010742188,146.05704355951565,144.1601988379635,145.51508792478646,6939000.0
2011-12-23,152.56051635742188,154.9993167965281,148.22487113234416,149.03780461204624,13789000.0
2011-12-26,152.28952026367188,153.37343143992578,150.66365349929106,153.1024536458623,6778000.0
2011-12-27,151.20559692382812,152.56048578515276,150.12168583476844,151.74755246835798,5602000.0
2011-12-28,149.3087615966797,152.83147285032186,148.22485044171287,151.74756169535505,8480000.0
2011-12-29,150.39266967773438,150.39266967773438,147.14093627929688,148.4958251953125,5451000.0
2011-12-30,150.39266967773438,152.8314697265625,149.579736328125,152.28951416015624,5381000.0
2012-01-02,137.65672302246094,151.7475686861774,137.65672302246094,151.4765908849521,10596000.0
2012-01-03,141.17942810058594,152.28951745207158,141.17942810058594,151.20560629582909,16202000.0
2012-01-04,141.45040893554688,154.72832088543538,141.45040893554688,152.8314763211656,15873000.0
2012-01-05,152.83148193359375,153.64441534813415,151.205615104513,153.64441534813415,13977000.0
2012-01-06,150.93463134765625,152.560498112622,150.3926757593343,152.560498112622,10342000.0
2012-01-09,144.70213317871094,149.57973317349894,144.4311554012227,149.03777761852248,11573000.0
2012-01-10,146.32803344726562,147.1409669664171,145.51509992811415,145.51509992811415,9138000.0
2012-01-11,148.7667999267578,150.12168881497965,146.59897770560286,147.41191103853598,7532000.0
2012-01-12,147.41189575195312,149.57971774830537,144.70211825651282,148.7667844996733,9214000.0
2012-01-13,147.41189575195312,148.7667844996733,145.78602925468894,148.7667844996733,12606000.0
2012-01-16,140.908447265625,147.4119140625,140.63746948242186,147.4119140625,11933000.0
2012-01-17,142.53431701660156,144.16018375063126,139.01160575953728,140.9084502825719,12253000.0
2012-01-18,142.53431701660156,144.4311615396362,141.45040586058178,142.53431701660156,9011000.0
2012-01-30,151.47657775878906,151.47657775878906,144.16017775970624,145.7860444261691,17233000.0
2012-01-31,153.10243225097656,155.54123205674432,150.12167693281594,152.2894989823873,17012000.0
2012-02-01,156.0832061767578,157.70907290776572,150.3926726182302,152.83147271474203,12874000.0
2012-02-02,155.27027893066406,157.16712352493045,153.37343433639765,157.16712352493045,16478000.0
2012-02-03,158.52200317382812,162.04471435546876,154.9992919921875,154.9992919921875,18129000.0
2012-02-06,154.45733642578125,157.70906982421874,153.915380859375,156.62515869140626,15976000.0
2012-02-07,154.45733642578125,156.62515869140626,152.0185363769531,152.8314697265625,10149000.0
2012-02-08,157.70904541015625,159.0639341164291,156.0831789626289,156.0831789626289,13012000.0
2012-02-09,158.52200317382812,161.50275878906248,156.89613647460936,157.70906982421874,14241000.0
2012-02-10,157.98004150390625,160.14786368577805,156.6251526402364,158.79297482210816,10118000.0
2012-02-13,168.8191680908203,168.8191680908203,157.70907837697823,158.2510339727754,27414000.0
2012-02-14,171.2579803466797,175.86460323575176,170.1740690786627,171.2579803466797,25707000.0
2012-02-15,172.07090759277344,175.0516634723333,171.52895197830802,173.96775224340243,11977000.0
2012-02-16,164.21255493164062,172.61286714761565,162.04473242429222,172.07091152077854,13059000.0
2012-02-17,164.21255493164062,169.6321112000116,163.1286436779664,166.9223330658261,15374000.0
2012-02-20,166.92233276367188,168.5481996412401,164.21255463439147,166.10939932488776,7495000.0
2012-02-21,165.83840942382812,168.54818735559002,164.75449825112338,166.9223205965329,5680000.0
2012-02-22,169.63211059570312,170.98699965796914,164.75450997154553,164.75450997154553,12599000.0
2012-02-23,164.75448608398438,169.63208600094444,164.75448608398438,168.00621936195776,10805000.0
2012-02-24,163.67059326171875,165.83841568902628,162.58668204806497,164.7545044753725,6862000.0
2012-02-29,163.12863159179688,168.54818745863398,162.58667600511316,168.0062318719503,14707000.0
2012-03-01,164.48348999023438,166.10935644812798,163.12860127532306,163.6705567612876,8453000.0
2012-03-02,170.71604919433594,171.528982761928,166.1094256446475,166.38040350051153,19523000.0
2012-03-05,166.92233276367188,173.15482246101675,166.92233276367188,171.79993339637656,11543000.0
2012-03-06,170.174072265625,170.174072265625,165.83842711236068,168.00624968899285,12704000.0
2012-03-07,172.07090759277344,174.50970785786788,168.00624048428273,169.0901517132136,18935000.0
2012-03-08,169.0901336669922,173.96773367661697,169.0901336669922,172.883822563367,12788000.0
2012-03-09,168.00624084472656,170.7160189228673,168.00624084472656,169.09015207598287,11079000.0
2012-03-12,164.21255493164062,169.36113338659305,164.21255493164062,168.0062443195003,8555000.0
2012-03-13,164.48348999023438,166.65131193409252,164.21251224725214,165.29642321918118,7582000.0
2012-03-14,165.83840942382812,168.54818735559002,165.56743163065192,165.83840942382812,9772000.0
2012-03-15,169.903076171875,171.25796513656297,168.0062316213118,168.0062316213118,16734000.0
2012-03-16,167.46426391601562,169.9030638759576,166.92230836936184,169.6320861026307,9426000.0
2012-03-19,166.38034057617188,168.54816260322298,165.29642956264632,168.0062070964602,6631000.0
2012-03-20,164.75448608398438,169.09013045461555,164.21253053765548,168.00621936195776,8234000.0
2012-03-21,163.94155883789062,166.10938110351563,162.31569213867186,165.0254699707031,8054000.0
2012-03-22,162.586669921875,164.48351440429687,162.04471435546876,163.12862548828124,9373000.0
2012-03-23,160.4188232421875,163.12860066181904,159.33491227433487,162.58664517789273,11910000.0
2012-03-26,160.4188232421875,162.58664517789273,159.8768677582612,160.4188232421875,7129000.0
2012-03-27,159.8769073486328,162.04472982115666,159.8769073486328,162.04472982115666,5087000.0
2012-03-28,155.27027893066406,161.23179051264418,155.27027893066406,160.1478793159205,16865000.0
2012-03-29,148.49583435058594,153.64441254887268,145.244100751668,153.64441254887268,24306000.0
2012-03-30,153.10243225097656,153.10243225097656,149.03776590803028,149.85069917661951,12545000.0
2012-04-02,149.85072326660156,153.10245686370683,149.30876766708403,153.10245686370683,6181000.0
2012-04-03,150.12168884277344,152.28951106432973,146.869955510439,150.66364439816252,9414000.0
2012-04-05,148.7667999267578,149.5797332596909,145.78604437266975,146.86995548324722,5914000.0
2012-04-06,151.20559692382812,151.20559692382812,149.5797302902386,150.12168583476844,5692000.0
2012-04-09,147.953857421875,150.39265726948832,147.68287966102906,148.2248351827209,3546000.0
2012-04-10,149.3087615966797,150.9346283291299,147.95387265297117,149.5797393854214,3985000.0
2012-04-11,150.12168884277344,150.12168884277344,147.68288884352262,147.68288884352262,2783000.0
2012-04-12,150.6636505126953,152.0185394561548,148.49582820316013,150.12169493531152,6874000.0
2012-04-13,151.47657775878906,152.8314666475081,150.66364442555764,151.74755553653287,7282000.0
2012-04-16,152.83148193359375,155.81223778690853,150.12170388512578,150.6636594948194,8797000.0
2012-04-17,148.49583435058594,154.9993015484218,148.49583435058594,154.45734594860215,9857000.0
2012-04-18,150.39266967773438,152.28951416015624,149.579736328125,151.74755859375,6917000.0
2012-04-19,149.85072326660156,150.66365666587788,148.22485646804893,150.66365666587788,5519000.0
2012-04-20,140.908447265625,149.85071411132813,140.908447265625,149.85071411132813,18277000.0
2012-04-23,141.17942810058594,142.80529483494968,138.7406279990403,140.9084503115253,8278000.0
2012-04-24,139.8245391845703,141.9923614975094,139.28258360633555,140.90845034103987,7208000.0
2012-04-25,142.53431701660156,142.8052948056065,140.366494704562,140.9084502825719,7584000.0
2012-04-26,139.28260803222656,143.61825341844371,139.28260803222656,143.61825341844371,7557000.0
2012-04-27,130.34031677246094,141.17942835437037,129.79836119336545,139.8245394066317,18681000.0
2012-04-30,137.11476135253906,137.11476135253906,127.35956094010545,127.35956094010545,11718000.0
2012-05-02,144.70213317871094,145.78604428866382,134.9469331891349,138.46964429648182,20470000.0
2012-05-03,143.8892059326172,144.70213929946814,141.99236140996499,143.6182281436669,9581000.0
2012-05-04,146.86997985839844,147.1409576810154,142.80531251914385,143.34726816437782,10502000.0
2012-05-07,148.224853515625,148.224853515625,144.16018660020566,144.70214218892824,8885000.0
2012-05-08,143.61822509765625,149.579736328125,143.61822509765625,149.579736328125,8703000.0
2012-05-09,143.61822509765625,145.78604736328126,141.1794250488281,141.9923583984375,5789000.0
2012-05-10,143.0762939453125,145.24411658084756,141.992382627545,143.61824960419628,4252000.0
2012-05-11,142.53431701660156,144.70213932864115,142.53431701660156,143.88920596162632,5169000.0
2012-05-14,143.0762939453125,143.61824960419628,141.72140479810312,142.80531611587062,3544000.0
2012-05-15,145.78607177734375,145.78607177734375,141.17944869144253,141.17944869144253,6998000.0
2012-05-16,141.99237060546875,145.78605989645456,141.99237060546875,145.78605989645456,5931000.0
2012-05-17,147.68289184570312,149.579736328125,143.3472473144531,144.70213623046874,9865000.0
2012-05-18,141.99237060546875,145.78605989645456,141.45041499247077,145.24410428345658,7114000.0
2012-05-21,141.99237060546875,145.24410428345658,141.99237060546875,143.0762818314647,3851000.0
2012-05-22,142.2633514404297,144.43117393856957,141.9923736281622,144.16019612630208,5561000.0
2012-05-23,137.11476135253906,140.90845040181878,136.57280577407053,140.90845040181878,7652000.0
2012-05-24,139.01162719726562,139.82456068964729,137.92771587409007,138.19869370488394,4533000.0
2012-05-25,137.9276885986328,140.36648859350058,137.9276885986328,139.01159970746292,4538000.0
2012-05-28,140.3665313720703,140.3665313720703,134.9469741762375,138.46968635352883,6343000.0
2012-05-29,147.68289184570312,147.95386962890623,141.45040283203124,141.9923583984375,12274000.0
2012-05-30,144.70213317871094,147.41191095359315,144.70213317871094,147.41191095359315,8598000.0
2012-05-31,143.0762939453125,146.86998355749884,141.45042696866125,141.992382627545,11705000.0
2012-06-01,139.5535430908203,144.9730981623085,138.7406098300971,142.5342983801388,7941000.0
2012-06-04,132.77911376953125,134.94693603515626,130.61129150390624,133.05009155273436,10192000.0
2012-06-05,137.65672302246094,137.92770082368625,136.03085621510903,137.3857452212356,7086000.0
2012-06-06,139.5535430908203,140.36647635154355,136.84376555507623,138.19865432294827,5552000.0
2012-06-07,141.17942810058594,143.61822820213155,141.17942810058594,143.0762726240103,7412000.0
2012-06-08,137.65672302246094,141.992367842066,137.11476742001028,141.45041223961536,7077000.0
2012-06-11,139.8245391845703,141.9923614975094,138.7406280281008,140.90845034103987,3711000.0
2012-06-12,138.1986846923828,138.4696625055051,136.5728178136489,136.5728178136489,3132000.0
2012-06-13,139.8245391845703,140.63747255192249,138.7406280281008,140.3664947628051,3492000.0
2012-06-14,141.45040893554688,143.61823129471236,139.5535643712771,140.9084533457555,7635000.0
2012-06-15,143.61822509765625,145.78604736328126,141.9923583984375,142.53431396484373,9881000.0
2012-06-18,149.85072326660156,150.93463446563666,146.86996746925507,147.4119230687726,12323000.0
2012-06-19,148.7667999267578,150.392666592624,147.14093326089161,149.8507110373353,6582000.0
2012-06-20,149.57974243164062,150.6636536086815,148.76680904885995,150.39267581442127,7187000.0
2012-06-21,146.86997985839844,149.57975808456814,146.59900203578147,149.0378024393342,4944000.0
2012-06-22,148.49583435058594,148.49583435058594,144.70214515184833,145.78605635148764,6090000.0
2012-06-25,152.01852416992188,156.08319059157753,150.6636353627033,150.6636353627033,19018000.0
2012-06-26,148.7667999267578,153.10244436906768,147.9538665938247,152.0185332584902,14172000.0
2012-06-27,147.41189575195312,149.57971774830537,146.86994025286506,149.57971774830537,8048000.0
2012-06-28,147.41189575195312,150.12167324739343,146.327984753777,150.12167324739343,8759000.0
2012-06-29,147.953857421875,148.2248351827209,146.59896861764537,147.953857421875,6506000.0
2012-07-02,145.78607177734375,149.0378057203328,145.78607177734375,148.49585006316798,6282000.0
2012-07-03,148.224853515625,148.224853515625,146.59898674945725,146.86996454381855,5525000.0
2012-07-04,148.7667999267578,149.5797332596909,147.68288881618034,148.49582214911345,8376000.0
2012-07-05,148.49583435058594,149.57974555022525,148.2248565506761,148.76681215049575,4092000.0
2012-07-06,147.953857421875,150.39265726948832,147.41190190018315,149.0377684652587,5573000.0
2012-07-09,149.03778076171875,149.579736328125,147.95386962890623,147.95386962890623,3554000.0
2012-07-10,143.61822509765625,149.579736328125,143.07626953125,149.579736328125,7602000.0
2012-07-11,143.34725952148438,143.88921513404196,141.45041487753278,141.45041487753278,3032000.0
2012-07-12,138.74063110351562,143.6182314157486,137.92769771814346,143.6182314157486,6632000.0
2012-07-13,134.4049835205078,138.74062815020162,134.4049835205078,138.74062815020162,10841000.0
2012-07-16,136.93551635742188,138.06024339115842,136.0919710821195,137.77906163272428,9097000.0
2012-07-17,140.87203979492188,140.87203979492188,137.216677484874,137.77904091718906,7708000.0
2012-07-18,138.34144592285156,141.4344457300698,137.77908232153916,141.4344457300698,6525000.0
2012-07-19,139.46615600585938,140.59088307042276,139.1849742397185,140.59088307042276,4336000.0
2012-07-20,140.5908660888672,140.87204782104493,139.747320892334,140.30968435668947,3603000.0
2012-07-23,136.93551635742188,138.34142514959254,136.65433459898776,138.34142514959254,4767000.0
2012-07-24,136.93551635742188,137.49787987429013,134.96724404838295,136.65433459898776,6101000.0
2012-07-25,135.5295867919922,136.65431365333652,134.96722336132,134.96722336132,6880000.0
2012-07-26,132.9989776611328,137.21670422543934,132.43661411922528,136.6543406835318,7374000.0
2012-07-27,134.9672393798828,136.09196637471518,134.12369413375856,135.529602877299,9297000.0
2012-07-30,138.9037628173828,139.46612622959893,137.21667258073444,137.21667258073444,11363000.0
2012-07-31,143.40267944335938,143.40267944335938,136.9354997821883,138.90377185297947,21326000.0
2012-08-01,153.24403381347656,153.24403381347656,149.58867153902665,151.275761819542,26785000.0
2012-08-02,153.24403381347656,153.24403381347656,153.24403381347656,153.24403381347656,0.0
2012-08-03,156.8994140625,157.74295929939515,154.64996009744624,156.8994140625,22962000.0
2012-08-06,154.64996337890625,159.43005315607243,154.64996337890625,159.14887140447442,11295000.0
2012-08-07,158.02413940429688,158.30532114700915,155.21232197717416,156.33704894802324,12396000.0
2012-08-08,158.58648681640625,162.24184910118157,158.58648681640625,159.7112136732602,17574000.0
2012-08-09,158.58648681640625,159.9923953874737,156.89939653112532,159.7112136732602,13200000.0
2012-08-10,159.71124267578125,162.52306032852388,158.86769737995846,159.71124267578125,13813000.0
2012-08-13,165.0536346435547,166.4595429454589,160.55472807746122,161.9606363793654,19765000.0
2012-08-14,163.64773559570312,166.45955235851588,162.523008890578,166.45955235851588,11781000.0
2012-08-15,159.99241638183594,164.21014264849245,159.71123463072553,163.0854156440507,14278000.0
2012-08-16,164.21014404296875,164.49132579646698,159.711235986997,160.83596300098995,11713000.0
2012-08-17,165.61602783203125,167.30311809857147,163.36657414331097,163.647755854401,11639000.0
2012-08-20,167.5843048095703,168.42784996800776,165.89721449269544,166.45957793165374,10003000.0
2012-08-21,168.7090301513672,172.08321075439454,167.86548500061036,170.39612045288087,16527000.0
2012-08-22,170.11495971679688,171.2396867231889,167.86550570401278,170.95850497159088,10160000.0
2012-08-23,175.4573974609375,175.4573974609375,168.99021774683243,170.95848983373398,21885000.0
2012-08-24,178.83155822753906,179.95628500884433,173.7702877116653,174.33265110231795,24626000.0
2012-08-27,179.39393615722656,179.39393615722656,176.01975553984926,178.831572720997,10248000.0
2012-08-28,177.14450073242188,179.11277296278212,176.01977374364458,179.11277296278212,10274000.0
2012-08-29,179.956298828125,180.5186622619629,175.17620964050295,178.26920852661135,14630000.0
2012-08-30,177.988037109375,181.08103617446682,177.988037109375,179.95630924170615,10775000.0
2012-08-31,179.956298828125,179.956298828125,177.4256633758545,178.83157196044922,7547000.0
2012-09-03,179.956298828125,181.0810256958008,178.83157196044922,179.956298828125,6244000.0
2012-09-04,182.76812744140625,183.8928543795072,179.95631009615383,179.95631009615383,9412000.0
2012-09-05,180.51866149902344,183.3304786563291,180.23747978329288,181.92457007767626,8343000.0
2012-09-06,176.5821533203125,181.64342523076732,176.5821533203125,180.51869813955514,10559000.0
2012-09-07,181.0810546875,181.92459997331133,177.14451002038044,179.95632763975155,16504000.0
2012-09-10,189.51649475097656,189.51649475097653,181.92458769121933,182.2057694341733,20005000.0
2012-09-11,190.6411895751953,191.20355296627258,188.3917360108862,190.07882618411804,10049000.0
2012-09-12,189.2353057861328,191.48475964391744,187.54821539279433,191.20357791169437,10102000.0
2012-09-13,188.11056518554688,190.07883716805634,187.26702005018566,187.8293834737598,7488000.0
2012-09-14,190.6411895751953,193.7341882261203,189.51646279304077,191.20355296627258,11760000.0
2012-09-17,186.42347717285156,190.64120290074413,184.73638688169456,190.64120290074413,11657000.0
2012-09-18,186.14230346679688,189.5164841942917,184.4552131030495,185.57994001221442,10608000.0
2012-09-19,183.61167907714844,185.29876954340097,181.92458861089594,185.01758779902553,13736000.0
2012-09-20,182.76812744140625,185.01758131760818,182.76812744140625,183.33049091045672,11042000.0
2012-09-21,180.79986572265625,182.7681379778018,178.26922996604054,182.7681379778018,13073000.0
2012-09-24,185.57994079589844,186.42348598133432,180.518669683283,180.79985141176167,12987000.0
2012-09-25,183.3304901123047,188.39176131172414,183.3304901123047,188.11057957842306,7844000.0
2012-09-26,181.0810546875,185.5799628784938,181.0810546875,184.73641759268247,9349000.0
2012-09-27,182.76812744140625,182.76812744140625,180.51867356520432,181.6434005033053,6734000.0
2012-09-28,174.0514678955078,181.08101021762042,170.39610588800926,181.08101021762042,30406000.0
2012-10-01,175.7385711669922,175.7385711669922,171.80202717285155,172.92675402832032,11248000.0
2012-10-02,181.0810546875,181.0810546875,175.17623768682066,176.019782972632,11063000.0
2012-10-03,180.79986572265625,181.6434109748615,178.5504117167756,180.51868397192118,6193000.0
2012-10-04,179.11279296875,180.79988364035518,176.0197934041405,179.9563383045526,7258000.0
2012-10-05,182.76812744140625,185.86112652118388,182.486945706881,183.33049091045672,15599000.0
2012-10-08,183.89285278320312,185.57994317570956,183.3304893190343,185.57994317570956,9280000.0
2012-10-09,182.20578002929688,185.57996114095053,178.83159891764322,184.45523410373264,10484000.0
2012-10-11,183.0493621826172,184.45527126236078,179.95636220718126,179.95636220718126,17480000.0
2012-10-12,179.956298828125,182.76811599731448,178.83157196044922,182.76811599731448,9180000.0
2012-10-15,177.14450073242188,179.67513645717077,176.86331898522755,178.8315912155878,5977000.0
2012-10-16,178.5504150390625,180.51868733083168,178.26923328309547,178.83159679502953,9903000.0
2012-10-17,178.26922607421875,180.51868003099122,178.26922607421875,179.95631654179812,6422000.0
2012-10-18,179.956298828125,180.79984397888185,179.11275367736818,180.5186622619629,5403000.0
2012-10-19,181.92457580566406,181.92457580566406,178.8315768352432,179.95630373357807,4476000.0
2012-10-22,183.3304901123047,183.3304901123047,179.11276411278848,179.95630931269173,5534000.0
2012-10-23,181.3622283935547,184.17404588802842,181.3622283935547,183.89286413858105,3767000.0
2012-10-24,183.61167907714844,184.1740425658993,179.956316400268,180.23749814464344,5700000.0
2012-10-25,180.51866149902344,183.61166037205967,179.9562980675623,183.61166037205967,6031000.0
2012-10-26,179.11279296875,182.7681560905612,179.11279296875,182.7681560905612,7021000.0
2012-10-29,185.2987518310547,186.4234787010459,180.23748091609414,180.51866263359196,16712000.0
2012-10-30,182.76812744140625,185.86112652118388,182.20576397235575,185.57994478665864,13314000.0
2012-10-31,182.4869384765625,182.76812019994702,179.9563029661017,182.76812019994702,8665000.0
2012-11-01,183.61167907714844,184.1740425658993,179.956316400268,181.92458861089594,6188000.0
2012-11-02,182.76812744140625,184.7363995830829,180.79985529972956,184.45521784855768,5797000.0
2012-11-05,178.83155822753906,182.76810196210752,177.9880131415601,182.20573857145487,6819000.0
2012-11-06,174.33265686035156,179.95629095262098,172.0832032234438,179.95629095262098,13839000.0
2012-11-07,177.14450073242188,177.4256824796162,171.52086578853547,174.33268326047866,10004000.0
2012-11-08,178.26922607421875,179.39395305260499,174.89504513906004,176.01977211744628,10393000.0
2012-11-09,182.76812744140625,183.33049091045672,177.7068562199519,178.2692196890024,10157000.0
2012-11-12,181.0810546875,184.45523583074535,180.5186911636258,184.45523583074535,4651000.0
2012-11-13,179.956298828125,184.1740245819092,179.956298828125,182.20575256347658,7471000.0
2012-11-14,178.83155822753906,180.23746670417066,174.89501449297057,180.23746670417066,8827000.0
2012-11-15,178.83155822753906,179.675103313518,176.30092296960217,178.2691948368864,6274000.0
2012-11-16,177.14450073242188,180.23749995155939,177.14450073242188,177.98804597400482,5718000.0
2012-11-19,175.4573974609375,179.11275990804037,174.89503400753705,177.14448782113882,4647000.0
2012-11-20,173.20794677734375,177.1444910222834,172.36440158199954,176.5821275587206,6555000.0
2012-11-21,174.61386108398438,174.89504282486038,170.39613497084466,171.5208619343486,5960000.0
2012-11-22,176.01979064941406,177.14451774621543,174.8950635526127,176.58215419781476,3517000.0
2012-11-23,179.956298828125,180.5186622619629,177.14448165893555,177.70684509277345,6770000.0
2012-11-26,182.76812744140625,183.33049091045672,181.0810370342548,181.0810370342548,7733000.0
2012-11-27,182.4869384765625,184.1740288168697,181.92457502979343,183.61166537010064,4816000.0
2012-11-28,182.20578002929688,182.48696178860135,180.2375077141656,181.08105299207898,3788000.0
2012-11-29,184.17404174804688,185.29876872055402,182.76813303241292,183.8928600049201,8199000.0
2012-11-30,185.86109924316406,188.11055278922356,184.73637247013434,185.57991754990664,13965000.0
2012-12-03,188.3917694091797,190.0788598815007,187.26704242763236,187.82940591840602,10802000.0
2012-12-04,186.70469665527344,188.3917872877006,185.01760602284628,188.3917872877006,8497000.0
2012-12-05,185.57994079589844,186.1423042528557,183.61166869654798,185.01757733894115,7404000.0
2012-12-06,181.92457580566406,186.98584684817095,181.36221235649663,186.70466512358723,12452000.0
2012-12-07,181.92457580566406,183.33048442858265,179.39394028441063,181.64339408108034,11081000.0
2012-12-10,178.83155822753906,181.64337518080225,177.9880131415601,181.64337518080225,9052000.0
2012-12-11,181.0810546875,181.36223644943712,179.11278235394022,179.11278235394022,7240000.0
2012-12-12,191.48475646972656,191.7659381972886,183.04930464286636,183.3304863704284,21100000.0
2012-12-13,190.92239379882812,197.38957355931862,190.36003034139418,192.60948417113,23230000.0
2012-12-14,190.92239379882812,192.60948417113,188.6729399690923,190.0788486126772,10956000.0
2012-12-17,190.078857421875,192.89067483935838,188.95413045488166,192.89067483935838,8716000.0
2012-12-18,188.67294311523438,191.4847604492915,186.70467098139437,191.20357871588578,7202000.0
2012-12-19,183.89285278320312,187.54821530030043,183.3304893190343,187.26703356821602,13502000.0
2012-12-20,181.64340209960938,185.29876468056125,181.36222036261307,182.48694731059828,9180000.0
2012-12-21,180.51866149902344,183.61166037205967,179.9562980675623,182.20575179340685,6691000.0
2012-12-24,178.5504150390625,180.23750557486466,177.14450625922734,177.98805152712845,4295000.0
2012-12-25,181.0810546875,181.64341821137424,179.11278235394022,179.95632763975155,4040000.0
2012-12-26,180.79986572265625,182.48695622706674,180.79986572265628,182.20577447633167,4038000.0
2012-12-27,182.20578002929688,183.0493253072103,180.51868947347006,181.08105299207898,5380000.0
2012-12-28,181.92457580566406,183.04930270399893,179.39394028441063,182.4869392548315,8646000.0
2013-01-02,182.76812744140625,182.76812744140625,181.0810370342548,182.486945706881,7899000.0
2013-01-03,183.3304901123047,185.01758051211118,183.0493083790036,183.89285357890685,10614000.0
2013-01-04,171.8020477294922,176.58213743718676,171.2396842344693,173.20795646704943,24953000.0
2013-01-07,169.55258178710938,170.11494524245634,165.89721932735412,169.55258178710938,15684000.0
2013-01-08,170.11495971679688,170.3961414683949,168.1466874556108,168.7090509588068,10876000.0
2013-01-09,175.4573974609375,175.4573974609375,170.1149446536333,170.67730810703375,11564000.0
2013-01-10,176.5821533203125,178.26924395713078,174.33269913788814,178.26924395713078,12989000.0
2013-01-11,175.7385711669922,177.4256614501953,174.33266259765625,177.4256614501953,4408000.0
2013-01-14,175.4573974609375,175.4573974609375,172.36439846723508,175.4573974609375,4922000.0
2013-01-15,175.1761932373047,176.58210169025256,174.89501154671512,176.58210169025256,4592000.0
2013-01-16,174.0514678955078,176.58210313146833,169.27137911647125,176.58210313146833,10406000.0
2013-01-17,172.6455841064453,174.613856237952,172.0832206403005,172.0832206403005,6855000.0
2013-01-18,173.77032470703125,174.33268821740998,170.95850715513754,173.48914295184187,5456000.0
2013-01-21,177.988037109375,179.11276404213567,174.33267457790285,175.45740151066352,7654000.0
2013-01-22,179.11279296875,179.9563383045526,177.42570229714482,179.39397474735085,6246000.0
2013-01-23,178.5504150390625,179.11277855099655,177.70686977116142,179.11277855099655,6051000.0
2013-01-24,179.39393615722656,179.67511787534133,176.30093725796402,177.7068458485379,5227000.0
2013-01-25,181.0810546875,182.20578173524845,178.550418830066,179.95632763975155,6957000.0
2013-01-28,182.76812744140625,183.33049091045672,181.36221876878002,182.76812744140625,6456000.0
2013-01-29,182.76812744140625,184.45521784855768,181.92458223783052,184.45521784855768,5494000.0
2013-01-30,182.76812744140625,183.8928543795072,181.92458223783052,183.33049091045672,7943000.0
2013-01-31,181.64340209960938,182.76812904759456,178.83158472964638,182.76812904759456,9457000.0
2013-02-01,182.4869384765625,182.76812019994702,180.7998481362553,181.36221158302436,6203000.0
2013-02-04,182.76812744140625,183.33049091045672,180.23749183067906,182.486945706881,7545000.0
2013-02-05,183.3304901123047,183.61167184560577,181.6433997124982,182.48694491240144,9665000.0
2013-02-06,182.76812744140625,184.17403611403245,182.20576397235575,183.8928543795072,6058000.0
2013-02-18,182.76812744140625,185.01758131760818,182.20576397235575,184.45521784855768,5878000.0
2013-02-19,182.20578002929688,183.33050706651474,181.08105299207898,182.76814354790582,4416000.0
2013-02-20,183.3304901123047,184.45521704550902,182.76812664570252,183.89285357890685,5678000.0
2013-02-21,183.3304901123047,183.89285357890685,182.76812664570252,183.3304901123047,4398000.0
2013-02-22,183.89285278320312,183.89285278320312,182.48694412278107,183.3304893190343,3928000.0
2013-02-25,189.2353057861328,190.9223961794713,183.04930767722504,184.45521633834045,12155000.0
2013-02-26,185.57994079589844,189.23530326612067,185.57994079589844,188.6729398091634,6866000.0
2013-02-27,187.5482177734375,188.67294471660654,186.42349083026846,186.70467256606074,6696000.0
2013-03-01,190.3600311279297,191.20357631756602,189.2353042084146,190.07884939805092,8501000.0
2013-03-04,192.047119140625,192.60948259345258,190.641210508556,191.4847556877974,11957000.0
2013-03-05,195.4213104248047,197.9519460993705,192.32831126700202,193.45303823347572,16143000.0
2013-03-06,194.57777404785156,198.5143186095133,194.57777404785156,197.10840983749125,9676000.0
2013-03-07,194.57777404785156,195.98368281987362,193.45304703023393,194.57777404785156,5970000.0
2013-03-08,195.70249938964844,198.79549866161128,194.85895413365859,194.85895413365859,6786000.0
2013-03-11,196.82720947265625,197.95193638392857,196.2648460170201,197.95193638392857,9062000.0
2013-03-12,199.63905334472656,202.45087099746917,196.2648721614354,196.82723569198393,13112000.0
2013-03-13,198.23309326171875,202.16963695769616,197.95191156914893,201.3260918799867,5903000.0
2013-03-14,192.8906707763672,199.07666896453054,192.8906707763672,198.23312375705373,7212000.0
2013-03-15,192.047119140625,195.70248158400437,192.047119140625,195.70248158400437,6163000.0
2013-03-18,190.3600311279297,192.04712150720232,190.3600311279297,191.76593977732355,6392000.0
2013-03-19,191.20358276367188,193.73421841789695,190.6412192849552,193.17185493918026,7260000.0
2013-03-20,190.6411895751953,195.1400967038135,190.07882618411804,191.20355296627258,7925000.0
2013-03-21,186.70469665527344,192.32833209669732,186.70469665527344,192.32833209669732,10937000.0
2013-03-22,187.26702880859375,189.51648260809637,187.26702880859375,187.8293922584694,6201000.0
2013-03-25,190.3600311279297,190.64121285780845,186.70466863950563,188.67294074865706,5198000.0
2013-03-26,191.20358276367188,192.32830972110526,190.07885580623852,191.20358276367188,5158000.0
2013-03-27,192.60948181152344,193.17184526206805,191.76593663570657,192.04711836097886,5664000.0
2013-03-28,191.20358276367188,194.0154001572553,190.6412192849552,194.0154001572553,5660000.0
2013-03-29,192.3282928466797,193.7342014201203,191.4847477026153,193.7342014201203,3555000.0
2013-04-01,191.7659454345703,193.45303586361345,191.48476369639647,192.32830891091803,3338000.0
2013-04-02,195.70249938964844,197.38958990162817,192.04713661369237,192.6095001176856,8420000.0
2013-04-03,200.20138549804688,201.60729410407248,196.26484140117518,196.8272048435854,12078000.0
2013-04-08,196.82720947265625,197.95193638392857,194.5777556501116,197.3895729282924,10124000.0
2013-04-09,196.5460205078125,198.79547424752994,196.26483879034782,197.38956566020653,6903000.0
2013-04-10,198.23309326171875,198.79545664685838,196.26482141373006,198.51427495428857,7309000.0
2013-04-11,197.38958740234375,199.35785964139845,196.54604215703458,199.07667789296207,5133000.0
2013-04-12,194.29656982421875,197.38956876498054,194.29656982421875,197.38956876498054,4285000.0
2013-04-15,189.7976837158203,196.26486404984087,189.51650196216724,194.01541002061632,6059000.0
2013-04-16,191.48475646972656,192.3283016524126,188.6729391941065,188.9541209216685,4887000.0
2013-04-17,195.14013671875,195.70250022514412,190.36004691440024,191.76595568038547,4595000.0
2013-04-18,194.57777404785156,196.82722808308685,193.17186527582953,194.57777404785156,3336000.0
2013-04-19,201.32614135742188,201.32614135742188,196.26486964731907,196.26486964731907,14659000.0
2013-04-22,204.13795471191406,206.38740875832636,203.01322768870793,203.01322768870793,13071000.0
2013-04-23,205.26271057128906,205.26271057128906,201.32616543704515,205.26271057128906,5330000.0
2013-04-24,205.26271057128906,206.94980134310788,204.13798339007653,206.94980134310788,6322000.0
2013-04-25,203.57557678222656,204.70030372577477,202.73203157456538,204.70030372577477,4791000.0
2013-04-26,199.63905334472656,203.57559805856624,199.63905334472656,203.0132345280177,6500000.0
2013-04-29,203.2943878173828,203.2943878173828,199.92020710672085,200.76375228438633,4349000.0
2013-04-30,202.45082092285156,205.5438195758396,202.45082092285156,204.13791109720867,5423000.0
2013-05-02,205.82504272460938,205.82504272460938,199.0766806680648,203.57558870576116,7608000.0
2013-05-03,206.10623168945312,206.94977697604023,204.41914111627887,206.66859521384453,5917000.0
2013-05-06,209.4803924560547,210.04275592573538,207.5121203121723,207.5121203121723,7906000.0
2013-05-07,208.63682556152344,213.6980962624768,207.2309170334808,211.1674609120001,14252000.0
2013-05-08,211.44871520996094,213.41698782494726,210.0428061992564,210.0428061992564,10314000.0
2013-05-09,210.8862762451172,213.69809326171875,210.3239128417969,213.69809326171875,5609000.0
2013-05-10,207.51214599609375,210.88632723180257,206.66860068716653,210.88632723180257,6830000.0
2013-05-13,207.51214599609375,208.07450953537855,206.10623714788173,206.10623714788173,3754000.0
2013-05-14,206.3874053955078,209.19922290770822,206.38740539550784,208.3556776540481,2868000.0
2013-05-15,206.6685333251953,208.3556233931561,205.8249882912149,206.38735164720185,4185000.0
2013-05-16,210.32394409179688,212.5733980393027,208.07449014429102,208.07449014429102,7909000.0
2013-05-17,213.13577270507812,214.82286325419483,212.01104567233367,212.01104567233367,9423000.0
2013-05-20,212.8545379638672,215.6663548458205,212.8545379638672,213.69808302845317,4775000.0
2013-05-21,212.29220581054688,215.10402310605082,211.4486606218957,213.69811445829885,4778000.0
2013-05-22,214.8228302001953,216.50992048972563,213.69810334050842,215.10401191511704,7835000.0
2013-05-23,208.07449340820312,213.13576486948375,208.07449340820312,212.01103787808805,10652000.0
2013-05-24,204.13795471191406,209.1992263163417,201.8885006655018,208.07449929313555,9839000.0
2013-05-27,202.45082092285156,203.85672940148248,201.32609413994683,203.85672940148248,5089000.0
2013-05-28,204.13795471191406,205.26268173512022,202.45086417710488,202.45086417710488,4459000.0
2013-05-29,204.7002716064453,205.54381668174662,203.85672653114403,205.54381668174662,4188000.0
2013-05-30,203.2943878173828,204.9814781727138,201.88847918794033,204.7002964468253,4781000.0
2013-05-31,209.19918823242188,209.19918823242188,204.1379175493794,205.82500777706022,9805000.0
2013-06-03,206.94976806640625,207.79331331667694,205.2626775658649,206.94976806640625,4472000.0
2013-06-04,207.51214599609375,209.76160015323296,207.51214599609372,208.35569130502094,4964000.0
2013-06-05,204.98150634765625,209.76159634478952,204.98150634765625,208.63686928664052,4757000.0
2013-06-06,206.10623168945312,207.23095873823596,204.41914111627887,204.9815046406703,4591000.0
2013-06-07,208.07449340820312,209.48040214744773,206.10622117326065,209.1992203995988,7080000.0
2013-06-10,211.44871520996094,212.01107881424275,209.19926079283368,210.88635160567912,6216000.0
2013-06-11,206.10623168945312,210.04277636019302,205.8250499272574,210.04277636019302,8348000.0
2013-06-13,203.01321411132812,204.9814862703022,202.45085063733552,203.85675932231703,5936000.0
2013-06-14,197.9519500732422,204.9814937548204,197.38958657871592,204.70031200755727,6777000.0
2013-06-17,199.07666015625,200.48256877317266,196.82720636917372,198.51429670948093,6028000.0
2013-06-18,199.92019653320312,200.48255995523746,197.38956113404865,199.07665140015163,4694000.0
2013-06-19,197.67076110839844,201.3261236893503,197.67076110839844,201.04494195235404,5578000.0
2013-06-20,192.60948181152344,195.70248078951872,192.04711836097886,194.57775388842953,8083000.0
2013-06-21,185.57994079589844,189.23530326612067,180.23748795480438,187.26703116677024,16306000.0
2013-06-24,173.77032470703125,182.7681408730911,173.48914295184187,182.7681408730911,13220000.0
2013-06-25,176.5821533203125,179.95633459394907,169.83379077303942,173.77033559228207,15348000.0
2013-06-26,184.4552001953125,186.14229044100134,180.51865628870522,181.64338311916444,13416000.0
2013-06-27,184.4552001953125,186.70465385623095,182.20574653439405,185.57992702577172,11882000.0
2013-06-28,195.9836883544922,195.9836883544922,185.01759962303566,185.01759962303566,13758000.0
2013-07-01,194.01539611816406,194.8589413186778,190.9223970496136,192.32830571713654,8110000.0
2013-07-02,192.047119140625,195.70248158400437,190.3600287821422,195.70248158400437,5872000.0
2013-07-03,188.67294311523438,196.26484991718866,188.67294311523435,195.98366818378292,8213000.0
2013-07-04,185.57994079589844,190.92239363699247,185.57994079589844,188.6729398091634,5709000.0
2013-07-05,194.29656982421875,195.14011498988106,187.8293902208077,188.95411710835745,9011000.0
2013-07-08,196.2648468017578,196.8272102596425,193.171847783392,196.2648468017578,9452000.0
2013-07-09,198.79547119140625,199.3578346176903,196.82719919941215,197.9519260519802,5136000.0
2013-07-10,197.67076110839844,199.63903326737253,196.26485242341693,199.63903326737253,5279000.0
2013-07-11,196.82720947265625,200.20139020647323,196.82720947265625,199.357845023019,7091000.0
2013-07-12,202.45082092285156,202.45082092285156,196.54600531260172,197.3895503997803,10846000.0
2013-07-15,201.32614135742188,203.01323192745613,200.48259607240473,202.45086840411136,7165000.0
2013-07-16,201.6145477294922,204.78730885256002,201.6145477294922,203.0567118763412,7279000.0
2013-07-17,196.1343536376953,200.17241385964786,196.1343536376953,198.44181662166818,7593000.0
2013-07-18,190.94253540039062,194.69216222849496,189.211938402804,194.40372939556386,7742000.0
2013-07-19,186.0391845703125,189.5003787018532,181.71269190588666,186.32761741460757,11123000.0
2013-07-22,190.6540985107422,192.09626264471152,187.19290458921586,189.78880003036062,5415000.0
2013-07-23,198.15338134765625,201.0377100426731,192.67315682712427,192.67315682712427,8789000.0
2013-07-24,199.8839874267578,200.7492860736269,198.44182301530935,200.7492860736269,5539000.0
2013-07-25,204.78733825683594,205.3642039984045,198.1533822287976,199.88397945350326,8415000.0
2013-07-26,206.5179443359375,209.69070605059576,204.49891415388225,206.51794433593753,7524000.0
2013-07-29,208.24850463867188,209.979101630129,206.8063404791243,208.5369374705814,6120000.0
2013-07-30,205.0757598876953,208.24852129242757,203.05672990286567,208.24852129242757,5946000.0
2013-07-31,207.671630859375,208.24849650065104,204.21043701171874,205.94103393554687,6499000.0
2013-08-01,208.82537841796875,211.13284116291865,205.0757514574251,209.69067694732496,6824000.0
2013-08-02,209.40225219726562,211.13284932286285,207.67165507166837,211.13284932286285,6256000.0
2013-08-05,206.80636596679688,210.55599324374018,205.94106736442532,210.55599324374018,4965000.0
2013-08-06,202.47987365722656,204.78733660488726,200.74927644648105,204.78733660488726,5465000.0
2013-08-07,201.9029998779297,206.22949273245675,201.32613416399275,203.05673130580357,5974000.0
2013-08-08,204.21046447753906,206.51792735299148,203.63359875867596,205.94106163412837,5014000.0
2013-08-09,202.47987365722656,203.92203799951452,201.03770931493864,203.92203799951452,3974000.0
2013-08-12,203.34515380859375,204.7873180200022,202.47985528174866,204.7873180200022,2631000.0
2013-08-13,211.1328582763672,211.1328582763672,205.3642009464118,206.51793241240287,10176000.0
2013-08-14,209.40225219726562,211.13284932286285,208.24852078020078,211.13284932286285,5124000.0
2013-08-15,207.671630859375,211.13282470703126,206.5178995768229,207.671630859375,5612000.0
2013-08-16,207.671630859375,209.97909342447917,207.09476521809896,207.671630859375,3843000.0
2013-08-19,216.3246307373047,218.63209346516928,209.9791082356771,210.55597391764323,11064000.0
2013-08-20,213.44027709960938,220.36266446500213,212.57497867893528,216.32460516852302,8948000.0
2013-08-22,212.28656005859375,214.88245549409285,211.70969440626058,214.88245549409285,6374000.0
2013-08-23,211.70973205566406,215.7477923401045,211.70973205566406,215.17092658518445,4123000.0
2013-08-26,211.99810791015625,217.18989830795599,211.99810791015625,216.3245999083227,5709000.0
2013-08-27,211.99810791015625,216.61303270820048,211.99810791015625,213.72870470942283,7217000.0
2013-08-28,211.1328582763672,215.17091840733596,211.1328582763672,211.1328582763672,7159000.0
2013-08-29,209.69068908691406,212.57501768508342,207.0947933485616,212.2865848252665,10285000.0
2013-08-30,211.70973205566406,211.70973205566406,207.6716717712236,210.5560005458239,6695000.0
2013-09-02,206.5179443359375,211.13287046634952,206.51794433593753,211.13287046634952,5924000.0
2013-09-03,209.69068908691406,210.26755480654793,207.96009192801242,208.82539050746323,6067000.0
2013-09-04,210.5559844970703,211.13285020802118,208.82538736421768,209.1138202196931,4016000.0
2013-09-05,211.99810791015625,211.99810791015625,208.82534711150086,209.69064551113414,4963000.0
2013-09-06,213.15188598632812,214.59405030287977,210.84442307984557,211.13285594315587,7127000.0
2013-09-09,213.44027709960938,214.59400832717483,211.13281464447846,214.59400832717483,5659000.0
2013-09-10,212.86346435546875,214.88249450518188,210.5560013272252,214.59406162665144,5597000.0
2013-09-11,213.44027709960938,213.44027709960938,210.26751622380436,212.86341148582665,5083000.0
2013-09-12,215.74777221679688,216.3246379179113,212.86344371122473,214.59404081456802,6276000.0
2013-09-13,213.728759765625,216.61308850740133,213.728759765625,216.03622275904604,4304000.0
2013-09-16,213.44027709960938,213.44027709960938,210.8443818375871,212.86341148582665,4466000.0
2013-09-17,214.5940399169922,214.88247276634297,212.2865771221858,213.440308519589,4503000.0
2013-09-18,213.44027709960938,214.59400832717483,213.44027709960938,214.59400832717483,3842000.0
2013-09-23,214.01715087890625,215.45931496838676,212.57498678942576,214.59401651469847,4378000.0
2013-09-24,213.15188598632812,215.74778175612104,212.5750202597075,215.74778175612104,4463000.0
2013-09-25,214.3056182861328,214.3056182861328,210.84442391273632,211.70972250608543,3696000.0
2013-09-26,214.5940399169922,214.5940399169922,211.7097114234842,211.7097114234842,5994000.0
2013-09-27,213.728759765625,215.45935701069078,213.728759765625,214.5940583881579,6506000.0
2013-09-30,210.84442138671875,212.86345141367775,208.24852563777145,212.5750185526836,5571000.0
2013-10-01,210.84442138671875,212.5750185526836,210.5559885257246,210.84442138671875,4476000.0
2013-10-02,212.28656005859375,214.3055898417597,212.28656005859372,212.86342571092686,5248000.0
2013-10-03,216.9015350341797,218.05526660351043,213.15190743385477,213.72877321852016,13404000.0
2013-10-04,218.92051696777344,218.92051696777344,217.1899199956962,217.47835282437572,8802000.0
2013-10-07,215.1708984375,220.36268955261394,215.1708984375,219.20895819369971,6433000.0
2013-10-08,218.34364318847656,219.78580727822873,215.7477478269227,216.03618064487313,7698000.0
2013-10-09,220.3626708984375,220.3626708984375,217.1899099300045,219.78580526781332,8347000.0
2013-10-11,221.80490112304688,223.53549853102902,221.22803532038614,222.95863272836831,8483000.0
2013-10-14,221.80490112304688,223.24706562969868,219.20900501107363,223.24706562969868,6041000.0
2013-10-15,227.28506469726562,227.28506469726562,222.38170670252765,223.82387081862706,10988000.0
2013-10-16,224.68917846679688,229.3041038268338,224.11231279679228,227.86193965182227,8562000.0
2013-10-17,227.28506469726562,228.43879599014514,224.97760211150657,227.28506469726562,6192000.0
2013-10-18,227.8619384765625,228.7272369771064,226.70820714250394,228.7272369771064,3492000.0
2013-10-21,225.84295654296875,229.01571838456857,224.68922496420518,229.01571838456857,4853000.0
2013-10-22,225.84295654296875,225.84295654296875,222.09332891198716,223.8239262801325,5924000.0
2013-10-23,228.43882751464844,229.0156932406955,225.8429317474365,226.70823033650714,6210000.0
2013-10-24,227.28506469726562,227.86193034370538,225.84290058116622,227.86193034370538,4751000.0
2013-10-25,224.11228942871094,227.28505028291406,223.82385662378337,225.5544534533487,3099000.0
2013-10-28,225.5544891357422,226.99665338852827,223.53545918184167,224.1123248829561,2970000.0
2013-10-29,227.8619384765625,228.43880414359177,224.97761014141614,225.84290864196004,4223000.0
2013-10-30,227.8619384765625,229.88096831116493,226.4197743089893,229.01566981062103,4069000.0
2013-10-31,231.9000244140625,231.90002441406247,227.28509855507616,228.72726288600938,7758000.0
2013-11-01,233.34217834472656,237.9571039980215,232.76531263806467,233.63061119805747,6689000.0
2013-11-04,249.49441528320312,249.4944152832031,238.53396698174447,238.82239983178286,21695000.0
2013-11-05,248.05221557617188,258.7242295021234,248.05221557617188,252.0902748995049,14893000.0
2013-11-06,249.2060089111328,252.09033771797462,245.45638146223845,249.78287467250118,6275000.0
2013-11-07,247.76380920410156,252.0903017978868,247.1869435249302,251.8018689583011,3883000.0
2013-11-08,246.8985137939453,250.93657359898648,246.32164810751087,247.763812323597,3750000.0
2013-11-11,245.7447967529297,250.3597225135481,245.7447967529297,245.7447967529297,4061000.0
2013-11-12,239.3992462158203,246.8984997117376,236.51491794815985,245.7447684046734,6620000.0
2013-11-13,237.95712280273438,243.43734744910037,237.95712280273438,239.97615293560605,7246000.0
2013-11-14,236.8033905029297,241.12988363026702,236.51495762777387,236.51495762777387,7198000.0
2013-11-15,236.8033905029297,240.55301787995535,236.8033905029297,237.66868912839715,6127000.0
2013-11-18,238.82241821289062,239.11085108512842,236.51495523498832,236.51495523498832,6486000.0
2013-11-19,248.91754150390625,249.20597434458284,239.97612344293162,241.12985480563805,9532000.0
2013-11-20,241.7067413330078,249.20599583737322,241.4183084674553,249.20599583737322,9138000.0
2013-11-21,239.3992462158203,244.59103709760922,237.95708208199008,244.59103709760922,7419000.0
2013-11-22,244.591064453125,245.45636303019973,240.26457156775132,240.26457156775132,5893000.0
2013-11-25,246.8985137939453,249.20597653968312,246.03321526429363,248.05224516681423,5739000.0
2013-11-26,248.91754150390625,250.35970570728927,244.59104889375723,247.76381014119985,5966000.0
2013-11-27,247.18698120117188,250.936608687304,247.18698120117188,250.936608687304,2893000.0
2013-11-28,250.93658447265625,251.80188303980333,245.456360214058,245.456360214058,4981000.0
2013-11-29,251.513427734375,252.66715905425747,250.07126358452194,252.66715905425747,5904000.0
2013-12-02,248.05221557617188,252.0902748995049,247.18691714974335,252.0902748995049,4370000.0
2013-12-03,250.6481475830078,250.93658043408146,247.76381907227125,248.6291176254922,3206000.0
2013-12-04,250.93658447265625,250.93658447265625,247.76382305978356,250.35971876122485,3346000.0
2013-12-05,248.3406524658203,250.9365477877627,248.3406524658203,250.9365477877627,2445000.0
2013-12-06,248.05221557617188,250.07124523783838,246.89848434093386,248.05221557617188,3903000.0
2013-12-09,246.8985137939453,250.93657359898648,246.8985137939453,250.93657359898648,3757000.0
2013-12-10,247.76380920410156,248.9175405624443,245.74477932700177,248.9175405624443,2985000.0
2013-12-11,248.05221557617188,249.2059468114099,246.32161872331486,247.76378276736236,3681000.0
2013-12-12,242.86045837402344,246.89851825197633,237.66866710236974,245.74478685827552,6519000.0
2013-12-13,240.55299377441406,242.86045654443242,237.66866531189112,242.86045654443242,5577000.0
2013-12-16,240.55299377441406,242.28359085192784,237.66866531189112,242.28359085192784,4902000.0
2013-12-17,244.3026580810547,245.16795675194388,241.70676206838704,242.28362784897985,5343000.0
2013-12-18,241.1298828125,246.32167454769737,241.1298828125,246.03324167351974,4951000.0
2013-12-19,247.47543334960938,247.47543334960935,244.01423847758684,245.16797010159436,4724000.0
2013-12-20,249.49441528320312,250.35971383331827,246.89851963285764,248.05225103301117,5984000.0
2013-12-23,248.91754150390625,251.80186991067225,248.91754150390625,250.93657138864245,4279000.0
2013-12-24,246.61007690429688,250.35970380459614,246.61007690429688,250.35970380459614,2764000.0
2013-12-25,248.05221557617188,248.91751400260037,246.89848434093386,248.62908119379088,1856000.0
2013-12-26,247.18698120117188,248.34071273536637,246.89854831762324,247.76384696826912,1384000.0
2013-12-27,251.513427734375,252.09029339431623,248.05223377472765,249.78283075455133,5866000.0
2013-12-30,256.41680908203125,257.28210765036204,251.8018833842669,252.6671819525977,7132000.0
2013-12-31,255.8399658203125,257.8589959902586,254.39780141320816,257.28213022741687,4191000.0
2014-01-02,254.39776611328125,258.1473930514589,254.39776611328125,256.7052288444675,3756000.0
2014-01-03,251.22499084472656,255.55148322437168,249.78282671817817,255.55148322437168,3771000.0
2014-01-06,248.91754150390625,252.66716843270206,248.91754150390625,251.22500422931904,3237000.0
2014-01-07,241.41831970214844,248.34070879755055,241.41831970214844,248.05227591857545,11988000.0
2014-01-08,234.78431701660156,241.41827192001904,231.8999887977244,241.41827192001904,15774000.0
2014-01-09,237.66867065429688,239.39926777071165,235.07277497967468,235.93807353788208,8776000.0
2014-01-10,240.55299377441406,241.70672515942323,238.2455310043957,239.3992623894049,7060000.0
2014-01-13,239.68768310546875,243.43730991698632,239.68768310546875,242.28357859036552,4955000.0
2014-01-14,239.68768310546875,240.55298160043435,238.24551894719278,239.39925027381355,5648000.0
2014-01-15,241.7067413330078,242.28360706411286,237.9571140808251,239.3992784085877,10755000.0
2014-01-16,241.1298828125,244.01421155427633,240.55301706414474,242.28361430921052,5624000.0
2014-01-17,239.3992462158203,242.2835744834808,239.39924621582034,241.1298431764166,2498000.0
2014-01-20,236.51492309570312,240.55298275831268,234.7843260974419,239.39925142613853,5266000.0
2014-01-21,223.8239288330078,231.90004997646685,222.67019724108508,231.90004997646685,17256000.0
2014-01-22,230.16941833496094,231.3231497551863,221.5164326832707,222.09329839338335,10317000.0
2014-01-23,231.9000244140625,233.919054477369,230.7462929493159,230.7462929493159,5624000.0
2014-01-24,235.07281494140625,235.07281494140628,231.32318721841452,233.0537846290261,3889000.0
2014-01-27,231.03468322753906,234.4958769837569,228.72722072339386,232.76528010564797,7984000.0
2014-02-05,231.32313537597656,233.6305980729938,224.68918012205205,224.97761295917923,12088000.0
2014-02-06,235.07281494140625,236.51497945024926,232.7653517272575,235.93811364671205,7293000.0
2014-02-07,236.2265167236328,237.95711391574733,233.63062093546102,237.95711391574733,5837000.0
2014-02-10,236.51492309570312,239.110818593095,235.0727589304854,238.82238576005145,2863000.0
2014-02-11,241.7067413330078,242.28360706411286,235.3612182908525,236.51494975306255,5554000.0
2014-02-12,250.3597412109375,251.8019056188346,245.16794934250794,245.16794934250794,13075000.0
2014-02-13,247.47543334960938,250.3597624096281,246.8985675376056,250.3597624096281,4879000.0
2014-02-14,248.91754150390625,252.37873559202546,247.18694445984664,250.35970570728927,5243000.0
2014-02-17,247.47543334960938,250.64819531563,247.18700044360747,250.64819531563,3494000.0
2014-02-18,250.0712890625,250.359721921857,247.76382618764418,250.359721921857,2678000.0
2014-02-19,250.93658447265625,250.93658447265625,248.62912162693067,250.93658447265625,2648000.0
2014-02-20,250.93658447265625,252.090315895519,249.49442019407775,250.93658447265625,3914000.0
2014-02-21,251.513427734375,252.09029339431623,250.07126358452194,252.09029339431623,3931000.0
2014-02-24,251.513427734375,252.37872622428685,250.93656207443377,251.513427734375,2858000.0
2014-02-25,256.99365234375,257.8589508364899,252.66715988005052,252.66715988005052,9653000.0
2014-02-26,256.99365234375,259.01268216014313,256.1283538510101,256.7052195128367,8131000.0
2014-02-27,256.7052307128906,262.47388758284325,255.55149933890013,258.43582777387644,9991000.0
2014-03-03,259.589599609375,261.32019694010415,255.55153917100694,261.32019694010415,8013000.0
2014-03-04,256.7052307128906,261.89702189584796,256.7052307128906,260.74329052185743,4573000.0
2014-03-05,259.8780212402344,261.3201856200359,258.14742398447254,259.5895883642741,5231000.0
2014-03-06,268.2425842285156,268.2425842285156,260.1664634130334,260.45489629930063,10955000.0
2014-03-07,272.8575134277344,277.76087254852877,268.531020085857,271.7037818699004,13983000.0
2014-03-10,272.28057861328125,276.31863804186804,271.4152801642984,275.16490677655753,4745000.0
2014-03-11,273.7227478027344,276.0302103764139,272.5690165158946,273.43431498102444,3695000.0
2014-03-12,263.0507507324219,270.26157175030625,263.0507507324219,265.35821345814486,7823000.0
2014-03-13,260.7432861328125,266.22351006701984,260.1664204555275,263.05074884195244,9183000.0
2014-03-14,265.3582458496094,266.22354447737985,258.4358568274456,259.58958833113957,5808000.0
2014-03-17,261.3201599121094,264.20448838796045,259.01269713142847,263.05075699762,4471000.0
2014-03-18,261.3201599121094,263.91605554037534,259.01269713142847,262.47389130244983,4554000.0
2014-03-19,253.82098388671875,258.4359108664773,252.95568507801403,258.4359108664773,8919000.0
2014-03-20,255.8399658203125,257.8589959902586,252.9556370061038,253.24406988752466,6015000.0
2014-03-21,255.2630615234375,259.01268841587216,255.2630615234375,259.01268841587216,4530000.0
2014-03-24,256.1283874511719,256.4168203199232,249.78286433864284,254.9746559761666,5351000.0
2014-03-25,260.16644287109375,260.16644287109375,252.09032269327707,252.66718842026398,3920000.0
2014-03-26,263.91607666015625,265.0698081428236,261.8970465654884,263.05077804815573,5185000.0
2014-03-27,260.7432861328125,263.9160473578799,260.45485329417,261.32015181009746,3561000.0
2014-03-28,256.7052307128906,263.0507532698385,255.55149933890013,259.58955914786696,4775000.0
2014-03-31,259.3011474609375,260.4548789290618,256.41681879062673,256.7052516576578,4268000.0
2014-04-01,267.3772277832031,267.3772277832031,258.7242430653001,259.0126758892302,5687000.0
2014-04-02,269.396240234375,272.85743389905645,267.95407620742435,268.81937462359474,6507000.0
2014-04-03,264.2044677734375,272.2805868756823,263.33916929819696,271.1268555753616,5591000.0
2014-04-07,265.9350891113281,266.80038766592025,260.74329778377506,261.897029189898,9042000.0
2014-04-08,265.3582458496094,269.3963061125382,263.05078284222145,268.2425746088442,10188000.0
2014-04-09,266.2235412597656,267.66570562195284,265.35824264245326,265.93510838732817,5257000.0
2014-04-10,270.8384704589844,270.8384704589844,266.8004101965501,267.3772759483264,5112000.0
2014-04-11,268.2425842285156,268.5310171147828,267.0888526834467,268.2425842285156,3835000.0
2014-04-14,265.3582458496094,268.2425746088442,263.62764859406843,267.08884310515026,4942000.0
2014-04-15,263.33917236328125,266.5119334760919,261.32014256421996,265.35820216234254,4661000.0
2014-04-16,260.7432861328125,265.0697787124499,260.7432861328125,264.49291303516486,4250000.0
2014-04-17,266.2235412597656,269.97316860145247,262.4739139180788,263.62764540782854,6390000.0
2014-04-18,263.6275634765625,268.81935356691054,263.6275634765625,268.81935356691054,2073000.0
2014-04-21,270.54998779296875,272.28058472981076,264.2044656912147,264.7813313368287,3822000.0
2014-04-22,271.12689208984375,274.01122072909743,271.12689208984375,271.7037578176945,5527000.0
2014-04-23,272.5690002441406,274.5880298755787,269.97310500372026,273.4342986576141,4775000.0
2014-04-24,275.1649475097656,275.1649475097656,268.8194246112176,272.85748463756636,5457000.0
2014-04-25,270.54998779296875,281.22200223682785,269.97312214735473,276.8955098947228,11563000.0
2014-04-28,280.0682678222656,282.6641631985791,269.9731191366021,270.5499847757829,11030000.0
2014-04-29,278.91455078125,282.9526104616404,277.472386609682,281.5104462900724,7493000.0
2014-04-30,272.28057861328125,280.93356310311015,272.28057861328125,280.93356310311015,7464000.0
2014-05-02,291.317138671875,291.317138671875,288.4328105662129,291.317138671875,20815000.0
2014-05-05,295.93212890625,305.7388466282895,294.7783974095395,298.8164576480263,15410000.0
2014-05-06,293.6246032714844,299.39325952436224,291.894006395621,296.5089313979233,8027000.0
2014-05-07,298.81646728515625,298.81646728515625,291.8940780816391,292.4709438485989,7455000.0
2014-05-08,295.355224609375,305.16194105148315,294.7783589363098,302.8544783592224,8663000.0
2014-05-09,291.89404296875,298.2395656419837,291.89404296875,295.3552371541502,4004000.0
2014-05-12,284.6831970214844,291.89401761473374,284.3947641977544,291.89401761473374,8660000.0
2014-05-13,283.5295104980469,289.5866007528373,281.51048041311674,286.1254063215285,9360000.0
2014-05-14,290.74029541015625,290.74029541015625,284.9716387551928,287.2791014171782,5902000.0
2014-05-15,288.4328308105469,293.62462176513674,288.1443979797363,291.31715911865234,3817000.0
2014-05-16,289.5866394042969,289.5866394042969,280.6452192633276,285.26014578769883,7868000.0
2014-05-19,283.8179931640625,293.0478466002922,283.8179931640625,290.1635174014704,5875000.0
2014-05-20,283.8179931640625,287.856054042413,283.24112732429813,285.2601577634734,4734000.0
2014-05-21,281.79888916015625,286.12538182894065,281.5104563155706,284.6832176060125,5048000.0
2014-05-22,291.317138671875,291.317138671875,283.81788559715346,285.54848246055076,7338000.0
2014-05-23,287.56756591796875,291.31719315661826,286.7022673244342,290.16346169857223,4988000.0
2014-05-26,285.2601013183594,289.58659426049826,285.2601013183594,288.4328628092612,4488000.0
2014-05-27,293.6246032714844,295.3552001473477,287.2790813933187,288.43281264389424,8464000.0
2014-05-28,293.0477600097656,293.6246256790762,289.58656599390224,293.6246256790762,4976000.0
2014-05-29,287.27911376953125,290.1634422210326,286.12538238893075,290.1634422210326,7091000.0
2014-05-30,280.93359375,289.5865791837782,280.93359375,288.4328477926078,11017000.0
2014-06-03,283.8179931640625,286.99075528276643,282.3758285646516,286.4138894430021,6744000.0
2014-06-04,282.95263671875,286.7022639127803,282.95263671875,285.5485324684633,4716000.0
2014-06-05,292.470947265625,293.6246788130239,282.37579622588447,283.24109488643364,10437000.0
2014-06-06,288.4328308105469,292.47089044189454,288.1443979797363,292.47089044189454,4568000.0
2014-06-09,293.6246032714844,296.5089313979233,292.47087202090876,294.20146889677216,5933000.0
2014-06-10,294.2015075683594,296.5089703728171,292.47091046501606,296.5089703728171,4646000.0
2014-06-11,291.89404296875,293.0477743638834,289.5865801784832,290.1634458760499,3814000.0
2014-06-12,288.4328308105469,290.16342779541014,286.7022338256836,288.4328308105469,5864000.0
2014-06-13,288.4328308105469,291.31715911865234,287.56753231811524,288.4328308105469,4140000.0
2014-06-16,286.41375732421875,287.85592125837894,284.39472781639444,286.7021901110508,5421000.0
2014-06-17,294.2015075683594,294.2015075683594,288.14441770665786,289.0097162583295,7880000.0
2014-06-18,295.93212890625,297.0858604029605,292.47093441611844,296.50899465460526,8117000.0
2014-06-19,298.81646728515625,299.393333052116,295.93213845035746,297.085869984277,5292000.0
2014-06-20,293.6246032714844,298.81639389907446,293.6246032714844,297.6626626484989,4300000.0
2014-06-23,294.7783508300781,296.5089478016833,293.6246195156747,296.5089478016833,4252000.0
2014-06-24,291.317138671875,295.9320636409344,291.317138671875,294.2014667775372,2820000.0
2014-06-25,291.317138671875,292.4708699141399,288.1443777556467,291.317138671875,6152000.0
2014-06-26,297.08575439453125,298.2394854795586,293.6245611394494,294.201426681963,4828000.0
2014-06-27,289.0097351074219,292.4709295398461,287.27913789120976,291.31719806237135,10514000.0
2014-06-30,291.317138671875,291.317138671875,289.0096761873453,291.317138671875,3592000.0
2014-07-01,293.0477600097656,294.20149134838675,286.41380481269414,288.4328346552811,5453000.0
2014-07-02,298.81646728515625,299.9701988190758,294.20154114947815,297.085869984277,11825000.0
2014-07-03,308.6231384277344,314.39179522077615,296.5089591623467,299.39328755886754,17283000.0
2014-07-04,312.1841735839844,316.3387158179917,310.40365548369545,312.777679617414,9000000.0
2014-07-07,315.1517028808594,315.1517028808594,306.84261843578963,309.8101485947431,8069000.0
2014-07-08,309.8101501464844,313.37118635506465,309.8101501464844,312.7776803203013,3753000.0
2014-07-09,308.02960205078125,311.59063791264,307.4360960738048,309.21661400473414,3573000.0
2014-07-10,305.6556091308594,310.4036574280378,303.8750910194175,309.8101513908905,6469000.0
2014-07-11,297.3465270996094,304.46859960498927,297.3465270996094,301.5010693944143,6856000.0
2014-07-14,298.5335693359375,299.127075437997,291.4114961112233,296.4562979787292,8715000.0
2014-07-15,294.3790283203125,299.1270771641885,294.3790283203125,298.533571058704,6806000.0
2014-07-16,294.9725341796875,301.5011013345699,294.67578112719286,296.75305249465544,8698000.0
2014-07-17,293.7854919433594,297.9400342536695,292.59847985469935,294.3789979876894,4836000.0
2014-07-18,299.12701416015625,300.31402612110924,292.3016953846765,293.19195435539126,4138000.0
2014-07-21,300.9075012207031,308.0295722555127,300.9075012207031,302.09451305983805,5975000.0
2014-07-22,306.8426513671875,306.8426513671875,303.28161479426075,306.2491452716997,4041000.0
2014-07-23,306.8426513671875,306.8426513671875,306.8426513671875,306.8426513671875,0.0
2014-07-24,304.4686279296875,309.81018280564695,304.4686279296875,308.6231706109893,4000000.0
2014-07-25,300.9075012207031,309.2165840946476,299.12698346200074,309.2165840946476,5326000.0
2014-07-28,298.5335693359375,303.8751242544732,297.3465571318185,302.68811205035416,3995000.0
2014-07-29,295.5660095214844,302.6880820400744,294.0822444134448,302.6880820400744,6022000.0
2014-07-30,297.9400329589844,299.7205510842373,295.5660087919805,297.3465269172334,4677000.0
2014-07-31,278.3542785644531,291.4114089022313,277.46401967778644,291.4114089022313,21138000.0
2014-08-01,294.67578125,296.7530526183283,287.2569549345418,289.6309793554884,16694000.0
2014-08-04,292.0049743652344,297.3465287743545,292.0049743652344,295.86276366071,6499000.0
2014-08-05,289.0374450683594,293.7854934473057,289.0374450683594,290.81796321046426,6429000.0
2014-08-06,298.5335693359375,299.72058154005657,290.2244839071043,292.8952613663721,8115000.0
2014-08-07,292.0049743652344,302.09457713801686,292.0049743652344,299.72055295618566,6172000.0
2014-08-08,291.1147155761719,295.5660109213733,289.9277034841182,295.5660109213733,5038000.0
2014-08-11,293.7854919433594,296.7530221650095,291.1147147438743,291.1147147438743,2951000.0
2014-08-12,290.52117919921875,294.3789680956333,290.52117919921875,294.3789680956333,3790000.0
2014-08-13,295.86273193359375,296.1594849245001,290.8179310881864,290.8179310881864,2764000.0
2014-08-14,296.7530517578125,299.72058227539065,296.1595456542969,299.72058227539065,3006000.0
2014-08-15,296.7530517578125,299.12707617187505,295.5660395507813,299.12707617187505,1374000.0
2014-08-18,296.7530517578125,298.5335700683594,295.86279260253906,297.9400639648438,1910000.0
2014-08-19,302.68804931640625,305.6555792116651,298.5335074630438,299.1270134420956,7055000.0
2014-08-20,303.87506103515625,305.6555789709091,301.5010371208191,303.28155505657196,3768000.0
2014-08-21,304.4686279296875,306.249146221674,300.90759134571454,306.249146221674,4208000.0
2014-08-22,302.0946044921875,305.65564108738033,299.72058009539234,305.65564108738033,5896000.0
2014-08-25,297.3465270996094,303.2815875207593,297.3465270996094,303.2815875207593,3140000.0
2014-08-26,293.7854919433594,299.72055238665956,293.4887389211944,296.7530221650095,5977000.0
2014-08-27,297.3465270996094,298.53353918383937,293.78549084691946,296.15951501537944,6346000.0
2014-08-28,294.67578125,298.53357093403827,293.785522092145,298.53357093403827,2450000.0
2014-08-29,296.456298828125,296.753051880005,294.67578051684495,296.456298828125,3012000.0
2014-09-01,305.6556091308594,306.842621205154,296.7530185736499,297.94003064794447,10140000.0
2014-09-02,305.6556091308594,306.24911516800665,301.5010668708283,303.2815849822702,7419000.0
2014-09-03,305.0621032714844,309.8101515714296,303.28158515900486,307.436127421457,7139000.0
2014-09-04,305.6556091308594,305.6556091308594,302.0945729079756,305.0621030937121,3420000.0
2014-09-05,304.4686279296875,308.6231706109893,303.8751218323587,308.6231706109893,5114000.0
2014-09-09,308.62310791015625,312.77764974740836,306.249084003155,308.02960193340596,11249000.0
2014-09-10,304.4686279296875,307.43615841633164,303.8751218323587,305.65564012434515,3959000.0
2014-09-11,302.68804931640625,305.6555792116651,302.0945433373545,304.46856725356156,2791000.0
2014-09-12,300.3140563964844,302.0945745174122,296.75302015462887,301.50106847710293,6390000.0
2014-09-15,297.3465270996094,300.90756335229935,296.7530210574944,299.72055126806936,3430000.0
2014-09-16,294.9725341796875,298.53357080962337,294.9725341796875,297.34655859964477,3734000.0
2014-09-17,295.2692565917969,299.72055191730135,295.2692565917969,295.8627626351975,5542000.0
2014-09-18,296.7530517578125,299.12707617187505,295.86279260253906,295.86279260253906,2901000.0
2014-09-19,294.9725341796875,298.53357080962337,294.9725341796875,297.34655859964477,3980000.0
2014-09-22,293.1919860839844,297.94003444161973,292.00497399457555,296.4562693298587,6535000.0
2014-09-23,280.7283935546875,290.8179975513676,280.7283935546875,290.8179975513676,11345000.0
2014-09-24,265.8907165527344,274.7933075087411,261.7361741065979,274.7933075087411,24858000.0
2014-09-25,267.3744812011719,273.309541827169,267.07772816987205,267.67123423247176,11386000.0
2014-09-26,270.0452880859375,271.529053405091,262.0329553625086,267.0777574476305,11617000.0
2014-09-29,264.1101989746094,270.0452596257242,262.6264338118307,270.0452596257242,12741000.0
2014-09-30,267.3744812011719,268.8582463576712,261.7361736064746,261.7361736064746,11052000.0
2014-10-01,271.5290222167969,271.825775246542,265.8907146516393,267.6712328301101,7418000.0
2014-10-02,270.63873291015625,271.2322389033803,267.0776969508121,269.1549679270962,4973000.0
2014-10-03,270.0452880859375,271.2323003412603,268.8582758306147,269.1550288944454,3790000.0
2014-10-06,276.5738525390625,278.6511239637121,270.04528520444944,270.04528520444944,6213000.0
2014-10-07,270.3420104980469,273.60629383007597,267.3744801962022,270.0452574678624,7265000.0
2014-10-08,262.9231872558594,265.890717586061,262.3296811898191,263.21994028887957,11128000.0
2014-10-09,249.2725067138672,265.0004148755755,248.67900074550087,262.92314398629327,14118000.0
2014-10-13,239.18287658691406,243.3374178675801,235.32508825486707,237.99586479243808,17085000.0
2014-10-14,248.38229370117188,248.38229370117188,238.29269037280886,238.58944341187836,7959000.0
2014-10-15,253.42709350585938,261.14267246505415,250.45956313693827,254.3173526165357,12874000.0
2014-10-16,250.45957946777344,252.5368508614635,248.08555501784193,248.08555501784193,9667000.0
2014-10-17,249.2725067138672,254.91081341334754,244.22770598275324,252.24003655569896,8526000.0
2014-10-20,248.08554077148438,254.31735459469155,248.0855407714844,252.83358939868984,4402000.0
2014-10-21,249.2725067138672,254.02055446079802,249.27250671386722,252.24003655569896,3987000.0
2014-10-22,252.5368194580078,254.61409059338507,250.75630134197013,254.61409059338507,2933000.0
2014-10-23,249.2725067138672,252.24003655569896,249.27250671386722,252.24003655569896,2409000.0
2014-10-24,248.6790008544922,251.94328368193777,248.0854948858657,251.94328368193777,2550000.0
2014-10-27,248.08554077148438,250.75631812428745,240.6667147914759,250.75631812428745,3784000.0
2014-10-28,252.2400665283203,254.02058464499078,248.38227727553422,250.4595484116498,3939000.0
2014-10-29,258.47186279296875,259.9556277917803,252.8335557974849,254.91082679582107,6045000.0
2014-10-30,254.31736755371094,258.17515725989324,252.24009617345894,258.17515725989324,3625000.0
2014-10-31,256.9881286621094,256.9881286621094,253.13033920182366,256.6913756267028,4080000.0
2014-11-03,259.6589050292969,262.3296823381696,258.4718928920201,258.7686459263393,5233000.0
2014-11-04,257.5816650390625,260.845948812599,255.80114661713347,260.845948812599,3868000.0
2014-11-05,253.13031005859375,257.58160507720913,253.13031005859375,256.394593072245,3758000.0
2014-11-06,245.1179962158203,254.02058687741183,244.5244901717142,254.02058687741183,6324000.0
2014-11-07,253.42709350585938,256.9881299485646,245.71151454666457,245.71151454666457,9575000.0
2014-11-10,268.26470947265625,268.56146246986054,256.6913425816899,257.878354570507,11470000.0
2014-11-11,264.4069519042969,270.6387655855429,264.4069519042969,270.04525952066234,6741000.0
2014-11-12,265.8907165527344,270.04525899887085,264.11019836153304,270.04525899887085,5159000.0
2014-11-13,269.4517517089844,270.0452577700174,266.1874683733028,270.0452577700174,4072000.0
2014-11-14,270.3420104980469,272.4192817093381,268.8582453471246,272.4192817093381,4934000.0
2014-11-17,265.8907165527344,271.8257771900722,264.70370442526684,271.8257771900722,4401000.0
2014-11-18,259.6589050292969,267.0777308872768,258.7686459263393,267.0777308872768,5259000.0
2014-11-19,261.14263916015625,263.51666315252135,259.06536816683683,259.36212116588246,7230000.0
2014-11-20,261.14263916015625,264.4069221496582,260.549133162065,260.549133162065,4371000.0
2014-11-21,264.1101989746094,265.59396413738807,260.8459156164962,264.70370503972083,4297000.0
2014-11-24,267.0777282714844,269.4517525227865,265.8907161458334,269.4517525227865,2369000.0
2014-11-25,267.0777282714844,268.858246459961,264.1101979573568,267.0777282714844,4654000.0
2014-11-26,271.2322692871094,271.8257753468186,267.9679859587087,269.45175110798175,4343000.0
2014-11-27,275.9803161621094,280.4316115840789,273.01278588079634,273.01278588079634,9114000.0
2014-11-28,275.9803161621094,280.1348585559476,275.38681010584673,279.541352499685,4963000.0
2014-12-01,274.79327392578125,275.98028590818205,270.6387319873785,273.0127559521801,4926000.0
2014-12-02,268.85821533203125,272.12249829963866,268.85821533203125,270.9354863114178,4548000.0
2014-12-03,274.19976806640625,275.3867800493777,268.8582141430347,270.6387321174919,4594000.0
2014-12-04,277.1673583984375,279.83813594189144,275.09008697575115,275.98034615690244,6155000.0
2014-12-05,271.8257751464844,276.27707059102283,269.45175090939716,275.9803175613869,7320000.0
2014-12-08,258.7685852050781,267.9679271103045,258.7685852050781,267.07766821625034,9072000.0
2014-12-09,259.95562744140625,262.62640443566727,257.8783564458699,259.95562744140625,6715000.0
2014-12-10,255.20755004882812,261.73611528263535,255.2075500488281,259.955597491597,4601000.0
2014-12-11,257.5816650390625,258.1751711797055,254.61413433584747,254.91088740616897,4064000.0
2014-12-12,261.4394226074219,263.51669384266813,259.065398338569,260.54916350660204,3834000.0
2014-12-15,260.8459167480469,262.3296819172622,258.1751394434594,261.14266978188994,3518000.0
2014-12-16,259.95562744140625,260.5491334401309,258.4718624445946,259.3621214426816,3722000.0
2014-12-17,261.14263916015625,262.92315715443004,259.95562716397376,259.95562716397376,7082000.0
2014-12-18,264.4069519042969,264.70370493673715,262.3296806772148,263.81344583941626,5552000.0
2014-12-19,271.2322692871094,271.52902231696396,266.1874677795811,267.0777268691449,7647000.0
2014-12-22,270.0452880859375,273.0128187242445,267.3745105114612,273.0128187242445,3835000.0
2014-12-23,271.8257751464844,273.01278726502795,268.85824485012535,273.01278726502795,2605000.0
2014-12-24,275.68353271484375,277.7608036825552,273.01275575635765,273.01275575635765,3684000.0
2014-12-25,273.9030456542969,276.27706988532003,273.3095395965411,275.98031685644213,1209000.0
2014-12-26,275.3868408203125,275.9803469427701,273.6063224529398,274.19982857539736,1152000.0
2014-12-29,277.4640808105469,278.3543398933615,274.7933035621031,276.5738217277323,2886000.0
2014-12-30,274.19976806640625,279.2445689940349,274.19976806640625,277.46405101957777,2309000.0
2014-12-31,274.19976806640625,275.3867800493777,273.0127560834348,274.79327405789195,1675000.0
2015-01-05,274.19976806640625,277.16729802383486,273.0127560834348,273.0127560834348,2459000.0
2015-01-06,271.8257751464844,274.19979938357153,271.8257751464844,273.01278726502795,5915000.0
2015-01-07,288.74072265625,289.0374757113952,276.87060045044325,277.76085961587876,13046000.0
2015-01-08,287.85040283203125,293.4887096916277,287.5536498394209,292.3016977211864,8367000.0
2015-01-09,289.6309509277344,293.7854932566158,289.6309509277344,292.0049751156666,7473000.0
2015-01-12,289.6309509277344,293.48874023312425,288.7406918572598,290.81796302170045,4567000.0
2015-01-13,286.66339111328125,289.6309210419902,285.4763791417977,287.8504030847648,4379000.0
2015-01-14,289.6309509277344,292.0049751156666,287.55367976329364,289.9277039512259,6673000.0
2015-01-15,288.4439392089844,290.8179634000048,286.9601740895966,289.6309513044946,4218000.0
2015-01-16,282.21209716796875,288.14715704531824,281.61859118023375,286.96014506984835,5495000.0
2015-01-19,289.0374450683594,290.22445716309596,284.58614971309714,286.366667855202,5005000.0
2015-01-20,290.81793212890625,290.81793212890625,287.256896225287,289.6309201610332,3760000.0
2015-01-21,292.89520263671875,293.78546161129844,292.30169665366566,292.5984496451922,4347000.0
2015-01-22,294.08221435546875,295.5659793118536,291.70819042525306,294.37896734674575,5372000.0
2015-01-23,293.4887390136719,296.7530222585155,291.70822088012073,295.86276319174,5234000.0
2015-01-26,299.12701416015625,299.72052014063274,293.19195435539126,293.19195435539126,6872000.0
2015-01-27,297.9400329589844,299.1270450424863,295.862761812856,299.1270450424863,4814000.0
2015-01-28,297.9400329589844,299.1270450424863,295.862761812856,297.9400329589844,2744000.0
2015-01-29,295.2692565917969,296.45626867859806,292.5984793964942,294.9725035700966,3136000.0
2015-01-30,286.66339111328125,295.56598089940803,286.66339111328125,295.26922790653714,6713000.0
2015-02-02,286.36669921875,290.22448894915806,284.88293393782385,290.22448894915806,3725000.0
2015-02-03,287.85040283203125,290.224426772914,285.1796258985382,286.3666378689795,3138000.0
2015-02-04,287.85040283203125,292.8952037064071,287.25689684681055,292.00494472857605,4591000.0
2015-02-05,287.85040283203125,291.70819173596567,286.9601438542002,289.9276737803036,4312000.0
2015-02-06,284.28936767578125,289.9276745503531,282.50884971539017,289.0374155701576,4475000.0
2015-02-09,289.6309509277344,290.81796302170045,285.1796555753614,288.1471858102767,5017000.0
2015-02-10,269.4517517089844,269.4517517089844,269.4517517089844,269.4517517089844,8483000.0
2015-02-11,269.4517517089844,270.0452577700174,257.58163048832427,258.17513654935726,33523000.0
2015-02-12,271.8257751464844,272.1225281761202,269.15499787976125,270.63876302794074,8398000.0
2015-02-13,272.4192810058594,273.01278706469566,270.63876282935047,271.8257749470231,5977000.0
2015-02-24,278.9478454589844,280.72836362148854,274.19979702564,277.7608333506483,10989000.0
2015-02-25,281.025146484375,282.50891177732314,279.24462813283725,280.7283934257854,5781000.0
2015-02-26,280.7283935546875,282.50891190704283,279.2446282610581,282.50891190704283,5566000.0
2015-03-02,283.10235595703125,283.10235595703125,281.32183799503736,282.50884996969995,5087000.0
2015-03-03,283.9926452636719,284.8829043397335,280.7283619847791,284.28939828902577,3844000.0
2015-03-04,282.21209716796875,284.882874112776,281.9153441741013,283.6958621373061,3914000.0
2015-03-05,282.21209716796875,283.6958621373061,281.61859118023375,283.6958621373061,4026000.0
2015-03-06,279.24462890625,280.7283942033077,277.1673574903693,279.24462890625,6985000.0
2015-03-09,273.0127868652344,277.16732927405315,272.4192808068317,275.9803171572478,7085000.0
2015-03-10,273.0127868652344,274.4965520112411,270.63876263162365,270.63876263162365,6541000.0
2015-03-11,269.1549987792969,271.52902302431824,269.1549987792969,270.0452578711799,6111000.0
2015-03-12,269.1549987792969,272.1225290855736,266.48422150364786,266.7809745342755,6142000.0
2015-03-13,265.8907165527344,271.8257771900722,265.8907165527344,271.8257771900722,6080000.0
2015-03-16,256.39459228515625,264.70367629439744,256.39459228515625,263.8134172934073,13722000.0
2015-03-17,255.20755004882812,258.1750797005587,252.83352632744365,255.2075500488281,13157000.0
2015-03-18,258.47186279296875,262.0328987901164,256.39459179463256,256.9880977941572,9237000.0
2015-03-19,257.5816650390625,261.439454953242,257.5816650390625,259.9556896016345,6401000.0
2015-03-20,258.7685852050781,262.3296207812948,255.20754962886144,255.20754962886144,10052000.0
2015-03-23,260.2524108886719,261.7361760590748,258.4718926841884,260.2524108886719,7060000.0
2015-03-24,264.70367431640625,267.67120429753186,260.5491323428304,261.73614433528064,11538000.0
2015-03-25,262.9231872558594,268.85824791626254,260.8459160247183,267.0777297181416,8918000.0
2015-03-26,261.14263916015625,261.43939215920193,256.39459117542617,258.17510916969997,11711000.0
2015-03-27,248.6790008544922,259.3621082897687,247.78874190155247,258.17509635251577,13931000.0
2015-03-30,248.08554077148438,251.0530711634878,246.6017755754827,250.16281204588677,9159000.0
2015-03-31,251.34979248046875,253.13031049095613,249.27252146823346,252.24005148571243,7113000.0
2015-04-01,248.9757537841797,252.83354257940536,247.1952358786909,252.83354257940536,5400000.0
2015-04-02,244.52450561523438,249.86606034954772,242.74398737046323,248.3822951455718,9989000.0
2015-04-07,249.86602783203125,250.75628683855868,244.52447379286667,244.52447379286667,11800000.0
2015-04-08,249.86602783203125,253.13031085596515,248.0855098189764,253.13031085596515,5969000.0
2015-04-09,250.45957946777344,253.72386308642925,249.86607335529055,252.83360391770495,5696000.0
2015-04-10,250.16281127929688,254.61410685366158,249.27255216442393,254.61410685366158,7566000.0
2015-04-13,248.9757537841797,250.45951870542032,248.0854948314353,249.2725067684278,4201000.0
2015-04-14,246.30496215820312,249.56924478921545,245.71145622529178,249.27249182275978,8017000.0
2015-04-15,236.51217651367188,243.93100262765154,236.51217651367185,243.33749653853314,14613000.0
2015-04-16,242.7439727783203,243.0407258012767,237.9959244110182,237.9959244110182,8235000.0
2015-04-17,237.9958953857422,240.96342525339483,237.69914239897693,239.77641330633378,7490000.0
2015-04-20,231.46739196777344,237.99595943353114,231.46739196777344,235.62193490052834,9072000.0
2015-04-21,232.06085205078125,235.32513513589453,232.06085205078122,232.06085205078122,8377000.0
2015-04-22,238.58941650390625,239.77642852631374,233.24786240307253,233.24786240307253,9177000.0
2015-04-23,239.18287658691406,241.85365312448508,238.58937068967606,239.77638248415207,6949000.0
2015-04-24,248.6790008544922,253.13029561919072,240.96342326234802,240.96342326234802,15904000.0
2015-04-27,243.63424682617188,251.64657893860385,243.33749378497072,248.67904852659203,7423000.0
2015-04-28,236.8089141845703,246.30501099397665,236.51216115927636,246.30501099397665,10019000.0
2015-04-29,237.6991424560547,240.96342531125643,237.40238946921815,237.9958954428912,5123000.0
2015-04-30,234.43492126464844,237.1056988486761,233.5446620699726,234.43492126464847,9158000.0
2015-05-04,225.53228759765625,228.49981769762542,220.19073341771175,220.19073341771175,17037000.0
2015-05-05,222.2680206298828,227.3128221662086,220.19074940904278,224.34529185072284,9597000.0
2015-05-06,219.59722900390625,223.75177117425042,218.41021695523648,221.3777470769109,8291000.0
2015-05-07,218.70697021484375,220.48748828986285,217.22320515232786,219.00372322734694,8355000.0
2015-05-08,223.45504760742188,225.23556591505076,219.00375183834973,219.00375183834973,8499000.0
2015-05-11,219.59722900390625,226.71930129592482,219.59722900390625,226.71930129592482,6182000.0
2015-05-12,220.4875030517578,222.56477427835583,220.19075001938668,221.37776214887126,5812000.0
2015-05-13,235.91864013671875,235.91864013671875,223.15826085888364,224.93877889765133,15148000.0
2015-05-14,233.24790954589844,238.58946472633886,233.24790954589844,235.91868713611865,12611000.0
2015-05-15,231.46739196777344,239.18297170003254,231.46739196777344,236.21544103377906,5303000.0
2015-05-18,232.35765075683594,237.1056998144469,230.28037929413114,231.46739155853388,7013000.0
2015-05-19,232.65435791015625,234.43487595538704,230.28033384984855,232.65435791015625,6483000.0
2015-05-20,237.10565185546875,238.29266387977648,234.43487480077636,234.43487480077636,8304000.0
2015-05-21,237.4024200439453,239.47969121932982,235.02839584350585,235.32514886856077,7276000.0
2015-05-22,243.3374786376953,244.52449072861089,239.18293631949075,240.36994841040632,8970000.0
2015-05-25,235.91864013671875,242.74395928532823,235.32513412379618,240.66668824009926,6723000.0
2015-05-26,237.10565185546875,239.1829228980073,236.21539283723797,237.99591087369956,3141000.0
2015-05-27,237.4024200439453,239.1829381942749,237.10566701889036,237.10566701889036,4556000.0
2015-05-28,242.7439727783203,244.5244909160586,240.963454640582,243.33747882423307,8893000.0
2015-05-29,246.00820922851562,246.00820922851565,243.33743253001546,243.33743253001546,10946000.0
2015-06-01,243.3374786376953,248.08552700135763,241.55696050132192,248.08552700135763,4976000.0
2015-06-02,243.3374786376953,246.00825584225535,242.1504665467797,244.82124375133978,5371000.0
2015-06-03,243.3374786376953,246.60176188771317,243.0407256149664,243.9309846831531,3678000.0
2015-06-04,239.18287658691406,243.3374178675801,239.18287658691406,243.3374178675801,5871000.0
2015-06-05,237.6991424560547,239.4796603770738,236.21537752187206,238.58940141656424,5602000.0
2015-06-08,237.6991424560547,239.1829073902373,235.02836557452596,237.40238946921815,3255000.0
2015-06-09,238.2926788330078,242.7439742034874,237.99592580830915,238.58943185770644,3626000.0
2015-06-10,239.47970581054688,242.74398928504007,239.1829527674111,240.3699649399541,4813000.0
2015-06-11,239.47970581054688,241.55697711249707,237.99594059486813,240.07321189681835,4199000.0
2015-06-12,246.8985137939453,248.0855258794931,240.07319430204535,241.26020638759317,7263000.0
2015-06-15,242.7439727783203,248.9757862604043,241.85371370945114,248.08552719153516,5733000.0
2015-06-16,244.8212890625,247.19531368371213,243.93102982954545,244.22778290719697,4161000.0
2015-06-17,251.94329833984375,252.2400513414219,245.11797930354643,246.60174431143716,9555000.0
2015-06-18,250.7563018798828,251.9433139597876,249.27253678000187,251.053054899859,4858000.0
2015-06-22,257.5816650390625,258.7686773203485,252.24010977327546,252.24010977327546,8099000.0
2015-06-23,252.83360290527344,260.84593539170817,252.8336029052734,259.6589231714956,6742000.0
2015-06-24,250.16281127929688,252.53683558562471,249.56930520271493,252.24008254733374,5255000.0
2015-06-25,256.69134521484375,256.69134521484375,250.45953220962787,250.45953220962787,5915000.0
2015-06-26,252.2400665283203,255.8011027616613,250.4595484116498,254.02058464499078,6247000.0
2015-06-29,252.83360290527344,253.72386207043283,249.27256624463575,249.27256624463575,5090000.0
2015-06-30,250.45957946777344,252.83360391770495,249.86607335529055,252.83360391770495,4461000.0
2015-07-01,253.72384643554688,255.2076116193805,251.64657517817983,251.64657517817983,4018000.0
2015-07-02,249.86602783203125,253.42706385814094,249.86602783203125,251.9432988472619,4602000.0
2015-07-03,252.83360290527344,252.8336029052734,248.38230707947636,249.27256624463575,4670000.0
2015-07-06,248.6790008544922,251.94328368193777,248.6790008544922,249.86601279174513,3558000.0
2015-07-07,248.08554077148438,250.45956508508712,245.41476341868133,248.0855407714844,5591000.0
2015-07-08,239.18287658691406,246.30494735377007,237.40235889520008,246.00819440515107,11526000.0
2015-07-09,237.4024200439453,238.58943214416502,229.68684139251707,231.46735954284665,13737000.0
2015-07-10,237.4024200439453,237.40242004394528,237.40242004394528,237.40242004394528,0.0
2015-07-13,236.21542358398438,237.40243576279835,232.06088095813539,232.06088095813539,8025000.0
2015-07-14,230.8738555908203,237.40242220135764,230.87385559082028,235.02839797934405,12023000.0
2015-07-15,234.6483154296875,237.47919322977756,234.01923147411193,236.22102531862643,9487000.0
2015-07-16,232.13194274902344,236.2209878109981,230.24469118195822,235.2773620274655,6949000.0
2015-07-17,229.61566162109375,232.44653964107982,228.04295160999035,232.13199763885916,6786000.0
2015-07-20,217.97760009765625,230.55927975697264,211.37221827651516,229.93019577400682,15727000.0
2015-07-21,224.58294677734375,224.58294677734375,215.46123045165334,215.46123045165334,7202000.0
2015-07-22,220.49391174316406,222.69570544102731,218.921201958976,220.80845370000168,5943000.0
2015-07-23,215.14671325683594,221.7520948041949,212.94491940771627,220.49392689041227,8501000.0
2015-07-24,205.08139038085938,215.14673469403039,205.08139038085938,213.88856665488402,11124000.0
2015-07-27,199.73414611816406,209.79948891466998,199.73414611816406,205.08135947880783,9601000.0
2015-07-28,202.25047302246094,206.33951835572998,201.30684717632192,201.30684717632192,7958000.0
2015-07-29,202.87957763671875,206.96862338753633,201.93595169422238,202.56503565588662,6259000.0
2015-07-30,205.71046447753906,209.48496841290674,204.45229649908316,208.22680043445084,8012000.0
2015-07-31,208.8558807373047,208.8558807373047,202.56504095606059,205.71046084668265,7007000.0
2015-08-03,188.09608459472656,188.09608459472656,188.09608459472656,188.09608459472656,5047000.0
2015-08-04,176.1435089111328,180.54709663391114,172.3690051487514,172.9980891091483,27160000.0
2015-08-05,169.85267639160156,180.86164615772387,168.59450841833043,180.86164615772387,16836000.0
2015-08-06,172.9980926513672,174.88534457120028,168.90904682506215,172.9980926513672,9617000.0
2015-08-07,174.8853302001953,177.7162078473208,167.96540706277753,171.73991059227814,9735000.0
2015-08-10,181.17617797851562,183.37797180811566,172.99808661142987,176.45804834365845,10242000.0
2015-08-11,178.6598663330078,187.15250082418953,178.6598663330078,186.2088747696138,8900000.0
2015-08-12,176.1435089111328,180.2325546537127,173.62717306954522,179.28892871311734,11023000.0
2015-08-13,175.82896423339844,178.0307580610081,174.2562543565344,176.14350620877127,8400000.0
2015-08-14,169.85267639160156,176.14351625795717,166.70725645842376,176.14351625795717,13702000.0
2015-08-17,166.70726013183594,168.59451213332844,165.44909213084097,168.59451213332844,7410000.0
2015-08-18,167.9654083251953,170.79628599359748,167.65086636203952,167.9654083251953,4985000.0
2015-08-19,164.19090270996094,168.27994817974925,164.19090270996094,167.0217803428913,6486000.0
2015-08-20,163.5618133544922,165.44906504704403,159.78730996938853,163.5618133544922,14019000.0
2015-08-21,159.78732299804688,161.6745748444805,158.52915510042448,160.1018649724525,12153000.0
2015-08-24,144.06024169921875,157.27100622185452,144.06024169921875,157.27100622185452,13145000.0
2015-08-25,147.83473205566406,150.98015188663564,142.80206032610954,143.43114429230386,18114000.0
2015-08-26,144.374755859375,147.20563342524508,142.80204610055827,146.5765495217184,16231000.0
2015-08-27,144.6893310546875,149.72200343919835,143.43116295855978,148.14929331903872,19428000.0
2015-08-28,159.15823364257812,159.15823364257812,151.60922651328588,152.86739436816794,20465000.0
2015-08-31,157.90008544921875,161.04550547808765,155.06920742323675,160.41642147231386,13268000.0
2015-09-01,154.12554931640625,156.95642675283003,150.66558800522162,156.3273428780692,9367000.0
2015-09-02,152.86741638183594,154.12558441790043,151.29470633675533,152.55287437281982,8877000.0
2015-09-03,152.23831176757812,156.01281536512138,151.60922783465423,152.867395700502,6643000.0
2015-09-04,152.23831176757812,159.78731896266464,152.23831176757812,152.23831176757812,13824000.0
2015-09-07,155.06919860839844,156.32736654842603,152.2383207433364,152.2383207433364,7237000.0
2015-09-08,160.41641235351562,161.9891222785501,157.2709925034467,157.2709925034467,11779000.0
2015-09-09,176.1435089111328,176.45805089133128,163.56182970319477,164.19091366359166,15555000.0
2015-09-10,171.7399139404297,174.25624967582058,169.8526621388865,172.68353984120128,10355000.0
2015-09-11,174.25625610351562,178.34530182435623,171.739920275306,171.739920275306,9878000.0
2015-09-14,174.25625610351562,178.03075984583003,172.99808818941082,177.71621786730384,4999000.0
2015-09-15,170.48175048828125,174.25625418912878,169.85266653813997,173.62717023898753,4268000.0
2015-09-16,173.627197265625,173.9417392896569,171.11086107336956,173.31265524159306,6371000.0
2015-09-17,174.25625610351562,178.34530182435623,174.25625610351562,177.08713391025142,6692000.0
2015-09-18,175.1998748779297,176.4580427406078,174.25624898092107,176.14350077493827,5487000.0
2015-09-21,165.7636260986328,172.99809175379136,165.13454212861905,172.99809175379136,13017000.0
2015-09-22,163.5618133544922,165.1345230982854,161.04547776442308,163.5618133544922,12116000.0
2015-09-23,157.90008544921875,160.73096347520075,156.0128334318974,160.41642147231386,13089000.0
2015-09-24,148.4638214111328,159.15824922464662,148.4638214111328,157.90008124658615,20145000.0
2015-09-25,149.09288024902344,151.60921578065253,146.891086658848,147.52017054175525,11612000.0
2015-09-29,149.09288024902344,149.09288024902344,149.09288024902344,149.09288024902344,0.0
2015-09-30,153.18194580078125,154.44011373343653,145.00385423852188,145.3183962216857,15034000.0
2015-10-01,157.58554077148438,159.15825075922373,155.06920479110138,156.012830783745,10776000.0
2015-10-02,156.95645141601562,158.52916135004384,155.69828346879305,157.58553538962693,7712000.0
2015-10-05,152.86741638183594,157.27100450806168,152.2383323638037,156.95646249904556,11290000.0
2015-10-06,154.12554931640625,156.6418848154496,153.4964654416454,155.38371706592793,11247000.0
2015-10-07,162.3036651611328,162.3036651611328,154.75465747921965,155.6982834394588,15450000.0
2015-10-08,167.02178955078125,168.59449943355696,164.81999571489524,166.39270559767095,16673000.0
2015-10-12,167.65089416503906,170.7963143182293,166.07818408844395,169.22360424163418,9383000.0
2015-10-13,174.25625610351562,174.57079808204182,168.27995851151778,169.8526684041488,15168000.0
2015-10-14,171.42538452148438,174.25626243101345,170.796300541589,174.25626243101345,7220000.0
2015-10-15,173.627197265625,174.25628131368885,170.79631904933763,172.6835711935292,7383000.0
2015-10-16,173.627197265625,173.9417392896569,171.11086107336956,173.9417392896569,8034000.0
2015-10-19,172.36898803710938,175.1998655778648,171.4253621901909,174.885323628892,4797000.0
2015-10-20,172.9980926513672,173.94171861128373,171.42538271817293,173.62717662464487,5026000.0
2015-10-21,166.39271545410156,173.312639348223,165.44908946853954,172.99809735303566,10932000.0
2015-10-22,167.9654083251953,169.85266010413008,164.19090476732575,164.19090476732575,9351000.0
2015-10-23,167.9654083251953,171.4253699199091,167.33632439888373,171.4253699199091,8189000.0
2015-10-26,170.7963104248047,171.4253944411023,168.594516367763,169.22360038406063,5593000.0
2015-10-27,166.39271545410156,168.90905141560026,165.76363146372688,168.27996742522558,7108000.0
2015-10-28,161.04547119140625,166.3926841020584,158.52913570404053,165.44905829429626,16425000.0
2015-10-29,159.15823364257812,162.93273720722425,158.84369167885762,162.93273720722425,6685000.0
2015-10-30,160.10186767578125,162.61820351351457,156.95644787861463,158.52915777719795,7042000.0
2015-11-02,169.85267639160156,170.4817603782371,163.24729453192816,163.24729453192816,18087000.0
2015-11-03,173.627197265625,175.51444940981656,172.05448714546534,172.99811321756113,17449000.0
2015-11-04,190.29788208007812,190.92696598778085,176.77257806446926,178.03074587987473,29579000.0
2015-11-05,186.8379364013672,193.12877601084085,185.89431045994615,193.12877601084085,10867000.0
2015-11-06,181.17617797851562,186.83793354034424,181.17617797851562,186.83793354034424,14429000.0
2015-11-09,179.9180145263672,184.32160229449508,178.6598465926164,181.176182460118,8403000.0
2015-11-10,179.60348510742188,184.00707318361086,177.71623307476946,177.71623307476946,10261000.0
2015-11-11,172.9980926513672,181.17618430397727,172.36900867808947,179.603474370783,10949000.0
2015-11-12,171.11080932617188,174.8853124730727,166.7072223214542,172.9980608996223,8857000.0
2015-11-13,167.02178955078125,174.5707969881047,166.7072475742261,170.79629326944297,9976000.0
2015-11-16,170.16720581054688,171.42537369084667,165.1345342893477,166.70724413972243,7832000.0
2015-11-17,167.02178955078125,172.68354512877383,166.7072475742261,172.36900315221868,9165000.0
2015-11-18,162.3036651611328,166.70725297558215,161.67458118764003,165.4490850285966,9502000.0
2015-11-19,166.70726013183594,166.70726013183594,161.0455041273585,162.3036721283535,8340000.0
2015-11-20,164.5054473876953,166.39269917416982,163.56182149445806,164.81998935210774,4671000.0
2015-11-23,172.9980926513672,172.9980926513672,163.5618330522017,166.07816894531248,13187000.0
2015-11-24,168.594482421875,175.19986326303055,168.2799404770581,173.6271535389459,10319000.0
2015-11-25,165.13453674316406,172.36900216238837,165.13453674316403,170.48175031389508,9412000.0
2015-11-26,172.36898803710938,172.36898803710938,167.02177490457132,168.59448464943546,10174000.0
2015-11-27,167.9654083251953,172.05445384622067,167.65086636203952,171.73991188306488,5556000.0
2015-11-30,163.87637329101562,166.39270915728844,161.67457940802694,165.44908320743613,12016000.0
2015-12-01,164.19090270996094,166.07815446524785,161.0454831178161,164.19090270996094,13792000.0
2015-12-02,169.22357177734375,170.48173959724966,165.13452636264955,165.44906831762603,11601000.0
2015-12-03,172.36898803710938,172.99807193505504,167.65085880251698,167.9654007514898,9698000.0
2015-12-04,169.22357177734375,170.48173959724966,167.96540395743784,169.8526556872967,5555000.0
2015-12-07,172.9980926513672,172.9980926513672,170.48175675825638,170.79629874489524,7250000.0
2015-12-08,169.85267639160156,172.99809632477937,169.22359240496598,172.3690123381438,6731000.0
2015-12-09,166.07814025878906,170.79626924341375,166.07814025878906,170.16718537879711,5235000.0
2015-12-10,163.5618133544922,165.44906504704403,162.61818750821627,163.5618133544922,6552000.0
2015-12-11,161.98910522460938,166.07815059921117,161.98910522460938,164.1908988878565,5445000.0
2015-12-14,160.41641235351562,163.56183220358457,159.15824441348806,162.93274823357078,5006000.0
2015-12-15,162.9327392578125,164.81999106388753,160.73094548405828,160.73094548405828,6203000.0
2015-12-16,159.15823364257812,161.67456935234222,157.27098186025506,160.41640149746016,9756000.0
2015-12-17,162.9327392578125,163.87636516085,159.47277761334158,160.10186154869993,5357000.0
2015-12-18,162.9327392578125,163.56182319317085,161.04548745173744,162.6181972901333,5487000.0
2015-12-21,159.78732299804688,161.36003287007492,159.15823904923568,159.78732299804688,6898000.0
2015-12-22,163.87637329101562,168.27996105699302,162.30366337459515,162.30366337459515,8666000.0
2015-12-23,161.67457580566406,165.1345375446958,161.67457580566406,163.87636963959335,4871000.0
2015-12-24,160.10186767578125,163.8763714323812,160.10186767578125,162.9327454932312,3300000.0
2015-12-25,161.36004638671875,161.67458838747257,160.1018783837034,160.1018783837034,1982000.0
2015-12-28,163.24728393554688,164.19090985424947,161.98911604394345,162.3036580168443,2633000.0
2015-12-29,157.27098083496094,161.045484375,156.01281298828124,161.045484375,14275000.0
2015-12-30,156.32737731933594,157.90008735272966,155.06920929262094,157.27100333937216,7914000.0
2015-12-31,157.27098083496094,157.90006475830077,156.6418969116211,157.27098083496094,3131000.0
2016-01-04,154.12554931640625,158.52913643973213,154.12554931640625,157.9000525649713,5380000.0
2016-01-05,152.5528564453125,155.3837341937822,152.2383144732603,154.12556630557344,4972000.0
2016-01-06,142.80206298828125,152.55286464607138,138.39847514282764,152.23832265711042,18427000.0
2016-01-07,129.59130859375,142.17298903974515,128.96222457145024,141.85844702859526,21198000.0
2016-01-08,134.30941772460938,136.5112114577997,127.07495260126976,127.07495260126976,15233000.0
2016-01-11,131.4785614013672,132.42218744013297,128.01859925922594,131.4785614013672,10884000.0
2016-01-12,129.9058380126953,133.05125781929812,127.70404414807336,132.10763187731726,9085000.0
2016-01-13,129.9058380126953,132.42217385797755,128.33312810939393,132.10763187731726,10201000.0
2016-01-14,130.84945678710938,130.84945678710938,122.9859077013456,126.76041126251222,14169000.0
2016-01-15,128.96221923828125,133.36580721227133,126.1313412550019,132.10763921970275,10837000.0
2016-01-18,132.1076202392578,133.05124609810966,125.81678118024553,126.44586508614675,7459000.0
2016-01-19,136.19667053222656,139.34209017500316,131.47854106806167,132.107624996617,10276000.0
2016-01-20,132.1076202392578,135.56758172171456,132.1076202392578,135.56758172171456,7039000.0
2016-01-21,132.1076202392578,134.62395586286272,131.79307828630718,133.99487195696148,5090000.0
2016-01-22,133.3657989501953,135.56759280078816,133.0512569715392,134.3094248861637,4294000.0
2016-01-25,134.93850708007812,136.5112169528063,134.62396510553248,135.88213300371504,3714000.0
2016-01-26,131.4785614013672,133.3658134788988,130.5349353626014,132.73672945305492,5465000.0
2016-01-27,132.73672485351562,133.68035085958329,132.10764084947053,132.73672485351562,2168000.0
2016-01-28,130.84945678710938,133.05125053112326,130.53491482367883,130.84945678710938,7225000.0
2016-01-29,134.62399291992188,135.25307699898693,126.76044193160868,129.90586232693397,13216000.0
2016-02-01,132.1076202392578,136.19666562761577,131.79307828630718,136.19666562761577,8530000.0
2016-02-02,133.3657989501953,134.6239668648198,121.72774573991884,122.04228771857497,19680000.0
2016-02-03,125.81678771972656,131.16400119781494,125.81678771972655,129.90583332061766,15159000.0
2016-02-15,129.27674865722656,130.84945849490572,127.38949685201159,127.70403881954742,9801000.0
2016-02-16,133.05125427246094,133.9948801892869,130.22037652198304,131.164002438809,10065000.0
2016-02-17,132.1076202392578,135.25303976876395,132.1076202392578,134.3094139099121,6717000.0
2016-02-18,138.39845275878906,138.39845275878906,133.99486562555487,134.62394950173118,10812000.0
2016-02-19,138.7130126953125,140.28572258981717,137.14030280080783,139.6566386320153,5433000.0
2016-02-22,144.06024169921875,145.00386773654986,139.34211151256312,139.97119553745054,10789000.0
2016-02-23,145.31837463378906,145.9474585066626,143.43112301516842,145.63291657022583,8271000.0
2016-02-24,142.80206298828125,144.6893149220471,142.1729790103593,144.6893149220471,5317000.0
2016-02-25,147.52017211914062,147.83471406395756,144.0602107261544,144.68929461578824,7704000.0
2016-02-26,148.4638214111328,149.40744739467814,146.26202744952704,147.20565343307237,5875000.0
2016-03-01,146.2620086669922,147.52017648348246,145.00384085050194,146.8910925752373,4833000.0
2016-03-02,147.20565795898438,148.46382597572781,146.8911159547985,148.14928397154196,4584000.0
2016-03-03,150.9801483154297,152.86740016937256,148.77835448582968,148.77835448582968,8696000.0
2016-03-04,150.9801483154297,151.609232266744,149.40743843714398,151.609232266744,3814000.0
2016-03-07,147.83473205566406,152.86740378521858,147.20564808946975,152.23831981902427,4541000.0
2016-03-08,147.83473205566406,150.03652593734418,145.3183961908868,148.46381602185838,4585000.0
2016-03-09,150.0364990234375,150.0364990234375,144.68928626998164,146.57653783002488,5789000.0
2016-03-10,146.2620086669922,150.35105407058552,146.2620086669922,150.03651211646297,5187000.0
2016-03-11,151.60923767089844,152.2383216446366,147.20564985473126,147.52019184160037,7326000.0
2016-03-14,163.5618133544922,165.44906504704403,154.12555489173303,154.12555489173303,17164000.0
2016-03-15,156.0128173828125,166.7072443808279,155.38373344175278,165.44907649870842,13512000.0
2016-03-16,158.84368896484375,160.7309407149211,157.2709791731126,157.58552113145885,6006000.0
2016-03-17,158.84368896484375,163.56181834003712,158.5291470064975,162.30365050665222,10104000.0
2016-03-18,162.3036651611328,162.3036651611328,159.15824529366898,159.78732926716174,7834000.0
2016-03-21,161.67457580566406,161.67457580566406,159.4727819717348,161.04549185311285,4711000.0
2016-03-22,156.0128173828125,161.3600308818202,153.18193964804374,161.3600308818202,7882000.0
2016-03-23,153.18194580078125,156.9564495987471,150.9801519186345,153.8110297671089,6204000.0
2016-03-24,154.75465393066406,155.69827986926566,152.55286007392698,153.1819440329947,4197000.0
2016-03-25,153.18194580078125,155.69828166609182,152.86740381761743,155.69828166609182,1801000.0
2016-03-28,150.9801483154297,153.49648412068686,149.72198041280112,153.18194214502972,3132000.0
2016-03-29,153.49647521972656,156.01281087906636,150.6655976029693,150.6655976029693,3917000.0
2016-03-30,156.95645141601562,158.52916135004384,154.75465750837614,155.3837414819874,8398000.0
2016-03-31,155.38372802734375,158.21460566346943,153.1819343103571,157.90006370389992,5994000.0
2016-04-01,151.60923767089844,153.49648959211294,150.3510697234221,152.2383216446366,5715000.0
2016-04-06,145.31837463378906,150.03650368034064,145.31837463378906,149.72196174390388,8188000.0
2016-04-07,144.06024169921875,149.0929138983181,144.06024169921875,146.2620357863247,8538000.0
2016-04-08,144.374755859375,145.63292366642835,143.43113000408496,143.43113000408496,5109000.0
2016-04-11,145.94747924804688,147.52018915373702,144.68931132349474,146.57656321032294,6181000.0
2016-04-12,139.65663146972656,147.20563857619825,139.3420895069569,146.57655465065895,6521000.0
2016-04-13,141.85842895507812,143.43113881045593,140.91480304185143,141.54388698400257,6713000.0
2016-04-14,145.31837463378906,147.2056262524097,144.06020688804196,145.9474585066626,6587000.0
2016-04-15,147.20565795898438,148.14928397154196,146.2620319464268,146.57657395061264,5190000.0
2016-04-18,147.52017211914062,148.46379795359144,145.00383656060518,148.46379795359144,2732000.0
2016-04-19,146.2620086669922,149.7219701623404,145.94746671286964,149.09288625409528,3016000.0
2016-04-20,145.94747924804688,149.0928990594272,145.63293726690884,148.1492731160131,4671000.0
2016-04-21,147.20565795898438,148.46382597572781,145.63294793805505,147.20565795898438,3074000.0
2016-04-22,144.6893310546875,147.83475129500678,143.43116295855978,147.52020927097485,3506000.0
2016-04-25,143.43113708496094,145.00384692141884,140.91480134662828,144.68930495412727,3629000.0
2016-04-26,148.77835083007812,149.40743476593468,144.68930524701042,144.68930524701042,12542000.0
2016-04-27,152.23831176757812,154.75464749927363,147.52018227064906,149.09289210295873,11216000.0
2016-04-28,148.4638214111328,154.12557731240483,148.4638214111328,154.12557731240483,6520000.0
2016-04-29,144.6893310546875,147.20566724694294,144.37478903065556,147.20566724694294,5620000.0
2016-05-03,132.73672485351562,134.93851886767348,130.84947284138033,130.84947284138033,19708000.0
2016-05-04,126.7603988647461,132.7366955854165,125.8167730667455,132.1076117200828,17084000.0
2016-05-05,127.70404815673828,129.27675810940747,125.81679621353526,126.44588019460294,7907000.0
2016-05-06,120.78411102294922,126.44586622714995,120.78411102294922,126.13132427136102,24238000.0
2016-05-09,123.30044555664062,126.76040703909737,123.30044555664062,123.61498750959123,15365000.0
2016-05-10,128.33314514160156,128.33314514160156,123.92955682791916,125.18772491754271,9119000.0
2016-05-11,125.81678771972656,130.84945922851563,125.81678771972655,129.59129135131835,6334000.0
2016-05-12,125.81678771972656,127.70403953552245,125.81678771972655,126.13132968902588,3710000.0
2016-05-13,125.81678771972656,125.81678771972655,125.81678771972655,125.81678771972655,0.0
2016-05-16,126.7603988647461,131.7930697874159,126.7603988647461,131.47852785474905,10076000.0
2016-05-17,127.3895034790039,128.01858744680146,125.81679355951003,128.01858744680146,5011000.0
2016-05-18,128.01858520507812,128.33312718346897,126.131333334733,126.44587531312385,4352000.0
2016-05-19,125.81678771972656,128.6476654434204,125.81678771972655,128.3331234741211,4027000.0
2016-05-20,127.07494354248047,128.01856936086523,125.81677578463413,126.76040160301888,4002000.0
2016-05-23,132.1076202392578,133.36578805106026,127.70403289794922,128.33311680385043,8679000.0
2016-05-24,131.4785614013672,133.99489750474262,130.84947737552332,133.3658134788988,5241000.0
2016-05-25,132.73672485351562,134.62397686565092,132.4221828514931,133.99489286160582,4675000.0
2016-05-26,134.62399291992188,135.88216107805198,133.05128272225923,134.30945088038933,7984000.0
2016-05-27,133.68032836914062,136.1966639619715,133.05124447093291,135.88212201286765,4495000.0
2016-05-30,136.19667053222656,138.08392231789253,133.99487678228294,133.99487678228294,7906000.0
2016-05-31,138.39845275878906,141.54387213967064,137.14028500643644,139.34207857305353,17211000.0
2016-06-01,139.65663146972656,140.28571539526587,138.08392165587827,138.39846361864795,4852000.0
2016-06-02,135.25302124023438,141.85840134731558,134.93847933037335,141.54385943745459,11610000.0
2016-06-03,137.76939392089844,137.76939392089844,135.88214194937927,135.88214194937927,5373000.0
2016-06-06,144.374755859375,145.9474656181917,142.80204610055827,142.80204610055827,14843000.0
2016-06-07,146.57656860351562,149.0929045452069,145.31840063267,148.46382055978407,12230000.0
2016-06-08,144.6893310546875,148.14929331903872,143.43116295855978,147.83475129500678,12407000.0
2016-06-13,138.39845275878906,142.80203989202326,138.39845275878906,141.8584140777588,11112000.0
2016-06-14,141.5438995361328,142.80206753200954,137.4548535495334,138.39847954644097,11772000.0
2016-06-15,145.00384521484375,145.9474711056128,141.54388361535726,141.54388361535726,9223000.0
2016-06-16,142.17295837402344,145.31837780707704,142.17295837402344,145.31837780707704,6747000.0
2016-06-17,142.80206298828125,144.06023094412512,142.48752099932028,143.4311469662032,7338000.0
2016-06-20,143.11660766601562,144.37477564549707,142.4875236762749,144.37477564549707,4113000.0
2016-06-21,144.374755859375,145.63292366642835,143.11658805232162,143.7456719558483,6910000.0
2016-06-22,144.06024169921875,145.947493773881,143.74569968677503,145.947493773881,4715000.0
2016-06-23,143.43113708496094,144.3747629868357,142.8020531503778,144.06022101954412,2393000.0
2016-06-24,140.6002655029297,144.0602272938295,137.14030371202983,143.74568531283862,9056000.0
2016-06-27,142.48751831054688,144.06022822567434,139.65664046331747,140.60026641239395,4496000.0
2016-06-28,144.06024169921875,144.06024169921875,139.34211151256312,140.60027956233796,6877000.0
2016-06-29,149.4074249267578,151.92376050447163,144.06021182411595,144.6892957185444,15035000.0
2016-06-30,153.49647521972656,153.81101717714404,150.9801395603868,152.55284934747417,19654000.0
2016-07-01,154.12554931640625,155.69825900330835,152.86738156688457,155.0691751285475,14239000.0
2016-07-04,160.73094177246094,161.67456765370827,154.44010256414543,154.44010256414543,16697000.0
2016-07-05,154.12554931640625,159.78730418925383,154.12554931640625,159.78730418925383,10917000.0
2016-07-06,149.09288024902344,152.23829966355981,149.09288024902344,150.98013189774525,10624000.0
2016-07-07,149.7219696044922,151.92376327514648,149.40742765154155,150.66559546334403,5129000.0
2016-07-08,149.7219696044922,149.7219696044922,149.7219696044922,149.7219696044922,0.0
2016-07-11,155.38372802734375,155.69826998691326,153.4964762699266,155.38372802734375,9885000.0
2016-07-12,156.0128173828125,157.58552723546183,155.69827541228264,156.64190132387225,8562000.0
2016-07-13,155.38372802734375,157.27097978476087,154.4401021486352,157.27097978476087,6293000.0
2016-07-14,154.75465393066406,155.69827986926566,154.12556997159632,155.69827986926566,12779000.0
2016-07-15,157.71803283691406,158.04729804116647,155.41317640714703,156.0717068156519,13661000.0
2016-07-18,158.04730224609375,159.03509788513182,157.05950660705565,158.37656745910644,5036000.0
2016-07-19,158.04730224609375,158.70583267211913,156.73024139404296,158.70583267211913,4953000.0
2016-07-20,156.73023986816406,157.3887702877782,155.4131790289358,157.3887702877782,7431000.0
2016-07-21,155.0839080810547,158.3765600572979,154.42537768580604,157.71802966204925,8344000.0
2016-07-22,155.41319274902344,156.73025370452365,154.75466227127333,156.4009884656486,5202000.0
2016-07-25,155.41319274902344,157.0595189433987,154.42539703239828,156.73025370452365,3316000.0
2016-07-26,158.70584106445312,158.70584106445312,154.09612783851466,155.08392352978717,8590000.0
2016-07-27,158.04730224609375,161.99848480224608,157.38877182006834,161.99848480224608,14289000.0
2016-07-28,160.68141174316406,160.68141174316406,156.73022948718463,158.04729023917778,6107000.0
2016-07-29,160.3521728515625,161.99849906153747,159.3643771255775,161.33996857754747,6177000.0
2016-08-01,163.9740753173828,164.30334052886352,160.35215799109525,161.669218837018,7985000.0
2016-08-02,164.63259887695312,165.29112927246092,162.65700769042968,164.3033336791992,8737000.0
2016-08-03,163.9740753173828,163.9740753173828,161.669218837018,161.99848404849868,5517000.0
2016-08-04,159.69363403320312,165.2911428549855,157.71804268433877,165.2911428549855,14502000.0
2016-08-05,163.9740753173828,163.9740753173828,159.69362756813388,159.69362756813388,8164000.0
2016-08-08,163.64483642578125,165.2911627479722,163.31557116134306,165.2911627479722,5768000.0
2016-08-09,164.63259887695312,164.63259887695312,163.31553808593748,164.3033336791992,3950000.0
2016-08-10,164.63259887695312,165.29112927246092,163.6448032836914,165.29112927246092,3066000.0
2016-08-11,163.64483642578125,164.96189748353402,161.3399795747139,164.96189748353402,3896000.0
2016-08-12,163.9740753173828,165.29113616330557,162.98627968294076,164.6326057403442,2999000.0
2016-08-15,163.9740753173828,164.9618709518249,162.98627968294076,164.6326057403442,2509000.0
2016-08-16,164.3033447265625,164.3033447265625,161.66922296741922,164.3033447265625,3809000.0
2016-08-17,164.96188354492188,166.93747496462152,163.97408783507203,164.30335307168863,8736000.0
2016-08-18,164.63259887695312,165.94965966796875,163.9740684814453,165.29112927246092,3773000.0
2016-08-19,161.33993530273438,164.6325870436065,161.33993530273438,164.6325870436065,5360000.0
2016-08-22,160.02291870117188,163.31557134934414,159.36438817153743,161.33997976044077,5158000.0
2016-08-23,160.68141174316406,161.66920730715893,159.6936161791692,159.6936161791692,3854000.0
2016-08-24,158.70584106445312,161.6692281382707,158.70584106445312,160.68143244699817,3420000.0
2016-08-25,160.02291870117188,160.68144923080632,159.0351229067202,159.36438817153743,4837000.0
2016-08-26,160.3521728515625,161.33996857754747,159.3643771255775,161.01070333555248,3444000.0
2016-08-29,161.01071166992188,161.66924218799926,159.36438537472839,161.33997692896057,4245000.0
2016-08-30,164.3033447265625,164.3033447265625,161.66922296741922,162.32775340720502,4230000.0
2016-08-31,164.63259887695312,165.29112927246092,162.98627288818358,164.3033336791992,6161000.0
2016-09-01,164.96188354492188,165.9496792547717,163.64482259845542,165.9496792547717,5590000.0
2016-09-02,161.33993530273438,165.29111739178094,161.33993530273438,164.6325870436065,4130000.0
2016-09-05,168.91307067871094,169.24233592369868,164.63262249387031,164.63262249387031,12917000.0
2016-09-06,166.93743896484375,168.91302995851055,166.27890863362148,168.91302995851055,6943000.0
2016-09-07,167.26673889160156,171.5471869341032,166.93747365756298,167.92526935967874,8711000.0
2016-09-08,165.29115295410156,166.937479178744,164.96188770917308,164.96188770917308,7615000.0
2016-09-09,161.33993530273438,162.65699599908322,160.02287460638553,162.32773082499602,7954000.0
2016-09-12,157.0594940185547,158.04728957841982,156.07169845868958,157.3887592051764,5499000.0
2016-09-13,157.71803283691406,158.70582844967134,156.0717068156519,158.04729804116647,4518000.0
2016-09-14,158.04730224609375,160.6814239501953,157.38877182006834,157.38877182006834,6876000.0
2016-09-19,159.36436462402344,160.02289505635412,157.71803854319674,157.71803854319674,8097000.0
2016-09-20,161.66921997070312,163.31554603965122,160.35215911554465,161.33995475691353,9510000.0
2016-09-21,161.9984893798828,163.64481549146697,161.33995893524914,162.65701982451648,6637000.0
2016-09-22,161.66921997070312,163.64481125344085,161.0106895431239,163.31554603965122,4019000.0
2016-09-23,162.3277587890625,162.65702401987195,161.33996309663414,161.6692283274436,3347000.0
2016-09-26,160.68141174316406,161.33994211916064,160.35214655516577,161.01067693116235,4076000.0
2016-09-27,160.68141174316406,160.68141174316406,160.68141174316406,160.68141174316406,0.0
2016-09-28,160.68141174316406,160.68141174316406,160.68141174316406,160.68141174316406,0.0
2016-09-29,161.33993530273438,161.33993530273438,160.02287460638553,160.02287460638553,6015000.0
2016-09-30,158.37657165527344,159.0351020987465,156.73024554659077,156.73024554659077,6825000.0
2016-10-03,158.70584106445312,160.02290198614983,158.04731060360476,158.70584106445312,4515000.0
2016-10-04,160.02291870117188,161.01071449562355,158.70585764190295,160.02291870117188,5241000.0
2016-10-05,162.65701293945312,163.31554335621206,159.03509564727906,159.03509564727906,6979000.0
2016-10-06,160.3521728515625,160.6814380935575,159.03511188358252,160.0229076095675,11331000.0
2016-10-07,158.70584106445312,159.69363675572566,157.38878014275642,159.36437152530146,5810000.0
2016-10-11,158.70584106445312,160.02290198614983,157.38878014275642,160.02290198614983,5989000.0
2016-10-12,158.04730224609375,158.37656745910644,156.40097618103027,158.04730224609375,5399000.0
2016-10-13,156.40097045898438,157.7180312628495,156.07170525801808,157.38876606188322,6782000.0
2016-10-14,155.74244689941406,156.73024254571055,154.75465125311757,155.74244689941406,6505000.0
2016-10-17,158.70584106445312,159.0351062948773,155.74245399063554,155.74245399063554,5843000.0
2016-10-18,158.04730224609375,159.3643630981445,156.73024139404296,159.3643630981445,3835000.0
2016-10-19,156.73023986816406,158.70583112700646,156.73023986816406,158.04730070739234,3336000.0
2016-10-20,155.41319274902344,158.04731466002383,155.41319274902344,156.07172322677354,3790000.0
2016-10-21,155.0839080810547,157.0594992668006,155.0839080810547,155.413173278679,4276000.0
2016-10-24,156.73023986816406,157.3887702877782,155.74244423874285,156.07170944854994,3235000.0
2016-10-25,160.02291870117188,161.33997976044077,158.70585764190295,161.33997976044077,5873000.0
2016-10-26,158.37657165527344,159.69363254221958,158.0473064335369,159.69363254221958,2860000.0
2016-10-27,157.3887481689453,159.36433915014547,157.05948300541195,158.37654365954538,2098000.0
2016-10-28,156.40097045898438,157.38876606188322,155.4131748560855,157.38876606188322,3400000.0
2016-10-31,158.04730224609375,158.70583267211913,156.07171096801756,156.07171096801756,4409000.0
2016-11-01,156.40097045898438,157.7180312628495,156.07170525801808,157.05950086091693,2866000.0
2016-11-02,155.74244689941406,156.73024254571055,155.4131816839819,155.74244689941406,2761000.0
2016-11-03,155.74244689941406,156.73024254571055,155.4131816839819,156.40097733027838,2720000.0
2016-11-04,148.82786560058594,155.41316938822249,147.84007003244045,154.75463900945883,10539000.0
2016-11-07,152.12051391601562,152.77904427928843,149.81565764456084,150.14492282619725,3873000.0
2016-11-08,150.1449432373047,150.80347369009988,148.82788233171428,150.80347369009988,4212000.0
2016-11-09,145.20596313476562,152.1205328078497,143.55963702212657,152.1205328078497,6929000.0
2016-11-10,146.19375610351562,149.48640826800923,145.86449088706627,148.1693474022118,5381000.0
2016-11-11,141.58401489257812,142.90107549623002,138.62062853436137,142.24254519440407,12770000.0
2016-11-14,143.88890075683594,144.5474311950823,140.2669833464808,142.90110509946635,6339000.0
2016-11-15,142.24256896972656,143.23036458757187,141.58403855782967,141.58403855782967,5243000.0
2016-11-16,142.24256896972656,144.2181602054172,140.59624293998436,143.88889499946876,5163000.0
2016-11-17,145.86448669433594,146.1937519013209,142.57183462448637,142.90109983147133,4248000.0
2016-11-18,149.48641967773438,149.48641967773438,144.54744105402068,144.8767062956016,4897000.0
2016-11-21,146.85226440429688,149.81565090572886,146.85226440429688,149.81565090572886,3170000.0
2016-11-22,150.47421264648438,151.13274311758497,147.51082552653173,148.16935599763232,6288000.0
2016-11-23,148.82786560058594,151.13272192625874,148.4986004112041,151.13272192625874,2849000.0
2016-11-24,146.19375610351562,148.1693474022118,146.19375610351562,147.8400821857624,3901000.0
2016-11-25,145.86448669433594,147.51081272926072,145.86448669433594,146.1937519013209,1956000.0
2016-11-28,147.1815643310547,148.49862530940862,145.86450335270072,146.19376859728922,3605000.0
2016-11-29,145.86448669433594,147.18154752227576,144.87669107338107,147.18154752227576,4482000.0
2016-11-30,145.86448669433594,148.82787355720055,145.86448669433594,147.51081272926072,8583000.0
2016-12-01,147.84005737304688,147.84005737304688,145.86446640592376,146.8522618894853,3836000.0
2016-12-02,148.1693572998047,148.8278877766927,146.1937658691406,147.51082682291667,4089000.0
2016-12-05,147.1815643310547,148.82789055399712,146.8522990864662,148.82789055399712,3164000.0
2016-12-06,148.82786560058594,150.14492635811325,148.16933522182228,148.82786560058594,4680000.0
2016-12-07,148.1693572998047,150.14494873046874,147.51082682291667,150.14494873046874,4604000.0
2016-12-08,151.46202087402344,151.46202087402344,148.4986335090969,148.8278987718665,7409000.0
2016-12-09,151.791259765625,152.12052497119035,150.14493373779825,151.46199456005965,5121000.0
2016-12-12,151.13272094726562,153.43757725800825,150.80345576001667,152.77904688351035,4420000.0
2016-12-13,150.47421264648438,151.13274311758497,149.81568217538378,150.80347788203466,4146000.0
2016-12-14,148.1693572998047,151.46200968424478,147.18156158447266,151.13274444580077,7586000.0
2016-12-15,150.1449432373047,150.47420846370227,146.8522909733287,147.84008665252148,4676000.0
2016-12-16,148.82786560058594,150.8034567368769,148.82786560058594,149.4863959793496,4197000.0
2016-12-19,147.5108184814453,148.82787936074394,147.18155326162068,148.82787936074394,2637000.0
2016-12-20,144.5474395751953,146.19376576625675,141.5840524312847,146.19376576625675,8875000.0
2016-12-21,142.57183837890625,145.5352253198073,142.57183837890625,144.54742967284028,4953000.0
2016-12-22,142.901123046875,143.888918828305,142.24259252592165,142.5718577863983,4232000.0
2016-12-23,142.57183837890625,143.55963402587327,142.24257316325057,142.90110359456193,4036000.0
2016-12-26,142.24256896972656,142.571834175675,140.92550814593278,140.92550814593278,3081000.0
2016-12-27,143.5596160888672,143.88888126338293,141.91329021628843,142.2425553908042,2065000.0
2016-12-28,143.88890075683594,144.5474311950823,142.57183988034316,143.55963553771272,2979000.0
2016-12-29,142.57183837890625,143.88889924152895,142.24257316325057,143.55963402587327,3600000.0
2016-12-30,142.57183837890625,144.2181644571846,142.57183837890625,143.88889924152895,3796000.0
2017-01-03,143.5596160888672,143.5596160888672,142.57182056531994,143.23035091435145,3403000.0
2017-01-04,142.24256896972656,143.88889499946876,141.91330376377812,143.55962979352032,3332000.0
2017-01-05,143.5596160888672,143.5596160888672,141.91329021628843,141.91329021628843,3647000.0
2017-01-06,144.87667846679688,146.1937391801314,143.55961775346236,143.888882931796,4246000.0
2017-01-09,142.901123046875,145.53524513068837,142.901123046875,145.20597987021168,2441000.0
2017-01-10,141.25477600097656,143.55963248584098,140.92551078885307,142.901102061594,3954000.0
2017-01-11,141.913330078125,142.24259534512763,140.26700374311196,141.25479954411978,3967000.0
2017-01-12,142.901123046875,143.23038830735166,141.5840620049683,142.24259252592165,2714000.0
2017-01-13,141.58401489257812,141.58401489257812,139.93768913801327,139.93768913801327,3723000.0
2017-01-16,138.6206512451172,139.93771206454824,138.29138604025943,139.2791816548327,4837000.0
2017-01-17,140.5962371826172,140.5962371826172,138.6206460278263,138.94991122029145,3230000.0
2017-01-18,139.27919006347656,140.59625096242198,138.94992483874023,140.26698573768562,4684000.0
2017-01-19,140.26698303222656,140.26698303222656,139.27918737707003,139.60845259545556,3823000.0
2017-01-20,139.27919006347656,140.26698573768562,138.94992483874023,139.93772051294928,3661000.0
2017-01-23,141.25477600097656,141.58404121310005,139.9377151524826,140.2669803646061,3686000.0
2017-01-24,140.5962371826172,141.58403276001263,139.9377067976869,139.9377067976869,5771000.0
2017-02-02,134.6694793701172,136.64507075451988,133.68168367791583,134.6694793701172,17460000.0
2017-02-03,136.3157958984375,137.6328567283741,134.9987350685009,134.9987350685009,7663000.0
2017-02-06,139.60845947265625,140.92552041107754,135.6572766573924,136.9743375958137,9082000.0
2017-02-07,143.5596160888672,143.5596160888672,138.29137329661518,139.6084339946782,8804000.0
2017-02-08,140.5962371826172,142.9010935298732,140.26697199015203,140.92550237508232,8490000.0
2017-02-09,141.58401489257812,141.91328004349108,140.5962194398392,141.58401489257812,4841000.0
2017-02-10,141.913330078125,143.23039114613545,141.5840648111224,142.90112587913285,6355000.0
2017-02-13,142.901123046875,143.55965356782832,141.913327265445,142.901123046875,5549000.0
2017-02-14,142.901123046875,143.23038830735166,141.5840620049683,141.5840620049683,4604000.0
2017-02-15,142.57183837890625,143.55963402587327,141.91330794759492,142.90110359456193,5806000.0
2017-02-16,142.901123046875,143.55965356782832,142.24259252592165,143.55965356782832,5237000.0
2017-02-17,148.1693572998047,149.48641825358072,143.23037872314453,143.23037872314453,15689000.0
2017-02-20,147.84005737304688,149.4863831789828,147.5107922118597,149.4863831789828,4617000.0
2017-02-21,148.4986114501953,151.46199837492205,148.1693462363368,148.4986114501953,6929000.0
2017-02-22,148.4986114501953,150.47420273334646,148.1693462363368,150.14493751948794,4512000.0
2017-02-23,147.84005737304688,149.15711801779563,147.18152705067249,148.82785285660844,5733000.0
2017-02-24,147.5108184814453,148.49861414091927,146.85228804179602,148.16934892109464,7611000.0
2017-03-01,148.1693572998047,150.14494873046874,147.51082682291667,148.8278877766927,7513000.0
2017-03-02,147.1815643310547,149.8156862877626,146.5230338418777,149.4864210431741,7700000.0
2017-03-03,144.5474395751953,147.18156148089363,143.8889090987707,146.85229624268132,7710000.0
2017-03-06,143.5596160888672,144.2181464378987,142.2425553908042,143.5596160888672,5254000.0
2017-03-07,143.5596160888672,143.5596160888672,142.2425553908042,142.2425553908042,4281000.0
2017-03-08,146.19375610351562,147.51081696931305,143.55963437192077,143.55963437192077,8795000.0
2017-03-09,143.5596160888672,146.1937374849932,143.5596160888672,146.1937374849932,4509000.0
2017-03-10,146.19375610351562,146.85228653641434,142.2425735061233,144.21816480481948,5633000.0
2017-03-13,146.5230255126953,148.16935164205145,145.2059646092104,148.16935164205145,5828000.0
2017-03-14,146.85226440429688,147.51079473794843,145.53520373699376,146.85226440429688,5670000.0
2017-03-15,145.86448669433594,146.8522823152908,144.87669107338107,146.8522823152908,4497000.0
2017-03-16,147.84005737304688,148.82785285660844,146.52299672829812,146.8522618894853,5465000.0
2017-03-17,148.4986114501953,148.82787666405383,147.51081580861972,148.1693462363368,5994000.0
2017-03-20,148.82786560058594,148.82786560058594,147.51080484305862,148.16933522182228,4087000.0
2017-03-21,151.46202087402344,152.44981666233227,149.1571640346361,149.48642929740572,11710000.0
2017-03-22,149.81568908691406,150.14495433765453,148.16936283321172,149.4864238361736,4936000.0
2017-03-23,147.5108184814453,149.8156750202179,147.18155326162068,149.1571445805686,5857000.0
2017-03-24,146.85226440429688,147.18152957112264,146.19373407064532,146.19373407064532,3290000.0
2017-03-27,147.5108184814453,148.16934892109464,145.5352271624974,146.1937576021467,3507000.0
2017-03-28,146.85226440429688,148.16932507159999,145.53520373699376,148.16932507159999,3138000.0
2017-03-29,144.21817016601562,146.52302676684235,143.55963970863655,146.19376153815284,7769000.0
2017-03-30,143.88890075683594,145.2059616333287,143.55963553771272,143.88890075683594,3256000.0
2017-03-31,141.58401489257812,143.88887094896893,141.25474974166514,143.23034064714298,7071000.0
2017-04-05,144.87667846679688,144.87667846679688,140.92549632679334,140.92549632679334,6211000.0
2017-04-06,142.901123046875,144.54744934925833,142.24259252592165,144.21818408878167,4412000.0
2017-04-07,142.57183837890625,143.88889924152895,141.58404273193923,142.90110359456193,3697000.0
2017-04-10,142.901123046875,144.21818408878167,142.24259252592165,142.5718577863983,3905000.0
2017-04-11,139.60845947265625,142.90111181870947,139.60845947265625,142.90111181870947,4660000.0
2017-04-12,140.925537109375,142.24259820385515,139.60847601489485,139.60847601489485,4489000.0
2017-04-13,140.26698303222656,141.9133091241541,140.26698303222656,140.59624825061206,3610000.0
2017-04-14,139.60845947265625,141.25478564568286,139.60845947265625,140.92552041107754,2310000.0
2017-04-17,138.94993591308594,140.59626216798034,138.29140541112818,139.6084664150437,2315000.0
2017-04-18,139.93771362304688,140.5962440400965,138.6206527889476,140.5962440400965,3701000.0
2017-04-19,140.925537109375,143.23039402471525,139.60847601489485,139.9377412885149,5889000.0
2017-04-20,141.58401489257812,142.57181034531703,140.26695428892623,140.92548459075218,3633000.0
2017-04-21,141.58401489257812,142.90107549623002,140.92548459075218,142.57181034531703,2407000.0
2017-04-24,141.58401489257812,142.24254519440407,140.92548459075218,141.91328004349108,1672000.0
2017-04-25,141.58401489257812,141.91328004349108,140.92548459075218,141.91328004349108,4827000.0
2017-04-26,140.5962371826172,141.58403276001263,139.60844160522174,141.58403276001263,5084000.0
2017-04-27,142.901123046875,143.23038830735166,140.92553148401495,140.92553148401495,3602000.0
2017-04-28,142.901123046875,143.55965356782832,141.913327265445,142.5718577863983,3397000.0
2017-05-02,145.86448669433594,147.51081272926072,141.25477379654654,141.25477379654654,11417000.0
2017-05-03,143.88890075683594,145.5352268524519,142.90110509946635,144.8766964142055,4582000.0
2017-05-04,143.5596160888672,144.2181464378987,142.57182056531994,143.5596160888672,2374000.0
2017-05-05,142.24256896972656,143.23036458757187,142.24256896972656,142.90109938162345,1229000.0
2017-05-08,139.93771362304688,142.2425700827206,139.60844841452206,142.2425700827206,4760000.0
2017-05-09,136.97433471679688,139.93772176595834,136.97433471679688,138.9499260829045,5119000.0
2017-05-10,137.63287353515625,138.94993452592328,135.6572820490057,138.29140403053978,4413000.0
2017-05-11,140.5962371826172,141.25476756754747,137.30358525796572,137.30358525796572,6470000.0
2017-05-12,141.25477600097656,141.25477600097656,139.27918472823563,140.5962455767296,4692000.0
2017-05-15,141.25477600097656,141.58404121310005,140.2669803646061,140.92551078885307,3073000.0
2017-05-16,139.27919006347656,142.24257708610372,139.27919006347656,141.25478141189467,5407000.0
2017-05-17,140.26698303222656,140.59624825061206,139.27918737707003,139.60845259545556,3570000.0
2017-05-18,140.26698303222656,140.59624825061206,138.29139172191353,138.62065694029903,4654000.0
2017-05-19,139.93771362304688,140.2669788315717,139.60844841452206,140.2669788315717,1824000.0
2017-05-22,137.63287353515625,139.6084650213068,137.30360828746447,139.6084650213068,4181000.0
2017-05-23,136.97433471679688,137.63286517216608,136.97433471679688,136.97433471679688,4239000.0
2017-05-24,142.57183837890625,143.88889924152895,139.6084514380052,140.59624708497222,15510000.0
2017-05-25,150.47421264648438,151.79127358868556,145.53523411322996,147.840090762082,23568000.0
2017-05-26,151.13272094726562,152.12051650901245,149.81566019826985,151.13272094726562,12758000.0
2017-05-31,151.46202087402344,152.7790819251019,150.8034903484842,151.46202087402344,11672000.0
2017-06-01,150.1449432373047,152.12053459569026,149.81567801090708,151.46200414289507,5294000.0
2017-06-02,154.09613037109375,155.41319131443643,151.13274324857272,151.4620084844084,11260000.0
2017-06-05,160.02291870117188,160.3521839659891,156.7302660529996,157.05953131781683,12226000.0
2017-06-06,161.33993530273438,161.9984656509088,158.04728356186223,161.9984656509088,9704000.0
2017-06-07,165.94967651367188,166.60820697602773,160.02290235246932,161.6692285083589,17411000.0
2017-06-08,167.26673889160156,169.90086076391026,162.98629084909996,164.3033517852543,16218000.0
2017-06-09,164.96188354492188,167.92527067447136,164.96188354492188,165.9496792547717,9941000.0
2017-06-12,163.64483642578125,165.6204280124104,161.9985101035903,162.98630589690487,6066000.0
2017-06-13,162.65701293945312,165.94966502324772,162.32774773107366,163.6448085645915,5346000.0
2017-06-14,164.63259887695312,165.29112927246092,161.66921209716796,163.6448032836914,6611000.0
2017-06-15,165.29115295410156,165.94968344395855,163.6448267294591,164.3033572193161,5915000.0
2017-06-16,166.6082000732422,166.6082000732422,162.65701746280956,163.97407833295378,7998000.0
2017-06-19,168.2545166015625,169.90084259570696,166.60819060741807,166.60819060741807,5502000.0
2017-06-20,169.5715789794922,169.5715789794922,167.92525296998255,168.91304857568835,5509000.0
2017-06-21,177.4739532470703,179.77880978274655,171.21791407880622,171.21791407880622,21193000.0
2017-06-22,178.4617462158203,180.4373375023423,176.48615492929832,179.12027664466098,9182000.0
2017-06-23,174.83982849121094,179.12027626971513,174.83982849121094,177.47395020105967,6092000.0
2017-06-26,177.4739532470703,178.13248368583496,173.8520358338648,174.1813010532471,7799000.0
2017-06-27,177.80322265625,179.7788140190972,176.4861617476852,177.80322265625,5658000.0
2017-06-28,173.85202026367188,176.4861417828184,173.19348988388523,175.82761140303177,6603000.0
2017-06-29,176.15689086914062,177.14468651887412,174.83983000282927,175.82762565256277,5434000.0
2017-06-30,171.54718017578125,173.5227715021818,170.55938451258098,173.19350628111505,10253000.0
2017-07-03,176.15689086914062,178.13248216860762,173.19350391994013,173.19350391994013,9996000.0
2017-07-04,173.5227813720703,176.8154337700223,173.5227813720703,175.49837281084152,5134000.0
2017-07-05,174.51058959960938,175.49838538979586,172.20573275584096,173.52279380942292,9453000.0
2017-07-06,171.79446411132812,175.52912637461785,171.79446411132812,175.1896116234097,9471000.0
2017-07-07,169.75735473632812,170.7758988647461,168.73881060791018,170.43638415527346,4608000.0
2017-07-10,167.72027587890625,171.45493789240416,167.04124642190664,170.77590843540455,5385000.0
2017-07-11,172.47348022460938,173.49202439916414,168.39930352639024,169.41784770094503,6013000.0
2017-07-12,172.81300354003906,174.17106250695488,171.45494457312324,172.47348879831011,5388000.0
2017-07-13,171.11541748046875,173.83153521825398,171.11541748046875,173.15250578380767,3417000.0
2017-07-14,172.81300354003906,173.152518281768,171.45494457312324,172.47348879831011,2618000.0
2017-07-17,172.81300354003906,173.83154776522593,171.45494457312324,173.83154776522593,2962000.0
2017-07-18,170.4364013671875,172.81300457350287,168.7388276483908,172.81300457350287,4379000.0
2017-07-19,177.2266845703125,178.58474345590875,171.1154195851293,171.1154195851293,13654000.0
2017-07-20,175.86862182617188,178.584739537773,175.1895923982716,177.22668068197243,5329000.0
2017-07-21,173.4920196533203,176.54765209339837,173.4920196533203,175.8686226622699,3599000.0
2017-07-24,172.13394165039062,172.81297100601347,169.07830955008785,171.7944269725792,5577000.0
2017-07-25,173.83151245117188,174.51054179668427,170.43636572360992,172.1339390873909,7255000.0
2017-07-26,175.86862182617188,179.26376896567328,175.1895923982716,175.86862182617188,13047000.0
2017-07-27,178.58474731445312,180.28232095812663,174.51057056963668,175.8686294845755,11908000.0
2017-07-28,180.9613494873047,183.33795257625616,177.22668749038095,178.58474639835322,13178000.0
2017-07-31,180.62184143066406,184.0169888259773,177.22669403535085,180.28232669113274,9531000.0
2017-08-01,198.61610412597656,198.61610412597656,186.73308934920874,188.77017759665466,27522000.0
2017-08-02,203.7088623046875,205.74595092773436,202.01128845214842,203.7088623046875,25444000.0
2017-08-03,197.59754943847656,202.0112404053154,197.59754943847656,200.99269633604487,8943000.0
2017-08-04,196.9185333251953,199.97416573886215,195.56047447467674,198.27659217571392,6986000.0
2017-08-07,196.23951721191406,198.27660562587857,194.5419435336103,196.91854668323555,11135000.0
2017-08-08,194.8814239501953,196.239482653681,190.12821848799544,194.5419092743239,12713000.0
2017-08-09,192.84439086914062,194.54196473242533,191.4863317785129,191.4863317785129,5732000.0
2017-08-10,190.1282501220703,195.56048583984375,189.44922065734863,192.84436798095703,6899000.0
2017-08-11,194.20242309570312,194.54193782139492,187.41212858186736,189.78873166170987,6111000.0
2017-08-14,190.1282501220703,193.5233974456787,190.1282501220703,193.5233974456787,4581000.0
2017-08-15,184.3564910888672,192.84435900271927,184.0169763723131,190.80727070339478,11565000.0
2017-08-16,185.37501525878906,187.412103338556,183.33792717902216,185.0355005788279,7302000.0
2017-08-17,184.6959991455078,186.7330873713774,183.67745503257302,186.3935726670658,5031000.0
2017-08-18,181.640380859375,182.9984397816881,179.60329247590536,180.6218366676402,5741000.0
2017-08-21,184.6959991455078,185.375028554131,179.2637638765223,180.62182269376868,5997487.0
2017-08-22,183.67745971679688,186.39357742055728,183.33794500382683,185.03551856867708,4224979.0
2017-08-23,184.01698303222656,189.44921869369452,183.6774683033848,187.41213032064402,7304257.0
2017-08-24,185.37501525878906,186.05404461871137,183.33792717902216,183.33792717902216,3828042.0
2017-08-25,182.65892028808594,185.37503806188647,182.65892028808594,185.0355233401614,5926124.0
2017-08-28,184.3564910888672,184.69600580542127,181.97988807298862,183.33794693920493,2632943.0
2017-08-29,181.30087280273438,183.33796126119208,181.30087280273438,182.99844651811577,3518006.0
2017-08-30,182.3194122314453,184.6960153704027,181.97989749730854,183.6774711679924,3422299.0
2017-08-31,183.67745971679688,187.0726068464974,183.6774597167969,184.356489142737,9081408.0
2017-09-01,184.6959991455078,186.3935726670658,184.01696973688462,186.3935726670658,4452924.0
2017-09-04,184.01698303222656,184.3564977610683,182.31940938801785,183.6774683033848,2430050.0
2017-09-05,189.78872680664062,189.78872680664062,184.0169766175299,185.03552076854945,6238464.0
2017-09-06,184.3564910888672,189.10969712062436,184.0169763723131,189.10969712062436,7551773.0
2017-09-07,185.0355224609375,188.43066966205564,184.35649302071388,184.35649302071388,5622648.0
2017-09-08,186.39356994628906,187.4121140443562,184.01696705079902,187.0725993450005,5445804.0
2017-09-11,189.44920349121094,189.78871819280806,186.7330858784337,187.41211528162802,6872066.0
2017-09-12,187.07261657714844,192.16533753659894,186.7331018465184,191.48630807533888,6680350.0
2017-09-13,186.7331085205078,188.43068223433062,185.37504954944959,188.09116749156607,4256271.0
2017-09-14,194.8814239501953,199.97414408826663,185.03549834992413,185.03549834992413,17341006.0
2017-09-15,198.27658081054688,199.9741542763906,196.9185220378719,199.63463958322185,13364831.0
2017-09-18,198.61610412597656,205.06688357622195,198.61610412597656,203.36931003668371,7120717.0
2017-09-19,198.9556121826172,202.0112444516335,198.27658278950244,200.653185665404,6135117.0
2017-09-20,196.9185333251953,199.6346510262325,191.82581263575062,198.27659217571392,8499483.0
2017-09-21,199.2951202392578,199.9741496097493,193.52337059007996,193.52337059007996,6051869.0
2017-09-22,194.20242309570312,199.97417343246354,194.20242309570312,199.29514398107997,4793035.0
2017-09-25,193.8629150390625,196.918547675405,190.80728240272,194.2024297764339,4673144.0
2017-09-26,191.48629760742188,196.2395035764004,191.48629760742188,193.86290059191114,3600978.0
2017-09-27,195.220947265625,196.9185207201087,193.18385912024456,193.5233738111413,6917649.0
2017-09-28,197.59754943847656,199.63463757701754,195.56046129993555,196.23949067944923,8607612.0
2017-09-29,193.18389892578125,197.59759081687994,193.18389892578125,196.91856129517245,7326675.0
2017-10-02,195.5604705810547,199.29513234562344,195.2209558751848,198.95561763975357,4691717.0
2017-10-03,195.5604705810547,196.57901469866437,193.86289705170526,196.23949999279446,4003475.0
2017-10-05,193.5233917236328,197.2580536691766,193.18387700131066,196.91853894685445,5068194.0
2017-10-06,197.59754943847656,200.31366695653122,195.56046129993555,196.23949067944923,10976211.0
2017-10-11,207.78302001953125,208.12253475812525,200.99272524765115,202.35078420202717,18218715.0
2017-10-12,206.08543395996094,209.82009586038856,205.74591924174024,209.14106642394717,16332612.0
2017-10-13,218.64749145507812,218.64749145507812,209.14107878311822,209.82010825968678,25082732.0
2017-10-16,221.36363220214844,224.07975038867787,215.93139582908958,217.62896969567046,18159999.0
2017-10-17,217.96847534179688,222.04265245098932,217.6289605826975,221.36362293279058,8698007.0
2017-10-18,213.5547332763672,218.64745346578772,212.19667455918838,217.9684241071983,8309166.0
2017-10-19,214.91281127929688,219.6660172159638,214.57329656953496,215.2523259890588,7519592.0
2017-10-20,212.5362091064453,216.9499003498699,212.5362091064453,214.91281208367394,7447318.0
2017-10-23,217.62893676757812,218.98699565536333,216.27087787979292,217.96845148952443,6564806.0
2017-10-24,218.30795288085938,218.98698228328817,213.89426176507214,216.27086467357296,4263073.0
2017-10-25,222.7216339111328,226.79581014121453,221.36357516777227,222.7216339111328,11984238.0
2017-10-26,229.85147094726562,230.53050040353523,221.3636027438954,222.042632200165,9927715.0
2017-10-27,224.0797119140625,234.9441827947443,224.0797119140625,229.8514620694247,12505057.0
2017-10-30,227.1353302001953,228.832903669554,221.70309509824745,227.47484489406705,7630413.0
2017-10-31,232.567626953125,237.66034871122264,226.11684605953468,228.15393476277373,14831751.0
2017-11-01,229.51193237304688,237.99979969453528,229.51193237304688,237.99979969453528,13411322.0
2017-11-02,228.15390014648438,233.5861358642578,228.15390014648438,229.1724443435669,6780834.0
2017-11-03,227.47483825683594,231.88852914838648,225.43775015304337,229.5119263606285,8807838.0
2017-11-06,222.7216339111328,225.7772660836941,219.3264870527314,225.0982367120138,13130766.0
2017-11-07,229.1724090576172,229.8514384177879,224.0796888563368,224.0796888563368,7730251.0
2017-11-08,228.49343872070312,230.19101255963852,225.43780581061944,228.8329534884902,4448375.0
2017-11-09,224.75875854492188,231.54905336501014,222.7216700988954,228.49342069597043,5387287.0
2017-11-10,221.36363220214844,221.36363220214844,208.80158558944981,219.32654356225137,15697597.0
2017-11-13,215.59182739257812,220.34503303587906,215.59182739257812,219.66600365826463,6588631.0
2017-11-14,221.36363220214844,225.77732425525875,218.647514015619,221.36363220214844,8063450.0
2017-11-15,218.64749145507812,220.68457988478383,216.61040302537242,219.32652093164668,5776318.0
2017-11-16,217.62893676757812,220.6845692650948,216.94990732368552,218.64748093341703,4947048.0
2017-11-17,223.7401885986328,224.07970330060343,220.6845562808973,222.04261508877974,6854773.0
2017-11-20,217.2894287109375,226.79584121704102,216.61039924621582,226.79584121704102,6000173.0
2017-11-21,218.64749145507812,219.66603566993098,214.57331459566674,217.62894724022527,6266273.0
2017-11-22,222.0426483154297,225.43779584318855,218.98701554044672,220.00555979877439,7402234.0
2017-11-23,222.0426483154297,226.45634010151622,221.70313356265382,225.09828109041268,4104085.0
2017-11-24,221.36363220214844,224.07975038867787,220.0055731088837,224.07975038867787,3238485.0
2017-11-27,224.41920471191406,224.75871939377777,220.3450285295495,222.72163130259548,3919596.0
2017-11-28,224.75875854492188,228.83293543697482,223.0611848398998,228.83293543697482,7460233.0
2017-11-29,227.1353302001953,228.49338897568228,225.4377567308366,227.1353302001953,4474461.0
2017-11-30,221.36363220214844,228.49344244178818,216.27091060240576,228.153927668472,9772780.0
2017-12-01,213.894287109375,223.40069986979168,211.8571986607143,221.70312616257442,7919572.0
2017-12-04,217.2894287109375,217.62894344329834,213.8942813873291,213.8942813873291,4552823.0
2017-12-05,215.93136596679688,217.28942487224842,213.89427760861955,215.93136596679688,2998874.0
2017-12-06,194.54193115234375,215.93135813767995,194.54193115234375,215.93135813767995,17346883.0
2017-12-07,195.220947265625,198.95560886548913,193.18385912024456,196.23949133831522,11079895.0
2017-12-08,200.99269104003906,202.01123508247167,195.22094146625415,197.59754423193027,7051528.0
2017-12-11,203.3693389892578,204.72739801422784,200.99273569556033,202.01127996428784,3470565.0
2017-12-12,200.99269104003906,203.70880848652607,197.59754423193027,203.3692938057152,3935176.0
2017-12-13,197.59754943847656,203.02978447458588,197.59754943847656,202.3507550950722,4712816.0
2017-12-14,196.57904052734375,200.6532175330918,196.23952577686475,197.93709952925977,4395536.0
2017-12-15,193.5233917236328,196.23950950221013,187.41212672183389,195.22096533524365,12426779.0
2017-12-18,195.220947265625,196.23949133831522,190.1282269021739,193.5233738111413,5170946.0
2017-12-19,199.63467407226562,199.63467407226562,195.22098229855908,196.23952655402982,5989588.0
2017-12-20,198.61610412597656,199.63464824969952,195.5604717548077,199.63464824969952,2430748.0
2017-12-21,196.9185333251953,200.9927098767511,196.9185333251953,198.95562160097322,2601721.0
2017-12-22,197.25807189941406,199.29516042161111,196.23952763831554,198.61613091421208,2119223.0
2017-12-25,194.8814239501953,197.93705603303812,194.20239459845249,197.59754135716668,1436728.0
2017-12-26,190.1282501220703,195.56048583984375,188.09116172790527,195.2209711074829,5960186.0
2017-12-27,192.16534423828125,192.50485898075172,187.75165258616525,190.12825578345848,4375518.0
2017-12-28,194.20242309570312,195.2209672727785,190.80727583878524,190.80727583878524,4585851.0
2017-12-29,199.63467407226562,199.63467407226562,194.88146754673548,195.90001180220622,5105493.0
2018-01-02,197.9370880126953,199.29514693559545,196.23951435907014,198.95563220487043,2537800.0
2018-01-03,204.04835510253906,205.40641403832967,200.3136930291149,200.3136930291149,8196202.0
2018-01-04,208.4620361328125,208.4620361328125,202.35077122989617,204.38785953086827,6783498.0
2018-01-05,203.7088623046875,210.49915771484373,201.67177368164062,210.49915771484373,4965501.0
2018-01-08,202.35076904296875,207.78300445351826,200.9927101903314,206.42494560088087,4142031.0
2018-01-09,206.42494201660156,206.42494201660156,200.99270670037518,201.6717361149035,5147465.0
2018-01-10,210.1596221923828,211.17816640333135,205.0669011376401,206.76447482255435,6727283.0
2018-01-11,207.78302001953125,210.15962318968928,205.40641684937322,210.15962318968928,3775458.0
2018-01-12,210.1596221923828,211.5176811403142,208.46204850746858,209.82010745539998,4794414.0
2018-01-15,212.5362091064453,212.5362091064453,209.48057670715136,211.85717968438,4350414.0
2018-01-16,211.857177734375,213.21523656600561,209.8200894869291,211.1781483185597,3804847.0
2018-01-17,208.12252807617188,209.14107225925267,206.08543971001032,209.14107225925267,5779149.0
2018-01-18,216.94989013671875,218.3079489169173,208.4620227604778,209.4805668456267,8785766.0
2018-01-19,216.61036682128906,217.96842554744134,213.21522000590835,217.96842554744134,7447305.0
2018-01-22,216.61036682128906,216.61036682128906,211.85716127975607,215.25230809513678,5523851.0
2018-01-23,215.93136596679688,219.66602795678864,215.2523365140711,216.27088069315974,10049361.0
2018-01-24,208.80154418945312,214.573294191438,208.80154418945312,213.8942647794398,7768626.0
2018-01-25,207.4434814453125,215.25231953572523,207.4434814453125,209.1410549432283,8777131.0
2018-01-26,209.14105224609375,209.48056694129843,204.04833181802329,204.04833181802329,7022277.0
2018-01-29,209.14105224609375,213.2152285885501,208.46202285568435,213.2152285885501,4417172.0
2018-01-30,203.02978515625,207.44347613790762,202.69027046535325,207.44347613790762,6738505.0
2018-01-31,203.02978515625,206.4249320652174,200.3136676290761,200.3136676290761,7733732.0
2018-02-01,208.4620361328125,211.17815386744198,208.1225214159838,210.4991244337846,13138201.0
2018-02-02,206.7644805908203,208.1225395766385,204.727392112093,206.42496584436574,5242656.0
2018-02-05,203.02978515625,204.38784391983697,200.3136676290761,200.3136676290761,5583969.0
2018-02-06,194.54193115234375,198.27659300692625,189.4492104415494,196.91853415071444,11116800.0
2018-02-07,193.18389892578125,200.3137089037099,193.18389892578125,198.61613509944118,7676256.0
2018-02-08,194.20242309570312,195.89999672416207,192.1653347415524,193.52339364431955,4649916.0
2018-02-09,192.16534423828125,194.20243269310404,183.33796093404925,185.03553464640157,8477304.0
2018-02-12,193.5233917236328,196.23950950221013,192.16533283434416,194.54193589059932,5525043.0
2018-02-21,206.7644805908203,206.7644805908203,198.27661192945658,199.29515616882023,11124413.0
2018-02-22,205.06687927246094,207.78299687871868,202.6902763669854,203.70882046933204,6376415.0
2018-02-23,204.04835510253906,205.06689930438202,203.36932563464376,203.7088403685914,6134549.0
2018-02-26,201.33224487304688,206.76448082240395,201.33224487304685,206.76448082240395,3613576.0
2018-02-27,204.38787841796875,208.46205539640002,204.38787841796875,205.06690791437396,7542774.0
2018-03-01,203.3693389892578,205.40642752671283,199.97419142683282,204.38788325798532,9324203.0
2018-03-02,205.40640258789062,208.4620350230824,200.99271129261362,200.99271129261362,11009432.0
2018-03-05,200.31369018554688,205.7459258515956,200.31369018554688,205.40641112246755,6953028.0
2018-03-06,204.38787841796875,205.7459374107792,201.3322456841453,203.02981942515834,7629162.0
2018-03-07,203.7088623046875,208.80158386230468,202.01128845214842,202.01128845214842,10376719.0
2018-03-08,210.1596221923828,210.1596221923828,205.40641587462295,206.42496008557148,11617109.0
2018-03-09,210.8386688232422,212.19672788168498,208.80158023557803,210.1596392940208,6950746.0
2018-03-12,215.25234985351562,218.98701207494886,211.5176876320824,211.85720237948541,12539320.0
2018-03-13,216.61036682128906,217.62891086590326,215.25230809513678,215.25230809513678,10215713.0
2018-03-14,212.87571716308594,216.61037886770148,212.87571716308594,216.61037886770148,6017705.0
2018-03-15,215.93136596679688,217.9684543249742,212.87573342953087,212.87573342953087,8616499.0
2018-03-16,215.25234985351562,218.98701207494886,215.25234985351562,218.64749732754586,12301493.0
2018-03-19,226.79580688476562,233.58610050406998,217.62891049870473,218.30793986063514,18084889.0
2018-03-20,232.567626953125,233.58617130474454,227.47490519502736,227.47490519502736,16137222.0
2018-03-21,228.15390014648438,236.30225372314453,227.4748706817627,236.30225372314453,12857200.0
2018-03-22,228.15390014648438,232.22807693481445,227.4748706817627,230.1909885406494,5677495.0
2018-03-23,222.7216339111328,226.79581014121453,219.3264870527314,220.0055164244117,6414475.0
2018-03-26,235.62322998046875,235.96274472107459,222.72166983744594,223.0611845780518,11777725.0
2018-03-27,232.567626953125,234.26520087249088,226.79587562728102,232.90714173699817,12445408.0
2018-03-28,226.1167755126953,231.88852503779415,226.1167755126953,229.51192229216522,6333805.0
2018-03-29,224.75875854492188,231.54905336501014,224.75875854492188,229.17245017797924,6376204.0
2018-03-30,230.87001037597656,235.28370175081142,229.85146621255313,230.19098093369428,10060735.0
2018-04-02,228.49343872070312,233.2466454697222,228.15392395291605,233.2466454697222,3080504.0
2018-04-03,222.7216339111328,226.79581014121453,221.7030898536124,226.45629545537437,7879106.0
2018-04-09,222.3821563720703,226.11681854015086,222.38215637207028,224.75875956993974,6830784.0
2018-04-10,222.0426483154297,224.75876633763679,221.36361880987792,224.07973683208502,4614776.0
2018-04-11,230.1909942626953,232.90711218909883,223.74021418748706,224.0797289282875,9473560.0
2018-04-12,225.09825134277344,232.22806020883414,224.41922192695813,230.5304866692959,5856142.0
2018-04-13,228.15390014648438,229.51195907592773,226.79584121704102,227.4748706817627,4800170.0
2018-04-16,232.2280731201172,234.94419093438756,229.85147003263063,230.870014212982,7684952.0
2018-04-17,230.87001037597656,234.265157587388,228.15389260684742,234.265157587388,5928455.0
2018-04-18,245.8086395263672,253.27796282689218,234.26513988010134,234.26513988010134,25903106.0
2018-04-19,244.7900848388672,254.29649590057076,242.7529967542164,251.2408637735946,16688689.0
2018-04-20,240.7159423828125,245.8086633076957,238.33933928453365,242.4135160244402,9243973.0
2018-04-23,237.9998016357422,246.4876690264605,237.9998016357422,241.73446328765823,8170123.0
2018-04-24,231.88853454589844,240.37640184260042,224.0796966329326,239.01834307512812,10638684.0
2018-04-25,228.83294677734375,234.94421241828172,227.13537298819432,229.85149105083343,7676548.0
2018-04-26,219.666015625,233.92563333172336,217.96844208848532,231.5490303806028,12585799.0
2018-04-27,230.53050231933594,230.53050231933594,221.0240898525592,228.83292866455437,8263068.0
2018-04-30,230.87001037597656,231.54903981825885,222.04262762630688,222.72165706858917,10315708.0
2018-05-02,224.75875854492188,232.9071123290278,224.07972906291303,231.88856810601456,8872980.0
2018-05-03,217.2894287109375,223.40069389343262,211.85719299316406,222.72166442871094,12988126.0
2018-05-04,221.0240936279297,222.72166731170796,213.894284156061,213.894284156061,5703448.0
2018-05-07,216.2708740234375,225.77728606842373,215.25232987576038,225.43777135253137,7252344.0
2018-05-08,220.68455505371094,221.36358445387623,216.61037865271936,216.61037865271936,5086816.0
2018-05-09,222.7216339111328,224.41920734033351,218.98697236689125,221.0240604819321,4851243.0
2018-05-10,223.7401885986328,225.09824740651524,221.3635856848385,222.72164449272097,4467038.0
2018-05-11,216.94989013671875,224.41921342781077,215.25231666147056,223.74018403771151,8255872.0
2018-05-14,217.2894287109375,221.36360549926758,215.93136978149414,220.6845760345459,5333227.0
2018-05-15,216.61036682128906,220.00551363666978,216.27085213975099,220.00551363666978,3385594.0
2018-05-16,216.61036682128906,218.6474549105175,213.8942493689845,217.28939618436522,3594624.0
2018-05-17,210.49916076660156,216.27091194891162,208.46207211402154,216.27091194891162,8766504.0
2018-05-18,212.5362091064453,213.89426795057594,208.46203257405338,211.51766497334734,5357335.0
2018-05-21,213.21524047851562,215.2523287633422,212.87572576437788,214.23378462092893,3005338.0
2018-05-22,217.62893676757812,218.64748093341703,212.53621593838363,213.89427482616884,6695276.0
2018-05-23,217.2894287109375,219.32651710510254,215.5918550491333,219.32651710510254,6434676.0
2018-05-24,218.64749145507812,219.32652093164668,215.93137354880386,219.32652093164668,3680555.0
2018-05-25,220.0055389404297,221.7031125433651,216.61039173455887,218.64748005808138,4871678.0
2018-05-28,216.2708740234375,221.02408004593062,216.27087402343747,220.00553589825353,3884905.0
2018-05-29,213.894287109375,216.94991978236607,213.894287109375,216.61040504092261,2389488.0
2018-05-30,210.49916076660156,212.87576419461158,210.49916076660156,212.19673464375157,4860062.0
2018-05-31,211.51766967773438,212.5362138334859,209.48058136623132,212.5362138334859,9847970.0
2018-06-01,216.61036682128906,216.61036682128906,212.53619064283222,212.87570532437027,3291068.0
2018-06-04,223.7401885986328,224.419218002574,216.94989455922058,216.94989455922058,8387494.0
2018-06-05,220.68455505371094,224.4192167546199,220.34504035362832,224.4192167546199,3675678.0
2018-06-06,224.75875854492188,226.79584699094835,222.04264061688656,223.74021432190864,5458800.0
2018-06-07,224.75875854492188,225.4377880269307,222.7216700988954,224.75875854492188,3642395.0
2018-06-08,224.0797119140625,224.0797119140625,221.70310890891335,223.40068248401988,3650689.0
2018-06-11,225.7772979736328,227.13535690881255,224.41923903845307,224.758753772248,3276621.0
2018-06-12,220.0055389404297,224.41923030806177,219.32650949925554,223.40068614630053,3746024.0
2018-06-13,217.62893676757812,221.3635987089874,217.62893676757812,218.98699565536333,3460873.0
2018-06-14,213.894287109375,218.9870082310268,213.894287109375,217.28943452380952,3719428.0
2018-06-15,213.894287109375,216.27089029947916,212.19671340215774,214.5733165922619,5146049.0
2018-06-19,211.857177734375,215.93135422926684,211.1781483185597,211.51766302646735,4618793.0
2018-06-20,210.49916076660156,212.5362494191816,209.82013121574155,211.85721986832158,5514714.0
2018-06-21,211.857177734375,212.87572185809796,210.83863361065204,211.857177734375,3846807.0
2018-06-22,210.8386688232422,211.17818358785289,209.14109500018873,210.4991540586315,3055482.0
2018-06-25,210.49916076660156,211.17819031746157,208.46207211402154,208.46207211402154,2755202.0
2018-06-26,201.33224487304688,207.44351031607357,198.95564164520314,207.10399556923875,10955073.0
2018-06-27,201.33224487304688,205.06690708822984,200.99273012621205,201.67175961988167,6254777.0
2018-06-28,201.6717529296875,203.02981187197494,198.27660557396885,200.31369398740003,4398790.0
2018-06-29,203.7088623046875,205.06692138671875,202.69031799316406,202.69031799316406,4915252.0
2018-07-02,207.10398864746094,212.19670967977555,204.38787076355982,204.38787076355982,5731591.0
2018-07-03,206.7644805908203,209.82011330891123,205.74593635145666,207.10399533727485,3859712.0
2018-07-04,202.35076904296875,208.1225191666776,201.6717396166501,206.08543088772154,3724168.0
2018-07-05,191.1468048095703,200.31370308640584,190.4677753075825,200.31370308640584,9890612.0
2018-07-06,193.5233917236328,195.5604800575658,191.48630338969986,191.48630338969986,9758208.0
2018-07-09,191.76409912109375,196.6901493737457,190.7085169240969,195.63456717674885,6556647.0
2018-07-10,197.04200744628906,197.04200744628906,192.81967871529713,193.1715394428798,4572871.0
2018-07-11,194.22711181640625,195.98641536546788,192.4678082673446,194.9308332360309,3684846.0
2018-07-12,199.1531524658203,200.56059523943034,194.22710275818517,194.22710275818517,4540240.0
2018-07-13,200.56060791015625,201.26432934141994,197.7457221851014,198.09758290073327,3278038.0
2018-07-16,198.80130004882812,201.6161857132363,198.80130004882812,200.56060358908323,1847940.0
2018-07-17,200.91246032714844,202.31990313154176,199.15315682165675,199.15315682165675,3209658.0
2018-07-18,197.7457275390625,203.02363841643964,197.7457275390625,201.9680562409642,4952897.0
2018-07-19,199.85690307617188,200.2087638210243,198.0975993519098,199.50504233131946,2521955.0
2018-07-20,197.04200744628906,199.85689326695032,197.04200744628906,198.44945035661968,3062839.0
2018-07-23,191.0603485107422,195.98639801193997,190.7084878320852,195.98639801193997,10295269.0
2018-07-24,179.44895935058594,190.00478048885572,178.74523794136795,190.00478048885572,18761099.0
2018-07-25,184.72686767578125,185.7824497767857,178.7452357700893,179.44895717075892,7951621.0
2018-07-26,185.0787353515625,185.0787353515625,182.26384964279347,182.26384964279347,6681232.0
2018-07-27,188.24546813964844,191.06035364454038,185.078721946645,185.078721946645,7011218.0
2018-07-30,182.96755981445312,186.48616673396182,181.9119777386005,185.4305846581092,6547869.0
2018-07-31,178.74522399902344,180.85638806200402,175.93033858171597,180.15266670767716,11840789.0
2018-08-01,193.5233917236328,195.28269528475676,186.48617747913707,186.48617747913707,15825338.0
2018-08-02,189.30105590820312,194.93082708762924,189.30105590820312,194.227105690201,9247991.0
2018-08-03,192.81967163085938,192.81967163085938,190.70850734293026,191.41222877223996,4041440.0
2018-08-06,192.11595153808594,192.8196729722914,190.0047872354696,192.46781225518865,2324777.0
2018-08-07,193.875244140625,195.6345476264746,191.06035856326568,192.11594065477541,5155603.0
2018-08-08,195.28269958496094,195.63456030493384,193.5233959850964,194.93083886498803,4605097.0
2018-08-09,193.5233917236328,194.57897386030717,191.4122274502841,194.2271131480824,3245805.0
2018-08-10,193.17152404785156,194.57896684601442,191.76408124968873,191.76408124968873,1925377.0
2018-08-13,185.4305877685547,188.94919474708516,181.5601200921712,186.48616986211383,5137482.0
2018-08-14,186.48619079589844,187.89363374530146,185.4306085838462,185.4306085838462,2505500.0
2018-08-15,182.96755981445312,185.7824453500601,182.96755981445312,185.4305846581092,2342251.0
2018-08-16,174.17105102539062,178.04151882595488,173.11546889796404,175.93035457110165,12296116.0
2018-08-17,173.81918334960938,177.689650995046,173.11546195952997,176.28220821488725,7505316.0
2018-08-20,173.81918334960938,175.57848682480784,171.7080191793712,175.57848682480784,5106423.0
2018-08-21,172.7635955810547,173.8191776314481,172.41173489759024,173.11545626451917,3879372.0
2018-08-22,174.17105102539062,175.57849386195946,171.7080260613952,173.81919031624844,6912322.0
2018-08-23,178.04151916503906,178.04151916503906,174.52291206691575,174.52291206691575,5146562.0
2018-08-24,175.93035888671875,178.04152319335938,173.81919458007815,178.04152319335938,2873118.0
2018-08-27,174.17105102539062,175.22663315281724,172.76360818882182,174.87477244367503,3028194.0
2018-08-28,177.33779907226562,180.1526847718254,174.17105266026087,174.17105266026087,10553025.0
2018-08-29,180.1526641845703,180.5045248568058,178.04150015115738,179.09708216786385,5288321.0
2018-08-30,180.1526641845703,181.91196754574776,179.44894284009933,180.8563855290413,4274480.0
2018-08-31,176.98594665527344,179.4489717578319,174.87478228165187,179.4489717578319,5802520.0
2018-09-03,175.5784912109375,178.04151613774422,175.22663050710796,177.6896554339147,2545530.0
2018-09-04,178.39337158203125,179.4489536623983,175.93034672784148,175.93034672784148,4155461.0
2018-09-05,178.74522399902344,180.15266670767716,177.3377812903697,178.39336332186,3409310.0
2018-09-06,179.44895935058594,180.85640216902192,175.930352304496,177.68965582754097,3895939.0
2018-09-07,174.52291870117188,179.09710810261387,172.76361508523263,178.04152593305034,6183361.0
2018-09-10,170.65243530273438,176.63406705561374,167.48568908062177,175.22662429023035,6448148.0
2018-09-11,171.70802307128906,173.81918728937868,169.59685885319945,173.1154658833488,4864726.0
2018-09-12,171.70802307128906,173.46732658636375,170.30058025922932,173.46732658636375,3333026.0
2018-09-13,170.3005828857422,172.7636078448335,170.3005828857422,172.7636078448335,3132346.0
2018-09-14,172.7635955810547,173.46731694798365,171.00429216373234,172.05987421412576,3522752.0
2018-09-17,171.35617065429688,172.41175281438495,170.3005884942088,171.70803137432623,1585951.0
2018-09-18,172.0598907470703,173.467333616167,171.00430859524778,171.00430859524778,3103033.0
2018-09-19,172.41175842285156,174.874783543178,171.0043154969507,173.46734061727716,3740889.0
2018-09-20,167.48568725585938,172.4117368810317,167.13382656834705,171.35615481849476,5312721.0
2018-09-21,171.0043182373047,171.70803971153228,169.24501455173572,169.9487360259633,4163227.0
2018-09-25,171.35617065429688,171.70803137432623,169.5968670541501,169.5968670541501,2246605.0
2018-09-26,169.94871520996094,172.4117400680763,169.59685451594447,172.05987937405985,3087089.0
2018-09-27,169.94871520996094,170.30057590397743,168.18941173987852,169.59685451594447,2935735.0
2018-09-28,173.46734619140625,173.46734619140625,171.00432099193395,172.05990322027924,5847255.0
2018-10-01,175.93035888671875,177.3378017578125,174.87477673339845,174.87477673339845,4200741.0
2018-10-02,172.41175842285156,176.63408720055403,171.0043154969507,175.9303657376036,5612236.0
2018-10-03,173.11546325683594,173.46732395451244,169.59685628007097,172.76360255915944,2859111.0
2018-10-04,170.3005828857422,174.52291138704157,170.3005828857422,174.52291138704157,4069030.0
2018-10-05,165.0226593017578,169.5968481523396,163.61521657850187,168.89312679071162,9232507.0
2018-10-08,164.31895446777344,165.72639733259376,163.61523303536327,165.0226759001836,5331698.0
2018-10-09,160.8003387451172,165.02266711479203,160.8003387451172,164.6708064173191,4308219.0
2018-10-11,148.1333770751953,148.1333770751953,145.6703518031612,146.02221255630892,15727317.0
2018-10-12,154.81871032714844,155.52243173772638,147.78149622136897,147.78149622136897,7413236.0
2018-10-15,155.52243041992188,159.39289814530454,152.0038233968467,153.7631269083843,7201028.0
2018-10-16,156.2261505126953,159.7447575062245,156.2261505126953,156.57801121204824,3697987.0
2018-10-17,157.98544311523438,159.3928858155928,157.63358244014475,158.6891644654136,3131048.0
2018-10-18,158.33734130859375,159.7447843424479,157.63361979166666,158.33734130859375,2586243.0
2018-10-19,156.57801818847656,156.57801818847656,153.7631324682343,155.874296758416,3881788.0
2018-10-22,155.87428283691406,157.6335862549379,154.81870078609973,155.1705614697045,2304109.0
2018-10-23,150.5963897705078,156.2261613507137,150.5963897705078,154.81871845566224,3750442.0
2018-10-24,150.5963897705078,152.0038326655593,144.96661819030192,149.18894687545634,5893975.0
2018-10-25,147.781494140625,149.18893694196427,144.96660853794643,146.0221906389509,6389358.0
2018-10-26,142.15171813964844,150.2445139743314,141.096136074255,149.18893190893797,8450095.0
2018-10-29,146.37405395507812,146.37405395507812,140.3924219424908,144.966611128587,7011609.0
2018-10-30,145.6703338623047,149.18894096042797,144.96661244268003,147.077776701554,3914023.0
2018-10-31,160.0966339111328,160.0966339111328,148.4852296934023,149.18895116114354,10063937.0
2018-11-01,157.28175354003906,161.1522217479595,153.7631460782932,159.74477876326114,9439080.0
2018-11-02,160.0966339111328,162.20779831435652,157.98546950790907,159.39291244339157,7303536.0
2018-11-05,161.85594177246094,161.85594177246094,157.6336128566576,158.68919508560845,4228811.0
2018-11-06,161.85594177246094,167.4857136601987,159.39291657157568,164.31896697334622,5864560.0
2018-11-07,165.37454223632812,166.07826369265294,161.8559349547041,161.8559349547041,3622354.0
2018-11-08,165.37454223632812,168.89314951795214,163.96709932367853,168.18942806162732,3624731.0
2018-11-09,160.8003387451172,165.02266711479203,159.39289595522555,165.02266711479203,4578760.0
2018-11-12,165.0226593017578,165.72638066338578,159.74474908954807,160.44847045117604,4708588.0
2018-11-13,162.5596466064453,164.67081084808746,159.3929002439821,160.0966216578628,4335995.0
2018-11-14,161.85594177246094,163.96710623036262,161.15222028649373,162.55966325842817,2604260.0
2018-11-15,162.91151428222656,165.3745393361695,161.50407139425917,162.91151428222656,2904993.0
2018-11-16,154.81871032714844,160.44848161177202,154.81871032714844,158.33731738003817,8579017.0
2018-11-19,157.28175354003906,158.33733577856282,154.81872831681696,156.2261713015153,3132386.0
2018-11-20,158.33734130859375,158.6892020670573,155.17059448242188,156.57803751627603,3009250.0
2018-11-21,156.92987060546875,157.9854526947432,154.81870642691985,156.92987060546875,3603281.0
2018-11-22,156.57801818847656,158.33732176362798,156.22615747344628,157.28173961853713,2248076.0
2018-11-23,156.2261505126953,157.633593310107,156.2261505126953,157.633593310107,1497480.0
2018-11-26,160.448486328125,162.20778990628426,156.92987917180648,157.63360060307016,3783404.0
2018-11-27,163.2633819580078,163.2633819580078,158.3373316403093,160.44849606218008,3213824.0
2018-11-28,166.43011474609375,166.43011474609375,162.55964696130087,163.26336837671778,3988176.0
2018-11-29,162.91151428222656,169.94872872206358,162.91151428222656,168.89314655608803,4820111.0
2018-11-30,167.13381958007812,167.4856802528783,162.55963083367598,163.96707352487664,6659593.0
2018-12-03,172.7635955810547,173.8191776314481,170.6524314802679,171.00429216373234,7403178.0
2018-12-04,177.33779907226562,177.68965978471059,172.411749098036,174.52291337270586,9478331.0
2018-12-05,172.0598907470703,173.81919433344117,171.70803002979613,173.467333616167,4806496.0
2018-12-06,161.50405883789062,168.54127273060917,161.1521981432547,168.18941203597325,8273167.0
2018-12-07,164.31895446777344,166.43011876500393,163.61523303536327,164.31895446777344,4605911.0
2018-12-10,161.15220642089844,164.67081354799228,160.44848499547967,161.50406713360783,3089071.0
2018-12-11,160.448486328125,161.50406847502055,159.0410434655976,159.74476489686128,2707930.0
2018-12-12,163.96710205078125,165.37454498683945,161.85593764669395,162.91151984873758,2520059.0
2018-12-13,167.13381958007812,167.4856802528783,164.3189341976768,164.3189341976768,2655290.0
2018-12-14,166.07826232910156,168.8931481312897,163.96709797746044,168.18942668074268,3424139.0
2018-12-17,165.37454223632812,168.18942806162732,164.67082078000334,168.18942806162732,2126768.0
2018-12-18,165.0226593017578,166.43010202501372,164.31893794012984,164.67079862094383,2176231.0
2018-12-19,166.07826232910156,166.07826232910156,163.61523725218692,163.61523725218692,2708347.0
2018-12-20,158.33734130859375,162.55967041015623,157.28175903320312,161.50408813476562,9002120.0
2018-12-21,157.28175354003906,159.04105727091198,155.8743105553407,157.63361428621363,4508734.0
2018-12-24,158.33734130859375,158.6892020670573,156.57803751627603,157.28175903320312,1674367.0
2018-12-25,155.52243041992188,156.22615182453688,154.1149876106918,155.52243041992188,1528188.0
2018-12-26,154.81871032714844,157.28173526417126,154.81871032714844,156.22615314830435,897303.0
2018-12-27,158.33734130859375,159.7447843424479,156.92989827473957,157.9854805501302,2969386.0
2018-12-28,161.50405883789062,161.50405883789062,157.2817305022595,157.2817305022595,3415320.0
2019-01-02,155.17056274414062,161.50405510104434,155.17056274414062,161.50405510104434,4284014.0
2019-01-03,157.28175354003906,159.04105727091198,155.52244980916615,157.63361428621363,3718829.0
2019-01-04,152.70755004882812,153.7631321920228,150.24452504804057,153.7631321920228,5603944.0
2019-01-07,154.11500549316406,155.87430920883943,153.05942326375882,155.52244846570437,7008819.0
2019-01-08,156.2261505126953,156.57801121204824,153.7631256172249,155.52242911398946,4626012.0
2019-01-09,159.04104614257812,162.91151407967627,157.6336032563606,158.68918542102375,8817353.0
2019-01-10,159.04104614257812,160.44848902879562,156.92988181325185,159.04104614257812,2881535.0
2019-01-11,160.0966339111328,161.15221611274467,159.04105170952096,159.74477317726218,2023139.0
2019-01-14,162.91151428222656,164.67081789218582,161.855932116251,162.91151428222656,4203075.0
2019-01-15,163.96710205078125,164.3189627847958,162.91151984873758,164.3189627847958,4528299.0
2019-01-16,166.78196716308594,167.4856885435209,163.26336026091113,163.9670816413461,4396761.0
2019-01-17,166.78196716308594,168.18940992395588,165.02266371199855,167.13382785330342,2919704.0
2019-01-18,171.70802307128906,172.059883774304,168.1894160411397,168.54127674415463,6656676.0
2019-01-21,172.0598907470703,175.22663720253786,171.35616931252196,173.81919433344117,4437388.0
2019-01-22,170.3005828857422,174.52291138704157,169.59686146885895,173.46732926171674,4435260.0
2019-01-23,169.59686279296875,169.59686279296875,166.7819771034589,169.24500208178003,3064991.0
2019-01-24,172.0598907470703,174.5229157679895,170.30058716069945,170.6524478779736,6357578.0
2019-01-25,174.52291870117188,175.5785008707354,172.41175436204477,173.46733653160834,6383195.0
2019-01-28,174.8748016357422,175.22666240362094,173.46735856422717,174.17108009998466,3686061.0
2019-01-29,172.7635955810547,174.52289899837706,171.7080135306613,172.41173489759024,4277832.0
2019-01-30,171.0043182373047,172.76362192287368,169.9487360259633,172.76362192287368,5074048.0
2019-02-11,182.61570739746094,182.61570739746094,175.57849323956262,177.6896574869321,19458668.0
2019-02-12,181.208251953125,182.6156946867415,180.15266990291263,180.8563912697209,5978205.0
2019-02-13,182.26385498046875,184.02315859997134,180.50455136096616,182.61571570436925,5523900.0
2019-02-14,179.80081176757812,182.26383658631207,179.80081176757812,180.8563938327498,3051493.0
2019-02-15,177.33779907226562,181.5601276216053,176.28221693493072,179.09710263449048,4364578.0
2019-02-18,178.39337158203125,179.0970929689426,176.63406811475284,179.0970929689426,3331721.0
2019-02-19,175.93035888671875,177.68966247558595,175.22663745117188,177.3378017578125,3357988.0
2019-02-20,179.80081176757812,181.56011520953095,176.9859262604536,176.9859262604536,7741067.0
2019-02-21,182.26385498046875,182.61571570436925,178.39338701756304,178.74524774146354,6115313.0
2019-02-22,185.78244018554688,190.70848973592123,182.6156940460205,182.96755472819012,16461969.0
2019-02-25,198.80130004882812,198.80130004882812,190.35664305560354,190.7085037636546,20111509.0
2019-02-26,194.57896423339844,206.1903671623354,194.57896423339844,199.50501396082623,15256458.0
2019-02-27,197.04200744628906,198.44945035661968,192.81967871529713,197.04200744628906,9345510.0
2019-03-04,194.93081665039062,199.5050054887572,194.93081665039062,197.04198072963675,7891170.0
2019-03-05,192.11595153808594,196.3382801433186,191.4122301038805,193.87525512359954,5726149.0
2019-03-06,197.04200744628906,198.09758962903703,192.81967871529713,192.81967871529713,9119054.0
2019-03-07,192.81967163085938,196.3382787774079,191.76408948689482,195.28269663344332,4456436.0
2019-03-08,188.24546813964844,191.06035364454038,187.18988607531395,190.0047715802059,7604720.0
2019-03-11,190.00477600097656,191.76407948246708,188.24547251948604,188.24547251948604,3485628.0
2019-03-12,190.35662841796875,194.2270959089071,190.00476773697434,193.1715138659239,4929135.0
2019-03-13,192.11595153808594,192.46781225518865,189.30106580126417,190.0047872354696,2627183.0
2019-03-14,191.76409912109375,195.63456717674885,191.06037765642918,191.41223838876147,4932937.0
2019-03-15,194.22711181640625,194.9308332360309,192.4678082673446,192.8196689771569,4467807.0
2019-03-18,195.6345672607422,198.09759238812563,194.22712433080878,197.0420101906756,4328819.0
2019-03-19,193.875244140625,194.93082623213476,191.4122192604356,194.57896553496485,5706614.0
2019-03-20,193.17152404785156,193.875245446933,192.11594194922944,193.875245446933,3167594.0
2019-03-21,195.28269958496094,196.69014246485256,193.1715352651235,193.1715352651235,4524736.0
2019-03-22,199.85690307617188,201.2643460555815,196.3382956276477,197.04201711735254,13172848.0
2019-03-25,194.57896423339844,196.3382677074798,194.22710353858216,194.57896423339844,5459643.0
2019-03-26,197.7457275390625,198.09758826422097,195.98642391327013,196.3382846384286,3638168.0
2019-03-27,196.69012451171875,197.39384588743152,195.6345424481496,197.04198519957515,2680720.0
2019-03-28,194.57896423339844,199.50501396082623,194.57896423339844,195.9864070126635,4616705.0
2019-03-29,198.80130004882812,198.80130004882812,194.93083226026687,196.33827509247095,5403033.0
2019-04-01,200.91246032714844,201.96804243044343,199.85687822385344,200.20873892495177,6930601.0
2019-04-02,204.4310760498047,205.13479748198992,202.67177246934165,204.07921533371209,9730324.0
2019-04-03,204.4310760498047,205.13479748198992,201.96805103715644,203.72735461761948,6655692.0
2019-04-08,207.2459716796875,207.2459716796875,203.37550361775786,203.37550361775786,8345644.0
2019-04-09,210.7645721435547,211.11643286499634,204.78293987904647,206.89410420769642,9914612.0
2019-04-10,211.11643981933594,214.28318641662597,209.708996887207,211.1164398193359,12409630.0
2019-04-11,205.13478088378906,213.2275766991015,204.78292019616677,209.7089698228787,12174619.0
2019-04-12,206.54220581054688,209.00523041135406,205.48662383877235,206.89406646780503,6379713.0
2019-04-15,208.65341186523438,210.41271550659386,207.94969040869057,209.70899405005005,7192887.0
2019-04-16,211.11643981933594,212.1720220184326,209.35713615417478,210.41271835327146,8003479.0
2019-04-17,203.02362060546875,210.4126951855638,202.31989921688827,207.24594893695163,19673897.0
2019-04-18,204.7829132080078,206.54221658608347,203.37547050554727,203.7273311811624,10977862.0
2019-04-19,204.0792236328125,206.89410947602371,203.0236414416083,206.54224874562232,3333798.0
2019-04-22,203.37548828125,206.5422346385705,203.02362757488103,205.48665251946366,3197270.0
2019-04-23,204.0792236328125,204.4310843632139,200.5606163287985,204.4310843632139,4918551.0
2019-04-24,203.72735595703125,205.48665954906087,201.9680523650016,205.48665954906087,3863399.0
2019-04-25,202.67176818847656,204.78293244043985,201.26432535383435,203.72735031445822,3703193.0
2019-04-26,204.0792236328125,204.0792236328125,199.5050341375943,201.26433778960129,3850978.0
2019-04-29,202.31988525390625,205.1347706139606,201.61616391389268,203.72732793393342,4219363.0
2019-04-30,207.94967651367188,207.94967651367188,201.96804453273714,204.07920876130234,8621796.0
2019-05-02,209.708984375,216.3943379037332,209.708984375,216.3943379037332,21971303.0
2019-05-03,217.4498748779297,218.1535961558518,211.8201046545529,213.93126848831918,18605013.0
2019-05-06,215.33876037597656,215.33876037597656,211.82015318029067,213.93131749770222,12178296.0
2019-05-07,218.85736083984375,220.26480367482668,216.04247516987792,217.44991800486082,12299811.0
2019-05-08,218.15365600585938,218.85737747684604,214.28318791543285,216.7462130638861,9096385.0
2019-05-09,211.11643981933594,220.96854034423828,211.1164398193359,218.8573759460449,9556606.0
2019-05-10,210.0608367919922,214.98688656600876,206.19036911240775,213.22758307528855,7160414.0
2019-05-13,201.61618041992188,211.1164192878763,200.91245902229562,211.1164192878763,8021402.0
2019-05-14,203.37548828125,203.37548828125,194.57897062202636,196.3382741538711,8106651.0
2019-05-15,204.0792236328125,206.54224874562232,202.3199199808055,204.0792236328125,5782386.0
2019-05-16,202.67176818847656,205.48665385776096,201.26432535383435,204.07921102311875,4927890.0
2019-05-17,204.7829132080078,208.65338063977427,203.37547050554727,205.13477388362293,8935427.0
2019-05-20,204.0792236328125,206.19038801522092,201.61619852000268,205.1348058240167,5080134.0
2019-05-21,204.4310760498047,205.83851891417513,201.61619032106384,201.96805103715644,5504726.0
2019-05-22,202.31988525390625,204.43104927394702,201.61616391389268,204.07918860394022,3821414.0
2019-05-23,205.48663330078125,207.5977973415427,203.3754692600198,204.78291195386075,9875909.0
2019-05-24,201.96803283691406,207.24594310268708,201.26431146814434,207.24594310268708,5171759.0
2019-05-27,197.7457275390625,203.02363841643964,194.57898101263623,201.9680562409642,7623986.0
2019-05-28,197.39385986328125,199.5050241398939,196.6901384377437,199.15316342712512,7631484.0
2019-05-29,197.39385986328125,197.39385986328125,193.52339202282477,195.2826955866686,5039512.0
2019-05-30,208.65341186523438,210.06085477832195,200.20875438670888,200.20875438670888,10940177.0
2019-05-31,218.85736083984375,220.26480367482668,209.00526099496332,210.06084312120052,15580408.0
2019-06-03,220.96852111816406,222.72782463025135,213.9313070698149,217.09805339157202,13144705.0
2019-06-04,218.85736083984375,223.78341076228395,218.85736083984375,222.37596792730105,8772745.0
2019-06-05,220.26480102539062,224.83899018406487,219.91294032087723,223.07968666149787,9334896.0
2019-06-06,216.04246520996094,219.5610721352046,214.98688313238785,219.5610721352046,6168786.0
2019-06-10,222.3759765625,222.72783728490901,218.15364789359177,220.26481222804588,8082018.0
2019-06-11,216.7461700439453,220.96849803181436,216.7461700439453,218.1536127065683,8924969.0
2019-06-12,217.80178833007812,219.9129526757655,215.69062398439078,217.09806688151568,4458590.0
2019-06-13,217.80178833007812,222.72783847001529,217.09806688151568,217.80178833007812,6906886.0
2019-06-14,216.04246520996094,219.91293282772898,215.3387438249122,218.8573507501559,4800518.0
2019-06-17,211.46829223632812,216.042481585866,211.1164315171329,214.6350387090851,6753100.0
2019-06-18,217.09803771972656,217.44989839674395,213.9312916265701,213.9312916265701,6585570.0
2019-06-19,217.09803771972656,221.6722265209526,216.3943163656918,221.3203658439352,8115800.0
2019-06-20,218.15365600585938,220.2648204188193,216.7462130638861,218.85737747684604,4674213.0
2019-06-21,220.6166534423828,222.37595689886115,218.15362860331317,219.56107136849582,9233348.0
2019-06-24,222.0240936279297,222.0240936279297,218.1536260686472,219.2092081302697,4462509.0
2019-06-25,219.20924377441406,221.6722689853625,217.449940052308,220.6166867520989,3262743.0
2019-06-26,218.50552368164062,220.26482741498717,217.801802188302,219.91296666831784,3335968.0
2019-06-27,220.26480102539062,222.02410454795765,219.91294032087723,220.96852243441745,5353416.0
2019-06-28,220.96852111816406,222.02410322541644,218.8573569036593,220.96852111816406,4236184.0
2019-07-01,220.96852111816406,223.07968533266882,219.91293901091169,221.67224252299897,8268252.0
2019-07-02,224.4871063232422,224.4871063232422,220.61663897284149,220.9684996410597,7758935.0
2019-07-03,223.43153381347656,229.7650261105515,222.37595176396408,226.59827996201403,8818515.0
2019-07-04,224.4871063232422,225.54268832789694,223.43152431858746,225.1908276596787,4090644.0
2019-07-05,225.8945770263672,226.59829845012536,224.13527346697182,224.83899489072996,6690938.0
2019-07-08,227.34259033203125,228.4286218145091,225.8945483553941,225.8945483553941,5706740.0
2019-07-09,226.9805908203125,228.79064337868817,226.61858030863735,227.70461184366278,3738897.0
2019-07-10,230.2386932373047,230.96271428522076,228.42864061751456,229.51467218938865,4383939.0
2019-07-11,233.49679565429688,234.5828272619913,230.96272190300994,231.6867429748062,6720950.0
2019-07-12,230.2386932373047,233.1347774289689,230.2386932373047,232.77276690501088,3205923.0
2019-07-15,227.70462036132812,230.96271508827877,226.98059931089466,230.60070456306204,5194708.0
2019-07-16,227.34259033203125,229.87666379114626,226.6185693437127,228.4286218145091,5075568.0
2019-07-17,224.44654846191406,227.34263295819682,223.36051677580804,226.61861183412614,6807470.0
2019-07-18,218.6543426513672,225.1705316707788,217.93032164921033,225.1705316707788,9600433.0
2019-07-19,220.46441650390625,222.9984902568247,219.0163743593814,222.6364797206935,7333715.0
2019-07-22,223.36048889160156,224.08450992528586,221.1884257905487,221.55043630739084,7018764.0
2019-07-23,227.70462036132812,228.06663088654486,224.44652563437748,224.44652563437748,7586407.0
2019-07-24,222.99844360351562,228.4286005094454,222.6364331431203,228.0665900490501,8478357.0
2019-07-25,226.61854553222656,226.61854553222656,222.9984409710089,224.44648279549597,5465905.0
2019-07-26,226.9805908203125,228.0666223553379,222.99847519188594,224.08450672691137,4494969.0
2019-07-29,230.96270751953125,231.32471803288476,224.44651827916832,225.1705393058753,9083924.0
2019-07-30,235.6688690185547,237.47892177599365,232.04876350367672,233.13479515814012,17119494.0
2019-07-31,227.70462036132812,233.1347782395792,223.72250458394402,233.1347782395792,17759819.0
2019-08-01,227.34259033203125,237.11687367433197,227.34259033203125,230.23867428530554,24478906.0
2019-08-02,228.79066467285156,229.15267521822,224.08452758306188,224.80854867379878,13587337.0
2019-08-05,225.8945770263672,228.4286508071117,223.72251378572906,226.61859810657992,9440893.0
2019-08-06,223.7225341796875,226.61861876453784,220.1024284486246,220.8264495948372,10117433.0
2019-08-07,230.2386932373047,231.32472480917878,226.2565774737664,226.61858799772443,13326307.0
2019-08-08,229.15267944335938,232.04876385970513,227.70463723518648,229.15267944335938,7096959.0
2019-08-12,233.85877990722656,233.85877990722656,230.2386749551023,230.60068545031473,8148041.0
2019-08-13,230.2386932373047,233.1347774289689,229.51467218938865,232.77276690501088,3973869.0
2019-08-14,231.32473754882812,233.85881135609227,230.60071646103836,233.1347902683025,3991080.0
2019-08-15,229.15267944335938,229.5146899954026,226.98061613110002,227.70463723518648,5250867.0
2019-08-16,233.13478088378906,234.94483353040232,229.51467559056252,229.51467559056252,7821353.0
2019-08-19,255.57940673828125,255.57940673828125,236.39285070835362,237.47888218174575,30578217.0
2019-08-20,254.13137817382812,256.3034412351429,251.2352940920751,254.49338868404726,13464762.0
2019-08-21,251.23529052734375,258.11349012391366,251.23529052734375,254.1313745680048,10778561.0
2019-08-22,249.78726196289062,254.8554093070652,247.9772093399711,252.6833461595618,8555639.0
2019-08-23,247.9772186279297,254.85541885264598,247.97721862792966,251.5973240093593,6822420.0
2019-08-26,248.33924865722656,249.42528035689372,243.27110072544642,244.35713242511358,5118378.0
2019-08-27,250.14927673339844,251.95932938704098,248.3392240797559,251.23530832558396,8036958.0
2019-08-28,264.9916687011719,266.07770013027505,257.02743822108204,257.3894486974497,20997331.0
2019-08-29,264.62969970703125,264.99171024014623,261.7336154421116,263.90567864080134,8415969.0
2019-08-30,266.0777282714844,270.4218544473453,264.26767569820896,268.24979135941487,10421568.0
2019-09-02,268.24981689453125,268.9738379927621,263.5436797560307,266.0777535998387,5317803.0
2019-09-03,263.5436706542969,268.24980763026645,262.8196495810708,268.24980763026645,4462940.0
2019-09-04,264.2677001953125,267.16378458101457,262.09563690603596,264.2677001953125,6296489.0
2019-09-05,266.0777282714844,267.5257703301047,263.9056651835539,266.80174930079454,4485683.0
2019-09-06,271.1459045410156,273.6799784152307,266.43976734604473,268.61183066680053,13658238.0
2019-09-10,273.679931640625,276.57601557333004,271.8698791826844,275.1279736069775,9046222.0
2019-09-11,271.1459045410156,274.7660100756086,269.6978623271784,272.2319362013935,7368588.0
2019-09-12,271.5079040527344,277.3000726725261,270.0598618977865,275.85203051757816,9749513.0
2019-09-16,276.5760498046875,278.3861024866553,271.86991283157107,271.86991283157107,10976486.0
2019-09-17,277.3000793457031,280.9201848201901,276.93806879825445,278.74812153549794,8723754.0
2019-09-18,276.5760498046875,278.0240919502618,274.4039865863261,277.30007087747464,7371028.0
2019-09-19,275.4900207519531,280.92017884824656,275.4900207519531,280.19615776874076,7618232.0
2019-09-20,279.8341979980469,280.92022981433945,276.21409194373837,276.21409194373837,9000253.0
2019-09-23,280.9201965332031,283.0922599084598,278.3861225954036,279.1101437204892,4616257.0
2019-09-24,280.1961364746094,281.64417852357377,278.38608391340387,280.92015749909154,4040265.0
2019-09-25,275.12799072265625,278.74809586374386,274.40396969443873,276.93804329320005,8943671.0
2019-09-26,272.23193359375,278.02410239361706,270.7838913937833,276.5760601936503,8219250.0
2019-09-27,267.16375732421875,273.6799465272485,266.8017468129393,272.23190448213074,9126978.0
2019-10-01,272.5939025878906,272.5939025878906,267.1637451658211,267.52575566062575,7399613.0
2019-10-02,269.3358459472656,271.86991976666195,269.3358459472656,270.7838881297778,3950924.0
2019-10-03,274.7659912109375,275.8520227967515,266.0777385244257,269.3358332818676,8891382.0
2019-10-04,279.1101379394531,280.19616960458717,276.5760640541403,276.938074609185,7691915.0
2019-10-07,278.0240783691406,280.9201625188192,276.21402577559155,279.83413096268976,5092932.0
2019-10-08,278.3861083984375,279.1101294865999,277.3000767661939,278.0240978543563,5088917.0
2019-10-09,269.3358459472656,276.93806740545455,269.3358459472656,276.5760568598265,8426727.0
2019-10-14,268.24981689453125,271.5079118365701,266.4397641489541,268.6118274436467,14688516.0
2019-10-15,265.71575927734375,268.9738544183466,264.99173813489864,267.88782270467897,9994456.0
2019-10-16,260.6475524902344,269.33580423990884,259.92353151109484,267.88776228162976,12208364.0
2019-10-17,268.61181640625,269.33583747473045,262.09562678992586,263.54366892688677,8885926.0
2019-10-18,267.8878173828125,270.7839018950591,267.1637962547508,270.4218913310283,5956854.0
2019-10-21,267.16375732421875,271.14587294829244,266.8017468129393,270.0598414144542,4570574.0
2019-10-22,268.97381591796875,269.33582643737384,266.07773176272815,267.52577384034845,4971040.0
2019-10-23,269.3358459472656,269.3358459472656,266.43976158224126,268.2498143103815,4064705.0
2019-10-24,276.21405029296875,276.21405029296875,272.23193423369923,272.5939447845419,12750908.0
2019-10-25,274.40399169921875,279.4721393031621,274.40399169921875,278.7481182168845,8223640.0
2019-10-28,280.1961364746094,280.1961364746094,275.8520103277162,276.93804186443947,7243786.0
2019-10-29,284.540283203125,286.3503358952569,279.1101251267295,284.540283203125,13551380.0
2019-10-30,287.0743408203125,288.8843934106045,282.00619356749485,284.5402671939037,11199167.0
2019-10-31,295.40057373046875,298.2966577866498,286.35031105490293,287.0743320689482,24038661.0
2019-11-01,293.2285461425781,299.38272550606433,292.1425144901982,296.8486516505112,10009206.0
2019-11-04,298.29669189453125,298.29669189453125,292.86653366829586,293.22854421671155,8229135.0
2019-11-05,307.7089538574219,308.4329749253217,297.9346694407743,297.9346694407743,11961184.0
2019-11-06,314.22515869140625,314.22515869140625,306.2609265586747,308.0709793161137,13339309.0
2019-11-07,307.7089538574219,312.0530802648208,304.81286958582257,309.8810170611213,11874714.0
2019-11-08,299.74468994140625,309.88098380415914,297.5726269708164,307.7089208335692,13226485.0
2019-11-11,292.1424865722656,298.2966653476417,291.780476056067,298.2966653476417,8447587.0
2019-11-12,296.8486328125,298.6586854516006,293.2285275342988,293.2285275342988,5316072.0
2019-11-13,295.40057373046875,300.106710321763,292.5044896742877,292.5044896742877,4982554.0
2019-11-14,297.21063232421875,299.0206848962298,293.22851666579436,296.4866112954143,4877989.0
2019-11-15,305.5368957519531,308.43298007187684,299.3827165721152,299.7447271121057,9736952.0
2019-11-18,303.726806640625,304.8128381304008,301.5547436610735,303.00278564744116,3777538.0
2019-11-19,304.8128662109375,306.2609083307044,301.9167819714036,304.08884515105404,3798032.0
2019-11-20,300.10675048828125,304.81288770944855,299.02071882185805,304.81288770944855,6027873.0
2019-11-21,294.67657470703125,298.6586905814506,288.1603850943451,296.84863791125997,11718815.0
2019-11-22,297.5726318359375,298.2966528379714,292.5044848217001,292.5044848217001,7319917.0
2019-11-25,303.0028381347656,305.89892260917196,301.1927853382616,304.088869812668,9091715.0
2019-11-26,304.0888671875,309.51902553013394,303.0028355189732,307.70897274925596,11090564.0
2019-11-27,305.8988952636719,308.4329689522467,304.0888426289756,306.9849268444897,5952772.0
2019-11-28,312.4150695800781,313.1390905988037,306.2608909209109,307.708932958362,9884036.0
2019-11-29,305.17486572265625,316.39719174567205,304.0888341720418,314.2251286444432,11552430.0
2019-12-02,301.55474853515625,307.70892707669003,298.29665401316777,303.00279054492887,6767586.0
2019-12-03,302.64080810546875,307.7089556096273,301.5547764974348,301.5547764974348,7340205.0
2019-12-04,307.346923828125,307.346923828125,301.55475565232996,302.6407871852915,6065565.0
2019-12-05,304.0888671875,308.43299386160714,304.0888671875,307.70897274925596,5727907.0
2019-12-06,300.4687194824219,305.536866558029,300.4687194824219,304.4508350418275,5191845.0
2019-12-09,308.79498291015625,309.51900397207925,302.64080388381086,303.3648249457338,7316273.0
2019-12-10,307.7089538574219,309.15699599322147,306.6229222555721,309.15699599322147,3291268.0
2019-12-11,310.60504150390625,310.60504150390625,306.26091504930616,306.26091504930616,3798435.0
2019-12-12,309.5190124511719,313.13911785995754,308.79499136941473,311.69107569644325,6398487.0
2019-12-13,313.1391296386719,314.2251613021586,309.8810346482117,311.69108742068954,8981136.0
2019-12-16,320.0173034667969,321.103335039648,313.50111402969014,315.3111666511087,46360.0
2019-12-17,333.4117126464844,335.945786466816,320.74134354482646,321.46536463634976,16791241.0
2019-12-18,330.5155944824219,333.0496680436234,327.9815209212204,333.0496680436234,11668129.0
2019-12-19,329.06756591796875,330.1535974886551,326.895502776596,329.79158696509296,9032898.0
2019-12-20,322.9133605957031,329.06753899270643,320.0172766441721,329.06753899270643,14087688.0
2019-12-23,325.0854797363281,325.80950084932664,320.0173319453386,322.55140584083335,3462155.0
2019-12-24,322.18939208984375,324.36145540730337,321.8273815369338,324.36145540730337,3108958.0
2019-12-25,327.2574768066406,327.981497773027,321.4653090755496,321.4653090755496,2911788.0
2019-12-26,325.0854797363281,333.4117225358109,325.0854797363281,332.6877014228124,5855027.0
2019-12-27,323.275390625,327.61951681480963,322.9133801091825,326.8954957831747,4173840.0
2019-12-30,323.275390625,323.9994116566349,322.1893590775476,323.275390625,2869387.0
2019-12-31,321.10333251953125,323.2753956481865,319.29327991231855,321.10333251953125,5710571.0
2020-01-02,319.6552734375,322.91336795724806,318.9312524331116,322.1893469528596,6237434.0
2020-01-03,314.5871887207031,322.5514213465437,306.26094552096066,322.18941077264185,12375266.0
2020-01-06,306.98492431640625,312.41508217577666,306.98492431640625,309.88100850807047,8448516.0
2020-01-07,308.4330139160156,312.05311971315194,302.6408446405975,309.8810562348702,11707155.0
2020-01-08,311.6910705566406,316.0351969755485,306.98493360282373,308.4329757424597,9695448.0
2020-01-09,316.397216796875,317.84525897901176,313.1391218870674,314.9491746147383,6951194.0
2020-01-10,312.7770690917969,319.29325803120935,308.4329431321886,318.20722654130725,7683248.0
2020-01-13,305.5368957519531,314.94916979170523,305.5368957519531,312.7771065517624,10239998.0
2020-01-14,301.1927795410156,307.3469589306758,298.658705674685,305.898916721344,19437055.0
2020-01-15,301.1927795410156,303.36484285501336,294.3145790466896,296.1246318083543,25888092.0
2020-01-16,304.8128662109375,306.62291886064617,300.4687398516367,303.3648240911706,13075722.0
2020-01-17,304.4508361816406,309.88099378297784,303.0027941546174,309.88099378297784,8525316.0
2020-01-20,303.36480712890625,305.53687018710843,301.9167650901048,304.8128491677077,5654773.0
2020-01-30,277.6620788574219,289.9704369814797,276.9380577913008,289.60842644841915,22330256.0
2020-01-31,280.9201965332031,284.540302158631,276.5760697826897,278.74813315794637,10276123.0
2020-02-03,276.5760498046875,280.1961551686232,270.0598601496032,272.5939339043582,10441301.0
2020-02-04,282.730224609375,316.75921451114357,282.730224609375,315.3111723876641,9425276.0
2020-02-05,275.8520202636719,282.73022024399967,274.0419676372698,282.73022024399967,16153382.0
2020-02-06,276.5760498046875,282.73022892337815,275.1280076591132,275.85202873190036,10150866.0
2020-02-07,275.8520202636719,279.11011499119553,274.40397816255023,275.49000973839145,10226510.0
2020-02-10,275.12799072265625,279.83412740607014,271.5078855815687,273.31793815211245,10628172.0
2020-02-11,282.3681945800781,283.45422609769383,276.57602648612783,276.57602648612783,11236133.0
2020-02-12,290.6944580078125,292.1425001398564,285.98832107866986,288.16038427673567,13580808.0
2020-02-13,295.7626037597656,298.2966774761896,294.3145616360948,295.7626037597656,15438270.0
2020-02-14,293.5905456542969,295.400598340205,292.1425035055704,294.6765772658418,9177582.0
2020-02-17,288.160400390625,289.24643205038865,285.26431596458855,287.79838983737045,9199824.0
2020-02-18,283.81622314453125,287.0743175428741,283.81622314453125,285.2642650993503,7500223.0
2020-02-19,281.2821350097656,286.71229205628623,280.5581140702296,285.9882711167501,9008260.0
2020-02-20,285.2642822265625,285.2642822265625,280.55814559084513,283.4542296743635,8177571.0
2020-02-21,280.9201965332031,285.2643232837166,280.9201965332031,285.2643232837166,7800080.0
2020-02-24,272.9559326171875,278.38609042787425,272.2319115757626,276.93804834502447,13066425.0
2020-02-25,274.0419921875,277.3000872069023,268.6118338218296,271.14590772580914,10230047.0
2020-02-26,271.5079040527344,275.12800944010417,270.0598618977865,271.5079040527344,10856144.0
2020-02-27,260.6475524902344,273.67993011474607,260.6475524902344,272.231888156467,14733370.0
2020-03-02,262.81964111328125,266.4397463627755,255.94144113924222,257.75149376398934,11499602.0
2020-03-03,269.3358459472656,274.0419830404302,268.61182485600955,270.0598670385217,10014005.0
2020-03-04,268.24981689453125,269.69785909099295,263.5436797560307,268.9738379927621,10894688.0
2020-03-05,278.74810791015625,278.74810791015625,272.23191837459416,273.3179499638545,10735601.0
2020-03-06,274.0419921875,276.9380766491909,272.59394995665457,275.1280238606341,7373406.0
2020-03-09,265.35369873046875,268.61179325785514,261.3715831969965,266.80174074264045,11472891.0
2020-03-10,270.421875,270.421875,262.09563253012044,263.1816641566265,11832469.0
2020-03-11,262.81964111328125,272.9559358118651,262.0956200633824,270.42186213721914,9371669.0
2020-03-12,243.2710723876953,259.5615459850856,243.2710723876953,257.7514933631534,19239208.0
2020-03-13,246.8911590576172,251.9593060177442,220.82640326267813,222.63645574843778,23633277.0
2020-03-16,231.6867218017578,247.97719442844394,231.6867218017578,241.09899487495423,12157253.0
2020-03-17,228.4286346435547,237.84090802030974,222.99847692619602,222.99847692619602,14275860.0
2020-03-18,218.29234313964844,232.77276391176443,218.29234313964844,228.42863768012964,14031612.0
2020-03-19,198.38177490234375,216.12029127134892,197.6577538260578,210.69013319920447,25712419.0
2020-03-20,217.9303436279297,217.9303436279297,207.79404857546783,214.31023825205045,17041676.0
2020-03-23,222.99844360351562,227.34256912825944,214.31019255402802,222.274422682725,20264004.0
2020-03-24,238.9269561767578,245.08113535100765,236.0308718594638,243.27108265269888,13337078.0
2020-03-25,242.18504333496094,255.57943287665532,238.9269485815758,251.9593275951163,20283591.0
2020-03-26,248.70123291015625,249.78726449491677,237.47890653429766,245.44313815587472,11554093.0
2020-03-27,246.16717529296875,260.2855868171243,243.63310142965878,260.2855868171243,13224545.0
2020-03-30,243.63307189941406,243.63307189941406,233.85878818279568,238.56492478709342,10694349.0
2020-03-31,237.11688232421875,248.70121855990575,236.03085080212307,245.4431239936188,10806002.0
2020-04-01,241.82302856445312,241.82302856445312,235.66884969380087,241.09900752084698,6557209.0
2020-04-06,246.8911590576172,250.5112640291365,243.6330645832498,250.5112640291365,8234391.0
2020-04-07,251.23529052734375,253.4073535578395,250.5112695171785,251.959311537509,8655322.0
2020-04-08,253.0453643798828,254.8554170578505,249.78726955954096,250.51129063072804,6885590.0
2020-04-09,254.493408203125,257.7515030449858,251.59732389924875,257.7515030449858,8237776.0
2020-04-10,253.40731811523438,255.21737038748603,251.95927629743304,255.21737038748603,6619621.0
2020-04-13,254.493408203125,256.6654714310322,252.3213449752178,252.68335551320234,7148004.0
2020-04-14,264.62969970703125,266.801762905721,255.94144691227237,256.3034574453873,13428196.0
2020-04-15,264.62969970703125,268.2498050381808,263.18165757457143,267.88779450506587,8618815.0
2020-04-16,261.73358154296875,264.6296654327941,261.0095605705124,261.3715710567406,6466648.0
2020-04-17,266.43975830078125,274.40399020651114,262.81965288908583,274.40399020651114,13317197.0
2020-04-20,267.8878173828125,270.4218913310283,265.3537434345967,268.6118385108742,5552576.0
2020-04-21,255.94146728515625,265.71575245729093,254.85543559936352,265.71575245729093,11227460.0
2020-04-22,250.5112762451172,254.85540242277816,247.6151921266765,253.40736036355784,12064371.0
2020-04-23,254.13137817382812,254.13137817382812,249.06323103076033,251.59730460229423,8791011.0
2020-04-24,252.32135009765625,255.5794450056604,251.95933955232243,254.13140282432522,6025467.0
2020-04-27,269.3358459472656,270.7838881297778,257.3894979415401,258.47552957842424,13194986.0
2020-04-28,271.5079040527344,271.5079040527344,263.1816616617839,271.1458935139974,10595852.0
2020-04-29,288.160400390625,289.6084426036432,279.83415766577025,289.6084426036432,31507975.0
2020-04-30,300.4687194824219,300.8307299878224,293.2285093744117,298.2966564500188,21757679.0
2020-05-04,289.24639892578125,293.228514555548,288.1603673903904,292.50449353195404,11748303.0
2020-05-05,290.6944580078125,293.5905422719003,286.7123421446918,292.1425001398564,7287899.0
2020-05-06,295.40057373046875,296.4866052515366,290.6944371391745,293.22851068833296,8553772.0
2020-05-07,297.5726318359375,300.46871584407313,297.5726318359375,298.2966528379714,8084230.0
2020-05-08,297.9346923828125,302.6408296865507,297.9346923828125,300.4687663155946,6577964.0
2020-05-11,296.8486328125,300.83074861852134,294.67656964557926,300.83074861852134,6480940.0
2020-05-12,294.67657470703125,296.48662737722185,292.50451150280253,295.4005957751075,5093041.0
2020-05-13,304.0888671875,304.0888671875,294.67659272693453,295.76262439546133,10514740.0
2020-05-14,297.5726318359375,303.36479985220876,294.3145373267849,301.91675784814095,8304088.0
2020-05-15,297.5726318359375,300.8307263450901,292.86649532271707,299.7446948420392,5763797.0
2020-05-18,318.9312744140625,327.2575165383797,316.03519019690873,327.2575165383797,25249990.0
2020-05-19,334.4977111816406,335.94575322138803,331.6016271021459,334.8597216915775,21999164.0
2020-05-20,340.2899169921875,346.8061068920379,335.9457903922873,338.1178536922374,18417567.0
2020-05-21,336.30780029296875,341.73795853236004,333.4117158986267,340.28991633518905,9007736.0
2020-05-22,320.0173034667969,329.4295770981733,318.56926136966206,323.27539818535024,15401024.0
2020-05-25,333.0496826171875,333.0496826171875,325.0854510763417,326.8955036992612,11317742.0
2020-05-26,333.0496826171875,338.84185101052987,331.60164051885187,333.0496826171875,6684259.0
2020-05-27,336.30780029296875,337.393831940847,332.6876948000412,336.6698108422615,8149230.0
2020-05-28,333.0496826171875,339.56587205969765,328.3435457975968,338.84185101052987,10968535.0
2020-05-29,335.22174072265625,338.1178248757677,328.3435408590164,333.0496776078226,9537183.0
2020-06-01,334.13568115234375,340.2898594617585,333.0496496859764,338.84181750660207,8722266.0
2020-06-02,351.15020751953125,355.1323232749074,347.1680917641551,353.3222706588273,17040745.0
2020-06-03,354.77032470703125,357.3043984549386,352.5982614945392,356.2183668486926,9435845.0
2020-06-04,354.77032470703125,356.9423879195233,348.97815614038586,351.15021935287785,8177190.0
2020-06-05,357.6663818359375,360.2004553914553,355.4943187883508,356.9423608200753,8352917.0
2020-06-08,358.0284118652344,365.630632946296,356.94238028222554,358.75243292057354,9669114.0
2020-06-09,360.20050048828125,361.64854270129945,352.96028942319015,355.49436329597205,7942284.0
2020-06-10,362.0105285644531,364.1825917358399,358.3904232788086,358.75243380737305,6677972.0
2020-06-11,359.4764709472656,368.52673456628037,359.114460402505,362.01054476058977,10694186.0
2020-06-12,356.58038330078125,358.7524465493139,342.4619721853188,342.4619721853188,11862920.0
2020-06-15,356.58038330078125,365.63064683633405,356.58038330078125,360.5624992564245,7204482.0
2020-06-16,369.250732421875,369.250732421875,355.8563431085325,356.2183536305147,11665647.0
2020-06-17,369.250732421875,373.59485868566173,365.63062720205266,369.97475346583946,6203179.0
2020-06-18,371.4227600097656,372.8708019591214,367.80265513637613,372.8708019591214,5395592.0
2020-06-19,395.31549072265625,405.4517853565705,375.04290145482776,376.4909435453869,21698522.0
2020-06-22,417.0361328125,417.0361328125,395.3155008951823,400.38364834255646,17770887.0
2020-06-23,415.5880432128906,430.06846283703317,404.0037075135766,419.9321691001334,15468824.0
2020-06-24,419.9322204589844,422.82830473801187,411.24396762190196,414.14005190092945,9137582.0
2020-06-29,409.0719299316406,417.03616219579646,407.6238877017941,409.79595104656386,11967207.0
2020-06-30,419.2082214355469,419.2082214355469,411.24398924937935,411.96801035721273,9477547.0
2020-07-01,417.7601318359375,430.06848927304486,416.31208978451315,427.17240517019604,7577668.0
2020-07-02,415.5880432128906,421.38021106254763,414.8640222316835,417.760106156512,6018098.0
2020-07-03,423.55230712890625,425.0003492045606,416.31209675063434,416.31209675063434,8709502.0
2020-07-06,434.24310302734375,434.24310302734375,427.60780943269845,432.7685933396448,7257983.0
2020-07-07,455.6235656738281,465.94513512274983,438.6667015791711,440.8784664610829,19356242.0
2020-07-08,487.3255310058594,496.90984553396254,460.7843523126507,463.73337216745165,21759399.0
2020-07-09,479.9529724121094,488.800031811411,471.84316796274965,487.32552191152735,17160954.0
2020-07-10,454.1489562988281,477.00385507360687,454.1489562988282,472.58032627848837,16945547.0
2020-07-13,463.73333740234375,471.10588648664174,455.6235334096159,461.52157267705434,10446840.0
2020-07-14,450.4627380371094,462.9960711739848,449.72548314670496,462.25881628358036,9142920.0
2020-07-15,448.9882507324219,455.62354507822124,440.87844653200045,451.200015514355,14629162.0
2020-07-16,441.61566162109375,451.19997481153484,441.61566162109375,443.09017134270005,7417218.0
2020-07-17,447.5137023925781,448.2509572564868,439.4038988895825,440.8784086173999,8994459.0
2020-07-20,443.0902099609375,450.46275921153546,434.98040578527974,448.98824936141585,9008151.0
2020-07-21,469.63134765625,474.0548768335459,451.1999760841837,451.1999760841837,15777808.0
2020-07-22,489.5372619628906,493.9607914384589,479.9529480991593,485.850987399917,17852109.0
2020-07-23,499.1215515136719,506.49410028049124,481.42743447330537,485.11370885671505,17281987.0
2020-07-24,497.6471252441406,518.2902652542679,493.9608502423321,499.12163524486397,24419901.0
2020-07-27,536.7215576171875,543.3568515987187,509.443126804226,512.3921463515732,21292219.0
2020-07-28,501.3333435058594,562.525501610251,501.3333435058594,546.3058934380027,36040539.0
2020-07-29,502.80780029296875,511.65485836263974,491.74897770588,503.545055132108,14464939.0
2020-07-30,503.54510498046875,511.6549090138291,493.960791122861,505.75686971683973,13693896.0
2020-07-31,516.815673828125,521.2392031333586,493.96077241775146,499.85881149139624,14518563.0
2020-08-03,513.1294555664062,547.7804389164365,512.3922006015121,547.7804389164365,25733096.0
2020-08-04,539.6705322265625,539.6705322265625,516.0783778122866,518.2901422886249,19226303.0
2020-08-05,538.1961059570312,544.8314004140357,532.2980664396939,541.882380655367,13000226.0
2020-08-06,539.6705322265625,555.1528835609311,538.1960225756702,542.619551528347,12890678.0
2020-08-07,519.7647094726562,542.619611591312,519.0274545656029,538.1960821489915,14627882.0
2020-08-10,520.501953125,526.3999922538952,513.129404213881,513.129404213881,11142754.0
2020-08-11,510.9176330566406,521.9764562829748,509.44312329312936,514.6039074654187,9919208.0
2020-08-12,501.3333435058594,508.70589267506324,496.90981400433714,504.28236317354094,11113131.0
2020-08-13,504.2823486328125,517.5529367547285,494.6980349892064,516.0784269634046,11410405.0
2020-08-14,501.3333435058594,503.54510825662055,493.96079433665557,493.96079433665557,9672925.0
2020-08-17,505.0196533203125,507.9686731937158,499.12161357350595,504.28239835196166,6056362.0
2020-08-18,454.8862609863281,473.31763298739486,454.8862609863281,454.8862609863281,42330663.0
2020-08-19,448.9882507324219,461.5215844967095,446.03923102317776,455.62354507822124,23597107.0
2020-08-20,416.5490417480469,450.4627690408082,406.2274725719891,444.5647295116323,34165307.0
2020-08-21,445.3019714355469,446.7764812747375,428.34510828485554,429.8196181240461,21528784.0
2020-08-24,431.2940979003906,442.35292092347754,429.819588163979,441.61566605527173,14910954.0
2020-08-25,434.24310302734375,437.9293772465911,430.5568288080963,436.4548675588922,9904789.0
2020-08-26,426.1333312988281,432.0313704863552,422.4470568066237,431.2941155879143,10781130.0
2020-08-27,411.38824462890625,432.0313823522206,409.17647987283686,429.8196175961512,14917596.0
2020-08-28,423.1842956542969,423.9215505247747,407.7019433742616,411.38821772665096,13150295.0
2020-08-31,409.9137268066406,429.8196092235098,406.96470718932665,427.6078445105244,17151699.0
2020-09-01,424.6588439941406,425.3960989316305,407.70198043187463,412.1255100568136,10727355.0
2020-09-02,439.4039306640625,448.9882445879431,434.98040116073304,446.0392249190568,18844801.0
2020-09-03,444.564697265625,453.4117559176772,440.8784228272699,452.6745010300062,13478883.0
2020-09-04,444.564697265625,449.7254814793221,429.08234462453356,434.2431288382307,13800424.0
2020-09-07,440.87847900390625,451.93730372808454,437.1922040958469,448.2510288200251,7040189.0
2020-09-08,445.3019714355469,452.67452063149966,440.87844191797524,443.82746159635633,6683057.0
2020-09-09,438.6666564941406,441.615676033597,432.0313625303637,437.9294016092765,10096718.0
2020-09-10,441.61566162109375,447.51370050751905,440.87840676029055,443.09017134270005,7278603.0
2020-09-11,438.6666564941406,444.5646955730534,432.0313625303637,440.8784211487329,7587495.0
2020-09-14,448.9882507324219,449.7255056597329,434.24315218620114,439.4039366773784,8675428.0
2020-09-15,450.4627380371094,452.6745027083227,444.56469891387394,448.98822825630054,7364558.0
2020-09-16,454.8862609863281,462.99606466679745,454.1490061062854,455.6235158663708,10590991.0
2020-09-17,441.61566162109375,450.4627199507317,437.19213245627475,449.7254650899285,12572944.0
2020-09-18,450.4627380371094,450.4627380371094,435.71764022902073,441.61567935225617,11400876.0
2020-09-21,454.1489562988281,460.04699469231946,449.7254275037097,452.67444670045535,8107351.0
2020-09-22,444.564697265625,453.4117559176772,443.82744237795396,452.6745010300062,7610728.0
2020-09-23,454.8862609863281,456.36077074641344,448.9882219459867,448.9882219459867,6545842.0
2020-09-24,442.35296630859375,454.14904541015625,442.35296630859375,446.77649597167965,8632965.0
2020-09-25,431.2940979003906,448.2509598691239,428.3450784275674,446.03919526450653,7846337.0
2020-09-28,444.564697265625,447.51371681630906,428.3450897368626,429.8195995122046,7734975.0
2020-09-29,449.7254943847656,452.6745140200756,446.7764747494557,446.7764747494557,5464334.0
2020-09-30,447.5137023925781,455.62350589557377,447.5137023925781,453.4117413038477,5974893.0
2020-10-05,450.4627380371094,454.886267379536,449.72548314670496,452.6745027083227,5000804.0
2020-10-06,453.4117736816406,456.3607933478627,451.2000089319741,455.62353843130717,3949603.0
2020-10-07,477.0039367675781,485.1137409475524,451.93726930220305,454.88628900401187,17770203.0
2020-10-08,493.96075439453125,499.12153839566815,479.2156572484258,486.58820582147854,15485367.0
2020-10-12,526.3999633789062,532.2980021842721,515.3411406188452,523.4509439762232,21415450.0
2020-10-13,515.3411865234375,524.9255004358905,510.91765702538225,524.9255004358905,7920165.0
2020-10-14,507.9685974121094,514.6038911373764,506.49408769538337,510.18036198719835,5713855.0
2020-10-15,507.9685974121094,521.2391848626435,507.9685974121094,510.9176168455614,6967919.0
2020-10-16,501.3333435058594,512.3921672596651,501.3333435058594,507.96863775814285,5020630.0
2020-10-19,510.1803894042969,512.3921540982461,503.5450953224491,503.5450953224491,3933553.0
2020-10-20,513.86669921875,513.86669921875,503.5451299374552,507.2314046807748,4936501.0
2020-10-21,509.4431457519531,523.4509891228462,506.49412609492305,519.027459637301,5171741.0
2020-10-22,507.2314147949219,513.1294545018396,505.01964990482776,507.23141479492193,5090155.0
2020-10-23,499.8587951660156,511.6548729280455,499.8587951660156,507.96859862741115,4854113.0
2020-10-26,496.90985107421875,505.7569107372612,495.43534113037833,501.33338090573994,4322931.0
2020-10-27,505.0196533203125,507.23141822536496,495.4353387317518,496.90984866845344,6036221.0
2020-10-28,502.07061767578125,507.9686572373176,497.647088004629,505.0196374565494,6105449.0
2020-10-29,504.2823486328125,506.4941133197985,491.01176051089635,493.9607800935444,4525881.0
2020-10-30,499.8587951660156,502.8078146065231,493.9607562850007,499.8587951660156,6372434.0
2020-11-02,481.42742919921875,508.7058593376125,479.21566459340306,508.7058593376125,13777031.0
2020-11-03,490.2745056152344,498.3843094675164,486.5882311369243,487.3254860325863,8253830.0
2020-11-04,499.1215515136719,505.0195905271274,487.32547348676087,494.69802225358023,9284414.0
2020-11-05,513.1294555664062,513.1294555664062,500.5961211632038,505.0196509525694,11678906.0
2020-11-06,516.078369140625,519.0273883928571,510.18033063616076,516.815623953683,7345707.0
2020-11-09,517.5529174804688,526.3999758989382,510.9176236666166,523.4509564261151,6544760.0
2020-11-10,505.75689697265625,517.5529762023392,502.0706222133804,517.5529762023392,6006693.0
2020-11-11,498.3843078613281,502.80783722104405,488.0627393553243,488.0627393553243,7981123.0
2020-11-12,496.17254638671875,503.54509536720496,494.69803659062154,499.1215659789132,4170904.0
2020-11-13,497.6471252441406,499.12163524486397,491.7490852412471,494.6981052426938,4677318.0
2020-11-16,511.6548767089844,512.3921315745594,502.0705634565106,505.0195829188103,6299216.0
2020-11-17,513.1294555664062,518.2902403206662,509.44318074193495,516.8157303908775,6367119.0
2020-11-18,536.7215576171875,536.7215576171875,516.815675672594,517.5529305594308,21063886.0
2020-11-19,540.4077758789062,544.094049929922,535.9842470176874,539.6705210687031,8842836.0
2020-11-20,550.7293701171875,555.8901540406417,533.0352538082016,539.6705474240713,11419475.0
2020-11-23,547.7803955078125,558.8392191048747,544.0941209754585,555.8901994789915,7022977.0
2020-11-24,547.0430908203125,554.4156392141173,541.1450521052687,554.4156392141173,5754058.0
2020-11-25,533.7725219726562,551.466638723131,533.7725219726562,549.9921289939248,7106689.0
2020-11-26,538.1961059570312,543.3568905347014,534.5098312586954,540.4078707760327,3654252.0
2020-11-27,534.5098876953125,538.9334178003771,531.5608676252693,534.5098876953125,3418735.0
2020-11-30,519.0274047851562,529.348972493952,518.2901499488137,524.1881886395541,13232551.0
2020-12-01,513.86669921875,521.9765036540531,510.9176794240944,516.0784640647418,8450506.0
2020-12-02,524.9254760742188,528.6117504848523,512.3921430780647,520.5019467814585,8354076.0
2020-12-03,516.078369140625,527.1371913364956,514.6038595145089,527.1371913364956,6972483.0
2020-12-04,519.7647094726562,521.239219286763,513.1294153091756,516.0784349373891,5398397.0
2020-12-07,519.0274047851562,521.9764241305264,512.3921112580733,519.7646596214988,5457769.0
2020-12-08,538.1961059570312,538.9333608966983,517.5529676463506,518.2902225860178,10014080.0
2020-12-09,541.1450805664062,549.9921391042767,538.1960610537828,541.8823354445622,7869170.0
2020-12-10,522.7137451171875,538.1960986396995,520.5019803282572,538.1960986396995,7733557.0
2020-12-11,521.2392578125,532.298082235679,516.8157280432284,530.8235723125885,7453209.0
2020-12-14,517.5529174804688,523.4509564261151,515.3411528758513,520.5019369532919,3884022.0
2020-12-15,516.815673828125,520.501948249153,513.129399407097,517.5529287123306,5077673.0
2020-12-16,516.815673828125,526.3999873227978,516.815673828125,524.188222670181,6247245.0
2020-12-17,519.0274047851562,524.1881886395541,515.3411306034435,518.2901499488137,5996672.0
2020-12-18,515.3411865234375,521.9764807705204,515.3411865234375,519.0274611051502,4853449.0
2020-12-21,521.9765625,521.9765625,507.96871689618644,514.6040121822034,5371824.0
2020-12-22,518.2902221679688,532.2980660103462,518.2902221679688,521.9764968633312,6412332.0
2020-12-23,530.8235473632812,532.2980572170682,519.7647234598795,521.9764882405599,5329119.0
2020-12-24,526.3999633789062,534.5097667362844,526.3999633789062,533.7725118856137,3320736.0
2020-12-25,527.1372680664062,532.2980525090144,524.9255033052884,530.8235426682692,2209747.0
2020-12-28,545.5687255859375,546.3059806205131,533.0353899981524,533.772645032728,10540685.0
2020-12-29,541.1450805664062,549.9921391042767,541.1450805664062,546.3058647134974,4566021.0
2020-12-30,549.9921264648438,549.9921264648438,541.8823229915015,545.5685972975662,5614368.0
2020-12-31,550.7293701171875,555.152899194434,547.0430958861488,550.7293701171875,4626983.0
2021-01-04,583.9058837890625,588.3294132117069,554.4156876380997,556.6274523494219,13995441.0
2021-01-05,587.5921020507812,592.7528858830967,571.3724957206467,586.8548472175933,9187166.0
2021-01-06,583.9058837890625,600.1254916720919,578.745099462644,591.2784328268032,9257326.0
2021-01-07,589.066650390625,595.7019443249375,578.7450820483613,585.3803759826736,7450197.0
2021-01-08,617.8196411132812,622.243170763257,591.2784632134267,597.1765027467277,13239667.0
2021-01-11,627.4039306640625,631.0902052273061,615.6078520616829,621.5058913628727,7932068.0
2021-01-12,623.7176513671875,639.9372593223626,620.7686317389738,631.827455344775,10297170.0
2021-01-13,651.7333374023438,662.7921610007998,626.6666705791766,630.3529451119954,15302374.0
2021-01-14,634.7764892578125,649.5215877307,629.6157047923018,642.8862934179007,11167095.0
2021-01-15,626.6666259765625,650.2587813074448,620.768587143842,647.3097618910846,9779613.0
2021-01-18,622.2431640625,627.4039485985634,602.3372808519698,626.6666936648401,8819889.0
2021-01-19,648.047119140625,648.7843741112059,629.6157448761021,634.7765296701685,7901499.0
2021-01-20,642.88623046875,662.0548566065796,641.41172076584,652.4705435376648,11007193.0
2021-01-21,688.5960083007812,689.3332631276558,654.6822862645544,656.1567959183034,17528460.0
2021-01-22,676.0628051757812,697.4431992325945,669.4275104684945,673.8510402733524,16199876.0
2021-01-25,670.9019775390625,681.9608013446514,656.8941340519831,676.0627619816706,8944898.0
2021-01-26,642.1491088867188,679.7491141142993,642.1491088867188,673.8510740786004,9931150.0
2021-01-27,661.3176879882812,667.2157275690017,642.1490593509398,649.5216088268404,10941305.0
2021-01-28,640.674560546875,648.7843651107595,636.2510307847562,638.4627956658155,17650820.0
2021-01-29,645.0980224609375,665.7411591796874,645.0980224609375,655.4195908203125,17441562.0
2021-02-01,667.2156372070312,670.1646565980016,645.097991774754,653.2077950999224,13528273.0
2021-02-02,686.3843383789062,701.8666918761749,678.2745341660512,681.9608088082581,14420674.0
2021-02-03,700.3921508789062,707.0274449398643,694.4941117136101,698.1803861919202,10829429.0
2021-02-04,697.443115234375,702.6038993851579,674.5882139951935,687.8588018114924,13169744.0
2021-02-05,700.3921508789062,727.6705820184004,700.3921508789062,704.0784253572162,15290557.0
2021-02-17,722.509765625,744.6274115114796,715.8744718590561,737.2548628826531,11840037.0
2021-02-18,721.0352783203125,727.6705722925853,713.6627294622316,722.5097880919287,6292915.0
2021-02-19,710.7137451171875,718.8235492627156,702.6039409716594,715.8745295734327,7255611.0
2021-02-22,701.12939453125,722.509786162592,701.12939453125,716.611747091877,7422176.0
2021-02-23,711.4509887695312,713.6627535014572,687.1215767183452,696.7058905566912,7807365.0
2021-02-24,693.0196533203125,712.9255369795129,693.0196533203125,698.9176929230385,7540161.0
2021-02-25,695.9686889648438,704.0784936032053,685.6471194251109,700.3922187675864,7139928.0
2021-02-26,660.5804443359375,686.3843679428101,660.5804443359375,680.4863282612392,15220271.0
2021-03-02,663.5294799804688,692.2824241129557,663.5294799804688,678.2745795355903,13479811.0
2021-03-03,685.6471557617188,685.6471557617188,659.8432305448799,674.5883306687878,8671779.0
2021-03-04,661.3176879882812,677.5372968352625,659.8431780931012,677.5372968352625,12248552.0
2021-03-05,650.99609375,657.6313880237826,641.4117797989808,646.572564234145,10351724.0
2021-03-08,639.2000122070312,670.1647186807282,638.4627572909909,664.266679352405,9488584.0
2021-03-09,648.047119140625,652.4706489641105,629.6157448761021,634.0392746995876,9399408.0
2021-03-10,636.9882202148438,657.6313569810656,634.039200676812,656.1568472120497,9346906.0
2021-03-11,654.6824340820312,659.8432190353806,637.7255692353119,640.6745892086544,9451838.0
2021-03-12,662.7921752929688,674.5882540523542,657.6313908357376,663.5294302154304,7841829.0
2021-03-15,668.690185546875,673.8509697793206,663.5294013144295,663.5294013144295,6825630.0
2021-03-16,677.5372314453125,677.5372314453125,667.9529180516356,676.0627216924391,6741317.0
2021-03-17,669.427490234375,681.9608243026397,665.0039605632227,681.2235693574477,5862315.0
2021-03-18,665.7412109375,678.2745449197121,665.7412109375,673.8510152789313,4563993.0
2021-03-19,652.4706420898438,660.5804466807909,648.7843672757768,659.8431917179776,7668776.0
2021-03-22,649.5215454101562,656.8940941662307,642.8862515296893,648.7842905345489,7131194.0
2021-03-23,641.4117431640625,657.6313504624641,641.4117431640625,656.156840708064,8388784.0
2021-03-24,659.1058959960938,659.8431509133154,638.4627583138895,642.886287817219,6887986.0
2021-03-25,699.6549072265625,700.392162134072,660.5803971285563,666.4784363886328,16360212.0
2021-03-26,695.2313842773438,704.0784432501201,685.6470703901693,701.129423592528,11651662.0
2021-03-29,693.7568969726562,715.1372901843533,693.7568969726562,702.6039562326688,9564671.0
2021-03-30,715.8745727539062,720.2981025546513,693.756923750181,706.2902581856254,12406387.0
2021-03-31,714.4000244140625,725.4588483214009,707.7647300696594,716.6117891955302,9109221.0
2021-04-01,708.501953125,726.1960705807752,708.501953125,721.0352863228408,5681893.0
2021-04-07,735.7803955078125,744.6274543716339,728.407846454628,740.9411798450417,5493804.0
2021-04-08,751.9999389648438,759.3724873860676,726.1960194905598,728.407784016927,8021763.0
2021-04-09,736.5176391601562,759.3725408758368,736.5176391601562,755.6862664055657,6402048.0
2021-04-12,707.7647094726562,740.941180229187,704.8156898498536,735.0431409835816,10334862.0
2021-04-13,708.501953125,725.4588156867845,701.8666590790842,717.3490118528875,9547951.0
2021-04-14,711.4509887695312,714.4000084120993,689.3333414502713,711.4509887695312,8708863.0
2021-04-15,726.1961059570312,726.1961059570312,705.552967919674,715.8745369383527,5936707.0
2021-04-16,718.823486328125,729.8823091947115,712.9254474659456,729.8823091947115,6313141.0
2021-04-19,709.9765014648438,726.1961100133656,709.2392465308201,726.1961100133656,4552119.0
2021-04-20,735.7803955078125,744.6274543716339,709.9764738216668,712.1882385376222,9725033.0
2021-04-21,728.4078369140625,744.6274446186266,724.7215624357524,744.6274446186266,6691346.0
2021-04-22,725.4588012695312,744.627428132344,725.4588012695312,736.5176244596156,5787315.0
2021-04-23,763.058837890625,763.058837890625,722.5098175196256,722.5098175196256,10968902.0
2021-04-26,788.86279296875,803.6078919027453,759.3725951007593,788.86279296875,11328469.0
2021-04-27,785.1764526367188,810.9803736153902,777.8039037856697,792.5490014877678,8213859.0
2021-04-28,796.2353515625,803.6079011140046,777.8039776837384,792.5490767867476,8985602.0
2021-04-29,873.6470947265625,873.6470947265625,873.6470947265625,873.6470947265625,6156406.0
2021-05-03,814.6666870117188,866.2745314378004,796.2353140024038,866.2745314378004,24923162.0
2021-05-04,799.9215087890625,814.6666057252664,755.6862179804507,810.9803314912155,18013299.0
2021-05-05,740.9412231445312,810.9804432427705,736.5176934541162,803.6078937587454,13757415.0
2021-05-06,777.803955078125,785.1765044153584,737.2549337233413,759.3725817350415,14573730.0
2021-05-07,781.490234375,785.176509065448,752.0000368514151,777.8039596845518,9285007.0
2021-05-10,721.7725219726562,755.6862461920048,721.7725219726562,748.3136974486681,18810805.0
2021-05-11,671.6392211914062,690.8078487995035,662.0549073873576,664.2666721113688,24921478.0
2021-05-12,654.6824340820312,677.5373388754355,605.2863495285446,663.5294940020586,31011290.0
2021-05-13,643.62353515625,667.2156922295604,634.7764762537586,653.2078489672824,16643374.0
2021-05-14,659.8431396484375,678.2745122643156,654.6823553159916,659.1058847438023,11830221.0
2021-05-17,673.8509521484375,690.8078141828074,640.6744829507574,648.7842865324125,16218012.0
2021-05-18,732.8313598632812,732.8313598632812,678.2744980625943,693.0195958465637,16219814.0
2021-05-19,695.2313842773438,731.3568750828473,695.2313842773438,724.7215808532651,12478300.0
2021-05-20,685.6471557617188,699.6550008794313,682.6981357369372,691.5451958112819,10698579.0
2021-05-21,704.078369140625,717.3489562029614,690.0705272414922,708.5018981614038,13762585.0
2021-05-24,695.2313842773438,707.0274629077123,691.5451097053536,700.39216867813,6032351.0
2021-05-25,701.86669921875,714.4000331333706,698.1804245379792,704.0784640272125,8682040.0
2021-05-26,701.12939453125,713.6627275565195,698.1803749958925,707.7646884858044,5834656.0
2021-05-27,689.3333740234375,701.866708096591,686.3843542415191,696.7059234782337,9218405.0
2021-05-28,708.501953125,713.6627373829344,691.5450905632154,700.392149291103,7578285.0
2021-05-31,733.5686645507812,744.6274886394865,707.0274867378887,715.8745460088529,9520375.0
2021-06-01,720.2980346679688,748.313720765597,719.5607797706627,740.9411717925369,7203678.0
2021-06-02,707.0275268554688,728.4079213067811,705.5530168933093,723.2471364392229,6983814.0
2021-06-03,723.2470703125,725.4588350535167,711.4509916937436,713.6627564347604,4708980.0
2021-06-04,720.2980346679688,720.2980346679688,712.1882307976027,715.8745052841327,4043131.0
2021-06-07,717.3490600585938,719.5608248891958,698.9176864702434,715.8745501715258,5332777.0
2021-06-08,712.188232421875,720.298036310737,712.188232421875,718.823526512762,3549078.0
2021-06-09,712.9254760742188,725.4588091592877,709.9764565247907,709.9764565247907,3936851.0
2021-06-10,735.7803955078125,740.9411798450417,720.298042496125,722.5098072120804,9017839.0
2021-06-11,722.509765625,744.6274115114796,722.509765625,740.9411371970664,5961361.0
2021-06-15,729.1450805664062,740.9411587151045,726.1960610292317,731.3568452192872,5175020.0
2021-06-16,726.1961059570312,733.5686552560874,723.2470862374088,733.5686552560874,4946749.0
2021-06-17,721.0352783203125,721.7725332061206,713.6627294622316,721.0352783203125,6201886.0
2021-06-18,711.4509887695312,729.8823615355814,711.4509887695312,722.5098124291613,5918101.0
2021-06-21,676.800048828125,708.5020118995949,676.800048828125,707.7647569444443,11173057.0
2021-06-22,665.7412109375,675.3255251591916,656.1568967158084,665.0039559973699,13992257.0
2021-06-23,693.7568969726562,693.7568969726562,662.0549346242776,665.7412093159496,8867351.0
2021-06-24,684.9098510742188,698.1804402231272,683.4353411687845,696.705930317693,3484444.0
2021-06-25,683.435302734375,701.8666755157767,683.435302734375,693.0196165807039,4975532.0
2021-06-28,689.3333740234375,689.3333740234375,679.7490597322026,684.9098443505599,3842050.0
2021-06-29,689.3333740234375,699.6549432601521,689.3333740234375,694.4941586417948,5371399.0
2021-06-30,709.2391967773438,721.0352748942227,695.23135401355,696.7058637781598,10422047.0
2021-07-01,704.078369140625,719.5607207133507,698.9175852830498,715.8744465293685,5520582.0
2021-07-02,705.552978515625,710.7137631024686,702.6039587517143,709.976508161491,4595609.0
2021-07-05,705.552978515625,718.823567453223,705.552978515625,707.764743338558,7408825.0
2021-07-06,707.0867919921875,720.8910894497355,705.552981163571,718.5903732068109,6914325.0
2021-07-07,703.2522583007812,711.6882177787624,703.2522583007812,710.1544069645839,5159765.0
2021-07-08,705.552978515625,712.4551272184952,700.9515460470449,705.552978515625,5934229.0
2021-07-09,704.7860717773438,712.455125877206,698.650828497454,701.7184501373988,5129084.0
2021-07-12,717.0565795898438,721.6580121861422,713.2220524262617,720.8911067534258,5646291.0
2021-07-13,710.1543579101562,723.9586542842197,710.1543579101562,720.8910328677612,6948022.0
2021-07-14,713.2220458984375,719.3572893040155,709.3875187699513,712.4551404727403,3359604.0
2021-07-15,729.3270263671875,730.0939317576892,713.2220131666502,717.0565401191591,7385920.0
2021-07-16,733.928466796875,736.2291829937304,721.6579804136462,727.0263182063088,5866395.0
2021-07-19,704.7860717773438,724.7256124369857,701.7184501373988,721.6579907970407,6987035.0
2021-07-20,705.552978515625,711.6882218070652,701.7184514584749,703.252262281335,3114282.0
2021-07-21,699.4176635742188,713.9888648986816,694.81623157702,710.1543382343493,4941452.0
2021-07-22,704.7860717773438,713.9889366971785,701.7184501373988,701.7184501373988,4204358.0
2021-07-23,715.5227661132812,716.289671543199,708.6206172440213,714.7558606833635,4496889.0
2021-07-26,707.8536376953125,720.8910286387799,705.5529216464654,720.8910286387799,4293853.0
2021-07-27,719.3572387695312,727.0262924877565,708.6205635640158,711.6881850513059,7973169.0
2021-07-28,682.5457763671875,714.7558017687852,680.2450602670734,713.9888964020804,16290546.0
2021-07-29,715.5227661132812,717.0565769731168,692.5156032157481,701.7184683747614,9074984.0
2021-07-30,697.8839721679688,718.5904196938316,695.5832557762062,717.0566087659898,5727104.0
2021-08-02,716.2896118164062,716.2896118164062,705.5529366928198,708.6205581567017,3940140.0
2021-08-03,719.3572387695312,727.0262924877565,713.221995794951,727.0262924877565,2919205.0
2021-08-04,728.5601196289062,730.8608357961554,721.6579711271587,727.0263088507401,6059477.0
2021-08-05,736.99609375,739.2968099635797,730.0939451092612,736.2291883454735,6733053.0
2021-08-06,717.823486328125,733.9285004444612,717.0565808940138,733.1615950103499,3774421.0
2021-08-09,706.3198852539062,711.6882231440011,698.6508311251994,711.6882231440011,4368676.0
2021-08-10,707.0867919921875,713.2220353066533,702.4853595063381,713.2220353066533,2445401.0
2021-08-11,697.8839721679688,702.4854049514938,694.8163503122854,700.1846885597313,4502303.0
2021-08-12,693.282470703125,707.8536730740977,690.9817545392872,707.8536730740977,4215356.0
2021-08-13,697.8839721679688,702.4854049514938,690.9818229926811,697.1170667040479,4646391.0
2021-08-16,690.9817504882812,704.0191420069281,690.2148451048315,697.8838989393296,3692905.0
2021-08-17,690.9817504882812,690.9817504882812,690.9817504882812,690.9817504882812,0.0
2021-08-18,699.4176635742188,699.4176635742188,663.3731129294947,667.207639593827,6008564.0
2021-08-19,681.0120239257812,700.9515651668514,676.4105913316881,696.3501325727583,5483659.0
2021-08-20,669.5083618164062,693.2824273562786,667.2076457964185,689.4479006562992,5459224.0
2021-08-23,698.6508178710938,701.7184394643807,676.4105613197637,676.4105613197637,5262045.0
2021-08-24,697.1170043945312,705.55296374364,692.5155720222901,705.55296374364,2822689.0
2021-08-25,698.6508178710938,701.7184394643807,690.2148584895548,701.7184394643807,3927236.0
2021-08-26,681.0120239257812,695.5832271404095,667.2077261435019,694.8163217080606,9234116.0
2021-08-27,687.1472778320312,687.1472778320312,669.5084526198251,669.5084526198251,5490911.0
2021-08-30,699.4176635742188,699.4176635742188,688.6809889140882,691.748610245554,4109689.0
2021-08-31,690.9817504882812,703.2522366234783,678.7112643530843,703.2522366234783,7520536.0
2021-09-01,710.9213256835938,713.222041947942,694.8163118331564,703.2522714690998,9142513.0
2021-09-02,715.5227661132812,724.7256312722945,710.9213335337746,713.222049823528,5703535.0
2021-09-03,704.7860717773438,719.3572745670821,703.2522609573713,719.3572745670821,5908319.0
2021-09-06,687.1472778320312,703.2522921562195,686.3803723880222,695.5832377161298,8142260.0
2021-09-07,692.5155639648438,695.5831855106459,687.9141316461404,690.9817531919426,3726008.0
2021-09-08,699.4176635742188,700.9514742399516,686.3802729154887,689.4478942469547,4347700.0
2021-09-09,690.9817504882812,696.35008817243,688.6810343379318,692.515561255181,6296716.0
2021-09-10,709.3875122070312,709.3875122070312,691.7486875791808,692.515592997783,4767470.0
2021-09-13,710.9213256835938,714.7558527908408,704.0191768905491,704.0191768905491,2943072.0
2021-09-14,726.2593994140625,727.7932101836803,714.7558186419285,714.7558186419285,8030381.0
2021-09-15,717.0565795898438,724.7256339170078,711.6882415608288,723.191823051575,5098265.0
2021-09-16,717.823486328125,717.823486328125,710.1544319870126,713.2220537234575,2831392.0
2021-09-17,720.89111328125,730.0939785571809,717.8234915226064,720.89111328125,7222343.0
2021-09-22,698.6508178710938,709.387493447598,690.2148584895548,704.0191556593459,8331836.0
2021-09-23,701.7184448242188,706.3198772492956,694.049390782424,704.7860664409367,5235288.0
2021-09-24,705.552978515625,707.8536947499151,699.4177352241849,704.019167692765,4824937.0
2021-09-27,735.4622192382812,735.4622192382812,706.3198163904661,706.3198163904661,10615379.0
2021-09-28,733.928466796875,743.1313315842966,724.7256020094534,735.4622775947786,7201265.0
2021-09-29,700.1845703125,723.191730344674,700.1845703125,720.8910143414566,8299794.0
2021-09-30,694.0493774414062,701.7184313357865,687.1472289364641,700.1846205569104,7633321.0
2021-10-01,678.7112426757812,694.0493498548949,676.4105265989142,694.0493498548949,6270815.0
2021-10-04,684.07958984375,689.4479274322099,673.3429146668302,684.07958984375,4562934.0
2021-10-05,664.9069213867188,673.3428800202296,655.7040574228887,668.7414480383146,8653551.0
2021-10-06,667.9745483398438,682.5457497387611,667.9745483398438,671.0421696869843,5342508.0
2021-10-07,698.6508178710938,700.951534066059,677.1774667180854,678.7112775147289,6379657.0
2021-10-08,697.8839721679688,709.3875541267814,694.8163503122854,704.7861213432564,4246459.0
2021-10-12,680.2450561523438,696.350068755725,678.7112454282122,695.5831633936593,6289120.0
2021-10-13,661.0723876953125,684.8464526820349,661.0723876953125,683.3126420377301,5526679.0
2021-10-14,644.2005615234375,669.508440726144,643.4336560930525,667.2077244349889,8578196.0
2021-10-15,657.2379150390625,658.7717258092821,649.568861187965,654.1702934986236,6129997.0
2021-10-18,664.9069213867188,673.3428800202296,659.5385840744846,661.0723947351229,5973592.0
2021-10-19,688.6810302734375,690.2148410312848,668.7414904214226,672.5760173160409,5917354.0
2021-10-20,690.9817504882812,704.0191420069281,690.9817504882812,697.8838989393296,4486883.0
2021-10-21,700.1845703125,708.6205289909639,692.515516968442,699.4176649780942,5875235.0
2021-10-22,710.1543579101562,710.1543579101562,694.8162508278634,700.1845883066659,4483378.0
2021-10-25,719.3572387695312,723.9586710004663,702.4853205894356,711.6881850513059,5129397.0
2021-10-26,725.4924926757812,730.0939249760504,720.891060375512,729.3270195926723,6282515.0
2021-10-27,722.4249267578125,734.6954138365015,714.7558723336319,727.7932648547389,7944259.0
2021-10-28,717.823486328125,726.2594461033488,710.9213374211238,722.4249189327925,3776228.0
2021-10-29,700.1845703125,720.1241090070508,700.1845703125,719.3572036726451,5373611.0
2021-11-01,707.0867919921875,713.2220353066533,703.2522649206463,709.3875082351121,2927412.0
2021-11-02,711.688232421875,716.2896649590854,704.7860836160594,712.4551378447434,2920555.0
2021-11-03,714.7559204101562,720.1242588681724,712.4552039281493,716.2897313981608,3049201.0
2021-11-04,711.688232421875,724.7256246106379,710.1544215761382,724.7256246106379,2340539.0
2021-11-05,720.89111328125,720.89111328125,710.9213425656583,720.1242078415892,3449046.0
2021-11-08,751.5672607421875,753.8679768465004,723.9586674904338,726.2593835947465,10466167.0
2021-11-09,750.033447265625,766.9053653022751,748.4996365350205,766.9053653022751,6868045.0
2021-11-10,734.6953125,750.0334192327766,734.6953125,745.4319872129436,3495810.0
2021-11-11,731.6277465820312,736.2291789504717,717.8234494767099,717.8234494767099,3783645.0
2021-11-12,753.8680419921875,757.7025691640705,733.1615952640196,739.2968387390323,4282008.0
2021-11-15,786.0780639648438,793.7471182474276,766.9054282583842,774.574482540968,11093470.0
2021-11-16,793.7471313476562,801.4161857568123,774.574495324766,786.0780769385001,5633120.0
2021-11-17,789.91259765625,824.4233422140474,782.2435433100728,812.9197606947815,6797429.0
2021-11-18,832.0923461914062,843.5959270143289,805.2506576045866,812.9197114865351,12481999.0
2021-11-19,835.9268798828125,858.9340417144496,812.9197180511754,855.0995147425101,9960213.0
2021-11-22,828.2578125,851.2649739583334,828.2578125,843.5959201388889,4887612.0
2021-11-23,809.0851440429688,835.9268312861003,805.2506172939499,820.5887242900251,6036742.0
2021-11-24,797.5816040039062,812.9197117732122,786.0780231769268,801.4161309462327,4207454.0
2021-11-25,793.7471313476562,809.0852401659685,782.243549733922,801.4161857568123,2988005.0
2021-11-26,770.7399291992188,786.0780372429844,763.8377805795243,782.2435102320429,4249254.0
2021-11-29,789.91259765625,789.91259765625,760.003285706159,765.371623748483,3787113.0
2021-11-30,774.574462890625,812.919733330755,774.574462890625,805.250679242729,8133035.0
2021-12-01,816.7542114257812,820.5887382399867,774.5744164695202,782.2434700979313,6353875.0
2021-12-02,828.2578125,832.0923394097223,797.5815972222223,801.4161241319445,7112276.0
2021-12-03,812.919677734375,835.9268384249705,809.0851509526091,828.2577848614386,4662507.0
2021-12-06,832.0923461914062,832.0923461914062,797.5816037226382,812.9197114865351,4605648.0
2021-12-07,816.7542114257812,828.2577918683978,805.2506309831646,812.9196846115757,6117755.0
2021-12-08,839.7613525390625,851.2649327108305,828.2577723672946,832.0922990912172,7323171.0
2021-12-09,832.0923461914062,843.5959270143289,824.4232923094578,839.7614000733547,2463930.0
2021-12-10,824.4232788085938,832.0923325649527,816.7542250522347,824.4232788085936,2943248.0
2021-12-13,824.4232788085938,839.7613863213118,820.5887519304142,820.5887519304142,3276917.0
2021-12-14,820.5888061523438,824.4233332838968,805.2506976261318,820.5888061523438,4130770.0
2021-12-15,812.919677734375,824.4232580796727,801.4160973890772,816.7542045161408,2981924.0
2021-12-16,835.9268798828125,835.9268798828125,824.423298966994,832.092352910873,3810497.0
2021-12-17,824.4232788085938,839.7613863213118,820.5887519304142,824.4232788085936,4197118.0
2021-12-20,809.0851440429688,824.423251039044,809.0851440429686,820.5887242900251,3226773.0
2021-12-21,835.9268798828125,851.2649877705705,820.5887719950545,851.2649877705705,4406508.0
2021-12-22,832.0923461914062,839.7614000733547,828.257819250432,839.7614000733547,1329910.0
2021-12-23,839.7613525390625,847.4304059869079,832.0922990912172,835.9268258151399,2693726.0
2021-12-24,858.9340209960938,866.6030747549875,839.7613865988595,843.5959134783064,4983433.0
2021-12-27,878.1066284179688,908.7828425111729,858.9339946097161,862.7685213713667,8440835.0
2021-12-28,901.1138305664062,904.9483575049867,885.7757228120844,889.6102497506648,4928695.0
2021-12-29,908.7828369140625,920.2864171281647,897.2792566999605,904.9483101760285,5074409.0
2021-12-30,912.6173095703125,920.2863625919117,901.1137300379136,920.2863625919117,3809725.0
2022-01-03,881.941162109375,931.7900104025136,878.1066353175952,924.1209568189538,7374387.0
2022-01-04,893.4447631835938,901.1138169448263,878.1066556611287,893.4447631835939,6688764.0
2022-01-05,901.1138305664062,912.6174113821476,881.941195873504,897.2793036278258,7020406.0
2022-01-06,870.4376831054688,885.7757920588691,851.2650469137184,881.941264820519,8129690.0
2022-01-07,843.595947265625,878.1066905628551,835.9268931995739,866.6031094637784,8258414.0
2022-01-10,839.7613525390625,839.7613525390625,820.5887189194492,828.2577723672946,7069419.0
2022-01-11,828.2578125,839.7613932291667,816.7542317708334,835.9268663194445,4406422.0
2022-01-12,832.0923461914062,839.7614000733547,820.5887653684836,839.7614000733547,3016339.0
2022-01-13,843.595947265625,851.2650013316761,832.0923661665483,835.9268931995739,5047874.0
2022-01-14,816.7542114257812,835.9268454968089,809.0851577973701,835.9268454968089,5581491.0
2022-01-17,855.0994873046875,858.9340141535874,820.588745664588,824.423272513488,5457933.0
2022-01-18,847.430419921875,878.1066342176895,847.430419921875,851.2649467088519,4858889.0
2022-01-19,843.595947265625,858.9340553977273,835.9268931995739,839.7614202325994,4742173.0
2022-01-20,835.9268798828125,851.2649877705705,820.5887719950545,847.4304607986311,5235983.0
2022-01-21,820.5888061523438,828.2578604154498,809.0852247576847,812.9197518892378,5844178.0
2022-01-24,835.9268798828125,835.9268798828125,805.2506641072964,812.9197180511754,5048568.0
2022-01-25,832.0923461914062,835.9268731323805,820.5887653684836,828.257819250432,4466066.0
2022-01-26,824.4232788085938,839.7613863213118,820.5887519304142,820.5887519304142,5129604.0
2022-02-07,843.595947265625,866.6031094637784,824.4233121004971,866.6031094637784,18787872.0
2022-02-08,839.7613525390625,862.7685128825984,835.9268258151399,862.7685128825984,8746495.0
2022-02-09,866.6031494140625,870.4376766238593,839.7614589454854,862.7686222042659,7950712.0
2022-02-10,889.6102294921875,893.4447563434469,862.7685415333715,874.2721220871498,8574392.0
2022-02-11,881.941162109375,897.2792692764946,878.1066353175952,881.941162109375,4989740.0
2022-02-14,847.430419921875,862.7685270697823,843.5958931348982,858.9340002828055,5433143.0
2022-02-15,843.595947265625,858.9340553977273,835.9268931995739,851.2650013316761,3248639.0
2022-02-16,866.6031494140625,866.6031494140626,855.0995677846723,866.6031494140626,2903544.0
2022-02-17,866.6031494140625,870.4376766238593,858.9340949944691,866.6031494140626,3007009.0
2022-02-18,858.9340209960938,862.7685478755407,847.4304403577532,855.099494116647,2500405.0
2022-02-21,866.6031494140625,870.4376766238593,851.2650405748756,855.0995677846723,3088278.0
2022-02-22,851.2650146484375,858.9340688344595,835.9269062763937,855.0995417414485,4745273.0
2022-02-23,858.9340209960938,858.9340209960938,843.5959134783064,851.2649672372002,3540429.0
2022-02-24,812.919677734375,847.4304187702683,809.0851509526091,839.7613652067364,7867454.0
2022-02-25,832.0923461914062,839.7614000733547,812.9197114865351,824.4232923094578,7091202.0
2022-03-01,843.595947265625,858.9340553977273,839.7614202325994,847.4304742986506,5420606.0
2022-03-02,828.2578125,847.4304470486111,820.5887586805555,847.4304470486111,3632197.0
2022-03-03,828.2578125,843.5959201388889,816.7542317708334,832.0923394097223,3799148.0
2022-03-04,786.0780639648438,812.9197539538872,786.0780639648438,812.9197539538872,6254448.0
2022-03-07,745.4320068359375,763.0708300429607,743.8981961222833,755.4017764746897,10685986.0
2022-03-08,738.5298461914062,756.1686691014813,723.19173931308,724.7255500009127,7230258.0
2022-03-09,740.83056640625,748.4996198887163,733.1615129237837,744.6650931474832,5981552.0
2022-03-10,763.0708618164062,770.7399157040084,753.1010917625235,759.2363348726052,5820879.0
2022-03-11,738.5298461914062,766.9053439163097,736.9960355035736,766.9053439163097,5586320.0
2022-03-14,723.9586791992188,747.7327459949558,716.2896253941423,746.1989352339406,8517631.0
2022-03-15,693.282470703125,717.056537729449,690.9817545392872,715.5227269535571,9349160.0
2022-03-16,695.5831909179688,713.9889203358642,690.2148531710825,713.222014943452,7483037.0
2022-03-17,742.3643798828125,750.0334333939985,727.7931782115589,729.3269889137961,9344377.0
2022-03-18,743.13134765625,746.9658747339396,732.394671838719,744.6651584873258,6554769.0
2022-03-21,750.033447265625,755.4017848227409,749.2665419003227,755.4017848227409,3910421.0
2022-03-22,747.7327270507812,751.5672538561698,741.5974841621594,744.6651056064703,3925166.0
2022-03-23,749.2664794921875,763.0707749178368,748.4995741907625,757.7024378078621,4105013.0
2022-03-24,745.4320068359375,750.0334389769,741.597480051802,750.0334389769,4654086.0
2022-03-25,744.6651000976562,748.4996268746781,740.0636679652299,747.7327215192737,3500490.0
2022-03-28,739.2968139648438,739.2968139648438,725.4925166086537,728.5601382433626,2654466.0
2022-03-29,699.4176635742188,729.326971556011,692.5155155784205,713.9888648986816,12940484.0
2022-03-30,701.7184448242188,707.8536880576546,692.5155799740651,699.4177286116803,11058276.0
2022-03-31,694.0493774414062,704.7860528935386,690.2148504942162,690.2148504942162,8375072.0
2022-04-01,690.2149047851562,693.2825265842014,684.8465666368272,690.2149047851562,9228783.0
2022-04-06,676.4105224609375,677.1774278152016,655.7040778958068,658.0047939585991,13328503.0
2022-04-07,651.8695678710938,668.7414860983456,651.8695678710938,658.0048108628217,12287176.0
2022-04-08,644.2005615234375,658.7717647007534,639.5991289411272,652.636521257673,12711666.0
2022-04-11,641.1329345703125,649.5688942357114,638.0653128738039,643.4336508426941,6163957.0
2022-04-12,645.734375,650.3358076009501,636.5315097980998,644.2005641330167,7748278.0
2022-04-13,674.876708984375,676.4105196866121,649.5688323974609,651.1026430996981,10111374.0
2022-04-14,660.3054809570312,670.2752501236298,660.3054809570312,670.2752501236298,6220281.0
2022-04-15,638.0653076171875,653.4034159733699,637.2984021993784,652.6365105555608,7092675.0
2022-04-18,638.8322143554688,647.2681739688063,634.2307818391029,634.2307818391029,3933699.0
2022-04-19,642.6666870117188,661.072415518021,642.6666870117188,655.7040780370162,6253901.0
2022-04-20,656.4710083007812,656.4710083007812,644.967427547847,649.5688598490208,5489289.0
2022-04-21,665.6738891601562,668.7415107691893,651.8695919195079,654.9372135285408,4505663.0
2022-04-22,654.9371948242188,657.2379109652874,648.8019517813689,650.3357625420814,5736473.0
2022-04-25,641.8998413085938,642.666746734291,637.2984087544103,638.8322196058048,5934807.0
2022-04-26,638.8322143554688,641.899836033046,632.6969710003142,638.8322143554688,6976630.0
2022-04-27,619.6596069335938,625.7948505665996,611.2236469382107,618.1257960253423,8488189.0
2022-04-28,634.9976196289062,654.170253071808,629.6292822648938,640.3659569929188,12449177.0
2022-04-29,636.531494140625,651.8696024331701,636.531494140625,651.8696024331701,6664286.0
2022-05-03,628.8624267578125,638.8321969381193,619.6595619759909,636.5314807426638,8296427.0
2022-05-04,635.7645263671875,640.3659584036207,632.6969050095653,635.7645263671875,3551729.0
2022-05-05,644.9674682617188,650.3358062853002,641.8998465339579,646.5012791255991,5091069.0
2022-05-06,639.59912109375,639.59912109375,619.6595801483813,620.426485569357,5655744.0
2022-05-09,623.494140625,634.2308170933272,623.494140625,629.629384321187,3073344.0
2022-05-10,628.8624267578125,631.930048351753,614.2912241865948,614.2912241865948,5843583.0
2022-05-11,635.7645263671875,637.2983370459986,623.494040936699,624.2609462761045,3755757.0
2022-05-12,628.8624267578125,640.3660077350895,628.8624267578125,634.9976699456936,4101437.0
2022-05-13,646.501220703125,648.0350314283993,634.9976402635676,637.298356351479,4569731.0
2022-05-16,632.6969604492188,658.0048388671875,632.6969604492188,651.1026902077415,4950541.0
2022-05-17,644.9674682617188,649.56890085336,636.5315085103764,642.6667519658981,4006249.0
2022-05-18,655.7041015625,655.7041015625,648.0350477430555,654.9371961805556,5390518.0
2022-05-19,648.0350341796875,649.5688449114738,640.3659805207562,643.4336019843288,4799600.0
2022-05-20,648.8019409179688,651.86956238803,641.1328872428154,644.967414080392,3499866.0
2022-05-23,646.501220703125,657.2378957800452,646.501220703125,654.9371796921337,3192724.0
2022-05-24,636.531494140625,650.3357916039157,636.531494140625,650.3357916039157,2917189.0
2022-05-25,646.501220703125,650.3357475163108,633.4638295382932,638.8321670767534,3229937.0
2022-05-26,638.8322143554688,651.1027010657779,638.0653089360744,651.1027010657779,3458958.0
2022-05-27,652.636474609375,653.4033799849442,642.6667047269757,645.7343262292524,3283990.0
2022-05-30,673.3429565429688,673.3429565429688,662.60628069832,663.373186115795,5134164.0
2022-05-31,694.0493774414062,694.0493774414062,664.9069726427616,671.8091211477038,10189792.0
2022-06-01,694.0493774414062,699.4177151674725,687.1472289364641,692.5155666625302,5234259.0
2022-06-02,688.6810302734375,694.8162733048266,687.9141248945139,689.4479356523611,3858451.0
2022-06-06,694.0493774414062,699.4177151674725,682.545796599836,687.1472289364641,5605415.0
2022-06-07,682.5457763671875,690.9817354009393,682.5457763671875,690.2148300342346,5521169.0
2022-06-08,713.2220458984375,715.5227621755292,690.2148831275201,692.5155994046119,10296010.0
2022-06-09,708.6205444335938,717.0565032958984,705.5529230291193,710.9212604869496,5894187.0
2022-06-10,713.2220458984375,716.2896676012265,700.9515590872816,701.7184645129788,4826273.0
2022-06-13,680.2450561523438,695.5831633936593,678.7112454282122,691.7486365833304,8704050.0
2022-06-14,674.876708984375,676.4105196866121,664.1400340687145,667.2076554731889,6417629.0
2022-06-15,677.9443359375,684.8464841540583,673.3429037931279,674.8767145079186,5010720.0
2022-06-16,669.5083618164062,696.3500487162621,666.4407404564226,694.8162380362703,4915525.0
2022-06-17,637.2984008789062,656.4710362844088,637.2984008789062,649.5688875384279,12964828.0
2022-06-20,644.2005615234375,653.4034266880581,638.0653180803572,642.6667506626675,6893103.0
2022-06-21,665.6738891601562,665.6738891601562,649.5688757127332,660.3055513443486,7304422.0
2022-06-22,618.892578125,653.4033166821562,617.3587675224597,650.3356954770757,14514935.0
2022-06-23,580.9505004882812,623.952642033858,572.5187080283642,616.3640288199326,30393472.0
2022-06-24,564.9300537109375,586.8527125116605,564.0868745262943,575.0482039266558,14518315.0
2022-06-27,571.675537109375,586.009584500023,571.675537109375,577.5777919172889,10153354.0
2022-06-28,548.9097290039062,571.6755702989991,544.693832467778,564.9301358411939,16181238.0
2022-06-29,557.3414916992188,563.243746528106,539.6347272125568,543.0074442576351,13465426.0
2022-06-30,548.9097290039062,558.1847013833885,545.5370117750036,552.282446232809,9682997.0
2022-07-01,516.025634765625,552.2823378619025,514.3392764820773,549.7528004365809,10051624.0
2022-07-04,515.1825561523438,525.3007078280035,510.96665962081886,513.4961975397338,8976016.0
2022-07-05,518.55517578125,531.2028629954268,503.37795112423777,526.1437881097561,8934695.0
2022-07-06,510.1234436035156,521.9279530422747,508.4370851122643,520.2415945510234,7663311.0
2022-07-07,536.261962890625,537.9483212644949,510.96658728257665,516.0256624041863,8633974.0
2022-07-08,548.9097290039062,553.9688048472602,541.3211152388753,548.0665496966806,9061449.0
2022-07-11,537.1051635742188,553.1255687671703,535.4188051328554,552.2823895464886,5102748.0
2022-07-12,517.7120971679688,530.359786838196,512.6530212998779,529.5166075268476,7334318.0
2022-07-13,534.5756225585938,549.7528484356516,532.0460849124174,548.0664900048674,6616953.0
2022-07-14,544.6937866210938,549.7528620386272,526.9870226597269,530.3597396047492,5473704.0
2022-07-15,546.380126953125,549.752843786169,537.948334870515,544.693768536603,7738288.0
2022-07-18,557.3414916992188,567.4596428344541,548.0665198252528,549.7528783477921,7836261.0
2022-07-19,558.1846313476562,562.4005273548138,552.2823769376357,554.8119145419303,4680873.0
2022-07-20,565.7732543945312,579.2641218614649,562.4005375277978,573.3618673446814,8066906.0
2022-07-21,603.7163696289062,603.7163696289062,571.6755567156403,574.2050945772139,11439799.0
2022-07-22,594.4413452148438,607.9322126239749,591.068628362561,605.4026749847628,8280121.0
2022-07-25,580.1072998046875,588.5390919530115,579.2641205898551,586.0095543085143,5931222.0
2022-07-26,574.205078125,586.8527670704846,569.1460025468061,572.5187195989354,5330274.0
2022-07-27,570.8323364257812,570.8323364257812,556.4982895731398,557.3414687997657,6598262.0
2022-07-28,575.0482177734375,584.3231890278478,571.675500953652,584.3231890278478,4665061.0
2022-07-29,575.8914184570312,591.9118239485152,569.989163802274,581.7936731117885,6916095.0
2022-08-01,585.1663818359375,586.8527402850325,568.3027973449883,576.734589590463,6377879.0
2022-08-02,575.8914184570312,581.7936731117885,566.6164468566983,572.5187015114557,6108080.0
2022-08-03,578.4208984375,580.9504358942237,571.6754652195699,577.5777192852587,3556948.0
2022-08-04,576.734619140625,583.4800532826206,573.3619020696271,580.9505154793723,3455237.0
2022-08-05,604.5595092773438,604.5595092773438,588.5391038711101,590.2254623349241,6982355.0
2022-08-08,597.8140258789062,607.0889966612306,595.2844883928178,601.1867425270242,5059785.0
2022-08-09,585.1663818359375,595.284532530507,581.7936649377477,591.9118156323173,5278814.0
2022-08-10,563.2437744140625,573.3619260502433,563.2437744140625,570.8323881411981,6321671.0
2022-08-11,564.9300537109375,569.9891288187966,559.0277994184352,564.9300537109375,9025318.0
2022-08-12,576.734619140625,576.734619140625,564.9301093921326,568.3028264631305,4446417.0
2022-08-15,595.2845458984375,597.8140836288841,578.4209610287934,580.1073195157578,4793921.0
2022-08-16,595.2845458984375,604.5595175767418,594.4413666549552,597.8140836288841,5340783.0
2022-08-17,592.7550048828125,599.5004387932854,589.382287927576,596.127721838049,4656601.0
2022-08-18,591.911865234375,594.441403119992,582.6368929871127,591.911865234375,4104406.0
2022-08-19,584.3231811523438,591.068614701,584.3231811523438,591.068614701,4021243.0
2022-08-22,570.8323364257812,575.891411785537,569.9891571991552,575.0482325589111,3039000.0
2022-08-23,569.9891357421875,572.5186733268422,560.7141645984537,563.2437021831084,3485299.0
2022-08-24,562.4005126953125,575.8913795665644,562.4005126953125,573.3618420282047,3956917.0
2022-08-25,564.9300537109375,570.8323080034398,561.5573369723647,564.9300537109375,2981905.0
2022-08-26,571.675537109375,579.2641504338358,569.1459993345547,572.5187163676484,2900649.0
2022-08-29,550.5960693359375,555.655145011306,548.9097107774813,553.9687864528498,4654505.0
2022-08-30,553.9688110351562,556.4983489850885,546.3801971853595,550.59609376858,4506040.0
2022-08-31,562.4005126953125,565.7732294131255,549.7528250035139,552.2823625418736,4221631.0
2022-09-01,546.380126953125,557.3414566605179,542.16423091182,552.282381410952,7093281.0
2022-09-02,522.7711181640625,543.8505987351941,522.7711181640625,539.6347026209678,9474700.0
2022-09-05,532.0460815429688,537.1051568032822,519.398393392185,519.398393392185,5842744.0
2022-09-06,530.3597412109375,536.2619958826014,528.6733827333193,533.732458166174,3988122.0
2022-09-07,521.9279174804688,526.9869926095201,513.4961255987164,522.771096668644,5069764.0
2022-09-08,525.3006591796875,527.8301968643409,520.2415838103808,524.4574799514697,3336148.0
2022-09-12,528.67333984375,541.3210273998205,527.8301606733453,534.575594036583,5000340.0
2022-09-13,527.8302001953125,536.2619925307008,526.9870209617736,532.0460963630067,4327108.0
2022-09-14,518.55517578125,520.2415340764735,507.59384686229674,508.4370260099085,6129131.0
2022-09-15,519.3983764648438,522.771093195135,515.1824805519798,515.1824805519798,3490200.0
2022-09-16,505.9075012207031,515.1824720764159,505.90750122070307,511.8097554016113,7961748.0
2022-09-19,509.2802429199219,515.1824973908481,506.75070528952494,510.9666013401865,4262713.0
2022-09-20,510.1234436035156,515.1825190772695,508.4370851122643,511.8098020947669,3209089.0
2022-09-21,510.1234436035156,514.3393398316438,506.75072662101303,514.3393398316438,4305556.0
2022-09-22,498.3189392089844,505.9075524964308,494.9462221923415,504.2211939881094,5520105.0
2022-09-23,489.0439453125,500.8484543372845,489.0439453125,498.3189166891164,4137245.0
2022-09-26,479.76898193359375,485.67123654437614,475.55308578303493,483.14169885404084,5078590.0
2022-09-27,478.92584228515625,483.9849180839431,474.70994578616717,481.45538018454965,4395712.0
2022-09-28,459.53265380859375,485.6712084288991,459.53265380859375,482.2984917036984,7153489.0
2022-09-29,457.8463439941406,474.70992940828944,455.3168061820183,470.4940330547522,7957861.0
2022-09-30,464.5917663574219,467.1213041052844,449.41453987024653,451.9440776181091,5765497.0
2022-10-03,462.062255859375,468.80769025148265,456.1600007662808,457.8463593643077,3207800.0
2022-10-04,483.14166259765625,483.1416625976562,475.5530500961224,475.5530500961224,4417460.0
2022-10-05,505.0644226074219,512.6530366365818,499.1621672514086,502.5348845977019,9523847.0
2022-10-06,494.94622802734375,509.28027551706236,493.25986949914153,508.4370962529613,6813772.0
2022-10-07,477.2394714355469,490.7303398860217,475.5531128792375,489.887160607867,5990213.0
2022-10-11,466.2781066894531,476.3962572866926,456.15995609221363,460.37585217439675,8035781.0
2022-10-12,462.9053649902344,469.65079835985523,456.15993162061346,469.65079835985523,6779101.0
2022-10-13,458.6895446777344,467.121337778428,453.63046881731816,463.74862053815053,6734775.0
2022-10-14,493.25982666015625,495.7893642327724,471.33716769748264,473.8667052700988,9168365.0
2022-10-17,487.35760498046875,489.0439634752109,476.39627476464506,478.92581250675823,6538416.0
2022-10-18,495.7893371582031,501.69159117199126,485.6711874202806,500.0052328823375,6492274.0
2022-10-19,486.514404296875,498.3189132399535,486.51440429687506,493.25983797863415,5843559.0
2022-10-20,480.61212158203125,480.61212158203125,470.49397165398847,477.2394049393503,8517491.0
2022-10-21,478.0826416015625,488.2007927465691,476.39628307739474,478.0826416015625,4956286.0
2022-10-24,495.7893371582031,502.53477031681814,493.2597997237225,494.94615801337625,5684321.0
2022-10-25,474.7099304199219,499.1621293225466,474.7099304199219,498.3189500500423,6381937.0
2022-10-26,488.20074462890625,490.73028216584356,476.39623612319866,479.7689528391151,6518295.0
2022-10-27,496.6325988769531,499.162136732014,491.57352316683136,496.6325988769531,6051076.0
2022-10-28,476.396240234375,493.25982395948563,475.5530610481195,490.730286400719,6036461.0
2022-10-31,497.47576904296875,509.2802788168697,485.67125926906783,493.259872695147,16334090.0
2022-11-01,505.0644226074219,509.2803192902885,497.47580857826193,499.1621672514086,7663380.0
2022-11-02,505.0644226074219,511.8098573000085,500.00534658798193,501.69170526112856,6657914.0
2022-11-03,505.9075012207031,507.59385955810546,494.94617202758786,494.94617202758786,6358739.0
2022-11-04,503.3779602050781,505.90749769354585,494.10298941402976,505.90749769354585,4370544.0
2022-11-07,522.7711181640625,525.3006558325983,506.7507129300025,512.6529674899194,8093011.0
2022-11-08,522.7711181640625,532.8892688382057,519.3984012726814,532.8892688382057,7837433.0
2022-11-09,548.0665283203125,553.1256039663461,527.8302257361779,529.5165842848558,12019117.0
2022-11-10,556.4983520507812,556.4983520507812,540.4779449462891,546.3802001953125,7154267.0
2022-11-11,590.2254638671875,590.2254638671875,573.3618791852679,588.5391053989955,15760682.0
2022-11-14,587.6959228515625,598.657252833012,585.1663851635357,594.4413566863007,9563892.0
2022-11-15,608.775390625,619.7367203730955,590.2254479743767,593.5981648199446,13610403.0
2022-11-16,614.6776733398438,622.266286590953,606.2458808386114,617.2072110902135,9978727.0
2022-11-17,611.304931640625,623.9526198814656,603.7163186961208,623.9526198814656,6790953.0
2022-11-18,608.775390625,625.6389748528393,603.7163153566481,617.2071827389196,5407566.0
2022-11-21,607.089111328125,608.775469970703,597.8141387939453,603.7163940429688,4344910.0
2022-11-22,601.186767578125,602.8731259724535,592.7549756064823,596.1276923951394,6221790.0
2022-11-23,594.4413452148438,608.7753918370456,594.4413452148438,608.7753918370456,3108090.0
2022-11-24,613.83447265625,620.5799064217033,599.5004259046617,602.8731427873884,7357285.0
2022-11-25,612.9912719726562,620.579884693088,609.6185552080199,614.6776303549744,5668842.0
2022-11-28,592.7550048828125,606.2458727037584,592.7550048828125,592.7550048828125,5409513.0
2022-11-29,601.186767578125,605.4026635639464,586.0095420291682,586.0095420291682,5090965.0
2022-11-30,618.05029296875,622.2661885551671,599.5003523885147,602.029889740365,9170864.0
2022-12-01,624.7957763671875,637.4434641478998,622.266238811045,632.3843890356148,6799631.0
2022-12-02,623.1094360351562,630.6980489232704,615.520823147042,615.520823147042,4024014.0
2022-12-05,623.1094360351562,636.6003033918038,623.1094360351562,623.1094360351562,4458434.0
2022-12-06,611.304931640625,627.3253367456897,607.0890355603449,623.1094406654095,4949511.0
2022-12-07,603.7163696289062,613.8345210752008,601.1868317673326,604.5595489160975,5243678.0
2022-12-08,594.4413452148438,611.3049294762577,594.4413452148438,610.461750263187,4093975.0
2022-12-09,614.6776733398438,614.6776733398438,599.5004468376254,602.0299845879952,4352527.0
2022-12-12,600.3436279296875,603.7163449405285,594.4413731607159,602.8731656878182,4940725.0
2022-12-13,597.8140258789062,608.7753549852896,596.9708467168767,604.5594591751421,5634859.0
2022-12-14,605.4026489257812,610.4617239864423,602.0299322186738,604.5594697490044,4944047.0
2022-12-15,574.205078125,595.2845597008076,574.205078125,592.7550219117107,13507515.0
2022-12-16,556.4983520507812,560.7142486572266,548.9097381591797,550.5960968017578,12668262.0
2022-12-19,553.1256103515625,558.1846860559975,548.0665346471275,548.0665346471275,6529791.0
2022-12-20,544.6937866210938,556.4982959286716,544.6937866210938,548.066503566116,5800713.0
2022-12-21,551.4392700195312,557.3415252032265,544.6938355238794,547.2233734597489,4667715.0
2022-12-22,557.3414916992188,563.243746528106,557.3414916992188,560.7142087442971,4043075.0
2022-12-23,556.4983520507812,557.3415313720703,546.3802001953125,548.9097381591797,2381097.0
2022-12-26,548.9097290039062,557.3415220761628,548.9097290039062,557.3415220761628,1464464.0
2022-12-27,553.1256103515625,559.8710446241425,550.596072499345,551.4392517834175,1927473.0
2022-12-28,537.9483642578125,547.223336055361,523.6143169343285,547.223336055361,8725713.0
2022-12-29,530.3597412109375,532.0460996885557,525.3006657780827,531.2029204497466,3623909.0
2022-12-30,526.9869995117188,539.6346874999999,526.9869995117188,535.4187915039062,2332797.0
2023-01-03,543.0073852539062,543.8505644235552,523.614264351981,525.3006226912788,4451795.0
2023-01-04,536.261962890625,543.0073963861046,535.4187837036901,538.7915004514299,2734185.0
2023-01-05,532.0460815429688,540.4778736434912,526.9870062826552,537.9483360133345,5231120.0
2023-01-06,556.4983520507812,556.4983520507812,534.5756896972656,534.5756896972656,6890898.0
2023-01-09,569.14599609375,569.14599609375,560.7142035590277,565.7732790798611,6953372.0
2023-01-10,585.1663818359375,586.8527402850325,574.2050519168206,576.734589590463,8579851.0
2023-01-11,596.1277465820312,596.1277465820312,585.1664160225314,590.2254916653775,6807896.0
2023-01-12,602.8731689453125,607.0890652316434,596.9709141444494,598.6572726589817,6154916.0
2023-01-13,585.1663818359375,612.1481170214563,582.6368441622951,608.7754001232664,6607197.0
2023-01-16,593.5982055664062,600.34363972057,591.0686677585949,596.1277433742176,4831796.0
2023-01-17,584.3231811523438,597.8140482496561,584.3231811523438,595.2845106689101,4423459.0
2023-01-30,623.1094360351562,623.1094360351562,597.8140597414422,618.8935399862039,14092868.0
2023-01-31,605.4026489257812,634.0707409361943,603.7162905722275,618.8935157542109,10849696.0
2023-02-01,610.4617919921875,613.8345090750172,605.4027163679428,610.4617919921875,5742796.0
2023-02-02,629.8549194335938,634.9139950916949,621.4231266700918,629.8549194335938,11004915.0
2023-02-03,633.2276000976562,634.9139585533092,624.7958078193918,625.6389870472183,6331833.0
2023-02-06,616.364013671875,631.5412397267228,615.5208344466057,628.1685228256456,7504061.0
2023-02-07,604.5595092773438,623.1094523792984,603.7163300454367,623.1094523792984,7083578.0
2023-02-08,627.3253784179688,629.8549162341702,611.3049722486926,612.1481515207598,7726469.0
2023-02-09,631.541259765625,631.541259765625,620.579929489319,623.9526464974132,3943535.0
2023-02-10,623.9525756835938,631.5411880905564,623.1093965272646,631.5411880905564,3178891.0
2023-02-13,616.364013671875,621.423089023491,612.1481175455284,619.7367305729523,4083761.0
2023-02-14,617.2072143554688,625.6390069013084,616.3640351008847,621.4231106283886,3253855.0
2023-02-15,598.6572875976562,615.5208731637874,596.9709290410432,615.5208731637874,6560069.0
2023-02-16,599.50048828125,605.4027434401371,595.2845917391878,603.7163848233122,5055383.0
2023-02-17,609.6185913085938,609.6185913085938,596.1277234511422,596.9709026922329,3496855.0
2023-02-20,612.1481323242188,617.2072077979726,606.2458776048392,611.304953078593,2557688.0
2023-02-21,611.304931640625,618.8935445851293,610.461752424569,613.8344692887931,2680312.0
2023-02-22,601.186767578125,608.7753803526034,601.186767578125,605.4026635639464,4226425.0
2023-02-23,628.1685180664062,628.1685180664062,608.7753960321413,610.4617544699034,7415265.0
2023-02-24,609.6185913085938,634.0707893002248,609.6185913085938,633.227610059134,8014012.0
2023-03-01,666.9547729492188,670.3274898794297,616.3640189960543,621.4230943913707,15610514.0
2023-03-02,653.4638671875,666.111554939516,651.7775088205644,666.111554939516,9407400.0
2023-03-03,653.4638671875,665.2683757560484,650.091150453629,655.9934047379032,6400777.0
2023-03-06,661.0524291992188,670.3273995068608,655.1501753670829,661.8956083180952,7426468.0
2023-03-07,664.4251708984375,666.1115292002102,660.2092751440058,665.2683500493239,5137242.0
2023-03-08,647.5616455078125,661.0525131225586,645.0321078300476,659.3661546707153,8327224.0
2023-03-09,646.718505859375,653.463940079551,646.718505859375,648.404864414419,5235081.0
2023-03-10,637.4434814453125,641.6593774866175,634.9139438205295,639.9730190700955,5780275.0
2023-03-13,644.1889038085938,644.1889038085938,626.4821407457921,637.4434702608598,4934528.0
2023-03-14,641.6593627929688,647.5616171156373,631.5412125255369,631.5412125255369,4970598.0
2023-03-15,639.1298828125,651.7775717863622,638.2867035475759,645.8753169318932,5204405.0
2023-03-16,637.4434814453125,645.0320943196615,630.6980477792246,633.2275854040075,5857200.0
2023-03-17,651.7775268554688,655.1502436826639,645.8752724078772,649.2479892350724,6673769.0
2023-03-20,649.2479858398438,657.6797778637379,647.5616274350649,651.777523447012,5239975.0
2023-03-21,650.0912475585938,656.8366820339099,643.3458130832776,654.3071441056663,5224780.0
2023-03-22,658.52294921875,661.8956659881162,654.3070532570422,655.1502324493838,5008621.0
2023-03-23,668.6411743164062,669.48435360306,655.9934850166003,657.6798435899077,4688952.0
2023-03-24,666.111572265625,669.484289087223,661.8956762386274,666.111572265625,4299481.0
2023-03-27,657.6798095703125,666.111602000701,656.8366303272736,665.2684227576623,3000386.0
2023-03-28,645.8753051757812,657.6798146698557,645.8753051757812,653.4639184219719,3940649.0
2023-03-29,651.7775268554688,653.4638852690664,645.0320932010784,652.6207060622676,2913723.0
2023-03-30,655.993408203125,660.2093041427338,653.4638706393597,657.6797665789685,2970689.0
2023-03-31,663.58203125,665.2683896521601,655.9934184402796,655.9934184402796,4356288.0
2023-04-06,634.9140014648438,655.1503043003765,633.227642895216,652.620766445935,8692104.0
2023-04-07,631.541259765625,634.0707975216956,626.4821842534839,631.541259765625,4322843.0
2023-04-10,625.6389770507812,632.3844107656145,623.1094394077188,630.6980523369062,5720960.0
2023-04-11,637.4434814453125,639.9730190700955,626.4821517379196,626.4821517379196,4506545.0
2023-04-12,639.1298828125,640.8162413423483,634.0708072229552,637.4435242826518,3537841.0
2023-04-13,632.3844604492188,640.8162532552083,631.5412811686198,639.9730739746094,5072055.0
2023-04-14,630.6980590820312,639.1298513157482,629.0117006352879,635.7571344222614,4358117.0
2023-04-17,597.8140258789062,598.6572050409358,585.166338448464,594.4413092307883,14011693.0
2023-04-18,580.1072998046875,592.7549880271735,577.5777621601903,591.9118088123411,13970100.0
2023-04-19,569.14599609375,577.5777886284723,569.14599609375,575.0482508680556,10748670.0
2023-04-20,567.4596557617188,576.7346278469772,557.3415043959824,557.3415043959824,9881462.0
2023-04-21,560.7142333984375,572.5187435752467,560.7142333984375,569.9892056802162,5084036.0
2023-04-24,569.9891357421875,574.205031716612,559.027806208684,559.027806208684,4674121.0
2023-04-25,548.0665283203125,571.6755480018029,548.0665283203125,571.6755480018029,8340199.0
2023-04-26,547.2233276367188,549.7528653607714,537.9483559818591,540.4778937059117,7111965.0
2023-04-27,558.1846313476562,562.4005273548138,550.5960185347727,551.4391977362043,4627385.0
2023-04-28,560.7142333984375,568.3028470835292,559.0278748017505,563.2437712934681,6381645.0
2023-05-02,565.7732543945312,567.4596128278979,551.4392077109142,551.4392077109142,6341076.0
2023-05-03,573.3618774414062,573.3618774414062,563.2437266630285,568.3028020522173,6487920.0
2023-05-04,563.2437744140625,568.3028502321529,561.5574158080324,568.3028502321529,5568985.0
2023-05-05,569.14599609375,571.6755338541667,566.6164583333333,569.14599609375,3164748.0
2023-05-08,569.14599609375,576.734609375,568.3028168402777,574.2050716145833,2957572.0
2023-05-09,570.8323364257812,574.2050533322852,568.3027987459034,574.2050533322852,2163899.0
2023-05-10,563.2437744140625,570.8323881411981,561.5574158080324,570.8323881411981,3766277.0
2023-05-11,563.2437744140625,568.3028502321529,559.8710572020022,561.5574158080324,3130043.0
2023-05-12,567.4596557617188,569.9891936031529,557.3415043959824,567.4596557617188,5100737.0
2023-05-15,573.3618774414062,575.0482359044692,567.4596228206859,569.9891605152803,3589435.0
2023-05-16,573.3618774414062,580.1073112936581,573.3618774414062,580.1073112936581,3763602.0
2023-05-17,577.5777587890625,580.9504756287066,570.8323251097742,573.3618627395073,7787494.0
2023-05-18,580.9505004882812,585.1663967182398,577.5777835043144,581.7936797342729,4371571.0
2023-05-19,588.5391235351562,588.5391235351562,581.7936894545242,582.6368687146031,4968629.0
2023-05-22,594.4413452148438,597.8140620671265,591.068628362561,591.9118075756317,4440987.0
2023-05-23,603.7163696289062,608.7754453520535,596.9709353313766,598.6572939057589,5240558.0
2023-05-24,599.50048828125,601.1868468980749,591.0686951971255,601.1868468980749,5640355.0
2023-05-25,596.970947265625,605.4027403061,595.2845886575301,596.970947265625,4666860.0
2023-05-26,615.5208129882812,621.4230673594018,596.9708706790453,596.9708706790453,10749900.0
2023-05-29,622.2662963867188,639.1298816546515,622.2662963867188,636.6003438644616,10036727.0
2023-05-30,643.3457641601562,651.7775566131072,638.2866886883857,639.9730471789759,16298604.0
2023-05-31,639.9730834960938,646.7185178412436,630.6981112715126,638.2867249098063,12027736.0
2023-06-01,630.6980590820312,641.6593889858633,630.6980590820312,636.6003136456332,6202943.0
2023-06-02,633.2276000976562,642.502571603747,632.3844208698298,635.7571377811355,6399171.0
2023-06-05,639.9730834960938,646.7185178412436,638.2867249098063,638.2867249098063,5242068.0
2023-06-06,638.2866821289062,644.1889367853162,634.0707859457563,640.8162198387962,4171308.0
2023-06-07,647.5616455078125,648.4048247337341,637.4434947967529,639.9730324745178,5292636.0
2023-06-08,647.5616455078125,653.4639000892639,643.3457493782043,649.2480039596558,7246478.0
2023-06-09,644.1889038085938,649.2479789693942,641.6593662281936,647.5616205824607,4570550.0
2023-06-12,646.718505859375,648.404864414419,643.345788749287,648.404864414419,3852674.0
2023-06-13,656.8365478515625,659.3660852630576,647.5615773427471,649.2479356170772,7182494.0
2023-06-14,657.6798095703125,659.3661680563902,654.307092598157,658.5229888133514,5287535.0
2023-06-15,645.8753051757812,656.8366354202789,645.0321259262046,655.1502769211254,7917545.0
2023-06-16,633.2276000976562,645.0321092872264,633.2276000976562,640.8162131480942,10097247.0
2023-06-19,661.8956909179688,668.6411247107633,644.188927211883,648.4048233323796,19694676.0
2023-06-20,645.0975341796875,676.8389468600194,645.0975341796875,660.9682405198535,24572675.0
2023-06-21,646.9647216796875,649.7654347605519,637.6290114101394,643.2304375718682,11451567.0
2023-06-26,639.4961547851562,644.1640099295735,639.4961547851562,642.2968678718066,4552895.0
2023-06-27,635.7619018554688,642.2968993782122,634.8283307807911,634.8283307807911,4553912.0
2023-06-28,648.8318481445312,650.6989901535802,639.4961380992862,646.0311351309578,4150494.0
2023-06-29,649.7655029296875,658.1676430537783,648.8319318047885,657.2340719288793,4275815.0
2023-06-30,642.296875,646.0311591569767,640.4297329215117,646.0311591569767,4338115.0
2023-07-03,645.0975341796875,651.6325309079912,644.1639632185013,646.0311051408737,2906690.0
2023-07-04,653.4996948242188,655.3668368094309,645.0975558907645,649.7654108537947,3753123.0
2023-07-05,650.698974609375,656.3004005027125,649.7654036271521,656.3004005027125,3610090.0
2023-07-06,644.1640014648438,652.5661406143852,642.2968594316123,646.0311434980752,4200756.0
2023-07-07,636.6954345703125,640.4297186440386,634.8282925334494,640.4297186440386,4297744.0
2023-07-10,628.2933349609375,640.4297589646405,628.2933349609375,634.828332501393,5647752.0
2023-07-11,640.4296875,641.363258473032,631.0939777696793,636.6954036078716,3372502.0
2023-07-12,639.4961547851562,643.23043890069,634.828299640739,643.23043890069,3890508.0
2023-07-13,634.8283081054688,646.9647316427792,634.8283081054688,646.0311606014476,5058111.0
2023-07-14,646.0311889648438,651.6326154587586,639.4961913886098,640.4297624709288,6044895.0
2023-07-17,637.6290283203125,646.0311677857339,635.7618862168855,646.0311677857339,4271120.0
2023-07-18,637.6290283203125,640.4297414754529,632.9611730617451,634.8283151651721,4684651.0
2023-07-19,649.7655029296875,652.5662163043844,643.2305050553947,644.1640761802937,6185652.0
2023-07-20,646.0311889648438,650.6990443764394,643.2304757178863,650.6990443764394,2484977.0
2023-07-21,636.6954345703125,637.629005588744,608.6883040173661,632.0275794781547,11417157.0
2023-07-24,630.1604614257812,644.164027235243,628.2933193178529,633.8947456416377,7400747.0
2023-07-25,620.8247680664062,633.8947631835938,620.8247680664062,630.1604788643973,6931420.0
2023-07-26,611.489013671875,625.4925788704676,610.5554426586356,620.8247238042701,6972659.0
2023-07-27,614.2896728515625,617.0903856457186,610.555389126021,614.2896728515625,4674341.0
2023-07-28,614.2896728515625,621.7582403026453,611.4889600574064,616.1568147143332,4178929.0
2023-07-31,644.1640014648438,651.6325695977695,638.5625753651495,645.0975724814595,16722852.0
2023-08-01,665.6361083984375,667.5032503574794,648.8318307670604,653.4996856646652,13914572.0
2023-08-02,661.9017944335938,672.1710747421545,657.2339397478844,664.7025072450194,8947248.0
2023-08-04,659.1011352539062,663.7689903194438,652.5661381621536,662.8354193063362,6732210.0
2023-08-07,659.1011352539062,664.7025613325513,656.3004222145837,661.9018482932288,3488590.0
2023-08-08,644.1640014648438,658.1675667140795,644.1640014648438,658.1675667140795,5604493.0
2023-08-09,654.4332885742188,655.3668595992889,640.4297231981656,643.2304362733762,3176525.0
2023-08-10,646.9647216796875,656.3004319492356,642.2968665449134,655.3668609222808,4319324.0
2023-08-11,633.8947143554688,643.2304244343417,630.1604303239196,642.2968534264544,4857156.0
2023-08-14,627.3597412109375,628.2933122544061,621.7583149501256,627.3597412109375,3498430.0
2023-08-15,632.961181640625,638.5626080268253,631.0940395118917,636.6954658980918,2734494.0
2023-08-16,643.23046875,651.6326083998549,637.6290423167634,651.6326083998549,5944886.0
2023-08-17,629.2268676757812,635.7618648178146,628.2932966554908,634.8282937975241,4594977.0
2023-08-18,629.2268676757812,633.8947227772337,624.5590125743289,625.4925835946194,3179069.0
2023-08-21,624.55908203125,633.8947932723748,622.6919397830251,632.9612221482623,2683227.0
2023-08-22,627.3597412109375,636.6954516456241,623.6254570370629,630.1604543413436,3686021.0
2023-08-23,626.4261474609375,631.0940025090815,625.4925764513087,627.3597184705663,2048921.0
2023-08-24,645.0975341796875,646.0311051408737,634.8282536066389,636.6953955290114,5599510.0
2023-08-25,647.8982543945312,648.8318253662812,641.3632575922809,646.0311124510312,5624927.0
2023-08-28,654.4332885742188,661.9018567747804,651.6325754990081,653.4997175491485,5872295.0
2023-08-29,662.83544921875,668.4368755501761,655.3668807768486,666.5697334397007,5186169.0
2023-08-30,661.9017944335938,667.5032200564451,655.3667978736006,666.5696491193032,4253988.0
2023-08-31,658.1675415039062,666.5696803316157,657.2339705230496,658.1675415039062,5761753.0
2023-09-01,662.83544921875,664.7025913292254,654.4333097216108,660.0347360530369,2955148.0
2023-09-04,663.76904296875,665.6361851430643,658.167616445807,665.6361851430643,2380158.0
2023-09-05,670.303955078125,670.303955078125,663.7689583015973,664.7025292696727,4791289.0
2023-09-06,664.7025756835938,674.0382860162284,664.7025756835938,673.104714982965,3074614.0
2023-09-07,669.3704223632812,670.3039933847084,660.9682831704367,661.9018541918639,3205892.0
2023-09-08,661.9017944335938,662.8353653707356,654.4332269364587,658.1675106850263,4421983.0
2023-09-11,666.5697021484375,667.5032731598499,660.9682760799632,667.5032731598499,2101421.0
2023-09-12,679.6397094726562,680.5732805021516,661.9018599122435,662.8354309417389,6513877.0
2023-09-13,683.3740234375,694.5768762807378,680.5733102266906,689.9090209293887,9197173.0
2023-09-14,684.3074951171875,686.1746369865386,676.838927639783,686.1746369865386,5527046.0
2023-09-15,712.314697265625,712.314697265625,688.0418504387492,691.7761345659609,16255632.0
2023-09-18,730.0525512695312,739.3882616438219,700.1782780718011,701.1118491092301,11994826.0
2023-09-19,721.650390625,730.0525297137775,713.2482515362226,730.0525297137775,6244891.0
2023-09-20,708.5804443359375,715.1154418462821,701.1118757526865,714.1818707733757,5042205.0
2023-09-21,696.4439697265625,711.3811058064888,694.5768277165718,702.0453957565348,5034920.0
2023-09-22,696.4439697265625,698.3111117365534,679.6396916366455,686.1746886716132,7559485.0
2023-09-25,704.8461303710938,711.3811276063224,691.7761359006364,691.7761359006364,4563725.0
2023-09-26,688.0418090820312,704.8460866444146,687.1082381063433,698.3110898145989,3845914.0
2023-09-27,688.0418090820312,688.0418090820312,679.6396703008396,679.6396703008396,3824756.0
2023-09-28,686.1747436523438,691.7761701311384,681.5068882533482,689.9090279715401,3769234.0
2023-10-02,695.5103759765625,698.311088899958,690.8425211042365,697.3775179254928,3898779.0
2023-10-03,720.716796875,731.9196486398964,715.1153709925518,716.0489419729598,10288796.0
2023-10-04,728.1854248046875,730.9861379770132,713.248287885617,719.7832852877103,7599174.0
2023-10-05,733.786865234375,733.786865234375,724.451154480757,730.9861520082897,5604602.0
2023-10-06,733.786865234375,737.5211495358222,729.119009857566,737.5211495358222,2927223.0
2023-10-11,759.9268798828125,761.7940220938267,737.5211733506411,737.5211733506411,12439451.0
2023-10-12,760.8603515625,764.5946354965491,751.5246417273773,762.7274935295245,6769337.0
2023-10-13,786.0667724609375,786.0667724609375,763.6610687328348,765.5282107101766,9828945.0
2023-10-16,784.1996459960938,792.6017850603376,776.731077938988,782.3325039818174,5765614.0
2023-10-17,770.1961059570312,797.2696660452177,765.5282507694128,788.8675267075047,8242227.0
2023-10-18,758.9932861328125,767.3954258316998,746.8568621233087,746.8568621233087,7594780.0
2023-10-19,774.8638916015625,782.332459231457,757.1260434805629,757.1260434805629,7509749.0
2023-10-20,772.996826171875,781.3989655867866,758.0596894342542,775.7975393101789,8501964.0
2023-10-23,766.4617919921875,773.9303600018557,761.793936986145,770.1960759970216,5304563.0
2023-10-24,761.7939453125,768.3289423923866,750.5910931755515,766.4618003695618,5036466.0
2023-10-25,767.3953857421875,776.7310960310219,761.7939595688869,763.6611016266537,6474280.0
2023-10-26,762.7276000976562,762.7276000976562,757.1261734139525,760.860457869755,5446904.0
2023-10-27,747.7904052734375,769.2625392575686,746.8568342306492,769.2625392575686,6956960.0
2023-10-30,800.0703125,806.605309218203,763.6610450700116,764.5946160297549,16172619.0
2023-10-31,786.0667724609375,803.8046212456854,778.5982045515699,802.8710502570145,10786996.0
2023-11-01,789.8010864257812,799.1367966672207,776.7310920877659,797.2696546189328,6856015.0
2023-11-02,810.3396606445312,818.7417999830113,798.2032371556154,805.6718054564867,9692237.0
2023-11-03,812.206787109375,817.8082132273706,806.6053609913793,814.0739291487068,5567970.0
2023-11-06,823.4096069335938,830.878174796937,815.0074680873325,820.60889398484,7264020.0
2023-11-07,829.0111083984375,839.2803901466164,820.6089687862911,830.87825053447,7077114.0
2023-11-08,853.2838745117188,855.1510164690749,835.5460259168362,838.3467388528703,9312449.0
2023-11-09,844.8817138671875,852.3502815035826,839.2802881398912,852.3502815035826,6788362.0
2023-11-10,825.2767944335938,843.9482151221366,825.2767944335938,840.2139309844281,7551994.0
2023-11-13,845.8153686523438,863.553218546819,844.8817976052661,848.6160817935768,9498188.0
2023-11-14,844.8817138671875,856.08456532178,842.0810010035393,855.1509943672306,4757053.0
2023-11-15,847.6824340820312,863.5531404470032,840.213866380868,863.5531404470032,8426367.0
2023-11-16,833.6788940429688,853.2838848323331,831.8117520630293,853.2838848323331,7645459.0
2023-11-17,843.9481811523438,844.8817521491937,833.6789001869945,836.4796131775443,4816081.0
2023-11-20,851.416748046875,862.6195999948602,843.9481800815515,858.8853160121985,6970538.0
2023-11-21,864.4867553710938,871.9553234520536,854.2174742597741,860.7524713306138,9543750.0
2023-11-22,879.4238891601562,879.4238891601562,863.553182030939,866.353895053742,6417661.0
2023-11-23,868.2210693359375,887.8260612241684,867.2874982936407,887.8260612241684,5187583.0
2023-11-24,882.224609375,886.8924644510582,870.0881861772486,872.8888992228837,4498302.0
2023-11-27,869.1546630859375,887.8260844196849,869.1546630859375,883.1582290862481,5615291.0
2023-11-28,879.4238891601562,879.4238891601562,863.553182030939,867.287466061343,5645888.0
2023-11-29,885.0253295898438,885.9589006126179,873.8224773165546,878.490332430425,5118355.0
2023-11-30,882.224609375,889.6931774966931,876.6231832837301,885.9588934358466,7275320.0
2023-12-01,884.0917358398438,884.0917358398438,875.6895968508695,879.4238808459692,3387061.0
2023-12-04,871.021728515625,883.1581513138063,868.2210155621987,882.2245803293308,5071102.0
2023-12-05,867.2874755859375,871.0217596573517,859.8189074431092,863.5531915145234,5175120.0
2023-12-06,865.4203491210938,871.0217753289973,863.5532070517926,863.5532070517926,3093275.0
2023-12-07,869.1546630859375,880.357515886186,865.420378819188,871.0218052193122,3018069.0
2023-12-08,880.3574829101562,883.1581960053105,874.7560567198477,878.4903408467201,4934438.0
2023-12-11,878.4903564453125,881.2910695901967,870.0882170106603,879.4239274936073,5648215.0
2023-12-12,876.6231689453125,886.8924499446719,872.8888849455454,886.8924499446719,4510280.0
2023-12-13,891.560302734375,891.560302734375,876.6231667723331,881.2910217604712,5889291.0
2023-12-14,901.8296508789062,904.6303640803936,889.6932270057947,897.1617955430942,6610988.0
2023-12-15,929.8367309570312,931.7038729870654,906.4974555816037,910.2317396416721,11839614.0
2023-12-18,923.3017578125,930.7703261264535,915.8331894985465,928.9031840479652,4783607.0
2023-12-19,926.1024780273438,927.9696201201409,912.0989123313658,912.0989123313658,5008169.0
2023-12-20,917.7003173828125,928.9031696804664,917.7003173828125,927.0360276308575,6393160.0
2023-12-21,911.1653442382812,917.7003415842524,907.4310600405834,907.4310600405834,4418453.0
2023-12-22,924.2352905273438,924.2352905273438,913.9660095214845,914.8995805220171,3285155.0
2023-12-25,928.9031982421875,931.7039114027167,921.4346298141096,925.1689140281485,3304233.0
2023-12-26,933.571044921875,938.2389001464844,928.9031896972657,932.6374738769532,3241620.0
2023-12-27,970.9138793945312,980.2495897733248,942.9067482581506,942.9067482581506,8561649.0
2023-12-28,956.9102783203125,984.9174084174924,956.9102783203125,975.5816983850991,5447955.0
2023-12-29,947.5745849609375,961.5781502559267,942.9067298626077,956.9102951575969,5039654.0
2024-01-02,915.8331909179688,947.5746063014661,914.8996198772777,942.9067510980107,10009034.0
2024-01-03,889.6932373046875,912.0989431759493,889.6932373046875,911.16537209798,12547023.0
2024-01-04,889.309814453125,907.517666257661,883.5599665148504,900.809510329674,8449251.0
2024-01-05,882.6017456054688,896.0180587851393,882.6017456054688,890.2682102795662,5524580.0
2024-01-08,881.6434326171875,896.976361880095,879.726816459324,891.2265134065048,5553064.0
2024-01-09,889.309814453125,900.809510329674,887.3931984737002,898.8928943502492,5782533.0
2024-01-10,885.4766845703125,896.01807367234,883.5600683699439,896.01807367234,4252336.0
2024-01-11,881.6434326171875,897.9346699590268,881.6434326171875,893.1431295643682,6787619.0
2024-01-12,887.3932495117188,890.268173646206,877.810169063428,881.6434012427444,4733940.0
2024-01-15,883.5599975585938,896.0180018625653,880.6850734884465,896.0180018625653,4242507.0
2024-01-16,857.6856689453125,878.7684451651974,857.6856689453125,876.8518291452078,10182511.0
2024-01-17,842.352783203125,865.3521766011626,842.352783203125,852.8941718438922,11463245.0
2024-01-18,859.6023559570312,859.6023559570312,847.1443507982336,847.1443507982336,6754372.0
2024-01-19,881.6434326171875,881.6434326171875,869.185427591075,881.6434326171875,9037844.0
2024-01-22,883.5599975585938,903.6844660496246,881.6433815118289,889.3098456988882,9381596.0
2024-01-23,873.0186157226562,883.5600040573975,871.1019996617943,879.7267719356734,6015511.0
2024-01-24,896.976318359375,896.976318359375,876.8518496782351,877.8101577106704,7798880.0
2024-01-25,903.6845092773438,910.3926657619052,894.1014285851132,899.8512770004515,8962616.0
2024-01-26,896.976318359375,899.8512424566807,889.3098540998931,896.976318359375,5273128.0
2024-01-29,898.8929443359375,905.6011006369519,887.3932478199126,905.6011006369519,7026602.0
2024-01-30,922.8506469726562,932.4337274188936,898.8929458570628,898.8929458570628,9478077.0
2024-01-31,925.7255859375,936.2669745972438,918.0591214576864,935.3086665372671,9080284.0
2024-02-01,891.2265014648438,911.3509708527596,883.560036936114,911.3509708527596,16712977.0
2024-02-02,896.976318359375,896.976318359375,887.3932380350227,892.1847781971989,7360212.0
2024-02-05,897.9346313476562,900.8095554608291,889.3098590081377,890.268167045862,5742677.0
2024-02-15,931.4754028320312,942.0167911356859,911.350934252327,942.0167911356859,11678406.0
2024-02-16,929.5587768554688,936.2669329771062,922.8506207338314,935.3086249597294,4417821.0
2024-02-19,922.8506469726562,932.4337274188936,911.3509504371715,932.4337274188936,4193442.0
2024-02-20,941.0584716796875,943.9333957275888,919.9756953284115,919.9756953284115,7570527.0
2024-02-21,940.1002197265625,944.8917600921412,931.4754470685206,931.4754470685206,5334177.0
2024-02-22,972.6826782226562,977.4742185094674,946.8083606738762,946.8083606738762,10182733.0
2024-02-23,1054.1387939453125,1054.1387939453125,967.891074440696,991.8487743030895,23431414.0
2024-02-26,1068.5135498046875,1073.3050903867713,1015.8066034017656,1044.5558468942684,12036894.0
2024-02-27,1068.5135498046875,1111.6374150434417,1058.9304686405198,1078.0966309688552,17137848.0
2024-02-29,1092.4710693359375,1097.2626091137267,1063.7218306692023,1068.5133704469915,9126357.0
2024-03-01,1058.930419921875,1116.4289042615244,1049.3473391986001,1116.4289042615244,12066326.0
2024-03-04,1102.0543212890625,1106.8458618164063,1058.9304565429688,1068.5135375976563,12304302.0
2024-03-05,1106.8458251953125,1111.6373655641235,1082.8881233512582,1102.0542848265015,8416339.0
2024-03-06,1140.3865966796875,1149.9696773240546,1092.471193457852,1097.2627337800354,9634661.0
2024-03-07,1178.7188720703125,1207.4681128525153,1164.344251679211,1169.1357918095782,15008514.0
2024-03-08,1178.7188720703125,1221.8427332436165,1145.1780911577425,1207.4681128525153,16121484.0
2024-03-11,1173.9273681640625,1193.0935292769452,1154.7612070511798,1183.510448720504,5703039.0
2024-03-12,1164.3443603515625,1173.9274415067193,1140.3866574636702,1149.9697386188273,5088394.0
2024-03-13,1164.3443603515625,1207.4682255497685,1159.552819773984,1193.0936038170332,6917876.0
2024-03-14,1102.0543212890625,1178.7189697265626,1092.471240234375,1169.135888671875,12529434.0
2024-03-15,1087.6796875,1102.054308920705,1073.305066079295,1087.6796875,8516381.0
2024-03-18,1121.220458984375,1130.8035398303953,1087.679676023304,1087.679676023304,5901035.0
2024-03-19,1102.0543212890625,1116.4289428710938,1087.6796997070312,1102.0543212890625,8740357.0
2024-03-20,1082.8880615234375,1126.0119223805655,1073.3049813329646,1097.262681809147,6032629.0
2024-03-21,1092.4710693359375,1111.6372284470942,1078.0964500025698,1111.6372284470942,6391070.0
2024-03-22,1078.0965576171875,1097.262718641493,1063.7219368489582,1092.4711783854166,5827756.0
2024-03-25,1073.304931640625,1092.4710911342077,1068.5133917672292,1073.304931640625,3241531.0
2024-03-26,1082.8880615234375,1121.2203822853292,1073.3049813329646,1092.4711417139104,6534083.0
2024-03-27,1116.4288330078125,1126.0119131194674,1078.0965125611922,1087.6795926728473,5980133.0
2024-03-28,1111.6373291015625,1130.803489948141,1087.679628043339,1111.6373291015625,6926740.0
2024-03-29,1135.594970703125,1135.594970703125,1111.6372708992617,1111.6372708992617,4051000.0
2024-04-01,1111.6373291015625,1149.9696507947199,1106.845788889918,1140.3865703714305,5359025.0
2024-04-02,1116.4288330078125,1135.5949932311225,1111.6372929519848,1121.22037306364,4164058.0
2024-04-03,1111.6373291015625,1126.0119497364965,1092.471168254984,1102.054248678273,4100953.0
2024-04-08,1102.0543212890625,1130.803564453125,1097.2627807617187,1126.0120239257812,4066781.0
2024-04-09,1111.6373291015625,1126.0119497364965,1102.054248678273,1111.6373291015625,3322521.0
2024-04-10,1145.1781005859375,1164.3442612652,1116.4288595670437,1121.2203997368592,6393274.0
2024-04-11,1149.9696044921875,1178.7188446044922,1135.5949844360352,1154.7611445109048,6271331.0
2024-04-12,1130.803466796875,1149.9696272510594,1116.4288464562367,1140.386547023967,5214036.0
2024-04-15,1063.721923828125,1111.6373258023648,1063.721923828125,1111.6373258023648,9187015.0
2024-04-16,1011.0149536132812,1044.5557340649068,1011.0149536132812,1020.598033742317,12016661.0
2024-04-17,1006.2234497070312,1030.1811508905319,1001.4319094703311,1020.5980704171317,7727084.0
2024-04-18,1006.2234497070312,1015.8065301804315,977.4742082868303,1001.4319094703311,7168984.0
2024-04-19,951.599853515625,987.057249870185,929.5587692952228,977.474169774358,15661098.0
2024-04-22,925.7255859375,947.7666713169643,925.7255859375,942.9751310170808,9091869.0
2024-04-23,931.4754028320312,947.7666393013158,929.5587867768213,947.7666393013158,5846136.0
2024-04-24,967.89111328125,977.4741936107674,952.5581847540224,953.516492786974,6229216.0
2024-04-25,940.1002197265625,963.0996134813407,935.3086793609837,954.4748408232989,6053259.0
2024-04-26,963.099609375,963.099609375,945.8500641324628,949.6832964085821,5747819.0
2024-04-29,972.6826782226562,1011.0150005171452,963.099597649034,1011.0150005171452,7963720.0
2024-04-30,950.6416015625,987.0573080739667,950.6416015625,972.6826870825984,5868406.0
2024-05-02,958.3080444335938,977.4742053222656,941.0584996337891,948.7249639892578,5401225.0
2024-05-03,996.6403198242188,1006.2233998225286,987.0572398259089,996.6403198242188,6598170.0
2024-05-06,991.8488159179688,1015.8065167855525,991.8488159179688,1015.8065167855525,4516638.0
2024-05-07,1001.4319458007812,1011.0150266218415,991.8488649797212,1006.2234862113114,3178782.0
2024-05-08,1049.347412109375,1054.1389528039383,1015.8066272474315,1034.9727900256848,9985063.0
2024-05-09,1049.347412109375,1078.096656276755,1044.5558714148117,1054.1389528039383,7792270.0
2024-05-10,1049.347412109375,1058.9304934985016,1034.9727900256848,1058.9304934985016,4456276.0
2024-05-13,1068.5135498046875,1073.3050903867713,1054.138928058436,1068.5135498046875,4025166.0
2024-05-14,1106.8458251953125,1111.6373655641235,1063.7219618760146,1068.5135022448255,7534580.0
2024-05-15,1106.8458251953125,1126.0119866705559,1097.2627444576908,1121.2204463017451,5522444.0
2024-05-16,1140.3865966796875,1159.5527579684217,1126.011975713137,1130.8035160353204,10020318.0
2024-05-17,1116.4288330078125,1135.5949932311225,1116.4288330078125,1130.803453175295,6360397.0
2024-05-20,1140.3865966796875,1145.1781370018712,1116.4288950687699,1116.4288950687699,6031212.0
2024-05-21,1126.011962890625,1140.386583693484,1116.4288823553857,1130.8035031582447,3369008.0
2024-05-22,1135.594970703125,1140.3865106638978,1111.6372708992617,1140.3865106638978,4429872.0
2024-05-23,1154.7611083984375,1159.5526482673108,1135.5949489229447,1145.178028660691,6200782.0
2024-05-24,1145.1781005859375,1154.7611809255686,1140.3865604161217,1140.3865604161217,3253977.0
2024-05-27,1231.42578125,1255.3834812743191,1183.510381201362,1197.8850012159535,14370057.0
2024-05-28,1255.383544921875,1264.9666254174617,1231.425843682908,1245.8004644262883,10026387.0
2024-05-29,1236.2174072265625,1260.1751089169998,1221.8427862123,1255.3835685789122,7857214.0
2024-05-30,1236.2174072265625,1245.8004879027374,1197.8850845218628,1202.6766248599504,8407440.0
2024-05-31,1183.510498046875,1260.175145693636,1173.9274170910298,1260.175145693636,14212589.0
2024-06-03,1217.0511474609375,1217.0511474609375,1188.3019077571357,1212.2596075103038,6293578.0
2024-06-04,1188.302001953125,1217.051243935862,1169.1358406313004,1207.4681632749496,6985162.0
2024-06-05,1178.7188720703125,1193.093492461414,1169.1357918095782,1188.3019523310468,5828522.0
2024-06-06,1236.2174072265625,1245.8004879027374,1183.5104635076007,1202.6766248599504,9895619.0
2024-06-07,1221.8427734375,1236.2173943014704,1217.0512331495097,1236.2173943014704,4931241.0
2024-06-11,1217.0511474609375,1226.6342273622047,1197.884987658403,1217.0511474609375,5557895.0
2024-06-12,1245.800537109375,1255.3836181640625,1212.2597534179688,1217.0512939453124,7741796.0
2024-06-13,1327.2567138671875,1341.6313353170126,1269.7582280678869,1284.1328495177122,13075007.0
2024-06-14,1336.8397216796875,1336.8397216796875,1308.0904803532426,1336.8397216796875,5947681.0
2024-06-17,1322.465087890625,1332.0481682376585,1308.0904673700747,1317.6735477171082,4297102.0
2024-06-18,1346.4228515625,1346.4228515625,1317.6736091803825,1317.6736091803825,7677930.0
2024-06-19,1423.0875244140625,1423.0875244140625,1360.7974980929082,1365.5890385791508,11552021.0
2024-06-20,1437.4620361328125,1437.4620361328125,1399.1297151692709,1423.0874157714843,6213796.0
2024-06-21,1427.8790283203125,1432.6705686838034,1384.7551650488936,1408.7128668663486,10724486.0
2024-06-24,1351.2142333984375,1403.9211715806462,1346.4226935636914,1394.3380919111537,9093868.0
2024-06-25,1327.2567138671875,1341.6313353170126,1308.0905519340874,1312.8820924173624,9382535.0
2024-06-26,1346.4228515625,1370.3805535475979,1336.8397707684608,1336.8397707684608,4993229.0
2024-06-27,1336.8397216796875,1351.21434234291,1322.465101016465,1322.465101016465,4724876.0
2024-06-28,1341.6312255859375,1346.422765677316,1317.6735251290459,1341.6312255859375,6843642.0
2024-07-01,1356.005859375,1379.9635600706713,1346.4227790967313,1346.4227790967313,5023006.0
2024-07-02,1351.2142333984375,1356.0057732331838,1332.0480740594526,1351.2142333984375,5090265.0
2024-07-03,1346.4228515625,1370.3805535475979,1332.0482303714414,1370.3805535475979,6361645.0
2024-07-04,1346.81982421875,1371.3074573863637,1346.81982421875,1351.7173508522728,7642964.0
2024-07-05,1322.3321533203125,1356.614838776765,1307.6395738389758,1351.717312282986,6406820.0
2024-07-08,1390.8975830078125,1390.8975830078125,1307.639629095373,1312.5371557961048,7726110.0
2024-07-09,1430.0777587890625,1430.0777587890625,1386.0000196483038,1420.2827056466717,9654123.0
2024-07-10,1405.590087890625,1430.0777200838415,1381.1024556974085,1425.1801936451982,5443505.0
2024-07-11,1390.8975830078125,1430.0777966136664,1386.0000563070807,1405.5901631100078,5250273.0
2024-07-12,1332.127197265625,1356.614829568302,1322.332144344554,1337.0247237261603,6871306.0
2024-07-15,1327.229736328125,1351.717369839714,1322.332209625807,1341.9223164350783,3536752.0
2024-07-16,1317.4345703125,1337.0246754472585,1297.8444651777415,1327.2296228798791,5001135.0
2024-07-17,1297.844482421875,1317.4345878169222,1278.2543770268278,1307.6395351193987,5978911.0
2024-07-18,1253.766845703125,1263.5618991851807,1224.381685256958,1243.9717922210693,9831726.0
2024-07-19,1234.1766357421875,1258.664267403739,1234.1766357421875,1234.1766357421875,5871057.0
2024-07-22,1199.89404296875,1234.1767299107144,1170.5088827327806,1229.2792032047194,7245311.0
2024-07-23,1248.8692626953125,1248.8692626953125,1214.5865770526962,1229.2791566138173,6430338.0
2024-07-26,1219.484130859375,1229.2791841192898,1160.713811299887,1165.6113379298445,10242503.0
2024-07-29,1214.5865478515625,1253.7667590725805,1204.791495046308,1239.0741798646989,5100068.0
2024-07-30,1229.2791748046875,1229.2791748046875,1185.2014354690612,1204.7915418404507,4423237.0
2024-07-31,1194.9964599609375,1209.6890393866868,1175.4063540599386,1204.791512911437,7379704.0
2024-08-01,1155.8162841796875,1209.689077086368,1155.8162841796875,1190.0989705748477,12041919.0
2024-08-02,1067.6607666015625,1116.63603112457,1067.6607666015625,1106.8409782199685,13774887.0
2024-08-05,970.6897583007812,999.0954121763843,960.8947052402284,974.6077795250023,22181134.0
2024-08-06,1052.9681396484375,1067.6607183412063,1013.7879298010538,1067.6607183412063,16439278.0
2024-08-07,1126.43115234375,1126.43115234375,1057.8657778532609,1067.660831351902,10529284.0
2024-08-08,1092.1484375,1116.6360706278026,1077.4558576233185,1097.0459641255607,8053732.0
2024-08-09,1101.9434814453125,1131.3286409505208,1097.045954861111,1126.4311143663194,6961644.0
2024-08-12,1150.918701171875,1150.918701171875,1116.636016456117,1121.5335428440826,4578908.0
2024-08-13,1136.2261962890625,1160.713829829775,1126.4311428727774,1155.8163031216325,3784683.0
2024-08-14,1160.7137451171875,1165.611271467893,1146.0211660650712,1150.9186924157766,4435983.0
2024-08-15,1131.32861328125,1155.8162456033551,1131.32861328125,1146.021192674513,3064248.0
2024-08-16,1204.79150390625,1214.5865567835365,1160.7137659584603,1160.7137659584603,6964050.0
2024-08-19,1229.2791748046875,1239.0742279903823,1204.7915418404507,1214.5865950261455,5847224.0
2024-08-20,1224.381591796875,1243.9716972656252,1214.5865390625002,1243.9716972656252,4293705.0
2024-08-21,1194.9964599609375,1214.5865658619364,1185.201407010438,1194.9964599609375,4500318.0
2024-08-22,1204.79150390625,1214.5865567835365,1190.0989245903202,1204.79150390625,3022975.0
2024-08-23,1199.89404296875,1199.89404296875,1165.6113560267856,1180.3039361447704,4222716.0
2024-08-26,1190.0989990234375,1219.484159493152,1185.2014722784852,1219.484159493152,3699292.0
2024-08-27,1185.201416015625,1190.0989425280864,1165.61130996578,1175.4063629907025,3877314.0
2024-08-28,1175.4063720703125,1194.9964782714844,1160.7137924194335,1180.3038986206054,4610835.0
2024-08-29,1224.381591796875,1229.2791181640625,1150.9186962890626,1150.9186962890626,5404585.0
2024-08-30,1214.5865478515625,1234.1766534620715,1199.8939686436806,1234.1766534620715,5810148.0
2024-09-02,1199.89404296875,1224.3816764987246,1190.0989895567602,1214.5866230867348,3182122.0
2024-09-03,1194.9964599609375,1199.8939864361873,1175.4063540599386,1199.8939864361873,3422128.0
2024-09-04,1111.738525390625,1146.0212111956223,1106.840998847054,1111.738525390625,9683111.0
2024-09-05,1087.2508544921875,1106.8409599785332,1082.3533281206012,1097.0459072353603,9051905.0
2024-09-06,1121.5335693359375,1126.431095839588,1082.3533573067346,1087.250883810385,5102862.0
2024-09-09,1082.3533935546875,1092.1484468900242,1067.6608135516826,1077.4558668870193,7139369.0
2024-09-10,1106.8409423828125,1106.8409423828125,1077.455784620437,1092.1483635016248,5579319.0
2024-09-11,1087.2508544921875,1111.7384863501197,1087.2508544921875,1101.9434336069469,4019795.0
2024-09-12,1131.32861328125,1131.32861328125,1111.738507423566,1126.431086816829,4341122.0
2024-09-13,1101.9434814453125,1141.1236941189236,1101.9434814453125,1136.2261675347222,3453407.0
2024-09-16,1106.8409423828125,1106.8409423828125,1077.455784620437,1097.045889795354,3682733.0
2024-09-18,1082.3533935546875,1097.0459735576924,1072.558340219351,1092.1484468900242,7064375.0
2024-09-19,1097.0458984375,1106.8409511021205,1057.865687779018,1082.3533194405693,7749361.0
2024-09-20,1101.9434814453125,1131.3286409505208,1101.9434814453125,1121.533587782118,8871960.0
2024-09-23,1121.5335693359375,1126.431095839588,1097.0459368176857,1101.943463321336,4490555.0
2024-09-24,1170.5087890625,1170.5087890625,1111.7384732936716,1111.7384732936716,6847737.0
2024-09-25,1199.89404296875,1204.7915696747448,1180.3039361447704,1194.996516262755,10887978.0
2024-09-26,1243.9716796875,1253.7667322834645,1204.7914693036419,1209.6889956016241,9413246.0
2024-09-27,1234.1766357421875,1278.2543727329798,1224.381583077567,1253.7667410714287,8955853.0
2024-09-30,1150.918701171875,1209.6890178274602,1150.918701171875,1209.6890178274602,8477410.0
2024-10-01,1185.201416015625,1204.7915220654702,1165.61130996578,1170.5088364782412,6000269.0
2024-10-04,1204.79150390625,1214.5865567835365,1175.4063452743903,1175.4063452743903,6956378.0
2024-10-07,1224.381591796875,1268.4593291015626,1204.791486328125,1224.381591796875,8959497.0
2024-10-08,1199.89404296875,1224.3816764987246,1199.89404296875,1214.5866230867348,4347108.0
2024-10-09,1219.484130859375,1248.869290639119,1214.5866042294176,1234.176710749247,5544071.0
2024-10-11,1273.35693359375,1283.1519869290867,1239.0742469200723,1239.0742469200723,9881759.0
2024-10-14,1263.5618896484375,1283.1519964646923,1258.6643629443738,1283.1519964646923,3998990.0
2024-10-15,1273.35693359375,1283.1519869290867,1263.5618802584136,1283.1519869290867,5915032.0
2024-10-16,1248.8692626953125,1268.4593687768077,1234.176683134191,1234.176683134191,6461649.0
2024-10-17,1248.8692626953125,1268.4593687768077,1239.074209654565,1268.4593687768077,4139436.0
2024-10-18,1278.25439453125,1302.7420266103927,1268.4593416995929,1273.3568681154215,8327410.0
2024-10-21,1302.7420654296875,1317.4346451149847,1283.1519591826245,1283.1519591826245,6320618.0
2024-10-22,1283.1519775390625,1288.049504170891,1268.459397643577,1283.1519775390625,5200879.0
2024-10-23,1273.35693359375,1297.8445669320913,1248.8693002554087,1253.766826923077,5399321.0
2024-10-24,1243.9716796875,1278.254363773376,1243.9716796875,1273.3568374753938,4473596.0
2024-10-25,1288.0494384765625,1297.8444912406428,1243.971701038201,1243.971701038201,6810511.0
2024-10-28,1307.6395263671875,1312.5370526831693,1288.0494211032594,1302.7420000512054,5375094.0
2024-10-29,1273.35693359375,1288.0495135967549,1258.6643535907451,1288.0495135967549,5336390.0
2024-10-30,1263.5618896484375,1288.049523168756,1258.6643629443738,1263.5618896484375,5429739.0
2024-11-01,1263.5618896484375,1273.356943056565,1194.9965157915456,1194.9965157915456,7755216.0
2024-11-04,1268.4593505859375,1278.254403486215,1253.7667712355212,1258.6642976856601,3429980.0
2024-11-05,1263.5618896484375,1273.356943056565,1253.76683624031,1258.6643629443738,3613551.0
2024-11-06,1278.25439453125,1292.9469737787356,1263.5618152837644,1263.5618152837644,3781856.0
2024-11-07,1278.25439453125,1302.7420266103927,1273.3568681154215,1302.7420266103927,4276840.0
2024-11-08,1253.766845703125,1292.9470596313477,1253.766845703125,1283.152006149292,4130119.0
2024-11-11,1268.4593505859375,1283.1519299363538,1253.7667712355212,1273.3568770360762,2805531.0
2024-11-12,1239.07421875,1268.4593780879445,1239.07421875,1253.7667984189723,4165815.0
2024-11-13,1229.2791748046875,1248.8692811760768,1229.2791748046875,1239.0742279903823,4020882.0
2024-11-14,1209.6890869140625,1239.0742469200723,1204.7915602463943,1234.1767202524038,4261333.0
2024-11-15,1243.9716796875,1248.8692059854823,1204.7914693036419,1214.5865218996064,4250152.0
2024-11-18,1214.5865478515625,1239.0741798646989,1204.791495046308,1234.1766534620715,3884093.0
2024-11-19,1258.664306640625,1263.561833125608,1219.484094760761,1229.2791477307271,4308916.0
2024-11-20,1248.8692626953125,1248.8692626953125,1248.8692626953125,1248.8692626953125,4926471.0
2024-11-21,1239.07421875,1243.971745306324,1229.2791656373518,1239.07421875,2583520.0
2024-11-22,1283.1519775390625,1283.1519775390625,1243.9717644844345,1253.7668177480916,6124283.0
2024-11-25,1253.766845703125,1302.7421131134033,1253.766845703125,1297.8445863723755,7448148.0
2024-11-26,1253.766845703125,1263.5618991851807,1243.9717922210693,1253.766845703125,3208553.0
2024-11-27,1224.381591796875,1258.6642763671875,1224.381591796875,1243.9716972656252,2932917.0
2024-11-28,1229.2791748046875,1239.0742279903823,1214.5865950261455,1234.1767013975348,4205695.0
2024-11-29,1229.2791748046875,1243.9717545832295,1199.8940152476034,1209.689068433298,4141261.0
2024-12-02,1283.1519775390625,1288.049504170891,1243.9717644844345,1248.8692911162632,4380160.0
2024-12-03,1288.0494384765625,1302.742017622683,1268.4593329484019,1297.8444912406428,5954597.0
2024-12-04,1292.947021484375,1297.8445480809066,1278.2544416947799,1288.0494948878431,4729113.0
2024-12-05,1297.844482421875,1307.6395351193987,1283.1519033755897,1297.844482421875,5251677.0
2024-12-06,1278.25439453125,1312.5370794420498,1273.3568681154215,1297.8445001945643,4223587.0
2024-12-09,1297.844482421875,1297.844482421875,1273.3568506780662,1292.9469560731131,4075270.0
2024-12-10,1322.3321533203125,1332.1272063078704,1283.151941370081,1288.04946786386,5824301.0
2024-12-11,1322.3321533203125,1327.2296798140915,1278.2544148763022,1292.946994357639,6205868.0
2024-12-12,1351.71728515625,1371.3073907382245,1341.9222323652627,1341.9222323652627,7666196.0
2024-12-13,1381.1024169921875,1381.1024169921875,1337.024680279671,1356.6147854852338,6323798.0
2024-12-16,1356.6148681640625,1410.4876607626354,1356.6148681640625,1405.590134162765,7194809.0
2024-12-17,1395.7950439453125,1415.3851498252466,1361.5123586554275,1361.5123586554275,8783456.0
2024-12-18,1390.8975830078125,1400.692636409276,1376.2050029056172,1400.692636409276,5995195.0
2024-12-19,1390.8975830078125,1400.692636409276,1366.409949504154,1371.3074762048855,6353336.0
2024-12-20,1361.5123291015625,1395.7950136472853,1361.5123291015625,1390.8974872836106,5544646.0
2024-12-23,1381.1024169921875,1395.7949958963598,1371.307364389406,1376.204890690797,4295456.0
2024-12-24,1376.2049560546875,1400.6925887246998,1376.2049560546875,1400.6925887246998,3196077.0
2024-12-25,1381.1024169921875,1400.6925221977506,1381.1024169921875,1390.8974695949692,2381315.0
2024-12-26,1390.8975830078125,1400.692636409276,1386.0000563070807,1390.8975830078125,2351336.0
2024-12-27,1400.692626953125,1410.4876802884617,1390.8975736177886,1390.8975736177886,2283253.0
2024-12-30,1390.8975830078125,1405.5901631100078,1390.8975830078125,1400.692636409276,2765852.0
2024-12-31,1386.0,1395.7950530035337,1371.3074204946997,1381.1024734982332,3224086.0
2025-01-02,1350.0,1400.0,1335.0,1395.0,6820305.0
2025-01-03,1365.0,1370.0,1335.0,1365.0,5752498.0
2025-01-06,1425.0,1425.0,1390.0,1390.0,6907233.0
2025-01-07,1490.0,1500.0,1415.0,1445.0,12307998.0
2025-01-08,1470.0,1500.0,1460.0,1500.0,10805038.0
2025-01-09,1440.0,1480.0,1440.0,1470.0,7021298.0
2025-01-10,1465.0,1495.0,1445.0,1460.0,7157266.0
2025-01-13,1390.0,1460.0,1385.0,1435.0,9742772.0
2025-01-14,1400.0,1415.0,1380.0,1385.0,5279672.0
2025-01-15,1420.0,1445.0,1390.0,1390.0,6417175.0
2025-01-16,1460.0,1470.0,1430.0,1450.0,7314623.0
2025-01-17,1430.0,1455.0,1420.0,1450.0,5488719.0
2025-01-20,1445.0,1455.0,1425.0,1425.0,3956489.0
2025-01-21,1465.0,1475.0,1435.0,1440.0,4428280.0
2025-01-22,1465.0,1495.0,1465.0,1480.0,6502859.0
2025-02-03,1500.0,1525.0,1415.0,1420.0,18533177.0
2025-02-04,1490.0,1530.0,1480.0,1510.0,8166768.0
2025-02-05,1525.0,1530.0,1490.0,1505.0,9064753.0
2025-02-06,1525.0,1570.0,1520.0,1530.0,9371366.0
2025-02-07,1525.0,1530.0,1505.0,1525.0,6741142.0
2025-02-10,1480.0,1510.0,1475.0,1505.0,8922872.0
2025-02-11,1510.0,1530.0,1490.0,1490.0,8486272.0
2025-02-12,1485.0,1540.0,1480.0,1530.0,7865557.0
2025-02-13,1520.0,1520.0,1485.0,1495.0,4576098.0
2025-02-14,1505.0,1535.0,1505.0,1515.0,4726126.0
2025-02-17,1545.0,1545.0,1510.0,1515.0,7603778.0
2025-02-18,1535.0,1550.0,1520.0,1550.0,5362376.0
2025-02-19,1540.0,1545.0,1525.0,1535.0,4447177.0
2025-02-20,1500.0,1545.0,1500.0,1545.0,6855773.0
2025-02-21,1510.0,1525.0,1490.0,1500.0,5655119.0
2025-02-24,1545.0,1545.0,1495.0,1500.0,6371982.0
2025-02-25,1550.0,1560.0,1510.0,1525.0,7905273.0
2025-02-26,1560.0,1575.0,1525.0,1555.0,7032006.0
2025-02-27,1515.0,1575.0,1515.0,1555.0,10335277.0
2025-03-03,1470.0,1495.0,1465.0,1490.0,10588492.0
2025-03-04,1505.0,1510.0,1435.0,1435.0,7871467.0
2025-03-05,1505.0,1530.0,1490.0,1505.0,6356979.0
2025-03-06,1495.0,1510.0,1485.0,1505.0,3089136.0
2025-03-07,1465.0,1485.0,1450.0,1475.0,5464123.0
2025-03-10,1395.0,1460.0,1395.0,1450.0,9828231.0
2025-03-11,1385.0,1390.0,1320.0,1320.0,10078176.0
2025-03-12,1410.0,1425.0,1375.0,1375.0,7914116.0
2025-03-13,1390.0,1440.0,1390.0,1430.0,6948447.0
2025-03-14,1400.0,1430.0,1390.0,1400.0,7153832.0
2025-03-17,1425.0,1440.0,1415.0,1415.0,4878893.0
2025-03-18,1475.0,1500.0,1445.0,1450.0,10224305.0
2025-03-19,1465.0,1515.0,1460.0,1500.0,7855359.0
2025-03-20,1485.0,1500.0,1465.0,1495.0,6419295.0
2025-03-21,1480.0,1500.0,1475.0,1495.0,4597519.0
2025-03-24,1480.0,1505.0,1480.0,1500.0,3925730.0
2025-03-25,1525.0,1540.0,1505.0,1505.0,7987673.0
2025-03-26,1515.0,1540.0,1515.0,1535.0,3637846.0
2025-03-27,1485.0,1510.0,1480.0,1500.0,4779867.0
2025-03-28,1465.0,1495.0,1455.0,1470.0,4529681.0
2025-03-31,1390.0,1440.0,1390.0,1420.0,7884707.0
2025-04-01,1460.0,1460.0,1410.0,1410.0,6469737.0
2025-04-02,1435.0,1460.0,1435.0,1460.0,4501455.0
2025-04-07,1295.0,1295.0,1295.0,1295.0,1801849.0
2025-04-08,1260.0,1300.0,1225.0,1255.0,18444110.0
2025-04-09,1185.0,1255.0,1140.0,1250.0,19089246.0
2025-04-10,1300.0,1300.0,1300.0,1300.0,1930024.0
2025-04-11,1385.0,1395.0,1250.0,1280.0,16846917.0
2025-04-14,1400.0,1425.0,1385.0,1410.0,12574667.0
2025-04-15,1385.0,1415.0,1375.0,1405.0,6567345.0
2025-04-16,1365.0,1385.0,1365.0,1370.0,5403460.0
2025-04-17,1340.0,1350.0,1315.0,1340.0,6686132.0
2025-04-18,1365.0,1380.0,1345.0,1350.0,3455357.0
2025-04-21,1345.0,1355.0,1325.0,1355.0,3022376.0
2025-04-22,1300.0,1355.0,1300.0,1330.0,4954354.0
2025-04-23,1370.0,1375.0,1340.0,1340.0,6070924.0
2025-04-24,1330.0,1375.0,1325.0,1375.0,6035060.0
2025-04-25,1380.0,1390.0,1370.0,1375.0,6909233.0
2025-04-28,1350.0,1390.0,1350.0,1385.0,5231320.0
2025-04-29,1370.0,1370.0,1335.0,1350.0,5633730.0
2025-04-30,1350.0,1370.0,1350.0,1370.0,5374395.0
2025-05-02,1300.0,1370.0,1290.0,1370.0,16309878.0
2025-05-05,1295.0,1335.0,1290.0,1310.0,7202362.0
2025-05-06,1280.0,1300.0,1275.0,1295.0,6945409.0
2025-05-07,1275.0,1300.0,1265.0,1285.0,5876206.0
2025-05-08,1290.0,1305.0,1275.0,1285.0,5977244.0
2025-05-09,1325.0,1325.0,1280.0,1295.0,6464226.0
2025-05-12,1315.0,1325.0,1305.0,1320.0,5139679.0
2025-05-13,1355.0,1365.0,1345.0,1350.0,9166229.0
2025-05-14,1360.0,1375.0,1345.0,1370.0,6039143.0
2025-05-15,1370.0,1380.0,1350.0,1365.0,5523760.0
2025-05-16,1365.0,1375.0,1360.0,1365.0,3498707.0
2025-05-19,1310.0,1350.0,1310.0,1345.0,7045364.0
2025-05-20,1315.0,1350.0,1315.0,1330.0,5662042.0
2025-05-21,1340.0,1345.0,1320.0,1325.0,4399231.0
2025-05-22,1325.0,1340.0,1320.0,1325.0,3287944.0
2025-05-23,1315.0,1340.0,1310.0,1335.0,4277084.0
2025-05-26,1280.0,1305.0,1275.0,1305.0,7140240.0
2025-05-27,1280.0,1290.0,1270.0,1280.0,6424061.0
2025-05-28,1280.0,1305.0,1270.0,1300.0,7908648.0
2025-05-29,1260.0,1305.0,1260.0,1285.0,19212826.0
2025-06-02,1260.0,1270.0,1230.0,1250.0,10666133.0
2025-06-03,1275.0,1290.0,1265.0,1270.0,5610470.0
2025-06-04,1275.0,1290.0,1260.0,1280.0,10297345.0
2025-06-05,1245.0,1265.0,1235.0,1260.0,15362134.0
2025-06-06,1280.0,1280.0,1245.0,1250.0,10710374.0
2025-06-09,1285.0,1300.0,1275.0,1290.0,7952617.0
2025-06-10,1335.0,1335.0,1300.0,1300.0,11338136.0
2025-06-11,1315.0,1345.0,1305.0,1340.0,11700995.0
2025-06-12,1285.0,1305.0,1280.0,1300.0,10502334.0
2025-06-13,1250.0,1265.0,1250.0,1255.0,8841922.0
2025-06-16,1255.0,1270.0,1250.0,1260.0,4129774.0
2025-06-17,1275.0,1280.0,1260.0,1260.0,5360829.0
2025-06-18,1285.0,1290.0,1260.0,1265.0,5525157.0
2025-06-19,1265.0,1285.0,1265.0,1280.0,4766573.0
2025-06-20,1250.0,1275.0,1245.0,1265.0,5271667.0
2025-06-23,1255.0,1260.0,1225.0,1230.0,4404035.0
2025-06-24,1270.0,1285.0,1260.0,1275.0,4477491.0
2025-06-25,1295.0,1300.0,1280.0,1280.0,5945025.0
2025-06-26,1290.0,1300.0,1285.0,1295.0,5174101.0
2025-06-27,1285.0,1300.0,1280.0,1285.0,5856843.0
