Date,Close,High,Low,Open,Volume
2000-01-03,,,,,
2000-01-04,24.083702087402344,24.28693897400722,23.372367825831557,23.77884572580429,332630460.0
2000-01-05,23.98208236694336,24.08369976877195,23.372365575684043,23.57560450610381,292754299.0
2000-01-06,23.473989486694336,23.982084800930018,23.3723679477894,23.982084800930018,248928848.0
2000-01-07,22.762657165527344,23.06751355475336,22.152942323693633,22.86427458634823,269228882.0
2000-01-10,23.37236976623535,23.575608733094874,21.74646834826748,21.74646834826748,380487972.0
2000-01-11,22.55941390991211,23.98208229161956,22.35617704351196,23.778843361838128,286306727.0
2000-01-12,23.169130325317383,23.169130325317383,22.457800146008406,22.559417563977334,181892693.0
2000-01-13,22.55941390991211,23.169126572493834,22.559413909912106,22.965891769474972,162467818922.0
2000-01-14,22.864269256591797,23.27074709865038,22.55941293842906,22.8642692565918,201569289.0
2000-01-17,23.37236976623535,23.677230279906297,23.27075234618725,23.575608733094874,150538291.0
2000-01-18,22.864269256591797,23.372364495783827,22.762651859458348,23.372364495783827,118179571.0
2000-01-19,22.55941390991211,23.169126572493834,22.559413909912106,22.86427024120297,131704223.0
2000-01-20,22.55941390991211,22.661035438184108,22.0513207122211,22.559413909912106,161466136.0
2000-01-21,23.0675106048584,23.372366955099096,22.864271662443652,22.96589319703244,146733969027.0
2000-01-24,23.77884292602539,23.982081852081908,23.372365073912352,23.372365073912352,280150047.0
2000-01-25,23.88046646118164,23.98208386937638,23.473988574877012,23.778844926224064,165332179.0
2000-01-26,25.404748916625977,25.50637046263219,24.388562343906834,24.388562343906834,509931527.0
2000-01-27,25.404748916625977,26.014463748991762,25.099892532133904,26.014463748991762,294787896.0
2000-01-28,24.49018096923828,24.998276344002097,24.388563544990916,24.998276344002097,220776993.0
2000-01-31,24.896656036376953,24.896656036376957,24.083702292877113,24.185321768737282,123849502.0
2000-02-01,24.998271942138672,25.30313241472588,24.591794063197575,25.30313241472588,138152648.0
2000-02-02,24.998271942138672,24.998271942138672,24.998271942138672,24.998271942138672,0.0
2000-02-03,24.998271942138672,24.998271942138672,24.998271942138672,24.998271942138672,0.0
2000-02-04,24.998271942138672,24.998271942138672,24.998271942138672,24.998271942138672,0.0
2000-02-07,24.998271942138672,24.998271942138672,24.998271942138672,24.998271942138672,0.0
2000-02-08,24.998271942138672,24.998271942138672,24.998271942138672,24.998271942138672,0.0
2000-02-09,25.303131103515625,25.811222235718525,25.099888047814378,25.811222235718525,205640473.0
2000-02-10,24.795034408569336,25.2015123105581,24.388560633343566,25.2015123105581,142264579.0
2000-02-11,24.896656036376953,25.404747225533278,24.693417084656616,24.998273448855617,248857310.0
2000-02-14,24.896656036376953,25.607988240635123,24.79503449713528,25.099890861334277,231418814.0
2000-02-15,24.896656036376953,25.099890861334277,24.591795545414943,24.896656036376957,132398164.0
2000-02-16,24.795034408569336,25.2015123105581,24.59179545757495,24.99827335956372,96313793.0
2000-02-17,24.49018096923828,24.693419944496508,24.185324569732693,24.591798393485647,169811146.0
2000-02-18,23.98208236694336,24.79503189847857,23.88046496511476,24.693414496649975,168258311.0
2000-02-21,22.55941390991211,23.778843361838128,22.559413909912106,23.778843361838128,204879305.0
2000-02-22,22.762657165527344,23.06751355475336,22.051324902872743,22.152942323693633,220926964.0
2000-02-23,22.35618019104004,22.76265604444938,22.35618019104004,22.76265604444938,94785922.0
2000-02-24,22.66103744506836,22.76265485557713,22.356179023397644,22.55941590779665,96072827.0
2000-02-25,22.864269256591797,22.8642692565918,22.45779554129561,22.762651859458348,131295083.0
2000-02-28,22.864269256591797,22.8642692565918,22.8642692565918,22.8642692565918,0.0
2000-02-29,22.864269256591797,23.27074709865038,22.8642692565918,23.16912557475454,93814074.0
2000-03-01,23.169130325317383,23.372369288018476,23.06751290734845,23.270751870049548,103782874.0
2000-03-02,22.66103744506836,23.37236757215563,22.55941590779665,23.37236757215563,77321238.0
2000-03-03,22.66103744506836,22.76265485557713,22.457798497287882,22.55941590779665,54058051.0
2000-03-06,22.45779800415039,22.86427176402289,22.356178532491555,22.86427176402289,79299876.0
2000-03-07,22.152942657470703,22.559418537023635,21.9497078127668,22.25456420658607,89830876.0
2000-03-08,22.05132293701172,22.35617929905999,21.949705525249954,22.15294034877348,83254277.0
2000-03-09,22.66103744506836,22.66103744506836,22.152940075617167,22.152940075617167,89730328.0
2000-03-10,21.7464656829834,22.96589314454043,21.7464656829834,22.96589314454043,121241490.0
2000-03-13,20.323801040649414,20.831894312791302,20.323801040649414,20.730278959773464,197750221.0
2000-03-14,20.62865447998047,20.730276008676547,19.71408548229129,19.917320286158272,192705540.0
2000-03-15,20.120563507080078,20.730280428978254,19.91732453311402,20.527041455012196,168651829.0
2000-03-16,19.612468719482422,20.120564106143714,18.799514862795274,18.799514862795274,249527376.0
2000-03-17,19.917322158813477,19.917322158813477,19.409226847849,19.612465797587387,322737936.0
2000-03-20,19.30760955810547,19.30760955810547,19.30760955810547,19.30760955810547,19713548.0
2000-03-21,20.62865447998047,20.62865447998047,18.697892892524738,18.697892892524738,307675855.0
2000-03-22,20.831893920898438,21.33998924686354,20.32380065831488,20.628657028541323,233479025.0
2000-03-23,22.254562377929688,22.254562377929688,21.339989144858897,21.543228099626084,250847711.0
2000-03-24,22.05132293701172,22.457798774203244,21.949705525249954,22.457798774203244,178769243.0
2000-03-27,23.575607299804688,23.575607299804688,22.35617976292821,22.35617976292821,197371979.0
2000-03-28,24.083702087402344,24.388560512381893,23.77884572580429,24.388560512381893,277777118920.0
2000-03-29,23.88046646118164,24.185320749147273,23.677227518029326,24.185320749147273,153859273.0
2000-03-30,24.591796875,25.201513763126087,23.982086177018765,23.982086177018765,344904162.0
2000-03-31,23.98208236694336,24.591792968058797,23.88046496511476,24.38855816440161,164745578225.0
2000-04-03,23.98208236694336,23.982082366943356,23.982082366943356,23.982082366943356,0.0
2000-04-04,23.98208236694336,23.982082366943356,23.982082366943356,23.982082366943356,0.0
2000-04-05,24.998271942138672,25.30313241472588,24.286937717373135,24.286937717373135,227783546.0
2000-04-06,23.77884292602539,25.30313074468679,23.77884292602539,24.998270292220763,219765704.0
2000-04-07,23.575607299804688,24.185322099933693,23.372368345301172,23.982085208811714,161019549.0
2000-04-10,24.286937713623047,24.99827193827875,23.473988146010527,23.473988146010527,292980520.0
2000-04-11,23.77884292602539,24.18531871475718,23.67722552637838,24.083699251728923,132788196.0
2000-04-12,22.965892791748047,23.778844420297848,22.965892791748047,23.57560548146971,145425077.0
2000-04-13,22.152942657470703,22.356181628938025,21.74646884129948,21.9497078127668,219826704.0
2000-04-14,20.831893920898438,21.644845617089985,20.7302785697922,20.933511335386218,238392897.0
2000-04-17,19.815704345703125,19.815704345703125,19.104372162798953,19.104372162798953,181554560.0
2000-04-18,20.831893920898438,21.035132876637096,20.32380065831488,20.7302785697922,182132143.0
2000-04-19,20.22218132019043,21.33998721689549,20.120559788606307,21.33998721689549,132531715.0
2000-04-20,20.527036666870117,20.628654066768114,19.714085087398654,20.222180340413633,92166119.0
2000-04-21,19.714086532592773,20.120560288744905,19.612464998482633,19.612464998482633,130066568.0
2000-04-24,18.901132583618164,19.71408627546334,18.901132583618164,19.71408627546334,103420654.0
2000-04-25,19.917322158813477,19.917322158813477,18.596277239039914,18.69789465052762,166989715.0
2000-04-26,19.002758026123047,20.222185719709753,18.799514918737426,20.12056416601694,135289884.0
2000-04-27,19.714086532592773,19.714086532592773,19.002754364254436,19.510843464372496,144450010.0
2000-04-28,21.03513526916504,21.03513526916504,19.815707586180498,19.917325012226204,256423426.0
2000-05-01,21.03513526916504,21.03513526916504,21.03513526916504,21.03513526916504,0.0
2000-05-02,21.7464656829834,22.051322032527306,21.54322674103319,21.94970462493361,206859407.0
2000-05-03,20.73027801513672,21.644845037964515,20.73027801513672,21.543227626195588,156718656.0
2000-05-04,20.323801040649414,21.339989648314774,20.018944664687965,20.933511729190727,147635366.0
2000-05-05,21.543224334716797,21.543224334716797,19.917319170868293,20.120558090117296,166880357.0
2000-05-08,21.644845962524414,21.949706464379286,21.339989587432708,21.441607003542224,186385049.0
2000-05-09,21.644845962524414,21.644845962524414,21.644845962524414,21.644845962524414,0.0
2000-05-10,25.75432014465332,26.632307581082287,25.75432014465332,26.1933148945586,272766688.0
2000-05-11,25.168991088867188,25.315324027928703,24.729996398445245,25.022658149805665,128542577.0
2000-05-12,26.33964729309082,26.339647293090817,25.315326919564054,25.754319596748484,137950184.0
2000-05-15,25.607982635498047,26.632302848805704,25.461651765991586,26.632302848805704,93891704.0
2000-05-16,27.071304321289062,27.217637290937052,25.75432203812935,26.193316820309832,164745727.0
2000-05-17,28.095619201660156,28.68094477364319,27.656624506827555,27.80295332059665,231459124.0
2000-05-18,27.949295043945312,27.949295043945312,27.3639672246469,27.656633197678083,116993148.0
2000-05-19,27.656625747680664,27.802954568015007,27.36395985348629,27.51029280058348,65075344.0
2000-05-22,26.485973358154297,27.363960752681468,26.485973358154297,27.071301039014397,88601490.0
2000-05-23,25.900653839111328,26.632308337429517,25.754320876066046,26.485975374384232,68995404.0
2000-05-24,25.461654663085938,25.607985549242315,25.02265994123536,25.16899289077319,78865786.0
2000-05-25,25.022659301757812,25.900650786402533,24.876330482722466,25.754317840604376,73734944.0
2000-05-26,25.315326690673828,25.46165551836405,24.729998999623774,24.87633195407705,76133555.0
2000-05-29,25.315326690673828,25.900652318342352,25.16899373622055,25.315326690673828,58958664.0
2000-05-30,25.315326690673828,25.315326690673828,25.315326690673828,25.315326690673828,0.0
2000-05-31,27.36395835876465,27.94928598841777,27.071298670700706,27.94928598841777,198036592.0
2000-06-01,26.632305145263672,27.363959555885273,26.632305145263672,27.217632800523752,63749675.0
2000-06-02,26.778635025024414,27.51028935188276,26.778635025024414,27.217629684520585,110559813.0
2000-06-05,26.924968719482422,27.071301674825044,26.632306935560255,26.924968719482422,56553474842.0
2000-06-06,26.924968719482422,26.924968719482422,26.924968719482422,26.924968719482422,0.0
2000-06-07,27.510292053222656,27.510292053222656,26.632304711398568,26.924966470879475,121034714287.0
2000-06-08,27.36395835876465,28.095618927521706,27.21763160980464,27.802953049313835,142517212.0
2000-06-09,27.656625747680664,27.802954568015007,27.51029280058348,27.802954568015007,104072826.0
2000-06-12,27.21763801574707,27.949292566562388,27.21763801574707,27.80295959301753,65053942.0
2000-06-13,26.924968719482422,27.217634630167666,26.778639890902877,26.924968719482422,63218332335.0
2000-06-14,26.924968719482422,27.363961395365674,26.778639890902877,27.217634630167666,86123795335.0
2000-06-15,26.485973358154297,26.924968087108628,26.339646596393,26.77863926196584,77502341.0
2000-06-16,26.193313598632812,26.485973311787546,26.046980646983215,26.485973311787546,74023227.0
2000-06-19,25.75432014465332,26.339647853448085,25.607987185763836,26.1933148945586,56947143.0
2000-06-20,25.461654663085938,26.193313220630724,25.461654663085938,26.193313220630724,46836049.0
2000-06-21,25.461654663085938,25.900651448317976,25.461654663085938,25.754318498780144,68767075.0
2000-06-22,26.193313598632812,26.33964655028241,25.16899325399306,25.31532620564266,88438051.0
2000-06-23,25.607982635498047,26.193310240286326,25.607982635498043,25.90064850127341,54476304.0
2000-06-26,25.022659301757812,25.46165401238947,24.876330482722466,25.46165401238947,68591403.0
2000-06-27,25.022659301757812,25.315325193354123,24.876330482722466,25.16899224755597,48848735.0
2000-06-28,25.461654663085938,25.607985549242315,25.02265994123536,25.02265994123536,72286370.0
2000-06-29,24.730003356933594,25.754323901679342,24.437343586606353,25.754323901679342,88622171.0
2000-06-30,25.022659301757812,25.315325193354123,24.437337835472213,24.876330482722466,96281055.0
2000-07-03,24.583667755126953,25.168993374380598,23.998340072491818,25.022660422031063,66417868.0
2000-07-04,23.998340606689453,24.87633215018605,23.998340606689453,24.583668302353853,63559477.0
2000-07-05,25.168991088867188,25.461652840227604,23.705678205302465,24.291003771404615,118081376.0
2000-07-06,24.291004180908203,24.729996815349477,24.291004180908203,24.583665937202387,61066181.0
2000-07-07,23.559343338012695,24.437334710378167,23.559343338012695,24.144668856208536,84751403.0
2000-07-10,23.413015365600586,23.705681281704305,22.827693850301028,23.559348323652447,85542807.0
2000-07-11,23.413015365600586,23.852014239756166,23.12035357626002,23.413015365600586,55118668.0
2000-07-12,23.413015365600586,23.705681281704305,23.413015365600586,23.559348323652447,45241873.0
2000-07-13,23.998340606689453,24.291006517903195,23.705680885620335,23.705680885620335,97722181.0
2000-07-14,24.43733787536621,24.58366669464044,23.99833903725508,24.14467198329212,111560104.0
2000-07-17,24.291004180908203,24.87632975687791,24.14467123937977,24.87632975687791,64027648.0
2000-07-18,23.85201644897461,24.437342145251286,23.705683477369117,24.437342145251286,42788685.0
2000-07-19,23.85201644897461,24.437342145251286,23.705683477369117,24.437342145251286,42788685.0
2000-07-20,22.827688217163086,23.70567543190741,22.827688217163086,23.5593425099658,76273538.0
2000-07-21,22.53502655029297,23.1203521564101,21.94970507093874,22.82769244842371,104710478.0
2000-07-24,21.949703216552734,22.388695836516895,21.949703216552734,22.242362899814232,64678920.0
2000-07-25,21.364377975463867,22.24236537653883,21.364377975463864,21.657039754695017,71126283.0
2000-07-26,21.80337142944336,22.24236407255362,21.364376722951715,21.364376722951715,78795369.0
2000-07-27,21.80337142944336,21.80337142944336,21.07171702425959,21.80337142944336,70315841.0
2000-07-28,22.388700485229492,22.388700485229492,21.218049128825832,21.364380032530864,75142542.0
2000-07-31,21.949703216552734,22.242362899814232,21.80337027985007,22.242362899814232,30183169.0
2000-08-01,21.65703582763672,22.388694269806393,21.657035827636722,22.24236134334378,37343367.0
2000-08-02,21.510709762573242,21.949704471007816,21.510709762573242,21.657038580876243,57964991.0
2000-08-03,21.65703582763672,21.949701680561947,21.218043238392273,21.51070702793637,63294923.0
2000-08-04,22.68136215209961,22.974021894314568,21.803374671927966,21.94970763810798,124649685.0
2000-08-07,23.120349884033203,23.120349884033203,22.535024335444625,22.681357270127705,87584972.0
2000-08-08,23.85201644897461,23.998343230434802,23.120355717710673,23.413017534158126,136001946.0
2000-08-09,24.43733787536621,24.58366669464044,23.99833903725508,24.14467198329212,127546870.0
2000-08-10,24.43733787536621,24.58366669464044,24.14467198329212,24.58366669464044,93207218.0
2000-08-11,24.43733787536621,24.729997577296075,24.291004929329166,24.43733787536621,91646587.0
2000-08-14,23.998340606689453,24.583668302353853,23.998340606689453,24.437339473510065,43254748.0
2000-08-15,24.144670486450195,24.291003423415372,23.85201080266368,23.99833754948502,67270947.0
2000-08-16,24.876325607299805,24.8763256072998,24.291000128967255,24.291000128967255,106911793.0
2000-08-17,25.315326690673828,25.607986409435803,24.87633195407705,25.022660781767275,115808056.0
2000-08-18,25.168991088867188,25.607983715907814,25.168991088867184,25.461652840227604,91613208.0
2000-08-21,25.022659301757812,25.46165401238947,25.022659301757812,25.315325193354123,72644017.0
2000-08-22,24.730003356933594,24.876336337170052,24.437343586606353,24.876336337170052,64667295.0
2000-08-23,24.730003356933594,24.730003356933597,24.730003356933597,24.730003356933597,0.0
2000-08-24,25.168991088867188,25.461652840227604,24.876329337506764,24.876329337506764,82936716.0
2000-08-25,24.876325607299805,25.46164902225135,24.729992690180914,25.315320231894464,72244895.0
2000-08-28,24.291004180908203,24.583665937202387,24.291004180908203,24.583665937202387,56612931.0
2000-08-29,24.43733787536621,24.58366669464044,23.70567933532521,23.99833903725508,80506926.0
2000-08-30,23.85201644897461,24.437342145251286,23.85201644897461,24.437342145251286,57518093.0
2000-08-31,24.144670486450195,24.291003423415372,23.705677865698508,23.85201080266368,60729585.0
2000-09-01,23.120349884033203,24.291003044591605,22.827690204810782,24.144670109908525,81453192.0
2000-09-04,23.998340606689453,24.291006517903195,23.705680885620335,23.998340606689453,47305015.0
2000-09-05,24.144670486450195,24.291003423415372,23.85201080266368,24.144670486450195,48022251.0
2000-09-06,23.413015365600586,23.998341007663296,23.413015365600586,23.852014239756166,59011338.0
2000-09-07,22.53502655029297,22.82769244842371,22.3886977279905,22.68135949935834,76935254.0
2000-09-08,22.68136215209961,22.974021894314568,22.53502918591959,22.681362152099606,46428370.0
2000-09-11,22.974016189575195,23.12034911941889,22.388694787106306,22.388694787106306,43423305.0
2000-09-12,22.974016189575195,22.974016189575195,22.974016189575195,22.974016189575195,0.0
2000-09-13,23.266687393188477,23.41301622987883,22.09603400246747,22.535028766065142,80999105.0
2000-09-14,22.388700485229492,22.974022036667915,22.242367518142757,22.82769525972629,52803449.0
2000-09-15,22.68136215209961,23.2666878266746,22.53502918591959,22.681362152099606,61872723.0
2000-09-18,22.827688217163086,23.120347870903103,22.681355295221476,22.827688217163086,71697732.0
2000-09-19,21.80337142944336,22.827691723463406,21.65703848502522,22.535025834627127,95726480.0
2000-09-20,21.510709762573242,22.388697116060996,20.925384172454272,21.949704471007816,141243663.0
2000-09-21,21.071718215942383,21.364377931185484,20.77905231055478,21.21804704187318,75419145.0
2000-09-22,19.608400344848633,20.04739501375293,19.608400344848633,19.608400344848633,178970462.0
2000-09-25,19.90106201171875,19.90106201171875,19.169403544996733,19.608400275734905,105098935.0
2000-09-26,21.071718215942383,21.21804704187318,19.315739290668766,19.754731958605667,146168283.0
2000-09-27,20.779050827026367,21.510709348113828,20.486389069296465,21.071716711518977,84108982.0
2000-09-28,19.608400344848633,21.071715220069212,19.608400344848633,20.779049356291406,75582140.0
2000-09-29,19.608400344848633,19.901062081864026,19.16940361256313,19.75472914997512,76469042.0
2000-10-02,18.145084381103516,19.169404642452083,18.145084381103516,18.73040994996251,78048192.0
2000-10-03,18.730411529541016,19.16940625905202,17.559764419862315,17.70609324519066,153151848.0
2000-10-04,18.145084381103516,18.145084381103516,18.145084381103516,18.145084381103516,19298486.0
2000-10-05,18.4377498626709,18.730409545712067,17.559762560022293,17.559762560022293,184769121.0
2000-10-06,19.608400344848633,19.608400344848633,18.58407807515114,18.58407807515114,133922872.0
2000-10-09,19.169404983520508,19.901063505148148,19.169404983520508,19.754730562793807,75314685.0
2000-10-10,19.169404983520508,19.169404983520508,19.169404983520508,19.169404983520508,0.0
2000-10-11,18.58407974243164,18.58407974243164,18.58407974243164,18.58407974243164,25119970.0
2000-10-12,17.413429260253906,17.998754804272473,17.413429260253906,17.559762193794473,92094002.0
2000-10-13,17.413429260253906,17.413429260253906,16.242776108835546,16.242776108835546,174647816499.0
2000-10-16,17.413429260253906,17.413429260253906,17.413429260253906,17.413429260253906,0.0
2000-10-17,16.389108657836914,16.535441587944057,15.364788463992841,15.364788463992841,171714118.0
2000-10-18,15.364790916442871,15.950117571845352,15.36479091644287,15.657456823371001,145165017.0
2000-10-19,14.311205863952637,14.545335654131502,14.311205863952637,14.311205863952637,78556968.0
2000-10-20,15.218457221984863,15.218457221984863,15.218457221984863,15.218457221984863,71428596.0
2000-10-23,17.120769500732422,17.267097283931733,16.24277700926974,16.6817706757744,270759535381.0
2000-10-24,18.291419982910156,18.291419982910156,17.559765494581164,18.14508702186274,206797122.0
2000-10-25,19.023069381713867,19.169402303610656,18.145082167238463,18.291415089135253,292640523.0
2000-10-26,18.4377498626709,18.730409545712067,18.4377498626709,18.4377498626709,145841574.0
2000-10-27,18.4377498626709,18.4377498626709,18.4377498626709,18.4377498626709,0.0
2000-10-30,17.26709747314453,17.26709747314453,17.26709747314453,17.26709747314453,5465247.0
2000-10-31,16.68177032470703,17.26709692054618,16.68177032470703,16.68177032470703,203859017.0
2000-11-01,16.242780685424805,16.974440400828044,16.242780685424805,16.82810742605649,128664097934.0
2000-11-02,17.26709747314453,17.26709747314453,15.950116459199084,15.950116459199084,221912919.0
2000-11-03,18.291419982910156,18.437752943957577,17.559765494581164,17.852425226531142,229431264.0
2000-11-06,17.998754501342773,18.145083305658073,17.26709603609789,17.559761898253278,168183699.0
2000-11-07,19.169404983520508,19.169404983520508,18.437750588655575,18.437750588655575,278776891.0
2000-11-08,19.608400344848633,20.486387619276016,19.16940361256313,19.315736544452037,344532249.0
2000-11-09,19.608400344848633,19.608400344848633,18.58407807515114,19.023070680674227,182415106.0
2000-11-10,19.169404983520508,19.31573792587485,18.584079404247206,19.023072041166166,188915291.0
2000-11-13,17.85242462158203,18.145086406996462,17.85242462158203,17.85242462158203,176760701.0
2000-11-14,18.145084381103516,18.43775026060499,17.85242262836468,17.85242262836468,134079805.0
2000-11-15,17.998754501342773,18.876741770902957,17.559761898253278,18.876741770902957,188622164.0
2000-11-16,16.82810401916504,17.55976358644198,16.82810401916504,16.974436964311128,156774531.0
2000-11-17,16.68177032470703,16.82810326328013,15.657455230055087,15.803783010174932,161735708.0
2000-11-20,14.779468536376953,15.364789998350956,14.779468536376953,15.072129267363954,144757597.0
2000-11-21,15.803781509399414,15.803781509399412,14.311205898830092,14.311205898830092,178682307.0
2000-11-22,15.511122703552246,16.389110041409054,15.364789761091645,15.95011637248065,196485756.0
2000-11-23,15.218457221984863,15.36478912671306,15.072128412328576,15.072128412328576,145110902.0
2000-11-24,16.242780685424805,16.242780685424805,15.364793153704543,15.364793153704543,235161095.0
2000-11-27,16.242780685424805,16.82810742605649,16.096452869107782,16.82810742605649,168034022098.0
2000-11-28,15.803781509399414,15.95011443407629,15.803781509399412,15.95011443407629,76481185.0
2000-11-29,15.364790916442871,15.657456823371001,15.36479091644287,15.36479091644287,103361542.0
2000-11-30,15.218457221984863,15.803782777516377,15.072128412328576,15.36478912671306,116430330.0
2000-12-01,15.657456398010254,15.657456398010252,14.779469017985404,14.779469017985404,123573545.0
2000-12-04,14.779468536376953,15.072129267363954,14.779468536376953,14.925796322643718,59074436.0
2000-12-05,14.925793647766113,15.218455357995392,14.633132969227345,14.925793647766113,115079915.0
2000-12-06,14.925793647766113,15.657453081791857,14.925793647766113,15.657453081791857,127597050.0
2000-12-07,15.364790916442871,15.36479091644287,14.925797214504454,14.925797214504454,90041784.0
2000-12-08,15.218457221984863,15.511122063131891,15.072128412328576,15.36478912671306,78399575.0
2000-12-11,15.218457221984863,15.511122063131891,15.072128412328576,15.36478912671306,64485542.0
2000-12-12,15.511122703552246,15.657455646012844,15.364789761091645,15.364789761091645,107508156.0
2000-12-13,15.364790916442871,15.511123869906935,15.218458994669561,15.511123869906935,38342937.0
2000-12-14,14.925793647766113,15.218455357995392,14.925793647766113,15.218455357995392,57295439.0
2000-12-15,14.925793647766113,14.925793647766113,14.633132969227345,14.633132969227345,66477675.0
2000-12-18,14.194141387939453,14.779467986593273,14.194141387939451,14.633135047316499,66812906824.0
2000-12-19,13.725881576538086,13.901477400438846,13.725881576538086,13.725881576538086,95831052.0
2000-12-20,13.257619857788086,13.374684762985337,13.257619857788088,13.257619857788088,44505822.0
2000-12-21,12.81862735748291,12.81862735748291,12.81862735748291,12.81862735748291,14104179.0
2000-12-22,13.082027435302734,13.082027435302734,12.379635758843774,12.379635758843774,226823066.0
2000-12-25,13.082027435302734,13.082027435302734,13.082027435302734,13.082027435302734,0.0
2000-12-26,13.111288070678711,13.960012576630895,13.02349015784897,13.960012576630895,188777783.0
2000-12-27,13.228352546691895,13.374685491619086,12.76009186870208,13.111287635117115,174538354.0
2000-12-28,14.13560676574707,14.13560676574707,13.169821512419354,13.345418362255899,254635162.0
2000-12-29,14.077077865600586,14.164875780759859,13.81367999335973,14.135607745658586,146583096.0
2001-01-01,14.077077865600586,14.077077865600584,14.077077865600584,14.077077865600584,0.0
2001-01-02,14.516070365905762,14.633135274779967,13.403952184064787,13.696612908714297,223293718.0
2001-01-03,14.13560676574707,14.340470616965279,13.901476944837885,14.04780885667414,131220434.0
2001-01-04,14.779468536376953,15.072129267363954,14.5160706802475,14.779468536376953,242653012.0
2001-01-05,15.218457221984863,15.511122063131891,14.633134761525259,14.779467697944092,235456069.0
2001-01-08,14.779468536376953,15.364789998350956,14.779468536376953,14.925796322643718,167428666.0
2001-01-09,15.511122703552246,15.511122703552244,14.779468308156034,14.779468308156034,189128390.0
2001-01-10,15.218457221984863,15.657454999550724,15.072128412328576,15.511122063131891,142972889.0
2001-01-11,15.072127342224121,15.657453887888728,14.925794416194766,15.364788035830017,180145445.0
2001-01-12,15.218457221984863,15.511122063131891,15.072128412328576,15.218457221984863,119508086.0
2001-01-15,15.511122703552246,15.511122703552244,15.07212903462384,15.218457850321725,97484224.0
2001-01-16,16.535444259643555,16.535444259643555,15.657456854046599,15.657456854046599,247627478.0
2001-01-17,17.26709747314453,17.26709747314453,16.68177085857319,16.828103801829382,279543346.0
2001-01-18,17.120769500732422,17.413430225584406,16.828103617427075,17.413430225584406,217204595.0
2001-01-19,17.120769500732422,17.120769500732422,17.120769500732422,17.120769500732422,0.0
2001-01-22,17.120769500732422,17.120769500732422,17.120769500732422,17.120769500732422,0.0
2001-01-23,17.120769500732422,17.120769500732422,17.120769500732422,17.120769500732422,0.0
2001-01-24,17.120769500732422,17.120769500732422,17.120769500732422,17.120769500732422,0.0
2001-01-25,17.120769500732422,17.120769500732422,17.120769500732422,17.120769500732422,0.0
2001-01-26,17.120769500732422,17.120769500732422,17.120769500732422,17.120769500732422,0.0
2001-01-29,15.950116157531738,17.120769364533647,15.950116157531737,17.120769364533647,138416378.0
2001-01-30,16.535444259643555,16.535444259643555,15.803784649343564,15.95011760309432,130645362.0
2001-01-31,17.413429260253906,17.559762193794473,16.68176975100416,16.68176975100416,283216485.0
2001-02-01,16.82810401916504,17.413430641295896,16.681771074018954,17.26709769614981,143975637.0
2001-02-02,17.120769500732422,17.413430225584406,16.97443655907975,17.120769500732422,163778538.0
2001-02-05,16.389108657836914,16.82810228970538,16.389108657836914,16.82810228970538,125633064.0
2001-02-06,16.389108657836914,16.974435219812523,16.09644795607559,16.09644795607559,163068048.0
2001-02-07,15.364790916442871,15.803784618381286,15.36479091644287,15.511123869906935,204302959.0
2001-02-08,15.657456398010254,15.657456398010252,15.218458581234916,15.364790499032877,113619346.0
2001-02-09,15.950116157531738,16.096449098020305,15.364789554030782,15.511122494519352,121494915.0
2001-02-12,15.950116157531738,16.096449098020305,15.803783217043168,15.803783217043168,67691139.0
2001-02-13,16.974435806274414,16.974435806274414,16.24277628891304,16.24277628891304,151657201716.0
2001-02-14,16.09644889831543,17.120769152120268,16.09644889831543,16.974436213447216,123006975.0
2001-02-15,17.120769500732422,17.120769500732422,16.53544289257509,16.6817706757744,160798110.0
2001-02-16,17.413429260253906,17.998754804272473,17.120768551625854,17.706091000572574,365911270.0
2001-02-19,17.413429260253906,17.413429260253906,16.828102684544728,16.97443561808529,120681516.0
2001-02-20,16.974435806274414,17.85242206865493,16.974435806274414,17.559762388472887,133902912.0
2001-02-21,17.120769500732422,17.120769500732422,16.53544289257509,16.6817706757744,88326993.0
2001-02-22,16.242780685424805,16.681774451284934,16.242780685424805,16.681774451284934,112465048118.0
2001-02-23,15.950116157531738,16.24277688005555,15.803783217043168,16.096449098020305,110006570.0
2001-02-26,15.657456398010254,15.95011713853399,15.511123448521564,15.8037841890453,66288160.0
2001-02-27,15.511122703552246,15.95011637248065,15.511122703552244,15.80378343002005,81211003.0
2001-02-28,15.511122703552246,15.511122703552244,15.511122703552244,15.511122703552244,0.0
2001-03-01,14.779468536376953,15.218458085321412,14.779468536376953,15.218458085321412,119729316.0
2001-03-02,14.925793647766113,15.072126566261772,14.633132969227345,14.925793647766113,71106748.0
2001-03-05,15.511122703552246,15.511122703552244,14.779468308156034,14.92579609216324,43802984.0
2001-03-06,15.657456398010254,16.242777879057726,15.657456398010252,15.8037841890453,131912109.0
2001-03-07,16.242780685424805,16.389113660196358,16.096452869107782,16.242780685424805,118323421321.0
2001-03-08,15.657456398010254,16.096450088022678,15.657456398010252,16.096450088022678,55773010.0
2001-03-09,15.657456398010254,15.657456398010252,15.218458581234916,15.364790499032877,41263908.0
2001-03-12,15.364790916442871,15.36479091644287,15.07213016796852,15.218458994669561,45298650.0
2001-03-13,15.511122703552246,15.657455646012844,14.92579609216324,15.07212903462384,74389007.0
2001-03-14,15.511122703552246,15.511122703552244,15.511122703552244,15.511122703552244,0.0
2001-03-15,16.09644889831543,16.09644889831543,15.511122302076487,15.657455240749538,89363230.0
2001-03-16,15.803781509399414,16.242775124977282,15.803781509399412,16.09644735875317,86606306.0
2001-03-19,15.218457221984863,15.657454999550724,15.218457221984863,15.657454999550724,43677471.0
2001-03-20,15.218457221984863,15.511122063131891,15.218457221984863,15.36478912671306,44045894.0
2001-03-21,15.218457221984863,15.36478912671306,15.072128412328576,15.072128412328576,45169996.0
2001-03-22,15.657456398010254,15.657456398010252,15.218458581234916,15.218458581234916,64914069.0
2001-03-23,15.950116157531738,16.24277688005555,15.803783217043168,15.950116157531737,152202088.0
2001-03-26,15.950116157531738,16.24277688005555,15.803783217043168,16.24277688005555,77179680.0
2001-03-27,16.09644889831543,16.535442555881325,16.09644889831543,16.242776678535222,158889995023.0
2001-03-28,15.511122703552246,15.657455646012844,15.364789761091645,15.364789761091645,154755690.0
2001-03-29,15.511122703552246,15.657455646012844,15.511122703552244,15.657455646012844,58974226.0
2001-03-30,15.511122703552246,15.657455646012844,15.364789761091645,15.657455646012844,62427151.0
2001-04-02,14.925793647766113,15.511120163296198,14.925793647766113,15.511120163296198,59801412.0
2001-04-03,14.54533863067627,14.779469500458012,14.399006708101334,14.633136546192315,91377653.0
2001-04-04,14.281941413879395,14.516072294423699,14.19414349432744,14.281941413879395,78052831.0
2001-04-05,14.281941413879395,14.281941413879395,14.281941413879395,14.281941413879395,0.0
2001-04-06,14.486800193786621,14.925793795156043,14.486800193786621,14.925793795156043,89924496.0
2001-04-09,14.047807693481445,14.34046942953948,14.047807693481447,14.34046942953948,49995736.0
2001-04-10,13.842947959899902,14.223411808872257,13.8429479598999,14.047810807882398,57147545.0
2001-04-11,14.340472221374512,14.399007262377411,13.901478500132585,14.194143388239072,54453904.0
2001-04-12,14.779468536376953,14.925796322643718,14.603868590036392,14.603868590036392,80044207.0
2001-04-13,14.633135795593262,15.07212947741859,14.633135795593262,15.07212947741859,54137138.0
2001-04-16,14.54533863067627,14.633136546192315,14.340471669351684,14.633136546192315,24837877.0
2001-04-17,14.54533863067627,14.633136546192315,14.340471669351684,14.457536588397176,25380550.0
2001-04-18,14.779468536376953,14.925796322643718,14.633135591656716,14.633135591656716,52134988.0
2001-04-19,15.803781509399414,15.803781509399412,15.511120818498421,15.803781509399412,271463143.0
2001-04-20,15.657456398010254,15.95011713853399,15.511123448521564,15.8037841890453,105074668.0
2001-04-23,15.511122703552246,15.657455646012844,15.364789761091645,15.511122703552244,34615849.0
2001-04-24,15.364790916442871,15.511123869906935,15.218458994669561,15.218458994669561,41747937.0
2001-04-25,15.072127342224121,15.364788035830017,14.925794416194766,15.364788035830017,40596038.0
2001-04-26,15.072127342224121,15.364788035830017,14.925794416194766,15.364788035830017,40596038.0
2001-04-27,15.072127342224121,15.364788035830017,15.07212734222412,15.364788035830017,45634138.0
2001-04-30,15.364790916442871,15.657456823371001,15.07213016796852,15.218458994669561,101316142.0
2001-05-01,15.364790916442871,15.36479091644287,15.36479091644287,15.36479091644287,0.0
2001-05-02,15.511122703552246,16.389110041409054,15.511122703552244,16.09644931494125,162210107.0
2001-05-03,15.803781509399414,15.95011443407629,15.218456000835216,15.511120818498421,90500602.0
2001-05-04,15.072127342224121,15.803781655465269,15.07212734222412,15.803781655465269,56913192.0
2001-05-07,15.364790916442871,15.657456823371001,15.07213016796852,15.36479091644287,63636658.0
2001-05-08,15.364790916442871,15.657456823371001,15.218458994669561,15.36479091644287,54447305.0
2001-05-09,15.364790916442871,15.657456823371001,15.36479091644287,15.511123869906935,62268980.0
2001-05-10,15.072127342224121,15.364788035830017,15.07212734222412,15.364788035830017,39862020.0
2001-05-11,15.364790916442871,15.511123869906935,15.07213016796852,15.07213016796852,54021773.0
2001-05-14,15.218457221984863,15.36478912671306,15.218457221984863,15.218457221984863,23460459.0
2001-05-15,14.925793647766113,15.218455357995392,14.925793647766113,15.072126566261772,47449065.0
2001-05-16,14.779468536376953,15.072129267363954,14.779468536376953,14.925796322643718,33806423.0
2001-05-17,15.072127342224121,15.218456141491224,14.925794416194766,14.925794416194766,39537973.0
2001-05-18,15.218457221984863,15.36478912671306,15.072128412328576,15.218457221984863,48700989.0
2001-05-21,14.925793647766113,15.218455357995392,14.633132969227345,15.218455357995392,51106512.0
2001-05-22,15.364790916442871,15.511123869906935,15.07213016796852,15.07213016796852,82444722.0
2001-05-23,15.803781509399414,15.95011443407629,15.364787893821543,15.364787893821543,84510858.0
2001-05-24,15.511122703552246,15.80378343002005,15.511122703552244,15.80378343002005,47717185.0
2001-05-25,15.364790916442871,15.657456823371001,15.36479091644287,15.511123869906935,40683791.0
2001-05-28,15.218457221984863,15.36478912671306,15.072128412328576,15.36478912671306,26184614.0
2001-05-29,15.218457221984863,15.511122063131891,15.218457221984863,15.218457221984863,40084563.0
2001-05-30,15.218457221984863,15.36478912671306,15.218457221984863,15.218457221984863,39031526.0
2001-05-31,15.218457221984863,15.218457221984863,14.925795475909744,15.072128412328576,40850704.0
2001-06-01,15.072127342224121,15.364788035830017,15.07212734222412,15.364788035830017,25964955.0
2001-06-04,15.072127342224121,15.218456141491224,14.925794416194766,15.07212734222412,27970285.0
2001-06-05,15.218457221984863,15.218457221984863,15.072128412328576,15.072128412328576,23535608.0
2001-06-06,15.803781509399414,15.803781509399412,15.511120818498421,15.511120818498421,102894553.0
2001-06-07,15.803781509399414,15.803781509399412,15.6574537431753,15.803781509399412,50652055.0
2001-06-08,16.242780685424805,16.53544663496791,16.096452869107782,16.096452869107782,162388545236.0
2001-06-11,16.09644889831543,16.242776678535222,15.95011595964238,16.242776678535222,53034289081.0
2001-06-12,16.09644889831543,16.242776678535222,15.95011595964238,16.09644889831543,39885918982.0
2001-06-13,15.511122703552246,16.09644931494125,15.364789761091645,16.09644931494125,61652009.0
2001-06-14,15.218457221984863,15.511122063131891,15.072128412328576,15.36478912671306,54068809.0
2001-06-15,15.364790916442871,15.36479091644287,15.07213016796852,15.07213016796852,26308907.0
2001-06-18,14.633135795593262,15.07212947741859,14.633135795593262,15.07212947741859,90953100.0
2001-06-19,14.164878845214844,14.545341718335502,14.047812869628034,14.486806667160135,88867705.0
2001-06-20,14.047807693481445,14.164873625933382,14.047807693481447,14.047807693481447,58832745.0
2001-06-21,13.667351722717285,14.018543397648,13.6088166818231,13.901478474313627,90780163.0
2001-06-22,13.872214317321777,13.901477192461948,13.608815426957689,13.608815426957689,51469261.0
2001-06-25,13.872214317321777,13.872214317321776,13.872214317321776,13.872214317321776,0.0
2001-06-26,13.228352546691895,13.930744079521961,13.169821638440549,13.930744079521961,68514942.0
2001-06-27,13.433212280273438,13.579545191562934,13.316151522370319,13.403949412101191,48629167.0
2001-06-28,12.994220733642578,13.433214377598768,12.877160989153401,13.433214377598768,57546573.0
2001-06-29,13.374687194824219,13.403954200212954,13.228354231262195,13.316156279119229,56986510.0
2001-07-02,13.608817100524902,13.608817100524902,13.199091403784793,13.433217130893672,35262021.0
2001-07-03,13.433212280273438,13.608812186497016,13.374682417167108,13.521015328456603,29048606.0
2001-07-04,13.286887168884277,13.403952076821867,13.169821229256025,13.345418075317076,33249927.0
2001-07-05,13.199089050292969,13.316153956355562,13.11128701775142,13.11128701775142,20467556.0
2001-07-06,12.847894668579102,13.14055541736488,12.818627665178841,12.935692583707608,52660028.0
2001-07-09,12.057705879211426,12.613764532441794,12.057705879211426,12.525967643904778,82193365.0
2001-07-10,12.204032897949219,12.438163765237297,11.882105147770957,12.086967980150556,71386659.0
2001-07-11,12.379633903503418,12.555228701228978,12.086967997665047,12.116235000925185,74043114.0
2001-07-12,14.438511848449707,14.505824500891778,14.27023176488041,14.27023176488041,110879931.0
2001-07-13,14.359420776367188,14.978694100659824,14.320717934576814,14.939991258869451,119493093.0
2001-07-16,14.165898323059082,14.398127754239034,13.97237689214764,14.398127754239034,50455365.0
2001-07-17,14.4368314743042,14.591650072818446,14.01107955462201,14.04978755724528,60111577.0
2001-07-18,14.088489532470703,14.514240425380368,13.933669900477344,14.475533454000644,52361241.0
2001-07-19,13.353103637695312,14.127190397103616,13.120874205293768,13.856259154373681,77619654.0
2001-07-20,13.662739753723145,13.856261214423958,13.546627083640812,13.740149576032401,69959612.0
2001-07-23,13.662739753723145,13.97237904296017,13.546627083640812,13.856261214423958,34235126.0
2001-07-24,13.624035835266113,13.701445651491898,13.54662601904033,13.662738679997616,44446220.0
2001-07-25,13.972378730773926,14.011080545991508,13.662739448455202,13.662739448455202,39395100.0
2001-07-26,14.359420776367188,14.514239365363002,13.778849262174308,13.972376883104197,58254056.0
2001-07-27,14.669059753417969,15.327041112374415,14.514240124632607,14.514240124632607,151538104.0
2001-07-30,14.669059753417969,14.669059753417969,14.669059753417969,14.669059753417969,0.0
2001-07-31,15.05610466003418,15.17221628625363,14.746470561710314,14.823874185760609,82012030.0
2001-08-01,15.133514404296875,15.288334042524514,14.088490099786181,15.172217250472318,157695554.0
2001-08-02,15.55926513671875,15.597966948195412,15.172216071232512,15.4818553236215,102060818526.0
2001-08-03,15.597969055175781,15.868905500995664,15.288334919414547,15.559267238471259,58016408597.0
2001-08-06,15.28833293914795,15.481855409584291,15.017401686875202,15.28833293914795,43268842.0
2001-08-07,14.398127555847168,14.939991062680964,14.359420587802617,14.901283062945812,59636645361.0
2001-08-08,14.591651916503906,14.591651916503906,14.282013648661295,14.320720624484593,57062438.0
2001-08-09,14.320718765258789,14.475533236472245,14.32071876525879,14.359421609294147,32590642709.0
2001-08-10,14.55294132232666,14.669058094162754,14.243307258232804,14.32071706386946,82142878.0
2001-08-13,14.320718765258789,14.552943051305663,14.32071876525879,14.552943051305663,32331934.0
2001-08-14,14.978696823120117,15.017403798708164,14.359423386271137,14.436833210684012,64735883.0
2001-08-15,14.939992904663086,15.28833399450905,14.785173266921683,15.017402723533786,66747969.0
2001-08-16,14.939992904663086,15.133514356767648,14.707763448050981,14.823875081284843,46530893.0
2001-08-17,15.05610466003418,15.210923256732116,14.939992002124065,15.056104660034181,51807559.0
2001-08-20,14.707765579223633,14.90128705936969,14.669062727561656,14.707765579223635,43710709.0
2001-08-21,14.978696823120117,15.09481362312104,14.707764501056664,14.707764501056664,31045410.0
2001-08-22,14.707765579223633,14.978697921148045,14.669062727561656,14.669062727561656,50780987.0
2001-08-23,14.862582206726074,14.939992021018272,14.630352763849475,14.630352763849475,59247605.0
2001-08-24,14.127190589904785,14.552942491736832,14.011078967191244,14.514239649189621,80492149.0
2001-08-27,14.746469497680664,14.9399909241309,14.282010646027825,14.35942045463663,92236163575.0
2001-08-28,14.746469497680664,15.056103573662922,14.591648848772456,14.746469497680664,63657967.0
2001-08-29,15.094813346862793,15.172218011405024,14.552944585889698,14.552944585889698,70961503.0
2001-08-30,15.05610466003418,15.094811630512668,14.90128399995491,14.90128399995491,46638893.0
2001-08-31,15.404446601867676,15.44315357453984,14.823875025888453,14.978695694742028,84176794.0
2001-09-03,15.327044486999512,15.675380474935931,15.172219665672314,15.597970643499576,57034613.0
2001-09-04,15.597969055175781,15.63667706202506,15.133515272306948,15.327042926263823,54828261117.0
2001-09-05,15.481858253479004,15.481858253479004,15.288335747494111,15.481858253479004,43161611.0
2001-09-06,15.443153381347656,15.481856226772749,15.210923928508553,15.327041750000246,63492444.0
2001-09-07,15.404446601867676,15.481856420449098,15.249626964704829,15.327041941739884,60774810.0
2001-09-10,15.327044486999512,15.55926882285409,15.24962949710867,15.288336476208642,36672182.0
2001-09-11,14.901283264160156,15.404444968196689,14.901283264160156,15.32704031627781,45874732.0
2001-09-12,14.901283264160156,14.901283264160156,14.901283264160156,14.901283264160156,0.0
2001-09-13,13.894968032836914,13.894968032836914,13.894968032836914,13.894968032836914,13320673.0
2001-09-14,12.927349090576172,13.817557889637493,12.927349090576172,13.275695342323678,85809091.0
2001-09-17,12.927349090576172,12.927349090576172,12.927349090576172,12.927349090576172,0.0
2001-09-18,12.927349090576172,12.927349090576172,12.927349090576172,12.927349090576172,0.0
2001-09-19,12.927349090576172,12.927349090576172,12.927349090576172,12.927349090576172,0.0
2001-09-20,12.075844764709473,12.075844764709473,12.075844764709473,12.075844764709473,9206899.0
2001-09-21,11.688799858093262,11.688799858093262,11.688799858093262,11.688799858093262,1271988.0
2001-09-24,11.688799858093262,11.688799858093262,11.688799858093262,11.688799858093262,0.0
2001-09-25,10.218026161193848,11.185640664880422,10.179319187523838,11.030821023726407,214596063.0
2001-09-26,10.566368103027344,10.605076111481084,9.521343695260732,10.218026977668751,200435605.0
2001-09-27,10.101914405822754,10.256728886690444,9.985796581259487,10.218026040241577,84751214.0
2001-09-28,10.101914405822754,10.101914405822754,10.101914405822754,10.101914405822754,0.0
2001-10-01,10.101914405822754,10.101914405822754,10.101914405822754,10.101914405822754,0.0
2001-10-02,9.714865684509277,10.256729284707726,9.714865684509277,10.256729284707726,66062320.0
2001-10-03,9.056884765625,9.560046577918202,9.056884765625,9.366525105423458,105063670.0
2001-10-04,9.056884765625,9.521343727786428,9.056884765625,9.482636750891297,133729141.0
2001-10-05,9.676163673400879,9.676163673400879,9.095593048277948,9.173002877637353,110467902.0
2001-10-08,9.753571510314941,9.869684167252984,9.443932256129973,9.443932256129973,102554880.0
2001-10-09,10.411547660827637,10.411547660827637,9.908392078512327,10.101914567377491,97041643.0
2001-10-10,10.411547660827637,10.411547660827637,10.411547660827637,10.411547660827637,0.0
2001-10-11,11.108230590820312,11.108230590820312,10.992118957676658,11.03082077200975,82409973447.0
2001-10-12,11.379161834716797,11.882322515106193,11.379161834716797,11.882322515106193,201838430.0
2001-10-15,11.069528579711914,11.379162690996369,11.03082057592253,11.22434821458092,47844585.0
2001-10-16,11.301753997802734,11.301753997802734,10.914710030582619,10.992119855717455,63347549988.0
2001-10-17,11.340459823608398,11.998441207140765,11.340459823608398,11.611392120720891,160356003.0
2001-10-18,11.224348068237305,11.340459697803055,11.03082043210214,11.108230248527368,64498599.0
2001-10-19,11.495281219482422,11.61139389981774,10.992120425114456,11.069530254259158,105969288.0
2001-10-22,11.53398323059082,11.688802877603875,11.340460735206086,11.53398323059082,69500081.0
2001-10-23,11.417868614196777,11.843619437433162,11.417868614196777,11.804911440697234,82464978.0
2001-10-24,12.191962242126465,12.191962242126465,11.533981912581954,11.572688883293687,183200616.0
2001-10-25,12.385486602783203,12.385486602783203,12.037144447108304,12.19196410002233,97752084.0
2001-10-26,12.269372940063477,12.69512488796638,12.191963119829948,12.38548560703227,89054301.0
2001-10-29,12.191962242126465,12.462893498367132,12.037142612804928,12.114552427465696,78838874.0
2001-10-30,11.340459823608398,11.92103138985679,11.340459823608398,11.92103138985679,95892523.0
2001-10-31,10.992118835449219,11.263050103201365,10.83729919954962,11.030820649351964,87292846.0
2001-11-01,11.26305103302002,11.417871713391525,11.185641208679668,11.301753881808589,71633429.0
2001-11-02,12.03714370727539,12.03714370727539,11.804914242177752,11.882324063876965,115021521.0
2001-11-05,12.540306091308594,12.695126786621033,11.804915784179006,11.959735447800542,132002820.0
2001-11-06,12.46289348602295,12.966055217438228,12.46289348602295,12.966055217438228,120699792.0
2001-11-07,13.275697708129883,13.275697708129885,12.656419040675686,12.733828874107461,143620066.0
2001-11-08,13.54662799835205,14.204604310573945,13.391808343279626,13.391808343279626,208099296.0
2001-11-09,13.54662799835205,13.546627998352053,13.546627998352053,13.546627998352053,0.0
2001-11-12,13.159575462341309,13.430507725370797,13.082165654795409,13.236985269887208,89799218.0
2001-11-13,13.043466567993164,13.43051052803775,13.043466567993164,13.082168384770636,75463569.0
2001-11-14,13.93366813659668,13.933668136596678,13.35310284364161,13.507917297583353,191218717.0
2001-11-15,14.669059753417969,14.823874223749979,13.817556953551833,13.933669611759514,175503664.0
2001-11-16,14.939992904663086,15.404446659433642,14.514240964255688,14.785173266921683,174653555.0
2001-11-19,15.28833293914795,15.404445596057228,14.707762432766945,14.939991873348138,102592082.0
2001-11-20,14.514244079589844,15.327045288810222,14.514244079589846,15.21092744050847,129196289.0
2001-11-21,15.133514404296875,15.133514404296875,14.088490099786181,14.088490099786181,116647250.0
2001-11-22,14.320718765258789,14.97869496950811,14.32071876525879,14.97869496950811,77750210.0
2001-11-23,14.630352020263672,14.901283261444318,14.282010968725173,14.282010968725173,99217531.0
2001-11-26,14.978696823120117,15.017403798708164,14.630354676643789,14.823876142603565,135382038.0
2001-11-27,15.443153381347656,15.675377675733195,14.901284658056415,15.481856226772749,244201712.0
2001-11-28,15.481858253479004,16.2172485219995,15.404448425732367,15.55926808122564,218335811.0
2001-11-29,15.249628067016602,15.365744866663634,14.978696777469667,15.32704304964756,71390414.0
2001-11-30,15.28833293914795,15.714084850165484,15.249625969003098,15.404445596057228,114757880.0
2001-12-03,15.907608032226562,16.10112949218027,15.597968744184925,15.597968744184925,134827822039.0
2001-12-04,16.83652114868164,16.83652114868164,15.520559300851186,15.830198596447525,159138907.0
2001-12-05,17.997655868530273,17.997655868530273,17.41709051770748,17.41709051770748,219014165.0
2001-12-06,19.236207962036133,19.236207962036133,19.081388324060683,19.236207962036133,130933260.0
2001-12-07,19.932889938354492,20.126410337043644,19.236205773491164,19.313615583671808,217761294.0
2001-12-10,18.73305320739746,19.73937492957402,18.73305320739746,19.73937492957402,165788561.0
2001-12-11,19.042686462402344,19.042686462402344,17.920248155816303,18.462116916743494,146850980.0
2001-12-12,20.319944381713867,20.319944381713867,19.197505849009456,19.35232552617751,184158472.0
2001-12-13,19.12009048461914,20.706983463443354,18.965274978957552,20.319938509145214,159994326.0
2001-12-14,18.887863159179688,19.120088456419722,18.268590885316854,18.34600069331765,149716863.0
2001-12-17,18.113773345947266,18.771754726006325,18.113773345947266,18.578226057055137,81845460.0
2001-12-18,17.997655868530273,18.849157631430177,17.95895302495506,18.849157631430177,131383902.0
2001-12-19,18.113773345947266,18.733047754187243,17.997656557252835,18.191183162822615,109989351.0
2001-12-20,18.57822608947754,18.65563590648798,17.997656588662032,17.997656588662032,90024442.0
2001-12-21,17.649316787719727,18.268595404934487,17.417093496409237,17.997658946521348,123175474.0
2001-12-24,18.268592834472656,18.268592834472656,17.494500862016995,17.533201643384203,82435951.0
2001-12-25,18.6556339263916,18.849156384995954,18.075064487197345,18.26859107256408,91501713.0
2001-12-26,18.30729866027832,18.965278078867048,18.268595809227563,18.771757633468095,74909860.0
2001-12-27,18.462116241455078,19.081388612576045,18.229886780980536,18.57822684492936,140517583.0
2001-12-28,19.081390380859375,19.236210035522962,18.462117952350077,18.61693141686861,138206947.0
2001-12-31,19.739368438720703,19.9328909102267,19.352319368946052,19.352319368946052,165357009.0
2002-01-01,19.739368438720703,19.739368438720703,19.739368438720703,19.739368438720703,0.0
2002-01-02,19.31361961364746,19.739371595097086,18.9652774585308,19.739371595097086,93679600.0
2002-01-03,19.31361961364746,19.31361961364746,19.31361961364746,19.31361961364746,0.0
2002-01-04,20.126413345336914,20.126413345336914,19.545847935729945,19.739370426726115,199447422.0
2002-01-07,20.319944381713867,20.319944381713867,19.545852186019562,20.126417721871814,114951506.0
2002-01-08,19.545848846435547,19.93289384646159,19.35232221965926,19.93289384646159,89879912.0
2002-01-09,19.545848846435547,19.739371346448568,19.15879971964624,19.545848846435547,92884707.0
2002-01-10,18.92656898498535,19.3136180860365,18.77175553470938,19.081388625405808,101619020.0
2002-01-11,18.036365509033203,18.771756786695974,17.99765853296502,18.539527310576688,106611320.0
2002-01-14,17.649316787719727,17.804136442023417,17.4557942832218,17.4557942832218,72046255.0
2002-01-15,17.146156311035156,17.610614250509958,16.83652215537901,17.41709380595437,103562628.0
2002-01-16,16.64299774169922,17.41709181157257,16.64299774169922,17.146154347677637,104041501.0
2002-01-17,17.30097198486328,17.57190322726046,16.062425330482444,16.294654762598768,134438129.0
2002-01-18,17.533201217651367,17.997655977170815,17.533201217651367,17.997655977170815,120762357.0
2002-01-21,18.694337844848633,18.694337844848633,17.64931361942187,17.64931361942187,111788005.0
2002-01-22,18.38470458984375,18.965274056431774,17.997655527610014,18.771753652077486,96371353.0
2002-01-23,18.73305320739746,19.545852394432455,17.80413926124832,18.11377861888604,250901317.0
2002-01-24,18.30729866027832,18.92657110105284,18.1911859803626,18.81046048451885,108893123.0
2002-01-25,18.57822608947754,18.965275174529754,18.462115490724695,18.77175475876647,96256394.0
2002-01-28,18.616928100585938,18.96527432490886,18.53952447718731,18.578225257195964,87384716.0
2002-01-29,17.997655868530273,18.655635160028805,17.997655868530273,18.616928189690935,70161207.0
2002-01-30,17.41709327697754,17.765433368008864,17.41709327697754,17.494503103154123,98765386.0
2002-01-31,17.41709327697754,17.41709327697754,17.41709327697754,17.41709327697754,0.0
2002-02-01,18.152475357055664,18.500815390228738,17.80413326050128,18.500815390228738,114266801.0
2002-02-04,17.726726531982422,17.958956012352065,17.64931670519254,17.920249035575452,58619846.0
2002-02-05,17.84284019470215,17.84284019470215,17.417090349065216,17.417090349065216,47380112.0
2002-02-06,17.494497299194336,17.99765274888909,17.455788272184805,17.455788272184805,136914506.0
2002-02-07,17.494497299194336,17.494497299194336,17.494497299194336,17.494497299194336,0.0
2002-02-08,17.494497299194336,17.494497299194336,17.494497299194336,17.494497299194336,0.0
2002-02-11,17.494497299194336,17.494497299194336,17.494497299194336,17.494497299194336,0.0
2002-02-12,17.494497299194336,17.494497299194336,17.494497299194336,17.494497299194336,0.0
2002-02-13,17.494497299194336,17.494497299194336,17.494497299194336,17.494497299194336,0.0
2002-02-14,17.494497299194336,17.494497299194336,17.494497299194336,17.494497299194336,0.0
2002-02-15,17.494497299194336,17.494497299194336,17.494497299194336,17.494497299194336,0.0
2002-02-18,17.649316787719727,17.997658946521348,17.494503323561084,17.804136442023417,104711580.0
2002-02-19,17.030040740966797,17.804132657809326,17.030040740966797,17.804132657809326,96281993.0
2002-02-20,16.13983726501465,16.83652049458643,16.13983726501465,16.642998005738622,118350714.0
2002-02-21,16.255950927734375,16.526882222362477,16.178540070414822,16.526882222362477,80678684.0
2002-02-22,16.255950927734375,16.372067729559117,15.868905926353996,16.02372660930228,76326479.0
2002-02-25,16.178539276123047,16.44947158914044,16.178539276123047,16.410769773298618,65964396.0
2002-02-26,16.178539276123047,16.604291232796974,16.178539276123047,16.44947158914044,60391151.0
2002-02-27,17.30097198486328,17.30097198486328,16.565586004995946,16.642995815701386,130512411.0
2002-02-28,17.30097198486328,17.30097198486328,17.30097198486328,17.30097198486328,0.0
2002-03-01,18.191184997558594,18.500818106144905,17.494502765558334,17.571906400096278,278867050.0
2002-03-04,19.35232162475586,19.35232162475586,19.042686459606074,19.35232162475586,181523323.0
2002-03-05,19.932889938354492,20.31993692587648,19.545845014213736,20.31993692587648,296170397.0
2002-03-06,20.51346206665039,20.51346206665039,19.54584756656354,19.73937005390461,249447817.0
2002-03-07,19.932889938354492,20.51345938794686,19.739367476284116,20.31993692587648,151745816.0
2002-03-08,19.932889938354492,20.31993692587648,19.545845014213736,20.126410337043644,120902558.0
2002-03-11,21.094032287597656,21.287554762389796,20.126411660111508,20.126411660111508,229642022.0
2002-03-12,20.126413345336914,20.900507436084666,19.932892917722285,20.900507436084666,91514756.0
2002-03-13,19.932889938354492,20.51345938794686,19.739367476284116,20.126410337043644,66709533.0
2002-03-14,20.126413345336914,20.126413345336914,19.545847935729945,19.739370426726115,79113619.0
2002-03-15,19.081390380859375,19.739371849797937,18.96527770324337,19.352322713138967,199785871.0
2002-03-18,19.545848846435547,19.545848846435547,18.77175678300183,19.15879971964624,84558044.0
2002-03-19,19.31361961364746,19.932894097547827,19.15879996098154,19.545849092646343,89244714.0
2002-03-20,20.126413345336914,20.126413345336914,19.352321317970702,19.545847935729945,122232293.0
2002-03-21,19.932889938354492,20.126410337043644,19.545845014213736,19.545845014213736,66130235.0
2002-03-22,20.126413345336914,20.513462454092327,20.126413345336914,20.319939963096157,121547127.0
2002-03-25,20.126413345336914,20.513462454092327,19.932892917722285,20.126413345336914,68949384.0
2002-03-26,20.319944381713867,20.319944381713867,19.93289725217572,19.93289725217572,60106842.0
2002-03-27,19.739368438720703,20.513460388126013,19.739368438720703,20.513460388126013,90082374.0
2002-03-28,20.51346206665039,20.51346206665039,19.932892541245682,19.932892541245682,118014981.0
2002-03-29,20.319944381713867,20.900511980948107,20.319944381713867,20.900511980948107,95617523.0
2002-04-01,20.51346206665039,20.70698455399146,20.31993957930932,20.31993957930932,37018221.0
2002-04-02,21.094032287597656,21.287554762389796,20.706983211250652,20.706983211250652,113394121.0
2002-04-03,20.900503158569336,21.287552188110954,20.706980707179643,20.900503158569336,102961865.0
2002-04-04,20.51346206665039,20.90050704133253,20.31993957930932,20.70698455399146,78989487.0
2002-04-05,20.51346206665039,20.51346206665039,20.51346206665039,20.51346206665039,0.0
2002-04-08,20.51346206665039,20.70698455399146,20.31993957930932,20.31993957930932,39083909.0
2002-04-09,20.126413345336914,20.513462454092327,19.932892917722285,20.513462454092327,53896876.0
2002-04-10,19.545848846435547,20.126414283092977,19.545848846435547,19.93289384646159,86772451.0
2002-04-11,19.739368438720703,20.126411318351366,19.739368438720703,19.739368438720703,53779216.0
2002-04-12,20.70698356628418,20.70698356628418,19.7393691123518,19.932891590461995,72713644.0
2002-04-15,20.51346206665039,20.90050704133253,20.51346206665039,20.70698455399146,49896617.0
2002-04-16,21.094032287597656,21.287554762389796,20.706983211250652,20.706983211250652,116169962.0
2002-04-17,22.061641693115234,22.448686554422228,21.86811926246174,21.86811926246174,254782894.0
2002-04-18,22.061641693115234,22.255164123768733,21.86811926246174,22.255164123768733,100707672.0
2002-04-19,21.86812400817871,22.061646480829538,21.674597408765198,21.674597408765198,59116179.0
2002-04-22,22.061641693115234,22.061641693115238,21.674592705046457,21.674592705046457,55663952.0
2002-04-23,21.67460060119629,21.86812722911415,21.481078100041717,21.86812722911415,71215782.0
2002-04-24,21.86812400817871,22.061646480829538,21.674597408765198,21.674597408765198,58077856.0
2002-04-25,21.287555694580078,21.674598597731748,21.094033211313516,21.674598597731748,87089300.0
2002-04-26,21.094032287597656,21.287554762389796,20.706983211250652,21.094032287597656,55613334.0
2002-04-29,20.51346206665039,20.70698455399146,20.31993957930932,20.70698455399146,68462889.0
2002-04-30,20.51346206665039,20.51346206665039,20.126412965205255,20.51346206665039,58101728.0
2002-05-01,20.51346206665039,20.51346206665039,20.51346206665039,20.51346206665039,0.0
2002-05-02,19.932889938354492,20.70698185001724,19.932889938354496,20.51345938794686,78304151.0
2002-05-03,20.319944381713867,20.319944381713867,19.545852186019562,19.545852186019562,64559845.0
2002-05-06,18.965274810791016,19.739368839286126,18.92656783964675,19.739368839286126,95908797.0
2002-05-07,18.92656898498535,19.15879844561604,18.191183946514155,18.191183946514155,97612164.0
2002-05-08,19.236207962036133,19.545847237987036,18.965275658960557,19.003978505072958,73386641.0
2002-05-09,19.27490997314453,20.126411754977404,19.081387497440222,20.126411754977404,108113774.0
2002-05-10,19.27490997314453,19.352319788778804,18.849158050537405,19.158797313074494,88587132.0
2002-05-13,18.849159240722656,19.081388702289047,18.849159240722656,18.926569061244788,48328706.0
2002-05-14,19.042686462402344,19.274911804608,18.849159841546776,19.081389310515572,50148956.0
2002-05-15,19.739368438720703,19.9328909102267,19.352319368946052,19.545845967214706,96705731.0
2002-05-16,19.158798217773438,19.545847314221675,19.158798217773438,19.545847314221675,37070237.0
2002-05-17,18.849159240722656,19.31361816385544,18.733048636702467,19.15879852281118,85378226.0
2002-05-20,18.6556339263916,18.849156384995954,18.38470372237422,18.849156384995954,55293219.0
2002-05-21,17.92024803161621,18.578227395704392,17.92024803161621,18.578227395704392,61351486.0
2002-05-22,18.30729866027832,18.384708489143282,17.804136836037788,17.920249515953504,101399967.0
2002-05-23,17.80413246154785,18.268591320619706,17.80413246154785,18.11377170092909,87775031.0
2002-05-24,18.268592834472656,18.34600265073264,17.804133936912756,17.804133936912756,71487875.0
2002-05-27,18.07506561279297,18.11377258298168,17.881543142137314,17.920245985563387,48150324.0
2002-05-28,18.07506561279297,18.462114680866918,17.920245985563387,18.07506561279297,78934685.0
2002-05-29,17.80413246154785,18.03636189108378,17.649312841857235,17.997654922779905,64600345.0
2002-05-30,17.997655868530273,18.152475496356434,17.688020739640606,17.88154321104198,130801754.0
2002-05-31,17.533201217651367,17.80413350460127,17.417090622843514,17.80413350460127,75970092.0
2002-06-03,17.339679718017578,17.417089527529843,17.14615209916511,17.417089527529843,55328711.0
2002-06-04,16.759109497070312,16.991338943441125,16.642996837266278,16.83651931252725,107155129.0
2002-06-05,16.913930892944336,17.146155205094214,16.875222886104652,16.875222886104652,73883236.0
2002-06-06,16.913930892944336,17.184862180243105,16.83652106940972,17.03004356486467,76356107.0
2002-06-07,15.83019733428955,16.526880535380055,15.791495520498135,16.41076890386152,124956692.0
2002-06-10,16.294658660888672,16.333361512119314,15.98501934398964,16.062429173214397,77188754.0
2002-06-11,16.255950927734375,16.488179372929753,15.868905926353996,16.449472396733746,71074296.0
2002-06-12,16.10112953186035,16.33336003015467,16.10112953186035,16.17853935406153,54296679.0
2002-06-13,16.83652114868164,17.03004364504776,16.294657539842035,16.294657539842035,134838785.0
2002-06-14,16.759109497070312,16.79781749987084,16.5268800506995,16.642996837266278,43548474.0
2002-06-17,16.449472427368164,17.030044057283234,16.449472427368164,16.87522337404662,68731760.0
2002-06-18,16.759109497070312,16.91392912798419,16.681699681613377,16.83651931252725,47314663.0
2002-06-19,16.255950927734375,16.875223342619314,16.255950927734375,16.759111699248674,67594281.0
2002-06-20,16.023727416992188,16.062429236684892,15.481858610277692,15.907609577623607,79904003.0
2002-06-21,15.907608032226562,16.25595016789186,15.520558922174516,15.559266928252036,85179869.0
2002-06-24,15.714085578918457,15.86890418146176,15.481856127567443,15.752787392404839,60181263.0
2002-06-25,15.907608032226562,16.2172473202682,15.714086572272855,15.868905184602902,62890326.0
2002-06-26,15.249628067016602,15.791496836255279,15.0948135771167,15.675379004917446,96156854.0
2002-06-27,15.249628067016602,15.481857539547462,15.172218242839648,15.404447715370509,62307112.0
2002-06-28,15.52055835723877,15.71408600029286,15.481856542714596,15.481856542714596,49207432.0
2002-07-01,15.133514404296875,15.481856526927595,14.97869579775997,15.481856526927595,39649802.0
2002-07-02,14.978696823120117,15.172218289079893,14.90128596701644,14.90128596701644,38525796.0
2002-07-03,14.785172462463379,14.862582277122229,13.933669659669413,14.514240174538756,76470149.0
2002-07-04,14.939992904663086,15.24962702169224,14.823875081284843,14.862583085792384,78777139.0
2002-07-05,15.985015869140625,15.985015869140627,14.978694498119774,15.210922903620988,104838483.0
2002-07-08,16.488178253173828,17.03004286901221,16.333359644121327,16.52688109997814,156550149.0
2002-07-09,16.83652114868164,16.83652114868164,16.139837892043865,16.37206736374112,66120444660.0
2002-07-10,16.178539276123047,16.56558838526438,16.139837460281225,16.56558838526438,60212422.0
2002-07-11,15.481858253479004,16.06242886650623,15.288335747494111,15.597969900026413,86565068551.0
2002-07-12,16.13983726501465,16.449471390127783,15.86890495527511,15.946315807857596,99120490.0
2002-07-15,15.868904113769531,16.139836409141914,15.714085511886639,16.139836409141914,49388727.0
2002-07-16,15.868904113769531,16.449470517835586,15.86890411376953,16.2559490709407,69980644.0
2002-07-17,15.791497230529785,16.023726708858838,15.481857926091044,15.868906024948643,54661888.0
2002-07-18,15.404446601867676,15.791495694774792,15.365743755958416,15.791495694774792,69734834.0
2002-07-19,14.862582206726074,15.017401835310473,14.514240105792513,14.939992021018272,119613197.0
2002-07-22,14.165898323059082,14.475532406179266,14.088488512665764,14.320717943845716,96924086.0
2002-07-23,14.669059753417969,14.669059753417969,13.972377614027865,13.972377614027865,115409531.0
2002-07-24,14.049786567687988,14.243307996741969,13.894966948387346,14.165898187091647,110340802.0
2002-07-25,13.93366813659668,14.55294142772207,13.933668136596678,14.436829813497841,114157575.0
2002-07-26,12.966056823730469,12.966056823730469,12.966056823730469,12.966056823730469,55518497.0
2002-07-29,12.308074951171875,12.966055283412636,12.075844474547269,12.075844474547269,192260428.0
2002-07-30,12.888646125793457,12.927348971875048,12.579012008542696,12.73382648794125,109564890.0
2002-07-31,12.501603126525879,12.849944242726927,12.501603126525879,12.849944242726927,64466752.0
2002-08-01,12.385486602783203,12.811237553224284,12.346783752936359,12.811237553224284,92915159.0
2002-08-02,12.191962242126465,12.191962242126465,11.80491316882262,12.07584442506329,107883939.0
2002-08-05,13.46215534210205,13.871645791534874,13.35978169805307,13.666897471746134,119498334.0
2002-08-06,13.76927375793457,13.922834757813863,13.05266022915842,13.05266022915842,128631734.0
2002-08-07,14.690635681152344,14.690635681152342,14.281139136057083,14.332326462116626,131676680.0
2002-08-08,14.332331657409668,14.741828350942416,14.332331657409668,14.690641006328095,77185619.0
2002-08-09,14.84420108795166,14.946575770831776,14.639452753882276,14.741827436762392,70094697.0
2002-08-12,14.84420108795166,15.048949422021044,14.690640095322333,14.946575770831776,54238994.0
2002-08-13,15.048948287963867,15.048948287963867,14.690638988266594,14.844199969323887,40567122.0
2002-08-14,15.202509880065918,15.20250988006592,14.7418269183775,14.7418269183775,54380937.0
2002-08-15,15.560813903808594,15.970310554076605,15.509626564602392,15.560813903808594,105541575.0
2002-08-16,15.560813903808594,15.816749568148802,15.458440257086993,15.816749568148802,46775093.0
2002-08-19,15.867937088012695,15.970310735899828,15.612001420758642,15.867937088012695,50159900.0
2002-08-20,16.17505645751953,16.379804751999107,15.970308163039954,16.12387015766762,71706842.0
2002-08-21,15.66318416595459,15.867932433359407,15.611996841180757,15.867932433359407,44293900.0
2002-08-22,15.867937088012695,16.072685415477775,15.765562408434748,15.765562408434748,61868155.0
2002-08-23,15.867937088012695,15.867937088012695,15.867937088012695,15.867937088012695,0.0
2002-08-26,15.509627342224121,15.765563019396431,15.458441032142343,15.765563019396431,48229493.0
2002-08-27,14.997761726379395,15.50962580826271,14.946574389669385,15.50962580826271,56822049.0
2002-08-28,14.332331657409668,14.690641006328095,14.332331657409668,14.639453661713773,84710293.0
2002-08-29,14.332331657409668,14.332331657409668,13.974021276800329,14.229956968181025,80241205.0
2002-08-30,14.383517265319824,14.588266633741249,14.178769960280126,14.33233095490533,42644723.0
2002-09-02,14.07639217376709,14.383514095330764,13.974017512118774,14.33232779619724,38335200.0
2002-09-03,13.974018096923828,14.229953730064747,13.922831795648188,14.076392762856468,49752711.0
2002-09-04,13.76927375793457,14.025208413836426,13.5133432287963,13.615711726364378,58939353.0
2002-09-05,13.718086242675781,14.076395581814165,13.718086242675781,14.076395581814165,42617884.0
2002-09-06,13.718086242675781,13.718086242675781,13.718086242675781,13.718086242675781,0.0
2002-09-09,13.820457458496094,13.9740184293575,13.66689648763469,13.718083821818725,55680630.0
2002-09-10,14.281139373779297,14.281139373779297,13.769269199734959,14.025203770911851,59141610.0
2002-09-11,14.332331657409668,14.537080004176042,14.332331657409668,14.332331657409668,49483527.0
2002-09-12,14.127582550048828,14.383517195959717,13.974020524473268,14.332330885792054,27886626.0
2002-09-13,13.76927375793457,13.922834757813863,13.769273757934569,13.871647413957133,35612173.0
2002-09-16,13.257408142089844,13.666898626109957,13.10384611550971,13.564523941723202,55810314.0
2002-09-17,13.8716459274292,13.871645927429197,13.257407152190213,13.308594490561552,68143909.0
2002-09-18,12.950284004211426,13.41096691246447,12.950284004211426,13.41096691246447,90399157.0
2002-09-19,12.796721458435059,13.052657084364911,12.796721458435057,12.950283453007359,100011829.0
2002-09-20,12.284852027893066,12.489601384345033,12.080104734822703,12.489601384345033,87177182.0
2002-09-23,12.1312894821167,12.489599778136826,12.1312894821167,12.284850448016371,48176992.0
2002-09-24,12.336037635803223,12.489599631591764,12.028915707607453,12.028915707607453,83638343.0
2002-09-25,12.182475090026855,12.438410684755066,11.875358360158033,12.387223359471319,58201932137.0
2002-09-26,12.489602088928223,12.796724077550422,12.43841474692757,12.796724077550422,83879208.0
2002-09-27,12.182475090026855,12.591971628915784,12.182475090026855,12.540784303632037,57140869.0
2002-09-30,12.1312894821167,12.1312894821167,11.772986407931255,11.926541183686915,48011368.0
2002-10-01,11.670612335205078,12.131290097832139,11.619425000076985,11.824174340589353,70129117.0
2002-10-02,11.670612335205078,12.028916459266675,11.670612335205076,12.028916459266675,61885773.0
2002-10-03,10.90280818939209,11.465865871329243,10.90280818939209,11.363492216291073,73000404.0
2002-10-04,10.90280818939209,11.158742842832957,10.595685160895805,10.595685160895805,91590900.0
2002-10-07,10.237381935119629,10.6980597684645,10.237381935119629,10.6980597684645,81921851.0
2002-10-08,10.5444974899292,10.595683795004406,10.08381971256159,10.08381971256159,75575074.0
2002-10-09,10.595684051513672,11.10755536818358,10.493310407194159,10.544497745199305,92174400.0
2002-10-10,10.595684051513672,10.595684051513672,10.595684051513672,10.595684051513672,0.0
2002-10-11,10.39094352722168,11.056369738911455,10.39094352722168,11.005182392995437,99459663.0
2002-10-14,10.90280818939209,10.953995532756618,10.544498849222164,10.749246159298503,86323409.0
2002-10-15,11.619423866271973,11.619423866271973,11.158739958453394,11.26111461872002,85057119.0
2002-10-16,12.387227058410645,12.387227058410645,12.028917737811021,12.387227058410645,186856542098.0
2002-10-17,12.336037635803223,12.540785931830621,12.080103039536967,12.182476671705338,98771744.0
2002-10-18,13.155030250549316,13.155030250549316,12.643160048480427,12.796721005932033,178736320.0
2002-10-21,12.950284004211426,13.052657639926316,12.796722003103053,13.052657639926316,80853946.0
2002-10-22,12.489602088928223,13.206220750173928,12.284852720925612,13.103846066172622,103302331.0
2002-10-23,13.257408142089844,13.30859548428322,12.13129177228985,12.284852767179121,134282497.0
2002-10-24,13.103845596313477,13.410968605614151,13.001471947673798,13.257407616809225,118286146.0
2002-10-25,13.155030250549316,13.359779569405607,12.899095665360178,13.00146929309771,76954023.0
2002-10-28,13.206219673156738,13.615710122239589,13.206219673156738,13.410967992770491,84681979.0
2002-10-29,13.001470565795898,13.20621887300414,12.899096928037135,13.103844203554663,57295615.0
2002-10-30,12.540787696838379,12.950285378217101,12.284852032860728,12.84791069994972,81602144.0
2002-10-31,12.899096488952637,13.052657456208934,12.643160855731692,12.796721822987987,65851918.0
2002-11-01,12.4384126663208,12.950283937323526,12.387225332882391,12.899096603885116,62370287.0
2002-11-04,12.899096488952637,13.10384375750058,12.643160855731692,12.796721822987987,104394818.0
2002-11-05,13.001470565795898,13.308593542453618,12.950284262761873,13.20621887300414,105797172.0
2002-11-06,13.8716459274292,13.871645927429197,12.899097846972413,13.001471492024304,171980768.0
2002-11-07,14.383517265319824,14.588266633741249,13.974020591858704,13.974020591858704,258527255.0
2002-11-08,14.588263511657715,14.588263511657715,14.025204932382595,14.127579594683759,144868663.0
2002-11-11,13.61570930480957,14.2811415615272,13.61570930480957,14.076393254205676,105166611.0
2002-11-12,13.257408142089844,13.359782826476598,13.052659805007195,13.206220799896466,95873332.0
2002-11-13,13.206219673156738,13.25740701098287,12.796723033929233,13.103844997504474,78831367.0
2002-11-14,13.052656173706055,13.462152733947768,13.052656173706053,13.103842469968336,73222724.0
2002-11-15,13.564520835876465,13.718082827295754,13.462153396764664,13.564520835876465,100497294.0
2002-11-18,13.359781265258789,13.666897029002742,13.155031920412192,13.513341210512252,54227994.0
2002-11-19,13.308591842651367,13.564520230061627,13.308591842651367,13.35977917083835,40262554.0
2002-11-20,13.001470565795898,13.308593542453618,12.950284262761873,13.20621887300414,45484782.0
2002-11-21,13.001470565795898,13.410967180212383,12.950284262761873,13.308593542453618,64496055.0
2002-11-22,13.8716459274292,13.871645927429197,13.462155473984781,13.66689760563463,159131533.0
2002-11-25,13.922831535339355,13.97401783565799,13.513340101099619,13.922831535339355,130051046.0
2002-11-26,13.51333999633789,13.820456764178129,13.51333999633789,13.820456764178129,87543662.0
2002-11-27,13.206219673156738,13.308594348809002,13.052658691369118,13.25740701098287,65771275.0
2002-11-28,13.155030250549316,13.564520634737,13.155030250549316,13.5133394951666,109434390.0
2002-11-29,13.155030250549316,13.359779569405607,13.103842920835243,13.206217580263388,50168745.0
2002-12-02,13.155030250549316,13.155030250549316,13.155030250549316,13.155030250549316,0.0
2002-12-03,13.922831535339355,14.025205167667282,13.513340101099619,13.615708574974256,123133260.0
2002-12-04,13.51333999633789,13.769270464256314,13.51333999633789,13.718083132643848,61229729.0
2002-12-05,13.564520835876465,13.564520835876465,13.308592437036003,13.308592437036003,46909181.0
2002-12-06,13.51333999633789,13.564521137806453,13.308592733269332,13.359780064881797,38887400.0
2002-12-09,13.51333999633789,13.820456764178129,13.410966364803611,13.769270464256314,62641129.0
2002-12-10,13.001470565795898,13.052657900520638,12.796722258587657,13.052657900520638,89452881.0
2002-12-11,12.847909927368164,13.052658239900024,12.847909927368164,13.001470903844375,60877523.0
2002-12-12,12.489602088928223,13.001472413862174,12.336040062926264,12.847911419551076,77075721.0
2002-12-13,12.182475090026855,12.438410684755066,12.182475090026855,12.336036034187574,72978028.0
2002-12-16,11.772988319396973,11.824175660237877,11.517052646883284,11.77298831939697,109141925.0
2002-12-17,11.772988319396973,12.080105142606547,11.77298831939697,11.977735619378919,70454580.0
2002-12-18,11.5682373046875,11.926541417590688,11.517051002844187,11.824173972357507,68868313.0
2002-12-19,11.261116981506348,11.517052654182235,11.261116981506348,11.261116981506348,77015325.0
2002-12-20,11.619423866271973,11.772985856671914,11.005178999744073,11.312301948853333,108459522.0
2002-12-23,11.261116981506348,11.670613645111432,11.209929640633003,11.619426304238088,38874732.0
2002-12-24,11.261116981506348,11.46586531330889,11.261116981506348,11.261116981506348,38304087.0
2002-12-25,11.36349105834961,11.51705204110442,11.312303720201077,11.36349105834961,34521798.0
2002-12-26,11.772988319396973,11.77298831939697,11.363491656051407,11.568238956033353,37974076.0
2002-12-27,11.36349105834961,11.670613023859232,11.36349105834961,11.670613023859232,34106481.0
2002-12-30,10.800432205200195,11.261116176756918,10.749244867984835,11.261116176756918,56017517.0
2002-12-31,10.800432205200195,10.902806879630917,10.595683888029516,10.800432205200195,44491997.0
2003-01-01,10.800432205200195,10.800432205200195,10.800432205200195,10.800432205200195,0.0
2003-01-02,10.800432205200195,11.005180522370877,10.698058562460236,10.800432205200195,39218118.0
2003-01-03,11.517054557800293,11.517054557800293,11.10755782651077,11.26111884282159,72978817.0
2003-01-06,11.5682373046875,11.875360274200819,11.363490033932871,11.517051002844187,99968380.0
2003-01-07,11.772988319396973,12.233666133438424,11.77298831939697,11.875361969387944,95147461.0
2003-01-08,11.926541328430176,12.131289629344835,11.67061188450827,11.772986550810941,74973228.0
2003-01-09,11.72179889678955,11.926541001955554,11.56823690153912,11.772986228539695,56570207.0
2003-01-10,11.670612335205078,12.028916459266675,11.619425000076985,11.977734282592188,72958247.0
2003-01-13,12.182475090026855,12.336036034187574,11.772984741281062,11.772984741281062,136500613.0
2003-01-14,12.080102920532227,12.284850182851942,12.028915589106974,12.182476551692083,88581520.0
2003-01-15,11.772988319396973,12.18247879259752,11.670613637715162,12.080105142606547,114982843.0
2003-01-16,11.414678573608398,11.772987882826083,11.363491234665643,11.721800543883328,94961286.0
2003-01-17,11.36349105834961,11.6194256857107,11.261116382052547,11.36349105834961,81288178.0
2003-01-20,10.90280818939209,11.261117529562014,10.851620846027561,11.261117529562014,99398977.0
2003-01-21,11.056367874145508,11.31230352886857,10.902806893987975,10.902806893987975,72958726.0
2003-01-22,10.953991889953613,11.158739131940267,10.800429910927805,11.05636551094694,66470665.0
2003-01-23,11.261116981506348,11.517052654182235,11.00518130883046,11.056368649703806,122461277.0
2003-01-24,11.056367874145508,11.465864509026103,11.056367874145508,11.414678203434102,68500818196.0
2003-01-27,10.851618766784668,11.005179735764056,10.749244099671284,10.90280610034136,77750878.0
2003-01-28,11.005181312561035,11.107555994342428,10.851620321579784,10.851620321579784,65255998.0
2003-01-29,11.005181312561035,11.005181312561035,11.005181312561035,11.005181312561035,0.0
2003-01-30,11.005181312561035,11.005181312561035,11.005181312561035,11.005181312561035,0.0
2003-01-31,11.005181312561035,11.005181312561035,11.005181312561035,11.005181312561035,0.0
2003-02-03,11.005181312561035,11.005181312561035,11.005181312561035,11.005181312561035,0.0
2003-02-04,11.005181312561035,11.005181312561035,11.005181312561035,11.005181312561035,0.0
2003-02-05,11.005181312561035,11.005181312561035,11.005181312561035,11.005181312561035,0.0
2003-02-06,10.237381935119629,10.595685082492965,10.237381935119629,10.49331142821231,126231766.0
2003-02-07,10.083818435668945,10.13500473426254,9.623134526492242,9.827882815938485,146769883.0
2003-02-10,9.879072189331055,10.032633180251302,9.776697507590333,9.98144583938094,79579679.0
2003-02-11,9.930256843566895,10.135005141234828,9.930256843566895,10.083818840585844,78345637.0
2003-02-12,9.930256843566895,10.083818840585844,9.879070542917908,9.930256843566895,58303059.0
2003-02-13,9.930256843566895,10.237379805914129,9.930256843566895,9.930256843566895,75557272.0
2003-02-14,9.981443405151367,10.186191687008883,9.981443405151365,10.083818061925417,44976802.0
2003-02-17,10.646870613098145,10.646870613098145,10.339753829299141,10.493309641971884,83426200.0
2003-02-18,10.39094352722168,10.646873034965195,10.39094352722168,10.646873034965195,61622258.0
2003-02-19,10.237381935119629,10.646872425478733,10.237381935119629,10.544498771198077,79055518.0
2003-02-20,10.339753150939941,10.493308953538362,10.18619218988834,10.18619218988834,47618114.0
2003-02-21,10.39094352722168,10.646873034965195,10.339756181305663,10.544499374824099,72684838.0
2003-02-24,10.5444974899292,10.5444974899292,10.390941669775843,10.5444974899292,38588305.0
2003-02-25,10.135005950927734,10.442122747666762,10.135005950927734,10.442122747666762,67347518.0
2003-02-26,10.083818435668945,10.288566725115189,10.083818435668945,10.186192064546756,40861807.0
2003-02-27,10.083818435668945,10.237379394830972,9.879070146222702,9.981443775100512,41956627.0
2003-02-28,10.083818435668945,10.083818435668945,10.083818435668945,10.083818435668945,0.0
2003-03-03,10.288568496704102,10.390942143209632,10.135006479409602,10.237381157605935,53571856.0
2003-03-04,10.032630920410156,10.186191876740935,10.032630920410156,10.186191876740935,30098200.0
2003-03-05,9.930256843566895,10.18619247357448,9.879070542917908,10.032631508246194,54957893.0
2003-03-06,9.930256843566895,10.032631508246194,9.879070542917908,9.981444175906544,37227076.0
2003-03-07,9.82788372039795,10.08381936368215,9.776696385402966,9.776696385402966,40420657.0
2003-03-10,9.82788372039795,10.032632028687166,9.82788372039795,9.879071055392933,31524813.0
2003-03-11,9.879072189331055,10.032633180251302,9.827884848460695,9.930258498510579,46516902.0
2003-03-12,9.981443405151367,10.032630733538392,9.879069780067901,9.879069780067901,45605326.0
2003-03-13,10.135005950927734,10.237380623785821,9.879071332164015,9.981444973331353,67759467.0
2003-03-14,10.39094352722168,10.698060380881213,10.339756181305663,10.698060380881213,108092909.0
2003-03-17,10.237381935119629,10.339755589400283,10.18619459213386,10.339755589400283,68475048.0
2003-03-18,10.851618766784668,10.953993433898052,10.595683130691896,10.69805779780528,170504945.0
2003-03-19,11.056367874145508,11.107555211428272,10.749244882139678,10.85161955670521,136504747.0
2003-03-20,11.209927558898926,11.465863184046414,11.005179265119065,11.056366596486692,195460569.0
2003-03-21,11.056367874145508,11.261116191585804,10.953994231270741,11.158741517020275,69251905.0
2003-03-24,11.107556343078613,11.209929996383321,11.005181658083034,11.209929996383321,63679387.0
2003-03-25,10.69805908203125,10.902807409145911,10.69805908203125,10.749245390041805,77707870.0
2003-03-26,10.69805908203125,10.902807409145911,10.69805908203125,10.800432729743173,60007693.0
2003-03-27,10.493309020996094,10.646869983034884,10.390940548653662,10.59568265179174,80315936.0
2003-03-28,10.339753150939941,10.595682583675885,10.288566851716498,10.493308953538362,57922271.0
2003-03-31,9.879072189331055,10.237381512041908,9.827884848460695,10.237381512041908,100801902.0
2003-04-01,9.930256843566895,9.981444175906544,9.776695878238609,9.776695878238609,56171895.0
2003-04-02,9.981443405151367,10.135004358621858,9.879069780067901,9.93025607676434,67849611.0
2003-04-03,10.135005950927734,10.390941601382202,10.135005950927734,10.288567960214865,69443950.0
2003-04-04,10.39094352722168,10.39094352722168,10.032634169191438,10.135007829332533,44783497.0
2003-04-07,10.595684051513672,10.646871389518818,10.288568277009025,10.390941921328539,63605285.0
2003-04-08,10.595684051513672,10.80043237184348,10.493310407194159,10.595684051513672,66299774.0
2003-04-09,10.39094352722168,10.493312028908083,10.288569867080584,10.493312028908083,51130457.0
2003-04-10,10.39094352722168,10.595685689049178,10.39094352722168,10.39094352722168,61306684.0
2003-04-11,10.493309020996094,10.493309020996094,10.390940548653662,10.390940548653662,29802211.0
2003-04-14,10.135005950927734,10.544497420524847,10.135005950927734,10.493310084095805,58350959.0
2003-04-15,10.39094352722168,10.442124682992066,10.237382521164568,10.288569867080584,37216568.0
2003-04-16,10.749244689941406,10.85161936267646,10.544497407852788,10.544497407852788,123738158.0
2003-04-17,10.5444974899292,10.800432110377493,10.5444974899292,10.800432110377493,67233321.0
2003-04-18,10.953991889953613,11.005178184605004,10.74924258458587,10.74924258458587,104047780.0
2003-04-21,11.107556343078613,11.107556343078613,10.800433319782744,10.902808004778324,57599426.0
2003-04-22,10.800432205200195,11.005180522370877,10.749244867984835,11.005180522370877,48933497.0
2003-04-23,10.90280818939209,11.00518184443026,10.851620846027561,11.00518184443026,71322265.0
2003-04-24,10.5444974899292,10.851619447143454,10.390941669775843,10.851619447143454,87750190.0
2003-04-25,10.186192512512207,10.493309285889437,10.186192512512207,10.288567177582845,81334760.0
2003-04-28,9.879072189331055,9.98144583938094,9.674323857540449,9.930258498510579,76146796.0
2003-04-29,10.135005950927734,10.186193287356778,9.981444973331353,9.981444973331353,82857913.0
2003-04-30,10.237381935119629,10.800433422745156,10.237381935119629,10.800433422745156,197914638.0
2003-05-01,10.237381935119629,10.237381935119629,10.237381935119629,10.237381935119629,0.0
2003-05-02,10.39094352722168,10.442124682992066,10.135007829332533,10.237382521164568,80283256.0
2003-05-05,10.39094352722168,10.544499374824099,10.288569867080584,10.442124682992066,62718419.0
2003-05-06,10.39094352722168,10.544499374824099,10.288569867080584,10.39094352722168,56272605.0
2003-05-07,10.39094352722168,10.493312028908083,10.288569867080584,10.493312028908083,64868362.0
2003-05-08,10.186192512512207,10.390940810962812,10.186192512512207,10.390940810962812,43811890.0
2003-05-09,10.288568496704102,10.339754804111466,10.135006479409602,10.135006479409602,29675257.0
2003-05-12,10.339753150939941,10.54449628445244,10.339753150939941,10.39094048185402,45272516.0
2003-05-13,10.5444974899292,10.646871131770366,10.49331015316324,10.49331015316324,75626599.0
2003-05-14,10.595684051513672,10.646871389518818,10.493310407194159,10.544497745199305,38443086.0
2003-05-15,10.69805908203125,10.749245390041805,10.493310754916587,10.544498094617957,55726470.0
2003-05-16,10.595684051513672,10.80043237184348,10.544497745199305,10.749245033838333,62501485.0
2003-05-19,10.39094352722168,10.493312028908083,10.339756181305663,10.493312028908083,47467468.0
2003-05-20,10.288568496704102,10.339754804111466,10.237381157605935,10.237381157605935,46051099.0
2003-05-21,10.083818435668945,10.339753023708782,10.083818435668945,10.288566725115189,66787671.0
2003-05-22,10.135005950927734,10.186193287356778,9.981444973331353,10.08381964618944,53746995.0
2003-05-23,10.288568496704102,10.390942143209632,10.237381157605935,10.237381157605935,65009815.0
2003-05-26,10.493309020996094,10.493309020996094,10.390940548653662,10.44212168975295,53099696.0
2003-05-27,10.442123413085938,10.5444980924678,10.390942263539886,10.49331075277687,50839582.0
2003-05-28,10.493309020996094,10.74924361383053,10.493309020996094,10.698057314278028,87223035.0
2003-05-29,10.69805908203125,10.69805908203125,10.595684402628512,10.595684402628512,114576771.0
2003-05-30,11.15874195098877,11.41467864735609,10.64687165332654,10.698058992600005,294633426236.0
2003-06-02,11.926541328430176,11.926541328430176,11.41467728213296,11.465863583593613,294548982380.0
2003-06-03,12.1312894821167,12.233664147176928,11.875360041300814,11.926541183686915,283523704.0
2003-06-04,12.1312894821167,12.1312894821167,12.1312894821167,12.1312894821167,0.0
2003-06-05,12.182475090026855,12.591971628915784,12.080101471149884,12.336036034187574,211973800.0
2003-06-06,12.182475090026855,12.182475090026855,11.875358360158033,12.131287764743108,110383754.0
2003-06-09,12.233665466308594,12.489601124865523,12.028917145801207,12.13129079020951,164573606.0
2003-06-10,12.1312894821167,12.182476814646813,11.926541183686915,12.1312894821167,110957710.0
2003-06-11,11.5682373046875,12.131289720036003,11.5682373046875,12.080103418192692,169185643.0
2003-06-12,11.97773551940918,12.233666031332614,11.517052550758544,11.619426199895075,175570316.0
2003-06-13,11.875361442565918,11.97773508801533,11.721800458546406,11.875361442565918,66916590.0
2003-06-16,11.772988319396973,11.926543120083831,11.670613637715162,11.670613637715162,70086075.0
2003-06-17,12.182475090026855,12.182475090026855,11.977731979035005,12.028914145866137,175890754.0
2003-06-18,12.182475090026855,12.643158954199532,12.182475090026855,12.336036034187574,230593790.0
2003-06-19,12.64316177368164,12.643161773681639,12.233665143473115,12.284851448481115,196442913.0
2003-06-20,12.284852027893066,12.591975030880215,12.284852027893066,12.489601384345033,125454481.0
2003-06-23,11.97773551940918,12.387227020882827,11.97773551940918,12.336039680469147,76791503741.0
2003-06-24,11.72179889678955,11.824173560289838,11.56823690153912,11.72179889678955,137834760.0
2003-06-25,11.772988319396973,11.875361969387944,11.517052646883284,11.670613637715162,115201031.0
2003-06-26,11.72179889678955,11.824173560289838,11.670611565039406,11.772986228539695,75973646.0
2003-06-27,11.5682373046875,11.875360274200819,11.517051002844187,11.772986638823506,120369853.0
2003-06-30,11.414678573608398,11.517052219803109,11.31230389572289,11.465864880860355,57451256456.0
2003-07-01,11.824173927307129,11.82417392730713,11.414677323976688,11.414677323976688,112125115383.0
2003-07-02,11.97773551940918,12.131291350505254,11.824175561549795,11.926543020541363,139645371.0
2003-07-03,12.336037635803223,12.796721559787533,12.336037635803223,12.489599631591764,375527321.0
2003-07-04,13.052656173706055,13.052656173706053,12.233663053222624,12.489598661296341,225724184.0
2003-07-07,13.922831535339355,13.922831535339355,13.206218172425178,13.308592836443765,414165418.0
2003-07-08,14.22995376586914,14.6906377003438,14.076392798274483,14.178767464464709,369566571.0
2003-07-09,13.8716459274292,14.178768925966445,13.820458589057859,14.127581587595106,147822869.0
2003-07-10,13.052656173706055,13.718082151878024,13.001468845753195,13.718082151878024,201987999.0
2003-07-11,13.257408142089844,13.30859548428322,12.694349441344416,12.79672412573117,135314291.0
2003-07-14,13.564520835876465,13.666895496822658,13.20621777608981,13.308592437036003,194772860.0
2003-07-15,14.009713172912598,14.50808361102132,14.009713172912598,14.397334739407205,169768758.0
2003-07-16,14.286589622497559,14.341963557012406,13.954342920336394,14.009716854851241,133778906.0
2003-07-17,13.677470207214355,14.120465811861878,13.677470207214357,14.120465811861878,126194582.0
2003-07-18,13.511354446411133,13.677471103044534,13.2898504394354,13.400599347850974,88308224.0
2003-07-21,13.289850234985352,13.78822083103393,13.289850234985352,13.622103145265308,87257208.0
2003-07-22,13.566729545593262,13.56672954559326,13.289850565929004,13.289850565929004,65740826.0
2003-07-23,13.677470207214355,13.898969041228813,13.56672852788735,13.677470207214357,95561112.0
2003-07-24,14.231217384338379,14.231217384338379,13.788222728227872,13.898971650178222,144470709.0
2003-07-25,13.732843399047852,14.120463987179772,13.732843399047853,14.120463987179772,122047384.0
2003-07-28,13.84360122680664,14.175841763232334,13.84360122680664,14.120466792958567,98828212.0
2003-07-29,13.78822135925293,13.954344209839363,13.732846387930259,13.954344209839363,59543306.0
2003-07-30,13.622101783752441,13.843599575037647,13.566727851776461,13.677469525584552,74901311.0
2003-07-31,13.566729545593262,13.56672954559326,13.289850565929004,13.400599475398696,102279495.0
2003-08-01,13.622101783752441,13.788219452917799,13.566727851776461,13.677469525584552,75846330.0
2003-08-04,13.40060043334961,13.566730515420096,13.34522545881086,13.566730515420096,44076719.0
2003-08-05,13.012982368469238,13.511352915724864,13.012982368469238,13.400597829712027,71477330.0
2003-08-06,12.791486740112305,12.902234614088716,12.736111771433361,12.791486740112305,65628301.0
2003-08-07,12.680739402770996,12.90223725952048,12.459241546021515,12.791489362836687,99401907.0
2003-08-08,12.45923900604248,12.680736817636733,12.45923900604248,12.569987911839606,102271790.0
2003-08-11,12.293116569519043,12.348490508402524,12.071618750603578,12.293116569519043,89626439.0
2003-08-12,12.569986343383789,12.680735235361908,12.45923745140567,12.45923745140567,84961519.0
2003-08-13,13.40060043334961,13.400600433349611,12.736113119174783,12.791488093713534,170397817.0
2003-08-14,13.566729545593262,13.73284620380777,13.289850565929004,13.62210348448272,216769804.0
2003-08-15,13.622101783752441,14.00971621251236,13.622101783752441,13.843599575037647,163497745.0
2003-08-18,13.622101783752441,13.788219452917799,13.566727851776461,13.732844489251175,93040314.0
2003-08-19,13.566729545593262,14.065092932216842,13.45598063612357,13.95434402274715,172505201.0
2003-08-20,13.732843399047852,13.898967245169077,13.732843399047853,13.843598476041858,86759902.0
2003-08-21,14.175843238830566,14.175843238830566,13.67747258125311,13.788222533328879,154123861.0
2003-08-22,14.286589622497559,14.563462390143872,14.286589622497557,14.452713489423484,204051516.0
2003-08-25,15.0618314743042,15.061831474304197,14.397338089977605,14.50808698736537,268823373.0
2003-08-26,14.452714920043945,14.951084506772094,14.397339948357043,14.951084506772094,193648342.0
2003-08-27,14.508090019226074,14.89571072524183,14.508090019226074,14.563464995337398,197284814.0
2003-08-28,14.563464164733887,14.895709875689224,14.508089191780785,14.84033593442694,211819362.0
2003-08-29,15.5048246383667,15.5048246383667,14.729582477926915,14.895705282175905,317986937.0
2003-09-01,15.560203552246094,15.726327441456561,15.172582863573057,15.61557852587986,237951315.0
2003-09-02,15.947826385498047,15.947826385498045,15.504830692277649,15.670953561389846,197100439.0
2003-09-03,15.394076347351074,16.00319572684954,15.394076347351074,16.00319572684954,176065245.0
2003-09-04,15.338706970214844,15.504829830089326,15.061834161502912,15.394080912942723,122732150.0
2003-09-05,15.5048246383667,15.837071278555179,15.449449682490037,15.5048246383667,159753012.0
2003-09-08,16.390819549560547,16.501568455776724,15.504828299831146,15.560202237093861,285440402.0
2003-09-09,16.723066329956055,17.276810863081536,16.66769239248888,16.778441299113975,426378396.0
2003-09-10,17.16606330871582,17.16606330871582,16.501569816619664,16.612318731969022,272565401.0
2003-09-11,17.16606330871582,17.16606330871582,17.16606330871582,17.16606330871582,0.0
2003-09-12,16.778438568115234,17.1106842022207,16.667689679516553,16.999935313622018,127497356.0
2003-09-15,16.224695205688477,16.667691849446538,16.11394630267164,16.612316882092763,141511519.0
2003-09-16,16.612316131591797,16.612316131591797,15.892448810349434,15.947822743510846,162899721.0
2003-09-17,16.723066329956055,16.99993808067342,16.723066329956055,16.889189174048326,161983064.0
2003-09-18,16.55694007873535,16.83381282142031,16.390817258476858,16.723063930684447,97051858.0
2003-09-19,16.3354434967041,16.72306515858629,16.3354434967041,16.612316259718618,135262688.0
2003-09-22,15.947826385498047,16.280073155413344,15.947826385498045,16.224698177915343,105059292.0
2003-09-23,16.11394500732422,16.11394500732422,15.781698324981933,15.781698324981933,89931912.0
2003-09-24,15.947826385498047,16.113949254610244,15.726328538887847,16.113949254610244,148723073.0
2003-09-25,15.67094898223877,15.781697873182338,15.5602000912952,15.67094898223877,63602307.0
2003-09-26,15.560203552246094,15.781701383399497,15.560203552246096,15.670952467822795,67854095.0
2003-09-29,15.5048246383667,15.615573518429526,15.33870183411771,15.5048246383667,85682453.0
2003-09-30,15.5048246383667,15.726322398492353,15.5048246383667,15.67094744261569,66110999.0
2003-10-01,15.338706970214844,15.560203772817205,15.338706970214844,15.394080912942723,63831153.0
2003-10-02,16.169321060180664,16.224694995125088,15.56020158564783,15.61557655228295,126694741.0
2003-10-03,16.3354434967041,16.446192395571774,16.11394569896876,16.280069563115603,122445676.0
2003-10-06,16.83381462097168,16.94456352354671,16.446192946113722,16.61231681582162,217746247.0
2003-10-07,16.88918685913086,16.99993575057615,16.72306403780822,16.99993575057615,115750622.0
2003-10-08,16.88918685913086,16.94456182069881,16.61231514636293,16.88918685913086,108993653.0
2003-10-09,16.778438568115234,16.94456138516797,16.667689679516553,16.833812496569283,82467173.0
2003-10-10,16.778438568115234,16.778438568115234,16.778438568115234,16.778438568115234,0.0
2003-10-13,16.88918685913086,17.221433533466733,16.88918685913086,16.94456182069881,100282985.0
2003-10-14,16.667692184448242,17.276810647438083,16.667692184448242,17.110686773728567,106511415.0
2003-10-15,16.83381462097168,17.055312426121738,16.61231681582162,16.889188556413842,85041341.0
2003-10-16,17.38755989074707,17.442932793623413,16.723065454107758,16.833814354932528,172673979.0
2003-10-17,17.276809692382812,17.442932525218385,17.22143472697717,17.332184657788456,80877994.0
2003-10-20,17.60905647277832,17.60905647277832,17.221435817163574,17.276810786074677,87075961.0
2003-10-21,17.332183837890625,17.885927275608196,17.276808875104493,17.719804450631052,102075661.0
2003-10-22,17.332183837890625,17.442931700081637,17.11068501843672,17.332183837890625,60765691.0
2003-10-23,16.723066329956055,17.055313049831344,16.723066329956055,17.055313049831344,64014704.0
2003-10-24,16.83381462097168,16.99993745898887,16.72306571839665,16.72306571839665,51987523.0
2003-10-27,16.999937057495117,17.055312023320177,16.833814223401312,16.833814223401312,30978533.0
2003-10-28,17.442934036254883,17.442934036254883,17.05531337159951,17.05531337159951,78029289.0
2003-10-29,17.83055305480957,18.05205291517144,17.71980518800998,18.05205291517144,129530165.0
2003-10-30,17.60905647277832,17.941304222863447,17.5536835672487,17.83055428504124,67561119.0
2003-10-31,17.221437454223633,17.71980809503541,17.166063511739456,17.60905814668538,74139423.0
2003-11-03,17.332183837890625,17.498306662867773,17.221433912318357,17.221433912318357,45770463.0
2003-11-04,17.60905647277832,17.83055428504124,17.5536835672487,17.719806410600523,87936178.0
2003-11-05,17.83055305480957,17.941302984990504,17.609055257829045,17.609055257829045,64035985.0
2003-11-06,17.719806671142578,18.162802302181984,17.22143607037787,17.996679456387586,125756008.0
2003-11-07,17.775182723999023,17.9966805530157,17.553684894982347,17.9966805530157,63579562.0
2003-11-10,17.60905647277832,17.83055428504124,17.5536835672487,17.775181379511626,56518426.0
2003-11-11,17.110687255859375,17.38756107430391,16.94456440915972,17.27681113424979,108175506.0
2003-11-12,16.944564819335938,17.221436581101166,16.944564819335938,17.11068767005692,78654828.0
2003-11-13,17.442934036254883,17.442934036254883,17.166062280314012,17.387561129433784,49239798.0
2003-11-14,17.332183837890625,17.442931700081637,17.221433912318357,17.442931700081637,28361879.0
2003-11-17,16.778438568115234,17.05531027376665,16.7230636079706,17.05531027376665,85587002.0
2003-11-18,16.723066329956055,16.778441299113975,16.39081961008077,16.61231742333096,83298316.0
2003-11-19,16.3354434967041,16.556941294439447,16.22469459783643,16.390818461983276,66667370.0
2003-11-20,16.003198623657227,16.446193209357364,15.89244971930951,16.280070368681155,106292851.0
2003-11-21,16.11394500732422,16.16931997022658,15.504826605542009,15.781698324981933,88579922.0
2003-11-24,16.169321060180664,16.33544389670463,16.113946093545543,16.169321060180664,40898916.0
2003-11-25,16.667692184448242,16.723066121224257,16.44619334227198,16.612317215981495,69245803.0
2003-11-26,16.723066329956055,16.833815236581152,16.556942454173036,16.833815236581152,45944515.0
2003-11-27,16.28006935119629,16.8338138383265,16.28006935119629,16.723064940900457,50599971.0
2003-11-28,16.612316131591797,16.72306502960529,16.390818335564813,16.55694116673972,41048969.0
2003-12-01,16.667692184448242,16.723066121224257,16.390819405495964,16.556942247514744,40275920.0
2003-12-02,17.055315017700195,17.1106889615565,16.833817178893238,16.889191122749544,72661885.0
2003-12-03,16.944564819335938,17.166062641424435,16.944564819335938,17.166062641424435,40520119.0
2003-12-04,17.16606330871582,17.16606330871582,16.833816562667742,16.999939419846367,47540704.0
2003-12-05,16.944564819335938,17.166062641424435,16.944564819335938,17.166062641424435,28953522.0
2003-12-08,16.44619369506836,16.72306647995999,16.390819757104484,16.72306647995999,55844504.0
2003-12-09,16.390819549560547,16.55694239303944,16.22469567439091,16.44619348682326,45050178.0
2003-12-10,15.837071418762207,16.11394310552519,15.781696462395303,16.0585691808488,94480689.0
2003-12-11,16.28006935119629,16.28006935119629,15.83707376149212,15.83707376149212,63617646.0
2003-12-12,16.05857276916504,16.55694232937617,16.05857276916504,16.55694232937617,45469915.0
2003-12-15,16.3354434967041,16.3354434967041,16.11394569896876,16.3354434967041,59396637.0
2003-12-16,15.947826385498047,16.058575308803146,15.892452439690947,16.058575308803146,60761078.0
2003-12-17,15.5048246383667,16.058569038680833,15.283326878241047,15.947820158618006,85510365.0
2003-12-18,15.560203552246094,15.781701383399497,15.449454636669394,15.50482961030316,69970163.0
2003-12-19,15.726325988769531,15.892449862634647,15.726325988769531,15.781699925597414,61545644.0
2003-12-22,16.169321060180664,16.28006996176021,15.781699388806915,15.892449322077159,81205392.0
2003-12-23,16.11394500732422,16.280068864340677,16.003197144900753,16.224693901438314,37755923.0
2003-12-24,16.05857276916504,16.280070580745704,16.003198832115242,16.169321674955373,47817311.0
2003-12-25,15.947826385498047,16.169324232108245,15.947826385498045,16.003201362996045,22213792.0
2003-12-26,16.05857276916504,16.113946706214836,15.947823863374705,15.947823863374705,24988851.0
2003-12-29,15.947826385498047,16.058575308803146,15.947826385498045,16.058575308803146,13851452.0
2003-12-30,16.169321060180664,16.224694995125088,16.058572158601123,16.058572158601123,88786487.0
2003-12-31,16.11394500732422,16.33544279555241,16.058571076112486,16.16931997022658,54307580.0
2004-01-01,16.11394500732422,16.11394500732422,16.11394500732422,16.11394500732422,0.0
2004-01-02,16.612316131591797,16.72306502960529,16.11394557468575,16.11394557468575,105386174.0
2004-01-05,16.944564819335938,16.944564819335938,16.556943114835672,16.77844196861496,94731128.0
2004-01-06,17.055315017700195,17.221437880959982,16.94456609829672,17.166063937103676,95114027.0
2004-01-07,17.221437454223633,17.553685235892047,17.110688537564442,17.221437454223633,136605836.0
2004-01-08,17.276809692382812,17.442932525218385,17.22143472697717,17.442932525218385,61784626.0
2004-01-09,17.498308181762695,17.775180956345327,17.387560309958506,17.60905605356689,116148313.0
2004-01-12,17.442934036254883,17.498309006457518,17.276811189028514,17.498309006457518,50386891.0
2004-01-13,17.16606330871582,17.442935081243807,17.055314393366462,17.38756217110537,58450660.0
2004-01-14,17.276809692382812,17.387559623194097,16.999936928735952,16.999936928735952,69632018.0
2004-01-15,17.110687255859375,17.33218610427685,17.05531331752308,17.27681113424979,56583071.0
2004-01-16,17.110687255859375,17.33218610427685,17.110687255859375,17.110687255859375,56437114.0
2004-01-19,17.110687255859375,17.110687255859375,17.110687255859375,17.110687255859375,0.0
2004-01-20,17.110687255859375,17.110687255859375,17.110687255859375,17.110687255859375,0.0
2004-01-21,17.110687255859375,17.110687255859375,17.110687255859375,17.110687255859375,0.0
2004-01-22,17.110687255859375,17.110687255859375,17.110687255859375,17.110687255859375,0.0
2004-01-23,17.110687255859375,17.110687255859375,17.110687255859375,17.110687255859375,0.0
2004-01-26,17.110687255859375,17.110687255859375,17.110687255859375,17.110687255859375,0.0
2004-01-27,17.55368423461914,17.60905714225397,17.387561384951525,17.442934292586354,82532707.0
2004-01-28,17.498308181762695,17.60905605356689,17.33218534236569,17.55368314935551,68794649.0
2004-01-29,17.55368423461914,17.77518205530315,17.33218641393513,17.442934292586354,123279773.0
2004-01-30,17.498308181762695,17.498308181762695,17.33218534236569,17.387560309958506,61823142.0
2004-02-02,17.16606330871582,17.498310054763902,17.16606330871582,17.442935081243807,43124430.0
2004-02-03,16.778438568115234,16.94456138516797,16.667689679516553,16.94456138516797,87869980.0
2004-02-04,16.501569747924805,16.778442550991016,16.390820833036486,16.778442550991016,100600055.0
2004-02-05,16.44619369506836,16.72306647995999,16.390819757104484,16.390819757104484,90452138.0
2004-02-06,16.88918685913086,16.94456182069881,16.556940184794982,16.556940184794982,75318033.0
2004-02-09,17.276809692382812,17.442932525218385,17.11068582785656,17.276809692382812,87890134.0
2004-02-10,17.110687255859375,17.33218610427685,16.99993834749602,17.27681113424979,56672851.0
2004-02-11,16.944564819335938,17.221436581101166,16.83381590829169,17.166062641424435,61617883.0
2004-02-12,16.999937057495117,17.27680982323904,16.889188157535685,16.999937057495117,87398984.0
2004-02-13,16.999937057495117,17.055312023320177,16.833814223401312,16.999937057495117,53382509.0
2004-02-16,16.667692184448242,16.944563931709787,16.667692184448242,16.889188963243036,68548753.0
2004-02-17,16.723066329956055,16.833815236581152,16.61231742333096,16.66769239248888,51762886.0
2004-02-18,16.999937057495117,17.11068595745455,16.889188157535685,16.944563123360744,77903544.0
2004-02-19,17.110687255859375,17.22143616422273,16.94456440915972,17.166062225886435,75916644.0
2004-02-20,17.055315017700195,17.221437880959982,16.999940042153025,17.1106889615565,74429063.0
2004-02-23,16.83381462097168,17.055312426121738,16.77844068552952,17.055312426121738,59873542.0
2004-02-24,16.667692184448242,16.833815026467022,16.612317215981495,16.667692184448242,63783556.0
2004-02-25,16.667692184448242,16.778441089691007,16.556942247514744,16.612317215981495,84739840.0
2004-02-26,16.778438568115234,16.889186425023336,16.667689679516553,16.667689679516553,103988572.0
2004-02-27,16.83381462097168,16.889188556413842,16.77844068552952,16.83381462097168,66340594.0
2004-03-01,17.276809692382812,17.332184657788456,16.944562995020984,16.944562995020984,149812663.0
2004-03-02,18.439674377441406,18.439674377441406,17.719805988874196,17.719805988874196,382396521.0
2004-03-03,18.605798721313477,19.10416315304303,18.605798721313477,18.771915383999588,302266457.0
2004-03-04,18.88266944885254,18.99341731747528,18.605796682223623,18.771913326704293,152316793.0
2004-03-05,18.827287673950195,19.491781053992284,18.827287673950195,19.159535395661894,213002173.0
2004-03-08,18.49504852294922,19.10416289044791,18.439675615021105,19.10416289044791,96247308.0
2004-03-09,18.550424575805664,18.550424575805668,18.27355176649627,18.43967669011092,94543053.0
2004-03-10,18.052051544189453,18.495045041125557,18.052051544189453,18.495045041125557,92336050.0
2004-03-11,17.99667739868164,18.052052362075475,17.6644296816999,17.775179608487573,102822535.0
2004-03-12,17.55368423461914,17.77518205530315,17.55368423461914,17.60905714225397,97802761.0
2004-03-15,17.16606330871582,17.885930742641246,17.16606330871582,17.719807885462618,86001505.0
2004-03-16,17.055315017700195,17.332187832054327,16.889191122749544,17.166063937103676,96680479.0
2004-03-17,17.110687255859375,17.33218610427685,17.05531331752308,17.33218610427685,54255582.0
2004-03-18,17.664430618286133,17.88592842022424,17.16606107977074,17.16606107977074,150991725.0
2004-03-19,17.775182723999023,17.9966805530157,17.553684894982347,17.664432777799863,115346558.0
2004-03-22,16.55694007873535,16.55694007873535,16.55694007873535,16.55694007873535,16403453.0
2004-03-23,15.449455261230469,16.169323757425907,15.44945526123047,15.44945526123047,355845545.0
2004-03-24,15.947826385498047,16.224698177915343,15.726328538887847,16.224698177915343,156298661.0
2004-03-25,15.781698226928711,16.11394490720672,15.781698226928713,16.05857097633903,96577032.0
2004-03-26,15.837071418762207,16.0585691808488,15.781696462395303,16.0585691808488,63066695.0
2004-03-29,16.944564819335938,16.944564819335938,16.335445292747174,16.390820264114694,111130478.0
2004-03-30,16.55694007873535,16.88918675094294,16.55694007873535,16.88918675094294,88820334.0
2004-03-31,16.390819549560547,16.723066268209074,16.280070643344374,16.667692330946355,59376249.0
2004-04-01,16.224695205688477,16.44619301172215,16.169321270025414,16.28007017304225,101931905.0
2004-04-02,16.3354434967041,16.446192395571774,16.280069563115603,16.3354434967041,56477547.0
2004-04-05,17.442934036254883,17.442934036254883,16.667692706944138,16.77844161565864,183086785.0
2004-04-06,17.664430618286133,17.996678352883986,17.498307782677898,17.94130338655411,185661283.0
2004-04-07,17.498308181762695,17.719805988752515,17.387560309958506,17.6644310211597,61342663.0
2004-04-08,17.719806671142578,17.88592951693698,17.60905673169197,17.719806671142578,77729660.0
2004-04-09,17.38755989074707,17.719805561530684,17.332184924489336,17.719805561530684,67328688.0
2004-04-12,17.664430618286133,17.88592842022424,17.442932816348026,17.442932816348026,110781632.0
2004-04-13,17.55368423461914,17.71980708428676,17.442934292586354,17.664432113270365,71829572.0
2004-04-14,18.605798721313477,18.605798721313477,17.387561716044594,17.44293462473383,150632753.0
2004-04-15,17.60905647277832,18.605797659652218,17.60905647277832,18.605797659652218,161801214.0
2004-04-16,17.83055305480957,18.162800781971033,17.55368235611992,17.55368235611992,98612867.0
2004-04-19,17.442934036254883,17.941304641315526,17.442934036254883,17.83055470091026,80967500.0
2004-04-20,17.775182723999023,18.218178382032377,17.719807750899445,17.719807750899445,110255059.0
2004-04-21,18.052051544189453,18.107424441693226,17.88592666153458,17.941301622419537,89269114.0
2004-04-22,18.273548126220703,18.93804356154173,18.052052398955407,18.21817522609502,415934641.0
2004-04-23,18.827287673950195,18.993416693259316,18.55042110656459,18.827287673950195,284220658.0
2004-04-26,18.71653938293457,19.159537071764657,18.605797698407635,19.048787133711762,185508667.0
2004-04-27,18.49504852294922,18.716540154661672,18.162802821854243,18.716540154661672,110615336.0
2004-04-28,17.99667739868164,18.661164579119998,17.99667739868164,18.439672979069773,101228032.0
2004-04-29,17.38755989074707,17.775180527788415,17.166061057406836,17.609055629015224,206943261.0
2004-04-30,16.501569747924805,17.166063237254725,16.224696944858593,16.999939349076833,189582980.0
2004-05-03,16.3354434967041,16.778440123865465,16.22469459783643,16.50156736085095,74312993.0
2004-05-04,16.723066329956055,16.833815236581152,16.39081961008077,16.556942454173036,77392792.0
2004-05-05,15.726325988769531,16.889188979062396,15.670951020250914,16.833815042234516,130977266.0
2004-05-06,15.837071418762207,16.390815823978688,15.837071418762205,16.003195256172404,94970899.0
2004-05-07,16.05857276916504,16.22469561200517,15.781699988843835,15.781699988843835,80094926.0
2004-05-10,15.5048246383667,15.781696322678517,15.33870183411771,15.560198562552863,91680890.0
2004-05-11,15.338706970214844,15.615578747235931,14.618838492916495,15.504829830089326,156369348.0
2004-05-12,15.5048246383667,15.726322398492353,15.449449682490037,15.615573518429526,101940713.0
2004-05-13,15.338706970214844,15.394080912942723,14.951085244356308,15.28333199579612,95569261.0
2004-05-14,14.895709991455078,15.338706683450301,14.895709991455078,15.283331710066838,80967638.0
2004-05-17,13.898969650268555,14.28659030547496,13.898969650268555,14.120466430607399,126084138.0
2004-05-18,14.231217384338379,14.231217384338379,13.843602863502941,13.898971650178222,83026914.0
2004-05-19,15.172581672668457,15.172581672668455,14.618837138248677,14.618837138248677,98503319.0
2004-05-20,15.172581672668457,15.338705548839764,14.508088231364722,15.006457796497147,107354565.0
2004-05-21,15.227958679199219,15.449455490908909,14.784961960707173,14.95108585910305,154426623.0
2004-05-24,15.00645637512207,15.39407802834671,14.784958582333891,14.951082442770351,77954508.0
2004-05-25,15.117204666137695,15.449451342014926,14.951081844044387,15.006455774178619,81310639.0
2004-05-26,15.5048246383667,15.781696322678517,15.449449682490037,15.615573518429526,120483295.0
2004-05-27,15.67094898223877,15.837072834499422,15.615575052612286,15.781697873182338,79375611.0
2004-05-28,16.05857276916504,16.05857276916504,15.726326051794038,15.837074957584372,90507837.0
2004-05-31,15.394076347351074,16.00319572684954,15.394076347351074,15.94782076885398,61958479.0
2004-06-01,15.5048246383667,15.560198562552863,15.117203042301558,15.5048246383667,48967787.0
2004-06-02,15.0618314743042,15.28332926907973,14.951082576916432,15.061831474304197,54487104.0
2004-06-03,14.175843238830566,15.22795849833249,14.120468262792683,15.061834601909712,85169379.0
2004-06-04,14.286589622497559,14.397338523217945,14.009716854851241,14.17584072177717,70951645.0
2004-06-07,14.951081275939941,14.951081275939941,14.45271179690622,14.45271179690622,69692657.0
2004-06-08,15.00645637512207,15.17258023555853,14.895707478727982,15.06183133916444,64084800.0
2004-06-09,14.729582786560059,15.061829433710196,14.618833904176679,14.951080551326816,64913719.0
2004-06-10,14.175843238830566,14.56346497602313,14.065094318445674,14.341966103562468,128137152.0
2004-06-11,13.45598030090332,13.89896973760153,13.289850234847448,13.843600958545306,155214621.0
2004-06-14,12.957610130310059,13.732846312594393,12.902235159291166,13.455980742716966,90919868.0
2004-06-15,13.012982368469238,13.068357332249041,12.625361748773217,12.84685954051113,86644399.0
2004-06-16,12.791486740112305,13.345224046612886,12.736111771433361,13.28985010962468,72351937.0
2004-06-17,13.179107666015625,13.345224321953898,12.846860942159202,12.846860942159202,88984093.0
2004-06-18,12.680739402770996,13.068361167928066,12.625365454429101,13.01298618789522,99991178.0
2004-06-21,12.791486740112305,13.28985010962468,12.736111771433361,13.28985010962468,70615361.0
2004-06-22,12.791486740112305,12.791486740112305,12.791486740112305,12.791486740112305,0.0
2004-06-23,13.179107666015625,13.400599291775348,12.902234880289893,12.902234880289893,107344538.0
2004-06-24,13.345221519470215,13.455977625998994,13.17910489841627,13.345221519470213,80932497.0
2004-06-25,13.345221519470215,13.511351552501214,13.17910489841627,13.289847592967995,48543993.0
2004-06-28,13.068357467651367,13.455979123054215,12.957608570634932,13.400597968556724,51309180.0
2004-06-29,13.179107666015625,13.234481604146314,12.846860942159202,13.068358758063484,39059614.0
2004-06-30,13.84360122680664,13.8989700069358,13.51135450023634,13.51135450023634,177734712.0
2004-07-01,13.954343795776367,14.065092703444702,13.732845980439702,13.954343795776367,84378539.0
2004-07-02,13.511354446411133,13.677471103044534,13.455980508048727,13.511354446411133,82360574.0
2004-07-05,13.179107666015625,13.400599291775348,13.068358758063484,13.28985038382321,37586447.0
2004-07-06,13.45598030090332,13.45598030090332,13.17910751828126,13.17910751828126,30148511.0
2004-07-07,13.179107666015625,13.345224321953898,13.068358758063484,13.068358758063484,48304686.0
2004-07-08,13.179107666015625,13.511354389872047,13.179107666015625,13.455980451741356,57537623.0
2004-07-09,13.45598030090332,13.511354238413283,13.234481455791224,13.34522417235741,62309791.0
2004-07-12,13.179107666015625,13.622103297824188,13.123732696194175,13.622103297824188,125123615.0
2004-07-13,13.21675968170166,13.336368735398326,13.097150628004991,13.156955670698643,92417164.0
2004-07-14,13.15695571899414,13.336368784352398,13.097150676080963,13.097150676080963,82163156.0
2004-07-15,12.798129081726074,13.097151213489674,12.618716009006052,13.037347199813228,83189624.0
2004-07-16,12.917740821838379,13.156958989575108,12.618718628012918,12.618718628012918,91823090.0
2004-07-19,12.977545738220215,13.037349763657351,12.738327573089908,12.857936655655061,45318558.0
2004-07-20,12.55891227722168,12.977543477425277,12.558912277221681,12.977543477425277,64517145.0
2004-07-21,12.977545738220215,13.21676287165964,12.738327573089908,12.857936655655061,93517627.0
2004-07-22,12.85793399810791,12.91773801118443,12.499107856267454,12.558911869343973,69165810.0
2004-07-23,12.85793399810791,13.097151082104658,12.79812895334072,12.85793399810791,50557578.0
2004-07-26,12.55891227722168,12.67852133894995,12.499108262202897,12.618716292240464,69057599.0
2004-07-27,12.738324165344238,12.9177372253501,12.37949804533252,12.55891110533838,52607958.0
2004-07-28,12.798129081726074,13.037347199813228,12.738325068049628,12.917738140769652,64224159.0
2004-07-29,12.738324165344238,12.977542266479125,12.73832416534424,12.9177372253501,47830075.0
2004-07-30,12.977545738220215,13.21676287165964,12.917740681092196,12.977545738220215,93141907.0
2004-08-02,12.85793399810791,12.97754305595162,12.79812895334072,12.97754305595162,40695109.0
2004-08-03,13.037348747253418,13.156957820493735,12.857935653238341,12.977544726478659,40512820.0
2004-08-04,12.917740821838379,13.037349905706744,12.798131737970015,12.97754587961801,31745359.0
2004-08-05,13.515783309936523,13.635392376994634,12.738325921594928,12.97754405571115,87038735.0
2004-08-06,13.15695571899414,13.39617279557494,13.097150676080963,13.27656374143922,61603268.0
2004-08-09,13.097150802612305,13.097150802612305,12.79812868022948,12.91773773552074,36405606.0
2004-08-10,13.097150802612305,13.216759857903565,12.977542779011694,13.097150802612305,42729291.0
2004-08-11,13.15695571899414,13.39617279557494,13.097150676080963,13.216759730216681,61078124.0
2004-08-12,13.037348747253418,13.097152768028176,12.917739674013099,13.097152768028176,35651957.0
2004-08-13,12.977545738220215,13.097153789094486,12.798131598527043,12.977545738220215,52478459.0
2004-08-16,12.917740821838379,13.097153931795479,12.91774082183838,12.97754587961801,23297428.0
2004-08-17,12.977545738220215,13.156958846222505,12.977545738220215,13.037349763657351,31866378.0
2004-08-18,13.3363676071167,13.455976650694218,12.977541508074692,13.037345514018178,72496123.0
2004-08-19,13.934415817260742,13.99421984047429,13.695197661024864,13.695197661024864,124013112.0
2004-08-20,13.755002975463867,13.994221154155909,13.695198946636326,13.814808035982349,67100969.0
2004-08-23,13.814804077148438,13.994217143908562,13.695195022078137,13.754999033767964,41918090.0
2004-08-24,13.814804077148438,13.814804077148436,13.814804077148436,13.814804077148436,0.0
2004-08-25,13.814804077148438,13.814804077148436,13.814804077148436,13.814804077148436,0.0
2004-08-26,14.293237686157227,14.412839506175503,14.173628644305223,14.173628644305223,102665597.0
2004-08-27,14.233431816101074,14.412838662387388,14.173627814521515,14.293236849371104,60457035.0
2004-08-30,13.994219779968262,14.293241958124824,13.994219779968263,14.233436903479008,50070875.0
2004-08-31,13.814804077148438,14.173630210668689,13.754999033767964,13.814804077148436,56258268.0
2004-09-01,13.934415817260742,14.11382891859223,13.814806739142805,13.814806739142805,68535787.0
2004-09-02,13.515783309936523,13.755000412361994,13.336370225194731,13.755000412361994,138151743.0
2004-09-03,12.917740821838379,13.336372099532205,12.857936795749646,13.276567041752577,142356609.0
2004-09-06,12.977545738220215,12.977545738220215,12.678523547652771,12.857936655655061,79811679.0
2004-09-07,13.15695571899414,13.15695571899414,12.917737610722703,13.037346664858422,61798920.0
2004-09-08,12.977545738220215,13.21676287165964,12.977545738220215,13.156958846222505,72039386.0
2004-09-09,12.977545738220215,13.097153789094486,12.857936655655061,12.977545738220215,56614530.0
2004-09-10,13.037348747253418,13.27656586204325,12.977544726478659,13.156957820493735,57928901.0
2004-09-13,13.276565551757812,13.396174622202759,13.156957513003647,13.336370602825674,79932489.0
2004-09-14,13.15695571899414,13.39617279557494,13.097150676080963,13.39617279557494,67049876.0
2004-09-15,12.917740821838379,13.097153931795479,12.91774082183838,13.097153931795479,53971778.0
2004-09-16,12.917740821838379,12.97754587961801,12.738327711881281,12.798131737970015,103048345.0
2004-09-17,12.618714332580566,12.917736424618388,12.618714332580566,12.917736424618388,98834497.0
2004-09-20,12.499109268188477,12.798130399039687,12.499109268188475,12.678522359375517,100327834.0
2004-09-21,12.678521156311035,12.738325170468318,12.558912096305779,12.618716110463062,81134834.0
2004-09-22,12.678521156311035,12.798129184625603,12.618716110463062,12.798129184625603,61198837.0
2004-09-23,12.738324165344238,12.73832416534424,12.55891110533838,12.55891110533838,40471956.0
2004-09-24,12.55891227722168,12.738325353968735,12.499108262202897,12.738325353968735,56467056.0
2004-09-27,12.259891510009766,12.499109660222752,12.259891510009766,12.379500585116258,78297420.0
2004-09-28,12.259891510009766,12.259891510009766,12.259891510009766,12.259891510009766,0.0
2004-09-29,12.259891510009766,12.499109660222752,12.140282434903273,12.140282434903273,55817080.0
2004-09-30,12.259891510009766,12.499109660222752,12.259891510009766,12.379500585116258,63748110.0
2004-10-01,12.499109268188477,12.499109268188475,12.259891125478562,12.259891125478562,50615327.0
2004-10-04,12.798129081726074,12.798129081726076,12.618716009006052,12.738325068049628,84495328.0
2004-10-05,12.798129081726074,12.917738140769652,12.738325068049628,12.857934127093204,61156054.0
2004-10-06,12.738324165344238,12.9177372253501,12.678520155905822,12.857933215911682,77968304.0
2004-10-07,12.678521156311035,12.91773824463086,12.678521156311035,12.798129184625603,47202937.0
2004-10-08,12.379499435424805,12.618716531730737,12.31969438758028,12.618716531730737,77010987.0
2004-10-11,12.319693565368652,12.37949860922181,12.20008554104364,12.259889553206145,53740666.0
2004-10-12,12.020674705505371,12.31969691090158,12.020674705505371,12.200088854095844,68796747.0
2004-10-13,11.960867881774902,12.140280956744515,11.960867881774904,12.02067189620121,52209691.0
2004-10-14,12.080475807189941,12.20008485649432,11.960866757885565,11.960866757885565,58394513.0
2004-10-15,11.960867881774902,12.080476942318208,11.960867881774904,12.080476942318208,54785456.0
2004-10-18,11.841256141662598,12.080474208616327,11.841256141662598,12.020669176032666,41181936.0
2004-10-19,12.020674705505371,12.080479765599174,11.960870677102502,11.960870677102502,36628121.0
2004-10-20,11.960867881774902,12.080476942318208,11.901063867348597,12.02067189620121,28475765.0
2004-10-21,11.960867881774902,12.140280956744515,11.901063867348597,11.960867881774904,41199235.0
2004-10-22,12.140281677246094,12.319694762863515,12.080477659270539,12.200086726912403,45174485.0
2004-10-25,12.140281677246094,12.140281677246094,12.140281677246094,12.140281677246094,0.0
2004-10-26,11.841256141662598,12.020669176032666,11.841256141662598,11.960865175139462,48580145.0
2004-10-27,11.60204029083252,11.841257350517065,11.54223525214346,11.841257350517065,54257068.0
2004-10-28,11.90106201171875,11.960866016820333,11.781452969825049,11.960866016820333,75593538.0
2004-10-29,12.080475807189941,12.080475807189943,11.901062749078676,11.901062749078676,40003832.0
2004-11-01,11.841256141662598,12.14027820950953,11.66184310729253,12.080474208616327,53031149.0
2004-11-02,12.140281677246094,12.200086726912403,11.841259523986807,11.960868591628673,67673035.0
2004-11-03,12.55891227722168,12.618716292240464,12.140281077018086,12.200086123727573,146547429.0
2004-11-04,12.499109268188477,12.678522359375517,12.379500196833519,12.55891328802056,96666841.0
2004-11-05,12.678521156311035,12.798129184625603,12.558912096305779,12.678521156311035,109591549.0
2004-11-08,12.55891227722168,12.67852133894995,12.43930321549341,12.67852133894995,32482739.0
2004-11-09,12.55891227722168,12.558912277221681,12.31969415376514,12.558912277221681,35634075.0
2004-11-10,12.319693565368652,12.558911677399982,12.31969356536865,12.558911677399982,70666751.0
2004-11-11,12.080475807189941,12.259888865301209,12.020670766692456,12.259888865301209,58822807.0
2004-11-12,12.259891510009766,12.259891510009766,12.080478413195436,12.140282434903273,36412061.0
2004-11-15,12.259891510009766,12.499109660222752,12.259891510009766,12.319695531717603,44758698.0
2004-11-16,12.319693565368652,12.439302621384316,12.20008554104364,12.259889553206145,55156018.0
2004-11-17,12.618714332580566,12.738323375733804,12.200084229080053,12.2598882348114,125465784.0
2004-11-18,12.977545738220215,13.037349763657351,12.678523547652771,12.798131598527043,161974293.0
2004-11-19,12.85793399810791,13.097151082104658,12.85793399810791,13.037347069028138,88963467.0
2004-11-22,12.319693565368652,12.738324745578153,12.31969356536865,12.678520733415647,71986603.0
2004-11-23,12.200085639953613,12.439302722233696,12.080476582968238,12.319693665248323,53188915.0
2004-11-24,12.379499435424805,12.439303451578606,12.200086355272674,12.200086355272674,49063885.0
2004-11-25,12.200085639953613,12.379498709586342,12.140280595615593,12.379498709586342,33885918.0
2004-11-26,11.960867881774902,12.439303092257433,11.960867881774904,12.200086002861514,55430702.0
2004-11-29,11.960867881774902,12.080476942318208,11.901063867348597,11.960867881774904,42073605.0
2004-11-30,12.080475807189941,12.140279815996832,11.841257708581189,11.960866757885565,63309394.0
2004-12-01,11.90106201171875,12.020670021921918,11.841256974926633,11.841256974926633,54570146.0
2004-12-02,12.140281677246094,12.140281677246094,12.020672609604228,12.080477659270539,39105236.0
2004-12-03,12.200085639953613,12.319693665248323,12.140280595615593,12.259889652600968,54078078.0
2004-12-06,12.259891510009766,12.259891510009766,12.080478413195436,12.200087488301929,31329427.0
2004-12-07,12.200085639953613,12.259889652600968,12.140280595615593,12.259889652600968,40367209.0
2004-12-08,12.080475807189941,12.20008485649432,12.020670766692456,12.140279815996832,26684430.0
2004-12-09,11.90106201171875,12.140279063815617,11.841256974926633,12.080475058714033,100165996.0
2004-12-10,11.90106201171875,11.960866016820333,11.841256974926633,11.901062011718748,71215796.0
2004-12-13,11.841256141662598,12.14027820950953,11.781452140769396,11.960865175139462,56704039.0
2004-12-14,11.960867881774902,12.02067189620121,11.841258821231598,11.901063867348597,34666979.0
2004-12-15,12.140281677246094,12.200086726912403,11.960868591628673,12.020672609604228,106558385.0
2004-12-16,12.080475807189941,12.20008485649432,12.020670766692456,12.140279815996832,43281837.0
2004-12-17,12.020674705505371,12.140283794002041,12.020674705505371,12.080479765599174,32812369.0
2004-12-20,11.841256141662598,11.960865175139462,11.781452140769396,11.90106117424626,86653756.0
2004-12-21,11.841256141662598,11.960865175139462,11.841256141662598,11.90106117424626,41254935.0
2004-12-22,11.90106201171875,12.020670021921918,11.901062011718748,11.901062011718748,43848557.0
2004-12-23,11.90106201171875,11.960866016820333,11.841256974926633,11.901062011718748,27510151.0
2004-12-24,11.960867881774902,11.960867881774904,11.841258821231598,11.901063867348597,23239717.0
2004-12-27,11.90106201171875,11.960866016820333,11.841256974926633,11.960866016820333,21504006.0
2004-12-28,11.841256141662598,11.960865175139462,11.841256141662598,11.841256141662598,21649507.0
2004-12-29,12.080475807189941,12.140279815996832,11.901062749078676,11.901062749078676,79456544.0
2004-12-30,12.080475807189941,12.140279815996832,12.020670766692456,12.140279815996832,39617125.0
2004-12-31,12.259891510009766,12.259891510009766,12.020673359796781,12.140282434903273,57175991.0
2005-01-03,12.200085639953613,12.379498709586342,12.140280595615593,12.259889652600968,57594760.0
2005-01-04,12.080475807189941,12.20008485649432,12.020670766692456,12.140279815996832,28208930.0
2005-01-05,11.90106201171875,12.020670021921918,11.901062011718748,11.960866016820333,38190990.0
2005-01-06,11.90106201171875,11.960866016820333,11.841256974926633,11.901062011718748,41269125.0
2005-01-07,11.841256141662598,11.960865175139462,11.781452140769396,11.90106117424626,47499707.0
2005-01-10,11.960867881774902,12.02067189620121,11.841258821231598,11.901063867348597,39739955.0
2005-01-11,11.841256141662598,11.960865175139462,11.841256141662598,11.960865175139462,70705908.0
2005-01-12,11.60204029083252,11.841257350517065,11.54223525214346,11.841257350517065,59574634.0
2005-01-13,11.303019523620605,11.72165071698415,11.243215509578965,11.661845671251823,101090455.0
2005-01-14,11.362824440002441,11.482433509274758,11.123607333148577,11.18341135193935,84319808.0
2005-01-17,11.60204029083252,11.661844297831015,11.482431245144964,11.54223525214346,52514947.0
2005-01-18,11.60204029083252,11.721649336520075,11.54223525214346,11.661844297831015,40770051.0
2005-01-19,11.482433319091797,11.721651453674273,11.482433319091797,11.721651453674273,40052848.0
2005-01-20,11.482433319091797,11.54223733689204,11.362824251800559,11.362824251800559,26673954.0
2005-01-21,11.542237281799316,11.602042331004853,11.422629246769736,11.482433264284525,36328011.0
2005-01-24,11.362824440002441,11.602042578547076,11.303020421211667,11.542237528065533,26755086.0
2005-01-25,11.362824440002441,11.422629490483985,11.243216402420893,11.303020421211667,30533572.0
2005-01-26,11.482433319091797,11.602042386383035,11.362824251800559,11.482433319091797,44783575.0
2005-01-27,11.661845207214355,11.721650250566976,11.542236152199761,11.542236152199761,54711484.0
2005-01-28,11.661845207214355,11.841258273890924,11.602041195552381,11.661845207214355,59329824.0
2005-01-31,12.140281677246094,12.25989074488796,11.661846438369384,11.661846438369384,136577988.0
2005-02-01,12.200085639953613,12.379498709586342,12.140280595615593,12.200085639953612,151373563.0
2005-02-02,12.499109268188477,12.499109268188475,12.379500196833519,12.379500196833519,158168159.0
2005-02-03,12.200085639953613,12.319693665248323,12.140280595615593,12.319693665248323,120579021.0
2005-02-04,12.200085639953613,12.200085639953612,12.200085639953612,12.200085639953612,0.0
2005-02-07,12.200085639953613,12.200085639953612,12.200085639953612,12.200085639953612,0.0
2005-02-08,12.200085639953613,12.200085639953612,12.200085639953612,12.200085639953612,0.0
2005-02-09,12.200085639953613,12.200085639953612,12.200085639953612,12.200085639953612,0.0
2005-02-10,12.200085639953613,12.200085639953612,12.200085639953612,12.200085639953612,0.0
2005-02-11,12.200085639953613,12.200085639953612,12.200085639953612,12.200085639953612,0.0
2005-02-14,12.55891227722168,12.67852133894995,12.43930321549341,12.499108262202897,189030999.0
2005-02-15,12.55891227722168,12.738325353968735,12.558912277221681,12.618716292240464,80751689.0
2005-02-16,12.439302444458008,12.49910748746055,12.25988937883166,12.49910748746055,110829643.0
2005-02-17,11.90106201171875,12.140279063815617,11.602039922829764,11.602039922829764,232651524.0
2005-02-18,12.200085639953613,12.259889652600968,11.901063513335508,11.960867525982865,195803086.0
2005-02-21,12.140281677246094,12.25989074488796,12.020672609604228,12.200086726912403,109628532.0
2005-02-22,11.960867881774902,12.140280956744515,11.960867881774904,12.140280956744515,49883895.0
2005-02-23,12.140281677246094,12.200086726912403,11.841259523986807,11.960868591628673,92994248.0
2005-02-24,12.080475807189941,12.259888865301209,12.080475807189943,12.140279815996832,85909635.0
2005-02-25,12.439302444458008,12.49910748746055,12.25988937883166,12.25988937883166,132516566.0
2005-02-28,12.439302444458008,12.439302444458008,12.439302444458008,12.439302444458008,0.0
2005-03-01,12.200085639953613,12.499107766571715,12.200085639953612,12.439302722233696,82972988.0
2005-03-02,12.259891510009766,12.40939898505231,12.200087488301929,12.200087488301929,61228634.0
2005-03-03,12.229984283447266,12.259889901294905,12.050571210175113,12.259889901294905,46105593.0
2005-03-04,11.990765571594238,12.170178635993125,11.990765571594238,12.140280241458964,57474688900.0
2005-03-07,11.990765571594238,12.170178635993125,11.990765571594238,12.020671187962828,57391903692.0
2005-03-08,12.050569534301758,12.200084190768049,11.990764497067675,12.050569534301758,58032936.0
2005-03-09,12.050569534301758,12.050569534301758,11.960866105212792,11.990764497067675,45472100.0
2005-03-10,11.930961608886719,11.99076562003105,11.841258171396817,11.960867225376113,46540333.0
2005-03-11,12.020674705505371,12.050574140479467,11.960870677102502,11.990769080385665,34880361.0
2005-03-14,11.90106201171875,12.020670021921918,11.871155366560561,12.020670021921918,40250999.0
2005-03-15,11.691744804382324,11.93096293901015,11.631940786570743,11.901064541021992,49164903.0
2005-03-16,11.661845207214355,11.751548645480701,11.602041195552381,11.661845207214355,48885347.0
2005-03-17,11.482433319091797,11.54223733689204,11.452534921109306,11.54223733689204,54493795.0
2005-03-18,11.303019523620605,11.422628583394573,11.21331608178486,11.392721933765662,66479022.0
2005-03-21,11.362824440002441,11.482433509274758,11.362824440002441,11.482433509274758,39837878.0
2005-03-22,11.12360668182373,11.362823774670625,10.974099222827885,11.362823774670625,94657329.0
2005-03-23,11.153512954711914,11.303020422478685,10.884389195824033,11.063802283907236,111482714.0
2005-03-24,11.303019523620605,11.452534201332798,11.183410463846638,11.183410463846638,78528134.0
2005-03-25,11.392722129821777,11.452534398418214,11.332918114750974,11.362823733203841,26307638.0
2005-03-28,11.303019523620605,11.452534201332798,11.303019523620605,11.452534201332798,22227629.0
2005-03-29,11.12360668182373,11.303019759381579,11.12360668182373,11.303019759381579,30788482.0
2005-03-30,11.12360668182373,11.21331631567478,11.063801634843976,11.12360668182373,37217643.0
2005-03-31,11.392722129821777,11.422628779965347,11.273114099680173,11.30301971813304,40927606.0
2005-04-01,11.452532768249512,11.45253276824951,11.303018109246452,11.42262715405345,31925163.0
2005-04-04,11.362824440002441,11.392722838480138,11.303020421211667,11.362824440002441,22097041.0
2005-04-05,11.362824440002441,11.362824440002441,11.362824440002441,11.362824440002441,0.0
2005-04-06,11.273112297058105,11.422626953435204,11.273112297058105,11.362821916236797,24749939.0
2005-04-07,11.093706130981445,11.362822625017774,11.093706130981444,11.303018615779498,43319649.0
2005-04-08,11.273112297058105,11.303017910728927,11.153510476185607,11.213314481693475,32071246.0
2005-04-11,11.12360668182373,11.303019759381579,11.063801634843976,11.273114140819576,43105247.0
2005-04-12,11.18341064453125,11.243215691229818,11.123606629523387,11.123606629523387,21392482.0
2005-04-13,11.273112297058105,11.273112297058105,11.213314481693475,11.24321390522106,21041303.0
2005-04-14,11.18341064453125,11.273114087816287,11.093707201246215,11.15351224794478,51040392.0
2005-04-15,10.974101066589355,11.183412576040727,10.974101066589355,11.183412576040727,57347629.0
2005-04-18,10.675076484680176,10.914293564119335,10.525561812229432,10.914293564119335,60833692.0
2005-04-19,10.675076484680176,10.734880496617304,10.6152714410524,10.675076484680178,40339078.0
2005-04-20,10.675076484680176,10.884387947233494,10.645170867794336,10.884387947233494,57067727.0
2005-04-21,10.884387969970703,10.884387969970701,10.675076506980139,10.675076506980139,46003653.0
2005-04-22,10.884387969970703,11.033902642733779,10.824583957908647,11.033902642733779,59517979.0
2005-04-25,10.884387969970703,10.914293586919014,10.824583957908647,10.884387969970701,24213061.0
2005-04-26,11.003998756408691,11.063802777876257,10.824585660315176,10.884389681782743,39389289.0
2005-04-27,11.033902168273926,11.123605603283114,10.974098158783454,11.00399655261156,34463613.0
2005-04-28,11.033902168273926,11.033902168273926,10.79468406693082,10.974098158783454,42068655.0
2005-04-29,11.003998756408691,11.003998756408691,10.854491281966812,10.944194734941124,23950082.0
2005-05-02,11.003998756408691,11.003998756408691,11.003998756408691,11.003998756408691,0.0
2005-05-03,11.003998756408691,11.21331747415384,11.003998756408691,11.003998756408691,40582230.0
2005-05-04,11.063802719116211,11.093708340609018,10.974100298309125,11.063802719116211,19706928.0
2005-05-05,11.422630310058594,11.542238356222027,11.12360813126832,11.213317776808847,85881194.0
2005-05-06,11.691744804382324,11.751549853884656,11.482433321268669,11.512338941092091,94134538.0
2005-05-09,11.691744804382324,11.751549853884656,11.631940786570743,11.661846406394163,51450241.0
2005-05-10,11.60204029083252,11.661844297831015,11.452532852562696,11.631938683414788,37129275.0
2005-05-11,11.452532768249512,11.542235167169888,11.39272050816683,11.482431160611668,30426298.0
2005-05-12,11.631940841674805,11.631940841674805,11.482433375664469,11.54223739375936,68796987.0
2005-05-13,11.721650123596191,11.81135252920022,11.542236027172418,11.60204106987722,65677782128.0
2005-05-16,11.90106201171875,12.200084100607734,11.901062011718748,11.960866016820333,90989110.0
2005-05-17,12.110377311706543,12.14028293470952,11.990768231675835,12.020673854678812,100527302.0
2005-05-18,12.020674705505371,12.110378168882336,12.020674705505371,12.110378168882336,38620115.0
2005-05-19,12.200085639953613,12.259889652600968,12.110374978374596,12.110374978374596,96032256.0
2005-05-20,12.259891510009766,12.259891510009766,12.110376813131488,12.200087488301929,52241639.0
2005-05-23,12.050569534301758,12.259888196311593,12.020670110756337,12.259888196311593,36711549.0
2005-05-24,12.40939998626709,12.499110668675566,12.080479387872257,12.080479387872257,114420591.0
2005-05-25,12.499109268188477,12.648615706850935,12.409398595831808,12.499109268188475,135396015.0
2005-05-26,12.55891227722168,12.618716292240464,12.43930321549341,12.499108262202897,84367399.0
2005-05-27,12.798129081726074,12.828027477646918,12.648614404926894,12.67852105437318,106925776.0
2005-05-30,12.917740821838379,12.91774082183838,12.738327711881281,12.798131737970015,75917056.0
2005-05-31,12.678521156311035,12.887832626634808,12.678521156311035,12.887832626634808,76152783.0
2005-06-01,12.648615837097168,12.648615837097166,12.379500324308596,12.588811816649264,107911579.0
2005-06-02,12.85793399810791,12.887832393728823,12.708419322808595,12.708419322808595,92836039.0
2005-06-03,13.276565551757812,13.396174622202759,12.857935352736671,12.857935352736671,186086131.0
2005-06-06,13.396175384521484,13.455980438992594,13.127052639401485,13.127052639401485,92210736.0
2005-06-07,13.57558822631836,13.605487657912656,13.246661464674933,13.396175129699499,140327955.0
2005-06-08,13.874608039855957,13.934413083025296,13.605485345593927,13.635390962250526,141098722.0
2005-06-09,13.934415817260742,13.934415817260744,13.725097093404525,13.904510194736012,112391380.0
2005-06-10,13.994219779968262,14.024119212218649,13.635393578856727,13.934415757013287,132482584.0
2005-06-13,14.054021835327148,14.054021835327147,13.665290066243541,13.87460875988963,95029769.0
2005-06-14,13.84470272064209,13.964311777859834,13.75499928072344,13.934413382395391,81503808.0
2005-06-15,13.515783309936523,13.814805461736425,13.515783309936523,13.755000412361994,94858403.0
2005-06-16,13.904508590698242,13.934414209773031,13.515783000499374,13.6652904620588,95075659.0
2005-06-17,14.263334274291992,14.562356409231773,13.964312139352215,13.964312139352215,182419568772.0
2005-06-20,14.652066230773926,14.681965659089038,14.263334458430707,14.353036870138858,119487938.0
2005-06-21,14.502552032470703,14.592261662613609,14.442746987962988,14.592261662613609,96723973.0
2005-06-22,14.681965827941895,14.711871446745167,14.472646098442587,14.502552748936578,99576671.0
2005-06-23,14.502552032470703,14.711870719938377,14.502552032470703,14.622160058104805,88655880.0
2005-06-24,14.293237686157227,14.382941114551999,14.263332072699995,14.353034469404236,58566424.0
2005-06-27,13.874608039855957,14.05402110598269,13.844702423199358,14.05402110598269,88627592.0
2005-06-28,13.994219779968262,14.083923235173625,13.814806679412495,13.87461070236747,57552489.0
2005-06-29,13.755002975463867,14.23343830115701,13.635394917808787,14.17363427232947,124822529.0
2005-06-30,13.755002975463867,13.874612064809888,13.725098381822741,13.874612064809888,49556148.0
2005-07-01,14.024118423461914,14.054023012484585,13.635392811963037,13.874609922019523,43409324.0
2005-07-04,14.054021835327148,14.054021835327147,13.844703141681057,13.994217820744874,32829460.0
2005-07-05,13.814804077148438,13.994217143908562,13.814804077148436,13.994217143908562,34869339.0
2005-07-06,13.874608039855957,13.994217094503993,13.874608039855957,13.904507466368699,38023399.0
2005-07-07,14.1138277053833,14.113827705383299,13.874609569710346,14.024118067356362,47217193.0
2005-07-08,14.1138277053833,14.17363172345616,13.934414619473962,13.994218637546822,28264714.0
2005-07-11,14.502552032470703,14.562356045287753,14.173630477822257,14.233434490639308,72793907.0
2005-07-12,14.861379623413086,14.921183642067767,14.592263087003177,14.652067105657856,83412252.0
2005-07-13,14.831470489501953,14.921181145079773,14.74176808744888,14.861377136433006,66059595454.0
2005-07-14,15.070688247680664,15.10059386224686,14.831470155105913,14.861376801362683,71417708.0
2005-07-15,14.681965827941895,15.01088636714925,14.681965827941893,15.01088636714925,54384188.0
2005-07-18,14.681965827941895,14.681965827941893,14.681965827941893,14.681965827941893,0.0
2005-07-19,14.472646713256836,14.622161401645444,14.41284269494476,14.59226300340707,39961845.0
2005-07-20,14.53245735168457,14.771668256574486,14.47264611401367,14.592262399211164,47877232.0
2005-07-21,14.502552032470703,14.831471523737818,14.382942975145937,14.412841370637132,41398618.0
2005-07-22,14.233431816101074,14.472642663966946,14.233431816101074,14.472642663966946,51584974.0
2005-07-25,14.08392333984375,14.2334370092603,14.024119316444317,14.203532418333463,35436723.0
2005-07-26,13.904508590698242,14.20353073565218,13.87460916176781,13.99421822608753,49252104002.0
2005-07-27,13.45598030090332,13.784900875283087,13.276566171022028,13.755001443426881,122653479.0
2005-07-28,13.605487823486328,13.60548782348633,13.276566216294139,13.455980346787221,71122768.0
2005-07-29,13.48587703704834,13.72509515957909,13.48587703704834,13.72509515957909,43771077.0
2005-08-01,13.515783309936523,13.60548675723517,13.306464605435268,13.366268623118948,78664026457.0
2005-08-02,15.495539665222168,15.531910889927085,15.095420084292831,15.131792340688468,96500656.0
2005-08-03,16.223020553588867,16.223020553588867,15.641029534329405,15.677407970833565,90581601.0
2005-08-04,16.113901138305664,16.259402526450707,15.932027498196144,16.223023052652064,35754981.0
2005-08-05,16.113901138305664,16.113901138305664,16.113901138305664,16.113901138305664,0.0
2005-08-08,15.932027816772461,15.96840729129855,15.71378295202505,15.71378295202505,62938284.0
2005-08-09,15.641032218933105,15.895656557595082,15.641032218933105,15.786533609638145,43799006.0
2005-08-10,16.2957763671875,16.586771950014313,15.895657827684644,15.93202905150457,77498775.0
2005-08-11,16.58677101135254,16.62314326480482,16.332146666755097,16.51402031430415,69870169.0
2005-08-12,16.4412784576416,16.73227508433831,16.332148274563213,16.586772644226997,34141998.0
2005-08-15,16.004779815673828,16.295776431336865,15.968408591710727,16.295776431336865,44572317.0
2005-08-16,15.932027816772461,16.041150764991478,15.822905900244065,16.004778512299705,25192277.0
2005-08-17,15.822907447814941,15.859285894208435,15.750155713481547,15.750155713481547,44094962.0
2005-08-18,15.459159851074219,15.895657869058711,15.459159851074219,15.85928561345342,35778302.0
2005-08-19,15.131793022155762,15.313666692613376,15.059042315943794,15.313666692613376,42039405893.0
2005-08-22,15.350038528442383,15.350038528442381,15.16816588245413,15.240915559863916,15361653.0
2005-08-23,15.495539665222168,15.641033849258328,15.313666002955319,15.386416705890925,28572968.0
2005-08-24,15.022668838500977,15.42278840497167,15.022668838500977,15.42278840497167,52703657.0
2005-08-25,14.804424285888672,15.022669169786804,14.768044808170329,14.840796541772063,29934054.0
2005-08-26,14.949919700622559,15.059041628193814,14.731673782098609,14.840796741360585,43292526.0
2005-08-29,14.331557273864746,14.949921829425724,14.186055847367133,14.76804710968544,55606484.0
2005-08-30,14.25880241394043,14.549797960473677,14.222430162966232,14.440676049098242,34296497.0
2005-08-31,14.25880241394043,14.549797960473677,14.222430162966232,14.295173633224062,46848556.0
2005-09-01,14.25880241394043,14.258802413940431,14.258802413940431,14.258802413940431,0.0
2005-09-02,14.913548469543457,14.913548469543455,14.367928477269075,14.54980112023334,64631845.0
2005-09-05,14.47705078125,14.62255220073965,14.440679553140862,14.586173750794782,27607979.0
2005-09-06,14.695303916931152,14.695303916931152,14.549801466000634,14.549801466000634,26117824.0
2005-09-07,14.84079647064209,14.913547172204431,14.695302289352318,14.840796470642088,22139288.0
2005-09-08,14.986298561096191,15.095420491681649,14.98629856109619,15.059042044159915,29853157.0
2005-09-09,14.84079647064209,15.131792055056547,14.73167351337068,15.059041353494203,30326915002.0
2005-09-12,15.095420837402344,15.204543802177726,14.986298904317737,15.022670130837211,38590484.0
2005-09-13,15.131793022155762,15.24091495471064,15.022670057910114,15.13179302215576,23139710036.0
2005-09-14,14.986298561096191,15.095420491681649,14.949920113574455,15.059042044159915,21902969.0
2005-09-15,14.913548469543457,15.095421112507722,14.840797761652482,14.913548469543455,29761197.0
2005-09-16,14.913548469543457,15.059042663489858,14.804425502779372,15.022670404616749,43751690.0
2005-09-19,15.27729320526123,15.27729320526123,14.913545918179882,14.913545918179882,37710459.0
2005-09-20,15.27729320526123,15.38641512166628,14.986296613624889,15.131790782680598,43122240628.0
2005-09-21,14.986298561096191,15.277295190547576,14.949920113574455,14.98629856109619,20074809.0
2005-09-22,14.47705078125,14.840798139829213,14.367928843396037,14.840798139829213,69802965.0
2005-09-23,14.513428688049316,14.69530234760401,14.404305730345348,14.404305730345348,43005614.0
2005-09-26,14.513428688049316,14.731673571766546,14.513428688049316,14.622550614062577,43643868.0
2005-09-27,14.513428688049316,14.586172168065096,14.404305730345348,14.477049210361129,33674895.0
2005-09-28,14.331557273864746,14.549802191775093,14.29517779047687,14.477051478526286,34150891.0
2005-09-29,14.66187858581543,14.772117840034467,14.404652283716642,14.404652283716642,115763354.0
2005-09-30,15.654034614562988,15.654034614562988,15.139583053699713,15.433556111114978,116547185.0
2005-10-03,15.98475456237793,16.168486306173445,15.727528264020846,15.801021786891658,109959325.0
2005-10-04,16.20523452758789,16.315474821825994,16.094995265040637,16.131742029786672,70318092.0
2005-10-05,16.058246612548828,16.31547290384168,16.021499852122602,16.168485862136777,63014849.0
2005-10-06,15.837767601013184,15.911261124275539,15.727528347810416,15.801021871072772,68470017.0
2005-10-07,15.654034614562988,15.837767388563496,15.543795362838983,15.801021659115994,60020836.0
2005-10-10,15.495539665222168,15.495539665222168,15.495539665222168,15.495539665222168,0.0
2005-10-11,15.2130765914917,15.507049669142871,15.17633085951477,15.507049669142871,62897826.0
2005-10-12,14.551636695861816,15.06608821166003,14.551636695861816,15.06608821166003,119912873.0
2005-10-13,14.80886459350586,14.80886459350586,14.441399037398917,14.478145799347764,59264972.0
2005-10-14,14.735369682312012,14.955849201556767,14.661877197024209,14.845609957779727,46575008.0
2005-10-17,14.514891624450684,14.808863637685866,14.514891624450684,14.735370118531717,42825868.0
2005-10-18,14.588382720947266,14.7353687135501,14.514890240491154,14.514890240491154,38848571.0
2005-10-19,14.00044059753418,14.478146461329738,14.000440597534178,14.478146461329738,79793981.0
2005-10-20,14.257664680480957,14.257664680480959,13.926945899015028,14.110678670017293,86069044.0
2005-10-21,14.00044059753418,14.110679856730405,13.890201338337953,13.963693833905163,43637667.0
2005-10-24,13.8534517288208,14.11067695800098,13.853451728820799,14.03718447753119,72523858.0
2005-10-25,13.890199661254883,14.073932425525506,13.890199661254885,13.963692147948716,67611851.0
2005-10-26,13.706467628479004,13.890200402555186,13.66972086732562,13.890200402555186,44712214.0
2005-10-27,12.751054763793945,13.449238976669072,12.751054763793945,13.449238976669072,202881186.0
2005-10-28,12.310097694396973,12.604070746390885,12.016124642403058,12.346844454857553,260302500.0
2005-10-31,13.081775665283203,13.081775665283203,12.3468445756448,12.383590304774126,205545475.0
2005-11-01,12.5673246383667,13.081776216450539,12.567324638366697,13.081776216450539,93802106.0
2005-11-02,12.861294746398926,12.934788260120994,12.677561993784389,12.677561993784389,74483067.0
2005-11-03,12.934788703918457,13.081774704715105,12.934788703918455,13.081774704715105,71693660.0
2005-11-04,13.155267715454102,13.375747241313174,13.045028468369917,13.22876123463736,73886178.0
2005-11-07,12.677562713623047,13.081774998664542,12.567323468471134,13.081774998664542,75356689.0
2005-11-08,12.5673246383667,12.751057418517412,12.4938311136301,12.714310656149113,84427047.0
2005-11-09,13.045028686523438,13.192014695657315,12.604070659121804,12.64081638763723,89246319.0
2005-11-10,13.632974624633789,13.926946661659123,13.22876229995586,13.22876229995586,167407872.0
2005-11-11,14.110679626464844,14.110679626464846,13.816707585611553,13.9636936060382,127921932.0
2005-11-14,13.963693618774414,14.110679639335125,13.89020112433946,14.110679639335125,59611624.0
2005-11-15,13.59622573852539,13.85345200451518,13.449239742970068,13.816705247703693,80417366.0
2005-11-16,13.522734642028809,13.669720652643193,13.37574759972369,13.44924112087625,67609643.0
2005-11-17,13.375747680664062,13.59622721376519,13.302255190757514,13.559481484657285,34328847.0
2005-11-18,13.485986709594727,13.743211947895764,13.375746437445159,13.59622595005365,73656549.0
2005-11-21,13.522734642028809,13.669720652643193,13.485987881452528,13.559481402605089,30630490.0
2005-11-22,13.339001655578613,13.522735469705683,13.302255924443998,13.522735469705683,44760054.0
2005-11-23,13.8534517288208,13.853451728820799,13.338999207079224,13.412492719239623,93976536.0
2005-11-24,14.184172630310059,14.331158645325175,14.000439853618474,14.000439853618474,148863096.0
2005-11-25,14.257664680480957,14.404651722635357,14.220918951633092,14.331158201558157,93084514.0
2005-11-28,14.073934555053711,14.331159844938945,13.926947496044033,14.294413080186526,72768943.0
2005-11-29,13.632974624633789,13.963693424209987,13.632974624633787,13.963693424209987,72937485.0
2005-11-30,13.743212699890137,13.853452978071777,13.596226694005315,13.632973453399195,75599566.0
2005-12-01,13.816707611083984,13.890201137278202,13.706468353483466,13.743214084889768,47585525.0
2005-12-02,14.110679626464844,14.294412409920852,14.037187132096923,14.18417315252357,118007392.0
2005-12-05,14.514891624450684,14.551637352337051,14.03718581333013,14.331157826565311,104500477.0
2005-12-06,14.367904663085938,14.514891702181385,14.257664383764352,14.478144942407523,75773260.0
2005-12-07,14.514891624450684,14.661877631068275,14.257664307411163,14.47814486487361,71487582.0
2005-12-08,14.184172630310059,14.478145692031054,14.110679106957118,14.478145692031054,55123549.0
2005-12-09,14.00044059753418,14.110679856730405,13.890201338337953,14.110679856730405,54047529.0
2005-12-12,13.816707611083984,14.000440394878723,13.706468353483466,14.000440394878723,54313958.0
2005-12-13,13.743212699890137,13.816706218677897,13.632973453399195,13.743212699890137,36168826.0
2005-12-14,13.155267715454102,13.632973526763879,12.861295702102474,13.596226767172247,185910696.0
2005-12-15,13.302254676818848,13.37574716388598,13.155267639303181,13.155267639303181,82414111.0
2005-12-16,13.485986709594727,13.559480224361106,13.228760439603047,13.228760439603047,96737976.0
2005-12-19,13.743212699890137,13.816706218677897,13.522734206908256,13.559480966302136,75436176.0
2005-12-20,13.926944732666016,13.926944732666016,13.522733495665364,13.70646625128044,77144412.0
2005-12-21,13.963693618774414,14.037187144900171,13.743214072087946,13.89020112433946,59477674.0
2005-12-22,13.676810264587402,14.00417806150612,13.676810264587404,13.822312680199914,56292606.0
2005-12-23,14.441398620605469,14.441398620605469,13.853453541464896,13.890200302353197,123115908.0
2005-12-26,14.040567398071289,14.404284817146396,14.040567398071289,14.36792803475491,63502517174.0
2005-12-27,14.29440975189209,14.441396776677474,14.110677002600973,14.184170514993664,68346371.0
2005-12-28,13.8534517288208,14.00043772145099,13.70646573619061,13.8167049727406,137327166.0
2005-12-29,13.890199661254883,13.926945388756453,13.33900033675232,13.706466896984262,161476517.0
2005-12-30,13.669720649719238,13.890200181439022,13.669720649719238,13.816706660302183,84371848.0
2006-01-02,13.375747680664062,13.59622721376519,13.265508429958869,13.52273472385864,61476627.0
2006-01-03,13.522734642028809,13.596227131490634,13.08177557849492,13.37574759972369,92106382.0
2006-01-04,13.449238777160645,13.743210747160736,13.375745268815344,13.706465024678641,133379308.0
2006-01-05,13.302254676818848,13.596226688468782,13.228761158061015,13.485987442022733,103418570.0
2006-01-06,13.412495613098145,13.522735905124012,13.375748849089524,13.375748849089524,100062449.0
2006-01-09,13.8534517288208,14.00043772145099,13.70646573619061,13.7799582166604,181613242.0
2006-01-10,13.632974624633789,13.853454168248184,13.449241843570256,13.853454168248184,108399024.0
2006-01-11,13.632974624633789,13.669721387184651,13.449241843570256,13.522735368671984,106391975.0
2006-01-12,13.59622573852539,13.890198761326669,13.596225738525392,13.743211734080717,76769056.0
2006-01-13,13.412495613098145,13.559482669132635,13.375748849089524,13.522735905124012,68908668.0
2006-01-16,13.632974624633789,13.743213880595592,13.412495081019392,13.449241843570256,57713503.0
2006-01-17,13.779961585998535,13.816708351063687,13.669722322493945,13.743214820933385,48881606.0
2006-01-18,13.118523597717285,13.485989175354801,13.118523597717287,13.375748883049047,135583603.0
2006-01-19,13.375747680664062,13.375747680664062,13.19201490836158,13.265508429958869,49620541.0
2006-01-20,13.339001655578613,13.522735469705683,13.265509161618583,13.522735469705683,35422530.0
2006-01-23,13.155267715454102,13.26550799422899,13.1552677154541,13.1552677154541,42773613.0
2006-01-24,13.265509605407715,13.375748865881143,13.192016077298208,13.228762841352962,45445262.0
2006-01-25,13.339001655578613,13.449241944054855,13.192015635967756,13.375748418404028,46028167.0
2006-02-03,13.081775665283203,13.596227221691937,12.93478965369367,13.449241210102404,122887751.0
2006-02-06,13.228761672973633,13.228761672973631,12.787803638335005,12.934789649881214,67132721.0
2006-02-07,13.632974624633789,13.669721387184651,13.192015537404997,13.22876229995586,102027546.0
2006-02-08,13.375747680664062,13.59622721376519,13.375747680664062,13.559481484657285,27400960.0
2006-02-09,13.375747680664062,13.559481484657285,13.375747680664062,13.52273472385864,41530523.0
2006-02-10,13.449238777160645,13.485985531333293,13.265506037987947,13.449238777160645,32503589.0
2006-02-13,13.155267715454102,13.485987520088065,13.118521987553176,13.449240760496435,44916820.0
2006-02-14,13.155267715454102,13.1552677154541,12.934789221285733,13.008281708778286,51959522.0
2006-02-15,12.934788703918457,13.118521462836934,12.934788703918455,13.118521462836934,47263896.0
2006-02-16,13.816707611083984,13.816707611083984,13.706468353483466,13.816707611083984,149502672.0
2006-02-17,14.037187576293945,14.18417360137186,13.96369404790957,14.110680072987485,188552905.0
2006-02-20,14.073934555053711,14.11068028811528,13.853454998230045,13.963694260796451,95856994.0
2006-02-21,13.963693618774414,14.147426402398004,13.926946855711536,14.110679639335125,69513653.0
2006-02-22,13.743212699890137,13.963692224562719,13.669720212793077,13.853452978071777,87756672.0
2006-02-23,13.779961585998535,13.926947614568277,13.669722322493945,13.743214820933385,80949488.0
2006-02-24,14.00044059753418,14.037187361163193,13.779961047450906,13.779961047450906,65069001.0
2006-02-27,14.073934555053711,14.11068028811528,13.816708233477625,13.890201762982464,63735384.0
2006-03-01,14.110679626464844,14.147426389494207,13.853454348640916,13.890201111670278,61011480.0
2006-03-02,14.257664680480957,14.367904962096757,14.220918951633092,14.331158201558157,87354085.0
2006-03-03,14.367904663085938,14.514891702181385,14.257664383764352,14.331157903312075,136672134.0
2006-03-06,14.478144645690918,14.478144645690918,14.257664091566298,14.367904368628608,60264449.0
2006-03-07,14.110679626464844,14.367905935979577,14.110679626464846,14.367905935979577,61110839.0
2006-03-08,13.816707611083984,14.000440394878723,13.743214084889768,13.816707611083984,59451178.0
2006-03-09,13.816707611083984,13.926946868684505,13.779960847986876,13.816707611083984,45956040.0
2006-03-10,14.073934555053711,14.257666315434106,13.816708233477625,13.926947496044033,47563445.0
2006-03-13,14.257664680480957,14.331158201558157,14.147425430555892,14.257664680480959,47609076.0
2006-03-14,13.963693618774414,14.257665659895837,13.926946855711536,14.257665659895837,33741526.0
2006-03-15,14.073934555053711,14.184173817620119,14.000441025548872,14.11068028811528,30635642.0
2006-03-16,14.037187576293945,14.257666098065402,14.037187576293945,14.147426837179673,34119826.0
2006-03-17,14.14742660522461,14.184173368814312,13.853454559888615,13.963693818966908,24934653.0
2006-03-20,14.14742660522461,14.2576658643029,14.037187346146315,14.147426605224608,34455438.0
2006-03-21,14.037187576293945,14.257666098065402,14.037187576293945,14.147426837179673,28922990.0
2006-03-22,13.926944732666016,14.03718500504945,13.890199006895518,14.03718500504945,47762163.0
2006-03-23,13.926944732666016,14.000438247588304,13.853452249434373,13.926944732666016,40458184.0
2006-03-24,13.926944732666016,14.000438247588304,13.816705491973227,13.96369149012716,35077351.0
2006-03-27,14.220918655395508,14.25766438347792,13.963692368674353,13.963692368674353,47734195.0
2006-03-28,14.331154823303223,14.367901575179582,14.147422095611912,14.220915599364632,57720862.0
2006-03-29,14.478144645690918,14.514891404711689,14.22091836423622,14.294410850587068,54874048.0
2006-03-30,14.625127792358398,14.661874544198916,14.404648313005781,14.58838104051788,71195393.0
2006-03-31,15.06609058380127,15.249823370635657,14.66187927811828,14.66187927811828,141632716.0
2006-04-03,15.543795585632324,15.911261138900322,15.10283650903442,15.213075762338514,139414438.0
2006-04-04,15.543795585632324,15.69078160060137,15.360062808998325,15.617289108962229,60703100.0
2006-04-06,15.76427173614502,15.801018489912991,15.617285752763673,15.654031474841103,88187227.0
2006-04-07,15.801020622253418,16.021499111233638,15.36006158091162,15.72752710479956,82687163.0
2006-04-10,15.94801139831543,15.98475816803976,15.580545764454126,15.801025351109107,62377480.0
2006-04-11,15.32331657409668,15.72752890292507,15.286570842859298,15.580542882903146,63365917.0
2006-04-12,14.955848693847656,15.249820688400689,14.845609453812928,15.066087933882383,75121172.0
2006-04-13,14.882356643676758,15.13958293798779,14.845610914510106,14.955850165391551,53912107.0
2006-04-14,15.507049560546875,15.690782345908119,14.919104441052735,14.955851204463146,58457590.0
2006-04-17,15.433558464050293,15.61729126606193,15.396811697309783,15.507050965840403,40161579.0
2006-04-18,15.507049560546875,15.5805430873677,15.323316775185633,15.433557065416867,31085333.0
2006-04-19,15.801020622253418,15.984753384197388,15.764273863526489,15.80102062225342,66758837.0
2006-04-20,15.76427173614502,15.911257719526365,15.654031474841103,15.76427173614502,49222370.0
2006-04-21,16.315473556518555,16.535953096205148,15.801021985043688,15.837767715249143,143747955.0
2006-04-24,16.535947799682617,16.829919737310643,16.20522808023804,16.388961830868606,90401825.0
2006-04-25,16.058246612548828,16.535952434708307,15.984754123387104,16.535952434708307,57270436.0
2006-04-26,16.388965606689453,16.388965606689453,16.058245811051005,16.1684850551367,62327433.0
2006-04-27,15.837767601013184,16.388966962099314,15.837767601013185,16.388966962099314,63797944.0
2006-04-28,16.315473556518555,16.315473556518555,15.948008000937826,15.948008000937826,63254782.0
2006-05-02,16.315473556518555,16.315473556518555,16.058247254935736,16.168486508933647,56650731.0
2006-05-03,16.315473556518555,16.60944558830683,16.278726794622326,16.315473556518555,39994509.0
2006-05-04,16.425710678100586,16.60944343203843,16.35221819553983,16.38896495266553,37070415.0
2006-05-05,16.499202728271484,16.71968221977046,16.499202728271484,16.535949482136406,52110400.0
2006-05-08,16.609445571899414,16.719685857479195,16.53595307987033,16.609445571899414,30450172.0
2006-05-09,16.425710678100586,16.60944343203843,16.35221819553983,16.60944343203843,40296266.0
2006-05-10,15.654034614562988,16.168486175426263,15.543795362838983,16.168486175426263,78549420.0
2006-05-11,15.433558464050293,15.654037001111531,15.286572428779163,15.433558464050291,56636011.0
2006-05-12,15.1395845413208,15.249823803876955,15.102837776571798,15.139584541320799,46799486.0
2006-05-15,14.919102668762207,14.992596186852488,14.69862314618206,14.84561018236262,60976889.0
2006-05-16,14.955848693847656,15.102834691124173,14.882355179364078,14.955848693847656,44634199.0
2006-05-17,15.507049560546875,15.764275872728941,15.029344731283969,15.13958398982439,51640101.0
2006-05-18,14.986298561096191,15.131792749058885,14.695302963335553,14.98629856109619,53772074725.0
2006-05-19,15.131793022155762,15.13179302215576,14.804425161109588,14.913548125355236,27724355140.0
2006-05-22,14.551636695861816,15.286568759175829,14.551636695861816,15.286568759175829,65264039.0
2006-05-23,14.772120475769043,14.95585328671072,14.551640896300842,14.551640896300842,45827977.0
2006-05-24,14.772120475769043,15.066092560599342,14.625134433353894,14.919106518184194,46926812.0
2006-05-25,14.625127792358398,14.808860519870498,14.58838104051788,14.698620264348945,43426437.0
2006-05-26,14.514891624450684,14.772116878108791,14.331157826565311,14.772116878108791,68069638.0
2006-05-29,14.40428352355957,14.622550064579663,14.40428352355957,14.40428352355957,23784445878.0
2006-05-30,14.551636695861816,14.772116211686955,14.551636695861816,14.551636695861816,23543629.0
2006-06-01,14.698624610900879,14.919104155451828,14.698624610900879,14.808864899021751,36240953.0
2006-06-02,14.919102668762207,14.955849427807347,14.735369905227198,14.84561018236262,32578660.0
2006-06-05,14.404651641845703,14.955849951761058,14.257664600515692,14.919103191428556,58199993.0
2006-06-06,14.331154823303223,14.441395078932302,13.89019689585837,14.331154823303223,84859810.0
2006-06-07,14.037187576293945,14.29441286225759,14.037187576293945,14.29441286225759,22240924.0
2006-06-08,13.816707611083984,14.110679652479241,13.59622806419214,13.890201137278202,69056602.0
2006-06-09,14.110679626464844,14.110679626464846,13.485988781728901,13.816707585611553,81228428.0
2006-06-12,14.037187576293945,14.037187576293945,13.449242444291446,13.632975233561549,58691635.0
2006-06-13,13.412495613098145,13.66972192946767,13.412495613098146,13.522735905124012,57095270.0
2006-06-14,13.632974624633789,13.743213880595592,13.375748318468528,13.412495081019392,49856058.0
2006-06-15,13.59622573852539,13.706466008959856,13.559480013404531,13.669719252148369,28526291.0
2006-06-16,13.779961585998535,14.037187909763727,13.779961585998535,13.963694379633427,44516440.0
2006-06-19,13.743212699890137,13.963692224562719,13.743212699890137,13.89019973746566,28245142.0
2006-06-20,13.412495613098145,13.779961189802707,13.339002085080901,13.63297516545905,49540318.0
2006-06-21,13.59622573852539,13.63297249533688,13.449239742970068,13.449239742970068,20320723.0
2006-06-22,14.037187576293945,14.037187576293945,13.743214494447278,13.779961258639466,38398880.0
2006-06-23,13.743212699890137,13.853452978071777,13.632973453399195,13.816706218677897,29939394.0
2006-06-26,13.890199661254883,13.890199661254885,13.632973378599734,13.816706142870357,17023481.0
2006-06-27,13.963693618774414,14.037187144900171,13.743214072087946,13.963693618774414,26611977.0
2006-06-28,13.8534517288208,13.853451728820799,13.596225467950012,13.596225467950012,38075780.0
2006-06-29,13.963693618774414,14.000440381837294,13.779960835150826,13.779960835150826,38696956.0
2006-06-30,14.257664680480957,14.294411441019557,14.147425430555892,14.294411441019557,43618531.0
2006-07-03,14.257664680480957,14.294411441019557,14.110678670017293,14.257664680480959,22859893.0
2006-07-04,14.257664680480957,14.331158201558157,14.110678670017293,14.294411441019557,27574654.0
2006-07-05,14.073934555053711,14.184173817620119,13.963694260796451,14.147427052867698,36251993.0
2006-07-06,14.073934555053711,14.11068028811528,13.853454998230045,13.890201762982464,24857374.0
2006-07-07,14.110679626464844,14.147426389494207,14.000440369067562,14.073933895126286,14788275.0
2006-07-10,14.257664680480957,14.257664680480959,13.816706649089962,13.89020017016716,28688945.0
2006-07-11,14.110679626464844,14.18417315252357,13.9636936060382,14.037187132096923,23983752.0
2006-07-12,14.037187576293945,14.22092036556405,13.853454787023841,14.147426837179673,48582793.0
2006-07-13,13.669720649719238,13.853453420870602,13.669720649719238,13.816706660302183,30049057.0
2006-07-14,13.302254676818848,13.559480960780565,13.302254676818848,13.449240682643815,53084117.0
2006-07-17,12.934788703918457,13.375746706308403,12.898041945796628,13.228760705511755,42135508.0
2006-07-18,13.008281707763672,13.155267714428021,12.971534948174908,13.0817752269412,24856638.0
2006-07-19,13.19201374053955,13.22876049808519,13.045027742047637,13.15526698299391,22764950.0
2006-07-20,13.522734642028809,13.596227131490634,13.44924112087625,13.559481402605089,32422629.0
2006-07-21,13.412495613098145,13.48598914111539,13.375748849089524,13.412495613098146,10354663.0
2006-07-24,13.19201374053955,13.19201374053955,13.081774499593278,13.15526698299391,24894909.0
2006-07-25,13.228761672973633,13.449241206138316,13.228761672973631,13.302255194592107,21384230.0
2006-07-26,12.949325561523438,13.167570442247428,12.876574860670493,13.094819741394483,34401161.0
2006-07-27,12.949325561523438,13.022069040541538,12.876574860670493,12.949325561523438,58912026.0
2006-07-28,13.19201374053955,13.19201374053955,13.045027742047637,13.081774499593278,26255021.0
2006-07-31,13.228761672973633,13.449241206138316,13.11852242223666,13.412494445329077,26211598.0
2006-08-01,13.118523597717285,13.339002118947128,13.118523597717287,13.302256386536044,40217515.0
2006-08-02,13.067112922668457,13.104235220844139,12.881500400099267,13.067112922668459,28418828.0
2006-08-03,13.401212692260742,13.512579562045211,13.326967080713862,13.475457272117055,52585906.0
2006-08-04,13.289847373962402,13.512582188515362,13.252725076818704,13.438337594227963,32701177.0
2006-08-07,13.21560287475586,13.364093096089746,13.21560287475586,13.326969766988196,26290039.0
2006-08-08,13.438337326049805,13.438337326049803,13.252724812344665,13.252724812344665,20313838.0
2006-08-09,13.623948097229004,13.661071423385701,13.438336624898966,13.475458919364973,31369409.0
2006-08-10,13.735316276550293,13.88380648896159,13.58682709582971,13.58682709582971,45983162.0
2006-08-11,13.661072731018066,13.88380755082489,13.661072731018066,13.809561923095423,27071032.0
2006-08-14,13.661072731018066,13.88380755082489,13.586828134979388,13.661072731018066,28273849.0
2006-08-15,13.698195457458496,13.735317756638864,13.623949827406943,13.698195457458498,17079855.0
2006-08-16,13.958051681518555,13.958051681518556,13.8095614627009,13.92092938473683,53916218.0
2006-08-17,14.255030632019043,14.329275217837038,14.106540428692407,14.255030632019045,88819767.0
2006-08-18,14.143662452697754,14.366397237607684,14.143662452697752,14.329274945404466,31896142.0
2006-08-21,13.661072731018066,14.106542370631713,13.586828134979388,14.032297774593035,44952280.0
2006-08-22,13.772441864013672,13.772441864013672,13.66107392850272,13.66107392850272,22330432.0
2006-08-23,13.661072731018066,13.809561923095423,13.475460209230581,13.772440656766873,32205043.0
2006-08-24,13.623948097229004,13.661071423385701,13.51258121383098,13.549703508296988,19749220.0
2006-08-25,13.549703598022461,13.772439429674835,13.51258130331063,13.661071513848649,18295786.0
2006-08-28,13.364093780517578,13.549705277077367,13.326970449514796,13.549705277077367,24175820.0
2006-08-29,13.401212692260742,13.549701851973367,13.364090402332584,13.475457272117055,23796252.0
2006-08-30,13.623948097229004,13.735316012317718,13.475458919364973,13.51258121383098,33463957.0
2006-08-31,13.364093780517578,13.772441136330764,13.36409378051758,13.698195506016022,45795199.0
2006-09-01,13.438337326049805,13.512581918855561,13.401215029646925,13.438337326049803,41966001.0
2006-09-04,13.586828231811523,13.623949498404631,13.512582603552913,13.586828231811523,27590480.0
2006-09-05,13.512581825256348,13.623948713693565,13.475459529110607,13.623948713693565,23764924.0
2006-09-06,13.438337326049805,13.623948808064197,13.401215029646925,13.512581918855561,31134091.0
2006-09-07,13.401212692260742,13.438334982188897,13.326967080713862,13.326967080713862,25318168.0
2006-09-08,13.401212692260742,13.475457272117055,13.364090402332584,13.364090402332584,29814708.0
2006-09-11,13.364093780517578,13.549705277077367,13.36409378051758,13.401216079829537,27356619.0
2006-09-12,13.178479194641113,13.401213987426921,13.104233575918734,13.364091693911064,44971222.0
2006-09-13,13.326967239379883,13.401212851810705,13.289844949009764,13.326967239379885,29587404.0
2006-09-14,13.289847373962402,13.438337594227963,13.178480482531306,13.364092999940565,33008620.0
2006-09-15,13.25272274017334,13.364090643659441,13.215600449574834,13.25272274017334,26209899.0
2006-09-18,13.698195457458496,13.735317756638864,13.364093733144381,13.364093733144381,58511838.0
2006-09-19,13.735316276550293,13.958051079321882,13.698193981370148,13.735316276550295,41615574.0
2006-09-20,13.698195457458496,13.846685685870783,13.661073158278132,13.661073158278132,28355445.0
2006-09-21,13.772441864013672,13.883808767833743,13.698196229776077,13.809563133596148,23734326.0
2006-09-22,13.698195457458496,13.809562354999596,13.661073158278132,13.772441087510051,24015542.0
2006-09-25,13.80955982208252,13.846683146144635,13.623947328534475,13.623947328534475,24380539.0
2006-09-26,13.772441864013672,13.958053370380458,13.772441864013672,13.883808767833743,25505403.0
2006-09-27,13.958051681518555,14.069419603554488,13.883807087955105,13.883807087955105,50987493.0
2006-09-28,13.883805274963379,14.069417766324888,13.809559659404403,14.032295474390711,43219087.0
2006-09-29,13.772441864013672,13.920931069107102,13.698196229776077,13.809563133596148,45729631.0
2006-10-02,13.846684455871582,13.920929047637177,13.73531653653246,13.73531653653246,31624397.0
2006-10-03,13.920928955078125,13.958051250714098,13.772439772534227,13.809561036479478,31565386.0
2006-10-04,13.661072731018066,13.92092984884423,13.661072731018066,13.846685252805552,38242441.0
2006-10-05,13.920928955078125,13.995173546350072,13.735316445207529,13.735316445207529,55194074.0
2006-10-09,13.920928955078125,13.920928955078125,13.920928955078125,13.920928955078125,0.0
2006-10-11,13.623948097229004,13.846683927406431,13.623948097229004,13.809560601249732,46434856.0
2006-10-12,13.512581825256348,13.698194337675782,13.401214936819128,13.586827449238564,53015015.0
2006-10-13,13.661072731018066,13.698195029037405,13.586828134979388,13.623949401307938,37282227.0
2006-10-16,14.06942081451416,14.069420814514158,13.698195751363933,13.735318051340785,55457076.0
2006-10-17,13.995176315307617,14.069421952959853,13.920931709346311,14.069421952959853,35209535.0
2006-10-18,13.735316276550293,13.920928784141736,13.698193981370148,13.88380648896159,21404460.0
2006-10-19,13.586828231811523,13.80956202151496,13.549704901836819,13.698195126663242,33647549.0
2006-10-20,13.623948097229004,13.69819371785171,13.586826834453687,13.586826834453687,19094264.0
2006-10-23,13.512581825256348,13.661072041530042,13.475459529110607,13.661072041530042,27662605.0
2006-10-24,13.623948097229004,13.661071423385701,13.51258121383098,13.51258121383098,39786942.0
2006-10-25,13.438337326049805,13.586827543352063,13.438337326049803,13.549704215258439,25941797.0
2006-10-26,13.401212692260742,13.512579562045211,13.40121269226074,13.438334982188897,47950945.0
2006-10-27,13.549703598022461,13.586826924424988,13.438336713886972,13.438336713886972,21121787.0
2006-10-30,13.512581825256348,13.549704121402085,13.438337232964868,13.512581825256346,33898166.0
2006-10-31,13.772441864013672,13.772441864013672,13.51258369171841,13.51258369171841,48828833.0
2006-11-01,13.549703598022461,13.772439429674835,13.549703598022461,13.772439429674835,32980207.0
2006-11-02,13.623948097229004,13.661071423385701,13.475458919364973,13.475458919364973,23625774.0
2006-11-03,13.623948097229004,13.661071423385701,13.51258121383098,13.586826834453687,32225442.0
2006-11-06,13.438337326049805,13.586827543352063,13.438337326049803,13.438337326049803,20862427.0
2006-11-07,13.661072731018066,13.661072731018066,13.51258250724992,13.586828134979388,24033027.0
2006-11-08,13.512581825256348,13.661072041530042,13.512581825256346,13.661072041530042,10973246.0
2006-11-09,13.549703598022461,13.772439429674835,13.51258130331063,13.549703598022461,43460962.0
2006-11-10,13.735316276550293,13.735316276550295,13.58682709582971,13.623948359319144,23781681.0
2006-11-13,13.586828231811523,13.735317424947148,13.549704901836819,13.735317424947148,11569919.0
2006-11-14,13.735316276550293,13.772439603421152,13.661071686190002,13.661071686190002,25569514.0
2006-11-15,14.032296180725098,14.106540768330653,13.883805973823314,13.883805973823314,82110656.0
2006-11-16,14.255030632019043,14.329275217837038,14.106540428692407,14.106540428692407,67786861.0
2006-11-17,14.180785179138184,14.477765589239167,14.180785179138182,14.40351997086859,42998340.0
2006-11-20,14.10654067993164,14.255030885902906,13.958050473960373,14.18078526707194,29650058.0
2006-11-21,14.255030632019043,14.366397510746037,14.06941813578341,14.180785014510402,37551058.0
2006-11-22,14.143662452697754,14.366397237607684,14.143662452697752,14.329274945404466,19290241.0
2006-11-23,14.255030632019043,14.366397510746037,14.143662721601403,14.180785014510402,28531752.0
2006-11-24,14.77474594116211,14.774745941162108,14.21790840930056,14.292154032563202,78147407.0
2006-11-27,15.777053833007812,15.777053833007812,15.442951091730267,15.777053833007812,192671469.0
2006-11-28,15.368707656860352,15.665687091322761,15.368707656860352,15.591442490629873,121241915.0
2006-11-29,15.55431842803955,15.665685316461447,15.36870591564565,15.36870591564565,91170761.0
2006-11-30,15.70280933380127,15.777053929342607,15.554319111027816,15.628563706569151,84337798.0
2006-12-01,15.591438293457031,15.702806196207284,15.442948100353558,15.702806196207284,83530578.0
2006-12-04,15.55431842803955,15.591440724180183,15.183093403251751,15.442950507926914,48463836.0
2006-12-05,15.331581115722656,15.702806079886148,15.331581115722658,15.628560468039108,41697899.0
2006-12-06,15.405828475952148,15.554318694751599,15.331583882397803,15.442950772729324,30812077.0
2006-12-07,15.29446029663086,15.480072809084918,15.294460296630858,15.480072809084918,37461448.0
2006-12-08,15.03460693359375,15.220218447814087,14.923238993370624,15.183096144970019,45356619.0
2006-12-11,14.88611125946045,15.034602490334128,14.81186667571423,14.997479166770399,32921196.0
2006-12-12,14.3663969039917,14.774744172125716,14.292152321309372,14.774744172125716,47580847.0
2006-12-13,14.143662452697754,14.329274945404466,14.032295576088103,14.255030360998033,61654025.0
2006-12-14,14.255030632019043,14.292152924928041,14.180785014510402,14.180785014510402,33184927.0
2006-12-15,14.255030632019043,14.477765421163676,14.180785014510402,14.329275217837038,51375075.0
2006-12-18,14.403518676757812,14.440641998453017,14.2921518067439,14.329274096748538,24381268.0
2006-12-19,14.3663969039917,14.440642518364633,14.329274612650536,14.403519195332864,16781155.0
2006-12-20,14.552010536193848,14.552010536193848,14.366398033208053,14.403520327467074,20691949.0
2006-12-21,14.589136123657227,14.737626365902686,14.477769215741318,14.477769215741318,27240053.0
2006-12-22,14.70050048828125,14.700500488281252,14.514887988535854,14.626254869368692,13879386.0
2006-12-25,14.51488971710205,14.70050223895189,14.514889717102053,14.70050223895189,9568624.0
2006-12-26,14.77474594116211,14.811868236948065,14.514888838969677,14.514888838969677,23876391.0
2006-12-27,14.811869621276855,14.960359849989425,14.811869621276855,14.848992952223117,27343317.0
2006-12-28,14.960358619689941,15.034604243785878,14.886112995594003,14.960358619689941,32852713766.0
2006-12-29,15.03460693359375,15.03460693359375,14.84899438768249,14.960361296214693,26136317.0
2007-01-02,15.145974159240723,15.257341070104639,15.034607248376807,15.183096462862027,27186870.0
2007-01-03,14.923236846923828,15.331584182856787,14.923236846923826,15.145971663642644,38309466.0
2007-01-04,15.03460693359375,15.220218447814087,14.923238993370624,14.997483599058759,31763548.0
2007-01-05,14.848993301391602,15.18309503423763,14.737625369315692,15.034605833724216,37265471.0
2007-01-08,14.626256942749023,14.84899279937049,14.626256942749023,14.774747169933065,41413769.0
2007-01-09,14.70050048828125,14.886111956335979,14.589132575757747,14.737622781892197,32649451.0
2007-01-10,14.3663969039917,14.58913168372929,14.292152321309372,14.58913168372929,48720281.0
2007-01-11,14.3663969039917,14.552009392388126,14.292152321309372,14.3663969039917,46523009.0
2007-01-12,14.923236846923828,15.034604771128624,14.552011808495541,14.552011808495541,58540251.0
2007-01-15,15.03460693359375,15.108851539281885,14.84899438768249,15.071728204746893,30132351.0
2007-01-16,14.923236846923828,15.10884936613797,14.886113517728377,15.034604771128624,16174282.0
2007-01-17,14.848993301391602,14.886114569829106,14.737625369315692,14.848993301391602,23928117.0
2007-01-18,14.77474594116211,14.848991564424752,14.663379053804235,14.774745941162108,26333022.0
2007-01-19,14.552010536193848,14.700500744920621,14.514888241934827,14.700500744920621,26974865.0
2007-01-22,14.552010536193848,14.737623039179642,14.477765947675804,14.700500744920621,23273161.0
2007-01-23,14.552010536193848,14.626255124711891,14.477765947675804,14.552010536193848,12904601.0
2007-01-24,15.55431842803955,15.55431842803955,15.55431842803955,15.55431842803955,30271501.0
2007-01-25,16.036911010742188,16.630870868860562,15.962666415361433,16.630870868860562,281338243.0
2007-01-26,15.665684700012207,15.925542826152617,15.591440110652488,15.739930321062623,71254705.0
2007-01-29,15.70280933380127,15.851298524883942,15.591441408798483,15.739931631571938,31526045.0
2007-01-30,15.405828475952148,15.739931210328223,15.40582847595215,15.70280891355105,42073825.0
2007-01-31,15.331581115722656,15.591438177960873,15.220213213797383,15.442947985957362,28889464.0
2007-02-01,15.29446029663086,15.442950512932253,15.257338000478194,15.368705920626924,16196867.0
2007-02-02,15.331581115722656,15.517193597804402,15.331581115722658,15.405825695879127,34600477.0
2007-02-05,15.22021484375,15.442949639762938,15.183092549696289,15.294459431857419,30606629.0
2007-02-06,15.29446029663086,15.368705920626924,15.220215704325529,15.220215704325529,34849637.0
2007-02-07,15.183095932006836,15.331586172991255,15.183095932006834,15.294462838976967,30833933.0
2007-02-08,14.997478485107422,15.33158116016107,14.960356194921589,15.25733554809883,38672279.0
2007-02-09,15.29446029663086,15.294460296630858,15.034604223562209,15.071725488024134,29071599.0
2007-02-12,15.145974159240723,15.220218766483333,15.034607248376807,15.183096462862027,23669486.0
2007-02-13,14.811869621276855,15.145972377957433,14.811869621276855,15.071726747755735,37765977.0
2007-02-14,14.848993301391602,14.923237901648308,14.811869969572399,14.923237901648308,56932367.0
2007-02-26,14.923236846923828,15.183093961147318,14.886113517728377,15.145971663642644,63009835.0
2007-02-27,14.997478485107422,15.25733554809883,14.997478485107422,15.03460180698383,50640709.0
2007-03-01,14.589136123657227,14.774748668541323,14.55201382101859,14.70050406326405,72484477.0
2007-03-02,14.552010536193848,14.626255124711891,14.403520327467074,14.403520327467074,44822600.0
2007-03-05,13.846684455871582,14.403520957495003,13.73531653653246,14.403520957495003,58393086.0
2007-03-06,14.10654067993164,14.18078526707194,13.883805886820074,13.883805886820074,40564293.0
2007-03-07,14.06942081451416,14.292155646066126,13.958052882892753,14.292155646066126,42857004.0
2007-03-08,14.10654067993164,14.18078526707194,13.920928180390224,14.10654067993164,36615614.0
2007-03-09,14.143662452697754,14.255030360998033,14.032295576088103,14.18078474490097,28029060.0
2007-03-12,14.180785179138184,14.25503079750876,14.143662885798225,14.21790747247814,10074958.0
2007-03-13,14.552010536193848,14.552010536193848,14.255031150430987,14.29215344469001,32146759.0
2007-03-14,14.180785179138184,14.292153090848716,14.143662885798225,14.21790747247814,25921398.0
2007-03-15,14.3663969039917,14.440642518364633,14.292152321309372,14.292152321309372,17495122.0
2007-03-16,14.292156219482422,14.477768758504503,14.217910584859055,14.403523123881138,29690856.0
2007-03-19,14.217910766601562,14.329278704114746,14.180788464660804,14.292156402173983,18090338.0
2007-03-20,14.217910766601562,14.366401006055506,14.143666162720042,14.292156402173983,26993078.0
2007-03-21,14.329276084899902,14.440644002056402,14.255031494589376,14.329276084899902,21245638.0
2007-03-22,14.552010536193848,14.626255124711891,14.477765947675804,14.58913283045287,54105638.0
2007-03-23,14.477764129638672,14.589130998430905,14.403518518753293,14.552008708833494,24030112.0
2007-03-26,14.440645217895508,14.5891344110187,14.440645217895508,14.552012112737902,16989517.0
2007-03-27,14.440645217895508,14.552012112737902,14.403521887923912,14.440645217895508,29518193.0
2007-03-28,14.292156219482422,14.440646457038264,14.255033918016181,14.403523123881138,31682680.0
2007-03-29,14.255030632019043,14.292152924928041,14.180785014510402,14.217907307419399,51832597.0
2007-03-30,14.180785179138184,14.25503079750876,14.106540592458266,14.25503079750876,38325494.0
2007-04-02,14.180785179138184,14.292153090848716,14.106540592458266,14.143662885798225,30677297.0
2007-04-03,14.217910766601562,14.217910766601564,14.143666162720042,14.180788464660804,22777026.0
2007-04-04,14.329276084899902,14.366398380055164,14.292153789744638,14.329276084899902,27639292.0
2007-04-09,14.403518676757812,14.514886578462292,14.366396386753175,14.403518676757812,28720443.0
2007-04-10,14.477764129638672,14.477764129638672,14.366396229155882,14.44064184004126,38055206.0
2007-04-11,14.477764129638672,14.700498898913693,14.477764129638672,14.514886419236083,48509005.0
2007-04-12,14.3663969039917,14.440642518364633,14.329274612650536,14.403519195332864,31196017.0
2007-04-13,14.180785179138184,14.440643295899209,14.180785179138182,14.366397677528633,29188165.0
2007-04-16,14.255030632019043,14.329275217837038,14.143662721601403,14.255030632019045,30737766.0
2007-04-17,14.180785179138184,14.329275384188675,14.143662885798225,14.25503079750876,20998664.0
2007-04-18,14.292156219482422,14.29215621948242,14.143665981926578,14.143665981926578,12711539.0
2007-04-19,14.10654067993164,14.255030885902906,14.10654067993164,14.255030885902906,27631278.0
2007-04-20,14.143662452697754,14.18078474490097,14.106540160494536,14.106540160494536,11480309.0
2007-04-23,14.180785179138184,14.329275384188675,14.180785179138182,14.180785179138182,17905289.0
2007-04-24,14.217910766601562,14.292156402173983,14.143666162720042,14.180788464660804,17993443.0
2007-04-25,14.143662452697754,14.29215265320125,14.143662452697752,14.255030360998033,21488242.0
2007-04-26,14.143662452697754,14.29215265320125,14.143662452697752,14.29215265320125,17424454.0
2007-04-27,14.143662452697754,14.29215265320125,14.143662452697752,14.217907037104187,24594001.0
2007-04-30,14.180785179138184,14.21790747247814,14.106540592458266,14.21790747247814,18691382.0
2007-05-02,14.255030632019043,14.255030632019045,14.180785014510402,14.180785014510402,19937912.0
2007-05-03,14.403518676757812,14.477764288457655,14.329274096748538,14.403518676757812,41018172.0
2007-05-04,14.552010536193848,14.552010536193848,14.440643653416783,14.477765947675804,42152507.0
2007-05-07,14.626256942749023,14.663380273313143,14.589134643875717,14.626256942749023,41203950.0
2007-05-08,14.589136123657227,14.70050406326405,14.589136123657225,14.663381760625416,20777917.0
2007-05-09,14.477764129638672,14.626253288028316,14.44064184004126,14.589130998430905,17131582.0
2007-05-10,14.552010536193848,14.58913283045287,14.477765947675804,14.552010536193848,20067592.0
2007-05-11,14.329276084899902,14.403520675210428,14.329276084899902,14.366398380055164,19751406.0
2007-05-14,14.552010536193848,14.58913283045287,14.366398033208053,14.366398033208053,26236855.0
2007-05-15,14.3663969039917,14.477764809705798,14.329274612650536,14.440642518364633,18139879.0
2007-05-16,14.329276084899902,14.403520675210428,14.255031494589376,14.329276084899902,15692718.0
2007-05-17,14.329276084899902,14.477766297211666,14.292153789744638,14.329276084899902,36138422.0
2007-05-18,14.255030632019043,14.329275217837038,14.180785014510402,14.292152924928041,27061561.0
2007-05-21,14.329276084899902,14.366398380055164,14.069418987122349,14.069418987122349,109237058.0
2007-05-22,14.329276084899902,14.366398380055164,14.255031494589376,14.255031494589376,34033674.0
2007-05-23,14.70050048828125,14.960357575248539,14.366397782401403,14.366397782401403,88344031.0
2007-05-24,14.626256942749023,14.811869468806371,14.55201234500241,14.737624871059756,30428866.0
2007-05-25,14.477764129638672,14.552008708833494,14.32927393955847,14.514886419236083,50898611.0
2007-05-28,14.51488971710205,14.58913431316567,14.440645121038433,14.514889717102053,10475654.0
2007-05-29,14.403518676757812,14.626253448476202,14.403518676757812,14.514886578462292,11119682.0
2007-05-30,14.403518676757812,14.440641998453017,14.255029516739263,14.403518676757812,24878131.0
2007-05-31,14.255030632019043,14.552010006981671,14.255030632019045,14.514887714072673,42553932.0
2007-06-01,14.477764129638672,14.514886419236083,14.366396229155882,14.403518518753293,17230663.0
2007-06-04,14.737625122070312,14.774747421575885,14.626257191862765,14.626257191862765,41859634.0
2007-06-05,14.77474594116211,14.848991564424752,14.62625572632755,14.848991564424752,22522038.0
2007-06-06,14.848993301391602,14.96036020177666,14.626257437239783,14.737625369315692,39372404.0
2007-06-07,14.811869621276855,14.886114219787729,14.66338042425511,14.737625022765982,28872708.0
2007-06-08,14.626256942749023,14.663380273313143,14.55201234500241,14.663380273313143,26037236.0
2007-06-11,14.848993301391602,14.923237901648308,14.663380769058985,14.700503069187338,47899218.0
2007-06-12,14.70050048828125,14.886111956335979,14.700500488281252,14.848990694415702,27173027.0
2007-06-13,14.589136123657227,14.62625842629586,14.55201382101859,14.55201382101859,23028372.0
2007-06-14,14.848993301391602,15.034605833724216,14.737625369315692,14.737625369315692,58971546.0
2007-06-15,14.737625122070312,14.8861143200926,14.737625122070312,14.84899305227786,31862629.0
2007-06-20,15.071725845336914,15.071725845336914,14.84899206314047,15.034604579994935,124746185.0
2007-06-21,14.960358619689941,15.145971132393676,14.886112995594003,15.145971132393676,59912818.0
2007-06-22,14.88611125946045,15.07172375051662,14.84898999927796,14.997479166770399,36010928.0
2007-06-25,14.848993301391602,14.997482501905015,14.774747669444045,14.774747669444045,40511110.0
2007-06-26,14.737625122070312,14.8861143200926,14.700502822564742,14.84899305227786,34043145.0
2007-06-27,14.737625122070312,14.84899305227786,14.700502822564742,14.737625122070312,24306957.0
2007-06-28,14.848993301391602,14.96036020177666,14.774747669444045,14.848993301391602,44731533.0
2007-06-29,14.737625122070312,14.8861143200926,14.737625122070312,14.84899305227786,29683571.0
2007-07-02,14.848993301391602,14.848993301391602,14.663380769058985,14.737625369315692,19624640.0
2007-07-03,14.811869621276855,14.886114219787729,14.774747322021419,14.848992952223117,30804063.0
2007-07-04,14.88611125946045,14.96035687489729,14.81186667571423,14.84898999927796,43702108.0
2007-07-05,14.960358619689941,14.960358619689941,14.811868403188805,14.886112995594003,35421540.0
2007-07-06,15.55431842803955,15.591440724180183,14.923236298576587,14.960358594717219,103015339.0
2007-07-09,15.591438293457031,15.777050776913732,15.480070390706782,15.702806196207284,119952402.0
2007-07-10,15.405828475952148,15.517196397974425,15.071725741576078,15.294460553929873,100877079.0
2007-07-11,15.108846664428711,15.294458118761709,15.108846664428711,15.294458118761709,40665560.0
2007-07-12,15.03460693359375,15.183096144970019,14.997483599058759,15.108851539281885,46646132.0
2007-07-13,15.108846664428711,15.25733582789511,15.03460208269551,15.22021353702851,45280851.0
2007-07-16,14.88611125946045,15.108847074080348,14.84898999927796,15.07172375051662,47642044.0
2007-07-17,14.848993301391602,14.96036020177666,14.737625369315692,14.96036020177666,34384101.0
2007-07-18,14.737625122070312,14.84899305227786,14.700502822564742,14.84899305227786,47653701.0
2007-07-19,14.848993301391602,15.034605833724216,14.663380769058985,14.663380769058985,35417897.0
2007-07-20,14.88611125946045,14.96035687489729,14.700499800094901,14.923234583024179,39263852.0
2007-07-23,14.663378715515137,14.774745600303737,14.663378715515135,14.774745600303737,38897397.0
2007-07-24,14.848993301391602,14.848993301391602,14.700503069187338,14.737625369315692,36193791.0
2007-07-25,14.663378715515137,14.81186789523327,14.626255388894897,14.663378715515135,68610110.0
2007-07-26,14.477764129638672,14.737621188511104,14.403518518753293,14.663376609316282,48205204.0
2007-07-27,13.623948097229004,14.069418725893168,13.586826834453687,14.069418725893168,111475856.0
2007-07-30,13.586828231811523,13.623949498404631,13.401215708701194,13.4383380069851,65035900.0
2007-07-31,13.586828231811523,13.88380764977357,13.549704901836819,13.88380764977357,59392641.0
2007-08-01,13.141358375549316,13.586829077764813,13.141358375549316,13.586829077764813,87029020.0
2007-08-02,13.512581825256348,13.661072041530042,13.252724720545434,13.586827449238564,75400088.0
2007-08-03,13.512581825256348,13.661072041530042,13.512581825256346,13.586827449238564,60416966.0
2007-08-06,13.25272274017334,13.401212934257947,13.178478158976327,13.215600449574834,39854697.0
2007-08-07,13.289847373962402,13.475459891371662,13.252725076818704,13.438337594227963,46607520.0
2007-08-08,13.623948097229004,13.623948097229004,13.364092035966951,13.438336624898966,31335896.0
2007-08-09,14.06942081451416,14.069420814514158,13.809562651294494,13.920930582915899,59952887.0
2007-08-10,13.623948097229004,13.735316012317718,13.475458919364973,13.69819371785171,60019913.0
2007-08-13,13.735316276550293,13.809560866910585,13.549703768958851,13.809560866910585,25110535.0
2007-08-14,13.586828231811523,13.80956202151496,13.549704901836819,13.80956202151496,22941676.0
2007-08-15,13.289847373962402,13.438337594227963,13.252725076818704,13.438337594227963,46399886.0
2007-08-16,13.029990196228027,13.215602712696578,12.992867899272468,13.1413570870947,74682478.0
2007-08-17,12.733006477355957,13.029986839883914,12.621639615175843,12.992864552490543,67145748.0
2007-08-20,13.326967239379883,13.401212851810705,13.178478077899399,13.364090561440582,41485894.0
2007-08-21,13.141358375549316,13.438338843692982,13.067113774358832,13.364094242502496,33499655.0
2007-08-22,13.178479194641113,13.326968368704541,13.14135586943459,13.14135586943459,16487554.0
2007-08-23,13.586828231811523,13.623949498404631,13.475460305269007,13.549704901836819,40918363.0
2007-08-24,13.586828231811523,13.661072828379336,13.512582603552913,13.661072828379336,27371918.0
2007-08-27,13.549703598022461,13.735316103272307,13.51258130331063,13.735316103272307,22790140.0
2007-08-28,13.549703598022461,13.586826924424988,13.364092124463314,13.549703598022461,13988667.0
2007-08-29,13.21560287475586,13.289847469577417,13.14135724824353,13.21560287475586,31217873.0
2007-08-30,13.512581825256348,13.549704121402085,13.401214936819128,13.512581825256346,28245436.0
2007-08-31,13.735316276550293,13.735316276550295,13.438336883418414,13.512581473778706,37307726.0
2007-09-03,13.661072731018066,13.772440656766873,13.586828134979388,13.735317327056745,14862913.0
2007-09-04,13.661072731018066,13.809561923095423,13.661072731018066,13.735317327056745,25401222.0
2007-09-05,13.661072731018066,13.88380755082489,13.623949401307938,13.809561923095423,18354069.0
2007-09-06,13.623948097229004,13.846683927406431,13.51258121383098,13.661071423385701,34406686.0
2007-09-07,13.735316276550293,13.809560866910585,13.661071686190002,13.735316276550295,19815517.0
2007-09-10,13.586828231811523,13.698195126663242,13.512582603552913,13.698195126663242,24308414.0
2007-09-11,13.661072731018066,13.698195029037405,13.54970480526926,13.586828134979388,21166228.0
2007-09-12,13.735316276550293,13.809560866910585,13.698193981370148,13.735316276550295,40385073.0
2007-09-13,13.623948097229004,13.809560601249732,13.586826834453687,13.809560601249732,17925689.0
2007-09-14,14.032296180725098,14.069418474527875,13.698193473118751,13.735315766921529,46888007.0
2007-09-17,13.920928955078125,14.25503167918334,13.809561036479478,14.10654146494872,52529080.0
2007-09-18,13.920928955078125,13.920928955078125,13.920928955078125,13.920928955078125,0.0
2007-09-19,14.255030632019043,14.292152924928041,14.032295842874412,14.180785014510402,181064394.0
2007-09-20,14.255030632019043,14.255030632019045,14.255030632019045,14.255030632019045,0.0
2007-09-21,14.255030632019043,14.255030632019045,14.255030632019045,14.255030632019045,0.0
2007-09-26,14.255030632019043,14.255030632019045,14.255030632019045,14.255030632019045,0.0
2007-09-27,14.255030632019043,14.255030632019045,14.255030632019045,14.255030632019045,0.0
2007-09-28,14.255030632019043,14.255030632019045,14.255030632019045,14.255030632019045,0.0
2007-10-01,14.255030632019043,14.255030632019045,14.255030632019045,14.255030632019045,0.0
2007-10-02,14.255030632019043,14.255030632019045,14.255030632019045,14.255030632019045,0.0
2007-10-03,14.255030632019043,14.255030632019045,14.255030632019045,14.255030632019045,0.0
2007-10-04,14.255030632019043,14.255030632019045,14.255030632019045,14.255030632019045,0.0
2007-10-05,14.255030632019043,14.255030632019045,14.255030632019045,14.255030632019045,0.0
2007-10-08,14.255030632019043,14.255030632019045,14.255030632019045,14.255030632019045,0.0
2007-10-09,12.137967109680176,12.784979505320289,12.137967109680174,12.784979505320289,220399905.0
2007-10-11,11.594474792480469,12.215608218109164,11.594474792480469,12.137966281982939,108019560.0
2007-10-12,11.025104522705078,11.387432221064325,10.999224562359798,11.387432221064325,98307330.0
2007-10-15,10.89570140838623,11.128626205296998,10.89570140838623,11.050985294120505,72752900.0
2007-10-16,11.076864242553711,11.102745231709855,10.869820456066753,10.869820456066753,35638680.0
2007-10-17,11.025104522705078,11.050985514741024,10.895701625906682,10.999224562359798,33768130.0
2007-10-18,11.076864242553711,11.128625189175448,10.973342349310231,11.102745231709855,41568010.0
2007-10-19,10.973342895507812,11.076864793904088,10.973342895507812,11.076864793904088,24720520.0
2007-10-22,10.559256553649902,10.559256553649902,10.42985363682614,10.559256553649902,56633775.0
2007-10-23,10.636897087097168,10.68865804056402,10.585136133630316,10.611016094518398,31207880.0
2007-10-24,10.559256553649902,10.792181391256346,10.559256553649902,10.76630142690609,30101225.0
2007-10-25,10.636897087097168,10.66277704798525,10.507494187584694,10.611016094518398,22243870.0
2007-10-26,10.869821548461914,10.869821548461914,10.74041865305756,10.818060596638304,44976800.0
2007-10-29,11.309789657592773,11.387431597760123,11.206267758496711,11.387431597760123,90280685.0
2007-10-30,11.076864242553711,11.387430953974695,11.07686424255371,11.387430953974695,47737690.0
2007-10-31,10.999225616455078,11.23215044033795,10.9215836645972,11.102747531138407,38650370.0
2007-11-01,10.559256553649902,10.76630142690609,10.559256553649902,10.636898510082325,68836240.0
2007-11-02,10.222809791564941,10.300451747969294,10.171048831192314,10.300451747969294,71664010.0
2007-11-05,10.171048164367676,10.300451072660865,10.093407244744368,10.300451072660865,46709410.0
2007-11-06,10.196928024291992,10.300450968898149,10.171048061908515,10.171048061908515,30950810.0
2007-11-07,10.196928024291992,10.352211925355853,10.196928024291994,10.352211925355853,39125845.0
2007-11-08,10.015765190124512,10.093407140637753,9.989884196056517,10.041645152501761,57988095.0
2007-11-09,9.964004516601562,10.041645437628626,9.938123521798689,9.938123521798689,40833375.0
2007-11-12,9.756958961486816,9.886361862945018,9.731079000209599,9.886361862945018,60442800.0
2007-11-13,9.78283977508545,9.808719735888157,9.67931683680257,9.731078821789353,46373965.0
2007-11-14,10.041645050048828,10.119286999769903,9.964004132018488,10.093407037656702,64506805.0
2007-11-15,10.015765190124512,10.067526146569758,9.912242245543275,10.041645152501761,43288080.0
2007-11-16,9.93812370300293,9.989884661861668,9.860482780560218,9.989884661861668,32587280.0
2007-11-19,10.611017227172852,10.611017227172852,9.989884687578236,10.04164564657022,114270750.0
2007-11-20,10.611017227172852,10.662778186164836,10.171048559895581,10.352212432212927,92922445.0
2007-11-21,10.455734252929688,10.559256169950618,10.378092299318597,10.559256169950618,60418765.0
2007-11-22,10.300451278686523,10.559256068758659,10.196928330966891,10.507495110744232,33037675.0
2007-11-23,10.196928024291992,10.403972881813559,10.196928024291994,10.326330931281628,20392130.0
2007-11-26,10.32633113861084,10.45573404819859,10.32633113861084,10.45573404819859,45258950.0
2007-11-27,9.91224193572998,10.093406825162036,9.91224193572998,10.093406825162036,47051125.0
2007-11-28,9.80871868133545,9.938121566508702,9.782838723315141,9.938121566508702,31226690.0
2007-11-29,9.91224193572998,9.989883883816473,9.834601019334201,9.989883883816473,41484410.0
2007-11-30,9.989884376525879,10.041645333906196,9.91224242461002,9.93812341914556,39465470.0
2007-12-03,9.989884376525879,10.01576537106142,9.860482498920467,9.989884376525879,20508125.0
2007-12-04,9.989884376525879,9.989884376525879,9.886362461765243,9.886362461765243,15695900.0
2007-12-05,9.88636302947998,9.964004985854354,9.83460206912734,9.88636302947998,44975755.0
2007-12-06,10.067526817321777,10.067526817321777,9.964004897534108,9.989884861635618,43353915.0
2007-12-07,10.093408584594727,10.300452439995277,10.093408584594727,10.14516851675397,44601645.0
2007-12-10,10.067526817321777,10.119287777215613,10.041645821529452,10.119287777215613,20266730.0
2007-12-11,10.248689651489258,10.248689651489258,10.067525794422375,10.067525794422375,22100705.0
2007-12-12,9.964004516601562,10.041645437628626,9.938123521798689,9.989884479713657,31636330.0
2007-12-13,9.80871868133545,9.989882514239888,9.782838723315141,9.938121566508702,39987970.0
2007-12-14,9.91224193572998,9.93812292898905,9.679317123161214,9.731079109679353,53793465.0
2007-12-17,9.989884376525879,10.041645333906196,9.886362461765243,10.01576537106142,44382195.0
2007-12-18,9.93812370300293,10.015765657136434,9.65343791343447,9.679317877018441,50772370.0
2007-12-19,9.93812370300293,10.041645620720406,9.834601785285452,10.041645620720406,33647955.0
2007-12-20,10.015765190124512,10.067526146569758,9.938123239611272,9.938123239611272,26179340.0
2007-12-21,10.119287490844727,10.171048449273751,9.938123620497747,9.938123620497747,31565270.0
2007-12-24,10.300451278686523,10.35221223670095,10.248690320672097,10.27457028383392,38931475.0
2007-12-25,10.119287490844727,10.300451361191707,10.093407527475607,10.300451361191707,7915875.0
2007-12-26,10.274568557739258,10.274568557739258,10.041643769959567,10.119285709782998,15902810.0
2007-12-27,10.32633113861084,10.352212133204697,10.274570181113893,10.30045117570775,36509165.0
2007-12-28,10.403973579406738,10.481615535144611,10.300451659550117,10.300451659550117,51219630.0
2007-12-31,10.429854393005371,10.481616388840354,10.378093428861288,10.429854393005371,16342755.0
2008-01-02,10.14516830444336,10.378093152739945,10.119288338905333,10.35221318720192,40000510.0
2008-01-03,10.015765190124512,10.093407140637753,9.938123239611272,9.964004233679267,31792035.0
2008-01-04,9.91224193572998,9.96400392224812,9.782840064506777,9.86048201259327,29463775.0
2008-01-07,9.446392059326172,9.679316865699331,9.420512098446203,9.57579495879808,40214735.0
2008-01-08,9.265229225158691,9.549914984585012,9.23934823262417,9.498154031206653,38163400.0
2008-01-09,9.446392059326172,9.446392059326172,9.10994637774245,9.265229238094326,35346080.0
2008-01-10,9.420513153076172,9.446393116853413,9.316991234585602,9.446393116853413,29842065.0
2008-01-11,9.627557754516602,9.756959633192611,9.627557754516602,9.627557754516602,34722215.0
2008-01-14,9.834600448608398,9.98988330407923,9.705197553204046,9.808719456851266,52466315.0
2008-01-15,9.989884376525879,10.19692820604715,9.91224242461002,9.93812341914556,42697655.0
2008-01-16,9.549915313720703,9.886362038120943,9.524034320294197,9.808720089532148,33775445.0
2008-01-17,9.627557754516602,9.731079670133719,9.472273849400153,9.498154844149818,22388080.0
2008-01-18,9.524035453796387,9.524035453796387,9.316991608505926,9.420513531151157,45972685.0
2008-01-21,9.394630432128906,9.575793220473692,9.368749444256508,9.575793220473692,21055705.0
2008-01-22,8.954663276672363,9.109947182431277,8.85114136062694,8.877022355483685,53778835.0
2008-01-23,8.851140975952148,9.239348660096185,8.851140975952148,9.239348660096185,67345025.0
2008-01-24,9.006425857543945,9.161709791283144,8.954664890194534,9.135828791762956,30365610.0
2008-01-25,9.109947204589844,9.187588125967373,9.058185214750452,9.13582716781876,42762445.0
2008-01-28,8.928783416748047,9.032305333990474,8.82526046781483,8.954663380213258,49099325.0
2008-01-29,9.213467597961426,9.213467597961426,9.032304769945739,9.08406572533461,31952965.0
2008-01-30,9.213467597961426,9.316990540429895,9.135826680723483,9.213467597961426,26668400.0
2008-01-31,8.980544090270996,8.980544090270998,8.592335881245251,8.851141181980623,76404130.0
2008-02-01,8.954663276672363,9.006424234695075,8.877022355483685,9.006424234695075,25652660.0
2008-02-12,8.77349853515625,8.928782425470997,8.69585762168955,8.851140480313623,32768065.0
2008-02-13,8.877021789550781,9.006423660512471,8.773498848414434,8.9287827442736,25339160.0
2008-02-14,9.420513153076172,9.472274112321456,9.006424447423095,9.006424447423095,57338105.0
2008-02-15,9.291109085083008,9.342870037899143,9.213467140013469,9.342870037899143,19926060.0
2008-02-18,9.31698989868164,9.42051180232886,9.26522894685803,9.31698989868164,18446340.0
2008-02-19,9.524035453796387,9.549916450303115,9.394633566335271,9.420513531151157,22215655.0
2008-02-20,9.31698989868164,9.472272754152472,9.161707043210809,9.472272754152472,23210495.0
2008-02-21,9.472274780273438,9.49815577756652,9.316991891587575,9.342871857189781,16465020.0
2008-02-22,9.36875057220459,9.36875057220459,9.265228671632508,9.342869581216258,11724900.0
2008-02-25,9.31698989868164,9.472272754152472,9.291108906924508,9.394631842262383,25912865.0
2008-02-26,9.446392059326172,9.47227305189683,9.394632137566234,9.394632137566234,19183065.0
2008-02-27,9.679316520690918,9.679316520690918,9.47227271426826,9.498153705916419,44664345.0
2008-02-29,9.498153686523438,9.679316500928046,9.446391703332809,9.472272694928124,28513870.0
2008-03-03,9.342869758605957,9.342869758605957,9.213466864588616,9.316989798816874,25209580.0
2008-03-04,9.342869758605957,9.420511701354489,9.213466864588616,9.265228847548068,31522425.0
2008-03-05,9.239347457885742,9.342869355961936,9.187586508847644,9.291108406923838,29908945.0
2008-03-06,9.472274780273438,9.47227478027344,9.239349931399206,9.239349931399206,39625355.0
2008-03-07,9.31698989868164,9.42051180232886,9.291108906924508,9.31698989868164,20725485.0
2008-03-10,9.13582706451416,9.213467985013752,9.006424154760479,9.13582706451416,42393560.0
2008-03-11,9.032305717468262,9.032305717468262,8.928783795830684,8.954663760394661,38391210.0
2008-03-12,9.187586784362793,9.291108685543376,9.1358258337725,9.265228726093545,28580750.0
2008-03-13,9.032305717468262,9.187588599924629,8.980544756649472,9.16170863536065,23094500.0
2008-03-14,8.928783416748047,9.135827251232898,8.902902421592046,9.109947287767687,28961130.0
2008-03-17,8.695858001708984,8.799379911982397,8.59233557559021,8.799379911982397,57077900.0
2008-03-18,8.980544090270996,9.006424052914618,8.825260187646244,8.928783133292999,48526665.0
2008-03-19,9.239347457885742,9.239347457885742,9.1099456011358,9.161706550173896,43336150.0
2008-03-20,9.213467597961426,9.239348591501225,9.058184731794812,9.161707674263281,28306960.0
2008-03-21,9.498153686523438,9.524033646428105,9.2652288889282,9.2652288889282,70018135.0
2008-03-24,9.860482215881348,10.145166957456013,9.756959272401511,10.145166957456013,92355010.0
2008-03-25,9.91224193572998,10.067525831902968,9.834601019334201,10.067525831902968,54473760.0
2008-03-26,9.93812370300293,9.964004698277696,9.860482780560218,9.912242707728163,33620785.0
2008-03-27,9.834600448608398,9.834600448608398,9.653436601380434,9.834600448608398,27306895.0
2008-03-28,9.756958961486816,9.886361862945018,9.731079000209599,9.808719915731958,30861985.0
2008-03-31,9.679316520690918,9.679316520690918,9.47227271426826,9.653436560733411,24413290.0
2008-04-01,9.601675987243652,9.73107888719905,9.601675987243652,9.67931690186434,17923840.0
2008-04-02,9.93812370300293,9.93812370300293,9.756959831151946,9.756959831151946,40882490.0
2008-04-03,9.834600448608398,9.938122352255618,9.782839496784788,9.938122352255618,14920510.0
2008-04-07,9.860482215881348,9.886362177983257,9.756959272401511,9.834601222088706,19314735.0
2008-04-08,9.57579517364502,9.782840023783562,9.57579517364502,9.782840023783562,37816460.0
2008-04-09,9.446392059326172,9.627556943939393,9.420512098446203,9.498154044467485,37499825.0
2008-04-10,9.601675987243652,9.62755697991101,9.368751180000213,9.394632172667569,23637900.0
2008-04-11,9.498153686523438,9.627556581118714,9.472272694928124,9.627556581118714,25435300.0
2008-04-14,9.498153686523438,9.498153686523438,9.420511743428143,9.472272694928124,21833185.0
2008-04-15,9.498153686523438,9.524033646428105,9.446391703332809,9.472272694928124,17703345.0
2008-04-16,9.80871868133545,9.80871868133545,9.601674890410703,9.679315796162197,50070130.0
2008-04-17,9.964004516601562,10.041645437628626,9.88636256388372,10.01576547451653,76365465.0
2008-04-18,9.80871868133545,9.964002556219581,9.756957733604262,9.964002556219581,32253925.0
2008-04-21,9.834600448608398,9.912241360498486,9.782839496784788,9.808719456851266,34400355.0
2008-04-22,9.7310791015625,9.886361965915249,9.705198108325018,9.834601011131,22096525.0
2008-04-23,9.7310791015625,9.86048200436848,9.679317115087537,9.78284005634675,16338575.0
2008-04-24,9.679316520690918,9.834600407198561,9.679316520690918,9.834600407198561,14556850.0
2008-04-25,9.834600448608398,9.834600448608398,9.679316561446912,9.705197553204046,17736785.0
2008-04-28,9.93812370300293,9.93812370300293,9.808720790010685,9.88636274414419,28781390.0
2008-04-29,9.653437614440918,9.938123395191877,9.653437614440918,9.938123395191877,28866035.0
2008-04-30,9.627557754516602,9.731079670133719,9.601676759766935,9.627557754516602,24806210.0
2008-05-02,9.80871868133545,9.860480660757208,9.731077775583955,9.731077775583955,39765385.0
2008-05-05,9.7310791015625,9.886361965915249,9.653437153540768,9.86048200436848,24408065.0
2008-05-06,9.80871868133545,9.80871868133545,9.653435838141888,9.679315796162197,10945330.0
2008-05-07,9.756958961486816,9.8604819016678,9.756958961486818,9.834600908699878,13204620.0
2008-05-08,9.627557754516602,9.679317680634387,9.57579576501727,9.653437717575494,17111875.0
2008-05-09,9.679316520690918,9.705197512339076,9.524033665873926,9.705197512339076,18376325.0
2008-05-12,9.80871868133545,9.834599671046329,9.627555880121582,9.653435838141888,30437715.0
2008-05-13,9.88636302947998,9.88636302947998,9.731080148422059,9.83460206912734,23509365.0
2008-05-14,9.80871868133545,9.860480660757208,9.782838723315141,9.860480660757208,14494150.0
2008-05-15,9.93812370300293,9.93812370300293,9.834601785285452,9.860482780560218,30450255.0
2008-05-16,10.32633113861084,10.352212133204697,9.989884399035303,10.01576539362916,136961880.0
2008-05-19,10.507494926452637,10.507494926452637,10.35221205513287,10.35221205513287,82254040.0
2008-05-20,10.14516830444336,10.507496075502688,10.119288338905333,10.507496075502688,48554880.0
2008-05-21,9.91224193572998,10.093406825162036,9.91224193572998,10.067525831902968,38243865.0
2008-05-22,9.80871868133545,9.834599671046329,9.731077775583955,9.834599671046329,30349935.0
2008-05-23,9.7310791015625,9.86048200436848,9.705198108325018,9.808720017893517,24508385.0
2008-05-26,9.57579517364502,9.70519807602027,9.57579517364502,9.679317082868936,23434125.0
2008-05-27,9.627557754516602,9.705198675384054,9.57579576501727,9.627557754516602,14024945.0
2008-05-28,9.57579517364502,9.70519807602027,9.57579517364502,9.627557159947688,20959565.0
2008-05-29,9.57579517364502,9.679317082868936,9.57579517364502,9.601676166796354,23608640.0
2008-05-30,9.78283977508545,9.782839775085451,9.47227302361818,9.67931683680257,54039040.0
2008-06-02,9.78283977508545,9.782839775085451,9.67931683680257,9.705197829295962,20886415.0
2008-06-03,9.498153686523438,9.65343654102338,9.472272694928124,9.65343654102338,29773095.0
2008-06-04,9.498153686523438,9.549914638023418,9.420511743428143,9.472272694928124,30143025.0
2008-06-05,9.549915313720703,9.575795275456487,9.342870461380825,9.446392371705402,36037870.0
2008-06-06,9.627557754516602,9.679317680634387,9.601676759766935,9.679317680634387,17935335.0
2008-06-09,9.36875057220459,9.446391481788337,9.36875057220459,9.394631563192922,23310815.0
2008-06-10,9.239347457885742,9.394631336690631,9.239347457885742,9.394631336690631,43229560.0
2008-06-11,9.161706924438477,9.26522882674364,9.135825933016866,9.26522882674364,24725745.0
2008-06-12,8.7993803024292,8.98054416929165,8.7993803024292,8.98054416929165,46265285.0
2008-06-13,8.7993803024292,8.928783211858201,8.7993803024292,8.928783211858201,31162945.0
2008-06-16,8.7993803024292,8.902902217296095,8.747619344995751,8.7993803024292,27701905.0
2008-06-17,8.7993803024292,8.851141259862647,8.747619344995751,8.825260265300539,17814115.0
2008-06-18,8.7993803024292,8.851141259862647,8.773499307867091,8.7993803024292,14481610.0
2008-06-19,8.644096374511719,8.72173780581365,8.644096374511719,8.72173780581365,53901100.0
2008-06-20,8.669976234436035,8.773498135469357,8.644095759177704,8.74761817605634,16110765.0
2008-06-23,8.644096374511719,8.773498760014938,8.59233542031043,8.618215897411075,15661415.0
2008-06-24,8.618218421936035,8.747621361190465,8.618218421936035,8.695860391826894,18636530.0
2008-06-25,8.77349853515625,8.77349853515625,8.618215676532177,8.669976629406868,31731425.0
2008-06-26,8.669976234436035,8.799379126573001,8.669976234436035,8.799379126573001,20906270.0
2008-06-27,8.35941219329834,8.540575567303627,8.307651229296829,8.540575567303627,44814825.0
2008-06-30,8.33353042602539,8.462933331916933,8.255888476152318,8.437052853907698,36153865.0
2008-07-01,8.35941219329834,8.437054155146054,8.307651229296829,8.333531711297583,20709810.0
2008-07-02,8.281767845153809,8.359409784629886,8.281767845153809,8.333529310086293,32467105.0
2008-07-03,8.178245544433594,8.20412601607089,8.048842154556626,8.20412601607089,32746120.0
2008-07-04,8.048843383789062,8.152365801993605,8.048843383789062,8.126485326403799,23347390.0
2008-07-07,8.100605964660645,8.100605964660645,7.997083532221597,8.048844490518425,21329495.0
2008-07-08,7.660635948181152,8.100605077193881,7.63475547186809,8.100605077193881,44926640.0
2008-07-09,7.7900390625,7.919441972082658,7.738278620850475,7.738278620850475,27512760.0
2008-07-10,7.919442176818848,7.971203651497297,7.71239834148664,7.790039263890821,19770355.0
2008-07-11,8.281767845153809,8.333529310086293,8.022962583872586,8.07472404880507,57302575.0
2008-07-14,8.074724197387695,8.25588752252642,8.022962731502751,8.178246613312275,23887655.0
2008-07-15,7.712399482727051,7.971204831034365,7.660638000389209,7.919443348696523,32977065.0
2008-07-16,7.7900390625,7.919441972082658,7.738278620850475,7.841800535840294,32600865.0
2008-07-17,8.100605964660645,8.28176931869954,7.971203568918575,8.048844490518425,49318775.0
2008-07-18,7.919442176818848,8.30765039975753,7.867681217985796,8.30765039975753,40211600.0
2008-07-21,8.204127311706543,8.230007787431012,8.074724417238883,8.074724417238883,31160855.0
2008-07-22,8.022964477539062,8.152367396645394,8.022964477539062,8.022964477539062,18015800.0
2008-07-23,8.126486778259277,8.152367258472816,8.022964341559705,8.074725817832197,47182795.0
2008-07-24,8.126486778259277,8.17824825453177,8.048844821773246,8.152367258472816,32224665.0
2008-07-25,7.815919876098633,7.919441788691182,7.73827844165422,7.919441788691182,52363905.0
2008-07-28,7.815919876098633,7.815919876098632,7.815919876098632,7.815919876098632,0.0
2008-07-29,7.350069522857666,7.660635746274339,7.32418904722672,7.660635746274339,67305315.0
2008-07-30,7.4277119636535645,7.58299535448117,7.4277119636535645,7.557114359472076,27214935.0
2008-07-31,7.401830673217773,7.531233054853235,7.350069720563589,7.479472618044386,31469130.0
2008-08-01,7.246548175811768,7.272428653426559,7.168906227122031,7.246548175811767,28694655.0
2008-08-04,7.143024444580078,7.220666379085756,7.117143971693274,7.194785906198953,30104360.0
2008-08-05,6.83245849609375,7.117144223777215,6.83245849609375,7.117144223777215,61788760.0
2008-08-06,7.143024444580078,7.220666379085756,7.0136220801460585,7.0136220801460585,49104550.0
2008-08-07,7.375951290130615,7.4277122504566435,7.143026452818074,7.246548889315543,63012455.0
2008-08-08,7.774910926818848,7.831870200101139,7.376197643454477,7.404677280095622,93708000.0
2008-08-11,7.575554847717285,7.803390863189903,7.575554847717286,7.774911225454848,31610000.0
2008-08-12,7.575554847717285,7.632513579983486,7.547075209982231,7.60403448545234,26614000.0
2008-08-13,7.575554847717285,7.66099321771854,7.518595572247177,7.575554847717286,20615000.0
2008-08-14,7.689472198486328,7.860349467093463,7.547074565181025,7.575554200482858,49240000.0
2008-08-15,7.604033946990967,7.774910674893251,7.547074675554292,7.746431582378784,35988000.0
2008-08-18,7.4331560134887695,7.632512359344008,7.4046763803083575,7.575553636187006,29735000.0
2008-08-19,7.319238185882568,7.3477172764891545,7.233799284451306,7.3477172764891545,36264000.0
2008-08-20,7.4331560134887695,7.518594369826182,7.290758390790532,7.3477171139475335,28441000.0
2008-08-21,7.319238185882568,7.4331561779204165,7.3192381858825675,7.4046765441099955,23646000.0
2008-08-22,7.34771728515625,7.433156186688293,7.2337992929840285,7.34771728515625,26397000.0
2008-08-25,7.404676914215088,7.461636184682901,7.319238551717227,7.404676914215088,22254000.0
2008-08-26,7.37619686126709,7.37619686126709,7.290758503607604,7.290758503607604,13574000.0
2008-08-27,7.575554847717285,7.60403448545234,7.319239194509614,7.404677564510869,31095000.0
2008-08-28,7.547075271606445,7.547075271606446,7.319239254273477,7.433157262939962,91475000.0
2008-08-29,7.575554847717285,7.60403448545234,7.433157202245923,7.575554847717286,36545000.0
2008-09-01,7.4331560134887695,7.433156013488769,7.319238023970943,7.4046763803083575,35568000.0
2008-09-02,7.319238185882568,7.4046765441099955,7.205319650640885,7.4046765441099955,30517000.0
2008-09-03,7.290759086608887,7.347717815201938,7.17684108621891,7.319238722507349,29820000.0
2008-09-04,7.119881629943848,7.176840900264942,6.949004362184423,7.176840900264942,34406000.0
2008-09-05,6.835085868835449,6.863565501929694,6.806606235741204,6.835085868835449,40169000.0
2008-09-08,7.290759086608887,7.290759086608887,7.0059638140320075,7.119881814421984,32708000.0
2008-09-09,7.119881629943848,7.176840900264942,7.005963632505518,7.176840900264942,22481000.0
2008-09-10,6.977483749389648,6.977483749389648,6.835086121851084,6.835086121851084,43469000.0
2008-09-11,6.550291538238525,6.977484464645386,6.550291538238525,6.977484464645386,43203000.0
2008-09-12,6.407893657684326,6.635729659342664,6.265496020846897,6.550291294521756,54493000.0
2008-09-15,6.037659645080566,6.436372894879357,5.980700376593378,6.436372894879357,46452000.0
2008-09-16,5.752863883972168,5.809822604254749,5.627553830224418,5.695904620485792,85479000.0
2008-09-17,5.8098225593566895,5.923740542245294,5.678817014835743,5.923740542245294,65244000.0
2008-09-18,5.4566779136657715,5.525028720595564,5.405414672667446,5.525028720595564,84275000.0
2008-09-19,5.838303089141846,5.838303089141846,5.781343817332083,5.838303089141846,84230000.0
2008-09-22,6.0661396980285645,6.0661396980285645,5.7813443968402956,5.92374204743443,74279000.0
2008-09-23,6.0661396980285645,6.0661396980285645,5.952221686194043,6.0661396980285645,48274000.0
2008-09-24,6.322455406188965,6.3509344995038175,5.923741581334398,5.952221217853136,84586000.0
2008-09-25,6.293974876403809,6.464852128060761,6.208535978973427,6.322454508880601,45365000.0
2008-09-26,6.265495300292969,6.407892920754172,6.066138414365757,6.2939749330259716,58375000.0
2008-09-29,6.265495300292969,6.265495300292969,6.265495300292969,6.265495300292969,0.0
2008-09-30,5.838303089141846,5.838303089141846,5.838303089141846,5.838303089141846,27053000.0
2008-10-01,5.838303089141846,5.980700725462379,5.695905452821313,5.838303089141846,38907000.0
2008-10-02,5.752863883972168,5.895261499484313,5.433892986215294,5.695904620485792,27113000.0
2008-10-03,5.695905685424805,6.151578248899568,5.690209649370445,6.151578248899568,24525000.0
2008-10-06,5.695905685424805,6.094618974763762,5.599075245316271,6.094618974763762,50541000.0
2008-10-07,6.0661396980285645,6.094619336788177,5.2971927107425945,6.094619336788177,51915000.0
2008-10-08,5.644641876220703,5.923741096198434,5.644641876220703,5.644641876220703,35034000.0
2008-10-09,5.695905685424805,6.037660243831851,5.251625194058761,6.037660243831851,40039000.0
2008-10-13,5.553508281707764,5.553508281707764,5.496549005126629,5.496549005126629,37336000.0
2008-10-14,5.923741817474365,5.923741817474365,5.923741817474365,5.923741817474365,16058000.0
2008-10-15,5.980700492858887,6.322455024018079,5.866782496873774,6.322455024018079,51761000.0
2008-10-16,5.781343460083008,6.379413604313211,5.781343460083007,6.379413604313211,12664000.0
2008-10-17,5.581988334655762,6.180058610369586,5.581988334655762,6.180058610369586,55426000.0
2008-10-20,5.468069553375244,5.496548646604292,5.388326680003813,5.388326680003813,49843000.0
2008-10-21,5.2971930503845215,5.8383040486960445,5.297193050384521,5.8383040486960445,44845000.0
2008-10-22,5.114923000335693,5.667425999118903,5.114923000335693,5.667425999118903,37716000.0
2008-10-23,4.938350200653076,5.468069595492507,4.938350200653076,4.938350200653076,24110000.0
2008-10-24,4.767472743988037,5.2801045547676155,4.767472743988037,5.2801045547676155,25197000.0
2008-10-27,4.437110900878906,5.097835932095183,4.437110900878906,5.097835932095183,44990000.0
2008-10-28,4.260537624359131,4.744689571572268,4.129531777785981,4.744689571572268,65318000.0
2008-10-29,4.556724548339844,4.556724548339844,4.556724548339844,4.556724548339844,32842000.0
2008-10-30,4.875696182250977,4.875696182250977,4.237754450549568,4.237754450549568,95364000.0
2008-10-31,5.211752891540527,5.211752891540527,4.539636194955465,4.539636194955465,126226000.0
2008-11-03,5.388326644897461,5.576291483644731,5.217449370617066,5.576291483644731,85222000.0
2008-11-04,5.126315116882324,5.752864959560611,5.0807479148552375,5.752864959560611,47094000.0
2008-11-05,5.0693559646606445,5.485157372162387,5.035180833920392,5.485157372162387,43722000.0
2008-11-06,4.716209888458252,5.422502626207311,4.716209888458252,5.422502626207311,32728000.0
2008-11-07,4.556724548339844,4.710514262584184,4.39154330519068,4.39154330519068,68421000.0
2008-11-10,4.756081581115723,4.756081581115723,4.237753966355845,4.237753966355845,31737000.0
2008-11-11,4.756081581115723,4.915566792117258,4.425718815122917,4.425718815122917,33353000.0
2008-11-12,4.613683223724365,4.864302802348615,4.42571813235331,4.42571813235331,31029000.0
2008-11-13,4.448502540588379,4.932654494872791,4.300409126248165,4.932654494872791,33077000.0
2008-11-14,4.756081581115723,4.756081581115723,4.140923523875363,4.140923523875363,24091000.0
2008-11-17,4.607987880706787,4.699122286625691,4.425718797267027,4.425718797267027,25601000.0
2008-11-18,4.357367038726807,4.556723643823715,4.289016249253906,4.289016249253906,40253000000.0
2008-11-19,4.3345842361450195,4.385847201837916,4.05548472060882,4.05548472060882,24132000000.0
2008-11-20,4.032701015472412,4.078268215619817,4.032701015472412,4.032701015472412,37680000.0
2008-11-21,4.146618366241455,4.24914454379618,3.7536009448788628,3.7536009448788628,31907000000.0
2008-11-24,3.987133264541626,4.106747284206026,3.861823481446582,3.861823481446582,25626000.0
2008-11-25,4.266232490539551,4.266232490539551,3.708034090597764,3.708034090597764,43297000.0
2008-11-26,4.232057094573975,4.562419795339139,4.232057094573975,4.562419795339139,36842000.0
2008-11-27,4.494069576263428,4.5282449782895355,4.3573679681589965,4.5282449782895355,31635000000.0
2008-11-28,4.613683223724365,4.613683223724365,4.414326333324935,4.49406892652356,43812000.0
2008-12-01,4.556724548339844,4.9326542366652575,4.328888266602462,4.9326542366652575,47658000.0
2008-12-02,4.237753868103027,4.875695512124284,4.237753868103027,4.875695512124284,26359000.0
2008-12-03,4.009917259216309,4.533940583705132,3.9814376244324663,4.533940583705132,49787000.0
2008-12-04,3.930175542831421,4.289017717836469,3.9301755428314205,4.289017717836469,35486000000.0
2008-12-05,3.873215913772583,4.203578394871632,3.873215913772583,4.203578394871632,29350000.0
2008-12-08,4.1010518074035645,4.140923243252915,3.8732158071270946,3.8732158071270946,57836000.0
2008-12-09,4.038396835327148,4.140923030175931,3.816256339085236,3.816256339085236,48232000000.0
2008-12-10,4.214969635009766,4.237753232636691,3.9871333871386065,4.038396617600142,85788000000.0
2008-12-11,4.169402122497559,4.505460297724302,3.924478059242026,4.505460297724302,79272000000.0
2008-12-12,4.015614032745361,4.459894570123654,3.9301753842950817,4.459894570123654,64932000000.0
2008-12-15,4.214969635009766,4.294712226704004,4.106747410480917,4.294712226704004,38529000.0
2008-12-16,4.1637067794799805,4.505461046259912,4.123835344241581,4.505461046259912,26429000.0
2008-12-17,4.454198360443115,4.454198360443115,3.987133994714181,4.163707039030718,118803000.0
2008-12-18,4.397238731384277,4.48837340002984,4.146619139514282,4.146619139514282,44046000.0
2008-12-19,4.340280055999756,4.704818214487266,4.340280055999756,4.704818214487266,44783000000.0
2008-12-22,4.1580119132995605,4.64216364682374,4.129532271750143,4.64216364682374,47599000.0
2008-12-23,3.987133264541626,4.1580105130913125,3.8675192448772253,3.8675192448772253,29184000.0
2008-12-24,4.049788475036621,4.266232655625564,3.947262012629421,4.266232655625564,35510000000.0
2008-12-25,4.0213093757629395,4.0782683782181195,3.7706894933582022,4.0497890127915035,10054000000.0
2008-12-26,4.044093132019043,4.083964571069517,4.015613765498954,4.021309530162188,13476000000.0
2008-12-29,4.027004718780518,4.044092280775407,3.7649930809757373,3.7649930809757373,12486000000.0
2008-12-30,4.254840850830078,4.26053688611243,3.7479053895830208,3.7479053895830208,34314000000.0
2008-12-31,4.232057094573975,4.551027725200639,4.214969532570027,4.551027725200639,24139000000.0
2009-01-02,4.232057094573975,4.232057094573975,4.232057094573975,4.232057094573975,0.0
2009-01-05,4.48837423324585,4.528245403553109,4.232058286575574,4.232058286575574,60332000000.0
2009-01-06,4.48837423324585,4.528245403553109,4.454198828010209,4.48837423324585,35236000.0
2009-01-07,4.59089994430542,4.613683543943497,4.48837347433214,4.48837347433214,70679000.0
2009-01-08,4.59089994430542,4.59089994430542,4.271929006168474,4.271929006168474,51361000.0
2009-01-09,4.511157512664795,4.522549313591647,4.271929421598941,4.271929421598941,47976000.0
2009-01-12,4.471285820007324,4.761776862966306,4.3687596174809675,4.761776862966306,42488000.0
2009-01-13,4.4769816398620605,4.778864740132961,4.374455170682317,4.778864740132961,19856000.0
2009-01-14,4.454198360443115,4.49976556264068,4.163707039030718,4.163707039030718,17540000.0
2009-01-15,4.186490058898926,4.76177631417634,4.152314661995487,4.76177631417634,44874000.0
2009-01-16,4.214969635009766,4.476981279321312,4.135227043315528,4.476981279321312,23089000.0
2009-01-19,4.175098896026611,4.243449700247047,3.895999642992188,3.895999642992188,11549000000.0
2009-01-20,4.044093132019043,4.465590309574762,4.044093132019043,4.465590309574762,31735000.0
2009-01-21,4.1580119132995605,4.323193182441408,3.9643510026082964,4.323193182441408,33678000.0
2009-02-02,4.078268051147461,4.448501944816876,4.044092652415166,4.448501944816876,39823000.0
2009-02-03,4.311800479888916,4.363063443731979,4.061180610027281,4.363063443731979,54850000.0
2009-02-04,4.414326190948486,4.4257179896094385,4.015612966213255,4.015612966213255,86964000.0
2009-02-05,4.397238731384277,4.721905428255117,4.3288879336015516,4.721905428255117,36300000.0
2009-02-06,4.511157512664795,4.528245078254094,4.0896603351673475,4.0896603351673475,42507000.0
2009-02-09,4.556724548339844,4.596595714312571,4.1978824249736135,4.1978824249736135,38422000.0
2009-02-10,4.56242036819458,4.56242036819458,4.471285696857062,4.5567243324101385,45407000.0
2009-02-11,4.664946556091309,4.881391039119292,4.328888302549913,4.881391039119292,80866000.0
2009-02-12,4.664946556091309,4.664946556091309,4.340280103151284,4.340280103151284,73122000.0
2009-02-13,4.961133003234863,4.989612635305628,4.340279305548166,4.340279305548166,128293000.0
2009-02-16,4.926957130432129,5.046571145572981,4.864302377055027,4.9611327961311344,67415000.0
2009-02-17,4.670642375946045,5.268712558832693,4.664946340108106,5.268712558832693,31866000.0
2009-02-18,4.59089994430542,4.664946235726274,4.345975840793191,4.345975840793191,38488000.0
2009-02-19,4.556724548339844,4.909870635651714,4.437110507217767,4.909870635651714,56364000.0
2009-02-20,4.3345842361450195,4.875695430918492,4.3345842361450195,4.875695430918492,65583000.0
2009-02-23,4.442806243896484,4.636467111063839,4.300408611356238,4.334584010573665,28326000.0
2009-02-24,4.3061041831970215,4.385846777811248,4.135227194737963,4.135227194737963,34286000.0
2009-02-25,4.437110900878906,4.6022921586829755,4.368760091774182,4.6022921586829755,59663000.0
2009-02-26,4.528244495391846,4.744688956743904,4.476981533620407,4.744688956743904,24627000.0
2009-02-27,4.46558952331543,4.551027879434466,4.2149696754148795,4.2149696754148795,22784000.0
2009-03-02,4.442806243896484,4.773168707933549,4.414326608747663,4.773168707933549,32353000.0
2009-03-03,4.471285820007324,4.511157256790767,4.1352275759255175,4.1352275759255175,17481000.0
2009-03-04,4.682034492492676,4.778864929850111,4.163706905156156,4.163706905156156,90963000.0
2009-03-05,4.852912425994873,5.006701613554566,4.761777468947552,5.006701613554566,98746000.0
2009-03-06,4.830127239227295,4.847215345546199,4.516852623299198,4.516852623299198,131475000.0
2009-03-09,5.137707710266113,5.166186807019628,4.738993837269499,5.166186807019628,99913000.0
2009-03-10,5.211752891540527,5.496548143388727,5.001004470357319,5.496548143388727,142818000.0
2009-03-11,5.422502517700195,5.576291690000955,5.280104874397613,5.576291690000955,102228000.0
2009-03-12,5.633251190185547,5.781344332315617,5.42250273484283,5.781344332315617,147349000.0
2009-03-13,5.8098225593566895,6.0091794368145885,5.240232101709881,6.0091794368145885,101557000.0
2009-03-16,5.690208435058594,6.208535654906652,5.661728804068351,6.208535654906652,68811000.0
2009-03-17,5.633251190185547,6.06613963032533,5.519332636418524,6.06613963032533,76339000.0
2009-03-18,5.6788177490234375,5.752864583275145,5.240232779194984,5.240232779194984,58007000.0
2009-03-19,5.53072452545166,5.781344140369681,5.285800403469757,5.285800403469757,61623000.0
2009-03-20,5.251624584197998,5.89526191709114,5.240232513412217,5.89526191709114,81715000.0
2009-03-23,5.61616325378418,5.61616325378418,4.887087420571737,5.251625608779928,65023000.0
2009-03-24,6.009180068969727,6.009180068969726,5.61616230765453,5.61616230765453,56632000.0
2009-03-25,6.407893657684326,6.407893657684327,5.59337900114899,5.59337900114899,188341000.0
2009-03-26,6.835085868835449,6.835085868835449,5.980700135231018,5.980700135231018,150885000.0
2009-03-27,6.664209842681885,7.119882426626783,6.379414545616814,6.835087129561712,128733000.0
2009-03-30,6.350935459136963,6.664210421771496,6.237017439052759,6.664210421771496,97150000.0
2009-03-31,6.322455406188965,6.436373409060033,6.23701649663275,6.3509344995038175,90312000.0
2009-04-02,6.43637228012085,6.721167508947403,6.037659068404434,6.037659068404434,111462000.0
2009-04-03,6.4933319091796875,6.607250451224557,6.009180278304459,6.009180278304459,80932000.0
2009-04-06,6.151577949523926,6.920524853711997,6.151577949523926,6.920524853711997,73466000.0
2009-04-07,6.322455406188965,6.578771048449839,6.15157813028042,6.578771048449839,94344000.0
2009-04-08,6.037659645080566,6.265495632621635,5.895262017066439,5.895262017066439,114322000.0
2009-04-09,6.43637228012085,6.43637228012085,5.6959045765310545,5.6959045765310545,190659000.0
2009-04-10,6.43637228012085,6.578769894534126,6.009179436881021,6.009179436881021,149266000.0
2009-04-13,6.407893657684326,6.550291294521756,6.0091803831803,6.0091803831803,100072000.0
2009-04-14,6.664209842681885,6.835087129561712,6.322455812126152,6.835087129561712,203835000.0
2009-04-15,6.692688465118408,6.892045360084322,6.2085363163176694,6.2085363163176694,173155000.0
2009-04-16,6.806607723236084,7.148362308645369,6.237017109689903,7.148362308645369,134827000.0
2009-04-17,7.06292200088501,7.262278893679308,6.350933874053705,6.350933874053705,320158000.0
2009-04-20,7.0059638023376465,7.17684107423932,6.578770894185398,6.578770894185398,131720000.0
2009-04-21,7.091402053833008,7.091402053833008,6.521811518694551,7.005963690843785,93396000.0
2009-04-22,7.461637020111084,7.575555030597467,7.0629231686028575,7.575555030597467,226927000.0
2009-04-23,7.148360729217529,7.461635606090741,6.949003841242626,6.949003841242626,132099000.0
2009-04-24,6.977483749389648,7.319238272763738,6.664208860164039,6.664208860164039,108056000.0
2009-04-27,6.607250213623047,7.091401827087831,6.52181131016184,6.9774838323434025,105967000.0
2009-04-28,6.379414081573486,6.692688994197998,6.151578077775958,6.151578077775958,95934000.0
2009-04-29,6.607250213623047,6.664208939393338,5.952220793235847,5.952220793235847,109940000.0
2009-04-30,7.06292200088501,7.06292200088501,6.2654955161154815,6.2654955161154815,55929000.0
2009-05-04,7.547075271606445,7.547075271606446,6.578771383135458,6.578771383135458,70709000.0
2009-05-05,7.974266529083252,8.059704881756195,7.0344424768656735,7.0344424768656735,449762000.0
2009-05-06,8.515378952026367,8.515378952026367,7.746432004911875,7.746432004911875,300787000.0
2009-05-07,8.14514446258545,8.429939719716383,7.945787565312259,7.945787565312259,241996000.0
2009-05-08,7.974266529083252,8.714734243996027,7.689471295901707,8.714734243996027,146585000.0
2009-05-11,7.974266529083252,8.515377363487428,7.433155694679076,8.515377363487428,165440000.0
2009-05-12,7.689472198486328,7.803390196489797,7.433156567177556,7.433156567177556,109732000.0
2009-05-13,7.831869602203369,7.888828871137296,7.176840725482444,7.176840725482444,126350000.0
2009-05-14,7.461637020111084,7.6609934026612745,7.290759732779547,7.290759732779547,111402000.0
2009-05-15,7.689472198486328,7.888829102395296,6.949004396657982,6.949004396657982,154941000.0
2009-05-18,7.632513046264648,7.774910681778571,7.490115410750728,7.6894723177517665,88242000.0
2009-05-19,7.746431827545166,7.917308560855518,7.632513281066415,7.632513281066415,195679000.0
2009-05-20,7.66099214553833,7.746431046786046,7.461635795701322,7.746431046786046,94523000.0
2009-05-21,7.717951774597168,7.8888290418938,7.660992504430337,7.660992504430337,157237000.0
2009-05-22,7.575554847717285,7.7179524931886485,7.518595572247177,7.7179524931886485,118305000.0
2009-05-25,7.37619686126709,8.08818498577557,7.347717227645984,8.08818498577557,130544000.0
2009-05-26,7.34771728515625,7.575553812704529,7.290758560672057,7.3761969190002645,113364000.0
2009-05-27,7.404676914215088,7.632512909678622,7.3477176437472735,7.3477176437472735,152536000.0
2009-06-01,7.518594741821289,7.917307996462598,7.404676746667179,7.404676746667179,114219000.0
2009-06-02,7.66099214553833,7.8603490385791694,7.518594519995967,7.518594519995967,219240000.0
2009-06-03,7.632513046264648,8.173624495780647,7.547074682237844,8.173624495780647,70646000.0
2009-06-04,7.404676914215088,8.145144714277368,7.3477176437472735,8.145144714277368,113165000.0
2009-06-05,7.461637020111084,7.917309062056618,7.376198104843354,7.917309062056618,62308000.0
2009-06-08,7.4331560134887695,7.888828514763894,7.3477171139475335,7.3477171139475335,125461000.0
2009-06-09,7.06292200088501,7.945787386796594,7.005963276660805,7.945787386796594,114473000.0
2009-06-10,7.262279987335205,7.547075280956194,7.062923064518947,7.062923064518947,118582000.0
2009-06-11,6.977483749389648,7.1198813769282125,6.778126853554122,7.06292210863125,155280000.0
2009-06-12,6.721169471740723,6.977485143896117,6.721169471740723,6.892046767578968,139867000.0
2009-06-15,6.265495300292969,6.550290541215376,6.265495300292969,6.4933312757493695,154187000.0
2009-06-16,6.151577949523926,6.322455220411453,6.094618678160126,6.208536677683855,122927000.0
2009-06-17,6.094618320465088,6.322454849344619,6.066138686454667,6.15157758848593,75784000.0
2009-06-18,5.8667826652526855,6.2085366630164955,5.8667826652526855,6.094618663761892,91677000.0
2009-06-19,5.923741817474365,5.980701092782428,5.8383034477161795,5.952221455128396,63140000.0
2009-06-22,6.094618320465088,6.094618320465088,5.752864341951548,5.9522206936168205,160936000.0
2009-06-23,5.895262718200684,5.9807010878889635,5.838303442939226,5.923741812627505,81311000.0
2009-06-24,6.037659645080566,6.208536364134447,5.838302748579251,5.92374110810619,122771000.0
2009-06-25,6.180058002471924,6.237016734477602,6.037660357651869,6.094619089657547,110657000.0
2009-06-26,6.208536624908447,6.35093425890363,6.208536624908446,6.265495895788066,97884000.0
2009-06-29,6.151577949523926,6.350934312889484,6.151577949523926,6.293975584729554,79992000.0
2009-06-30,6.265495300292969,6.322454565758975,6.180056945297771,6.2939749330259716,53863000.0
2009-07-01,6.407893657684326,6.436373293692588,6.293975656855158,6.3224552928634195,67869000.0
2009-07-02,6.43637228012085,6.493330999963886,6.407892648597437,6.407892648597437,71439000.0
2009-07-03,6.322455406188965,6.3509344995038175,6.265496133151488,6.322455406188965,44574000.0
2009-07-06,6.237016201019287,6.350934198491028,6.180057473885347,6.322455106525988,50875000.0
2009-07-07,6.350935459136963,6.350935459136962,6.151579059790599,6.208537798230717,60803000.0
2009-07-08,6.635730743408203,6.635730743408203,6.293976685089048,6.322456325749969,112205000.0
2009-07-09,6.607250213623047,6.778126934137767,6.607250213623047,6.664208939393338,107288000.0
2009-07-10,6.749648094177246,6.92052482105455,6.692688823082234,6.778127186520885,102020000.0
2009-07-13,6.550291538238525,6.863566459577669,6.464853170238712,6.835086822509766,90534000.0
2009-07-14,6.749648094177246,6.806606822068392,6.635729551987222,6.664209187534728,60641000.0
2009-07-15,6.977483749389648,7.06292210863125,6.835086121851084,6.863565755999565,123061000.0
2009-07-16,7.091402053833008,7.1768409600260945,7.0344433262414805,7.119881689230703,101825000.0
2009-07-17,7.034442901611328,7.205319617274898,7.034442901611328,7.1768405268001905,48356000.0
2009-07-20,7.119881629943848,7.319238532863819,7.062922359622752,7.148361265104395,96591000.0
2009-07-21,7.290759086608887,7.376197451100401,7.205320178913499,7.347717815201938,68342000.0
2009-07-22,7.205320358276367,7.347717998109527,7.148361628265435,7.290759268098595,54115000.0
2009-07-23,7.233800411224365,7.319239325964022,7.148362039688628,7.233800411224366,48036000.0
2009-07-24,7.37619686126709,7.4331561285092995,7.319238137228709,7.347717227645984,83639000.0
2009-07-27,7.831869602203369,7.888828871137296,7.376197080343495,7.4331563492774215,172114000.0
2009-07-28,7.974266529083252,8.08818451371511,7.888828176410308,7.9457868971243375,156594000.0
2009-07-29,7.888829231262207,8.088185595223871,7.8603495954951486,8.088185595223871,137615000.0
2009-07-30,7.974266529083252,8.03122579300108,7.632512031983879,7.888828176410308,106912000.0
2009-07-31,8.287541389465332,8.344500110146658,8.059704877128633,8.145143772956319,239006000.0
2009-08-03,8.372980117797852,8.40145975101834,8.173623771662083,8.287541761340211,98915000.0
2009-08-04,7.803390979766846,8.458420484643122,7.803390979766847,8.429940846482602,147526000.0
2009-08-05,7.604033946990967,7.917308310281068,7.604033946990967,7.860349582048263,98756000.0
2009-08-06,7.888829231262207,7.917308323825394,7.632513052562555,7.660992688329612,59187000.0
2009-08-07,7.888829231262207,7.888829231262207,7.888829231262207,7.888829231262207,0.0
2009-08-10,7.860351085662842,7.945789465957578,7.71795342303563,7.888830726829078,33795000.0
2009-08-11,7.9173078536987305,7.9457874877746795,7.746431135650717,7.888828762826621,41274000.0
2009-08-12,7.774910926818848,7.917308566820687,7.774910926818848,7.831870200101139,48285000.0
2009-08-13,7.9173078536987305,7.974267121850628,7.8033898605987755,7.8033898605987755,54503000.0
2009-08-14,7.9173078536987305,8.14514438310248,7.9173078536987305,8.088185114950583,48236000.0
2009-08-17,7.803390979766846,7.974268265526045,7.803390979766847,7.917308989205006,44400000.0
2009-08-18,7.4331560134887695,7.746430892065656,7.3761967471279455,7.746430892065656,62731000.0
2009-08-19,7.575554847717285,7.632513579983486,7.518595572247177,7.547075209982231,29326000.0
2009-08-20,7.404676914215088,7.5755541824146695,7.376197278981181,7.5755541824146695,52471000.0
2009-08-21,7.233800411224365,7.547075345528601,7.1768416779351805,7.461636973992864,65285000.0
2009-08-24,7.717951774597168,7.717951774597167,7.404676875087317,7.404676875087317,60317000.0
2009-08-25,7.774910926818848,7.831870200101139,7.6894725600993,7.717952196740445,59548000.0
2009-08-26,7.803390979766846,7.831870617927366,7.632513694007647,7.831870617927366,54546000.0
2009-08-27,7.66099214553833,7.774910137331453,7.63251251178909,7.689471779287568,25435000.0
2009-08-28,7.689472198486328,7.746431469089994,7.547074565181025,7.575554200482858,49798000.0
2009-08-31,7.689472198486328,7.803390196489797,7.6040338357846915,7.746431469089994,46731000.0
2009-09-01,7.974266529083252,7.974266529083252,7.689471295901707,7.717950927860621,59418000.0
2009-09-02,8.14514446258545,8.259062456797054,7.860349205454517,7.945787565312259,100428000.0
2009-09-03,8.259061813354492,8.372979798691036,8.059704931612691,8.173623460153037,133170000.0
2009-09-04,8.68625545501709,8.68625545501709,8.401460194196856,8.401460194196856,182139000.0
2009-09-07,9.113449096679688,9.170408370815494,8.71473580734073,8.71473580734073,173998000.0
2009-09-08,9.198885917663574,9.255845182220298,8.999529578122651,9.227366093145742,159574000.0
2009-09-09,9.113449096679688,9.36976528708692,9.084969459611784,9.2273676449513,106867000.0
2009-09-10,8.857133865356445,9.398244822238484,8.771694950141017,9.341285545428196,122714000.0
2009-09-11,9.141927719116211,9.141927719116211,8.800173721536503,8.800173721536503,89779000.0
2009-09-14,8.828652381896973,9.113447620022681,8.828652381896973,9.113447620022681,48002000.0
2009-09-15,8.857133865356445,8.971051875773098,8.828654226951302,8.828654226951302,40400000.0
2009-09-16,9.056488990783691,9.113448259688282,8.914091361726062,8.999530265082948,59578000.0
2009-09-17,9.028010368347168,9.113448732936902,8.971051096484763,9.056489461074497,79932000.0
2009-09-18,8.942571640014648,8.971051276517384,8.857133273710323,8.942571640014648,47345000.0
2009-09-21,8.714734077453613,8.942570042363283,8.686254446038957,8.885611322737759,51262000.0
2009-09-22,8.942571640014648,8.971051276517384,8.714735634400522,8.714735634400522,98172000.0
2009-09-23,8.771695137023926,9.113449718758961,8.714736402204043,8.99953170591526,79825000.0
2009-09-24,8.629297256469727,8.914092552633136,8.600818161416521,8.800174542808556,57145000.0
2009-09-25,8.65777587890625,8.714735148737445,8.572337517363316,8.572337517363316,54922000.0
2009-09-28,8.629297256469727,8.686256532983975,8.572338523159395,8.657776894726851,30074000.0
2009-09-29,8.942571640014648,9.056489642821711,8.857133273710323,8.857133273710323,128846000.0
2009-09-30,8.971052169799805,9.05649054461156,8.94257253046124,9.028011448476935,52090000.0
2009-10-01,9.113449096679688,9.2273676449513,9.028010728679874,9.056489822543881,111905000.0
2009-10-02,8.999530792236328,8.999530792236328,8.885612790958174,8.942571519995312,53980000.0
2009-10-05,8.999530792236328,8.999530792236328,8.857133154837666,8.999530792236328,44949000.0
2009-10-06,9.113449096679688,9.170408370815494,9.028010728679874,9.084969459611784,39871000.0
2009-10-07,9.056488990783691,9.255845888745911,9.056488990783691,9.255845888745911,34215000.0
2009-10-08,8.771695137023926,9.056490440735145,8.771695137023926,8.99953170591526,83232000.0
2009-10-09,8.828652381896973,8.942570368506495,8.80017274944364,8.885611646803637,62733000.0
2009-10-12,8.771695137023926,8.914092788879536,8.743216041215952,8.857134054059651,55830000.0
2009-10-13,8.771695137023926,8.771695137023926,8.600818389360343,8.657777124180226,56036000.0
2009-10-14,9.198885917663574,9.341283535851579,8.77169306309956,8.77169306309956,141219000.0
2009-10-15,9.34128475189209,9.54064166058893,9.227367294356574,9.312805659110149,170543000.0
2009-10-16,9.369763374328613,9.483680812937147,9.31280411182056,9.341283199870801,48078000.0
2009-10-19,9.426722526550293,9.455202703957179,9.25584580773971,9.369764344551887,58636000.0
2009-10-20,9.739997863769531,9.768476954488593,9.483681701667306,9.483681701667306,112000000.0
2009-10-21,9.569120407104492,9.73999821683604,9.398243683780656,9.73999821683604,86668000.0
2009-10-22,9.39824390411377,9.569120631443653,9.227367176783886,9.569120631443653,78362000.0
2009-10-23,9.39824390411377,9.512162446605517,9.284325361622024,9.39824390411377,33422000.0
2009-10-26,9.39824390411377,9.569120631443653,9.369764811694703,9.426722996532838,30113000.0
2009-10-27,9.28432559967041,9.398244145083007,9.227367413371876,9.398244145083007,28567000.0
2009-10-28,8.999530792236328,9.312805703154165,8.999530792236328,9.284325523829779,54119000.0
2009-10-29,8.942571640014648,8.971051276517384,8.74321527090326,8.857133273710323,81850000.0
2009-10-30,9.22736644744873,9.369764071104374,8.914091023561726,9.084968280589262,83654000.0
2009-11-02,9.084969520568848,9.198887526400915,8.942571877477787,8.971051514736779,44599000.0
2009-11-03,8.914092063903809,9.084969340874018,8.914092063903809,9.084969340874018,29470000.0
2009-11-04,9.028010368347168,9.056489461074497,8.914091824622357,8.914091824622357,42490000.0
2009-11-05,8.828652381896973,9.028009265866492,8.828652381896973,9.028009265866492,36768000.0
2009-11-06,9.028010368347168,9.141927825664231,8.857133095963826,8.857133095963826,76374000.0
2009-11-09,8.942571640014648,9.113448915827185,8.914092003511911,9.113448915827185,41153000.0
2009-11-10,8.885612487792969,9.056489212278178,8.885612487792969,8.971050850035574,52209000.0
2009-11-11,9.31280517578125,9.341284267085143,8.91409137908057,8.971050648096051,93774000.0
2009-11-12,9.369763374328613,9.483680812937147,9.284323937362748,9.369763374328613,57647000.0
2009-11-13,9.483681678771973,9.597600214188537,9.36976422976308,9.398243320413386,89464000.0
2009-11-16,9.597600936889648,9.597600936889648,9.45520330010021,9.483682392894996,36484000.0
2009-11-17,9.654560089111328,9.739998452843482,9.597600817820645,9.683039181552799,61679000.0
2009-11-18,9.512163162231445,9.683039902416851,9.483682981261998,9.683039902416851,39524000.0
2009-11-19,9.45520305633545,9.626079781514298,9.45520305633545,9.512162326864306,31891000.0
2009-11-20,9.084969520568848,9.426723538065051,9.056489883309855,9.39824444400996,122578000.0
2009-11-23,8.942571640014648,9.084969279324447,8.942571640014648,9.084969279324447,55778000.0
2009-11-24,8.999530792236328,9.113448793514484,8.97105115611582,9.056489521273468,53943000.0
2009-11-25,9.141927719116211,9.227367169117908,8.999530627527566,8.999530627527566,48016000.0
2009-11-26,9.113449096679688,9.284325832679315,9.113449096679688,9.284325832679315,33320000.0
2009-11-27,8.885612487792969,9.056489212278178,8.857132852644147,9.028010120333217,74444000.0
2009-11-30,8.999530792236328,9.084969157393976,8.999530792236328,9.056489521273468,28793000.0
2009-12-01,9.056488990783691,9.141927350936731,8.971050630630652,8.999530265082948,43086000.0
2009-12-02,9.141927719116211,9.255846261513316,9.084968991121528,9.170407897919356,40829000.0
2009-12-03,9.084969520568848,9.2558468009189,9.084969520568848,9.227367706863808,35008000.0
2009-12-04,8.999530792236328,9.141927886431114,8.999530792236328,9.113448793514484,30465000.0
2009-12-07,9.31280517578125,9.341284267085143,8.999530282603793,9.028009917111534,61805000.0
2009-12-08,9.31280517578125,9.31280517578125,9.170407546446393,9.31280517578125,29172000.0
2009-12-09,9.17040729522705,9.25584565320588,9.08496839404439,9.17040729522705,46041000.0
2009-12-10,9.056488990783691,9.198886619841321,8.999530265082948,9.170407528592872,56101000.0
2009-12-11,9.113449096679688,9.113449096679688,8.99953109161197,9.113449096679688,32334000.0
2009-12-14,9.084969520568848,9.113449157827839,8.999531151995772,9.113449157827839,31876000.0
2009-12-15,9.084969520568848,9.113449157827839,8.999531151995772,9.084969520568848,28257000.0
2009-12-16,9.056488990783691,9.084968625235986,8.942570996178357,9.084968625235986,27208000.0
2009-12-17,8.914092063903809,9.113448977569702,8.914092063903809,9.084969340874018,56400000.0
2009-12-18,8.885612487792969,8.942571214886753,8.800173582346506,8.885612487792969,64471000.0
2009-12-21,9.113449096679688,9.255846738815308,9.028010728679874,9.056489822543881,100037000.0
2009-12-22,9.34128475189209,9.36976493108178,9.141927843195248,9.17040802238494,79118000.0
2009-12-23,9.483681678771973,9.569120037130562,9.426722411063691,9.51216185582995,69211000.0
2009-12-24,9.45520305633545,9.540641418924872,9.426722877867158,9.512162326864306,37116000.0
2009-12-25,9.39824390411377,9.512162446605517,9.369764811694703,9.512162446605517,26266000.0
2009-12-28,9.597600936889648,9.626080029684434,9.483682392894996,9.483682392894996,47061000.0
2009-12-29,9.626079559326172,9.654559737137086,9.512162107305612,9.597600467922957,37223000.0
2009-12-30,9.711517333984375,9.739997510076893,9.654559154614601,9.683038244299487,73442000.0
2009-12-31,9.79695987701416,9.79695987701416,9.683041309399215,9.768479691906435,36657000.0
2010-01-04,9.683038711547852,9.796957248599725,9.56912017449598,9.796957248599725,30047000.0
2010-01-05,9.79695987701416,9.882398259521382,9.711520408098963,9.79695987701416,64811000.0
2010-01-06,10.480464935302734,10.480464935302734,9.768476813523911,9.796956990239659,140587000.0
2010-01-07,10.480464935302734,10.879178718061937,10.480464935302734,10.594383469350408,137376000.0
2010-01-08,10.366549491882324,10.508947143768577,10.167192561959999,10.480466961546608,55124000.0
2010-01-11,10.594386100769043,10.822222139046326,10.309590781320454,10.423508257255135,107861000.0
2010-01-12,10.451986312866211,10.736781574326283,10.338067773719098,10.594383943596247,53705000.0
2010-01-13,10.167191505432129,10.252629870403945,10.13871132616969,10.252629870403945,55935000.0
2010-01-14,10.224148750305176,10.281106924720884,10.16718948948193,10.16718948948193,27502000.0
2010-01-15,10.252630233764648,10.338068601764462,10.167191865764835,10.252630233764648,30826000.0
2010-01-18,10.167191505432129,10.309589142521073,9.996313689080745,10.13871132616969,47352000.0
2010-01-19,9.996313095092773,10.309588529918056,9.996313095092775,10.195669992452919,45429000.0
2010-01-20,10.309590339660645,10.309590339660645,10.053274128574257,10.138712503467094,65249000.0
2010-01-21,10.252630233764648,10.366548782036261,10.224151139900641,10.309589507900455,54695000.0
2010-01-22,10.081753730773926,10.195671195270599,9.967835179869432,10.138711919818354,51236000.0
2010-01-25,9.91087532043457,10.024793864626591,9.82543695549443,9.85391604833856,44211000.0
2010-01-26,9.39824390411377,9.996313536176096,9.341284632867897,9.96783444375703,78406000.0
2010-01-27,9.34128475189209,9.455203295835355,9.312805659110149,9.455203295835355,48210000.0
2010-01-28,9.39824390411377,9.597600810270459,9.341284632867897,9.341284632867897,72428000.0
2010-01-29,9.141927719116211,9.227367169117908,8.828653357135778,9.227367169117908,107284000.0
2010-02-01,8.828652381896973,9.084967987569348,8.828652381896973,9.056488355116016,57493000.0
2010-02-02,8.885612487792969,9.056489212278178,8.800173582346506,9.056489212278178,48237000.0
2010-02-03,9.483681678771973,9.483681678771974,9.170407335987928,9.284324784996823,93317000.0
2010-02-04,9.39824390411377,9.76847753760034,9.39824390411377,9.569120631443653,129750000.0
2010-02-05,8.942571640014648,9.056489642821711,8.828653637207585,8.942571640014648,152460000.0
2010-02-08,9.113449096679688,9.198887464679501,9.056489822543881,9.170408370815494,44950000.0
2010-02-09,9.255847930908203,9.312807212379994,9.113450270432692,9.113450270432692,57855000.0
2010-02-10,9.255847930908203,9.398245591383713,9.227368833376273,9.312807212379994,80828000.0
2010-02-22,9.45520305633545,9.512162326864306,9.25584615268831,9.45520305633545,61113000.0
2010-02-23,9.28432559967041,9.28432559967041,9.11344886795928,9.11344886795928,67885000.0
2010-02-24,9.084969520568848,9.198887526400915,8.999531151995772,9.198887526400915,75795000.0
2010-02-25,8.828652381896973,9.084967987569348,8.743214027740782,9.084967987569348,122052000.0
2010-02-26,8.800174713134766,8.82865435194311,8.657777062296974,8.771695074326422,69438000.0
2010-03-01,9.113449096679688,9.141928190543695,8.800174175340544,8.85713344947635,66218000.0
2010-03-02,8.971052169799805,9.17040910196582,8.94257253046124,9.141928919423316,55086000.0
2010-03-03,9.056488990783691,9.056488990783691,8.942570996178357,9.028009899535242,39637000.0
2010-03-04,8.999530792236328,9.113448793514484,8.914091883874804,9.113448793514484,39114000.0
2010-03-05,9.17040729522705,9.198886385750772,9.056488760316835,9.113448027771943,60811000.0
2010-03-08,9.22736644744873,9.284324627784867,9.141927004129224,9.2558455376168,49140000.0
2010-03-09,9.31280517578125,9.31280517578125,9.11344827743091,9.255845906765769,53450000.0
2010-03-10,9.45520305633545,9.45520305633545,9.341284515277733,9.398243785806592,60107000.0
2010-03-11,9.512163162231445,9.597601532324148,9.426723705730923,9.512163162231445,45855000.0
2010-03-12,9.540643692016602,9.540643692016602,9.398246024971577,9.51216459317079,26471000.0
2010-03-15,9.28432559967041,9.512162690495604,9.255846506521143,9.455203417789306,40518000.0
2010-03-16,9.39824390411377,9.39824390411377,9.198886997957082,9.227367176783886,33025000.0
2010-03-17,9.569120407104492,9.569120407104492,9.398243683780656,9.512162223601688,57174000.0
2010-03-18,9.540643692016602,9.626082074962019,9.455205309071184,9.569122790862414,46403000.0
2010-03-19,9.654560089111328,9.739998452843482,9.569120638971436,9.569120638971436,46844000.0
2010-03-22,9.540643692016602,9.540643692016602,9.42672512381739,9.540643692016602,38589000.0
2010-03-23,9.426722526550293,9.626079422767763,9.426722526550293,9.626079422767763,28338000.0
2010-03-24,9.540643692016602,9.626082074962019,9.540643692016602,9.597602976116208,31445000.0
2010-03-25,9.512163162231445,9.597601532324148,9.398244611169297,9.540642256793074,24657000.0
2010-03-26,9.683038711547852,9.683038711547852,9.398243455325856,9.455202723851793,34905000.0
2010-03-29,9.540643692016602,9.711520457907438,9.540643692016602,9.683041359061626,45394000.0
2010-03-30,9.569120407104492,9.597600585263606,9.54064131535309,9.597600585263606,23162000.0
2010-03-31,9.597600936889648,9.768477666473872,9.56912075768711,9.626080029684434,48792000.0
2010-04-01,9.626079559326172,9.739998097754432,9.569120290112043,9.597600467922957,53644000.0
2010-04-02,9.540643692016602,9.683041359061626,9.51216459317079,9.626082074962019,23168000.0
2010-04-06,9.711517333984375,9.76847659976178,9.597599888837195,9.597599888837195,44375000.0
2010-04-07,9.79695987701416,9.79695987701416,9.711520408098963,9.740000593206688,28942000.0
2010-04-08,9.711517333984375,9.825435865539186,9.711517333984375,9.7969567758543,34009000.0
2010-04-09,9.654560089111328,9.796957724134163,9.626079910262117,9.796957724134163,23792000.0
2010-04-12,9.654560089111328,9.683039181552799,9.569120638971436,9.683039181552799,16844000.0
2010-04-13,9.45520305633545,9.626079781514298,9.398243785806592,9.626079781514298,38188000.0
2010-04-14,9.483681678771973,9.540640946480256,9.312804962054798,9.51216185582995,29241000.0
2010-04-15,9.45520305633545,9.654559959982588,9.398243785806592,9.626079781514298,57127000.0
2010-04-16,9.512163162231445,9.512163162231445,9.398244611169297,9.455203886700371,27250000.0
2010-04-19,9.22736644744873,9.369764071104374,9.198886270873013,9.341283894528654,45603000.0
2010-04-20,9.31280517578125,9.369764444796733,9.227366815461874,9.341284267085143,21840000.0
2010-04-21,9.31280517578125,9.398243536100626,9.284324998069662,9.31280517578125,36248000.0
2010-04-22,9.255847930908203,9.312807212379994,9.198888649436412,9.227368833376273,26566000.0
2010-04-23,9.22736644744873,9.369764071104374,9.22736644744873,9.369764071104374,24050000.0
2010-04-26,9.569120407104492,9.683038946925524,9.34128441387014,9.34128441387014,72790000.0
2010-04-27,9.483681678771973,9.597600214188537,9.455202588121667,9.569120037130562,31874000.0
2010-04-28,9.34128475189209,9.36976493108178,9.227367294356574,9.227367294356574,47225000.0
2010-04-29,9.17040729522705,9.312804920660987,9.141927118295664,9.312804920660987,53383000.0
2010-04-30,9.113449096679688,9.341285106815121,9.084969459611784,9.2273676449513,55822000.0
2010-05-03,8.999530792236328,9.113448793514484,8.942571519995312,9.056489521273468,29053000.0
2010-05-04,8.914092063903809,9.084969340874018,8.857133333716332,9.084969340874018,39166000.0
2010-05-05,8.372980117797852,8.714734630036059,8.372980117797852,8.714734630036059,136375000.0
2010-05-06,8.401459693908691,8.600816581893136,8.372980060881796,8.372980060881796,76364000.0
2010-05-07,8.429939270019531,8.486897992484936,8.230582383381075,8.316021281884906,58207000.0
2010-05-10,8.54385757446289,8.600816842240844,8.486898306684937,8.54385757446289,43846000.0
2010-05-11,8.600818634033203,8.771695386557825,8.543859354389031,8.771695386557825,87347000.0
2010-05-12,8.486899375915527,8.714735932527725,8.45842028164242,8.714735932527725,39678000.0
2010-05-13,8.714734077453613,8.743213708868268,8.600816094998777,8.6577748146243,40029000.0
2010-05-14,8.65777587890625,8.714735148737445,8.65777587890625,8.65777587890625,23606000.0
2010-05-17,8.486899375915527,8.572338288346566,8.37298136921138,8.543858650869552,39815000.0
2010-05-18,8.372980117797852,8.543857373916955,8.372980117797852,8.48689810747598,34025000.0
2010-05-19,8.230583190917969,8.316022097804568,8.145144827235239,8.259062826546835,49597000.0
2010-05-20,7.974266529083252,8.28754139422371,7.974266529083252,8.259061762264796,78425000.0
2010-05-21,7.974266529083252,8.08818451371511,7.689471295901707,7.746430559819536,46297000.0
2010-05-24,8.14514446258545,8.20210318808933,8.088185193877726,8.173624096939312,43867000.0
2010-05-25,7.860351085662842,8.002748748290053,7.860351085662841,7.974269107123815,38856000.0
2010-05-26,7.974266529083252,8.059704881756195,7.9457868971243375,8.002746161042166,33431000.0
2010-05-27,8.031228065490723,8.088186802321609,7.8603507685901635,7.974268785455886,28054000.0
2010-05-28,8.173624992370605,8.316022636535921,8.116665717422919,8.202104086640546,45207000.0
2010-05-31,8.600818634033203,8.600818634033203,8.20210476293189,8.316023322220236,48655000.0
2010-06-01,8.429939270019531,8.543857258154157,8.37298000435031,8.543857258154157,32220000.0
2010-06-02,8.202103614807129,8.401460522451943,8.173624522175475,8.173624522175475,52278000.0
2010-06-03,8.486899375915527,8.51537901339254,8.344501731734368,8.429940644165406,40730000.0
2010-06-04,8.344501495361328,8.543858408849369,8.344501495361328,8.543858408849369,36286000.0
2010-06-07,8.088186264038086,8.116665902160133,7.974268254753814,8.031227530997908,38642000.0
2010-06-08,7.974266529083252,8.059704881756195,7.9457868971243375,8.002746161042166,66251000.0
2010-06-09,7.860351085662842,8.002748748290053,7.831871444496604,7.917309824791341,83134000.0
2010-06-10,7.9457879066467285,8.002747177801304,7.88882917869602,7.974267542224016,26357000.0
2010-06-11,8.14514446258545,8.259062456797054,8.088185193877726,8.259062456797054,27445000.0
2010-06-14,8.287541389465332,8.287541389465332,8.173623404898882,8.202102493637646,25557000.0
2010-06-15,8.372980117797852,8.429939384238828,8.230582494899236,8.287541761340211,32385000.0
2010-06-17,8.54385757446289,8.714734834592916,8.515377940573915,8.572337208351868,106471000.0
2010-06-18,8.515378952026367,8.572338226569915,8.401460946143173,8.572338226569915,37968000.0
2010-06-21,8.57233715057373,8.657775508460965,8.515377883179687,8.600816784270753,67576000.0
2010-06-22,8.515378952026367,8.629296957909563,8.515378952026367,8.600817863841689,29418000.0
2010-06-23,8.429939270019531,8.515377625319546,8.429939270019531,8.515377625319546,15351000.0
2010-06-24,8.316023826599121,8.486900589487666,8.287544185049704,8.45842149114223,34142000.0
2010-06-25,8.173624992370605,8.230583724114389,8.145145354896762,8.202104086640546,31587000.0
2010-06-28,8.202103614807129,8.287542522313709,8.173624522175475,8.259062886478182,21130000.0
2010-06-29,8.11666488647461,8.316021785178332,8.11666488647461,8.259062516061883,25321000.0
2010-06-30,8.173624992370605,8.230583724114389,7.9457884357837605,7.974268073257605,49497000.0
2010-07-01,8.05970573425293,8.116665004195493,8.002747007514222,8.116665004195493,12852000.0
2010-07-02,8.031228065490723,8.088186802321609,7.945789145438467,7.945789145438467,39119000.0
2010-07-05,8.14514446258545,8.20210318808933,8.002746834019984,8.059705559523863,26776000.0
2010-07-06,8.287541389465332,8.287541389465332,8.031225788389868,8.059704877128633,43772000.0
2010-07-07,8.372980117797852,8.372980117797852,8.3160213945607,8.344500484577365,64396000.0
2010-07-08,8.372981071472168,8.490910271455848,8.372981071472168,8.490910271455848,55255000.0
2010-07-09,8.46142864227295,8.490910521388592,8.372981317933627,8.46142864227295,33297000.0
2010-07-12,8.46142864227295,8.549875404281472,8.43194620082651,8.490910521388592,33869000.0
2010-07-13,8.490909576416016,8.520392014581288,8.402462824250932,8.520392014581288,22736000.0
2010-07-14,8.75625228881836,8.785734169135136,8.54987575261599,8.54987575261599,73406000.0
2010-07-15,8.697288513183594,8.75625340600194,8.638323620365245,8.75625340600194,27700000.0
2010-07-16,8.72676944732666,8.72676944732666,8.57935780315672,8.697287006026514,40391000.0
2010-07-19,8.667804718017578,8.726769601660674,8.549875513062192,8.549875513062192,20648000.0
2010-07-20,8.697288513183594,8.75625340600194,8.638323620365245,8.726770959592766,17549000.0
2010-07-21,8.72676944732666,8.756251888626808,8.667804564726366,8.697287006026514,21908000.0
2010-07-22,8.638321876525879,8.726769197898323,8.638321876525879,8.726769197898323,20485000.0
2010-07-23,8.638321876525879,8.785733516482503,8.608839998399178,8.756251638355803,42569000.0
2010-07-26,8.72676944732666,8.756251888626808,8.667804564726366,8.72676944732666,29922000.0
2010-07-27,8.697288513183594,8.815217736489396,8.697288513183594,8.785735290080222,38043000.0
2010-07-28,8.608840942382812,8.697287711122911,8.579358498692498,8.667805267432598,40089000.0
2010-07-29,8.520392417907715,8.60883973659033,8.461428101116734,8.60883973659033,31154000.0
2010-07-30,8.372981071472168,8.431945952629398,8.343498630893553,8.431945952629398,42328000.0
2010-08-02,8.549874305725098,8.6088391810417,8.490909430408497,8.490909430408497,41565000.0
2010-08-03,8.490909576416016,8.579356890911836,8.490909576416016,8.549874452746563,26870000.0
2010-08-04,8.43194580078125,8.490910118545829,8.343498480638223,8.461428240828925,51962000.0
2010-08-05,8.490909576416016,8.638321204911646,8.431945262416205,8.549874452746563,90148000.0
2010-08-06,8.46142864227295,8.549875404281472,8.46142864227295,8.520392962835032,30528000.0
2010-08-09,8.520392417907715,8.579357297029459,8.431945661555861,8.431945661555861,31647000.0
2010-08-10,8.46142864227295,8.608840287174354,8.46142864227295,8.579357845727914,33659000.0
2010-08-11,8.402463912963867,8.461428796934534,8.372981470978534,8.4319463549492,26650000.0
2010-08-12,8.314017295837402,8.372981618516253,8.284534853332568,8.314017295837402,46170000.0
2010-08-13,8.314017295837402,8.372981618516253,8.255052410827734,8.343499176011418,50860000.0
2010-08-16,8.255051612854004,8.34349836948799,8.255051612854004,8.34349836948799,39626000.0
2010-08-17,8.196088790893555,8.314018579115487,8.196088790893555,8.25505368500452,40976000.0
2010-08-18,8.166604995727539,8.314016634189546,8.166604995727539,8.225569313713878,39936000.0
2010-08-19,8.225570678710938,8.255053123761975,8.137123905888691,8.166606350939729,39127000.0
2010-08-20,8.166604995727539,8.255051753872435,8.166604995727539,8.196086873555322,20819000.0
2010-08-23,8.107641220092773,8.196087990288717,8.078158775917174,8.137123664268373,37148000.0
2010-08-24,7.960228443145752,8.107640080981785,7.960228443145752,8.107640080981785,44645000.0
2010-08-25,7.72437047958374,7.901264005016458,7.694888037901352,7.901264005016458,88847000.0
2010-08-26,7.812817573547363,7.9307467829460645,7.665405921216282,7.724370807081045,89502000.0
2010-08-27,7.694888114929199,7.783334878530933,7.665405672951685,7.783334878530933,53748000.0
2010-08-30,7.694888114929199,7.842299762485962,7.694888114929199,7.783334878530933,26502000.0
2010-08-31,7.6654052734375,7.6654052734375,7.517993633563702,7.6654052734375,45361000.0
2010-09-01,7.635923385620117,7.694888270769328,7.635923385620117,7.694888270769328,29576000.0
2010-09-02,7.783334732055664,7.842299614901027,7.7243704115410985,7.812817173478345,43505000.0
2010-09-03,7.871780872344971,7.871780872344971,7.783333561380108,7.783333561380108,34672000.0
2010-09-06,7.84229850769043,7.930745257140371,7.81281607043021,7.901262819880151,31523000.0
2010-09-07,7.7538533210754395,7.871783102438355,7.7538533210754395,7.842300657097626,33492000.0
2010-09-08,7.812817573547363,7.812817573547363,7.724370807081045,7.724370807081045,26479000.0
2010-09-09,7.812817573547363,7.8717824594121275,7.783335130614982,7.842300016479745,35090000.0
2010-09-10,7.90126371383667,7.930746154432561,7.842299394975669,7.87178183557156,45269000.0
2010-09-13,8.078158378601074,8.078158378601074,7.930746727304226,7.930746727304226,58966000.0
2010-09-14,8.225570678710938,8.461429676788372,8.048676570735578,8.107641460837653,106872000.0
2010-09-15,8.166604995727539,8.255051753872435,8.07815767525187,8.255051753872435,63805000.0
2010-09-16,8.078158378601074,8.166605706777675,8.078158378601074,8.166605706777675,27296000.0
2010-09-17,8.137123107910156,8.166605550069956,8.078158223590556,8.078158223590556,47435000.0
2010-09-20,8.107641220092773,8.137123664268373,8.048676331741577,8.107641220092773,28193000.0
2010-09-21,8.166604995727539,8.255051753872435,8.137122555568983,8.166604995727539,24778000.0
2010-09-23,8.166604995727539,8.196086873555322,8.07815767525187,8.166604995727539,27410000.0
2010-09-24,8.078158378601074,8.137123264052141,8.019194055480828,8.107640821326608,48956000.0
2010-09-27,8.107641220092773,8.16660610844397,8.078158775917174,8.137123664268373,20612000.0
2010-09-28,8.107641220092773,8.107641220092773,8.01919444989683,8.01919444989683,30741000.0
2010-09-29,8.107641220092773,8.16660610844397,8.078158775917174,8.107641220092773,40281000.0
2010-09-30,8.166604995727539,8.196086873555322,8.107640115410426,8.137122555568983,31139000.0
2010-10-01,8.166604995727539,8.196086873555322,8.107640115410426,8.166604995727539,18966000.0
2010-10-04,8.137123107910156,8.225569872058745,8.107640665750356,8.166605550069956,32310000.0
2010-10-05,8.078158378601074,8.137123264052141,8.04867593587554,8.107640821326608,26085000.0
2010-10-06,8.196088790893555,8.225571237949039,8.107642012058012,8.137124459113496,46290000.0
2010-10-07,8.196088790893555,8.225571237949039,8.166606906168978,8.196088790893555,35537000.0
2010-10-08,8.225570678710938,8.284535568813013,8.1960882336599,8.255053123761975,34256000.0
2010-10-11,8.196088790893555,8.284536132060005,8.166606906168978,8.25505368500452,24384000.0
2010-10-12,8.019193649291992,8.137122851889947,7.960228766827618,8.137122851889947,51742000.0
2010-10-13,7.960228443145752,8.078157640948424,7.930746003112391,8.078157640948424,37567000.0
2010-10-14,8.078158378601074,8.107640821326608,8.019194055480828,8.04867593587554,31680000.0
2010-10-15,8.048674583435059,8.107639458978099,7.989710270222745,8.107639458978099,19917000.0
2010-10-18,7.871780872344971,8.078156806601557,7.871780872344971,8.048674369613268,30237000.0
2010-10-19,7.871780872344971,7.901262747002544,7.842298435356683,7.871780872344971,31758000.0
2010-10-20,7.989710330963135,8.01919276895879,7.812816265319933,7.842298703315588,31923000.0
2010-10-21,7.84229850769043,8.019192568921031,7.842298507690431,7.989710131660812,25835000.0
2010-10-22,7.90126371383667,7.989711035624344,7.87178183557156,7.87178183557156,25522000.0
2010-10-25,8.166604995727539,8.166604995727539,7.930746036789862,7.960228476948418,67800000.0
2010-10-26,8.166604995727539,8.255051753872435,8.107640115410426,8.225569313713878,45418000.0
2010-10-27,8.137123107910156,8.166605550069956,8.048675781430756,8.137123107910156,29737000.0
2010-10-28,8.520392417907715,8.697286492942183,8.40246322199499,8.461428101116734,454055000.0
2010-10-29,8.579357147216797,8.638321462978142,8.46142795336335,8.549874708170746,229466000.0
2010-11-01,8.490909576416016,8.638321204911646,8.490909576416016,8.608839329077108,113218000.0
2010-11-02,8.520392417907715,8.60883973659033,8.461428101116734,8.461428101116734,73987000.0
2010-11-03,8.490909576416016,8.608839329077108,8.431945262416205,8.579356890911836,86264000.0
2010-11-04,8.75625228881836,8.75625228881836,8.52039330996839,8.52039330996839,161858000.0
2010-11-05,9.080557823181152,9.080557823181152,8.785734509930714,8.84469939751314,230809000.0
2010-11-08,8.933144569396973,9.139521076706513,8.903662693207675,9.139521076706513,75862000.0
2010-11-09,8.962626457214355,9.080555641717694,8.933144020505843,9.021591330631379,47052000.0
2010-11-10,8.962626457214355,9.021591330631379,8.87417970941953,8.992108893922866,52455000.0
2010-11-11,8.874181747436523,9.021593402502475,8.874181747436523,8.992110959023117,45671000.0
2010-11-12,8.608840942382812,8.844699367243638,8.608840942382812,8.844699367243638,75061000.0
2010-11-15,8.75625228881836,8.75625228881836,8.608840637911188,8.608840637911188,50191000.0
2010-11-16,8.815215110778809,8.815215110778809,8.697285922599537,8.815215110778809,43707000.0
2010-11-17,8.785733222961426,8.815215662433932,8.667804027402157,8.75625134581968,36523000.0
2010-11-18,8.667804718017578,8.726769601660674,8.57935795488374,8.726769601660674,51290000.0
2010-11-19,8.667804718017578,8.785733922972964,8.667804718017578,8.785733922972964,37236000.0
2010-11-22,8.874181747436523,8.933146072064401,8.697287648891212,8.785734416998448,56057000.0
2010-11-23,8.72676944732666,8.903663532796749,8.72676944732666,8.874181091496602,49579000.0
2010-11-24,8.638321876525879,8.726769197898323,8.608839998399178,8.608839998399178,34818000.0
2010-11-25,8.844696998596191,8.844696998596191,8.726767817747714,8.726767817747714,55645000.0
2010-11-26,8.785733222961426,8.933144857993199,8.785733222961426,8.903662980851454,57580000.0
2010-11-29,8.903663635253906,8.933145514562515,8.815216310335673,8.903663635253906,61608000.0
2010-11-30,8.903663635253906,9.051075281120157,8.844698751975084,8.903663635253906,82244000.0
2010-12-01,9.051074981689453,9.051074981689453,8.903663340699923,8.962627659697265,64069000.0
2010-12-02,9.49330997467041,9.49330997467041,9.169004249635561,9.198486690517054,195060000.0
2010-12-03,9.670204162597656,9.935545586510397,9.581757396180627,9.670204162597656,195064000.0
2010-12-06,9.670204162597656,9.788133934261465,9.552275515595502,9.729169048429561,76614000.0
2010-12-07,9.581756591796875,9.670203350788842,9.463826830033213,9.670203350788842,73483000.0
2010-12-08,9.49330997467041,9.64072161674709,9.49330997467041,9.611238613534809,44679000.0
2010-12-09,9.847098350524902,9.876580229704155,9.552275060085973,9.581756939265226,114596000.0
2010-12-10,9.611238479614258,9.75865011963694,9.552274723334433,9.75865011963694,62449000.0
2010-12-13,9.552275657653809,9.729169193118569,9.552275657653809,9.729169193118569,33886000.0
2010-12-14,9.463828086853027,9.61123974630346,9.434346204827625,9.552275982252654,63171000.0
2010-12-15,9.581756591796875,9.581756591796875,9.434344951923077,9.463826830033213,46767000.0
2010-12-16,9.670204162597656,9.670204162597656,9.493310629763599,9.552275515595502,66262000.0
2010-12-17,9.847098350524902,9.994509995744368,9.758650463663944,9.788133467504796,145453000.0
2010-12-20,9.699685096740723,9.906060466094065,9.699685096740723,9.906060466094065,62711000.0
2010-12-21,9.699685096740723,9.788131844272357,9.640720223499164,9.729166971030796,29030000.0
2010-12-22,9.64072036743164,9.788131990405637,9.611237368039983,9.699685241553524,39369000.0
2010-12-23,9.611238479614258,9.670203360555641,9.581756601474344,9.611238479614258,34218000.0
2010-12-24,9.581756591796875,9.670203350788842,9.552274713686739,9.552274713686739,31276000.0
2010-12-27,9.581756591796875,9.611238469907011,9.493309832804908,9.581756591796875,29819000.0
2010-12-28,9.552275657653809,9.67020430640976,9.522792651968569,9.611239419700949,30787000.0
2010-12-29,9.463828086853027,9.552275982252654,9.434346204827625,9.49331109354014,45394000.0
2010-12-30,9.522790908813477,9.552273909101828,9.434344157271351,9.463826032898238,40230000.0
2010-12-31,9.611238479614258,9.670203360555641,9.463826839591574,9.52279172053296,56577000.0
2011-01-03,9.552275657653809,9.67020430640976,9.552275657653809,9.67020430640976,32075000.0
2011-01-04,9.552275657653809,9.611239419700949,9.522792651968569,9.552275657653809,27608000.0
2011-01-05,9.169004440307617,9.522792051250287,9.169004440307617,9.493310172086497,89570000.0
2011-01-06,9.375380516052246,9.375380516052246,9.139522105991247,9.198486989671899,42701000.0
2011-01-07,9.375380516052246,9.611238926113247,9.345898636542726,9.375380516052246,70086000.0
2011-01-10,9.552275657653809,9.552275657653809,9.404863440881783,9.434345884236189,42872000.0
2011-01-11,9.817614555358887,9.847097556823334,9.493309411880539,9.58175616695086,133375000.0
2011-01-12,9.817614555358887,9.965026188696593,9.758649677091503,9.847097556823334,112920000.0
2011-01-13,9.78813362121582,9.906062264446362,9.758650616911972,9.817615500858052,62423000.0
2011-01-14,9.847098350524902,9.847098350524902,9.758650463663944,9.788133467504796,45223000.0
2011-01-17,10.171402931213379,10.259849688291622,9.90606153531711,9.90606153531711,153696000.0
2011-01-18,10.495709419250488,10.58415731225889,10.082957458745213,10.171404227091937,189319000.0
2011-01-19,10.643119812011719,10.73156769452663,10.407261416182227,10.554673054158352,186147000.0
2011-01-20,10.40726089477539,10.613637402534753,10.40726089477539,10.613637402534753,86274000.0
2011-01-21,10.318814277648926,10.377779155596363,10.141920768468117,10.259849399701487,68812000.0
2011-01-24,10.25985050201416,10.348297266107236,10.171403737921084,10.318815386296752,34369000.0
2011-01-25,10.25985050201416,10.436745154861937,10.230368622203677,10.318815386296752,46454000.0
2011-01-26,10.25985050201416,10.436745154861937,10.200885617731569,10.25985050201416,61372000.0
2011-01-27,10.613638877868652,10.731568648598516,10.377780461070566,10.377780461070566,193089000.0
2011-01-28,10.672602653503418,10.702084530789556,10.495708015802007,10.643119651555752,98079000.0
2011-02-08,10.377779960632324,10.790531888959803,10.348296957040768,10.73156813109987,99808000.0
2011-02-09,10.023991584777832,10.43674462930978,9.965026703464472,10.318814866683061,94833000.0
2011-02-10,9.817614555358887,10.023991066963976,9.817614555358887,10.023991066963976,63244000.0
2011-02-11,9.552275657653809,9.78813407982738,9.493310770945,9.75865107414214,77188000.0
2011-02-14,9.670204162597656,9.788133934261465,9.611239276765753,9.729169048429561,48021000.0
2011-02-15,9.552275657653809,9.729169193118569,9.434345884236189,9.552275657653809,47466000.0
2011-02-16,9.611238479614258,9.699686363357115,9.493309842393048,9.552274723334433,45666000.0
2011-02-17,9.522790908813477,9.670202536270843,9.49330903318659,9.670202536270843,37352000.0
2011-02-18,9.670204162597656,9.81761581484659,9.640722282012533,9.670204162597656,51012000.0
2011-02-21,9.611238479614258,9.699686363357115,9.581756601474344,9.699686363357115,27614000.0
2011-02-22,9.375380516052246,9.493310283413553,9.286933752862073,9.493310283413553,78629000.0
2011-02-23,9.080557823181152,9.345899254971222,9.02159349792957,9.286934367388797,92336000.0
2011-02-24,9.139520645141602,9.227967394194556,9.08055577088582,9.198485519397382,52836000.0
2011-02-25,9.080557823181152,9.22796947980637,9.02159349792957,9.16900515455479,76622000.0
2011-03-01,9.316415786743164,9.345898227292476,9.080556824679455,9.080556824679455,66953000.0
2011-03-02,9.110039710998535,9.257451358627414,9.110039710998535,9.257451358627414,37998000.0
2011-03-03,9.257451057434082,9.286933498466801,9.110039414601275,9.198486737699433,41201000.0
2011-03-04,9.375380516052246,9.493310283413553,9.3164161947024,9.375380516052246,72299000.0
2011-03-07,9.198485374450684,9.375378869769163,9.198485374450684,9.375378869769163,27158000.0
2011-03-08,9.139520645141602,9.257449831322447,9.11003820801371,9.139520645141602,46097000.0
2011-03-09,8.933144569396973,9.198485953746594,8.874180254687634,9.198485953746594,114216000.0
2011-03-10,8.667804718017578,8.903663690259156,8.63832227619603,8.874181248437608,111803000.0
2011-03-11,8.75625228881836,8.75625228881836,8.54987575261599,8.54987575261599,50504000.0
2011-03-14,8.608840942382812,8.697287711122911,8.490911167621556,8.667805267432598,62523000.0
2011-03-15,8.43194580078125,8.608839878736532,8.255051722825968,8.579357438688856,118936000.0
2011-03-16,8.314017295837402,8.608840596224107,8.255052410827734,8.49091082620477,90966000.0
2011-03-17,8.520392417907715,8.60883973659033,8.19608670739965,8.255051586521393,92281000.0
2011-03-18,8.608840942382812,8.608840942382812,8.43194684257177,8.579358498692498,55834000.0
2011-03-21,8.72676944732666,8.72676944732666,8.57935780315672,8.608840244456868,34507000.0
2011-03-22,8.667804718017578,8.785733922972964,8.63832227619603,8.785733922972964,37403000.0
2011-03-23,8.75625228881836,8.75625228881836,8.608840637911188,8.667804960875563,27283000.0
2011-03-24,8.844696998596191,8.903661870185775,8.726767817747714,8.785732127006607,39311000.0
2011-03-25,8.903663635253906,8.962627956201926,8.785733868696264,8.903663635253906,52454000.0
2011-03-28,8.874181747436523,8.903664190915881,8.785734416998448,8.844699303957166,33662000.0
2011-03-29,8.933144569396973,8.992109446437054,8.874180254687634,8.874180254687634,33533000.0
2011-03-30,8.933144569396973,8.992109446437054,8.903662693207675,8.933144569396973,34641000.0
2011-03-31,9.021592140197754,9.021592140197754,8.844698066403533,8.99210970084359,32352000.0
2011-04-01,8.933144569396973,9.021591884957093,8.903662693207675,9.021591884957093,27189000.0
2011-04-06,9.051074981689453,9.198486622678983,9.051074981689453,9.139521741350858,86925000.0
2011-04-07,9.139520645141602,9.139520645141602,9.051073896088646,9.08055577088582,44306000.0
2011-04-08,9.198485374450684,9.198485374450684,9.08055562779742,9.139520501124052,51342000.0
2011-04-11,9.110039710998535,9.227968916635476,8.992110505361595,9.198487036974347,39262000.0
2011-04-12,9.051074981689453,9.080556860022732,8.933145219033202,9.080556860022732,23640000.0
2011-04-13,9.021592140197754,9.051074579551917,8.933144822135263,9.051074579551917,34946000.0
2011-04-14,8.933144569396973,9.021591884957093,8.933144569396973,9.021591884957093,30212000.0
2011-04-15,8.785733222961426,8.992109736938213,8.785733222961426,8.962627297465707,47182000.0
2011-04-18,8.697288513183594,8.785735290080222,8.66780606677442,8.75625340600194,43223000.0
2011-04-19,8.785733222961426,8.785733222961426,8.579357271315398,8.667804027402157,34752000.0
2011-04-20,8.903663635253906,8.933145514562515,8.815216310335673,8.903663635253906,33912000.0
2011-04-21,9.021592140197754,9.110038895929486,8.99210970084359,9.021592140197754,37020000.0
2011-04-22,8.962626457214355,9.05107376733989,8.962626457214355,9.021591330631379,21599000.0
2011-04-25,8.874181747436523,8.992110959023117,8.874181747436523,8.96262851554376,16889000.0
2011-04-26,8.992111206054688,8.992111206054688,8.815217102649736,8.844699546939038,30673000.0
2011-04-27,9.021592140197754,9.110038895929486,9.021592140197754,9.021592140197754,41641000.0
2011-04-28,8.903663635253906,9.051075281120157,8.903663635253906,9.021592839480746,39033000.0
2011-04-29,8.75625228881836,8.93314582004231,8.69728740352316,8.903663939725531,57223000.0
2011-05-03,8.815215110778809,8.844697548406309,8.756250797854536,8.844697548406309,27258000.0
2011-05-04,8.815215110778809,8.874179986033807,8.726768360227036,8.815215110778809,32399000.0
2011-05-05,8.844696998596191,8.903661870185775,8.756250253542506,8.8152145628014,15667000.0
2011-05-06,8.844696998596191,8.933143743649877,8.785732127006607,8.844696998596191,24803000.0
2011-05-09,8.962626457214355,8.992108893922866,8.87417970941953,8.933144020505843,27984000.0
2011-05-10,8.903663635253906,9.021592839480746,8.874181193614495,9.021592839480746,19405000.0
2011-05-11,8.874181747436523,8.96262851554376,8.844699303957166,8.96262851554376,17355000.0
2011-05-12,8.785733222961426,8.903662980851454,8.785733222961426,8.84469810190644,34784000.0
2011-05-13,8.815215110778809,8.903662423661308,8.815215110778809,8.844697548406309,27129000.0
2011-05-16,8.815215110778809,8.903662423661308,8.78573267315131,8.874179986033807,28160000.0
2011-05-17,8.75625228881836,8.844699054430334,8.726769846170761,8.785734169135136,39795000.0
2011-05-18,8.608840942382812,8.667805267432598,8.549876055002185,8.638322823742284,78456000.0
2011-05-19,8.697288513183594,8.726770959592766,8.638323620365245,8.66780606677442,39876000.0
2011-05-20,8.608840942382812,8.726770154813225,8.608840942382812,8.697287711122911,42395000.0
2011-05-23,8.549874305725098,8.6088391810417,8.490909430408497,8.549874305725098,34355000.0
2011-05-24,8.520392417907715,8.520392417907715,8.40246322199499,8.520392417907715,45609000.0
2011-05-25,8.579357147216797,8.608839586262846,8.46142795336335,8.520392269124697,29817000.0
2011-05-26,8.579357147216797,8.667803902024193,8.520392269124697,8.667803902024193,26455000.0
2011-05-27,8.46142864227295,8.608840287174354,8.46142864227295,8.549875404281472,34105000.0
2011-05-30,8.667804718017578,8.697287159839126,8.520393071240644,8.549875513062192,41996000.0
2011-05-31,8.72676944732666,8.78573376759616,8.667804564726366,8.697287006026514,44781000.0
2011-06-01,8.874181747436523,8.933146072064401,8.756252535849928,8.756252535849928,64240000.0
2011-06-02,8.874181747436523,8.874181747436523,8.756252535849928,8.785734416998448,43553000.0
2011-06-03,8.844696998596191,8.874179434390983,8.756250253542506,8.874179434390983,24367000.0
2011-06-07,8.75625228881836,8.844699054430334,8.726769846170761,8.785734169135136,31667000.0
2011-06-08,8.844696998596191,8.903661870185775,8.756250253542506,8.756250253542506,28935000.0
2011-06-09,8.815215110778809,8.903662423661308,8.815215110778809,8.903662423661308,16723000.0
2011-06-10,8.785733222961426,8.903662980851454,8.785733222961426,8.903662980851454,18897000.0
2011-06-13,8.638321876525879,8.756251638355803,8.579357557941698,8.726769197898323,33996000.0
2011-06-14,8.697288513183594,8.697288513183594,8.579359289877791,8.608841736286966,37192000.0
2011-06-15,8.72676944732666,8.756251888626808,8.57935780315672,8.667804564726366,47761000.0
2011-06-16,8.490909576416016,8.608839329077108,8.431945262416205,8.549874452746563,54240000.0
2011-06-17,8.43194580078125,8.54987499864118,8.43194580078125,8.43194580078125,36832000.0
2011-06-20,8.372981071472168,8.520392712034463,8.343498630893553,8.520392712034463,28782000.0
2011-06-21,8.43194580078125,8.490910118545829,8.402463360733574,8.402463360733574,26258000.0
2011-06-22,8.43194580078125,8.520392558593505,8.43194580078125,8.490910118545829,29134000.0
2011-06-23,8.372981071472168,8.490910271455848,8.343498630893553,8.372981071472168,25337000.0
2011-06-24,8.28453254699707,8.372979287558017,8.255050112699866,8.343496853260815,42511000.0
2011-06-27,8.225570678710938,8.255053123761975,8.166606350939729,8.255053123761975,42441000.0
2011-06-28,8.255051612854004,8.284534052508922,8.19608673354417,8.255051612854004,36631000.0
2011-06-29,8.402463912963867,8.4319463549492,8.314017149338676,8.3434990289932,37349000.0
2011-06-30,8.402463912963867,8.4319463549492,8.372981470978534,8.402463912963867,36563000.0
2011-07-01,8.402463912963867,8.461428796934534,8.372981470978534,8.4319463549492,40720000.0
2011-07-04,8.46142864227295,8.490910521388592,8.402463759380069,8.46142864227295,39987000.0
2011-07-05,8.402463912963867,8.490910676589058,8.372981470978534,8.490910676589058,35076000.0
2011-07-06,8.43194580078125,8.43194580078125,8.343498480638223,8.402463360733574,25043000.0
2011-07-07,8.46142864227295,8.549875404281472,8.402463759380069,8.43194620082651,46552000.0
2011-07-08,8.402463912963867,8.520393118574392,8.402463912963867,8.461428796934534,29739000.0
2011-07-11,8.28453254699707,8.431944156152424,8.28453254699707,8.372979287558017,27765000.0
2011-07-12,8.196088790893555,8.25505368500452,8.166606906168978,8.196088790893555,47551000.0
2011-07-13,8.196088790893555,8.25505368500452,8.166606906168978,8.166606906168978,24547000.0
2011-07-14,8.107641220092773,8.255052878639916,8.01919444989683,8.196087990288717,39804000.0
2011-07-15,8.196088790893555,8.196088790893555,8.048677117947046,8.107642012058012,28665000.0
2011-07-18,8.166604995727539,8.225569313713878,8.107640115410426,8.196086873555322,19417000.0
2011-07-19,8.166604995727539,8.166604995727539,8.07815767525187,8.166604995727539,27429000.0
2011-07-20,8.314017295837402,8.314017295837402,8.16660564564405,8.2255699683229,45776000.0
2011-07-21,8.520392417907715,8.520392417907715,8.255051586521393,8.314016465643137,130094000.0
2011-07-22,8.559772491455078,8.623651636142208,8.527833528308186,8.623651636142208,87728000.0
2011-07-25,8.432014465332031,8.559772140268025,8.40007489429887,8.432014465332031,21225000.0
2011-07-26,8.495893478393555,8.495893478393555,8.40007476674902,8.432014337297199,24583000.0
2011-07-27,8.368136405944824,8.495894088109551,8.368136405944824,8.495894088109551,32049000.0
2011-07-28,8.336196899414062,8.368136472508475,8.272317753225236,8.304257326319648,20221000.0
2011-07-29,8.272317886352539,8.3681366071778,8.272317886352539,8.3681366071778,24637000.0
2011-08-01,8.368136405944824,8.400075369588494,8.240378114583415,8.272317687423767,20369000.0
2011-08-02,8.176499366760254,8.30425704562281,8.176499366760254,8.272317473608004,30105000.0
2011-08-03,8.080680847167969,8.112620419959269,8.016802310782053,8.112620419959269,32582000.0
2011-08-04,7.920982837677002,8.048741116669069,7.8571043073775915,8.016801546921052,52766000.0
2011-08-05,7.3780131340026855,7.537710385348213,7.3780131340026855,7.3780131340026855,67197000.0
2011-08-08,6.962800025939941,7.218315997682485,6.866981917284411,7.218315997682485,105314000.0
2011-08-09,6.675344944000244,6.803102622464062,6.4837081217061865,6.4837081217061865,126791000.0
2011-08-10,7.09055757522583,7.12249653530794,6.771163100831813,6.898920768750097,98655000.0
2011-08-11,6.898921966552734,7.026679656652528,6.771164276452942,6.835042816904479,74981000.0
2011-08-12,6.962800025939941,7.154436852447679,6.930861062519217,7.026679171174747,93944000.0
2011-08-15,7.1544365882873535,7.1544365882873535,7.058618483169676,7.090558054607786,33473000.0
2011-08-16,7.1544365882873535,7.282194264843142,7.122497016849242,7.218315731163575,41510000.0
2011-08-17,7.09055757522583,7.218315243144114,7.026678436668381,7.218315243144114,50610000.0
2011-08-18,6.994739532470703,7.15443678485221,6.898921424720467,7.15443678485221,52163000.0
2011-08-19,6.835041522979736,6.866981091757464,6.771162994620885,6.835041522979735,36887000.0
2011-08-22,6.835041522979736,6.962799188894042,6.803101954202008,6.898920660535191,21016000.0
2011-08-23,7.09055757522583,7.154436104586665,6.866981199471372,6.962799298110932,25120000.0
2011-08-24,6.994739532470703,7.122497212536574,6.898921424720467,7.122497212536574,39032000.0
2011-08-25,6.962800025939941,7.026679171174747,6.930861062519217,6.994739598557344,26160000.0
2011-08-26,6.898921966552734,7.026679656652528,6.898921966552734,6.962800507004271,21976000.0
2011-08-29,7.026678562164307,7.090557701862632,6.962799422465981,6.994738992315144,34439000.0
2011-08-30,7.09055757522583,7.218315243144114,7.058618005947105,7.12249653530794,64068000.0
2011-08-31,7.218316078186035,7.250255651159649,7.090558395488262,7.218316078186035,29973000.0
2011-09-01,7.505770683288574,7.697407503424635,7.250255329238264,7.28219429159706,78182000.0
2011-09-02,7.409952163696289,7.537709833581406,7.346073024155419,7.537709833581406,40008000.0
2011-09-05,7.058619022369385,7.218316282562372,7.026679448491447,7.218316282562372,47354000.0
2011-09-06,6.962800025939941,7.058618743792149,6.962800025939941,6.994739598557344,32980000.0
2011-09-07,7.282195091247559,7.282195091247559,6.994740134076657,7.026679709139362,39679000.0
2011-09-08,7.250256061553955,7.409953326264864,7.186376911990904,7.378013751483339,44775000.0
2011-09-09,7.218316078186035,7.250255651159649,7.090558395488262,7.154436932238807,23680000.0
2011-09-13,6.962800025939941,7.154436852447679,6.962800025939941,7.154436852447679,25291000.0
2011-09-14,6.866981506347656,7.090557892093446,6.835041935641595,7.026678750681322,33428000.0
2011-09-15,7.026678562164307,7.154436232364333,6.962799422465981,7.090557701862632,31572000.0
2011-09-16,7.31413459777832,7.31413459777832,7.218316482684724,7.218316482684724,63291000.0
2011-09-19,7.1544365882873535,7.282194264843142,7.1544365882873535,7.282194264843142,12095000.0
2011-09-20,7.218316078186035,7.250255651159649,7.090558395488262,7.18637650521242,23399000.0
2011-09-21,7.282195091247559,7.282195091247559,7.122497825130755,7.2502561253815765,18336000.0
2011-09-22,7.026678562164307,7.154436232364333,7.026678562164307,7.12249666251517,28031000.0
2011-09-23,6.866981506347656,7.026678750681322,6.803102364935532,6.835041935641595,66329000.0
2011-09-26,6.930860996246338,6.930860996246337,6.930860996246337,6.930860996246337,23287000.0
2011-09-27,7.346073150634766,7.346073150634766,7.090557806465254,7.090557806465254,53217000.0
2011-09-28,7.3780131340026855,7.441891669022895,7.2183158826571585,7.441891669022895,48458000.0
2011-09-29,7.31413459777832,7.3780137473051965,7.186376907921286,7.31413459777832,23760000.0
2011-09-30,7.282195091247559,7.314134666310264,7.218316550318871,7.282195091247559,31645000.0
2011-10-03,7.218316078186035,7.282194614936579,7.122497359265192,7.282194614936579,25259000.0
2011-10-04,7.346073150634766,7.346073150634766,7.058618236144906,7.090557806465254,30600000.0
2011-10-05,7.31413459777832,7.441892287635355,7.31413459777832,7.3780137473051965,17624000.0
2011-10-06,7.505770683288574,7.537710254844027,7.378013006263419,7.409952577818872,36994000.0
2011-10-07,7.601589202880859,7.6015892028808585,7.537710665486609,7.537710665486609,33515000.0
2011-10-11,7.76128625869751,7.825165403630304,7.6974077229613895,7.6974077229613895,48167000.0
2011-10-12,7.76128625869751,7.793225831163906,7.633528578028594,7.793225831163906,17309000.0
2011-10-13,7.6335296630859375,7.761287361914791,7.537711541263488,7.761287361914791,31458000.0
2011-10-14,7.601589202880859,7.6654683494718,7.537710665486609,7.569650238782079,14412000.0
2011-10-17,7.793227195739746,7.793227195739747,7.6654694927007565,7.6654694927007565,20379000.0
2011-10-18,7.601589202880859,7.697407922767271,7.569650238782079,7.6654683494718,14336000.0
2011-10-19,7.697407245635986,7.697407245635987,7.601588534178627,7.6654676751502,12916000.0
2011-10-20,7.697407245635986,7.729346816121773,7.633528104664413,7.697407245635987,19882000.0
2011-10-21,7.697407245635986,7.729346816121773,7.633528104664413,7.729346816121773,11956000.0
2011-10-24,8.11262035369873,8.17649949875959,7.920983527712826,7.920983527712826,48061000.0
2011-10-25,8.11262035369873,8.20843907129002,8.048741817834546,8.20843907129002,31672000.0
2011-10-26,8.176499366760254,8.240377901593199,7.920983399838475,7.920983399838475,31873000.0
2011-10-27,8.432014465332031,8.463954036365191,8.208438686493203,8.240377648329716,77805000.0
2011-10-28,8.432014465332031,8.751408957270339,8.304256790396037,8.623651282334345,65169000.0
2011-10-31,8.527832984924316,8.527832984924316,8.368135742578891,8.432014273999082,32232000.0
2011-11-01,8.400075912475586,8.495894637189295,8.336197371863168,8.495894637189295,40262000.0
2011-11-02,8.304255485534668,8.336195051549112,8.112618698644557,8.24037635350578,33957000.0
2011-11-03,8.14455795288086,8.304255167643229,8.01680030291027,8.304255167643229,28832000.0
2011-11-04,8.336196899414062,8.432015009500613,8.272317753225236,8.304257326319648,29055000.0
2011-11-07,8.272317886352539,8.400075571589522,8.208439348332396,8.336197033569379,10397000.0
2011-11-08,8.304255485534668,8.368134617563555,8.208437396687888,8.272315919520224,12794000.0
2011-11-09,8.336196899414062,8.432015009500613,8.336196899414062,8.432015009500613,15250000.0
2011-11-10,8.016801834106445,8.17649907937073,7.98486226321426,8.144559508478546,37033000.0
2011-11-11,8.176499366760254,8.176499366760254,7.984862543868086,8.080680650715836,14308000.0
2011-11-14,8.400075912475586,8.400075912475586,8.304257796958598,8.304257796958598,27635000.0
2011-11-15,8.336196899414062,8.368136472508475,8.240378180130824,8.336196899414062,12616000.0
2011-11-16,8.304255485534668,8.400073574381446,8.24037635350578,8.368134617563555,18233000.0
2011-11-17,8.208438873291016,8.304256979374363,8.208438873291016,8.240377835854357,12588000.0
2011-11-18,8.048742294311523,8.144560408378467,7.9848631454690855,8.144560408378467,23225000.0
2011-11-21,7.889043807983398,8.016801476659133,7.857104238515311,7.9848619071910445,18514000.0
2011-11-22,8.016801834106445,8.11261993758636,7.825165017949974,7.889044159734347,30564000.0
2011-11-23,7.6335296630859375,7.984863791762856,7.6335296630859375,7.889045669940406,41278000.0
2011-11-24,7.601589202880859,7.6654683494718,7.409952981501417,7.537710665486609,21810000.0
2011-11-25,7.76128625869751,8.112620337434532,7.761286258697509,7.761286258697509,45066000.0
2011-11-28,8.016801834106445,8.016801834106445,7.793225447057789,7.8571045888421605,25607000.0
2011-11-29,8.048742294311523,8.176499982799687,7.920983996626648,8.08068125953603,33357000.0
2011-11-30,8.304255485534668,8.304255485534668,8.080679132630113,8.208437396687888,49348000.0
2011-12-01,8.463953971862793,8.68753035819443,8.463953971862793,8.623651216614922,53149000.0
2011-12-02,8.400075912475586,8.527834212093865,8.368136946767738,8.463955062284725,14445000.0
2011-12-05,8.272317886352539,8.432015145197942,8.272317886352539,8.400075571589522,17147000.0
2011-12-06,8.14455795288086,8.336194732435008,8.14455795288086,8.304255167643229,13044000.0
2011-12-07,8.208438873291016,8.304256979374363,8.176499301531013,8.27231740761436,26167000.0
2011-12-08,8.176499366760254,8.240377901593199,8.016802115882891,8.208438938775059,24620000.0
2011-12-09,7.9529218673706055,8.080679528490485,7.9529218673706055,8.04874057010795,25550000.0
2011-12-12,8.016801834106445,8.144559508478546,7.9529226923220735,8.016801834106445,11870000.0
2011-12-13,7.793227195739746,7.920984898778737,7.793227195739747,7.857106351857632,22147000.0
2011-12-14,7.697407245635986,7.825164918382496,7.6654676751502,7.793225347896709,23306000.0
2011-12-15,7.505770683288574,7.633528360313729,7.505770683288574,7.633528360313729,34089000.0
2011-12-16,7.825164794921875,7.825164794921874,7.505770313496492,7.505770313496492,24173000.0
2011-12-19,7.76128625869751,7.920983511832821,7.601589005562197,7.857104976096702,29701000.0
2011-12-20,7.505770683288574,7.761286037338884,7.473831111733121,7.761286037338884,37679000.0
2011-12-21,7.9529218673706055,7.9529218673706055,7.729346112709963,7.793224638671611,30199000.0
2011-12-22,7.889043807983398,7.9848619071910445,7.825164669047224,7.889043807983399,15316000.0
2011-12-23,8.11262035369873,8.11262035369873,7.9529231002432565,7.984862672773686,16844000.0
2011-12-26,7.984862804412842,8.176499633558088,7.984862804412842,8.11262048744411,17131000.0
2011-12-27,8.048742294311523,8.08068125953603,7.9848631454690855,7.9848631454690855,11031000.0
2011-12-28,8.080680847167969,8.080680847167969,7.952923165199453,8.048741883573351,18333000.0
2011-12-29,8.11262035369873,8.14455992622916,7.984862672773686,8.016802245304117,14709000.0
2011-12-30,8.11262035369873,8.20843907129002,8.11262035369873,8.14455992622916,13203000.0
2012-01-02,7.505770683288574,8.144559677611007,7.505770683288574,8.112620106055553,27460000.0
2012-01-03,7.665468215942383,8.272317661198485,7.665468215942383,8.176499552177878,62362000.0
2012-01-04,7.729348182678223,8.368137268545953,7.729348182678223,8.272318540147745,72931000.0
2012-01-05,8.400075912475586,8.400075912475586,8.272318222054029,8.304257796958598,70328000.0
2012-01-06,8.304255485534668,8.368134617563555,8.24037635350578,8.368134617563555,18841000.0
2012-01-09,8.240378379821777,8.304257527558601,8.176499841281656,8.304257527558601,13490000.0
2012-01-10,8.495893478393555,8.527833048941732,8.240377523204767,8.240377523204767,52430000.0
2012-01-11,8.591711044311523,8.591711044311523,8.400074242186312,8.591711044311523,56245000.0
2012-01-12,8.84722900390625,8.84722900390625,8.591713006323873,8.591713006323873,87623000.0
2012-01-13,8.84722900390625,8.97498669809907,8.78334985221147,8.91110754640429,81922000.0
2012-01-16,8.591711044311523,8.943045080008314,8.591711044311523,8.943045080008314,41680000.0
2012-01-17,9.006924629211426,9.006924629211426,8.751408678288264,8.815287818318211,68811000.0
2012-01-18,9.102744102478027,9.134683677308523,8.911107262691777,8.974986412352768,60049000.0
2012-01-30,9.70959186553955,9.70959186553955,9.422136961436735,9.454076530602961,158774000.0
2012-01-31,9.901229858398438,9.901229858398438,9.64571449282812,9.741532602617818,81361000.0
2012-02-01,9.9331693649292,10.060927046859508,9.773472110217144,9.901229792147452,86782000.0
2012-02-02,9.773470878601074,10.028986210262609,9.709591741087388,10.028986210262609,49179000.0
2012-02-03,9.837349891662598,9.837349891662598,9.67765264920576,9.773471360197844,33157000.0
2012-02-06,9.773470878601074,9.837349406918156,9.645713212770307,9.677652172330545,38676000.0
2012-02-07,9.805411338806152,9.86928987293068,9.741532195484965,9.773471767145558,36856000.0
2012-02-08,9.837349891662598,9.901229032323988,9.741531789867148,9.901229032323988,40730000.0
2012-02-09,9.64571475982666,9.741532872268655,9.486017499625534,9.741532872268655,74102000.0
2012-02-10,9.581833839416504,9.805410206014857,9.549894271445798,9.677651934132033,46205000.0
2012-02-13,9.549896240234375,9.6457149639003,9.486017700320472,9.517956665679066,35318000.0
2012-02-14,9.422138214111328,9.645714618802815,9.422138214111328,9.645714618802815,34972000.0
2012-02-15,9.741532325744629,9.741532325744629,9.486016967436552,9.51795593032756,57653000.0
2012-02-16,9.64571475982666,9.805412020027786,9.613775185947095,9.77347244614822,30776000.0
2012-02-17,9.549896240234375,9.805412227480128,9.358259402099238,9.74153307836951,57545000.0
2012-02-20,9.486018180847168,9.741533571839673,9.486018180847168,9.709593995666424,28555000.0
2012-02-21,9.581833839416504,9.581833839416504,9.454076176730268,9.486015744700973,31793000.0
2012-02-22,9.549896240234375,9.613775389344992,9.517956665679066,9.581835814789683,37255000.0
2012-02-23,9.45407772064209,9.58183540419198,9.45407772064209,9.549895831005335,27232000.0
2012-02-24,9.517955780029297,9.581834923195933,9.486016817642637,9.581834923195933,27941000.0
2012-02-29,9.901229858398438,9.901229858398438,9.64571449282812,9.64571449282812,102399000.0
2012-03-01,9.997047424316406,10.028986995574252,9.837350177223835,9.901229319739524,60037000.0
2012-03-02,9.869291305541992,10.028988577829717,9.773473185848058,10.028988577829717,25902000.0
2012-03-05,9.64571475982666,9.741532872268655,9.613775185947095,9.70959329838909,23896000.0
2012-03-06,9.549896240234375,9.709593503814203,9.454078125765164,9.6457149639003,43546000.0
2012-03-07,9.326319694519043,9.517955908206375,9.326319694519043,9.454077373376153,43407000.0
2012-03-08,9.422138214111328,9.486017360936522,9.326320103070229,9.454077787523925,23123000.0
2012-03-09,9.422138214111328,9.454077787523925,9.230501382832436,9.358259067286133,32742000.0
2012-03-12,9.326319694519043,9.454077373376153,9.326319694519043,9.454077373376153,13585000.0
2012-03-13,9.677653312683105,9.709592885203502,9.390198378392883,9.42213795091328,51716000.0
2012-03-14,9.70959186553955,9.837349533007844,9.613773767237483,9.773471003872004,59766000.0
2012-03-15,9.613774299621582,9.741531974164742,9.613774299621582,9.741531974164742,45998000.0
2012-03-16,9.549896240234375,9.805412227480128,9.549896240234375,9.709593503814203,44373000.0
2012-03-19,9.517955780029297,9.645714066362569,9.454077246059319,9.61377449477925,23465000.0
2012-03-20,9.581833839416504,9.70959150210274,9.517954703475091,9.645712975357915,19804000.0
2012-03-21,9.581833839416504,9.677651934132033,9.549894271445798,9.581833839416504,20558000.0
2012-03-22,9.773470878601074,9.869288975674998,9.581834075256621,9.581834075256621,43405000.0
2012-03-23,9.741532325744629,9.805411469919981,9.645714218678267,9.805411469919981,13043000.0
2012-03-26,9.517955780029297,9.709592600332547,9.486016817642637,9.709592600332547,36091000.0
2012-03-27,9.64571475982666,9.64571475982666,9.549896038187963,9.613775185947095,18337000.0
2012-03-28,9.64571475982666,9.64571475982666,9.517956464308398,9.581835612067529,12957000.0
2012-03-29,9.39019775390625,9.54989499669104,9.294379651914031,9.517955426294753,41708000.0
2012-03-30,9.230501174926758,9.262440747619955,9.070803920657449,9.230501174926758,47296000.0
2012-04-02,9.07080364227295,9.230500891641125,9.006925108043676,9.230500891641125,26442000.0
2012-04-03,9.166622161865234,9.23050069473182,9.102743019801999,9.134682590833616,28208000.0
2012-04-05,8.974984169006348,9.070802260350856,8.87916546846527,8.87916546846527,21845000.0
2012-04-06,8.943046569824219,9.038864682250798,8.943046569824219,8.974986143698645,41435000.0
2012-04-09,8.84722900390625,9.006926273946458,8.655592158018651,8.78334985221147,26299000.0
2012-04-10,9.038864135742188,9.13468285157207,9.00692517299556,9.00692517299556,39494000.0
2012-04-11,9.166622161865234,9.262440265763438,8.911106202808943,9.006924915903795,29045000.0
2012-04-12,9.006924629211426,9.198560830908013,9.006924629211426,9.198560830908013,22477000.0
2012-04-13,9.230501174926758,9.262440747619955,9.102743493350646,9.134683066043845,26809000.0
2012-04-16,9.102744102478027,9.166623252139017,9.038864952817038,9.134683677308523,9722000.0
2012-04-17,9.07080364227295,9.102743213985917,8.97498553633071,9.07080364227295,23798000.0
2012-04-18,9.038864135742188,9.230500958205285,9.038864135742188,9.198561386261991,21541000.0
2012-04-19,9.26244068145752,9.294380253922569,9.03886428339884,9.10274342832894,24881000.0
2012-04-20,9.326319694519043,9.35825865733582,9.198561406465267,9.326319694519043,32244000.0
2012-04-23,9.613774299621582,9.613774299621582,9.39019791227357,9.39019791227357,45444000.0
2012-04-24,9.422138214111328,9.581835471977621,9.294380529657632,9.581835471977621,31361000.0
2012-04-25,9.517955780029297,9.581834923195933,9.390198102892683,9.422137674476,37344000.0
2012-04-26,9.549896240234375,9.709593503814203,9.486017700320472,9.709593503814203,53524000.0
2012-04-27,9.773470878601074,9.869288975674998,9.677652172330545,9.677652172330545,86990000.0
2012-04-30,9.773470878601074,9.901228544431842,9.709591741087388,9.805410447357916,48445000.0
2012-05-02,9.9331693649292,9.965108937710946,9.80541168299889,9.837350646583957,62663000.0
2012-05-03,9.9331693649292,9.9331693649292,9.869290219365704,9.901229792147452,21426000.0
2012-05-04,9.741532325744629,9.869290004898668,9.70959275365695,9.805411469919981,29939000.0
2012-05-07,9.26244068145752,9.581835187714674,9.230501108992469,9.581835187714674,77015000.0
2012-05-08,9.422138214111328,9.454077787523925,9.294380529657632,9.39019864069873,33274000.0
2012-05-09,9.230501174926758,9.422138001889266,9.166622638737042,9.422138001889266,37162000.0
2012-05-10,9.294379234313965,9.358257763039811,9.166621567665663,9.166621567665663,16445000.0
2012-05-11,9.39019775390625,9.39019775390625,9.198560940725176,9.326319222310316,20699000.0
2012-05-14,9.39019775390625,9.454076894698819,9.294379651914031,9.454076894698819,13550000.0
2012-05-15,9.230501174926758,9.294380320313154,9.134683066043845,9.230501174926758,36910000.0
2012-05-16,8.815288543701172,9.230501160472514,8.815288543701172,9.166622624382827,48602000.0
2012-05-17,8.943046569824219,9.006925717573072,8.815288883523213,9.006925717573072,37362000.0
2012-05-18,8.463953971862793,8.78334846136705,8.463953971862793,8.78334846136705,60232000.0
2012-05-21,8.463953971862793,8.591711645825168,8.463953971862793,8.463953971862793,22314000.0
2012-05-22,8.527832984924316,8.591711516344507,8.495893414615905,8.559771946036095,26851000.0
2012-05-23,8.14455795288086,8.336194732435008,8.112618388089079,8.304255167643229,59757000.0
2012-05-24,8.016801834106445,8.240377611958458,7.920983121429888,8.17649907937073,65992000.0
2012-05-25,8.048742294311523,8.144560408378467,7.9848631454690855,8.016802719890304,36111000.0
2012-05-28,8.11262035369873,8.14455992622916,8.048741817834546,8.048741817834546,20938000.0
2012-05-29,8.495893478393555,8.623651151389629,8.144559420756872,8.144559420756872,69407000.0
2012-05-30,8.527832984924316,8.591711516344507,8.33619617227048,8.591711516344507,40391000.0
2012-05-31,8.368136405944824,8.400075369588494,8.240378114583415,8.336196833104472,42233000.0
2012-06-01,8.016801834106445,8.240377611958458,7.98486226321426,8.240377611958458,63066000.0
2012-06-04,7.569650173187256,7.793225965924773,7.473831454131162,7.793225965924773,76357000.0
2012-06-05,7.537710189819336,7.729347008302225,7.505770618539412,7.665467865742379,56477000.0
2012-06-06,7.569650173187256,7.601589137009269,7.473831454131162,7.569650173187256,55102000.0
2012-06-07,7.601589202880859,7.729347496062742,7.537710665486609,7.729347496062742,37658000.0
2012-06-08,7.665468215942383,7.665468215942383,7.537710534182679,7.6015890704641915,18774000.0
2012-06-11,7.729348182678223,7.825166301879684,7.665469030412751,7.761287149614213,33499000.0
2012-06-12,7.825164794921875,7.825164794921874,7.601588414245455,7.601588414245455,28515000.0
2012-06-13,7.857105731964111,7.857105731964111,7.761287005346989,7.857105731964111,23751000.0
2012-06-14,7.76128625869751,7.793225831163906,7.729347295427787,7.761286258697509,20810000.0
2012-06-15,7.825164794921875,7.825164794921874,7.729346694172911,7.761285654958147,59569000.0
2012-06-18,7.889043807983398,8.04874104612722,7.857104238515311,7.9848619071910445,45238000.0
2012-06-19,7.889043807983398,7.952922337722957,7.857104238515311,7.952922337722957,11904000.0
2012-06-20,8.11262035369873,8.11262035369873,7.9529231002432565,8.016802245304117,31184000.0
2012-06-21,8.208438873291016,8.304256979374363,8.080680586251004,8.112620158011007,35872000.0
2012-06-22,7.984862804412842,8.080680914387122,7.984862804412842,8.048741950526818,26366000.0
2012-06-25,7.825164794921875,7.952922465652702,7.825164794921874,7.889043934885602,17075000.0
2012-06-26,7.825164794921875,7.920982895670838,7.761285654958147,7.761285654958147,21516000.0
2012-06-27,7.793227195739746,7.920984898778737,7.793227195739747,7.825166773798689,18477000.0
2012-06-28,7.729348182678223,7.920984421081146,7.729348182678223,7.920984421081146,24482000.0
2012-06-29,8.240378379821777,8.240378379821777,7.761286599385704,7.793226173254116,70007000.0
2012-07-02,8.559772491455078,8.623651636142208,8.336196703443468,8.336196703443468,71672000.0
2012-07-03,8.559772491455078,8.655591208485772,8.43201481127749,8.527833528308186,63933000.0
2012-07-04,8.432014465332031,8.591711711301185,8.40007489429887,8.559772140268025,38657000.0
2012-07-05,8.400075912475586,8.527834212093865,8.336197371863168,8.432015487380156,35940000.0
2012-07-06,8.304255485534668,8.463952706410334,8.272315919520224,8.463952706410334,59120000.0
2012-07-09,8.171259880065918,8.270909135831367,8.171259880065918,8.204476509839239,43546000.0
2012-07-10,8.237691879272461,8.436991009193699,8.237691879272461,8.237691879272461,39270000.0
2012-07-11,8.204475402832031,8.304124645152083,8.171258777540537,8.304124645152083,17893000.0
2012-07-12,8.005176544189453,8.204475668845868,7.971959917820975,8.204475668845868,34153000.0
2012-07-13,7.97196102142334,8.038394283357018,7.905527759489663,7.938744390456502,25983000.0
2012-07-16,8.005176544189453,8.071609163371956,7.938743291452497,7.971959917820975,22746000.0
2012-07-17,8.27090835571289,8.304124982353194,7.971959983059067,8.00517660969937,31451000.0
2012-07-18,8.071611404418945,8.27091058440989,8.071611404418945,8.237693948818961,25135000.0
2012-07-19,8.304125785827637,8.370559045536066,8.1712598999653,8.204476529819512,30705000.0
2012-07-20,8.337342262268066,8.337342262268066,8.204476378850567,8.237692374539062,31222000.0
2012-07-23,8.171259880065918,8.237692506058044,8.071609990745952,8.204476509839239,30217000.0
2012-07-24,8.204475402832031,8.237691394569094,8.104825526957548,8.171258777540537,22124000.0
2012-07-25,8.0383939743042,8.171259859508707,8.0383939743042,8.0383939743042,29563000.0
2012-07-26,8.104826927185059,8.20447682027552,8.071610296154905,8.071610296154905,20869000.0
2012-07-27,8.237691879272461,8.270908506518412,8.171259258335027,8.237691879272461,22754000.0
2012-07-30,8.304125785827637,8.337342415681851,8.23769252611921,8.304125785827637,15074000.0
2012-07-31,8.370560646057129,8.403776648708002,8.23769410123508,8.304127373646104,37322000.0
2012-08-01,8.337342262268066,8.370558891511068,8.237692374539062,8.304125633025066,18598000.0
2012-08-02,8.337342262268066,8.337342262268066,8.337342262268066,8.337342262268066,0.0
2012-08-03,8.237691879272461,8.304125133764364,8.204475885580978,8.270908506518412,26401000.0
2012-08-06,8.436991691589355,8.436991691589355,8.30412580541364,8.370559065278758,35514000.0
2012-08-07,8.436991691589355,8.436991691589355,8.3373424353462,8.403775061656797,25994000.0
2012-08-08,8.470208168029785,8.569857422467155,8.436991538699159,8.569857422467155,24531000.0
2012-08-09,8.536640167236328,8.636289406971931,8.503423542806322,8.56985615811192,44236000.0
2012-08-10,8.436991691589355,8.53664158138703,8.3373424353462,8.53664158138703,26953000.0
2012-08-13,8.304125785827637,8.569857557552314,8.304125785827637,8.569857557552314,22914000.0
2012-08-14,8.304125785827637,8.47020830154419,8.270909155973422,8.337342415681851,34126000.0
2012-08-15,8.27090835571289,8.3373416089935,8.171259109346435,8.27090835571289,33189000.0
2012-08-16,8.204475402832031,8.304124645152083,8.204475402832031,8.237691394569094,29010000.0
2012-08-17,8.27090835571289,8.304124982353194,8.138042482706132,8.204475735986739,44937000.0
2012-08-20,8.071611404418945,8.27091058440989,8.038395402382644,8.27091058440989,49659000.0
2012-08-21,8.104826927185059,8.171260189245366,8.071610296154905,8.071610296154905,44548000.0
2012-08-22,8.005176544189453,8.03839317055793,7.905526665084019,7.971959917820975,53599000.0
2012-08-23,8.104826927185059,8.104826927185059,8.005177667649138,8.038394298679291,31398000.0
2012-08-24,8.071611404418945,8.138044675600803,8.038395402382644,8.104828040009874,19169000.0
2012-08-27,8.005176544189453,8.17125904247739,8.005176544189453,8.138042416108911,21760000.0
2012-08-28,8.005176544189453,8.071609163371956,7.971959917820975,7.971959917820975,15327000.0
2012-08-29,8.005176544189453,8.071609163371956,8.005176544189453,8.071609163371956,22535000.0
2012-08-30,8.005176544189453,8.071609163371956,7.971959917820975,8.03839317055793,29612000.0
2012-08-31,7.97196102142334,8.071610280769317,7.97196102142334,8.005177652390179,16719000.0
2012-09-03,7.938745975494385,7.971962613093207,7.905529337895564,7.971962613093207,26727000.0
2012-09-04,7.938745975494385,8.005179250692029,7.905529337895564,7.971962613093207,17101000.0
2012-09-05,7.772660732269287,7.905526603147802,7.772660732269286,7.905526603147802,65210000.0
2012-09-06,7.739445209503174,7.872311732877704,7.739445209503173,7.772661840346806,22804000.0
2012-09-07,7.839095115661621,7.905527743909836,7.805878484760244,7.839095115661621,27622000.0
2012-09-10,8.0383939743042,8.0383939743042,7.938744085234931,7.938744085234931,32583000.0
2012-09-11,8.0383939743042,8.104826600129195,7.971960714924688,8.104826600129195,17341000.0
2012-09-12,7.97196102142334,8.071610280769317,7.938744390456502,8.071610280769317,28250000.0
2012-09-13,7.97196102142334,8.038394283357018,7.938744390456502,7.97196102142334,16803000.0
2012-09-14,8.138042449951172,8.204475702964391,7.971959950972576,8.038393203985796,76996000.0
2012-09-17,8.171259880065918,8.171259880065918,8.104826620519272,8.171259880065918,41848000.0
2012-09-18,8.104826927185059,8.171260189245366,8.071610296154905,8.138043558215212,27040000.0
2012-09-19,8.171259880065918,8.171259880065918,8.071609990745952,8.104826620519272,23219000.0
2012-09-20,8.104826927185059,8.138043558215212,8.071610296154905,8.138043558215212,22295000.0
2012-09-21,8.171259880065918,8.171259880065918,8.038393994527146,8.104826620519272,30472000.0
2012-09-24,8.071611404418945,8.104828040009874,8.038395402382644,8.071611404418945,17531000.0
2012-09-25,8.071611404418945,8.138044675600803,8.038395402382644,8.038395402382644,27603000.0
2012-09-26,8.005176544189453,8.071609163371956,7.971959917820975,8.03839317055793,22419000.0
2012-09-27,8.071611404418945,8.104828040009874,7.971962131200787,7.971962131200787,32289000.0
2012-09-28,8.104826927185059,8.138043558215212,8.038394298679291,8.138043558215212,29828000.0
2012-10-01,7.97196102142334,8.071610280769317,7.938744390456502,8.038394283357018,24115000.0
2012-10-02,8.0383939743042,8.07160997043944,7.938744085234931,8.005177344614443,21881000.0
2012-10-03,8.005176544189453,8.071609163371956,7.971959917820975,8.071609163371956,13045000.0
2012-10-04,7.9055280685424805,8.005177965338635,7.87231206983166,7.97196133307325,26218000.0
2012-10-05,7.839095115661621,7.938744374811213,7.839095115661621,7.938744374811213,18086000.0
2012-10-08,7.839095115661621,7.905527743909836,7.839095115661621,7.839095115661621,17151000.0
2012-10-09,7.9055280685424805,7.938744700807866,7.87231206983166,7.87231206983166,19878000.0
2012-10-11,7.772660732269287,7.839093984485768,7.772660732269286,7.805877358377527,16169000.0
2012-10-12,7.739445209503174,7.839095102034071,7.706229212214078,7.772661840346806,34992000.0
2012-10-15,7.573362350463867,7.739444863706974,7.540146354658853,7.739444863706974,37673000.0
2012-10-16,7.573362350463867,7.639795609182914,7.50692972529933,7.606578979823391,33416000.0
2012-10-17,7.573362350463867,7.673012238542437,7.540146354658853,7.639795609182914,22114000.0
2012-10-18,7.506929397583008,7.639795275666308,7.473712769673562,7.5733620198474165,24269000.0
2012-10-19,7.407280445098877,7.506930341355211,7.374064446567994,7.4737137092697665,33136000.0
2012-10-22,7.407280445098877,7.407280445098878,7.27441455031166,7.307631182397105,21942000.0
2012-10-23,7.340847015380859,7.407279638765539,7.307630386911273,7.374063643850445,18070000.0
2012-10-24,7.407280445098877,7.4737137092697665,7.241197918226216,7.27441455031166,17669000.0
2012-10-25,7.473711967468262,7.540145216156413,7.3740627279904505,7.407278718780113,19086000.0
2012-10-26,7.274413585662842,7.540145973553472,7.241196957982202,7.540145973553472,22096000.0
2012-10-29,7.207981109619141,7.307630361121732,7.2079811096191415,7.274413732769372,15166000.0
2012-10-30,7.307629585266113,7.340846210091844,7.241196335614653,7.241196335614653,18044000.0
2012-10-31,7.207981109619141,7.340846989474093,7.2079811096191415,7.340846989474093,17530000.0
2012-11-01,7.008681774139404,7.207980905042579,6.975465146729797,7.207980905042579,36338000.0
2012-11-02,7.04189920425415,7.174765095483474,7.008682573058183,7.075115201895573,29299000.0
2012-11-05,7.008681774139404,7.075114395404149,6.975465146729797,7.008681774139405,19422000.0
2012-11-06,7.008681774139404,7.008681774139405,6.9090318919105815,6.975465146729797,38376000.0
2012-11-07,7.075114727020264,7.108331355986761,7.008682102641772,7.041898731608269,48144000.0
2012-11-08,7.04189920425415,7.075115201895573,6.9422493106662495,7.008682573058183,33401000.0
2012-11-09,7.207981109619141,7.2079811096191415,6.975465344707108,7.041898601411829,30143000.0
2012-11-12,7.075114727020264,7.174764613919755,7.041898731608269,7.174764613919755,21895000.0
2012-11-13,6.975465297698975,7.075114548530022,6.942248669570463,7.075114548530022,30558000.0
2012-11-14,7.008681774139404,7.008681774139405,6.9090318919105815,6.975465146729797,26368000.0
2012-11-15,7.04189920425415,7.04189920425415,6.9090326794702825,7.008682573058183,17922000.0
2012-11-16,7.008681774139404,7.075114395404149,6.94224851932019,7.0418984015490125,17455000.0
2012-11-19,6.909032344818115,7.008682233579283,6.909032344818115,7.008682233579283,15346000.0
2012-11-20,6.842599868774414,6.975465756472508,6.842599868774414,6.9422491261593535,21574000.0
2012-11-21,6.709733486175537,6.842599364073626,6.6433002304492526,6.842599364073626,50355000.0
2012-11-22,6.709733486175537,6.776166108347342,6.6433002304492526,6.709733486175537,41515000.0
2012-11-23,7.174764633178711,7.174764633178711,6.74294972256415,6.776166351619809,149393000.0
2012-11-26,7.374063491821289,7.407279486051578,7.274413608466987,7.37406349182129,74593000.0
2012-11-27,7.440496444702148,7.440496444702148,7.307630561209246,7.37406381973295,48766000.0
2012-11-28,7.440496444702148,7.440496444702148,7.340847190471098,7.407279815440296,53321000.0
2012-11-29,7.374063491821289,7.440496113836345,7.340846864036522,7.407279486051578,61253000.0
2012-11-30,7.473711967468262,7.540145216156413,7.340846103646376,7.340846103646376,92865000.0
2012-12-03,7.407280445098877,7.4737137092697665,7.374064446567994,7.440497077184322,33925000.0
2012-12-04,7.374063491821289,7.37406349182129,7.274413608466987,7.340846864036522,52363000.0
2012-12-05,7.706228256225586,7.805877502840058,7.307630002658778,7.374063256104732,124284000.0
2012-12-06,7.772660732269287,7.839093984485768,7.673011487499012,7.805877358377527,115901000.0
2012-12-07,7.739445209503174,7.938744361010433,7.706229212214078,7.839095102034071,94731000.0
2012-12-10,7.6065802574157715,7.77266279855391,7.6065802574157715,7.77266279855391,39386000.0
2012-12-11,7.573362350463867,7.673012238542437,7.540146354658853,7.606578979823391,40593000.0
2012-12-12,7.673012733459473,7.7062293649615015,7.606579470455413,7.7062293649615015,37450000.0
2012-12-13,7.97196102142334,7.97196102142334,7.673012609830873,7.706229240797711,111926000.0
2012-12-14,7.772660732269287,7.872310610594008,7.739444106161046,7.872310610594008,67906000.0
2012-12-17,7.673012733459473,7.839095257415069,7.673012733459472,7.839095257415069,47444000.0
2012-12-18,7.739445209503174,7.8058784711904385,7.673012581370445,7.673012581370445,46202000.0
2012-12-19,7.639795780181885,7.839094927245361,7.606579150078885,7.839094927245361,68332000.0
2012-12-20,7.772660732269287,7.938743229256042,7.60657823528253,7.706228113607253,145021000.0
2012-12-21,7.739445209503174,7.9055277301668,7.706229212214078,7.839095102034071,91991000.0
2012-12-24,7.639795780181885,7.739445036936361,7.639795780181886,7.739445036936361,25627000.0
2012-12-25,7.706228256225586,7.739444249394104,7.639795002779631,7.673011629502608,21531000.0
2012-12-26,7.739445209503174,7.872311732877704,7.706229212214078,7.706229212214078,49095000.0
2012-12-27,7.772660732269287,7.772660732269286,7.706228113607253,7.739444106161046,28958000.0
2012-12-28,7.772660732269287,7.872310610594008,7.772660732269286,7.839093984485768,44983000.0
2013-01-02,7.839095115661621,7.905527743909836,7.739445222957491,7.839095115661621,44160000.0
2013-01-03,8.204475402832031,8.337341270443577,7.9387430340545055,7.9387430340545055,171425000.0
2013-01-04,8.237691879272461,8.337341761010315,8.104826003843124,8.204475885580978,106365000.0
2013-01-07,8.104826927185059,8.237692817751133,8.038394298679291,8.237692817751133,55698000.0
2013-01-08,8.0383939743042,8.204476489198463,7.971960714924688,8.104826600129195,55489000.0
2013-01-09,7.872311115264893,8.005176994661051,7.872311115264893,7.9719603664233905,70636000.0
2013-01-10,7.839095115661621,7.97196100571259,7.839095115661621,7.97196100571259,52616000.0
2013-01-11,7.872311115264893,7.938743738185728,7.839094487027231,7.905527109948067,31115000.0
2013-01-14,7.839095115661621,7.872311746562998,7.772661853858867,7.872311746562998,37582000.0
2013-01-15,7.739445209503174,7.872311732877704,7.706229212214078,7.872311732877704,47158000.0
2013-01-16,7.639795780181885,7.772661667039361,7.639795780181886,7.739445036936361,42023000.0
2013-01-17,7.440496444702148,7.706228845242462,7.440496444702148,7.706228845242462,52153000.0
2013-01-18,7.639795780181885,7.673012410284885,7.5069298933244095,7.5069298933244095,48390000.0
2013-01-21,7.6065802574157715,7.6065802574157715,7.540147621093286,7.573363622477221,19377000.0
2013-01-22,7.639795780181885,7.639795780181886,7.540146523427409,7.606579150078885,14498000.0
2013-01-23,7.6065802574157715,7.7062301622314235,7.573363622477221,7.573363622477221,31182000.0
2013-01-24,7.573362350463867,7.70622886790196,7.540146354658853,7.573362350463868,35509000.0
2013-01-25,7.473711967468262,7.639794455634224,7.473711967468263,7.573361206946074,30304000.0
2013-01-28,7.540147304534912,7.606579938068354,7.506930670990897,7.506930670990897,15050000.0
2013-01-29,7.673012733459473,7.7062293649615015,7.5733628389533845,7.606579470455413,40671000.0
2013-01-30,7.739445209503174,7.739445209503173,7.639795950526812,7.739445209503173,39903000.0
2013-01-31,7.639795780181885,7.739445036936361,7.606579150078885,7.739445036936361,33478000.0
2013-02-01,7.706228256225586,7.739444249394104,7.639795002779631,7.639795002779631,25891000.0
2013-02-04,7.739445209503174,7.772661840346806,7.673012581370445,7.739445209503173,25443000.0
2013-02-05,7.573362350463867,7.70622886790196,7.573362350463868,7.70622886790196,28710000.0
2013-02-06,7.540147304534912,7.606579938068354,7.540147304534912,7.540147304534912,26057000.0
2013-02-18,7.407280445098877,7.540146973440655,7.34084781448255,7.540146973440655,81165000.0
2013-02-19,7.540147304534912,7.573363304524338,7.374064770369426,7.407280770358852,48618000.0
2013-02-20,7.473711967468262,7.573361206946074,7.440495343124187,7.573361206946074,43647000.0
2013-02-21,7.407280445098877,7.4737137092697665,7.407280445098878,7.440497077184322,27592000.0
2013-02-22,7.440496444702148,7.506929703225854,7.407279815440296,7.407279815440296,35113000.0
2013-02-25,7.473711967468262,7.540145216156413,7.440495343124187,7.473711967468263,25596000.0
2013-02-26,7.374063491821289,7.440496113836345,7.37406349182129,7.407279486051578,33795000.0
2013-02-27,7.374063491821289,7.407279486051578,7.307630236251755,7.340846864036522,28435000.0
2013-03-01,7.340847015380859,7.440496267235125,7.340847015380859,7.407279638765539,27494000.0
2013-03-04,7.241197109222412,7.374063622720027,7.241197109222412,7.340846994345623,47592000.0
2013-03-05,7.374063491821289,7.407279486051578,7.274413608466987,7.274413608466987,45375000.0
2013-03-06,7.440496444702148,7.473713073964001,7.340847190471098,7.440496444702148,31110000.0
2013-03-07,7.374063491821289,7.440496113836345,7.340846864036522,7.440496113836345,25985000.0
2013-03-08,7.340847015380859,7.440496267235125,7.340847015380859,7.374063643850445,37130000.0
2013-03-11,7.374063491821289,7.440496113836345,7.340846864036522,7.37406349182129,29477000.0
2013-03-12,7.440496444702148,7.540146332487706,7.340847190471098,7.37406381973295,56148000.0
2013-03-13,7.374063491821289,7.473712741621113,7.340846864036522,7.473712741621113,31752000.0
2013-03-14,7.706228256225586,7.839094129563035,7.706228256225586,7.839094129563035,164819000.0
2013-03-15,7.706228256225586,7.772660876117081,7.639795002779631,7.772660876117081,83241000.0
2013-03-18,7.440496444702148,7.606578957456904,7.440496444702148,7.606578957456904,54217000.0
2013-03-19,7.440496444702148,7.540146332487706,7.440496444702148,7.473713073964001,42185000.0
2013-03-20,7.407280445098877,7.4737137092697665,7.374064446567994,7.407280445098878,34175000.0
2013-03-21,7.374063491821289,7.473712741621113,7.37406349182129,7.37406349182129,28357000.0
2013-03-22,7.374063491821289,7.440496113836345,7.37406349182129,7.37406349182129,25909000.0
2013-03-25,7.407280445098877,7.440497077184322,7.374064446567994,7.407280445098878,23912000.0
2013-03-26,7.473711967468262,7.506928591812337,7.407278718780113,7.440495343124187,38800000.0
2013-03-27,7.407280445098877,7.506930341355211,7.407280445098878,7.4737137092697665,27155000.0
2013-03-28,7.374063491821289,7.473712741621113,7.37406349182129,7.473712741621113,25140000.0
2013-03-29,7.440496444702148,7.473713073964001,7.37406381973295,7.407279815440296,19732000.0
2013-04-01,7.407280445098877,7.4737137092697665,7.374064446567994,7.440497077184322,14920000.0
2013-04-02,7.473711967468262,7.506928591812337,7.407278718780113,7.407278718780113,31780000.0
2013-04-03,7.506929397583008,7.540146025492453,7.4404961417641164,7.506929397583008,31704000.0
2013-04-08,7.340847015380859,7.407279638765539,7.274413758441687,7.374063643850445,50155000.0
2013-04-09,7.374063491821289,7.407279486051578,7.307630236251755,7.37406349182129,32402000.0
2013-04-10,7.307629585266113,7.3740628349175745,7.307629585266113,7.307629585266113,40630000.0
2013-04-11,7.440496444702148,7.506929703225854,7.340847190471098,7.37406381973295,45354000.0
2013-04-12,7.340847015380859,7.473712895704711,7.340847015380859,7.473712895704711,32402000.0
2013-04-15,7.340847015380859,7.440496267235125,7.340847015380859,7.340847015380859,25377000.0
2013-04-16,7.473711967468262,7.473711967468263,7.307629479302301,7.307629479302301,34443000.0
2013-04-17,7.440496444702148,7.506929703225854,7.407279815440296,7.473713073964001,34718000.0
2013-04-18,7.374063491821289,7.440496113836345,7.340846864036522,7.407279486051578,24759000.0
2013-04-19,7.540147304534912,7.606579938068354,7.407280770358852,7.440497403902867,78254000.0
2013-04-22,7.440496444702148,7.540146332487706,7.440496444702148,7.540146332487706,25314000.0
2013-04-23,7.440496444702148,7.506929703225854,7.407279815440296,7.473713073964001,22622000.0
2013-04-24,7.573362350463867,7.573362350463868,7.440496466580284,7.50692972529933,29843000.0
2013-04-25,7.506929397583008,7.5733620198474165,7.473712769673562,7.540146025492453,31878000.0
2013-04-26,7.440496444702148,7.540146332487706,7.440496444702148,7.506929703225854,28937000.0
2013-04-29,7.374063491821289,7.473712741621113,7.37406349182129,7.440496113836345,30573000.0
2013-04-30,7.473711967468262,7.506928591812337,7.440495343124187,7.440495343124187,42198000.0
2013-05-02,7.440496444702148,7.506929703225854,7.407279815440296,7.440496444702148,22921000.0
2013-05-03,7.573362350463867,7.639795609182914,7.440496466580284,7.440496466580284,45756000.0
2013-05-06,7.839095115661621,7.839095115661621,7.606579332906522,7.639795963807899,108341000.0
2013-05-07,7.706228256225586,7.805877502840058,7.673011629502608,7.772660876117081,61396000.0
2013-05-08,8.0383939743042,8.0383939743042,7.739444940650911,7.739444940650911,171292000.0
2013-05-09,7.9055280685424805,8.171260493110994,7.9055280685424805,8.171260493110994,188071000.0
2013-05-10,8.370560646057129,8.403776648708002,7.905529006289235,7.971962278700261,230583000.0
2013-05-13,8.669507026672363,8.70272365491568,8.503424519010265,8.503424519010265,308173000.0
2013-05-14,8.603074073791504,8.735939957899172,8.50342481909938,8.735939957899172,115387000.0
2013-05-15,8.636289596557617,8.669506221716802,8.43699047915694,8.603072971398433,105299000.0
2013-05-16,8.868805885314941,9.03488838778485,8.569856874025529,8.702723382845031,169687000.0
2013-05-17,8.735939979553223,8.96845575248387,8.702723983609856,8.868806497544742,74380000.0
2013-05-20,8.935237884521484,8.935237884521484,8.73593876871248,8.80237201850029,76147000.0
2013-05-21,9.367053031921387,9.367053031921387,8.968454787925157,8.968454787925157,170196000.0
2013-05-22,9.234187126159668,9.43348626106297,9.234187126159668,9.43348626106297,157721000.0
2013-05-23,8.902022361755371,9.234187384709744,8.868806366303536,9.200971389257909,134310000.0
2013-05-24,8.802372932434082,9.034888697278664,8.735939675748632,8.93523881225049,78609000.0
2013-05-27,9.200970649719238,9.200970649719238,8.769155774453473,8.835589027126499,106338000.0
2013-05-28,9.034889221191406,9.167755108712408,9.034889221191406,9.167755108712408,64798000.0
2013-05-29,9.068105697631836,9.267404856234037,9.068105697631836,9.200972225736344,70497000.0
2013-05-30,8.96845531463623,9.034888570388661,8.835589436685849,8.96845531463623,68313000.0
2013-05-31,8.769157409667969,9.101322467864138,8.769157409667969,9.068105835333608,60804000.0
2013-06-03,8.902022361755371,8.93523899076171,8.636290596813675,8.669507225820013,56499000.0
2013-06-04,9.234187126159668,9.234187126159668,8.902022112505659,8.968455368658255,131104000.0
2013-06-05,9.101322174072266,9.23418806635089,9.101322174072266,9.23418806635089,60580000.0
2013-06-06,8.935237884521484,9.06810375054268,8.8688052682881,8.96845450941539,68797000.0
2013-06-07,8.835590362548828,9.034889517135781,8.802373731191912,8.93523962306503,51026000.0
2013-06-10,9.068105697631836,9.13453896168409,8.935239803081888,9.001673067134142,67873000.0
2013-06-11,8.96845531463623,9.101321192586612,8.96845531463623,9.068104564710396,48761000.0
2013-06-13,8.70272445678711,8.935239608805363,8.70272445678711,8.83559034844819,81506000.0
2013-06-14,8.70272445678711,8.83559034844819,8.70272445678711,8.769157085840376,56769000.0
2013-06-17,8.835590362548828,8.835590362548828,8.669507839318792,8.702724470675708,33108000.0
2013-06-18,9.001670837402344,9.001670837402344,8.80237172816693,8.902020966007436,65296000.0
2013-06-19,8.868805885314941,9.101321008640133,8.868805885314941,9.03488838778485,43049000.0
2013-06-20,8.636289596557617,8.835588713958293,8.603072971398433,8.769155463639924,72499000.0
2013-06-21,8.337342262268066,8.436991516442564,8.171259749607566,8.337342262268066,125920000.0
2013-06-24,8.503424644470215,8.636290525849304,8.30412550562433,8.337342134357728,87946000.0
2013-06-25,8.436991691589355,8.603074207697627,8.30412580541364,8.503424951454473,76284000.0
2013-06-26,9.001670837402344,9.001670837402344,8.735938480570324,8.735938480570324,142476000.0
2013-06-27,9.599570274353027,9.599570274353027,9.300621841861261,9.300621841861261,266331000.0
2013-06-28,9.632784843444824,9.666001469615868,9.499918972315095,9.666001469615868,179961000.0
2013-07-01,9.998167991638184,10.230683143247951,9.632786315046213,9.632786315046213,156997000.0
2013-07-02,9.765650749206543,10.097815744986049,9.699218130183313,10.031383125962817,136344000.0
2013-07-03,9.66600227355957,9.865301413607558,9.632785644625823,9.66600227355957,115489000.0
2013-07-04,9.732433319091797,9.998165673900575,9.699217329100797,9.765649942637193,107944000.0
2013-07-05,9.832086563110352,9.931735834381742,9.765653293226347,9.898519199439741,135968000.0
2013-07-08,9.6315279006958,10.1779970328818,9.597373417073529,9.973071434033345,117743000.0
2013-07-09,9.733992576599121,9.768147066805556,9.529066286803227,9.631529757422532,75075000.0
2013-07-10,9.494911193847656,9.768146446711095,9.460757357252067,9.631529146000712,80094000.0
2013-07-11,9.904763221740723,9.904763221740723,9.529065176144787,9.631528634821484,119066000.0
2013-07-12,9.733992576599121,9.80230155701199,9.631529757422532,9.80230155701199,76948000.0
2013-07-15,9.836453437805176,9.836453437805176,9.665681672208262,9.768145122431962,73637000.0
2013-07-16,9.52906608581543,9.802301350261093,9.494911596329384,9.802301350261093,97330000.0
2013-07-17,9.119213104248047,9.426602170937194,9.119213104248047,9.426602170937194,171887000.0
2013-07-18,9.119213104248047,9.22167590933022,9.016749647723245,9.08505861873978,104064000.0
2013-07-19,8.709360122680664,8.982594689481843,8.572742839280073,8.914286373502845,170769000.0
2013-07-22,8.880131721496582,8.914286204560085,8.641050991494641,8.641050991494641,75231000.0
2013-07-23,9.221675872802734,9.289984843548694,8.982595126634504,8.982595126634504,120789000.0
2013-07-24,9.221675872802734,9.324138677479048,9.221675872802734,9.289984843548694,69166000.0
2013-07-25,9.153367042541504,9.35829330648194,9.153367042541504,9.289984986130218,50852000.0
2013-07-26,9.358293533325195,9.358293533325195,9.153367264417387,9.289985211317694,57281000.0
2013-07-29,9.0509033203125,9.35829235939309,9.0509033203125,9.35829235939309,57912000.0
2013-07-30,9.221675872802734,9.289984843548694,9.085058582753442,9.085058582753442,55760000.0
2013-07-31,9.119213104248047,9.255830394838487,9.119213104248047,9.22167590933022,32039000.0
2013-08-01,9.08505916595459,9.221676464773816,9.08505916595459,9.221676464773816,28544000.0
2013-08-02,8.982596397399902,9.18752268718602,8.948442558637813,9.153368196981214,53084000.0
2013-08-05,9.119213104248047,9.119213104248047,8.982595162214977,8.982595162214977,29191000.0
2013-08-06,8.914287567138672,9.153367682242225,8.880133078854541,9.153367682242225,64966000.0
2013-08-07,8.709360122680664,8.845977406081253,8.709360122680664,8.811822922370457,81067000.0
2013-08-08,8.504434585571289,8.709360853591381,8.401971777282569,8.572743558725536,131063000.0
2013-08-09,8.401971817016602,8.572743599267172,8.401971817016602,8.504434625789884,64693000.0
2013-08-12,8.436124801635742,8.538587592164705,8.436124801635742,8.470278630850373,46892000.0
2013-08-13,8.538588523864746,8.572743008248725,8.470279555096786,8.470279555096786,42550000.0
2013-08-14,8.401971817016602,8.538589112528527,8.367817330277957,8.538589112528527,41534000.0
2013-08-15,8.231199264526367,8.29950758016901,8.197044780983749,8.29950758016901,77141000.0
2013-08-16,8.16289234161377,8.231201325805117,8.094584008865176,8.094584008865176,77863000.0
2013-08-19,8.094582557678223,8.162890878180583,8.094582557678223,8.162890878180583,33525000.0
2013-08-20,8.060428619384766,8.231200409407991,8.060428619384766,8.094583107677947,48179000.0
2013-08-22,8.026272773742676,8.060427256259882,7.821346530082008,7.992118291225469,108463000.0
2013-08-23,8.367817878723145,8.401972367700349,8.162891596302611,8.197046085279815,133050000.0
2013-08-26,8.401971817016602,8.436126303755245,8.265354521504674,8.401971817016602,64220000.0
2013-08-27,8.333662986755371,8.367817474080969,8.26535466354684,8.367817474080969,50788000.0
2013-08-28,8.231199264526367,8.265353748068984,8.162890297441132,8.197044780983749,36314000.0
2013-08-29,8.19704532623291,8.299508132233768,8.19704532623291,8.231199812047407,37792000.0
2013-08-30,8.401971817016602,8.401971817016602,8.231200034766031,8.265354521504674,52029000.0
2013-09-02,8.367817878723145,8.401972367700349,8.299508900768735,8.401972367700349,30876000.0
2013-09-03,8.26535415649414,8.436125931203172,8.26535415649414,8.40197144597284,32554000.0
2013-09-04,8.299509048461914,8.333663538046913,8.197046231149626,8.265355210319623,29097000.0
2013-09-05,8.401971817016602,8.401971817016602,8.333662843539313,8.367817330277957,41209000.0
2013-09-06,8.333662986755371,8.436126448732164,8.333662986755371,8.401971961406566,29626000.0
2013-09-09,8.299509048461914,8.36781802763191,8.231200720734623,8.333663538046913,34290000.0
2013-09-10,8.538588523864746,8.538588523864746,8.33366226900347,8.367816753387451,82422000.0
2013-09-11,8.504434585571289,8.606898045302659,8.333662804128322,8.538589072148413,64549000.0
2013-09-12,8.401971817016602,8.470280139051239,8.299508356800668,8.401971817016602,49471000.0
2013-09-13,8.26535415649414,8.40197144597284,8.26535415649414,8.40197144597284,33474000.0
2013-09-16,8.367817878723145,8.401972367700349,8.299508900768735,8.33366338974594,40321000.0
2013-09-17,8.26535415649414,8.33366247551218,8.23119967126381,8.33366247551218,26567000.0
2013-09-18,8.26535415649414,8.33366247551218,8.26535415649414,8.26535415649414,24076000.0
2013-09-23,8.606898307800293,8.64105214397641,8.265354734497784,8.265354734497784,122994000.0
2013-09-24,8.914287567138672,9.119213845400775,8.67520680059244,8.67520680059244,195901000.0
2013-09-25,8.845977783203125,8.982595072427985,8.777669464312005,8.914286753536866,86616000.0
2013-09-26,8.641051292419434,8.845977546494431,8.606897459609103,8.845977546494431,90026000.0
2013-09-27,8.675207138061523,8.777670606899784,8.606898810278722,8.675207138061523,62822000.0
2013-09-30,8.641051292419434,8.743514745178233,8.538588491103235,8.606897459609103,48193000.0
2013-10-01,8.606898307800293,8.709361119213979,8.606898307800293,8.606898307800293,30068000.0
2013-10-02,8.504434585571289,8.675206367014258,8.504434585571289,8.606898045302659,42423000.0
2013-10-03,8.914287567138672,8.914287567138672,8.57274398718273,8.57274398718273,120930000.0
2013-10-04,8.777669906616211,8.914287202725177,8.743515419728308,8.880132715837272,44920000.0
2013-10-07,8.709360122680664,8.777669090102254,8.675205638969867,8.743514606391459,28975000.0
2013-10-08,8.948442459106445,8.948442459106445,8.675207191949847,8.70936168177476,50942000.0
2013-10-09,8.743515014648438,8.880132304428036,8.743515014648438,8.880132304428036,40335000.0
2013-10-11,8.606898307800293,8.880132905865233,8.606898307800293,8.845978418246448,73202000.0
2013-10-14,8.401971817016602,8.641051921301809,8.367817330277957,8.606898086005815,55310000.0
2013-10-15,8.709360122680664,8.743514606391459,8.470279388147686,8.470279388147686,58601000.0
2013-10-16,8.504434585571289,8.709360853591381,8.504434585571289,8.606898045302659,37155000.0
2013-10-17,8.641051292419434,8.743514745178233,8.572742975356169,8.606897459609103,37583000.0
2013-10-18,8.845977783203125,8.845977783203125,8.709360493978265,8.743514979145136,69440000.0
2013-10-21,8.880131721496582,8.914286204560085,8.777668923748653,8.880131721496582,48836000.0
2013-10-22,8.811823844909668,8.914287306769298,8.743515521779244,8.811823844909668,45316000.0
2013-10-23,8.743515014648438,8.880132304428036,8.743515014648438,8.84597781912248,31761000.0
2013-10-24,8.709360122680664,8.743514606391459,8.641051155259072,8.675205638969867,29981000.0
2013-10-25,8.57274341583252,8.709360708421187,8.504434443816868,8.675206222413362,49851000.0
2013-10-28,8.641051292419434,8.709360260925301,8.538588491103235,8.572742975356169,31485000.0
2013-10-29,8.641051292419434,8.743514745178233,8.606897459609103,8.641051292419434,34464000.0
2013-10-30,8.948442459106445,8.948442459106445,8.675207191949847,8.70936168177476,93855000.0
2013-10-31,8.504434585571289,8.811823661880103,8.504434585571289,8.811823661880103,143802000.0
2013-11-01,8.504434585571289,8.538589072148413,8.470280098994166,8.538589072148413,38758000.0
2013-11-04,8.436124801635742,8.470278630850373,8.367815840321411,8.470278630850373,52529000.0
2013-11-05,8.436124801635742,8.538587592164705,8.401970320978577,8.401970320978577,33477000.0
2013-11-06,8.401971817016602,8.470280139051239,8.367817330277957,8.436126303755245,34158000.0
2013-11-07,8.504434585571289,8.504434585571289,8.367817290705444,8.401971777282569,26933000.0
2013-11-08,8.436124801635742,8.470278630850373,8.401970320978577,8.436124801635742,13264000.0
2013-11-11,8.299509048461914,8.436127006801906,8.299509048461914,8.401972517216908,27325000.0
2013-11-12,8.26535415649414,8.36781696074251,8.19704518603348,8.29950799028185,37719000.0
2013-11-13,8.19704532623291,8.265354297861904,8.162890840418413,8.231199812047407,52541000.0
2013-11-14,8.19704532623291,8.265354297861904,8.19704532623291,8.19704532623291,36202000.0
2013-11-15,8.231199264526367,8.29950758016901,8.197044780983749,8.265353748068984,21481000.0
2013-11-18,8.231199264526367,8.29950758016901,8.197044780983749,8.265353748068984,16855000.0
2013-11-19,8.231199264526367,8.265353748068984,8.197044780983749,8.265353748068984,31002000.0
2013-11-20,8.19704532623291,8.265354297861904,8.19704532623291,8.231199812047407,23858000.0
2013-11-21,8.12873649597168,8.197045468788643,8.094582661005843,8.197045468788643,27947000.0
2013-11-22,8.16289234161377,8.197046833709443,8.128737849518096,8.128737849518096,13065000.0
2013-11-25,8.19704532623291,8.265354297861904,8.162890840418413,8.231199812047407,17793000.0
2013-11-26,8.231199264526367,8.333662063711628,8.162890297441132,8.162890297441132,28411000.0
2013-11-27,8.299509048461914,8.333663538046913,8.231200720734623,8.231200720734623,25367000.0
2013-11-28,8.470279693603516,8.504434178545992,8.333662405276224,8.333662405276224,68234000.0
2013-11-29,8.401971817016602,8.538589112528527,8.401971817016602,8.504434625789884,39035000.0
2013-12-02,8.401971817016602,8.504434625789884,8.367817330277957,8.401971817016602,25739000.0
2013-12-03,8.333662986755371,8.436126448732164,8.333662986755371,8.333662986755371,21652000.0
2013-12-04,8.299509048461914,8.36781802763191,8.265355210319623,8.299509048461914,28998000.0
2013-12-05,8.26535415649414,8.36781696074251,8.26535415649414,8.33366247551218,17328000.0
2013-12-06,8.26535415649414,8.33366247551218,8.23119967126381,8.26535415649414,19422000.0
2013-12-09,8.333662986755371,8.401971961406566,8.299508499429773,8.333662986755371,33775000.0
2013-12-10,8.367817878723145,8.401972367700349,8.33366338974594,8.367817878723145,15339000.0
2013-12-11,8.367817878723145,8.436126856677554,8.299508900768735,8.367817878723145,18628000.0
2013-12-12,8.299509048461914,8.36781802763191,8.299509048461914,8.333663538046913,11965000.0
2013-12-13,8.333662986755371,8.367817474080969,8.299508499429773,8.333662986755371,13372000.0
2013-12-16,8.231199264526367,8.333662063711628,8.231199264526367,8.29950758016901,19520000.0
2013-12-17,8.231199264526367,8.29950758016901,8.231199264526367,8.29950758016901,17546000.0
2013-12-18,8.231199264526367,8.29950758016901,8.197044780983749,8.265353748068984,20161000.0
2013-12-19,8.26535415649414,8.33366247551218,8.23119967126381,8.29950799028185,20039000.0
2013-12-20,8.367817878723145,8.401972367700349,8.23120057425702,8.265355063234225,40103000.0
2013-12-23,8.436124801635742,8.470278630850373,8.367815840321411,8.401970320978577,44112000.0
2013-12-24,8.367817878723145,8.504435183189269,8.367817878723145,8.504435183189269,21930000.0
2013-12-25,8.333662986755371,8.401971961406566,8.333662986755371,8.367817474080969,21907000.0
2013-12-26,8.333662986755371,8.367817474080969,8.299508499429773,8.333662986755371,16225000.0
2013-12-27,8.401971817016602,8.436126303755245,8.299508356800668,8.333662843539313,33557000.0
2013-12-30,8.470279693603516,8.470279693603516,8.401971375161176,8.436125860103655,26590000.0
2013-12-31,8.436124801635742,8.50443311150754,8.401970320978577,8.470278630850373,29183000.0
2014-01-02,8.401971817016602,8.504434625789884,8.401971817016602,8.436126303755245,31227000.0
2014-01-03,8.367817878723145,8.401972367700349,8.33366338974594,8.367817878723145,27555000.0
2014-01-06,8.470279693603516,8.641051466873284,8.436125860103655,8.436125860103655,106009000.0
2014-01-07,8.606898307800293,8.64105214397641,8.504434844943939,8.572743820181508,78351000.0
2014-01-08,8.845977783203125,8.914286753536866,8.675206008811395,8.675206008811395,142101000.0
2014-01-09,8.777669906616211,8.914287202725177,8.777669906616211,8.880132715837272,88084000.0
2014-01-10,8.743515014648438,8.811823333816925,8.70936052934288,8.777669499953992,40721000.0
2014-01-13,8.641051292419434,8.811823062241498,8.606897459609103,8.811823062241498,51807000.0
2014-01-14,8.606898307800293,8.64105214397641,8.538589332562724,8.64105214397641,41592000.0
2014-01-15,8.675207138061523,8.777670606899784,8.641052648448769,8.675207138061523,72839000.0
2014-01-16,8.675207138061523,8.845978934682588,8.675207138061523,8.777670606899784,54125000.0
2014-01-17,8.709360122680664,8.743514606391459,8.675205638969867,8.743514606391459,32276000.0
2014-01-20,8.743515014648438,8.743515014648438,8.675206044037326,8.70936052934288,23546000.0
2014-01-21,8.743515014648438,8.777669499953992,8.675206044037326,8.743515014648438,22986000.0
2014-01-22,8.709360122680664,8.743514606391459,8.675205638969867,8.709360122680664,19427000.0
2014-01-23,8.777669906616211,8.880132715837272,8.709360932840402,8.709360932840402,67956000.0
2014-01-24,8.777669906616211,8.880132715837272,8.709360932840402,8.811823742061463,45724000.0
2014-01-27,8.436124801635742,8.606896553479036,8.401970320978577,8.606896553479036,99138000.0
2014-02-05,8.19704532623291,8.265354297861904,8.128736354603916,8.231199812047407,99630000.0
2014-02-06,8.231199264526367,8.29950758016901,8.197044780983749,8.197044780983749,43410000.0
2014-02-07,8.26535415649414,8.33366247551218,8.26535415649414,8.26535415649414,37139000.0
2014-02-10,8.26535415649414,8.33366247551218,8.26535415649414,8.26535415649414,15162000.0
2014-02-11,8.26535415649414,8.33366247551218,8.26535415649414,8.33366247551218,24485000.0
2014-02-12,8.333662986755371,8.367817474080969,8.26535466354684,8.333662986755371,34879000.0
2014-02-13,8.333662986755371,8.367817474080969,8.299508499429773,8.333662986755371,12172000.0
2014-02-14,8.401971817016602,8.436126303755245,8.333662843539313,8.333662843539313,41534000.0
2014-02-17,8.333662986755371,8.4702802846151,8.333662986755371,8.436126448732164,17741000.0
2014-02-18,8.333662986755371,8.367817474080969,8.26535466354684,8.333662986755371,26726000.0
2014-02-19,8.367817878723145,8.367817878723145,8.299508900768735,8.33366338974594,12939000.0
2014-02-20,8.333662986755371,8.367817474080969,8.299508499429773,8.367817474080969,18866000.0
2014-02-21,8.401971817016602,8.401971817016602,8.333662843539313,8.367817330277957,23412000.0
2014-02-24,8.367817878723145,8.436126856677554,8.33366338974594,8.401972367700349,20778000.0
2014-02-25,8.367817878723145,8.401972367700349,8.33366338974594,8.367817878723145,20066000.0
2014-02-26,8.436124801635742,8.572742072821871,8.367815840321411,8.401970320978577,62414000.0
2014-02-27,8.401971817016602,8.538589112528527,8.401971817016602,8.504434625789884,27761000.0
2014-03-03,8.538588523864746,8.64105132557408,8.436125722155412,8.436125722155412,99987000.0
2014-03-04,8.470279693603516,8.606897633373423,8.436125860103655,8.53858866348847,39048000.0
2014-03-05,8.504434585571289,8.606898045302659,8.504434585571289,8.538589072148413,33448000.0
2014-03-06,8.675207138061523,8.743516117287031,8.538589831053214,8.538589831053214,73491000.0
2014-03-07,8.641051292419434,8.777669229431167,8.606897459609103,8.743514745178233,73617000.0
2014-03-10,8.538588523864746,8.67520580995806,8.504434039480765,8.67520580995806,45788000.0
2014-03-11,8.709360122680664,8.743514606391459,8.538588355569278,8.60689732299087,58331000.0
2014-03-12,8.811823844909668,8.811823844909668,8.641052059919616,8.675206547206159,63302000.0
2014-03-13,8.914287567138672,9.016750380548384,8.845978590570411,8.845978590570411,183427000.0
2014-03-14,8.811823844909668,8.880132819482753,8.743515521779244,8.84597833219621,65196000.0
2014-03-17,8.845977783203125,8.914286753536866,8.811823298036256,8.845977783203125,44616000.0
2014-03-18,8.914287567138672,8.948442055422802,8.845978590570411,8.914287567138672,56831000.0
2014-03-19,8.777669906616211,8.914287202725177,8.777669906616211,8.914287202725177,43066000.0
2014-03-20,8.641051292419434,8.709360260925301,8.641051292419434,8.709360260925301,50424000.0
2014-03-21,8.538588523864746,8.70936029434204,8.538588523864746,8.67520580995806,49710000.0
2014-03-24,8.641051292419434,8.641051292419434,8.504434006850301,8.538588491103235,26289000.0
2014-03-25,8.675207138061523,8.709361627674276,8.572744320665967,8.606898810278722,22977000.0
2014-03-26,8.811823844909668,8.84597833219621,8.709361034492701,8.743515521779244,50572000.0
2014-03-27,8.811823844909668,8.880132819482753,8.777670009065787,8.84597833219621,33023000.0
2014-03-28,8.811823844909668,8.94844179405584,8.777670009065787,8.811823844909668,56324000.0
2014-03-31,8.777669906616211,8.880132715837272,8.743515419728308,8.845978228949368,40620000.0
2014-04-01,8.880131721496582,8.880131721496582,8.74351444068515,8.777668923748653,34499000.0
2014-04-02,8.811823844909668,8.914287306769298,8.811823844909668,8.880132819482753,49030000.0
2014-04-03,8.914287567138672,8.914287567138672,8.81182410228628,8.81182410228628,42293000.0
2014-04-07,8.845977783203125,8.914286753536866,8.811823298036256,8.845977783203125,41520000.0
2014-04-08,8.914287567138672,8.948442055422802,8.81182410228628,8.81182410228628,34018000.0
2014-04-09,8.948442459106445,8.948442459106445,8.845978989631705,8.948442459106445,47038000.0
2014-04-10,9.016749382019043,9.153366668583667,8.948441064458036,9.016749382019043,80788000.0
2014-04-11,8.948442459106445,8.98259629748865,8.88013347945662,8.948442459106445,32580000.0
2014-04-14,8.845977783203125,8.914286753536866,8.811823298036256,8.914286753536866,20626000.0
2014-04-15,8.845977783203125,8.880132268369996,8.777669464312005,8.880132268369996,28795000.0
2014-04-16,8.777669906616211,8.880132715837272,8.777669906616211,8.880132715837272,35449000.0
2014-04-17,8.777669906616211,8.845978228949368,8.777669906616211,8.845978228949368,27520000.0
2014-04-18,8.845977783203125,8.880132268369996,8.777669464312005,8.845977783203125,18092000.0
2014-04-21,8.811823844909668,8.880132819482753,8.777670009065787,8.84597833219621,15909000.0
2014-04-22,8.777669906616211,8.880132715837272,8.777669906616211,8.845978228949368,31869000.0
2014-04-23,9.016749382019043,9.08505835102266,8.845977610952612,8.880132095454421,90927000.0
2014-04-24,8.982596397399902,9.016750887604708,8.948442558637813,9.016750887604708,33380000.0
2014-04-25,8.743515014648438,8.98259510890208,8.606897724868839,8.914286789733591,62353000.0
2014-04-28,8.743515014648438,8.84597781912248,8.64105155873177,8.64105155873177,42048000.0
2014-04-29,8.914287567138672,9.016750380548384,8.777670265444831,8.845978590570411,63915000.0
2014-04-30,8.914287567138672,9.016750380548384,8.845978590570411,8.948442055422802,59517000.0
2014-05-02,8.982596397399902,9.016750887604708,8.880133578228202,8.948442558637813,93213000.0
2014-05-05,8.845977783203125,9.016749557594856,8.845977783203125,8.982595072427985,48509000.0
2014-05-06,8.914287567138672,8.914287567138672,8.81182410228628,8.880133078854541,42918000.0
2014-05-07,8.880131721496582,8.98259451924451,8.880131721496582,8.914286204560085,47239000.0
2014-05-08,9.153367042541504,9.153367042541504,8.948441430043705,8.982595264498247,98276000.0
2014-05-09,9.0509033203125,9.187520598632476,9.016748837871864,9.15336611619184,40563000.0
2014-05-12,8.948442459106445,9.08505976696339,8.914287969281531,9.08505976696339,35289000.0
2014-05-13,8.948442459106445,9.016750787313564,8.948442459106445,9.016750787313564,21001000.0
2014-05-14,9.119213104248047,9.119213104248047,8.982595162214977,8.982595162214977,44666000.0
2014-05-15,9.0509033203125,9.119212285193774,8.982594355431226,9.085057802753136,14644000.0
2014-05-16,9.0509033203125,9.0509033203125,8.94844052443316,8.982594355431226,20688000.0
2014-05-19,9.08505916595459,9.119213653520063,9.016750190823643,9.08505916595459,19326000.0
2014-05-20,9.08505916595459,9.119213653520063,9.016750190823643,9.08505916595459,23274000.0
2014-05-21,9.016749382019043,9.08505835102266,8.982594897517236,9.050903866520851,17443000.0
2014-05-22,9.119213104248047,9.153366938313686,9.050904133231512,9.08505861873978,38887000.0
2014-05-23,9.119213104248047,9.187521423821954,9.050904133231512,9.153366938313686,24868000.0
2014-05-26,9.153367042541504,9.153367042541504,9.085058722189784,9.153367042541504,27107000.0
2014-05-27,9.324138641357422,9.358293126598088,9.119213032798674,9.153366866596718,72153000.0
2014-05-28,9.665680885314941,9.69983536594229,9.358291862553882,9.358291862553882,123849000.0
2014-05-29,9.426603317260742,9.802301400653247,9.426603317260742,9.69983793166836,107562000.0
2014-05-30,9.597373962402344,9.699836767648572,9.39244770046726,9.494910505713488,96625000.0
2014-06-03,9.665680885314941,9.665680885314941,9.529063614248086,9.665680885314941,52370000.0
2014-06-04,9.768146514892578,9.768146514892578,9.665683050062592,9.733992026615915,48327000.0
2014-06-05,9.733992576599121,9.97307335660145,9.733992576599121,9.768147066805556,83143000.0
2014-06-06,9.973072052001953,9.973072052001953,9.768145789012916,9.90476308052473,53375000.0
2014-06-09,9.870609283447266,9.973072747811859,9.768146470525348,9.973072747811859,27886000.0
2014-06-10,9.802300453186035,9.973072233545077,9.733991480465361,9.938917747184739,40703000.0
2014-06-11,9.904763221740723,9.904763221740723,9.768145928281102,9.836454249289591,28868000.0
2014-06-12,10.280461311340332,10.31461579771209,9.973072236879803,9.973072236879803,146465000.0
2014-06-13,10.177997589111328,10.314615531066615,10.177997589111328,10.280461045577793,108704000.0
2014-06-16,10.041379928588867,10.246306182527947,10.041379928588867,10.177997214067386,68156000.0
2014-06-17,10.041379928588867,10.212151698297667,10.041379928588867,10.177997214067386,95294000.0
2014-06-18,9.904763221740723,10.109689487651472,9.836454249289591,10.109689487651472,91498000.0
2014-06-19,10.177997589111328,10.177997589111328,9.870608522597184,9.904763008086006,71719000.0
2014-06-20,9.938918113708496,10.246307199402024,9.938918113708496,10.246307199402024,43812000.0
2014-06-23,9.904763221740723,10.041380515200341,9.904763221740723,10.007226028974777,44851000.0
2014-06-24,9.938918113708496,10.04138092512545,9.87060913846875,9.938918113708496,32595000.0
2014-06-25,9.973072052001953,10.007225886297933,9.87060859478612,10.007225886297933,38197000.0
2014-06-26,10.314615249633789,10.485387020975788,10.007225540064102,10.041380024621024,137798000.0
2014-06-27,10.143844604492188,10.314616394793788,10.143844604492188,10.246307418096075,57083000.0
2014-06-30,10.212153434753418,10.280462414829111,10.143845106120438,10.143845106120438,72521000.0
2014-07-01,10.417078971862793,10.519541783140115,10.143844374161493,10.246307185438813,126616000.0
2014-07-02,10.451231956481934,10.792775480213745,10.417077473820237,10.519540270362752,167124000.0
2014-07-03,10.690313339233398,10.724467826070844,10.519541556488821,10.519541556488821,127596000.0
2014-07-04,11.270936965942383,11.407554904865473,10.79277613403941,10.79277613403941,198808000.0
2014-07-07,11.23571491241455,11.411823970527811,11.130050149346774,11.341380347282508,127768000.0
2014-07-08,10.989164352416992,11.34138114997138,10.953942538301508,11.27093752174041,82270000.0
2014-07-09,10.918720245361328,11.05960682384466,10.848276620219563,10.989163870503093,61225000.0
2014-07-10,11.059606552124023,11.20049312714595,10.953941788807624,11.165271987240605,84558000.0
2014-07-11,10.777832984924316,10.989163175177765,10.636946415355403,10.989163175177765,81759000.0
2014-07-14,11.165271759033203,11.482266042503344,10.883497942948354,10.918719753933981,98833000.0
2014-07-15,11.059606552124023,11.270936750557004,11.024384740418498,11.20049312714595,48485000.0
2014-07-16,10.883499145507812,11.059607548094672,10.848277330630392,11.024385733217251,41718000.0
2014-07-17,10.636946678161621,10.777833251211408,10.60172486694913,10.777833251211408,88359000.0
2014-07-18,10.7426118850708,10.7426118850708,10.425616914625474,10.496059868168768,55576000.0
2014-07-21,10.953943252563477,11.270938256672332,10.953943252563477,11.059608029999671,116940000.0
2014-07-22,11.059606552124023,11.130050175535077,10.918719977102098,10.989163600513152,57611000.0
2014-07-23,11.059606552124023,11.059606552124023,11.059606552124023,11.059606552124023,0.0
2014-07-24,11.024385452270508,11.094829080230154,10.953942496111086,11.024385452270508,42755000.0
2014-07-25,10.7426118850708,10.989163901972834,10.707390072399054,10.989163901972834,52967000.0
2014-07-28,10.46083927154541,10.67216881497038,10.46083927154541,10.636947672266375,77758000.0
2014-07-29,10.319951057434082,10.566503064321656,10.284729917993149,10.460838302398509,67850000.0
2014-07-30,10.49605941772461,10.531281228884794,10.355172844884043,10.355172844884043,53617000.0
2014-07-31,9.89729118347168,10.214286136093872,9.791625751397508,10.214286136093872,180511000.0
2014-08-01,9.545073509216309,9.615516452076148,9.50985170188634,9.545073509216309,144747000.0
2014-08-04,9.580297470092773,9.580297470092773,9.404189065655777,9.439410209102975,106515000.0
2014-08-05,9.29852294921875,9.509853153660126,9.29852294921875,9.474631340953197,109139000.0
2014-08-06,9.40418815612793,9.474631108009676,9.26330090876407,9.298522720605034,67248000.0
2014-08-07,9.368967056274414,9.580297271579898,9.368967056274414,9.47463182802704,63694000.0
2014-08-08,9.228080749511719,9.36896734004925,9.157637118342826,9.298523708880357,88209000.0
2014-08-11,9.333744049072266,9.36896585908917,9.157635670787883,9.157635670787883,54440000.0
2014-08-12,9.192858695983887,9.333745282874778,9.192858695983887,9.333745282874778,39163000.0
2014-08-13,9.263301849365234,9.298523664782644,9.192858890330669,9.228080705748077,25730000.0
2014-08-14,9.368967056274414,9.509853642544659,9.298523427239175,9.298523427239175,59771000.0
2014-08-15,9.29852294921875,9.404188387339538,9.29852294921875,9.368966574632609,23166000.0
2014-08-18,9.228080749511719,9.36896734004925,9.228080749511719,9.298523708880357,24042000.0
2014-08-19,9.29852294921875,9.368966574632609,9.228079995605091,9.33374476192568,23109000.0
2014-08-20,9.333744049072266,9.439408807322835,9.333744049072266,9.36896585908917,39156000.0
2014-08-21,9.29852294921875,9.404188387339538,9.29852294921875,9.368966574632609,22918000.0
2014-08-22,9.50985336303711,9.650739945166507,9.29852315394291,9.29852315394291,90693000.0
2014-08-25,9.474631309509277,9.509853122099315,9.43940949691924,9.509853122099315,25885000.0
2014-08-26,9.545073509216309,9.615516452076148,9.439408087226402,9.47462989455637,50357000.0
2014-08-27,9.580297470092773,9.721184059282322,9.580297470092773,9.580297470092773,67756000.0
2014-08-28,9.615517616271973,9.650739427866412,9.509852853288836,9.580296476477713,48126000.0
2014-08-29,9.615517616271973,9.756404862649728,9.545074664883273,9.580296476477713,43951000.0
2014-09-01,9.685962677001953,9.756406310645716,9.650740860180072,9.685962677001953,42995000.0
2014-09-02,9.439409255981445,9.68596126601835,9.439409255981445,9.68596126601835,50193000.0
2014-09-03,9.474631309509277,9.509853122099315,9.404188356129401,9.509853122099315,48218000.0
2014-09-04,9.439409255981445,9.50985287936347,9.404188116090616,9.50985287936347,21548000.0
2014-09-05,9.368967056274414,9.509853642544659,9.368967056274414,9.509853642544659,32909000.0
2014-09-09,9.40418815612793,9.474631108009676,9.40418815612793,9.43940929616871,21218000.0
2014-09-10,9.333744049072266,9.404187669106078,9.298522239055359,9.36896585908917,29065000.0
2014-09-11,9.29852294921875,9.368966574632609,9.26330113651182,9.33374476192568,19353000.0
2014-09-12,9.122414588928223,9.333744794098031,9.087192776099888,9.298522981269695,55423000.0
2014-09-15,9.087193489074707,9.12241530466652,8.98152871409952,9.087193489074707,35027000.0
2014-09-16,8.875864028930664,9.087193581019276,8.875864028930664,9.087193581019276,38596000.0
2014-09-17,9.087193489074707,9.192858935850149,8.946306898507707,9.016750529691334,46844000.0
2014-09-18,9.051971435546875,9.1576361999026,9.016749623494904,9.1576361999026,16950000.0
2014-09-19,9.122414588928223,9.192858214584893,9.087192776099888,9.122414588928223,32154000.0
2014-09-22,8.981527328491211,9.122413897323199,8.946305518333176,9.122413897323199,30263000.0
2014-09-23,8.981527328491211,9.05197094880728,8.946305518333176,8.981527328491211,23224000.0
2014-09-24,9.016749382019043,9.051971193127745,8.981527570910341,8.981527570910341,23141000.0
2014-09-25,8.946307182312012,9.087193777348368,8.875864220693973,9.051972632439487,43621000.0
2014-09-26,8.911084175109863,9.016749611120765,8.805419410899148,8.875863034906416,27481000.0
2014-09-29,8.875864028930664,8.981528804974971,8.875864028930664,8.94630698902678,32268000.0
2014-09-30,8.875864028930664,8.94630698902678,8.699755620989977,8.911085173078591,56792000.0
2014-10-01,8.840641021728516,8.946305783534763,8.805419210526376,8.840641021728516,29947000.0
2014-10-02,8.946307182312012,8.946307182312012,8.770198770566498,8.805420587275657,26872000.0
2014-10-03,9.087193489074707,9.157637120258334,8.911085082915893,8.911085082915893,50995000.0
2014-10-06,9.087193489074707,9.157637120258334,9.016750529691334,9.087193489074707,27623000.0
2014-10-07,9.016749382019043,9.087192332436276,8.94630575980164,9.016749382019043,24531000.0
2014-10-08,9.087193489074707,9.192858935850149,8.911085082915893,8.946306898507707,37929000.0
2014-10-09,9.087193489074707,9.228080751441961,9.087193489074707,9.157637120258334,54941000.0
2014-10-13,8.664533615112305,8.805420204016519,8.629311799936188,8.805420204016519,61423000.0
2014-10-14,8.840641021728516,8.911083972332623,8.699754448720128,8.734975588122095,49759000.0
2014-10-15,8.734975814819336,8.840641251168071,8.664532862387034,8.805419439051827,57046000.0
2014-10-16,8.664533615112305,8.770198388840404,8.558868169583958,8.664533615112305,45597000.0
2014-10-17,8.488424301147461,8.770197448752285,8.488424301147461,8.770197448752285,55758000.0
2014-10-20,8.699753761291504,8.734974897910403,8.594088336034451,8.62931014445347,39974000.0
2014-10-21,8.664533615112305,8.734976573664287,8.629311799936188,8.69975543028842,12980000.0
2014-10-22,8.770197868347168,8.840641494518714,8.734976055261395,8.734976055261395,43018000.0
2014-10-23,8.805418968200684,8.840640778433517,8.699754209302336,8.734975347735016,22387000.0
2014-10-24,8.699753761291504,8.840640323167456,8.699753761291504,8.805418514748437,19606000.0
2014-10-27,8.699753761291504,8.805418514748437,8.699753761291504,8.805418514748437,16566000.0
2014-10-28,8.770197868347168,8.80541968143294,8.734976055261395,8.770197868347168,21187000.0
2014-10-29,8.911084175109863,8.981527799117131,8.805419410899148,8.840641222902782,47180000.0
2014-10-30,9.29852294921875,9.29852294921875,9.087192744777374,9.157636370191232,123118000.0
2014-10-31,9.439409255981445,9.439409255981445,9.228079729435736,9.368966304399603,52993000.0
2014-11-03,9.40418815612793,9.50985291985064,9.333744532446,9.50985291985064,49726000.0
2014-11-04,9.40418815612793,9.474631108009676,9.298522720605034,9.40418815612793,35281000.0
2014-11-05,9.439409255981445,9.439409255981445,9.298522681017579,9.439409255981445,31427000.0
2014-11-06,9.368967056274414,9.43941001350942,9.298523427239175,9.404188870792034,30993000.0
2014-11-07,9.333744049072266,9.404187669106078,9.298522239055359,9.298522239055359,17392000.0
2014-11-10,9.580297470092773,9.721184059282322,9.368967250408327,9.404189065655777,99409000.0
2014-11-11,9.580297470092773,9.650740428787424,9.474632024350425,9.615518613539974,50033000.0
2014-11-12,9.474631309509277,9.615517888069228,9.474631309509277,9.509853122099315,31632000.0
2014-11-13,9.50985336303711,9.545075176519513,9.439409736072305,9.50985336303711,21834000.0
2014-11-14,9.615517616271973,9.650739427866412,9.474631041694396,9.509852853288836,48811000.0
2014-11-17,9.40418815612793,9.650739495414317,9.368966344286964,9.650739495414317,35675000.0
2014-11-18,9.29852294921875,9.474631340953197,9.192858182898162,9.439409528246268,39647000.0
2014-11-19,9.474631309509277,9.474631309509277,9.263301105769253,9.29852291835929,47537000.0
2014-11-20,9.89729118347168,9.932512994163071,9.474630798775317,9.509852609466707,179240000.0
2014-11-21,9.89729118347168,9.967734133054298,9.791625751397508,9.932512994163071,76747000.0
2014-11-24,9.791626930236816,9.967735333095755,9.791626930236816,9.932514189964161,39244000.0
2014-11-25,9.862069129943848,9.862069129943848,9.756404372271652,9.862069129943848,28237000.0
2014-11-26,9.756404876708984,9.862069639844387,9.756404876708984,9.826847828199192,27823000.0
2014-11-27,9.826848983764648,10.038179206686522,9.791627167977627,9.86207079955167,85455000.0
2014-11-28,9.685962677001953,9.86207108931108,9.685962677001953,9.86207108931108,55033000.0
2014-12-01,9.615517616271973,9.756404862649728,9.439409230099956,9.474631041694396,49268000.0
2014-12-02,9.545073509216309,9.650738259406118,9.47462989455637,9.615516452076148,41457000.0
2014-12-03,9.791626930236816,9.791626930236816,9.580297384246286,9.650740342309716,35677000.0
2014-12-04,10.143842697143555,10.319951081967575,9.86206955014519,9.86206955014519,168026000.0
2014-12-05,10.038179397583008,10.21428780806692,10.038179397583008,10.108623030496682,64596000.0
2014-12-08,10.038179397583008,10.319952585637159,10.038179397583008,10.143844175153248,77734000.0
2014-12-09,10.038179397583008,10.108623030496682,9.967735764669335,9.967735764669335,40105000.0
2014-12-10,9.756404876708984,10.002956214624986,9.756404876708984,9.96773440297979,52000000.0
2014-12-11,9.756404876708984,9.862069639844387,9.615517630128206,9.721183065063789,36887000.0
2014-12-12,9.721184730529785,9.897293147127062,9.721184730529785,9.862071329447547,27171000.0
2014-12-15,10.108621597290039,10.179064548415996,9.721183014796662,9.721183014796662,67593000.0
2014-12-16,9.826848983764648,10.108622838260565,9.826848983764648,10.073401022473544,86917000.0
2014-12-17,9.580297470092773,9.826848833224421,9.580297470092773,9.75640587452977,74664000.0
2014-12-18,9.826848983764648,9.897292615338692,9.72118420820384,9.756406023990865,60406000.0
2014-12-19,10.038179397583008,10.143844175153248,9.897292803555933,9.93251462001277,103833000.0
2014-12-22,10.179065704345703,10.28473115073422,10.07340092975744,10.143843888882865,73673000.0
2014-12-23,10.390396118164062,10.425617934280604,10.249509525498162,10.249509525498162,102110000.0
2014-12-24,10.46083927154541,10.566504043257895,10.39039564253693,10.42561745704117,71215000.0
2014-12-25,10.355173110961914,10.566503311553012,10.319951298896699,10.496059687422584,27202000.0
2014-12-26,10.425617218017578,10.425617218017578,10.249508821334175,10.35517359062413,27794000.0
2014-12-29,10.355173110961914,10.566503311553012,10.355173110961914,10.425616735092342,63979000.0
2014-12-30,10.214286804199219,10.531281777555705,10.108622037013792,10.460838823365489,60563000.0
2014-12-31,10.390396118164062,10.425617934280604,10.21428770938162,10.249509525498162,45368000.0
2015-01-05,10.7426118850708,10.883498463957592,10.31995147661023,10.390395101953725,115816000.0
2015-01-06,10.390396118164062,10.636948159179587,10.390396118164062,10.566504526946504,73895000.0
2015-01-07,10.425617218017578,10.531281987307533,10.319951776927404,10.390395404320854,46863000.0
2015-01-08,10.49605941772461,10.636946662365347,10.49605941772461,10.566503040044978,65614000.0
2015-01-09,10.636946678161621,10.777833251211408,10.566503055736641,10.707389628786428,93567000.0
2015-01-12,11.094828605651855,11.341380621164197,10.74261182452005,10.74261182452005,232802000.0
2015-01-13,10.953943252563477,11.235716440260177,10.918721436151323,11.130051662823982,102386000.0
2015-01-14,10.7426118850708,10.918720276629339,10.672168259727306,10.883498463957592,106271000.0
2015-01-15,10.601725578308105,10.883498743314213,10.601725578308105,10.74261216081116,96255000.0
2015-01-16,10.355173110961914,10.883498276539564,10.355173110961914,10.63694693568344,161590000.0
2015-01-19,10.601725578308105,10.672168533659525,10.496060137580653,10.53128195115647,79718000.0
2015-01-20,10.707389831542969,10.777833455301879,10.672168019663514,10.742611643422423,45314000.0
2015-01-21,10.672167778015137,10.813055022342866,10.601724827651442,10.777833211260933,47758000.0
2015-01-22,10.883499145507812,10.953942775262652,10.742612557798374,10.777834372675795,85502000.0
2015-01-23,10.989164352416992,11.059607308847733,10.918720724186024,11.024385494732249,95295000.0
2015-01-26,10.918720245361328,11.05960682384466,10.848276620219563,10.918720245361328,55949000.0
2015-01-27,10.883499145507812,10.989164590140073,10.777834372675795,10.989164590140073,58564000.0
2015-01-28,11.024385452270508,11.024385452270508,10.777834098012194,10.848277054171616,87927000.0
2015-01-29,10.813055038452148,11.059606372792647,10.742611416183337,11.024384561658241,101729000.0
2015-01-30,10.84827709197998,10.989164348390291,10.81305594967763,10.918720720185135,84579000.0
2015-02-02,10.883499145507812,10.953942775262652,10.813056187553213,10.883499145507812,55795000.0
2015-02-03,11.024385452270508,11.094829080230154,10.953942496111086,10.953942496111086,99918000.0
2015-02-04,11.024385452270508,11.2004938503694,11.024385452270508,11.1652727081898,106648000.0
2015-02-05,11.094828605651855,11.130050418125075,10.989163840032392,11.130050418125075,52986000.0
2015-02-06,11.024385452270508,11.130050894209978,11.024385452270508,11.130050894209978,43503000.0
2015-02-09,11.024385452270508,11.094829080230154,10.953942496111086,11.024385452270508,38957000.0
2015-02-10,10.84827709197998,11.130050933000378,10.84827709197998,11.094829118897799,42900000.0
2015-02-11,11.094828605651855,11.130050418125075,10.918720215085953,10.989163840032392,73934000.0
2015-02-12,11.024385452270508,11.1652727081898,10.98916431009091,11.1652727081898,40397000.0
2015-02-13,10.989164352416992,11.094829122963217,10.918720724186024,11.059607308847733,45647000.0
2015-02-24,11.165271759033203,11.165271759033203,10.989163375905235,11.130049948047576,70595000.0
2015-02-25,11.306159019470215,11.306159019470215,11.130051286957217,11.165273102179915,88001000.0
2015-02-26,11.270936965942383,11.306158106520797,11.130050388228142,11.270936965942383,67130000.0
2015-03-02,11.165271759033203,11.34138014216117,11.094828137061949,11.306157659375376,60203000.0
2015-03-03,11.165271759033203,11.23571470920429,11.059606326076322,11.200492898218663,47857000.0
2015-03-04,11.094828605651855,11.235715183744539,11.094828605651855,11.130050418125075,50751000.0
2015-03-05,11.024385452270508,11.1652727081898,11.024385452270508,11.059607266250332,51109000.0
2015-03-06,11.024385452270508,11.094829080230154,10.953942496111086,11.024385452270508,55247000.0
2015-03-09,11.059606552124023,11.059606552124023,10.918719977102098,10.989163600513152,58867000.0
2015-03-10,11.059606552124023,11.20049312714595,11.059606552124023,11.094828363829551,61412000.0
2015-03-11,11.024385452270508,11.2004938503694,10.953942496111086,10.98916431009091,56671000.0
2015-03-12,11.130049705505371,11.200492654141389,11.024384274851114,11.024384274851114,43902000.0
2015-03-13,11.059606552124023,11.20049312714595,11.059606552124023,11.165271987240605,22110000.0
2015-03-16,11.024385452270508,11.094829080230154,10.98916431009091,11.094829080230154,29455000.0
2015-03-17,11.024385452270508,11.130050894209978,11.024385452270508,11.059607266250332,26191000.0
2015-03-18,11.094828605651855,11.130050418125075,10.953942027559172,11.024384980705417,50814000.0
2015-03-19,11.165271759033203,11.23571470920429,11.094828137061949,11.200492898218663,46486000.0
2015-03-20,11.024385452270508,11.1652727081898,10.98916431009091,11.094829080230154,38471000.0
2015-03-23,11.094828605651855,11.130050418125075,11.024384980705417,11.094828605651855,29920000.0
2015-03-24,11.059606552124023,11.130050175535077,10.989163600513152,11.094828363829551,28070000.0
2015-03-25,10.989164352416992,11.130050937078702,10.989164352416992,11.094829122963217,30187000.0
2015-03-26,10.7426118850708,10.813055510414296,10.60172530618401,10.777833697742548,76941000.0
2015-03-27,10.707389831542969,10.883498219140058,10.707389831542969,10.777833455301879,59408000.0
2015-03-30,10.777832984924316,10.883497744150963,10.707389364239782,10.777832984924316,35479000.0
2015-03-31,10.918720245361328,10.918720245361328,10.777833666877996,10.883498432790445,43287000.0
2015-04-01,10.7426118850708,10.883498463957592,10.7426118850708,10.883498463957592,23013000.0
2015-04-02,10.918720245361328,10.918720245361328,10.777833666877996,10.813055479448877,32865000.0
2015-04-07,11.130049705505371,11.130049705505371,11.024384274851114,11.0596060850692,43496000.0
2015-04-08,11.024385452270508,11.094829080230154,10.98916431009091,11.059607266250332,34418000.0
2015-04-09,10.84827709197998,11.024385490692643,10.84827709197998,10.989164348390291,42211000.0
2015-04-10,10.7426118850708,10.953942089301085,10.707390072399054,10.883498463957592,37189000.0
2015-04-13,10.7426118850708,10.883498463957592,10.707390072399054,10.777833697742548,50510000.0
2015-04-14,10.636946678161621,10.813055062423897,10.60172486694913,10.742611439998917,50272000.0
2015-04-15,10.24950885772705,10.5312820247009,10.214287043905264,10.5312820247009,116661000.0
2015-04-16,10.355173110961914,10.355173110961914,10.24950834656646,10.319951298896699,50387000.0
2015-04-17,10.073400497436523,10.179065267489962,10.038178683485302,10.179065267489962,67175000.0
2015-04-20,9.862069129943848,9.967733887616046,9.721182562447536,9.897290939767963,86143000.0
2015-04-21,9.89729118347168,9.967734133054298,9.791625751397508,9.86206937278029,51767000.0
2015-04-22,9.932513236999512,10.038177999856881,9.897291425446996,9.932513236999512,45402000.0
2015-04-23,10.284729957580566,10.284729957580566,10.002956138367297,10.038177949743979,78217000.0
2015-04-24,10.319951057434082,10.496059441839444,10.284729917993149,10.355172868675188,101324000.0
2015-04-27,10.49605941772461,10.566503040044978,10.355172844884043,10.355172844884043,78787000.0
2015-04-28,10.46083927154541,10.636947672266375,10.46083927154541,10.601725857762135,46088000.0
2015-04-29,10.319951057434082,10.53128125308055,10.284729917993149,10.460838302398509,44081000.0
2015-04-30,10.284729957580566,10.460838342663795,10.143842712073845,10.460838342663795,78270000.0
2015-05-04,10.073400497436523,10.355173665445845,10.073400497436523,10.319951851494624,54001000.0
2015-05-05,10.073400497436523,10.108622311387744,10.00295686953408,10.038178683485302,33861000.0
2015-05-06,10.108621597290039,10.214286359879063,10.00295616290084,10.038177974363906,28514000.0
2015-05-07,9.89729118347168,10.038177754437081,9.86206937278029,10.038177754437081,61619000.0
2015-05-08,9.756404876708984,9.96773440297979,9.756404876708984,9.897291451489583,60457000.0
2015-05-11,9.862069129943848,9.967733887616046,9.826847320119734,9.897290939767963,57001000.0
2015-05-12,9.685962677001953,9.756406310645716,9.368967669205581,9.509854264692827,149168000.0
2015-05-13,9.826848983764648,9.897292615338692,9.615518760842775,9.685962392416819,62574000.0
2015-05-14,9.685962677001953,9.86207108931108,9.685962677001953,9.826849272489198,51691000.0
2015-05-15,9.685962677001953,9.791627455667317,9.650740860180072,9.685962677001953,32410000.0
2015-05-18,9.580297470092773,9.721184059282322,9.580297470092773,9.685962244034872,33793000.0
2015-05-19,9.826848983764648,9.932514431125714,9.650740576629797,9.685962392416819,53209000.0
2015-05-20,9.791626930236816,9.932514189964161,9.756405787105225,9.826848745168654,32236000.0
2015-05-21,9.721184730529785,9.791627694088518,9.615519277491241,9.756406548209299,34083000.0
2015-05-22,9.791626930236816,9.826848745168654,9.721183972173389,9.791626930236816,37323000.0
2015-05-25,9.721184730529785,9.862071329447547,9.721184730529785,9.862071329447547,17890000.0
2015-05-26,9.791626930236816,9.86207056010049,9.756405787105225,9.826848745168654,20160000.0
2015-05-27,9.826848983764648,9.86207079955167,9.72118420820384,9.826848983764648,22600000.0
2015-05-28,9.932513236999512,9.96773437675185,9.86206961389448,9.932513236999512,42407000.0
2015-05-29,9.791626930236816,9.967735333095755,9.791626930236816,9.932514189964161,45210000.0
2015-06-01,9.685962677001953,9.791627455667317,9.61551904335819,9.756406310645716,45615000.0
2015-06-02,9.650739669799805,9.826848060386663,9.615517857322393,9.685961482277214,50282000.0
2015-06-03,9.721184730529785,9.791627694088518,9.650741095170755,9.68596291285027,33379000.0
2015-06-04,9.474631309509277,9.685961513249302,9.43940949691924,9.650739700659265,67634000.0
2015-06-05,9.40418815612793,9.58029654353257,9.40418815612793,9.43940929616871,45509000.0
2015-06-08,9.29852294921875,9.439409528246268,9.26330113651182,9.368966574632609,46156000.0
2015-06-09,9.192858695983887,9.439410055092889,9.122415066638322,9.298523468201996,63108000.0
2015-06-10,9.333744049072266,9.333744049072266,9.157635670787883,9.228079290821695,63271000.0
2015-06-11,9.228080749511719,9.404189155633697,9.192858933927273,9.36896734004925,42656000.0
2015-06-12,9.228080749511719,9.26330189329591,9.157637118342826,9.228080749511719,29924000.0
2015-06-15,9.29852294921875,9.29852294921875,9.192858182898162,9.228079995605091,34718000.0
2015-06-16,9.157635688781738,9.298522257326042,9.157635688781738,9.228079308953966,24865000.0
2015-06-17,9.122414588928223,9.228080027413228,9.122414588928223,9.157636401756559,35305000.0
2015-06-18,9.157635688781738,9.228079308953966,9.157635688781738,9.157635688781738,32686000.0
2015-06-22,9.263301849365234,9.333745480200053,9.157637074913259,9.157637074913259,50412000.0
2015-06-23,9.368967056274414,9.404188870792034,9.298523427239175,9.333745241756795,39557000.0
2015-06-24,9.333744049072266,9.404187669106078,9.263300429038452,9.36896585908917,24060000.0
2015-06-25,9.545073509216309,9.545073509216309,9.333743337036593,9.40418695169653,58866000.0
2015-06-26,9.333744049072266,9.545074237373553,9.333744049072266,9.509852427356648,40585000.0
2015-06-29,9.051971435546875,9.22807982400654,9.016749623494904,9.19285801195457,66143000.0
2015-06-30,9.192858695983887,9.22808051065667,9.016750294420211,9.051972109092993,50477000.0
2015-07-01,9.333744049072266,9.36896585908917,9.19285748080479,9.228079290821695,38499000.0
2015-07-02,9.263301849365234,9.368967295617463,9.263301849365234,9.263301849365234,43837000.0
2015-07-03,9.368967056274414,9.368967056274414,9.263301612721556,9.298523427239175,24991000.0
2015-07-06,9.192858695983887,9.368967097547563,9.157636881311104,9.298523468201996,39201000.0
2015-07-07,9.087193489074707,9.298523710825334,9.087193489074707,9.192858935850149,51195000.0
2015-07-08,8.734975814819336,9.087192592381408,8.664532862387034,9.051971452065352,102428000.0
2015-07-09,8.770197868347168,8.80541968143294,8.488424707261396,8.629311287804283,57744000.0
2015-07-10,8.770197868347168,8.770197868347168,8.770197868347168,8.770197868347168,0.0
2015-07-13,8.840641021728516,8.875862832930656,8.805419210526376,8.805419210526376,94328000.0
2015-07-14,8.950922966003418,9.098263828424738,8.950922966003418,8.987758181608747,56621000.0
2015-07-15,8.98775863647461,9.061429071413693,8.914088904108864,9.061429071413693,41339000.0
2015-07-16,8.98775863647461,9.098264288883234,8.950923419005068,9.061429071413693,28863000.0
2015-07-17,8.84041690826416,8.98775704955392,8.803581697298416,8.914087330195645,61789000.0
2015-07-20,8.803583145141602,8.914088796212665,8.766747928117914,8.914088796212665,49237000.0
2015-07-21,8.877253532409668,8.877253532409668,8.766747881920923,8.840418315580086,50197000.0
2015-07-22,8.472066879272461,8.840417613153871,8.435231665369665,8.803582399251077,121011000.0
2015-07-23,8.214221000671387,8.545737219838992,8.177386489717886,8.472066792785467,86616000.0
2015-07-24,8.324727058410645,8.324727058410645,8.214221412292826,8.251056627665433,37902000.0
2015-07-27,8.177387237548828,8.36156261945242,8.177387237548828,8.324727402557036,41269000.0
2015-07-28,8.030046463012695,8.214221847050355,8.030046463012695,8.103716897657094,77540000.0
2015-07-29,7.919541835784912,8.103717227314794,7.919541835784913,8.103717227314794,48460000.0
2015-07-30,8.36156177520752,8.398396285810493,8.17738641189963,8.17738641189963,82093000.0
2015-07-31,8.28789234161377,8.435232509394456,8.177387391421588,8.398397291805951,55012000.0
2015-08-03,8.251056671142578,8.398396830836084,8.177386942582476,8.361562317842683,58378000.0
2015-08-04,8.214221000671387,8.287891427724913,8.10371606266436,8.251056214198151,54990000.0
2015-08-05,8.28789234161377,8.28789234161377,8.103716956244574,8.103716956244574,38725000.0
2015-08-06,8.28789234161377,8.324727559202275,8.177387391421588,8.28789234161377,38701000.0
2015-08-07,8.251056671142578,8.28789188670928,8.177386942582476,8.251056671142578,37168000.0
2015-08-10,8.251056671142578,8.251056671142578,8.177386942582476,8.177386942582476,35389000.0
2015-08-11,8.251056671142578,8.361562317842683,8.251056671142578,8.32472710227598,41594000.0
2015-08-12,8.28789234161377,8.324727559202275,8.177387391421588,8.251057124025262,39454000.0
2015-08-13,8.251056671142578,8.32472710227598,8.251056671142578,8.32472710227598,37390000.0
2015-08-14,8.251056671142578,8.28789188670928,8.251056671142578,8.28789188670928,26041000.0
2015-08-17,8.177387237548828,8.287892185661653,8.177387237548828,8.287892185661653,19154000.0
2015-08-18,8.214221000671387,8.251056214198151,8.177386489717886,8.177386489717886,25217000.0
2015-08-19,8.030046463012695,8.17738733230149,7.882706296297233,8.17738733230149,70985000.0
2015-08-20,7.99321174621582,8.103716692815802,7.919541313433624,7.956376529824722,31974000.0
2015-08-21,7.661694526672363,7.919540306037767,7.661694526672363,7.882705094332248,71517000.0
2015-08-24,7.4038496017456055,7.588024961477719,7.308078330376117,7.514354536555577,84715000.0
2015-08-25,7.698531150817871,7.809036806208763,7.440686026719168,7.440686026719168,58250000.0
2015-08-26,7.661694526672363,7.735364950083401,7.514354382423515,7.624860017540072,45242000.0
2015-08-27,7.772201061248779,7.845870790612227,7.735365845280402,7.772201061248779,37155000.0
2015-08-28,7.956376075744629,7.993211290033496,7.809035921162432,7.882705647166892,40601000.0
2015-08-31,7.919541835784912,7.99321227342621,7.809036881896328,7.99321227342621,49954000.0
2015-09-01,7.919541835784912,7.956377054605562,7.77220166307568,7.809036881896328,36536000.0
2015-09-02,7.956376075744629,7.993211290033496,7.809035921162432,7.845870432878025,27703000.0
2015-09-03,8.36156177520752,8.36156177520752,7.95637583541551,8.030045559194713,66472000.0
2015-09-04,8.140551567077637,8.36156215356233,8.10371635223464,8.324726938719333,36401000.0
2015-09-07,8.103714942932129,8.21421986567012,7.993210020194138,8.066879734495078,28773000.0
2015-09-08,8.177387237548828,8.177387237548828,8.030046369967293,8.103716803758061,19979000.0
2015-09-09,8.398397445678711,8.508903100468881,8.287892493461893,8.361562929988672,72200000.0
2015-09-10,8.472066879272461,8.472066879272461,8.214221084526164,8.32472672623455,44900000.0
2015-09-11,8.472066879272461,8.508902093175255,8.361561940137344,8.398396451466871,24258000.0
2015-09-14,8.472066879272461,8.545737307078051,8.398396451466871,8.472066879272461,26059000.0
2015-09-15,8.435232162475586,8.508902594622729,8.398396946402015,8.472067378549157,26254000.0
2015-09-16,8.398397445678711,8.54573831873227,8.361562929988672,8.508903100468881,29333000.0
2015-09-17,8.508902549743652,8.545737765622942,8.435232117985075,8.508902549743652,41720000.0
2015-09-18,8.545737266540527,8.545737266540527,8.435231625356337,8.508902052812463,30194000.0
2015-09-21,8.251056671142578,8.472067261969485,8.251056671142578,8.435232046402785,33174000.0
2015-09-22,8.324727058410645,8.361562273783251,8.214221412292826,8.361562273783251,33264000.0
2015-09-23,8.066880226135254,8.251055576972009,8.030045015453261,8.177385858181232,44172000.0
2015-09-24,7.956376075744629,8.140551444615692,7.956376075744629,8.103716230326825,37675000.0
2015-09-25,8.066880226135254,8.066880226135254,7.919540085980491,7.993210507344476,31365000.0
2015-09-29,8.066880226135254,8.066880226135254,8.066880226135254,8.066880226135254,0.0
2015-09-30,7.956376075744629,8.030045801749088,7.882705647166892,7.882705647166892,63332000.0
2015-10-01,8.030046463012695,8.140552114979291,7.9563767309416304,7.99321194826383,37837000.0
2015-10-02,8.066880226135254,8.103715436817247,7.993210507344476,8.066880226135254,22523000.0
2015-10-05,8.214221000671387,8.251056214198151,8.066880849137597,8.10371606266436,28647000.0
2015-10-06,8.28789234161377,8.361562776790782,8.214221906436755,8.324727559202275,26124000.0
2015-10-07,8.324727058410645,8.324727058410645,8.177386899493516,8.287891843038038,30446000.0
2015-10-08,8.28789234161377,8.398397291805951,8.251057124025262,8.398397291805951,20119000.0
2015-10-12,8.398397445678711,8.398397445678711,8.251057275198503,8.287892493461893,47232000.0
2015-10-13,8.435232162475586,8.435232162475586,8.324727216828181,8.398396946402015,24714000.0
2015-10-14,8.76674747467041,8.840417904907287,8.435231943751045,8.435231943751045,123751000.0
2015-10-15,9.061429023742676,9.061429023742676,8.877253639937228,8.877253639937228,107393000.0
2015-10-16,8.950922966003418,9.061428612819407,8.877253237366059,9.061428612819407,56152000.0
2015-10-19,9.09826374053955,9.135098253215775,8.950922879541478,8.950922879541478,40800000.0
2015-10-20,9.024592399597168,9.17193254315758,9.024592399597168,9.17193254315758,35738000.0
2015-10-21,8.877253532409668,9.061428913984253,8.840418315580086,9.061428913984253,29115000.0
2015-10-22,8.950922966003418,8.987758181608747,8.877253237366059,8.877253237366059,20126000.0
2015-10-23,9.09826374053955,9.171933468465292,9.061428525290033,9.135098253215775,44377000.0
2015-10-26,9.171934127807617,9.208769345705106,9.098264394585982,9.171934127807617,29312000.0
2015-10-27,9.208768844604492,9.208768844604492,9.061428683605483,9.171933628711413,20233000.0
2015-10-28,8.914088249206543,9.135098132639913,8.87725303444322,9.135098132639913,34425000.0
2015-10-29,8.76674747467041,8.914088335144164,8.693077747006825,8.877253120025726,53855000.0
2015-10-30,8.76674747467041,8.840417904907287,8.729912962125264,8.76674747467041,23268000.0
2015-11-02,8.877253532409668,8.98775848032509,8.803583098750504,8.840418315580086,26479000.0
2015-11-03,9.061429023742676,9.061429023742676,8.877253639937228,8.877253639937228,36480000.0
2015-11-04,9.13509750366211,9.28243835257056,9.098262994008234,9.13509750366211,73596000.0
2015-11-05,9.282439231872559,9.356108960732094,9.1719335847233,9.245604016156138,50104000.0
2015-11-06,9.13509750366211,9.245603140343448,9.098262994008234,9.208767928116334,37522000.0
2015-11-09,8.950922966003418,9.208768772667426,8.950922966003418,9.061428612819407,30231000.0
2015-11-10,8.877253532409668,8.98775848032509,8.840418315580086,8.950923263495508,37662000.0
2015-11-11,8.84041690826416,8.98775704955392,8.766746486332673,8.914087330195645,29619000.0
2015-11-12,8.803583145141602,8.914088796212665,8.766747928117914,8.877253579188977,20323000.0
2015-11-13,8.76674747467041,8.914088335144164,8.76674747467041,8.76674747467041,23913000.0
2015-11-16,8.508902549743652,8.766747655752063,8.472067333864363,8.72991314244608,56765000.0
2015-11-17,8.98775863647461,8.98775863647461,8.65624308439541,8.65624308439541,54337000.0
2015-11-18,8.914088249206543,9.024593190923227,8.87725303444322,9.024593190923227,30661000.0
2015-11-19,9.024592399597168,9.061427611130576,8.877252256036757,9.024592399597168,37905000.0
2015-11-20,9.09826374053955,9.171933468465292,8.987758094790996,8.987758094790996,52572000.0
2015-11-23,9.13509750366211,9.171932715889222,9.024592569554008,9.171932715889222,29015000.0
2015-11-24,8.803583145141602,9.061428961734087,8.803583145141602,9.0245937447104,30712000.0
2015-11-25,8.914088249206543,8.95092276139658,8.766747390153249,8.840417819679896,18918000.0
2015-11-26,8.98775863647461,9.135098803779439,8.950923419005068,8.98775863647461,24312000.0
2015-11-27,8.877253532409668,9.024593697154671,8.840418315580086,8.98775848032509,11320000.0
2015-11-30,8.729913711547852,8.914089100377355,8.729913711547852,8.803583445535642,62872000.0
2015-12-01,8.98775863647461,8.98775863647461,8.766748034230698,8.84041846916978,21786000.0
2015-12-02,8.877253532409668,8.98775848032509,8.803583098750504,8.803583098750504,29515000.0
2015-12-03,9.024592399597168,9.098262822663985,8.80358183296994,8.877252256036757,38665000.0
2015-12-04,8.877253532409668,8.98775848032509,8.877253532409668,8.877253532409668,22271000.0
2015-12-07,8.914088249206543,9.024593190923227,8.87725303444322,8.914088249206543,26822000.0
2015-12-08,8.803583145141602,8.950923310663025,8.766747928117914,8.914088796212665,25862000.0
2015-12-09,8.545737266540527,8.803582357490441,8.545737266540527,8.766747143762377,40905000.0
2015-12-10,8.508902549743652,8.545737765622942,8.324727172920515,8.398396902105786,54972000.0
2015-12-11,8.619407653808594,8.693078086926155,8.545737923264353,8.545737923264353,43172000.0
2015-12-14,8.619407653808594,8.619407653808594,8.472067490146792,8.545737923264353,20908000.0
2015-12-15,8.545737266540527,8.72991263260758,8.545737266540527,8.693077418879517,18529000.0
2015-12-16,8.693077087402344,8.766746809476093,8.619406662755356,8.729912299725838,25327000.0
2015-12-17,8.950922966003418,8.987758181608747,8.72991307751804,8.76674759055007,43592000.0
2015-12-18,8.84041690826416,8.98775704955392,8.803581697298416,8.877252119229903,40984000.0
2015-12-21,9.171934127807617,9.282439781500084,8.877253789774391,8.914089007671882,83778000.0
2015-12-22,9.09826374053955,9.20876868371481,9.024593310040514,9.20876868371481,23424000.0
2015-12-23,9.171934127807617,9.208769345705106,9.061429176688494,9.098264394585982,26296000.0
2015-12-24,9.061429023742676,9.245604407548123,9.061429023742676,9.208769190272367,14433000.0
2015-12-25,9.13509750366211,9.171932715889222,9.06142778178112,9.06142778178112,7321000.0
2015-12-28,9.061429023742676,9.17193397299661,9.061429023742676,9.17193397299661,10449000.0
2015-12-29,8.950922966003418,9.098263828424738,8.950922966003418,9.061428612819407,16721000.0
2015-12-30,8.914088249206543,9.024593190923227,8.914088249206543,8.987757976159903,11780000.0
2015-12-31,8.914088249206543,8.987757976159903,8.87725303444322,8.914088249206543,13730000.0
2016-01-04,8.693077087402344,8.950922168520323,8.693077087402344,8.914087658770068,44581000.0
2016-01-05,8.656241416931152,8.877251976601482,8.619406206557231,8.693076627305075,37702000.0
2016-01-06,8.656241416931152,8.803581555853638,8.582570996183309,8.729911837678996,25366000.0
2016-01-07,8.435232162475586,8.656242756343705,8.398396946402015,8.619407540270133,57713000.0
2016-01-08,8.398397445678711,8.47206788220549,8.251057275198503,8.251057275198503,42907000.0
2016-01-11,8.140551567077637,8.324726938719333,8.140551567077637,8.25105650903334,41340000.0
2016-01-12,8.177387237548828,8.25105696876627,8.177387237548828,8.214221751870886,22724000.0
2016-01-13,8.140551567077637,8.287891723876337,8.10371635223464,8.214221294190343,35121000.0
2016-01-14,8.214221000671387,8.214221000671387,7.956375911130569,8.10371606266436,31936000.0
2016-01-15,8.28789234161377,8.324727559202275,8.14055217383308,8.28789234161377,36354000.0
2016-01-18,8.214221000671387,8.251056214198151,8.066880849137597,8.10371606266436,23325000.0
2016-01-19,8.214221000671387,8.251056214198151,8.177386489717886,8.214221000671387,12924000.0
2016-01-20,8.177387237548828,8.25105696876627,8.177387237548828,8.214221751870886,27562000.0
2016-01-21,8.177387237548828,8.25105696876627,8.140552020653445,8.214221751870886,17674000.0
2016-01-22,8.28789234161377,8.28789234161377,8.214221906436755,8.251057124025262,14701000.0
2016-01-25,8.435232162475586,8.508902594622729,8.324727216828181,8.361562432901753,22268000.0
2016-01-26,8.619407653808594,8.619407653808594,8.398397057029232,8.472067490146792,43465000.0
2016-01-27,8.619407653808594,8.693078086926155,8.545737923264353,8.656242870367375,22369000.0
2016-01-28,9.392942428588867,9.466612846312952,8.8772516122398,8.8772516122398,204731000.0
2016-01-29,9.46661376953125,9.503448279412353,9.282438409832768,9.46661376953125,89324000.0
2016-02-01,9.503449440002441,9.503449440002441,9.356109274764677,9.466614925622995,41238000.0
2016-02-02,9.65079116821289,9.65079116821289,9.429780549365764,9.503450287265881,69931000.0
2016-02-03,9.503449440002441,9.613955090860761,9.466614925622995,9.577119873907987,30179000.0
2016-02-15,9.724459648132324,9.761294863603979,9.356108898562363,9.392944114034018,69174000.0
2016-02-16,9.687623023986816,9.724458234102277,9.540282886098169,9.650788516444551,28880000.0
2016-02-17,9.761295318603516,9.798130535792158,9.577119935233638,9.687624884226231,36710000.0
2016-02-18,9.87179946899414,9.982305111620457,9.798129743149872,9.87179946899414,63432000.0
2016-02-19,9.724459648132324,9.908635022917304,9.724459648132324,9.87179980744565,25873000.0
2016-02-22,9.724459648132324,9.834965294547292,9.65078991976231,9.724459648132324,24110000.0
2016-02-23,9.724459648132324,9.798130079075635,9.687624432660668,9.724459648132324,27901000.0
2016-02-24,9.724459648132324,9.798130079075635,9.613954704290656,9.724459648132324,26004000.0
2016-02-25,9.761295318603516,9.798130535792158,9.650790369610922,9.724460101414873,26675000.0
2016-02-26,9.83496379852295,9.945468725555399,9.761293378785854,9.798128588654402,49008000.0
2016-03-01,9.87179946899414,9.908634683202914,9.798129743149872,9.834964957358643,30924000.0
2016-03-02,9.83496379852295,9.982303935423946,9.83496379852295,9.945468725555399,27014000.0
2016-03-03,9.908636093139648,9.908636093139648,9.798131137362445,9.834966356812636,30449000.0
2016-03-04,9.87179946899414,9.945469897411686,9.834964957358643,9.908634683202914,30836000.0
2016-03-07,9.87179946899414,9.945469897411686,9.761294528941098,9.908634683202914,29669000.0
2016-03-08,9.724459648132324,9.87179980744565,9.65078991976231,9.834965294547292,37093000.0
2016-03-09,9.503449440002441,9.724460039145752,9.503449440002441,9.724460039145752,28575000.0
2016-03-10,9.687623023986816,9.871798371990923,9.540282886098169,9.540282886098169,51425000.0
2016-03-11,9.761295318603516,9.761295318603516,9.61395515242228,9.687624884226231,27312000.0
2016-03-14,9.87179946899414,9.87179946899414,9.798129743149872,9.798129743149872,25473000.0
2016-03-15,9.761295318603516,9.87180026759611,9.650790369610922,9.87180026759611,21840000.0
2016-03-16,9.761295318603516,9.8349657529808,9.724460101414873,9.761295318603516,15507000.0
2016-03-17,9.79813003540039,9.945470194056945,9.761294820092928,9.908634978749483,30973000.0
2016-03-18,9.79813003540039,9.87179976344202,9.724459604785466,9.79813003540039,33527000.0
2016-03-21,9.83496379852295,9.83496379852295,9.724458168917307,9.798128588654402,13141000.0
2016-03-22,9.79813003540039,9.87179976344202,9.650789876743836,9.87179976344202,22711000.0
2016-03-23,9.724459648132324,9.834965294547292,9.687624432660668,9.798130079075635,13734000.0
2016-03-24,9.761295318603516,9.87180026759611,9.650790369610922,9.724460101414873,24076000.0
2016-03-25,9.65079116821289,9.79813134658651,9.65079116821289,9.761296126349759,7874000.0
2016-03-28,9.65079116821289,9.687625685876254,9.613955947976137,9.65079116821289,15663000.0
2016-03-29,9.503449440002441,9.68762482219298,9.503449440002441,9.650790307813534,16774000.0
2016-03-30,9.761295318603516,9.761295318603516,9.540284718044996,9.577119935233638,41247000.0
2016-03-31,9.79813003540039,9.79813003540039,9.724459604785466,9.761294820092928,41307000.0
2016-04-01,9.687623023986816,9.7981286543332,9.57711809621363,9.687623023986816,23218000.0
2016-04-06,9.392942428588867,9.613952979187946,9.392942428588867,9.577117770325904,33833000.0
2016-04-07,9.282439231872559,9.466614607881352,9.1719335847233,9.392944176448514,51040000.0
2016-04-08,9.392942428588867,9.392942428588867,9.171931877989788,9.20876708685183,40103000.0
2016-04-11,9.282439231872559,9.356108960732094,9.1719335847233,9.319273745015675,30592000.0
2016-04-12,9.503449440002441,9.577119873907987,9.319274057811903,9.356109274764677,38126000.0
2016-04-13,9.503449440002441,9.503449440002441,9.356109274764677,9.503449440002441,33542000.0
2016-04-14,9.46661376953125,9.503448279412353,9.39294334462256,9.46661376953125,36885000.0
2016-04-15,9.46661376953125,9.46661376953125,9.319272919713873,9.39294334462256,33058000.0
2016-04-18,9.503449440002441,9.650790307813534,9.466614925622995,9.503449440002441,46364000.0
2016-04-19,9.319273948669434,9.577119761745761,9.319273948669434,9.577119761745761,24794000.0
2016-04-20,9.282439231872559,9.429779392164933,9.282439231872559,9.356108960732094,30715000.0
2016-04-21,9.24560260772705,9.356107535469235,9.208767397621925,9.282437817832177,21687000.0
2016-04-22,9.356109619140625,9.392944837449214,9.171934230171033,9.208769448479622,26250000.0
2016-04-25,9.356109619140625,9.392944837449214,9.2824398850968,9.356109619140625,10856000.0
2016-04-26,9.356109619140625,9.392944837449214,9.24560466678821,9.2824398850968,27727000.0
2016-04-27,9.24560260772705,9.319272325364109,9.208767397621925,9.282437817832177,29982000.0
2016-04-28,8.84041690826416,9.171932401809423,8.729911977940143,9.171932401809423,101526000.0
2016-04-29,8.84041690826416,8.84041690826416,8.729911977940143,8.766746486332673,31584000.0
2016-05-03,8.582572937011719,8.803583546660496,8.54573842088139,8.766748327956806,39030000.0
2016-05-04,8.435232162475586,8.5457378106963,8.361562432901753,8.508902594622729,60831000.0
2016-05-05,8.324727058410645,8.435232001955166,8.287891843038038,8.39839678658256,48193000.0
2016-05-06,8.324727058410645,8.361562273783251,8.251056627665433,8.324727058410645,41325000.0
2016-05-09,8.28789234161377,8.361562776790782,8.214221906436755,8.324727559202275,21220000.0
2016-05-10,8.28789234161377,8.361562776790782,8.214221906436755,8.251057124025262,23368000.0
2016-05-11,8.28789234161377,8.435232509394456,8.28789234161377,8.361562776790782,38288000.0
2016-05-12,8.398397445678711,8.54573831873227,8.398397445678711,8.47206788220549,38573000.0
2016-05-13,8.324727058410645,8.361562273783251,8.251056627665433,8.361562273783251,37411000.0
2016-05-16,8.435232162475586,8.435232162475586,8.251056784681039,8.251056784681039,25405000.0
2016-05-17,8.508902549743652,8.508902549743652,8.361562388799802,8.398396902105786,36715000.0
2016-05-18,8.508902549743652,8.508902549743652,8.361562388799802,8.398396902105786,27982000.0
2016-05-19,8.472066879272461,8.472066879272461,8.361561940137344,8.435231665369665,33054000.0
2016-05-20,8.508902549743652,8.508902549743652,8.398396902105786,8.398396902105786,27686000.0
2016-05-23,8.693077087402344,8.693077087402344,8.398396091387632,8.435231303711126,37572000.0
2016-05-24,8.693077087402344,8.693077087402344,8.582571450431862,8.619406662755356,23886000.0
2016-05-25,8.84041690826416,8.950921838588176,8.6930767669744,8.766746486332673,55011000.0
2016-05-26,8.914088249206543,8.914088249206543,8.766747390153249,8.840417819679896,30425000.0
2016-05-27,8.950922966003418,8.950922966003418,8.877253237366059,8.950922966003418,21329000.0
2016-05-30,8.98775863647461,8.98775863647461,8.877253686639321,8.914088904108864,23921000.0
2016-05-31,8.98775863647461,8.98775863647461,8.914088904108864,8.950923419005068,40545000.0
2016-06-01,9.024592399597168,9.024592399597168,8.914087467570164,8.914087467570164,28374000.0
2016-06-02,9.024592399597168,9.13509733162417,8.950921976530351,8.987757188063759,29235000.0
2016-06-03,9.13509750366211,9.13509750366211,8.950922145099783,9.024592569554008,23267000.0
2016-06-06,9.13509750366211,9.13509750366211,9.06142778178112,9.098262994008234,19992000.0
2016-06-07,9.171934127807617,9.171934127807617,9.061429176688494,9.098264394585982,27982000.0
2016-06-08,9.13509750366211,9.208767928116334,9.06142778178112,9.171932715889222,42208000.0
2016-06-13,8.98775863647461,9.098264288883234,8.84041846916978,9.098264288883234,46745000.0
2016-06-14,8.914088249206543,8.987757976159903,8.840417819679896,8.95092276139658,25902000.0
2016-06-15,9.024592399597168,9.024592399597168,8.877252256036757,8.914087467570164,19722000.0
2016-06-16,8.84041690826416,9.024592260519663,8.766746486332673,9.024592260519663,27503000.0
2016-06-17,8.950922966003418,8.950922966003418,8.84041802176073,8.84041802176073,35581000.0
2016-06-20,9.171934127807617,9.171934127807617,8.914089007671882,8.950923522996025,31690000.0
2016-06-21,9.024592399597168,9.208767754690987,9.024592399597168,9.17193254315758,29024000.0
2016-06-22,9.171934127807617,9.208769345705106,9.024593958791003,9.061429176688494,27814000.0
2016-06-23,9.24560260772705,9.282437817832177,9.098262469879739,9.13509697741167,38133000.0
2016-06-24,8.84041690826416,9.24560282374091,8.803581697298416,9.24560282374091,69650000.0
2016-06-27,9.171934127807617,9.208769345705106,8.840418571876903,8.877253789774391,40105000.0
2016-06-28,9.061429023742676,9.135098755720856,9.02459380646692,9.135098755720856,3033000.0
2016-06-29,9.24560260772705,9.24560260772705,9.098262469879739,9.13509697741167,24489000.0
2016-06-30,9.282439231872559,9.282439231872559,9.1719335847233,9.282439231872559,16588000.0
2016-07-01,9.24560260772705,9.356107535469235,9.24560260772705,9.319272325364109,20848000.0
2016-07-04,9.319273948669434,9.35610916519081,9.245604218199995,9.245604218199995,18364000.0
2016-07-05,9.282439231872559,9.356108960732094,9.245604016156138,9.319273745015675,11084000.0
2016-07-06,9.09826374053955,9.245603898964328,9.09826374053955,9.245603898964328,29198000.0
2016-07-07,9.13509750366211,9.245603140343448,9.13509750366211,9.13509750366211,50482000.0
2016-07-08,9.13509750366211,9.13509750366211,9.13509750366211,9.13509750366211,0.0
2016-07-11,9.540284156799316,9.540284156799316,9.540284156799316,9.540284156799316,417000.0
2016-07-12,9.590370178222656,9.628885868622284,9.474823841649465,9.628885868622284,93051000.0
2016-07-13,9.628885269165039,9.705916645168617,9.513338939785317,9.667400957166828,45032000.0
2016-07-14,9.628885269165039,9.628885269165039,9.551853893161459,9.628885269165039,18954000.0
2016-07-15,9.513339042663574,9.667401061711129,9.513339042663574,9.628885373292826,28657000.0
2016-07-18,9.628885269165039,9.628885269165039,9.551853893161459,9.59036958116325,22966000.0
2016-07-19,9.590370178222656,9.628885868622284,9.513339532049093,9.590370178222656,32487000.0
2016-07-20,9.513339042663574,9.590369684874524,9.43630766582697,9.551853996456222,29622000.0
2016-07-21,9.628885269165039,9.628885269165039,9.513338939785317,9.551853893161459,29379000.0
2016-07-22,9.474822998046875,9.628885011302591,9.474822998046875,9.551853637361921,25491000.0
2016-07-25,9.474822998046875,9.590369324332256,9.397791624106205,9.513338685017212,21296000.0
2016-07-26,9.55185317993164,9.55185317993164,9.474822544305528,9.51333822943138,24272000.0
2016-07-27,9.667400360107422,9.70591604573048,9.590368988861307,9.628884674484365,54715000.0
2016-07-28,9.320761680603027,9.359276635822948,9.166698921220618,9.282245990757424,130598000.0
2016-07-29,9.166698455810547,9.282245519480817,9.166698455810547,9.243729831590727,45552000.0
2016-08-01,9.166698455810547,9.243729831590727,9.166698455810547,9.166698455810547,25780000.0
2016-08-02,9.20521354675293,9.282244917537712,9.20521354675293,9.20521354675293,18134000.0
2016-08-03,9.089666366577148,9.166696995459901,9.089666366577148,9.128182048331288,30901000.0
2016-08-04,9.166698455810547,9.166698455810547,9.08966781465601,9.1281835025461,12696000.0
2016-08-05,9.166698455810547,9.243729831590727,9.1281835025461,9.166698455810547,19705000.0
2016-08-08,9.166698455810547,9.243729831590727,9.08966781465601,9.243729831590727,23045000.0
2016-08-09,9.20521354675293,9.20521354675293,9.089667225201351,9.128182910593743,23541000.0
2016-08-10,9.166698455810547,9.205214143700637,9.08966781465601,9.166698455810547,16638000.0
2016-08-11,9.20521354675293,9.20521354675293,9.089667225201351,9.128182910593743,18693000.0
2016-08-12,9.243729591369629,9.243729591369629,9.166698217591298,9.205213904480463,11536000.0
2016-08-15,9.128183364868164,9.243729692170037,9.089667677558996,9.205214004860869,16126000.0
2016-08-16,9.051151275634766,9.166697593813915,9.012635591366523,9.128182644171249,35644000.0
2016-08-17,9.051151275634766,9.089666959903006,8.935604957455615,9.051151275634766,21011000.0
2016-08-18,8.974120140075684,9.05115151061198,8.974120140075684,9.012635825343832,14269000.0
2016-08-19,8.897089958190918,9.012636285266195,8.897089958190918,8.97412059803256,23630000.0
2016-08-22,8.78154182434082,8.935604554465659,8.78154182434082,8.897088871934448,25387000.0
2016-08-23,8.820058822631836,8.858574510908744,8.781543134354928,8.781543134354928,21199000.0
2016-08-24,8.858572959899902,8.897088641433267,8.820057278366537,8.858572959899902,15699000.0
2016-08-25,9.089666366577148,9.128182048331288,8.8200573289237,8.858573010677839,53485000.0
2016-08-26,9.051151275634766,9.128182644171249,9.012635591366523,9.128182644171249,20657000.0
2016-08-29,8.897089958190918,9.089667659733468,8.897089958190918,9.089667659733468,28183000.0
2016-08-30,8.935606002807617,9.012636645730128,8.858574625259443,8.974120956956043,21141000.0
2016-08-31,8.897089958190918,8.97412059803256,8.858574270957282,8.97412059803256,32614000.0
2016-09-01,8.820058822631836,8.89709019918565,8.820058822631836,8.858574510908744,26073000.0
2016-09-02,8.935606002807617,8.935606002807617,8.858574625259443,8.935606002807617,19314000.0
2016-09-05,9.0126371383667,9.0126371383667,8.935606491233642,8.97412144748732,11923000.0
2016-09-06,9.051151275634766,9.051151275634766,8.974119907098283,8.974119907098283,17055000.0
2016-09-07,9.128183364868164,9.166698317551699,9.01263630294066,9.051151990249828,30074000.0
2016-09-08,9.051151275634766,9.089666959903006,9.012635591366523,9.051151275634766,15856000.0
2016-09-09,8.974120140075684,9.012635825343832,8.93560518943313,8.93560518943313,13657000.0
2016-09-12,8.935606002807617,8.935606002807617,8.820058936485358,8.858574625259443,26720000.0
2016-09-13,8.897089958190918,8.935605645424554,8.820058583723645,8.897089958190918,24462000.0
2016-09-14,8.78154182434082,8.897088871934448,8.78154182434082,8.82005750687203,24431000.0
2016-09-19,8.935606002807617,9.012636645730128,8.820058936485358,8.820058936485358,38446000.0
2016-09-20,8.897089958190918,8.935605645424554,8.858574270957282,8.897089958190918,23331000.0
2016-09-21,9.089666366577148,9.089666366577148,8.897088692431979,8.935604374186118,38210000.0
2016-09-22,9.051151275634766,9.128182644171249,8.974119907098283,9.128182644171249,26292000.0
2016-09-23,9.0126371383667,9.051152829246078,8.97412144748732,9.051152829246078,17817000.0
2016-09-26,8.935606002807617,9.051152334504215,8.89709031403353,9.012636645730128,13583000.0
2016-09-27,8.935606002807617,8.935606002807617,8.935606002807617,8.935606002807617,0.0
2016-09-28,8.935606002807617,8.935606002807617,8.935606002807617,8.935606002807617,0.0
2016-09-29,9.0126371383667,9.051152829246078,8.935606491233642,8.935606491233642,29389000.0
2016-09-30,8.897089958190918,8.97412059803256,8.858574270957282,8.97412059803256,26496000.0
2016-10-03,8.935606002807617,8.974120956956043,8.89709031403353,8.89709031403353,9910000.0
2016-10-04,8.935606002807617,8.935606002807617,8.89709031403353,8.935606002807617,13757000.0
2016-10-05,8.935606002807617,8.935606002807617,8.858574625259443,8.858574625259443,14213000.0
2016-10-06,8.935606002807617,8.935606002807617,8.89709031403353,8.89709031403353,12181000.0
2016-10-07,8.858572959899902,8.935604322966633,8.858572959899902,8.935604322966633,9478000.0
2016-10-11,8.974120140075684,9.012635825343832,8.858573818896831,8.93560518943313,37549000.0
2016-10-12,8.897089958190918,8.97412059803256,8.858574270957282,8.935605645424554,23404000.0
2016-10-13,8.858572959899902,8.935604322966633,8.820057278366537,8.935604322966633,29294000.0
2016-10-14,8.974120140075684,9.012635825343832,8.820058133628683,8.858573818896831,29093000.0
2016-10-17,8.897089958190918,8.97412059803256,8.858574270957282,8.97412059803256,12913000.0
2016-10-18,8.974120140075684,8.974120140075684,8.897089504164981,8.897089504164981,14454000.0
2016-10-19,9.0126371383667,9.0126371383667,8.935606491233642,8.97412144748732,18053000.0
2016-10-20,8.974120140075684,9.012635825343832,8.93560518943313,9.012635825343832,11800000.0
2016-10-21,9.0126371383667,9.0126371383667,8.935606491233642,8.935606491233642,14370000.0
2016-10-24,8.974120140075684,9.05115151061198,8.93560518943313,9.05115151061198,12076000.0
2016-10-25,9.0126371383667,9.051152829246078,8.97412144748732,9.0126371383667,17773000.0
2016-10-26,8.897089958190918,9.012636285266195,8.858574270957282,8.97412059803256,25153000.0
2016-10-27,8.858572959899902,8.974119269874475,8.858572959899902,8.935604322966633,25798000.0
2016-10-28,9.0126371383667,9.0126371383667,8.858575109474884,8.897090800354263,29704000.0
2016-10-31,9.051151275634766,9.089666959903006,8.935604957455615,9.012635591366523,29451000.0
2016-11-01,9.051151275634766,9.089666959903006,8.974119907098283,9.012635591366523,14250000.0
2016-11-02,9.0126371383667,9.051152829246078,8.935606491233642,9.051152829246078,14508000.0
2016-11-03,8.935606002807617,9.051152334504215,8.935606002807617,9.012636645730128,12005000.0
2016-11-04,8.935606002807617,8.974120956956043,8.89709031403353,8.935606002807617,9163000.0
2016-11-07,8.974120140075684,9.012635825343832,8.93560518943313,8.974120140075684,10880000.0
2016-11-08,9.0126371383667,9.0126371383667,8.935606491233642,8.97412144748732,11647000.0
2016-11-09,8.858572959899902,9.051150632941205,8.820057278366537,9.051150632941205,34073000.0
2016-11-10,8.935606002807617,8.974120956956043,8.89709031403353,8.935606002807617,22419000.0
2016-11-11,8.74302864074707,8.897090667335533,8.704512950443533,8.858574977031994,49233000.0
2016-11-14,8.704512596130371,8.85857461644781,8.665996907394597,8.78154323897626,26701000.0
2016-11-15,8.704512596130371,8.78154323897626,8.704512596130371,8.704512596130371,16921000.0
2016-11-16,8.704512596130371,8.78154323897626,8.704512596130371,8.743028284866146,19891000.0
2016-11-17,8.74302864074707,8.820059286728457,8.704512950443533,8.74302864074707,18696000.0
2016-11-18,8.704512596130371,8.78154323897626,8.704512596130371,8.743028284866146,22067000.0
2016-11-21,8.78154182434082,8.897088871934448,8.78154182434082,8.78154182434082,19315000.0
2016-11-22,8.78154182434082,8.82005750687203,8.743026876435154,8.78154182434082,18305000.0
2016-11-23,8.820058822631836,8.820058822631836,8.743028180703671,8.781543134354928,7911000.0
2016-11-24,8.74302864074707,8.820059286728457,8.74302864074707,8.820059286728457,8436000.0
2016-11-25,8.74302864074707,8.781543596424918,8.74302864074707,8.74302864074707,6376000.0
2016-11-28,8.74302864074707,8.781543596424918,8.74302864074707,8.74302864074707,12387000.0
2016-11-29,8.74302864074707,8.781543596424918,8.704512950443533,8.74302864074707,15701000.0
2016-11-30,8.665995597839355,8.781541911960328,8.665995597839355,8.781541911960328,50440000.0
2016-12-01,8.74302864074707,8.74302864074707,8.665997260139994,8.665997260139994,19269000.0
2016-12-02,8.704512596130371,8.743028284866146,8.665996907394597,8.743028284866146,17425000.0
2016-12-05,8.627480506896973,8.704511878013482,8.627480506896973,8.704511878013482,17335000.0
2016-12-06,8.78154182434082,8.78154182434082,8.665995511372735,8.704511193903944,18320000.0
2016-12-07,8.74302864074707,8.781543596424918,8.74302864074707,8.781543596424918,10902000.0
2016-12-08,8.78154182434082,8.82005750687203,8.704511193903944,8.78154182434082,24986000.0
2016-12-09,8.74302864074707,8.781543596424918,8.704512950443533,8.781543596424918,16771000.0
2016-12-12,8.704512596130371,8.78154323897626,8.704512596130371,8.743028284866146,11281000.0
2016-12-13,8.704512596130371,8.743028284866146,8.665996907394597,8.704512596130371,27707000.0
2016-12-14,8.627480506896973,8.743027563571736,8.627480506896973,8.704511878013482,26718000.0
2016-12-15,8.704512596130371,8.743028284866146,8.665996907394597,8.665996907394597,17343000.0
2016-12-16,8.704512596130371,8.78154323897626,8.704512596130371,8.743028284866146,16297000.0
2016-12-19,8.704512596130371,8.743028284866146,8.704512596130371,8.743028284866146,9107000.0
2016-12-20,8.704512596130371,8.743028284866146,8.665996907394597,8.704512596130371,17801000.0
2016-12-21,8.704512596130371,8.743028284866146,8.704512596130371,8.704512596130371,16194000.0
2016-12-22,8.704512596130371,8.743028284866146,8.704512596130371,8.704512596130371,14044000.0
2016-12-23,8.704512596130371,8.78154323897626,8.704512596130371,8.743028284866146,18958000.0
2016-12-26,8.704512596130371,8.743028284866146,8.704512596130371,8.704512596130371,6956000.0
2016-12-27,8.704512596130371,8.743028284866146,8.704512596130371,8.743028284866146,6254000.0
2016-12-28,8.74302864074707,8.781543596424918,8.704512950443533,8.74302864074707,10019000.0
2016-12-29,8.704512596130371,8.78154323897626,8.704512596130371,8.704512596130371,13291000.0
2016-12-30,8.78154182434082,8.78154182434082,8.704511193903944,8.704511193903944,13553000.0
2017-01-03,8.78154182434082,8.78154182434082,8.704511193903944,8.78154182434082,10152000.0
2017-01-04,8.74302864074707,8.781543596424918,8.74302864074707,8.781543596424918,11090000.0
2017-01-05,8.78154182434082,8.82005750687203,8.704511193903944,8.743026876435154,20809000.0
2017-01-06,8.935606002807617,8.974120956956043,8.781543247711271,8.781543247711271,37909000.0
2017-01-09,8.935606002807617,9.051152334504215,8.89709031403353,8.935606002807617,30019000.0
2017-01-10,8.974120140075684,8.974120140075684,8.897089504164981,8.93560518943313,19413000.0
2017-01-11,8.974120140075684,9.012635825343832,8.93560518943313,8.974120140075684,13465000.0
2017-01-12,9.089666366577148,9.089666366577148,8.97411932131473,9.012635003068869,27658000.0
2017-01-13,9.089666366577148,9.089666366577148,8.97411932131473,9.051150684823009,22192000.0
2017-01-16,8.974120140075684,9.05115151061198,8.974120140075684,9.012635825343832,9060000.0
2017-01-17,8.974120140075684,9.05115151061198,8.93560518943313,8.93560518943313,9406000.0
2017-01-18,8.974120140075684,9.012635825343832,8.93560518943313,8.974120140075684,15815000.0
2017-01-19,8.935606002807617,9.012636645730128,8.935606002807617,8.974120956956043,14979000.0
2017-01-20,8.935606002807617,9.012636645730128,8.89709031403353,8.935606002807617,13863000.0
2017-01-23,8.897089958190918,8.97412059803256,8.897089958190918,8.935605645424554,23659000.0
2017-01-24,8.74302864074707,8.858574977031994,8.74302864074707,8.820059286728457,45605000.0
2017-02-02,8.704512596130371,8.897090305183584,8.704512596130371,8.85857461644781,50854000.0
2017-02-03,8.78154182434082,8.78154182434082,8.704511193903944,8.743026876435154,31696000.0
2017-02-06,8.820058822631836,8.858574510908744,8.743028180703671,8.781543134354928,30099000.0
2017-02-07,8.858572959899902,8.897088641433267,8.781541596833172,8.781541596833172,26408000.0
2017-02-08,8.820058822631836,8.89709019918565,8.781543134354928,8.858574510908744,27188000.0
2017-02-09,8.858572959899902,8.897088641433267,8.820057278366537,8.858572959899902,22505000.0
2017-02-10,8.935606002807617,8.935606002807617,8.858574625259443,8.89709031403353,31474000.0
2017-02-13,9.0126371383667,9.0126371383667,8.897090800354263,8.935606491233642,22463000.0
2017-02-14,9.0126371383667,9.051152829246078,8.97412144748732,9.0126371383667,20623000.0
2017-02-15,9.051151275634766,9.051151275634766,8.935604957455615,9.012635591366523,29795000.0
2017-02-16,9.089666366577148,9.166696995459901,9.012635003068869,9.089666366577148,43898000.0
2017-02-17,9.051151275634766,9.089666959903006,9.012635591366523,9.089666959903006,14953000.0
2017-02-20,9.051151275634766,9.089666959903006,9.012635591366523,9.051151275634766,11621000.0
2017-02-21,9.051151275634766,9.051151275634766,9.012635591366523,9.051151275634766,9482000.0
2017-02-22,8.897089958190918,9.089667659733468,8.897089958190918,9.05115197249983,31979000.0
2017-02-23,9.051151275634766,9.089666959903006,8.974119907098283,8.974119907098283,22201000.0
2017-02-24,9.821463584899902,9.89849496569057,9.089668405891322,9.128184096286656,317890000.0
2017-03-01,9.55185317993164,9.898493611438713,9.55185317993164,9.82146224118701,154554000.0
2017-03-02,9.474822998046875,9.744431337587972,9.43630731107654,9.705916385243263,67059000.0
2017-03-03,9.359275817871094,9.551853515643137,9.359275817871094,9.47482287730969,51258000.0
2017-03-06,9.320761680603027,9.39779232566855,9.320761680603027,9.359276635822948,32689000.0
2017-03-07,9.590370178222656,9.744432205195475,9.359276770450583,9.359276770450583,87762000.0
2017-03-08,9.436306953430176,9.590368960846773,9.436306953430176,9.551853275336224,31632000.0
2017-03-09,9.320761680603027,9.474823705359755,9.320761680603027,9.436308015514152,44646000.0
2017-03-10,9.320761680603027,9.39779232566855,9.282245990757424,9.359276635822948,24238000.0
2017-03-13,9.397791862487793,9.436307550435107,9.320761221218811,9.397791862487793,12180000.0
2017-03-14,9.397791862487793,9.436307550435107,9.320761221218811,9.397791862487793,19665000.0
2017-03-15,9.436306953430176,9.474822638940724,9.359275582409078,9.397791267919626,21679000.0
2017-03-16,9.55185317993164,9.590368865057492,9.474822544305528,9.51333822943138,46106000.0
2017-03-17,9.55185317993164,9.590368865057492,9.474822544305528,9.55185317993164,24859000.0
2017-03-20,9.474822998046875,9.513338685017212,9.43630731107654,9.513338685017212,17455000.0
2017-03-21,9.474822998046875,9.513338685017212,9.43630731107654,9.513338685017212,23587000.0
2017-03-22,9.397791862487793,9.436307550435107,9.35927617454048,9.397791862487793,31001000.0
2017-03-23,9.55185317993164,9.590368865057492,9.397791174053825,9.397791174053825,44665000.0
2017-03-24,9.436306953430176,9.590368960846773,9.436306953430176,9.551853275336224,26218000.0
2017-03-27,9.436306953430176,9.551853275336224,9.397791267919626,9.436306953430176,24490000.0
2017-03-28,9.320761680603027,9.474823705359755,9.282245990757424,9.436308015514152,49208000.0
2017-03-29,9.320761680603027,9.39779232566855,9.282245990757424,9.359276635822948,25829000.0
2017-03-30,9.397791862487793,9.47482323838242,9.320761221218811,9.35927617454048,21375000.0
2017-03-31,9.397791862487793,9.397791862487793,9.320761221218811,9.35927617454048,31785000.0
2017-04-05,9.436306953430176,9.474822638940724,9.359275582409078,9.397791267919626,39581000.0
2017-04-06,9.397791862487793,9.436307550435107,9.320761221218811,9.397791862487793,15682000.0
2017-04-07,9.359275817871094,9.397791504350625,9.282245179537647,9.359275817871094,22683000.0
2017-04-10,9.359275817871094,9.436307190830158,9.320760866017178,9.359275817871094,17357000.0
2017-04-11,9.359275817871094,9.397791504350625,9.320760866017178,9.320760866017178,16342000.0
2017-04-12,9.243729591369629,9.359275917411498,9.243729591369629,9.320760965147958,27827000.0
2017-04-13,9.320761680603027,9.359276635822948,9.243730300911823,9.282245990757424,22528000.0
2017-04-14,9.243729591369629,9.320760965147958,9.243729591369629,9.320760965147958,19444000.0
2017-04-17,9.282244682312012,9.282244682312012,9.205213313479316,9.243728997895664,16921000.0
2017-04-18,9.320761680603027,9.474823705359755,9.243730300911823,9.282245990757424,38341000.0
2017-04-19,9.20521354675293,9.320760602930104,9.166697861360538,9.282244917537712,29668000.0
2017-04-20,9.128183364868164,9.205214004860869,9.128183364868164,9.166698317551699,23771000.0
2017-04-21,9.166698455810547,9.205214143700637,9.1281835025461,9.166698455810547,23867000.0
2017-04-24,9.166698455810547,9.205214143700637,9.1281835025461,9.166698455810547,18802000.0
2017-04-25,9.243729591369629,9.282245278258793,9.128183265327758,9.166698217591298,24341000.0
2017-04-26,9.320761680603027,9.320761680603027,9.205214611066221,9.243730300911823,23498000.0
2017-04-27,9.320761680603027,9.359276635822948,9.243730300911823,9.282245990757424,29960000.0
2017-04-28,9.282244682312012,9.32076036672836,9.243728997895664,9.32076036672836,29028000.0
2017-05-02,9.282244682312012,9.35927531651913,9.282244682312012,9.32076036672836,22665000.0
2017-05-03,9.282244682312012,9.397791000935475,9.243728997895664,9.282244682312012,33825000.0
2017-05-04,9.397791862487793,9.397791862487793,9.2822455332715,9.35927617454048,18595000.0
2017-05-05,9.320761680603027,9.436308015514152,9.320761680603027,9.436308015514152,20442000.0
2017-05-08,9.397791862487793,9.436307550435107,9.35927617454048,9.397791862487793,23682000.0
2017-05-09,9.320761680603027,9.474823705359755,9.320761680603027,9.436308015514152,18904000.0
2017-05-10,9.436306953430176,9.474822638940724,9.359275582409078,9.397791267919626,35614000.0
2017-05-11,9.397791862487793,9.47482323838242,9.397791862487793,9.47482323838242,22755000.0
2017-05-12,9.474822998046875,9.474822998046875,9.397791624106205,9.43630731107654,23849000.0
2017-05-15,9.436306953430176,9.474822638940724,9.397791267919626,9.474822638940724,14137000.0
2017-05-16,9.359275817871094,9.436307190830158,9.359275817871094,9.436307190830158,17074000.0
2017-05-17,9.397791862487793,9.436307550435107,9.320761221218811,9.397791862487793,25401000.0
2017-05-18,9.436306953430176,9.436306953430176,9.282244946013577,9.320760631524127,16586000.0
2017-05-19,9.397791862487793,9.47482323838242,9.35927617454048,9.436307550435107,18647000.0
2017-05-22,9.436306953430176,9.474822638940724,9.397791267919626,9.436306953430176,12821000.0
2017-05-23,9.513339042663574,9.513339042663574,9.43630766582697,9.43630766582697,30357000.0
2017-05-24,9.513339042663574,9.590369684874524,9.474823354245272,9.513339042663574,23862000.0
2017-05-25,9.55185317993164,9.590368865057492,9.51333822943138,9.51333822943138,20817000.0
2017-05-26,9.590370178222656,9.590370178222656,9.474823841649465,9.551854487823029,16641000.0
2017-05-31,9.590370178222656,9.667401559021911,9.513339532049093,9.628885868622284,31476000.0
2017-06-01,9.55185317993164,9.628884550183344,9.55185317993164,9.590368865057492,16660000.0
2017-06-02,9.55185317993164,9.628884550183344,9.51333822943138,9.590368865057492,15826000.0
2017-06-05,9.590370178222656,9.590370178222656,9.474823841649465,9.513339532049093,19736000.0
2017-06-06,9.590370178222656,9.590370178222656,9.513339532049093,9.590370178222656,11556000.0
2017-06-07,9.590370178222656,9.628885868622284,9.551854487823029,9.590370178222656,17570000.0
2017-06-08,9.513339042663574,9.590369684874524,9.513339042663574,9.513339042663574,17613000.0
2017-06-09,9.436306953430176,9.590368960846773,9.436306953430176,9.513338324451274,23332000.0
2017-06-12,9.359275817871094,9.436307190830158,9.359275817871094,9.397791504350625,18772000.0
2017-06-13,9.397791862487793,9.436307550435107,9.320761221218811,9.397791862487793,18369000.0
2017-06-14,9.359275817871094,9.436307190830158,9.243729493058114,9.436307190830158,23063000.0
2017-06-15,9.397791862487793,9.397791862487793,9.320761221218811,9.320761221218811,15657000.0
2017-06-16,9.397791862487793,9.436307550435107,9.35927617454048,9.397791862487793,22311000.0
2017-06-19,9.436306953430176,9.436306953430176,9.359275582409078,9.397791267919626,17338000.0
2017-06-20,9.474822998046875,9.474822998046875,9.397791624106205,9.43630731107654,10427000.0
2017-06-21,9.55185317993164,9.667400235309195,9.397791174053825,9.436306859179677,74583000.0
2017-06-22,9.55185317993164,9.628884550183344,9.474822544305528,9.590368865057492,18455000.0
2017-06-23,9.859977722167969,9.975524040527617,9.551852982166285,9.590368666494692,176244000.0
2017-06-26,10.245133399963379,10.36067972174891,9.89849369998119,9.89849369998119,190773000.0
2017-06-27,10.129587173461914,10.476227636469702,10.129587173461914,10.322164881965948,105270000.0
2017-06-28,11.130990982055664,11.130990982055664,10.399195864445721,10.399195864445721,517683000.0
2017-06-29,11.36208438873291,11.747239791740805,11.323568701506995,11.63169346468869,439469000.0
2017-06-30,11.36208438873291,11.400600075958826,11.169506687228962,11.208022374454877,225793000.0
2017-07-03,11.092475891113281,11.439116359593928,11.053960936504916,11.400600670359893,150836000.0
2017-07-04,10.9384126663208,11.24653741169463,10.9384126663208,11.130990356694848,99842000.0
2017-07-05,11.092475891113281,11.130991580347317,10.976929558036845,11.01544524727088,116182000.0
2017-07-06,11.130990982055664,11.130990982055664,10.976928968026039,11.130990982055664,65954000.0
2017-07-07,11.053959846496582,11.13099048274315,11.015444161060499,11.092474797307066,78826000.0
2017-07-10,11.015443801879883,11.169505803975115,10.976928117699682,11.130990119794912,136430000.0
2017-07-11,11.254910469055176,11.254910469055176,10.975532961891851,11.015444143092678,96229000.0
2017-07-12,11.334732055664062,11.374643236813656,11.25491045460734,11.29482087451447,73061000.0
2017-07-13,11.85357666015625,11.893487082662775,11.374643977652811,11.454466345150887,217574000.0
2017-07-14,11.614109992980957,11.89348674889913,11.614109992980957,11.89348674889913,85371000.0
2017-07-17,11.534287452697754,11.733842601572256,11.454465849893442,11.733842601572256,46541000.0
2017-07-18,11.534287452697754,11.534287452697754,11.454465849893442,11.494376270674357,38991000.0
2017-07-19,11.813664436340332,11.933397215803744,11.574198116171061,11.614109296406347,109635000.0
2017-07-20,12.013219833374023,12.172863796489326,11.8934862901057,11.973308652284583,152717000.0
2017-07-21,11.77375316619873,12.053130664469913,11.693930806337695,12.013219484539396,64896000.0
2017-07-24,11.813664436340332,11.853575616575618,11.693930895634473,11.813664436340332,41179000.0
2017-07-25,11.893486022949219,11.933397203142158,11.773753243612846,11.893486022949219,41560000.0
2017-07-26,12.292596817016602,12.3325079988804,12.05313124831876,12.132952850803882,202972000.0
2017-07-27,11.37464427947998,11.574199442277875,11.175089116682086,11.334733094671895,299371000.0
2017-07-28,11.095266342163086,11.33473268103015,11.055355920053996,11.254911075569465,129090000.0
2017-07-31,11.095266342163086,11.21499989221787,11.0154447367024,11.095266342163086,75905000.0
2017-08-01,10.895710945129395,11.095266096221453,10.895710945129395,11.055355674997033,57729000.0
2017-08-02,10.895710945129395,11.055355674997033,10.855800523904975,10.935622127596304,55684000.0
2017-08-03,10.696155548095703,10.855800274292555,10.696155548095703,10.815889092743342,58718000.0
2017-08-04,11.055355072021484,11.055355072021484,10.696155210653084,10.696155210653084,106578000.0
2017-08-07,11.095266342163086,11.135177525514681,10.975533553350806,11.055355920053996,52228000.0
2017-08-08,11.175088882446289,11.254911250389341,11.095266514503237,11.215000066417815,50372000.0
2017-08-09,11.095266342163086,11.175088708866276,11.095266342163086,11.175088708866276,40249000.0
2017-08-10,11.175088882446289,11.334732857089875,11.095266514503237,11.135177698474763,124627000.0
2017-08-11,11.214999198913574,11.254910379797884,11.015444055734479,11.015444055734479,81512000.0
2017-08-14,11.214999198913574,11.294820799439735,11.135176837144952,11.294820799439735,45620000.0
2017-08-15,11.254910469055176,11.294820889013538,11.095265744251867,11.294820889013538,64068000.0
2017-08-16,11.214999198913574,11.294820799439735,11.175088018029262,11.175088018029262,44825000.0
2017-08-17,11.294821739196777,11.334732923401797,11.21500013202926,11.254911316234281,29988000.0
2017-08-18,11.254910469055176,11.254910469055176,11.175088106653522,11.175088106653522,22950000.0
2017-08-21,11.294821739196777,11.414555291811837,11.21500013202926,11.254911316234281,39046753.0
2017-08-22,11.414554595947266,11.414554595947266,11.294821050631514,11.414554595947266,28557494.0
2017-08-23,11.334732055664062,11.494376019019972,11.29482087451447,11.494376019019972,30575803.0
2017-08-24,11.933398246765137,11.973309430448468,11.414555142609375,11.454466326292705,149395945.0
2017-08-25,11.893486022949219,11.973308383335098,11.733842063419907,11.973308383335098,58223121.0
2017-08-28,11.893486022949219,12.09304116267147,11.893486022949219,11.973308383335098,50027240.0
2017-08-29,11.893486022949219,12.053130743720978,11.813664423805786,11.973308383335098,43363946.0
2017-08-30,11.85357666015625,12.013220633909892,11.733843108909133,11.973309450160853,37189931.0
2017-08-31,12.013219833374023,12.252686158668208,11.8934862901057,11.933397471195141,137654222.0
2017-09-01,12.811440467834473,13.170640359356383,12.093042207275674,12.212775758197148,373330587.0
2017-09-04,13.170639991760254,13.37019514315056,12.851352054032759,12.891262475316829,220970070.0
2017-09-05,13.170639991760254,13.170639991760254,12.891262475316829,13.090817626707135,105413304.0
2017-09-06,12.811440467834473,13.090817992075399,12.731618861796,13.010995624794417,105799739.0
2017-09-07,13.010994911193848,13.41010520322415,12.811439765178697,12.811439765178697,208649181.0
2017-09-08,12.971084594726562,13.17063974233774,12.931174174198308,13.090817378796277,67429505.0
2017-09-11,12.811440467834473,13.090817992075399,12.811440467834473,12.971085202396438,39683117.0
2017-09-12,12.691707611083984,12.931174711661427,12.611886005467344,12.85135234480228,68864374.0
2017-09-13,12.532062530517578,12.851351208480011,12.532062530517578,12.731617668778183,49706351.0
2017-09-14,12.691707611083984,12.85135234480228,12.452242032991556,12.611886005467344,55352030.0
2017-09-15,12.412330627441406,12.691707383963918,12.412330627441406,12.691707383963918,66947676.0
2017-09-18,12.691707611083984,12.771529977943132,12.452242032991556,12.492152455178623,49076923.0
2017-09-19,12.771530151367188,12.931174887253292,12.651797360695127,12.811440574096196,59301078.0
2017-09-20,12.49215316772461,12.77153070642467,12.412331557554987,12.77153070642467,38000508.0
2017-09-21,12.651796340942383,12.691706760454554,12.452241198411699,12.49215161792387,44092594.0
2017-09-22,12.372420310974121,12.691708272566757,12.292597939954687,12.651797848299587,38645339.0
2017-09-25,12.132952690124512,12.4921517996568,12.093041508789264,12.412330198228773,42904781.0
2017-09-26,12.17286491394043,12.372420076464044,12.053132120923275,12.093042544433972,39562677.0
2017-09-27,12.17286491394043,12.332508891710814,12.17286491394043,12.21277609869366,30568758.0
2017-09-28,12.332508087158203,12.372419269307692,12.17286411980273,12.332508087158203,29390155.0
2017-09-29,12.093042373657227,12.332508717552349,12.05313195071014,12.332508717552349,49909398.0
2017-10-02,12.093042373657227,12.172864742036442,12.013220766520533,12.05313195071014,20630955.0
2017-10-03,12.611886978149414,12.851353335953009,12.17286544904992,12.212776635557614,121011084.0
2017-10-05,12.532062530517578,12.771528848678793,12.492151350616968,12.691706488877575,48563114.0
2017-10-06,12.412330627441406,12.611885779775697,12.372419444726049,12.532063414344982,38165950.0
2017-10-11,12.611886978149414,12.851353335953009,12.492153418626334,12.532064605134028,71759212.0
2017-10-12,12.691707611083984,12.85135234480228,12.651797188896918,12.731618794513558,43136440.0
2017-10-13,12.731618881225586,12.891262854788671,12.651797275065299,12.691707697524187,70840411.0
2017-10-16,12.731618881225586,12.811440487385871,12.691707697524187,12.771530064926985,42692972.0
2017-10-17,12.691707611083984,12.771529977943132,12.651797188896918,12.771529977943132,24207299.0
2017-10-18,12.731618881225586,12.891262854788671,12.691707697524187,12.771530064926985,33201648.0
2017-10-19,12.49215316772461,12.851353077836844,12.49215316772461,12.77153070642467,50698643.0
2017-10-20,12.412330627441406,12.492152231629627,12.292597079295335,12.452241810156762,43608989.0
2017-10-23,12.452240943908691,12.651796082360802,12.412329763969781,12.532062542544072,31161517.0
2017-10-24,12.412330627441406,12.532063414344982,12.372419444726049,12.492152231629627,18592033.0
2017-10-25,12.372420310974121,12.532064291770439,12.332509125464405,12.492153106260723,22519255.0
2017-10-26,12.412330627441406,12.452241810156762,12.013220322772824,12.212775475107115,86021724.0
2017-10-27,12.332508087158203,12.492152054513676,12.292596905008715,12.412330451457182,33936230.0
2017-10-30,12.611886978149414,12.651798164657107,12.412331806853514,12.412331806853514,49192225.0
2017-10-31,12.372420310974121,12.651797848299587,12.372420310974121,12.611886662789871,56534819.0
2017-11-01,12.372420310974121,12.532064291770439,12.372420310974121,12.492153106260723,26176532.0
2017-11-02,12.372420310974121,12.452242681993553,12.332509125464405,12.412331496483837,16684932.0
2017-11-03,12.332508087158203,12.45224163360667,12.332508087158203,12.45224163360667,21385155.0
2017-11-06,12.17286491394043,12.372420076464044,12.1329537291872,12.332508891710814,44785007.0
2017-11-07,12.292596817016602,12.292596817016602,12.17286403266768,12.212775214531481,17279082.0
2017-11-08,12.252686500549316,12.292596921509897,12.212775318346253,12.292596921509897,12629656.0
2017-11-09,12.532062530517578,12.731617668778183,12.292596212356361,12.332507392256971,92201809.0
2017-11-10,12.651796340942383,12.691706760454554,12.452241198411699,12.532062798678497,37515315.0
2017-11-13,12.49215316772461,12.611886724842872,12.452242743261074,12.611886724842872,31238911.0
2017-11-14,12.57197380065918,12.651796161033358,12.452241021340356,12.53206262047209,32748470.0
2017-11-15,12.452240943908691,12.571973722482982,12.372418584030871,12.532062542544072,32041841.0
2017-11-16,12.452240943908691,12.571973722482982,12.372418584030871,12.452240943908691,24885125.0
2017-11-17,12.49215316772461,12.611886724842872,12.452242743261074,12.532064353430698,18470595.0
2017-11-20,12.691707611083984,12.771529977943132,12.492152455178623,12.492152455178623,49301271.0
2017-11-21,12.891263008117676,13.050907744822092,12.651797425546096,12.691707848479679,88638640.0
2017-11-22,12.851351737976074,13.05090688445867,12.851351737976074,12.971084521368644,70047120.0
2017-11-23,12.731618881225586,12.891262854788671,12.691707697524187,12.851352432329783,31456593.0
2017-11-24,12.731618881225586,12.851352432329783,12.731618881225586,12.771530064926985,25950090.0
2017-11-27,12.611886978149414,12.811441388202748,12.532064605134028,12.771530962937621,29931575.0
2017-11-28,12.651796340942383,12.731617941209182,12.532062798678497,12.691706760454554,22794894.0
2017-11-29,12.532062530517578,12.731617668778183,12.4522409319588,12.691706488877575,30762394.0
2017-11-30,12.212776184082031,12.452242533033157,12.212776184082031,12.372420162968602,76131735.0
2017-12-01,12.252686500549316,12.412330468119091,12.053131350776479,12.292596921509897,37063822.0
2017-12-04,12.532062530517578,12.532062530517578,12.252685793698193,12.332507392256971,29442712.0
2017-12-05,12.412330627441406,12.492152231629627,12.332508262010691,12.492152231629627,24366444.0
2017-12-06,11.973309516906738,12.372419834136963,11.893487148963686,12.332508650165437,53149345.0
2017-12-07,11.693931579589844,12.172864247940227,11.614109975693108,12.013220278904264,57685398.0
2017-12-08,11.693931579589844,11.8535763098683,11.614109975693108,11.813665127298686,36748999.0
2017-12-11,12.093042373657227,12.093042373657227,11.813665606815018,11.853576791004626,33189554.0
2017-12-12,11.933398246765137,12.093042220255947,11.853576640640988,12.093042220255947,17874261.0
2017-12-13,11.813664436340332,11.933397215803744,11.813664436340332,11.893486035568458,11375969.0
2017-12-14,11.893486022949219,12.09304116267147,11.853575603998726,11.893486022949219,41188298.0
2017-12-15,11.693931579589844,11.893486731195422,11.693931579589844,11.8535763098683,38377016.0
2017-12-18,11.574198722839355,11.813665055560392,11.574198722839355,11.773753873233138,25440191.0
2017-12-19,11.614109992980957,11.773753962254554,11.614109992980957,11.65402117560998,21218677.0
2017-12-20,11.654020309448242,11.733841907531215,11.574197950122835,11.614109129785538,17598605.0
2017-12-21,11.534287452697754,11.733842601572256,11.494376270674357,11.654020998767944,34815083.0
2017-12-22,11.494378089904785,11.574200466585172,11.414556474467,11.574200466585172,32325564.0
2017-12-25,11.534287452697754,11.574198634721151,11.494376270674357,11.534287452697754,8019253.0
2017-12-26,11.214999198913574,11.574198304387451,11.214999198913574,11.534287123503141,29369690.0
2017-12-27,11.334732055664062,11.374643236813656,11.25491045460734,11.25491045460734,16454806.0
2017-12-28,11.414554595947266,11.494376198248625,11.294821050631514,11.33473223240343,20198244.0
2017-12-29,11.334732055664062,11.534287200169565,11.29482087451447,11.414554417963249,33614830.0
2018-01-02,11.37464427947998,11.414555464288066,11.29482190986381,11.334733094671895,16608150.0
2018-01-03,11.494378089904785,11.654022843265558,11.454467662807193,11.494378089904785,54796186.0
2018-01-04,11.454465866088867,11.574198651085867,11.374643501929214,11.494376286926213,31518466.0
2018-01-05,11.614109992980957,11.614109992980957,11.454466023707361,11.494376445093891,39095319.0
2018-01-08,11.733842849731445,11.733842849731445,11.534287696636548,11.614110062371505,48290538.0
2018-01-09,11.77375316619873,11.77375316619873,11.6141092077191,11.693930806337695,26322671.0
2018-01-10,11.334732055664062,11.733842344675068,11.25491045460734,11.693931163525475,54225915.0
2018-01-11,11.175088882446289,11.334732857089875,11.095266514503237,11.29482167311835,50336611.0
2018-01-12,11.334732055664062,11.414554417963249,11.175088092308153,11.214999273457748,49913480.0
2018-01-15,11.414554595947266,11.454465777719184,11.33473223240343,11.374643414175349,21464684.0
2018-01-16,11.414554595947266,11.414554595947266,11.294821050631514,11.414554595947266,26699657.0
2018-01-17,11.414554595947266,11.454465777719184,11.294821050631514,11.33473223240343,26465563.0
2018-01-18,11.414554595947266,11.494376198248625,11.414554595947266,11.414554595947266,40184881.0
2018-01-19,11.334732055664062,11.454465599112844,11.214999273457748,11.454465599112844,33002588.0
2018-01-22,11.175088882446289,11.374644041061401,11.135177698474763,11.29482167311835,74930371.0
2018-01-23,11.654020309448242,11.853575446519326,11.21499885564337,11.254910035306075,149322801.0
2018-01-24,11.494378089904785,11.654022843265558,11.414556474467,11.574200466585172,69620583.0
2018-01-25,11.574198722839355,12.053131388281427,11.574198722839355,11.654021087493863,162032761.0
2018-01-26,11.654020309448242,11.69393072786851,11.454465172377159,11.654020309448242,75870231.0
2018-01-29,11.614109992980957,11.8535763275126,11.534287627722913,11.773753962254554,60472966.0
2018-01-30,11.534287452697754,11.69393141954886,11.494376270674357,11.614109816744547,33310846.0
2018-01-31,11.37464427947998,11.494377072661704,11.334733094671895,11.494377072661704,61565233.0
2018-02-01,11.494378089904785,11.614111654925365,11.374645286126807,11.374645286126807,37161440.0
2018-02-02,11.614109992980957,11.65402117560998,11.414554841078338,11.454466023707361,54740128.0
2018-02-05,11.494378089904785,11.574200466585172,11.334734097786614,11.334734097786614,37115724.0
2018-02-06,11.135176658630371,11.33473179861028,10.975532698894934,11.254910199363785,110514393.0
2018-02-07,11.334732055664062,11.414554417963249,11.25491045460734,11.29482087451447,54288824.0
2018-02-08,11.294821739196777,11.374644107606818,11.254911316234281,11.254911316234281,36045599.0
2018-02-09,11.214999198913574,11.334731980324046,10.975532874850169,11.135176837144952,82496338.0
2018-02-12,11.055355072021484,11.294820631277155,11.055355072021484,11.214999031939413,50923978.0
2018-02-21,11.254910469055176,11.294820889013538,11.135176925452694,11.214999287854349,55608851.0
2018-02-22,11.135176658630371,11.214999019119313,11.095265478385901,11.175087838874843,24796329.0
2018-02-23,11.294821739196777,11.294821739196777,11.175088947824241,11.175088947824241,26398680.0
2018-02-26,11.254910469055176,11.374643251415192,11.254910469055176,11.334732070214365,19235326.0
2018-02-27,11.294821739196777,11.374644107606818,11.294821739196777,11.294821739196777,25142905.0
2018-03-01,11.175088882446289,11.254911250389341,11.135177698474763,11.254911250389341,31311735.0
2018-03-02,11.175088882446289,11.175088882446289,11.055356091774229,11.095266514503237,24219882.0
2018-03-05,11.095266342163086,11.21499989221787,11.055355920053996,11.175088708866276,18923532.0
2018-03-06,11.294821739196777,11.334732923401797,11.135177763619222,11.175088947824241,38196016.0
2018-03-07,11.214999198913574,11.334731980324046,11.175088018029262,11.254910379797884,23556623.0
2018-03-08,12.332508087158203,12.332508087158203,11.773753820792804,11.813665002942294,192783370.0
2018-03-09,12.053132057189941,12.532063987968646,12.013220872647752,12.452242380126794,171989378.0
2018-03-12,12.17286491394043,12.332508891710814,12.1329537291872,12.21277609869366,53882965.0
2018-03-13,12.17286491394043,12.17286491394043,12.053132120923275,12.1329537291872,41466811.0
2018-03-14,12.053132057189941,12.172864849573987,12.013220872647752,12.132953665031796,29865280.0
2018-03-15,12.053132057189941,12.132953665031796,12.013220872647752,12.013220872647752,26807907.0
2018-03-16,12.132952690124512,12.132952690124512,11.973308726025992,12.01321990736124,40546513.0
2018-03-19,12.17286491394043,12.252687283446889,12.053132120923275,12.093042544433972,26548555.0
2018-03-20,12.132952690124512,12.132952690124512,12.053131088696485,12.132952690124512,22326811.0
2018-03-21,12.132952690124512,12.172863871459759,12.053131088696485,12.132952690124512,18505425.0
2018-03-22,12.17286491394043,12.252687283446889,12.093042544433972,12.21277609869366,24926924.0
2018-03-23,12.132952690124512,12.132952690124512,11.973308726025992,12.01321990736124,50157951.0
2018-03-26,12.093042373657227,12.132953557846834,12.013220766520533,12.013220766520533,27810888.0
2018-03-27,12.412330627441406,12.492152231629627,12.093041926961044,12.1329531096764,58111240.0
2018-03-28,12.292596817016602,12.3724191807442,12.212775214531481,12.25268639639528,19099923.0
2018-03-29,12.212776184082031,12.332508977936325,12.132953814017476,12.252687369114309,37000161.0
2018-03-30,12.292596817016602,12.3325079988804,12.132952850803882,12.212775214531481,29931778.0
2018-04-02,12.332508087158203,12.571974418812655,12.292596905008715,12.372419269307692,28643495.0
2018-04-03,12.292596817016602,12.3325079988804,12.212775214531481,12.25268639639528,25663884.0
2018-04-09,12.17286491394043,12.292597706957585,12.1329537291872,12.21277609869366,41328988.0
2018-04-10,12.212776184082031,12.292597792904047,12.132953814017476,12.212776184082031,43686362.0
2018-04-11,12.292596817016602,12.4522415444718,12.212775214531481,12.25268639639528,29420087.0
2018-04-12,12.332508087158203,12.372419269307692,12.252686484101709,12.292596905008715,24395100.0
2018-04-13,12.292596817016602,12.3724191807442,12.292596817016602,12.292596817016602,19916291.0
2018-04-16,12.252686500549316,12.332508103712962,12.252686500549316,12.292596921509897,16106002.0
2018-04-17,12.252686500549316,12.372419285916028,12.212775318346253,12.252686500549316,33941740.0
2018-04-18,12.452240943908691,12.452240943908691,12.252685805456581,12.33250740409196,43266308.0
2018-04-19,12.651796340942383,12.77152912196381,12.452241198411699,12.49215161792387,57239731.0
2018-04-20,12.452240943908691,12.611884902421892,12.372418584030871,12.571973722482982,34122407.0
2018-04-23,12.412330627441406,12.611885779775697,12.372419444726049,12.412330627441406,20121592.0
2018-04-24,12.252686500549316,12.492152071282737,12.132952953940123,12.412330468119091,57837166.0
2018-04-25,12.372420310974121,12.452242681993553,12.212776330177803,12.212776330177803,50347727.0
2018-04-26,12.532062530517578,12.651796070219405,12.292596212356361,12.372418572157581,79246861.0
2018-04-27,12.532062530517578,12.731617668778183,12.4522409319588,12.532062530517578,45414790.0
2018-04-30,12.771530151367188,12.85135251931024,12.53206380878055,12.53206380878055,60872336.0
2018-05-02,12.971084594726562,13.45001725349038,12.771529447115384,12.771529447115384,105765858.0
2018-05-03,12.811440467834473,12.971085202396438,12.731618861796,12.971085202396438,53928795.0
2018-05-04,12.771530151367188,13.09081810065436,12.731618967395661,12.771530151367188,49075125.0
2018-05-07,12.49215316772461,12.891263502300381,12.49215316772461,12.851353077836844,41618961.0
2018-05-08,12.651796340942383,12.651796340942383,12.49215161792387,12.611885160187754,25284222.0
2018-05-09,12.931174278259277,13.210550269175187,12.57197440067459,12.651796764858405,48096224.0
2018-05-10,12.731618881225586,13.130729956997067,12.731618881225586,13.050907589594267,23378264.0
2018-05-11,12.891263008117676,12.931174953536303,12.771530216831886,12.851352585184094,31393160.0
2018-05-14,13.09081745147705,13.09081745147705,12.771529518023456,12.931174245992734,32914897.0
2018-05-15,13.130729675292969,13.21055051849828,12.931174522309702,13.050907309602662,42548647.0
2018-05-16,13.010994911193848,13.210550057208998,12.93117407077574,13.090817274096896,33701981.0
2018-05-17,12.811440467834473,13.170640359356383,12.811440467834473,13.05090756967742,26416612.0
2018-05-18,12.811440467834473,12.891262835115455,12.731618861796,12.891262835115455,22129437.0
2018-05-21,12.811440467834473,12.891262835115455,12.771530045436492,12.811440467834473,10344761.0
2018-05-22,12.931174278259277,13.290372633359002,12.931174278259277,12.971084699108703,43275499.0
2018-05-23,12.931174278259277,13.090817484141944,12.851351914075462,13.050907063292518,21014513.0
2018-05-24,12.931174278259277,13.010995119958128,12.811439970741072,12.931174278259277,13951673.0
2018-05-25,12.971084594726562,13.010995015254817,12.8912622311851,12.931174174198308,25392359.0
2018-05-28,13.09081745147705,13.170639815461689,12.971084666742573,13.13072939471185,34010039.0
2018-05-29,13.130729675292969,13.25046246258593,13.050907309602662,13.170640096895625,33254072.0
2018-05-30,13.09081745147705,13.330284543430967,12.971084666742573,13.010995087492413,54574035.0
2018-05-31,13.290372848510742,13.290372848510742,13.090817696063178,13.21055048303472,97119929.0
2018-06-01,13.130729675292969,13.330284828276236,13.09081773120532,13.290372884188587,30379635.0
2018-06-04,13.170639991760254,13.210550413044324,13.090817626707135,13.170639991760254,33403733.0
2018-06-05,13.170639991760254,13.290372778097442,13.130729570476186,13.250462356813372,31280763.0
2018-06-06,13.09081745147705,13.210550236211528,13.050907030727211,13.170639815461689,41873811.0
2018-06-07,13.250462532043457,13.250462532043457,13.090817799826006,13.130729744122869,38502990.0
2018-06-08,13.09081745147705,13.250462179446329,13.050907030727211,13.210550236211528,29558632.0
2018-06-11,13.41010570526123,13.41010570526123,13.1706401300721,13.21055055177529,72224476.0
2018-06-12,13.450016975402832,13.569749756996998,13.370194613511748,13.450016975402832,76328073.0
2018-06-13,14.767080307006836,14.767080307006836,13.729394191724635,13.889037389660803,350536539.0
2018-06-14,14.447793960571289,14.806992336872158,14.288149222780866,14.64734912156679,181043205.0
2018-06-15,14.88681411743164,14.88681411743164,14.32806060221754,14.367971023845335,96066502.0
2018-06-19,14.52761459350586,14.767080149091777,14.52761459350586,14.727169730655747,91259275.0
2018-06-20,14.407882690429688,14.567527435705442,14.088594722363306,14.527617010629065,90050350.0
2018-06-21,14.088593482971191,14.367971001383989,14.08859348297119,14.367971001383989,49753035.0
2018-06-22,14.208325386047363,14.28814774669626,13.729394267123777,13.96885982658557,57142286.0
2018-06-25,14.208325386047363,14.24823732761426,13.889037465936672,14.168414966965363,31182075.0
2018-06-26,14.048683166503906,14.088593588367878,13.889038434078008,13.968860800290956,30096426.0
2018-06-27,14.048683166503906,14.367971108870698,13.968860800290956,14.128505532716854,52024313.0
2018-06-28,13.529839515686035,13.84912744497529,13.48992757297179,13.84912744497529,70476104.0
2018-06-29,13.529839515686035,13.529839515686035,13.529839515686035,13.529839515686035,0.0
2018-07-02,14.52761459350586,14.647347371298817,14.24823709699904,14.44779223414893,162084485.0
2018-07-03,14.328060150146484,14.487703354105685,14.168415423702339,14.367970570515048,98406139.0
2018-07-04,14.328060150146484,14.886813647731103,14.248237786924411,14.527615296959194,105768020.0
2018-07-05,14.328060150146484,14.367970570515048,14.008770697258193,14.367970570515048,56808340.0
2018-07-06,14.048683166503906,14.248238320793776,13.889038434078008,14.168415954580826,61037692.0
2018-07-09,14.088593482971191,14.128505427021585,13.968860695789989,14.048683061405788,62565827.0
2018-07-10,14.139864921569824,14.34780411159291,14.098277718145255,14.30621690816834,57819296.0
2018-07-11,14.056690216064453,14.139866216983823,13.890339800675978,14.09827900974927,30143840.0
2018-07-12,14.514156341552734,14.638919540368487,14.09827795453346,14.13986515865533,75250156.0
2018-07-13,14.47256851196289,14.638920512396473,14.389392511746099,14.597331719062952,20428290.0
2018-07-16,14.347805976867676,14.55574519392373,14.26462997275519,14.51415798509265,35435883.0
2018-07-17,14.347805976867676,14.430981980980162,14.181453968642703,14.306218768036596,33440075.0
2018-07-18,14.47256851196289,14.763683719496534,14.264629304646038,14.34780530486283,67247948.0
2018-07-19,14.638920783996582,14.76368399341141,14.555744782236602,14.638920783996582,59100677.0
2018-07-20,14.8468599319458,15.054799142235096,14.763683930540028,14.8468599319458,97511292.0
2018-07-23,15.179561614990234,15.512264018028748,15.01320962024588,15.304324817823403,104322118.0
2018-07-24,15.13797378540039,15.262736983089653,14.888445803571734,14.97162179751462,70162052.0
2018-07-25,15.13797378540039,15.345912977032539,14.930034593768243,15.096384995203882,84335840.0
2018-07-26,14.555744171142578,14.597331377051471,14.13986576625279,14.430980966965684,196330657.0
2018-07-27,14.389391899108887,14.597331097572601,14.347804693996219,14.514156687347262,56979863.0
2018-07-30,14.306217193603516,14.389391602112136,14.139865203685973,14.306217193603516,55988748.0
2018-07-31,14.597332000732422,14.59733200073242,14.264629579895695,14.306218374031713,108556048.0
2018-08-01,14.47256851196289,14.55574451217968,14.306218097979558,14.55574451217968,32256878.0
2018-08-02,14.389391899108887,14.555743892459931,14.306217488883549,14.555743892459931,30848738.0
2018-08-03,14.72209644317627,14.763683649863394,14.4725684437028,14.4725684437028,59478342.0
2018-08-06,14.930035591125488,15.013210004174464,14.76368359212706,14.805270798651549,62004305.0
2018-08-07,14.8468599319458,14.930035933351574,14.722096723062277,14.805271138017776,33961732.0
2018-08-08,14.930035591125488,14.971622797649976,14.76368359212706,14.930035591125488,49063549.0
2018-08-09,14.8468599319458,15.013210348307073,14.722096723062277,14.8468599319458,71095101.0
2018-08-10,14.930035591125488,15.013210004174464,14.76368359212706,14.805270798651549,51563981.0
2018-08-13,14.389391899108887,14.846859087599167,14.389391899108887,14.805270296036314,56243477.0
2018-08-14,14.47256851196289,14.514157305296411,14.34780530486283,14.389392511746099,28349756.0
2018-08-15,14.098278999328613,14.514157417167803,14.098278999328615,14.472568623513727,54972841.0
2018-08-16,14.264627456665039,14.306216244610736,13.890337883854029,13.931925085349683,35998118.0
2018-08-17,14.306217193603516,14.347804397857827,14.223041198644745,14.264628402899055,30651088.0
2018-08-20,14.597332000732422,14.680508002554173,14.306218374031713,14.347805581717447,38416849.0
2018-08-21,14.971622467041016,14.971622467041016,14.59733127078491,14.638920062841256,80748426.0
2018-08-22,14.555744171142578,14.888446577764366,14.555744171142578,14.888446577764366,36992562.0
2018-08-23,14.680508613586426,14.680508613586426,14.514158189469367,14.597332608302722,18832922.0
2018-08-24,14.389391899108887,14.680507094248123,14.306217488883549,14.597331097572601,26098754.0
2018-08-27,14.47256851196289,14.514157305296411,14.306218097979558,14.514157305296411,23307601.0
2018-08-28,14.555744171142578,14.722096167678579,14.430980966965684,14.472568172874578,24876881.0
2018-08-29,14.597332000732422,14.638920794868438,14.4309815835392,14.555744793046687,28640070.0
2018-08-30,14.430981636047363,14.597332053845864,14.430981636047363,14.55574484600881,25952572.0
2018-08-31,14.430981636047363,14.430981636047363,14.223042423961523,14.34780563392297,43748570.0
2018-09-03,14.223043441772461,14.389393871475113,14.181454644508996,14.306219449848987,25135814.0
2018-09-04,14.306217193603516,14.347804397857827,14.223041198644745,14.264628402899055,16189877.0
2018-09-05,14.139864921569824,14.26462811829365,14.139864921569824,14.223040914869081,33116439.0
2018-09-06,14.056690216064453,14.09827900974927,13.93192700791053,14.0151030088299,31933666.0
2018-09-07,13.557636260986328,14.015103488473793,13.432873048562591,13.931927484707861,50782783.0
2018-09-10,12.933818817138672,13.51604843733259,12.89223081714801,13.47446123056705,119068509.0
2018-09-11,13.01699447631836,13.058582477754472,12.767468054151992,12.892231265235177,68393936.0
2018-09-12,12.80905532836914,13.100170546696912,12.725880118293459,13.058582545046493,36269840.0
2018-09-13,12.975406646728516,12.975406646728516,12.64270344439759,12.809054648950497,35107587.0
2018-09-14,13.058581352233887,13.141757347937162,12.975406149755695,13.058581352233887,33309692.0
2018-09-17,12.975406646728516,13.058581852392413,12.933818647284012,13.058581852392413,17324379.0
2018-09-18,12.72588062286377,12.933819846135316,12.642704616265075,12.89223184283597,26015669.0
2018-09-19,12.975406646728516,13.016993852947907,12.767467442731105,12.850642648395002,31600089.0
2018-09-20,12.850643157958984,12.97540716123974,12.8090551568654,12.97540716123974,23341924.0
2018-09-21,13.183345794677734,13.183345794677734,12.850642593761277,12.933818592296669,45287222.0
2018-09-25,13.01699447631836,13.224933690273765,12.9754072681074,13.224933690273765,18291276.0
2018-09-26,13.224932670593262,13.224932670593262,12.975406267666102,12.975406267666102,26348243.0
2018-09-27,13.266521453857422,13.308109454547912,13.100170244320601,13.14175824501109,25682429.0
2018-09-28,13.432873725891113,13.432873725891113,13.183347288461714,13.22493449921648,28153094.0
2018-10-01,13.224932670593262,13.308108667052375,13.183345465588795,13.308108667052375,12157097.0
2018-10-02,12.975406646728516,13.266521056389823,12.975406646728516,13.183345850725928,15619834.0
2018-10-03,12.892230987548828,13.058582196485077,12.850642987008483,12.97540698862952,17982464.0
2018-10-04,12.559528350830078,12.850642763089644,12.517940351014392,12.809054763273958,48230973.0
2018-10-05,12.226825714111328,12.55952893488333,12.143650503837195,12.47635293138404,57497812.0
2018-10-08,12.3100004196167,12.351588416981212,12.185236427523158,12.185236427523158,21598076.0
2018-10-09,12.3100004196167,12.351588416981212,11.89412203242171,12.3100004196167,48875474.0
2018-10-11,11.436656951904297,11.852535386518998,11.35348094769129,11.644596169211647,120755857.0
2018-10-12,11.353480339050293,11.686183544841493,11.353480339050293,11.353480339050293,81810423.0
2018-10-15,11.10395336151123,11.353479761632766,11.10395336151123,11.270304559333947,45337262.0
2018-10-16,10.9791898727417,11.228717077554602,10.89601466662081,11.10395387176071,54706473.0
2018-10-17,11.311894416809082,11.311894416809082,11.103955187038512,11.187130403011613,50830558.0
2018-10-18,11.02077865600586,11.353481090595212,10.979190653375897,11.311893881190423,39445621.0
2018-10-19,11.062365531921387,11.187128733878827,10.812838334781413,10.896014331569768,88342012.0
2018-10-22,10.896015167236328,10.97919037717869,10.812839164068814,10.97919037717869,43472145.0
2018-10-23,10.604900360107422,10.854427586049104,10.563312356912945,10.854427586049104,47902377.0
2018-10-24,10.521722793579102,10.812837979549302,10.396959595720483,10.604898787634893,59429485.0
2018-10-25,10.230609893798828,10.313785106767408,9.856319452377262,9.89790666224896,75059655.0
2018-10-26,9.731554985046387,10.0226701997973,9.648379775992659,9.981082198657862,135893463.0
2018-10-29,9.648380279541016,9.814731499555478,9.565204272921191,9.565204272921191,60307053.0
2018-10-30,9.731554985046387,9.939494197518426,9.523615772574349,9.648379775992659,75673087.0
2018-10-31,9.814730644226074,9.856318643911695,9.68996664516921,9.856318643911695,89349728.0
2018-11-01,9.939494132995605,10.022670134734538,9.68996692100395,9.731554921873418,70480864.0
2018-11-02,9.897905349731445,9.897905349731445,9.648378950689116,9.81473014779236,71188356.0
2018-11-05,8.941386222839355,9.31567665026667,8.941386222839355,8.941386222839355,233448269.0
2018-11-06,9.066149711608887,9.31567693526949,8.941386496391173,9.190913720051777,209094828.0
2018-11-07,9.107736587524414,9.232500580530274,8.98297338774363,9.149324585193034,101535652.0
2018-11-08,9.02456283569336,9.14932605552406,8.858210818285485,9.14932605552406,153873512.0
2018-11-09,8.816622734069824,9.024561942012744,8.733446733602605,8.982973941779134,101968055.0
2018-11-12,8.899798393249512,8.899798393249512,8.691859174747302,8.775035179438254,93870885.0
2018-11-13,8.691858291625977,8.816622285985972,8.650270293505978,8.733446289745974,114461337.0
2018-11-14,8.982973098754883,9.024561095085588,8.691857917665004,8.733445913995709,77930233.0
2018-11-15,9.31567668914795,9.357264690863484,9.024562263589512,9.066149472079891,88328611.0
2018-11-16,9.149324417114258,9.398851605316931,9.06614842330501,9.398851605316931,82071588.0
2018-11-19,9.232501029968262,9.232501029968262,9.024561824727762,9.107737030888892,51496509.0
2018-11-20,9.149324417114258,9.232500410923503,9.06614842330501,9.149324417114258,35264856.0
2018-11-21,9.149324417114258,9.274087614603062,9.06614842330501,9.107736420209633,30590619.0
2018-11-22,9.31567668914795,9.31567668914795,9.149325475510963,9.190913477226498,39103506.0
2018-11-23,9.274087905883789,9.357263902305428,9.190912702687239,9.315675904094608,29554385.0
2018-11-26,9.565202713012695,9.60679070954037,9.3156755270717,9.3156755270717,42841802.0
2018-11-27,9.77314281463623,9.814730815045666,9.482027604995311,9.606791606223618,49125712.0
2018-11-28,9.77314281463623,9.8563188154551,9.648379606633053,9.77314281463623,54305180.0
2018-11-29,9.565202713012695,9.856317895481364,9.565202713012695,9.856317895481364,51275633.0
2018-11-30,9.606790542602539,9.73155373679249,9.482026555187545,9.606790542602539,108883538.0
2018-12-03,9.731554985046387,9.856318988464698,9.731554985046387,9.731554985046387,69038070.0
2018-12-04,9.814730644226074,9.897905850372199,9.731554644854832,9.773142644540453,57053658.0
2018-12-05,9.606790542602539,9.73155373679249,9.565202546797542,9.689965740987493,37858349.0
2018-12-06,9.398852348327637,9.606791556063977,9.315676347943048,9.606791556063977,53440490.0
2018-12-07,9.31567668914795,9.440440694294557,9.232501478942034,9.39885269257902,41299094.0
2018-12-10,9.232501029968262,9.315676236129391,9.190913030275139,9.232501029968262,28909847.0
2018-12-11,9.149324417114258,9.232500410923503,9.06614842330501,9.149324417114258,43083155.0
2018-12-12,9.398852348327637,9.482027555487097,9.149325140399002,9.232501140783588,39227753.0
2018-12-13,9.565202713012695,9.60679070954037,9.440439516654726,9.440439516654726,60620361.0
2018-12-14,9.440441131591797,9.565204349292491,9.35726512430787,9.482028342008565,43971055.0
2018-12-17,9.482027053833008,9.606791047809152,9.440439849066045,9.482027053833008,47467219.0
2018-12-18,9.31567668914795,9.440440694294557,9.31567668914795,9.39885269257902,44061825.0
2018-12-19,9.398852348327637,9.52361555567939,9.315676347943048,9.357264348135343,47343708.0
2018-12-20,9.398852348327637,9.52361555567939,9.315676347943048,9.357264348135343,40497768.0
2018-12-21,9.482027053833008,9.523615051825056,9.35726385308195,9.398851851073998,63555203.0
2018-12-24,9.31567668914795,9.440440694294557,9.274088687432414,9.39885269257902,25863419.0
2018-12-25,9.274087905883789,9.315675904094608,9.190912702687239,9.232500700898058,11846569.0
2018-12-26,9.31567668914795,9.357264690863484,9.274088687432414,9.31567668914795,12700965.0
2018-12-27,9.357263565063477,9.482026761974298,9.315675568351516,9.440439558487398,20757329.0
2018-12-28,9.357263565063477,9.398851561775437,9.315675568351516,9.357263565063477,16896997.0
2019-01-02,9.232501029968262,9.440440235208762,9.232501029968262,9.398852235515639,18798696.0
2019-01-03,9.066149711608887,9.232501722866074,8.941386496391173,9.232501722866074,49252981.0
2019-01-04,8.899798393249512,8.941386395594987,8.775035179438254,8.899798393249512,43041214.0
2019-01-07,9.149324417114258,9.19091241401888,8.98297322272083,9.06614842330501,32910190.0
2019-01-08,9.107736587524414,9.232500580530274,9.066148589855793,9.232500580530274,20389466.0
2019-01-09,9.232501029968262,9.274088236436267,9.190913030275139,9.232501029968262,36188175.0
2019-01-10,9.274087905883789,9.274087905883789,9.190912702687239,9.274087905883789,30341057.0
2019-01-11,9.31567668914795,9.31567668914795,9.232501478942034,9.274088687432414,23328976.0
2019-01-14,9.232501029968262,9.357264235822514,9.190913030275139,9.315676236129391,25189695.0
2019-01-15,9.357263565063477,9.398851561775437,9.232500368152655,9.315675568351516,34809977.0
2019-01-16,9.398852348327637,9.44044034851993,9.274088347750755,9.357264348135343,30906563.0
2019-01-17,9.357263565063477,9.482026761974298,9.315675568351516,9.440439558487398,40067607.0
2019-01-18,9.482027053833008,9.482027053833008,9.35726385308195,9.440439849066045,30066230.0
2019-01-21,9.731554985046387,9.773142986185825,9.523615772574349,9.565203773713785,60585046.0
2019-01-22,9.731554985046387,9.773142986185825,9.68996698390695,9.731554985046387,19850996.0
2019-01-23,9.606790542602539,9.689965740987493,9.606790542602539,9.689965740987493,9871702.0
2019-01-24,9.731554985046387,9.731554985046387,9.648379775992659,9.648379775992659,13008945.0
2019-01-25,9.939494132995605,9.939494132995605,9.773142922742883,9.814730923612348,43611148.0
2019-01-28,9.856319427490234,9.939494640248798,9.77314342150649,9.939494640248798,34489190.0
2019-01-29,9.981082916259766,9.981082916259766,9.731555684708232,9.814731692967143,37426129.0
2019-01-30,9.440441131591797,9.565204349292491,9.35726512430787,9.482028342008565,95570714.0
2019-02-11,9.02456283569336,9.482028503889397,8.98297483134139,9.482028503889397,82010464.0
2019-02-12,9.232501029968262,9.274088236436267,8.982973825034637,9.024561824727762,70690509.0
2019-02-13,9.232501029968262,9.315676236129391,9.149325030582014,9.315676236129391,51522805.0
2019-02-14,9.398852348327637,9.398852348327637,9.232501140783588,9.274088347750755,26940217.0
2019-02-15,9.482027053833008,9.482027053833008,9.315675855089902,9.35726385308195,33217732.0
2019-02-18,9.523615837097168,9.606791839939563,9.523615837097168,9.565203838518364,21590780.0
2019-02-19,9.523615837097168,9.565203838518364,9.482027835675972,9.523615837097168,15100991.0
2019-02-20,9.482027053833008,9.523615051825056,9.440439849066045,9.523615051825056,21871874.0
2019-02-21,9.523615837097168,9.565203838518364,9.440440627479925,9.523615837097168,33906945.0
2019-02-22,9.565202713012695,9.565202713012695,9.398851520127051,9.52361471648502,39409802.0
2019-02-25,9.689966201782227,9.731554199564892,9.565203001659311,9.606790999441976,58222707.0
2019-02-26,9.689966201782227,9.773142197347557,9.648378997224642,9.689966201782227,31765810.0
2019-02-27,9.523615837097168,9.689967049556806,9.440440627479925,9.689967049556806,65102102.0
2019-03-04,9.523615837097168,9.648379841360759,9.398852626058728,9.440440627479925,27904777.0
2019-03-05,9.648380279541016,9.648380279541016,9.482028266301368,9.482028266301368,22504875.0
2019-03-06,9.731554985046387,9.773142986185825,9.606791774853223,9.606791774853223,20169922.0
2019-03-07,9.856319427490234,9.98108264324067,9.77314342150649,9.77314342150649,58798424.0
2019-03-08,9.648380279541016,9.85631950286539,9.648380279541016,9.85631950286539,26782759.0
2019-03-11,9.523615837097168,9.648379841360759,9.482027835675972,9.606791839939563,40281218.0
2019-03-12,9.689966201782227,9.689966201782227,9.606790999441976,9.606790999441976,15935867.0
2019-03-13,9.606790542602539,9.689965740987493,9.565202546797542,9.689965740987493,14050087.0
2019-03-14,9.523615837097168,9.648379841360759,9.523615837097168,9.606791839939563,17760239.0
2019-03-15,9.689966201782227,9.689966201782227,9.523615003876646,9.523615003876646,28892091.0
2019-03-18,9.731554985046387,9.731554985046387,9.606791774853223,9.606791774853223,22359888.0
2019-03-19,9.731554985046387,9.773142986185825,9.68996698390695,9.731554985046387,25848816.0
2019-03-20,9.606790542602539,9.73155373679249,9.606790542602539,9.689965740987493,18746543.0
2019-03-21,9.648380279541016,9.731555492935653,9.606792276231104,9.648380279541016,27175505.0
2019-03-22,9.814730644226074,9.814730644226074,9.68996664516921,9.68996664516921,27719568.0
2019-03-25,9.689966201782227,9.814730195130222,9.648378997224642,9.689966201782227,37537288.0
2019-03-26,9.689966201782227,9.773142197347557,9.689966201782227,9.689966201782227,13701719.0
2019-03-27,9.689966201782227,9.731554199564892,9.648378997224642,9.689966201782227,14664465.0
2019-03-28,9.689966201782227,9.731554199564892,9.648378997224642,9.689966201782227,19455846.0
2019-03-29,9.689966201782227,9.731554199564892,9.648378997224642,9.689966201782227,21571004.0
2019-04-01,9.606790542602539,9.773141732597487,9.606790542602539,9.73155373679249,22798711.0
2019-04-02,9.648380279541016,9.731555492935653,9.606792276231104,9.689967489625742,19678479.0
2019-04-03,9.606790542602539,9.689965740987493,9.606790542602539,9.648378538407538,21951315.0
2019-04-08,9.897905349731445,10.10584454441677,9.648378950689116,9.648378950689116,105510930.0
2019-04-09,10.230609893798828,10.230609893798828,9.939494665345842,9.981082668442724,86939518.0
2019-04-10,10.189021110534668,10.272197110359693,10.06425790402225,10.230609110447181,48397306.0
2019-04-11,10.064257621765137,10.355372026538035,10.064257621765137,10.272196822270821,89309795.0
2019-04-12,10.147433280944824,10.189021281555384,10.064258072948842,10.189021281555384,17252844.0
2019-04-15,10.022669792175293,10.230608996190444,10.022669792175293,10.189020996742391,22168344.0
2019-04-16,10.064257621765137,10.189020824778508,9.981081624272823,10.064257621765137,32488007.0
2019-04-17,10.147433280944824,10.313784490161927,10.064258072948842,10.105845280334266,59977263.0
2019-04-18,9.981082916259766,10.230610147811301,9.897906908000854,10.189022143681845,44463821.0
2019-04-19,10.064257621765137,10.064257621765137,9.981081624272823,10.02266962301898,24015462.0
2019-04-22,9.897905349731445,10.10584454441677,9.897905349731445,10.10584454441677,28202641.0
2019-04-23,9.939494132995605,9.981082133865073,9.89790613212614,9.89790613212614,27169104.0
2019-04-24,9.939494132995605,10.064258135604003,9.856318924481814,10.022670134734538,39688992.0
2019-04-25,10.896015167236328,10.896015167236328,10.480136737849067,10.480136737849067,185934503.0
2019-04-26,11.187129974365234,11.187129974365234,10.771251530758905,10.896015539775911,216758817.0
2019-04-29,11.10395336151123,11.228716561571998,11.020777365987332,11.187128563810049,71900498.0
2019-04-30,11.187129974365234,11.228717977370904,11.062366758573408,11.103954761579077,63103184.0
2019-05-02,11.270304679870605,11.311892678077342,11.103953480268752,11.103953480268752,37508456.0
2019-05-03,11.519832611083984,11.561419818719735,11.270305399143782,11.270305399143782,87607849.0
2019-05-06,10.9791898727417,11.3950682830215,10.937601873068695,11.228717077554602,94350184.0
2019-05-07,11.311894416809082,11.353481628183028,11.0207791778402,11.103955187038512,53939136.0
2019-05-08,11.187129974365234,11.270305980376573,11.062366758573408,11.103954761579077,53979097.0
2019-05-09,10.937601089477539,11.187128276413826,10.812837892621925,11.145540279720269,61721274.0
2019-05-10,10.9791898727417,11.145541078208597,10.854426666947806,11.062365872087707,34772896.0
2019-05-13,10.77125072479248,10.979189931036448,10.77125072479248,10.896014724473934,34652746.0
2019-05-14,10.812838554382324,10.896014552859924,10.480136146922142,10.646487350652233,68436279.0
2019-05-15,10.729662895202637,10.937602104747068,10.729662895202637,10.77125089575655,54345421.0
2019-05-16,10.77125072479248,10.812838724686298,10.64648751833615,10.729662724898663,32193147.0
2019-05-17,10.812838554382324,11.020777757351215,10.771250555143524,10.896014552859924,52327936.0
2019-05-20,10.604900360107422,10.896015589243582,10.604900360107422,10.854427586049104,36419272.0
2019-05-21,10.77125072479248,10.854426724580117,10.521723518654696,10.563311518548513,39455900.0
2019-05-22,10.812838554382324,10.854426553621124,10.688075349891033,10.771250555143524,25560881.0
2019-05-23,10.68807601928711,10.812839231592342,10.604900015600181,10.68807601928711,46770279.0
2019-05-24,10.77125072479248,10.896014724473934,10.729662724898663,10.77125072479248,27753770.0
2019-05-27,10.64648723602295,10.854426436752988,10.64648723602295,10.81283843796196,25262205.0
2019-05-28,10.355372428894043,10.646487638203267,10.313784428531994,10.646487638203267,86813566.0
2019-05-29,10.48013687133789,10.48013687133789,10.105845645541766,10.230609651882196,32266476.0
2019-05-30,10.604900360107422,10.6464883633019,10.438549140554695,10.563312356912945,43693334.0
2019-05-31,10.729662895202637,10.77125089575655,10.521723685658205,10.521723685658205,29740913.0
2019-06-03,10.9791898727417,11.020777872414703,10.563311462461899,10.646487461807906,41302659.0
2019-06-04,10.812838554382324,11.062365756590015,10.729662555904724,10.937601758873615,41757982.0
2019-06-05,10.729662895202637,10.979190105300981,10.729662895202637,10.937602104747068,24276407.0
2019-06-06,10.854426383972168,10.896014382560969,10.68807518284206,10.729662388205764,30618239.0
2019-06-10,11.062365531921387,11.062365531921387,10.85442633317559,10.979189535133031,28170170.0
2019-06-11,11.145541191101074,11.18712919119532,11.020777984043463,11.103953984231953,30040260.0
2019-06-12,11.270304679870605,11.270304679870605,11.103953480268752,11.187128683457134,30229283.0
2019-06-13,11.436656951904297,11.603008167105145,11.14554173038394,11.228717734596946,70097271.0
2019-06-14,11.395068168640137,11.436656167895688,11.311892963354142,11.395068168640137,28211150.0
2019-06-17,11.353480339050293,11.519832338558453,11.311893132398374,11.395068338927333,30522774.0
2019-06-18,11.02077865600586,11.353481090595212,11.02077865600586,11.353481090595212,41290425.0
2019-06-19,11.353480339050293,11.353480339050293,11.103953926238296,11.187129132767254,48300373.0
2019-06-20,11.145541191101074,11.43665639853567,11.103953984231953,11.395068398441422,38934573.0
2019-06-21,11.395068168640137,11.395068168640137,11.187128965587487,11.27030496409859,48460614.0
2019-06-24,11.436656951904297,11.4782449540108,11.228717734596946,11.270305736703449,25972285.0
2019-06-25,11.395068168640137,11.519832166406792,11.353480169384586,11.436656167895688,26154417.0
2019-06-26,11.478243827819824,11.603007028672994,11.43665582979374,11.519831825845909,59484921.0
2019-06-27,11.644596099853516,11.727772103571104,11.561420096135926,11.60300809799472,62428579.0
2019-06-28,11.603007316589355,11.727771313763498,11.519832111698365,11.727771313763498,32353347.0
2019-07-01,11.935710906982422,12.018886114599207,11.686183697681805,11.686183697681805,47180565.0
2019-07-02,11.852535247802734,11.977298459436913,11.810947246182957,11.977298459436913,17391518.0
2019-07-03,11.686182975769043,11.852534173951415,11.64459497791718,11.769358178247689,22614581.0
2019-07-04,11.769359588623047,11.81094759145859,11.644596373341601,11.727772379012684,12644573.0
2019-07-05,11.727770805358887,11.81094600664419,11.561418816338136,11.686182808103698,20384750.0
2019-07-08,11.603007316589355,11.68618331470545,11.478244112640319,11.603007316589355,25191698.0
2019-07-09,11.644596099853516,11.727772103571104,11.519832887502291,11.60300809799472,24138020.0
2019-07-10,12.185236930847168,12.226824929929517,11.72777132061664,11.72777132061664,61150881.0
2019-07-11,12.43476390838623,12.476351906720318,12.143649506497812,12.226824709940892,92427391.0
2019-07-12,12.143649101257324,12.393175496484819,12.143649101257324,12.310000295817343,62666064.0
2019-07-15,12.393176078796387,12.393176078796387,12.06047367404384,12.185236877519769,62793156.0
2019-07-16,12.124610900878906,12.427726503770309,12.08130855390534,12.427726503770309,66174379.0
2019-07-17,11.908100128173828,12.081308692126186,11.908100128173828,12.0380063446572,36348632.0
2019-07-18,11.951401710510254,12.038005573980236,11.908099365813499,11.951401710510254,19896936.0
2019-07-19,11.951401710510254,12.1679126080705,11.951401710510254,12.038005573980236,27177340.0
2019-07-22,11.778193473815918,11.994704377188096,11.734891127956772,11.908099685469805,32142568.0
2019-07-23,11.778193473815918,11.908099685469805,11.734891127956772,11.778193473815918,29467684.0
2019-07-24,11.994704246520996,12.038005765984876,11.778193345507429,11.86479721035873,36353065.0
2019-07-25,11.734890937805176,12.081308047217915,11.604983902332746,11.9947041828265,91752730.0
2019-07-26,11.431775093078613,11.734890676508034,11.431775093078613,11.734890676508034,64242723.0
2019-07-29,11.60498332977295,11.648285672794001,11.518379469654343,11.518379469654343,23290509.0
2019-07-30,11.778193473815918,11.908099685469805,11.64828643623848,11.691588782097627,40138127.0
2019-07-31,11.951401710510254,12.038005573980236,11.82149467641999,11.864797021116745,56482608.0
2019-08-01,11.60498332977295,11.82149421895471,11.518379469654343,11.82149421895471,38617392.0
2019-08-02,11.561681747436523,11.561681747436523,11.301868516699754,11.388472376329682,45049816.0
2019-08-05,11.345171928405762,11.431775796195408,11.258567234692544,11.345171928405762,40930437.0
2019-08-06,11.258566856384277,11.34517154718742,10.998753609898394,11.085358300701536,39315901.0
2019-08-07,11.345171928405762,11.431775796195408,11.258567234692544,11.301869581549154,31239517.0
2019-08-08,11.518380165100098,11.561682510735617,11.301869262846049,11.345171608481568,27796345.0
2019-08-12,11.258566856384277,11.518380102870163,11.258566856384277,11.475077757468592,22603497.0
2019-08-13,11.215264320373535,11.388472873112509,11.17196197570791,11.301869009704786,17761862.0
2019-08-14,11.345171928405762,11.475078143052016,11.301869581549154,11.301869581549154,15792014.0
2019-08-15,11.171961784362793,11.301868816134718,11.128660266362333,11.171961784362793,16288109.0
2019-08-16,11.561681747436523,11.648285607066452,11.215263831146334,11.258566173923045,39828042.0
2019-08-19,11.648285865783691,11.691588209522179,11.431774973014761,11.561682004230226,23032515.0
2019-08-20,11.691588401794434,11.691588401794434,11.561682194366128,11.604983712893214,23079133.0
2019-08-21,11.691588401794434,11.734890746245044,11.604983712893214,11.691588401794434,17386161.0
2019-08-22,11.475078582763672,11.734891847935495,11.431776234247769,11.734891847935495,26634767.0
2019-08-23,11.561681747436523,11.648285607066452,11.475077061883104,11.518379404659813,17781773.0
2019-08-26,11.258566856384277,11.38847306666545,11.258566856384277,11.34517154718742,26263686.0
2019-08-27,11.30186939239502,11.47507795099897,11.30186939239502,11.388473258735218,60011899.0
2019-08-28,11.388472557067871,11.431774900531801,11.301868696063515,11.345171039527447,18889599.0
2019-08-29,11.431775093078613,11.431775093078613,11.345171230615579,11.388472748885336,10676162.0
2019-08-30,11.648285865783691,11.648285865783691,11.431774973014761,11.518379660491737,32774513.0
2019-09-02,11.561681747436523,11.648285607066452,11.518379404659813,11.561681747436523,8426668.0
2019-09-03,11.431775093078613,11.64828598812148,11.431775093078613,11.64828598812148,13374418.0
2019-09-04,11.778193473815918,11.778193473815918,11.431775532866302,11.431775532866302,40434250.0
2019-09-05,11.778193473815918,11.864797339610659,11.691588782097627,11.821494993751513,27277402.0
2019-09-06,11.734890937805176,11.821494802196591,11.734890937805176,11.821494802196591,16088617.0
2019-09-10,11.778193473815918,11.821494993751513,11.734891127956772,11.778193473815918,21363294.0
2019-09-11,11.86479663848877,11.86479663848877,11.734890434511382,11.778192777811679,20063333.0
2019-09-12,11.86479663848877,11.994703668389661,11.821494295188472,11.951401325089364,19945952.0
2019-09-16,11.778193473815918,11.994704377188096,11.734891127956772,11.95140203132895,18963597.0
2019-09-17,11.734890937805176,11.778193282962652,11.561682383098807,11.734890937805176,22155960.0
2019-09-18,11.734890937805176,11.821494802196591,11.6915885926477,11.778193282962652,18441204.0
2019-09-19,11.778193473815918,11.864797339610659,11.778193473815918,11.778193473815918,23352200.0
2019-09-20,11.951401710510254,11.951401710510254,11.734890812950008,11.778193157646763,41618603.0
2019-09-23,11.86479663848877,11.951401325089364,11.821494295188472,11.86479663848877,25236711.0
2019-09-24,11.821495056152344,11.951402094415506,11.821495056152344,11.864797402240065,33083098.0
2019-09-25,11.778193473815918,11.864797339610659,11.691588782097627,11.821494993751513,28777541.0
2019-09-26,11.778193473815918,12.124610588841982,11.778193473815918,11.95140203132895,50905225.0
2019-09-27,11.60498332977295,11.82149421895471,11.60498332977295,11.778192701857156,21617074.0
2019-10-01,11.821495056152344,11.821495056152344,11.604984151637293,11.604984151637293,26138304.0
2019-10-02,11.691588401794434,11.778193090695654,11.648286057343824,11.691588401794434,8772321.0
2019-10-03,11.60498332977295,11.648285672794001,11.43177478361224,11.518379469654343,20721917.0
2019-10-04,11.648285865783691,11.734890553260668,11.561682004230226,11.561682004230226,11753078.0
2019-10-07,11.561681747436523,11.648285607066452,11.518379404659813,11.648285607066452,15828996.0
2019-10-08,11.561681747436523,11.69158794984316,11.518379404659813,11.561681747436523,21267479.0
2019-10-09,11.388472557067871,11.561681930923593,11.388472557067871,11.561681930923593,38292987.0
2019-10-14,11.691588401794434,11.82149460922274,11.561682194366128,11.648286057343824,45103746.0
2019-10-15,11.86479663848877,11.951401325089364,11.691588091211084,11.691588091211084,48290101.0
2019-10-16,11.908100128173828,11.951402475642812,11.778193911690455,11.951402475642812,22128160.0
2019-10-17,11.951401710510254,11.951401710510254,11.82149467641999,11.908099365813499,17379780.0
2019-10-18,12.081308364868164,12.124610711164177,11.86479745931166,11.86479745931166,44883099.0
2019-10-21,12.038006782531738,12.124611480619897,12.038006782531738,12.081309131575818,12903818.0
2019-10-22,12.124610900878906,12.254517115876038,12.038006206931772,12.211215594826042,23631388.0
2019-10-23,12.167911529541016,12.167911529541016,12.081306847823901,12.167911529541016,25578736.0
2019-10-24,12.600934028625488,12.817444919749901,12.167912246376664,12.211214589786248,119513828.0
2019-10-25,12.471027374267578,12.600934408411664,12.384423510761717,12.471027374267578,43635327.0
2019-10-28,12.341121673583984,12.557632580138089,12.254516980592918,12.514330233642555,23325010.0
2019-10-29,12.557632446289062,12.687538658467458,12.384423888076684,12.384423888076684,63793543.0
2019-10-30,12.471027374267578,12.730840616632221,12.427725855476412,12.730840616632221,61233781.0
2019-10-31,12.124610900878906,12.427726503770309,12.038006206931772,12.427726503770309,97117355.0
2019-11-01,12.557632446289062,12.600934792323047,12.211215329864304,12.254516849974733,93849456.0
2019-11-04,12.687539100646973,12.817446143276376,12.557632883941153,12.557632883941153,94378432.0
2019-11-05,12.557632446289062,12.730841004501443,12.471027754221096,12.687538658467458,51327139.0
2019-11-06,12.557632446289062,12.600934792323047,12.384423888076684,12.600934792323047,52059086.0
2019-11-07,12.341121673583984,12.600934926633624,12.297819327088451,12.557632580138089,44219482.0
2019-11-08,12.341121673583984,12.471027887147022,12.297819327088451,12.427726366575051,24415232.0
2019-11-11,12.341121673583984,12.427726366575051,12.254516980592918,12.384424020079518,31160053.0
2019-11-12,12.38442325592041,12.427725599744049,12.297818568273133,12.38442325592041,35026594.0
2019-11-13,12.297818183898926,12.471026727856252,12.297818183898926,12.384422868839332,32373797.0
2019-11-14,12.557632446289062,12.64423713835703,12.297819196008716,12.297819196008716,56971985.0
2019-11-15,12.38442325592041,12.64423649293873,12.341120912096772,12.64423649293873,39855904.0
2019-11-18,12.557632446289062,12.774143350535427,12.51433010025508,12.64423713835703,58847717.0
2019-11-19,12.600934028625488,12.644236372035072,12.42772548091066,12.514329341806322,29606445.0
2019-11-20,12.77414321899414,12.817445564582219,12.51432997138921,12.60093466256537,55131343.0
2019-11-21,12.687539100646973,12.687539100646973,12.514330536398019,12.644237579027422,42654446.0
2019-11-22,12.644237518310547,12.730841387057366,12.557632823640148,12.687539039722166,30220829.0
2019-11-25,12.990653991699219,13.423675791422525,12.687538401523488,12.687538401523488,166478115.0
2019-11-26,13.163862228393555,13.337070778913828,13.077258366095178,13.207164572504503,165216747.0
2019-11-27,13.163862228393555,13.337070778913828,13.077258366095178,13.293769260726398,41376514.0
2019-11-28,13.077259063720703,13.25046762348104,13.033956717299729,13.207165277060065,34136945.0
2019-11-29,12.947351455688477,13.120560007839869,12.860747592574544,13.077258489244665,45681866.0
2019-12-02,13.077259063720703,13.25046762348104,12.990654370878753,12.990654370878753,63994877.0
2019-12-03,13.293769836425781,13.293769836425781,13.03395658643215,13.03395658643215,51943907.0
2019-12-04,13.726791381835938,13.813395246227977,13.337071101339383,13.337071101339383,190321503.0
2019-12-05,14.33302116394043,14.462929027635749,13.899999356548307,13.899999356548307,228294147.0
2019-12-06,14.029906272888184,14.28971867904104,13.943301586888232,14.28971867904104,109731919.0
2019-12-09,14.07320785522461,14.333020262582263,14.07320785522461,14.203114058903436,68335244.0
2019-12-10,14.246417999267578,14.289719518889012,14.073208617087662,14.15981330817762,54921807.0
2019-12-11,14.07320785522461,14.289718745304988,13.986603168823057,14.203114058903436,60175139.0
2019-12-12,14.376323699951172,14.50622990605389,14.116509635898705,14.116509635898705,153387102.0
2019-12-13,14.376323699951172,14.54953142413912,14.203114323916195,14.419625218036401,77949040.0
2019-12-16,14.419626235961914,14.592835624224273,14.20311532655754,14.333021541830735,146831.0
2019-12-17,14.72274112701416,14.766042646060669,14.462928709040973,14.592834918027567,96263795.0
2019-12-18,14.549531936645508,14.679439799171254,14.462928897424463,14.636136627713642,73543943.0
2019-12-19,14.462928771972656,14.549531810442502,14.246417872103885,14.549531810442502,57550348.0
2019-12-20,14.462928771972656,14.549531810442502,14.333020910573733,14.50623029120758,47297813.0
2019-12-23,14.33302116394043,14.462929027635749,14.289719643940058,14.462929027635749,30998466.0
2019-12-24,14.33302116394043,14.462929027635749,14.289719643940058,14.376324335787904,25642208.0
2019-12-25,14.419626235961914,14.506230930093094,14.333021541830735,14.3763247148199,19272385.0
2019-12-26,14.33302116394043,14.419625855788274,14.203114952092212,14.419625855788274,26143849.0
2019-12-27,14.462928771972656,14.50623029120758,14.333020910573733,14.376324081655733,31725795.0
2019-12-30,14.33302116394043,14.462929027635749,14.246418123939687,14.419625855788274,46454365.0
2019-12-31,14.246417999267578,14.37632420997897,14.203114827799054,14.289719518889012,30478470.0
2020-01-02,14.33302116394043,14.419625855788274,14.203114952092212,14.246418123939687,32937461.0
2020-01-03,14.116510391235352,14.333021296940478,13.9866041781817,14.333021296940478,48588354.0
2020-01-06,13.899999618530273,13.986604312010412,13.813395750973704,13.899999618530273,44790472.0
2020-01-07,13.856698036193848,13.98660424991374,13.683489475926137,13.899999556818102,39718117.0
2020-01-08,13.640186309814453,13.770092515728994,13.553581621922415,13.726790997706491,60419690.0
2020-01-09,13.899999618530273,13.986604312010412,13.726791883417134,13.726791883417134,43816080.0
2020-01-10,13.986603736877441,14.073208426796372,13.72679131896772,14.02990690776044,32386886.0
2020-01-13,13.899999618530273,14.02990748467405,13.899999618530273,13.986604312010412,23989283.0
2020-01-14,14.07320785522461,14.203114058903436,13.899998482421505,13.943301651545783,61290528.0
2020-01-15,13.986603736877441,14.203114635751232,13.943302217841511,14.116509945832302,36473736.0
2020-01-16,13.986603736877441,14.02990690776044,13.85669752792258,14.02990690776044,27867646.0
2020-01-17,13.856698036193848,13.98660424991374,13.813395689646029,13.98660424991374,28648214.0
2020-01-20,13.899999618530273,13.986604312010412,13.726791883417134,13.726791883417134,31117744.0
2020-01-30,13.077259063720703,13.466978529662352,12.947352024457778,13.423676183241378,137855301.0
2020-01-31,12.904048919677734,13.163862157011039,12.817445057848976,13.033955951306144,68549345.0
2020-02-03,12.990653991699219,12.990653991699219,12.254516601800182,12.514329846818873,75514825.0
2020-02-04,13.163862228393555,14.33302056384804,13.163862228393555,14.33302056384804,70790085.0
2020-02-05,13.423675537109375,13.596884088532533,13.207164641349546,13.207164641349546,77032246.0
2020-02-06,14.07320785522461,14.159812541626161,13.640186075063852,13.683488418264627,157712052.0
2020-02-07,14.159812927246094,14.28971913446271,13.98660354972591,14.029906720029478,80109163.0
2020-02-10,14.20311450958252,14.333020717383402,13.856697404831152,13.986603612632033,44206055.0
2020-02-11,14.462928771972656,14.636136500759426,14.28971939133881,14.333020910573733,72967688.0
2020-02-12,14.636136054992676,14.679439224755809,14.376323643801982,14.41962516171809,79548774.0
2020-02-13,14.59283447265625,14.852646882699998,14.419625098062406,14.722740677678125,65415317.0
2020-02-14,14.289719581604004,14.462928964544103,14.289719581604004,14.376324273074053,43506095.0
2020-02-17,14.20311450958252,14.333020717383402,14.159812990931245,14.289719198732126,40030219.0
2020-02-18,13.986603736877441,14.203114635751232,13.943302217841511,14.203114635751232,44154247.0
2020-02-19,13.9433012008667,14.073207400346663,13.89999803314208,13.9433012008667,30092840.0
2020-02-20,14.116510391235352,14.2897197765383,13.943302657779522,14.073208870833176,41324196.0
2020-02-21,13.899999618530273,14.07320900549055,13.856698097713773,13.986604312010412,26572971.0
2020-02-24,13.683489799499512,13.813396016291295,13.683489799499512,13.770093668719506,42409882.0
2020-02-25,13.770092964172363,13.943302345597257,13.510280543882107,13.510280543882107,39151580.0
2020-02-26,13.51028060913086,13.640186819903377,13.51028060913086,13.51028060913086,47662845.0
2020-02-27,13.250468254089355,13.6401877385783,13.20716590560756,13.51028151905652,79271042.0
2020-03-02,13.207164764404297,13.380373317441286,12.947351521887049,12.947351521887049,89628541.0
2020-03-03,13.423675537109375,13.640186432869204,13.293769330022887,13.466977881446045,88570177.0
2020-03-04,13.683489799499512,13.856698363863083,13.423676539992362,13.423676539992362,84749276.0
2020-03-05,13.596883773803711,13.899998525297121,13.596883773803711,13.856697007886279,59085885.0
2020-03-06,13.380373001098633,13.510280032247723,13.33707065738227,13.46697768853136,69534487.0
2020-03-09,13.033955574035645,13.120559433357636,12.947350888790162,13.120559433357636,82969389.0
2020-03-10,12.947351455688477,13.207164696877326,12.817445248055815,12.947351455688477,82904523.0
2020-03-11,12.817444801330566,13.033955690454652,12.817444801330566,12.990653347445136,55553147.0
2020-03-12,12.427725791931152,12.687538207043797,11.994703998845377,12.64423668847404,138258958.0
2020-03-13,12.167911529541016,12.384422407910344,11.821493628596015,11.86479596945457,211904177.0
2020-03-16,12.038006782531738,12.211216178708055,11.908100561323113,12.124611480619897,81036386.0
2020-03-17,11.908100128173828,12.12461103959517,11.821495433235858,11.908100128173828,132863414.0
2020-03-18,11.951401710510254,12.124610263373745,11.908099365813499,11.951401710510254,90628139.0
2020-03-19,11.86479663848877,11.951401325089364,11.345170996655712,11.908098981789067,151597652.0
2020-03-20,11.994704246520996,12.471027568012008,11.951401901133574,11.951401901133574,157756287.0
2020-03-23,11.908100128173828,11.994704823111798,11.691589216752485,11.73489156422147,59406609.0
2020-03-24,11.994704246520996,12.254516666998441,11.951401901133574,12.167912802147141,100357252.0
2020-03-25,12.211215019226074,12.427725917964667,12.081307984428799,12.16791267429365,187932889.0
2020-03-26,12.211215019226074,12.297818883167391,12.081307984428799,12.254516538234967,74645046.0
2020-03-27,12.124610900878906,12.427726503770309,12.038006206931772,12.427726503770309,59235321.0
2020-03-30,12.081308364868164,12.081308364868164,11.908099805607673,11.994704498199699,38765524.0
2020-03-31,11.821495056152344,12.427726249533329,11.821495056152344,12.427726249533329,79000889.0
2020-04-01,11.951401710510254,11.99470405520701,11.82149467641999,11.99470405520701,44891990.0
2020-04-06,12.211215019226074,12.211215019226074,11.951401775555055,12.081307984428799,75417890.0
2020-04-07,12.2545166015625,12.384423637031096,12.081308046861244,12.341121291874897,66031028.0
2020-04-08,12.297818183898926,12.384422868839332,12.211214324882006,12.254515841428724,59324325.0
2020-04-09,12.297818183898926,12.471026727856252,12.211214324882006,12.384422868839332,40473210.0
2020-04-10,12.38442325592041,12.38442325592041,12.254516224449494,12.341120912096772,23315732.0
2020-04-13,12.817444801330566,13.077258033464169,12.471026883177931,12.514329226187447,94375364.0
2020-04-14,13.120560646057129,13.120560646057129,12.860748218153871,13.033956778730564,70873919.0
2020-04-15,13.077259063720703,13.163862930639091,12.904049678036804,13.120560584218117,76800916.0
2020-04-16,12.904048919677734,13.07725829518228,12.817445057848976,12.860747401725112,53398536.0
2020-04-17,13.033955574035645,13.380372663170592,12.990653231412903,13.163861775980378,102841345.0
2020-04-20,13.120560646057129,13.163862992682194,12.947352085480436,13.07725912535563,46983290.0
2020-04-21,12.817444801330566,13.293768922588253,12.817444801330566,13.077258033464169,74235734.0
2020-04-22,13.163862228393555,13.163862228393555,12.77414278324206,12.817445127353007,51801119.0
2020-04-23,13.683489799499512,13.856698363863083,13.337071844848785,13.380374192420573,157791012.0
2020-04-24,13.770092964172363,13.943302345597257,13.726791444739682,13.770092964172363,104062670.0
2020-04-27,13.986603736877441,14.116509945832302,13.77009283800365,13.986603736877441,121440284.0
2020-04-28,12.990653991699219,13.510280481736602,12.774143091837566,13.423675791422525,219150807.0
2020-04-29,13.250468254089355,13.423676822092931,13.163863557125767,13.163863557125767,96798319.0
2020-04-30,13.466978073120117,13.510280418073105,13.2937695192317,13.380373383214142,64768656.0
2020-05-04,13.293769836425781,13.380373702474621,13.03395658643215,13.077258932418347,47975074.0
2020-05-05,13.207164764404297,13.466978006921547,13.207164764404297,13.423675662181417,34096450.0
2020-05-06,13.250468254089355,13.380374473611136,13.20716590560756,13.20716590560756,34763487.0
2020-05-07,13.51028060913086,13.726791511034087,13.250467361662276,13.380373572434795,58025473.0
2020-05-08,13.553582191467285,13.726791574529917,13.423675980093861,13.726791574529917,39736136.0
2020-05-11,13.51028060913086,13.726791511034087,13.51028060913086,13.683489165468732,42257477.0
2020-05-12,13.380373001098633,13.553581550040576,13.293769139589417,13.423675344814995,40406407.0
2020-05-13,13.51028060913086,13.51028060913086,13.29376970722763,13.33707122686944,30545962.0
2020-05-14,13.293769836425781,13.466978394447016,13.16386279846719,13.380373702474621,31677085.0
2020-05-15,13.337071418762207,13.423676111138978,13.120560513743836,13.380373764950592,32116870.0
2020-05-18,13.077259063720703,13.337071490399428,13.077259063720703,13.337071490399428,41754666.0
2020-05-19,12.947351455688477,13.250467041396055,12.904049111169748,13.250467041396055,54397126.0
2020-05-20,12.860747337341309,13.12055974745042,12.860747337341309,13.12055974745042,59202595.0
2020-05-21,13.250468254089355,13.250468254089355,12.947352640640396,12.990654989122191,39817856.0
2020-05-22,13.077259063720703,13.163862930639091,13.033956717299729,13.120560584218117,33556829.0
2020-05-25,13.077259063720703,13.077259063720703,12.86074815753939,13.077259063720703,19221772.0
2020-05-26,13.163862228393555,13.207164572504503,13.077258366095178,13.120559884282608,23880256.0
2020-05-27,13.077259063720703,13.25046762348104,13.077259063720703,13.207165277060065,24006301.0
2020-05-28,13.293769836425781,13.337071356488424,13.120560452480992,13.16386279846719,45046009.0
2020-05-29,13.380373001098633,13.380373001098633,13.163862108440327,13.250466795873054,49643911.0
2020-06-01,13.553582191467285,13.683489228764259,13.423675980093861,13.510280671625177,45030896.0
2020-06-02,13.726791381835938,13.726791381835938,13.596884346362573,13.640186691520361,46869809.0
2020-06-03,14.029906272888184,14.029906272888184,13.813394557888307,13.856696900888283,64858876.0
2020-06-04,14.116510391235352,14.376324469189775,13.943302657779522,14.2897197765383,94715239.0
2020-06-05,14.289719581604004,14.289719581604004,14.02990715904095,14.116510198663903,49132614.0
2020-06-08,14.766042709350586,15.155762989827847,14.592834980575084,15.155762989827847,124131598.0
2020-06-09,14.59283447265625,14.852646882699998,14.333020410765485,14.766042195403076,82141619.0
2020-06-10,14.376323699951172,14.59283459407138,14.203114323916195,14.59283459407138,94791794.0
2020-06-11,13.899999618530273,14.289719913267328,13.770093404233634,14.246418392450828,92770897.0
2020-06-12,13.596883773803711,13.6834884604724,13.337070539721141,13.380372883055488,86040818.0
2020-06-15,13.337071418762207,13.423676111138978,13.250467552308994,13.380373764950592,81647335.0
2020-06-16,13.423675537109375,13.596884088532533,13.337070848436035,13.423675537109375,63149426.0
2020-06-17,13.250468254089355,13.466979170574724,13.120561208643972,13.423676822092931,71145221.0
2020-06-18,13.293769836425781,13.380373702474621,13.207165144453386,13.250467490439583,56787627.0
2020-06-19,13.337071418762207,13.51028080351575,13.337071418762207,13.337071418762207,57562916.0
2020-06-22,13.596883773803711,13.596883773803711,13.2937690223103,13.380372883055488,40713689.0
2020-06-23,13.380373001098633,13.640186237473303,13.380373001098633,13.640186237473303,57029420.0
2020-06-24,13.640186309814453,13.813394859675013,13.423675416007875,13.423675416007875,58563616.0
2020-06-29,13.466978073120117,13.683488971961523,13.42367572816713,13.466978073120117,40174467.0
2020-06-30,13.770092964172363,13.770092964172363,13.553582063314789,13.596884408671011,44717594.0
2020-07-01,13.9433012008667,14.029905884468992,13.81339417546326,13.856696517264407,41759557.0
2020-07-02,14.159812927246094,14.159812927246094,13.856697342509294,14.029906720029478,52315397.0
2020-07-03,14.246417999267578,14.289719518889012,14.15981330817762,14.246417999267578,51767884.0
2020-07-06,14.419626235961914,14.462929408951078,14.246418499546703,14.3763247148199,55080070.0
2020-07-07,14.376323699951172,14.722740800174098,14.289719011933684,14.636136112156608,80993675.0
2020-07-08,14.419626235961914,14.549532451235109,14.3763247148199,14.3763247148199,34987230.0
2020-07-09,14.246417999267578,14.50623042069036,14.246417999267578,14.419625729600403,40060369.0
2020-07-10,14.246417999267578,14.419625729600403,14.203114827799054,14.289719518889012,41687415.0
2020-07-13,14.766042709350586,14.766042709350586,14.419625599952507,14.46292877103169,106711949.0
2020-07-14,14.549531936645508,14.80934600984991,14.462928897424463,14.80934600984991,89089297.0
2020-07-15,14.553131103515625,15.007916450500488,14.553131103515625,14.96243860974937,93486316.0
2020-07-16,15.098873138427734,15.280786227524251,14.78052306392341,14.78052306392341,139039785.0
2020-07-17,14.916958808898926,15.280786734019701,14.689566138839892,15.235308893955251,70857217.0
2020-07-20,15.053394317626953,15.235309150687003,14.826001643736102,15.053394317626953,106825263.0
2020-07-21,15.599136352539062,15.917486428074215,15.189830599595302,15.235308438299604,210085722.0
2020-07-22,15.917487144470215,15.917487144470215,15.50817963823647,15.690094470977783,116464421.0
2020-07-23,17.509235382080078,17.509235382080078,16.690622126774684,16.827057380180854,401688025.0
2020-07-24,17.964019775390625,18.464282923289634,17.736627120005934,18.00949761252025,546884955.0
2020-07-27,19.737686157226562,19.737686157226562,18.236893017515573,18.646200552867395,488746075.0
2020-07-28,20.237947463989258,21.693260887025083,19.828639967399425,21.693260887025083,599722773.0
2020-07-29,20.3743839263916,20.60177660801398,19.419335357524997,20.192470822014787,307114701.0
2020-07-30,20.19247055053711,20.692733749433167,19.783163035172368,20.55629848926774,249008246.0
2020-07-31,20.32890510559082,20.46534036102397,19.737684508801586,19.919597604422982,137076620.0
2020-08-03,21.647781372070312,22.193524124069647,20.374382773984127,20.46534018846208,366890778.0
2020-08-04,22.329959869384766,23.466923238189864,22.10256719562375,22.921182209058156,316797374.0
2020-08-05,22.6483097076416,23.28500988103598,21.829696438183404,22.239003940346702,274027185.0
2020-08-06,24.194580078125,24.42197274477116,23.012137170643953,23.19405199790823,366345737.0
2020-08-07,23.285009384155273,24.922235888134757,23.14857413130171,24.55840796890247,334380253.0
2020-08-10,23.012136459350586,23.830751421868484,22.693788123780642,22.9666586213744,187635317.0
2020-08-11,22.739267349243164,23.557880626842234,22.739267349243164,23.194052696228027,144853117.0
2020-08-12,21.78421974182129,22.557353476711164,21.693262321578807,22.511875634024168,207439232.0
2020-08-13,21.60230255126953,22.466395347267635,21.46586730318254,22.239002688833217,153054743.0
2020-08-14,21.42038917541504,21.602304008380347,21.011083403545726,21.192996501642615,120344792.0
2020-08-17,21.96613121032715,22.284481290015325,21.511345877877858,21.556825452043803,139404132.0
2020-08-18,21.920654296875,22.3754396485327,21.647782044959314,22.193524813922245,139533521.0
2020-08-19,21.283954620361328,22.239004922637193,21.192997200877652,22.239004922637193,114113905.0
2020-08-20,19.82863998413086,21.01108290035013,19.328376807759724,20.7382106574372,202244929.0
2020-08-21,19.82863998413086,20.692732817719236,19.73768430469493,20.419862309674684,159091172.0
2020-08-24,20.556297302246094,20.647254715393537,19.91959714508235,19.96507671909025,120357007.0
2020-08-25,20.146989822387695,20.7382104058919,20.01055457002032,20.692732566725557,102738857.0
2020-08-26,20.32890510559082,20.32890510559082,19.69220493374494,20.01055501966788,73886072.0
2020-08-27,19.965078353881836,20.60177682831172,19.874120933286566,20.465341564853066,84525878.0
2020-08-28,19.919597625732422,20.192469871759023,19.64672711457422,19.82864021039022,69220042.0
2020-08-31,19.282899856567383,20.146990995103334,19.282899856567383,20.101513153289822,125541719.0
2020-09-01,19.919597625732422,19.965077200837722,19.191941772731614,19.419334443652915,77246352.0
2020-09-02,19.737686157226562,20.101514113723436,19.555771311543854,20.056034534868488,57874308.0
2020-09-03,19.601247787475586,20.146990551565455,19.601247787475586,20.010555294260094,87870341.0
2020-09-04,19.510292053222656,19.510292053222656,18.919069715046852,19.010027131294546,73445360.0
2020-09-07,21.42038917541504,21.42038917541504,21.011083403545726,21.056561244352842,97506968.0
2020-09-08,20.64725685119629,22.37544094029187,20.64725685119629,22.19352609517927,316528524.0
2020-09-09,21.556827545166016,21.78422023347001,20.283427102768826,20.556299369654738,206963405.0
2020-09-10,21.238475799560547,21.966131652168624,21.192996224479792,21.875174236875516,143782472.0
2020-09-11,20.920124053955078,21.37490935947584,20.73820923779947,21.283951951398038,78463966.0
2020-09-14,21.738739013671875,21.920653844528402,21.37491108682722,21.37491108682722,142653704.0
2020-09-15,23.012136459350586,23.46692177858572,22.011610144927936,22.011610144927936,379771700.0
2020-09-16,23.375967025756836,24.740323037341046,23.23953003670371,24.37649337969055,306889814.0
2020-09-17,23.421445846557617,23.648838524679533,22.87570307209132,23.01213833199078,137350124.0
2020-09-18,23.466922760009766,24.012665512889424,23.466922760009766,23.648837589259113,136993058.0
2020-09-21,22.875701904296875,23.739794730995992,22.830224064941497,23.603359478061492,120265077.0
2020-09-22,22.830224990844727,23.19405292504827,22.284482222105197,22.784745414776513,122720357.0
2020-09-23,23.64883804321289,23.739795459583547,23.012137863486714,23.557880626842234,195111094.0
2020-09-24,23.603361129760742,24.103624337150432,23.19405360744664,23.330488869928512,283777370.0
2020-09-25,22.739267349243164,23.92170855745644,22.01161148801475,23.876230716705322,209996417.0
2020-09-28,25.013195037841797,25.013195037841797,23.739796364707185,24.19458172903158,407009836.0
2020-09-29,25.013195037841797,26.650421655462228,25.013195037841797,25.831808346652014,543454402.0
2020-09-30,25.968242645263672,26.241114894652792,24.512930921328717,25.013194109572805,426461468.0
2020-10-05,26.104679107666016,27.105205463851117,25.87728643855697,26.468507031266814,313485862.0
2020-10-06,25.78632926940918,26.65042037932813,25.7408496942334,26.559464698713377,226167129.0
2020-10-07,26.83233642578125,26.923293845384713,25.6044155983057,25.6044155983057,317850848.0
2020-10-08,29.288175582885742,29.51556824506694,27.196162049897712,27.469034285436152,644955830.0
2020-10-12,29.15174102783203,29.788441228963375,28.605999980997716,29.515570705546214,351806211.0
2020-10-13,28.69695472717285,29.015304817328534,28.15121369818416,28.833391719288443,214865396.0
2020-10-14,29.288175582885742,29.697483068759233,28.424082772649854,28.69695327331996,265213805.0
2020-10-15,28.69695472717285,29.83391809567999,28.69695472717285,28.92434740087428,228703623.0
2020-10-16,27.878339767456055,28.87886781837336,27.832861929405944,28.56051774741763,225685120.0
2020-10-19,28.196691513061523,28.742434276417043,27.969298839569092,27.969298839569092,136764453.0
2020-10-20,28.37860679626465,28.46956247921065,27.8783418657194,28.1057345428213,104787052.0
2020-10-21,28.51504135131836,29.697484283966613,28.51504135131836,28.833391438372445,352041400.0
2020-10-22,30.015832901000977,30.015832901000977,28.787912117168162,29.015304790660593,425690375.0
2020-10-23,29.788440704345703,30.925404090007753,29.47009234425509,30.743489254354447,406287172.0
2020-10-26,30.015832901000977,30.47061824798584,29.65200323551835,29.879395909010782,186064706.0
2020-10-27,30.470617294311523,30.60705428203149,29.51556878948194,29.7429614558574,183082712.0
2020-10-28,29.69748306274414,30.470616726108954,29.69748306274414,30.470616726108954,179961503.0
2020-10-29,29.970354080200195,30.19774674625674,28.878868589181426,28.92434642844539,282899784.0
2020-10-30,27.92382049560547,29.47009134143617,27.92382049560547,29.106261682510084,484721864.0
2020-11-02,26.96877098083496,28.105734358904467,26.741378305221062,27.83286384211516,297046063.0
2020-11-03,27.105205535888672,27.74190570503352,27.105205535888672,27.469035195324807,161516722.0
2020-11-04,28.78791046142578,29.06078269484345,27.241641411532267,27.469034071946165,314786322.0
2020-11-05,27.787384033203125,28.014776706911395,27.469035677906287,27.878341449660116,212203072.0
2020-11-06,27.741905212402344,28.378605370240887,27.378077294295327,28.014775717265515,149095674.0
2020-11-09,28.924346923828125,29.01530433878223,28.37860590384028,28.37860590384028,196779825.0
2020-11-10,28.196691513061523,29.288177039772563,28.06025625593975,29.10626220703125,164696992.0
2020-11-11,28.196691513061523,28.60599901929527,27.969298839569092,28.01477668032021,90295810.0
2020-11-12,28.287649154663086,29.015305021685215,28.24216957868143,28.515041829966055,111285946.0
2020-11-13,28.469562530517578,28.60599952491936,28.105734593472548,28.33312727098425,90087652.0
2020-11-16,29.288175582885742,29.33365342137465,28.87886809701225,28.924345935501158,183727124.0
2020-11-17,29.242698669433594,30.015832357411607,29.197217359769308,29.83391752796479,161979400.0
2020-11-18,29.424610137939453,29.515569287867567,29.15173962762869,29.288176617652464,81701925.0
2020-11-19,29.19721794128418,29.470091925757572,29.01530484308262,29.42461061518744,77946276.0
2020-11-20,30.061309814453125,30.197746802234658,29.197216987889124,29.242698296974122,221930743.0
2020-11-23,33.06289291381836,33.06289291381836,31.65305905019611,31.6985368903639,209973695.0
2020-11-24,34.70012283325195,36.109956693441,34.56368584334404,34.745600673309,588392148.0
2020-11-25,34.97299575805664,35.564214659092734,34.700125229137136,34.97299575805664,266996255.0
2020-11-26,35.92803955078125,35.92803955078125,34.10889830770372,34.972991092112856,260893735.0
2020-11-27,35.60969161987305,36.20091044865141,35.38229896194215,35.97351779072052,190766940.0
2020-11-30,36.83761215209961,38.92962400012335,36.33734897731475,36.79213431252585,415847278.0
2020-12-01,37.79266357421875,38.11101541523925,37.019529832680554,37.74718573114068,191854318.0
2020-12-02,37.70170593261719,38.338406111897946,37.38335410810839,38.11101343856459,167148541.0
2020-12-03,39.3844108581543,40.88520391027463,37.92909911710303,38.15649179350084,420421467.0
2020-12-04,43.295562744140625,43.295562744140625,40.56685071901235,41.20355088548963,492765081.0
2020-12-07,45.47853469848633,46.933846420943155,44.06870081678062,45.296619865745015,533544921.0
2020-12-08,46.297149658203125,47.024805518602456,44.15965644796761,44.84183446766764,382221022.0
2020-12-09,45.38758087158203,45.66045139697544,44.659921510883635,44.659921510883635,320781530.0
2020-12-10,43.0226936340332,44.47800884324888,42.47695259916287,44.20513485607684,460429521.0
2020-12-11,41.93120574951172,43.97773972042635,41.11259424298788,43.15912821390251,389750744.0
2020-12-14,41.976688385009766,42.61338508696639,40.566851051354064,41.931207075095614,233052166.0
2020-12-15,40.02111053466797,42.340515110343404,40.02111053466797,41.93120760410966,275521558.0
2020-12-16,40.839725494384766,41.93120754994915,40.566851510756834,40.566851510756834,250162268.0
2020-12-17,41.8857307434082,42.204082575588565,40.83972650271053,41.249030548784404,189025002.0
2020-12-18,41.70381546020508,43.11365282955085,41.658337618876445,42.74982315944803,230488908.0
2020-12-21,43.15913009643555,43.43200061051234,40.9306812036242,41.840251897038065,251604121.0
2020-12-22,41.5673828125,43.88678746652437,41.38546797361365,42.93173889954221,222176257.0
2020-12-23,41.93120574951172,42.6133837398166,41.5673795698578,42.24955756016267,135247241.0
2020-12-24,42.34051513671875,42.795300483986914,42.11312246308467,42.65886696164857,97896558.0
2020-12-25,42.52242660522461,43.15912673497208,42.34051178676297,42.840774935230066,97430572.0
2020-12-28,44.20513153076172,44.432524189808305,42.74981990075822,42.8407755764822,221303442.0
2020-12-29,43.11365509033203,44.978274440477364,42.93174024574142,44.75088175217337,250941757.0
2020-12-30,43.9322624206543,43.97774025995188,42.84077692882865,43.15912874338519,153106350.0
2020-12-31,42.886260986328125,44.43252843996246,41.74929758233996,44.387050597750324,302133547.0
2021-01-04,41.430946350097656,42.295039243646436,40.02111240259018,41.97669087379336,403842303.0
2021-01-05,42.158599853515625,42.158599853515625,40.52137331478686,40.83972513631596,202966468.0
2021-01-06,42.704345703125,43.43200158015402,41.74929714766586,43.25008674346254,301970846.0
2021-01-07,42.02216720581055,43.2955641091764,41.84025237111918,43.0681714332464,165917770.0
2021-01-08,43.522953033447266,43.977738346104964,42.11311925815571,42.4769488961765,338209260.0
2021-01-11,45.47853469848633,45.569490379988565,43.25008580431313,43.84130814328819,443219386.0
2021-01-12,44.06869888305664,47.20671833350402,44.02322104430108,45.93331802992817,491506206.0
2021-01-13,45.47853469848633,45.75140521272988,44.65991968601884,44.978271510750346,262676340.0
2021-01-14,45.38758087158203,46.297151602718046,45.02375119123283,45.29662171662624,199499035.0
2021-01-15,44.34157180786133,47.11576176035451,44.34157180786133,46.93384692565693,330790962.0
2021-01-18,45.160186767578125,45.34209813229088,42.29503766677295,43.93226423734582,190288745.0
2021-01-19,48.20724868774414,49.02586373260063,45.47853649787183,46.0242775479515,549567983.0
2021-01-20,47.38862991333008,49.93543053256339,46.933844584143664,49.116815552133154,519469908.0
2021-01-21,49.116817474365234,49.75351765409141,47.479590919167094,48.025331947654195,348371621.0
2021-01-22,51.390743255615234,52.02744342352596,48.75298690415797,49.11681656288889,421387831.0
2021-01-25,52.027442932128906,53.30083978618641,50.93595743598195,52.39126911768673,318407166.0
2021-01-26,49.8444709777832,52.39126810647903,49.02585947377562,51.936482781007044,322524662.0
2021-01-27,49.8444709777832,51.11787127699946,49.29872997511148,50.02638580191934,227015913.0
2021-01-28,46.57001876831055,48.480115777997156,45.66044810279564,46.57001876831055,451427781.0
2021-01-29,45.47853469848633,47.84341711491288,45.47853469848633,47.57054660066933,271977993.0
2021-02-01,46.20619201660156,46.93384790077305,44.4325284134894,45.20566560958288,242061925.0
2021-02-02,47.843414306640625,48.207243950767484,46.660973167833276,47.02480281196014,241259166.0
2021-02-03,47.29767608642578,48.75298780888261,46.933846420943155,48.20724678039551,171832168.0
2021-02-04,47.206722259521484,47.66150762437338,46.57002205478143,46.93384826482077,95251895.0
2021-02-05,48.11629104614258,48.2072467275451,47.388631715975066,47.75246138105882,144458981.0
2021-02-17,52.39126968383789,52.755099343064074,51.02691366634485,52.39126968383789,354720349.0
2021-02-18,52.93701171875,54.02849717609532,51.57265576450251,52.39126725520903,287631020.0
2021-02-19,52.027442932128906,53.11892842827587,51.754572425526355,52.39126911768673,190960607.0
2021-02-22,51.663612365722656,53.02796834441112,51.663612365722656,52.75509784262076,182485679.0
2021-02-23,50.75404357910156,51.117873241355056,49.75351721250966,50.11734340502635,206213878.0
2021-02-24,49.753517150878906,51.57265852041937,49.662558000559805,50.39021732416543,176067024.0
2021-02-25,50.6630859375,51.39074176410638,50.481171113414234,51.20882694002062,112309052.0
2021-02-26,49.29873275756836,50.20830345984919,49.29873275756836,49.3896884399017,175942036.0
2021-03-02,47.93437576293945,50.57212866591857,47.93437576293945,50.2992581545396,163514600.0
2021-03-03,47.206722259521484,47.93437814933712,46.02427753511697,47.29767794459707,280829307.0
2021-03-04,44.61444091796875,46.20618959933171,44.568963078162874,45.66044858218768,383612376.0
2021-03-05,42.7952995300293,43.84130719332407,42.158599364099295,42.56790686146407,347126156.0
2021-03-08,41.93120574951172,43.750347056991394,41.88572791077207,43.61391354077243,209424946.0
2021-03-09,42.158599853515625,42.47695167504473,40.83972513631596,41.38546615931328,264344665.0
2021-03-10,42.34051513671875,43.06817099840045,42.15860030386412,42.931737476062104,191346284.0
2021-03-11,44.25061798095703,44.659922039018966,42.613387869761205,42.74982486893987,240065733.0
2021-03-12,44.65991973876953,45.56949043381361,44.65991973876953,44.796356730920884,182568161.0
2021-03-15,43.79582977294922,44.61444130578106,43.75034846301123,44.56896346557986,101814598.0
2021-03-16,43.9322624206543,44.70539956766013,43.5684362365369,44.11417724758136,111422575.0
2021-03-17,43.659393310546875,44.11417865753174,43.341044955552206,44.06870081678062,113513587.0
2021-03-18,42.7952995300293,44.0686998618893,42.7498216902636,43.659392364524535,159629688.0
2021-03-19,41.8857307434082,42.34051610103422,41.385467543966975,41.93120858522342,185099020.0
2021-03-22,43.84130859375,43.93226427618679,41.749296670071935,41.93120803494552,175207196.0
2021-03-23,44.11418151855469,45.160189272353385,44.11418151855469,44.523489051334046,175421526.0
2021-03-24,42.886260986328125,43.704872555357426,42.886260986328125,43.522957716771934,117428779.0
2021-03-25,44.25061798095703,44.34157366725145,42.52243218346678,42.74982486893987,161223209.0
2021-03-26,45.25114440917969,45.47853709465296,44.887314724527656,45.25114440917969,222415849.0
2021-03-29,44.88731002807617,46.38810298307016,44.84183218968716,46.024273336484754,156745319.0
2021-03-30,46.02427291870117,46.11523206439018,44.38704646340201,45.069224442254715,167739158.0
2021-03-31,45.66044998168945,46.570020684632524,45.29662031261748,45.569490829553025,184149925.0
2021-04-01,45.93332290649414,46.660978813045645,45.751408062422,46.38810828180596,85652901.0
2021-04-07,46.842891693115234,46.842891693115234,46.115235817072474,46.29715065351739,103137220.0
2021-04-08,49.116817474365234,50.02638816833496,46.84289073944092,47.02480557218223,346491365.0
2021-04-09,48.20724868774414,50.2083049875979,48.20724868774414,50.026390147659015,212893788.0
2021-04-12,48.752986907958984,49.66255758512044,48.20724588955683,49.29873139609792,135751176.0
2021-04-13,49.480648040771484,51.845530500256864,48.75298869655731,49.29873320471794,425653445.0
2021-04-14,47.93437576293945,50.66308781620276,45.93331956326567,50.39021730482379,347497699.0
2021-04-15,48.29819869995117,48.57107266267741,47.11575758383823,47.2976724024102,156028137.0
2021-04-16,49.116817474365234,50.39021783381759,48.20724678039551,48.843946960121684,264973147.0
2021-04-19,49.662559509277344,50.208304018560945,48.84394794995731,49.75351866235973,146204920.0
2021-04-20,49.2077751159668,49.75351963592944,48.75298975086641,49.29873427082906,117014470.0
2021-04-21,48.571075439453125,49.57160179419352,48.38916061048121,48.934901627660196,127174848.0
2021-04-22,49.8444709777832,51.11787127699946,48.93490032683921,50.02638580191934,337740346.0
2021-04-23,51.84553146362305,52.30031682733904,50.208304848192874,50.93596073619106,437383291.0
2021-04-26,56.21146774291992,56.21146774291992,54.392326369558525,55.02902654418237,510615530.0
2021-04-27,55.02902603149414,57.03008221749583,54.66519637231682,56.393382048803915,321034099.0
2021-04-28,54.574241638183594,55.57476801365556,53.482756111472554,55.30189749941201,292846745.0
2021-04-29,51.57265853881836,53.391799909007815,51.57265853881836,53.0279702470752,455683240.0
2021-05-03,48.20724868774414,50.390219827536775,48.02533384780526,50.026390147659015,322671742.0
2021-05-04,49.662559509277344,50.11734486547856,46.3881063325234,48.29820344067372,346369551.0
2021-05-05,47.115760803222656,49.844472859043314,47.115760803222656,49.66255802804124,207929392.0
2021-05-06,46.66097640991211,48.116291617800535,46.024276223319475,47.388632278987885,171412143.0
2021-05-07,49.116817474365234,49.20777315586747,47.84341711491288,47.93437626615196,169832029.0
2021-05-10,47.752464294433594,49.29873526077218,47.752464294433594,49.29873526077218,117825384.0
2021-05-11,44.568965911865234,46.20619253712921,43.70487302166739,45.47853664476044,283383118.0
2021-05-12,42.158599853515625,45.20566372950495,40.112065812670465,44.023222533186214,354706491.0
2021-05-13,43.25008773803711,44.43252899911768,40.43041984855753,40.79424606057009,324988395.0
2021-05-14,42.567909240722656,45.16018788909923,42.43147571379986,44.38705069092223,235085819.0
2021-05-17,39.97563171386719,42.43147322132497,39.157016721469006,39.83919472522191,231540797.0
2021-05-18,43.9322624206543,43.9322624206543,41.8402505853349,42.067643251559545,279930310.0
2021-05-19,43.9322624206543,44.75087740695771,43.20460658268277,43.97774025995188,211703899.0
2021-05-20,42.29503631591797,43.65939232610887,42.24955847619229,43.20460698937857,170017389.0
2021-05-21,42.704345703125,43.841309095275626,42.6133865499108,43.43200158015402,146104971.0
2021-05-24,44.29609298706055,44.56896349820423,42.158599798671936,42.38599246958114,159953560.0
2021-05-25,47.206722259521484,48.207248674300864,45.3875808001139,45.660451325077645,384540274.0
2021-05-26,46.66097640991211,48.662032652173146,46.479061575208945,47.57054711369105,241551225.0
2021-05-27,46.02427291870117,47.02480270286045,45.47853192351366,46.11523206439018,166932535.0
2021-05-28,47.66150665283203,48.207247691635025,46.93384730811217,47.38863266369363,216667060.0
2021-05-31,48.20724868774414,48.66203405272286,47.20672227268575,48.11629300264319,199540916.0
2021-06-01,47.479591369628906,49.11681794036021,47.479591369628906,48.389162072228174,153532972.0
2021-06-02,47.29767608642578,48.20724678039551,46.933846420943155,47.84341711491288,115535465.0
2021-06-03,50.026390075683594,50.29926060033084,47.57054841438446,48.025333778708855,379615152.0
2021-06-04,48.20724868774414,49.48064909757934,48.20724868774414,49.11681941770158,259766608.0
2021-06-07,47.5705451965332,48.75298636984446,46.842889356782955,48.66203069102695,183473659.0
2021-06-08,47.479591369628906,48.389162072228174,47.479591369628906,47.84341756882649,107515690.0
2021-06-09,46.115234375,47.206719889800674,45.66044903297779,47.02480505904443,210399319.0
2021-06-10,46.842891693115234,47.20672136600506,45.75140614418264,46.388106336871395,120939964.0
2021-06-11,47.115760803222656,47.934375807863574,46.93384597222058,47.4795904652268,98330893.0
2021-06-15,48.84394454956055,49.02585937332395,48.02532957749359,48.20724440125699,186110330.0
2021-06-16,47.66150665283203,48.66203304721649,47.47959181665207,48.48011821103652,144817715.0
2021-06-17,48.48011779785156,48.48011779785156,46.66097639102984,46.93384690810572,103506215.0
2021-06-18,47.479591369628906,48.93490310589298,47.479591369628906,48.75298827142575,128118524.0
2021-06-21,46.57001876831055,47.297674606775125,46.38810394126022,46.93384495267447,122656928.0
2021-06-22,46.38810729980469,47.388633716415484,46.29715161456261,47.206722345931325,86612509.0
2021-06-23,48.20724868774414,48.389163527683024,46.6609777528691,46.842892592807985,153763312.0
2021-06-24,48.20724868774414,48.75298973782381,47.57054848282654,48.11629300264319,150026510.0
2021-06-25,48.11629104614258,49.29873225305952,48.11629104614258,48.93490258797577,122914162.0
2021-06-28,47.843414306640625,48.480114448994314,47.66150295431383,48.38915877283092,71762205.0
2021-06-29,48.20724868774414,48.84394889266174,48.11629300264319,48.480119212783976,105202254.0
2021-06-30,48.29819869995117,48.93489883008478,48.29819869995117,48.84394315566708,92830842.0
2021-07-01,47.38862991333008,48.57107454500413,47.38862991333008,48.48011539732482,93087890.0
2021-07-02,47.843414306640625,48.11628827460409,47.38862898635037,47.38862898635037,65650006.0
2021-07-05,49.480648040771484,50.20830391524876,48.02533282208003,48.207247658133575,261103676.0
2021-07-06,48.571075439453125,50.20830196072684,48.480116290098785,49.93543145213735,144568255.0
2021-07-07,48.752986907958984,49.20777224653971,48.298201569378264,48.48011639875791,105842538.0
2021-07-08,48.29819869995117,49.207769323074444,48.20724302553347,49.025857974239045,95910080.0
2021-07-09,47.479591369628906,48.02533240329372,47.2067208527965,47.75246188646131,111119847.0
2021-07-12,48.38916015625,49.389686501598405,48.11628965022196,48.75298634104182,149134257.0
2021-07-13,49.02586364746094,50.208304900404755,48.75298965315801,49.02586364746094,261564370.0
2021-07-14,49.116817474365234,50.02638816833496,48.75298780888261,49.84447333559365,119707585.0
2021-07-15,50.11734390258789,50.299258735520674,49.298732358995615,49.480647191928405,181885879.0
2021-07-16,48.84394454956055,49.29872987410071,48.20724440125699,48.662029725797154,254563948.0
2021-07-19,47.843414306640625,48.57107359489435,47.75245863047723,48.57107359489435,142468073.0
2021-07-20,47.66150665283203,48.298203374856556,47.38863266369363,47.5705474998736,110876067.0
2021-07-21,46.20619201660156,48.29820398474595,45.66045097090718,48.20724830037587,200758258.0
2021-07-22,48.83570098876953,49.587018749006695,47.70872255713095,47.99046626939918,233158928.0
2021-07-23,49.49310302734375,50.80790814981893,49.49310302734375,49.774846726262325,207930876.0
2021-07-26,50.4322509765625,51.08965532775036,50.33833402206967,50.71399467491001,137614648.0
2021-07-27,49.86875915527344,50.99573751220008,49.86875915527344,50.901824141858455,118407516.0
2021-07-28,48.64786911010742,49.39918684651509,47.42697734062427,49.21136009933734,199661413.0
2021-07-29,51.27748489379883,51.65314556731467,50.056593078720894,50.62008408899465,436442070.0
2021-07-30,54.28275680541992,56.254969868385864,52.404460697394555,52.404460697394555,688535227.0
2021-08-02,54.001014709472656,56.067141206174306,53.34361033562683,55.69148054038651,340356559.0
2021-08-03,55.785396575927734,55.785396575927734,53.81318348699289,54.09492719039342,261099677.0
2021-08-04,56.818458557128906,57.10020226321312,55.50364981864845,56.53671485104469,311304901.0
2021-08-05,59.541988372802734,60.01156240229624,56.53671386753119,57.288031598207695,482353715.0
2021-08-06,58.32109451293945,59.91764697032443,57.85152047150656,59.63590326197781,347972909.0
2021-08-09,58.13326644897461,59.0724145106216,57.00628805848512,57.85151916442808,208141642.0
2021-08-10,56.16105270385742,58.5089228301271,55.59756530657891,58.22717913148784,314701732.0
2021-08-11,56.25497055053711,57.28803198945182,55.22190552905684,56.06714022094383,237048006.0
2021-08-12,56.44279861450195,57.7576073697668,56.1610549048211,56.630628948477735,165790481.0
2021-08-13,54.09492874145508,56.72454626876712,54.00101536515065,56.630629309897024,223682413.0
2021-08-16,53.6253547668457,54.47058948498378,52.96795396670016,53.06186734313076,142031104.0
2021-08-17,53.6253547668457,53.6253547668457,53.6253547668457,53.6253547668457,0.0
2021-08-18,54.56450271606445,54.658419674810546,51.934888774790075,51.934888774790075,191337750.0
2021-08-19,52.122718811035156,53.90710160876352,52.122718811035156,53.719271274913325,176436947.0
2021-08-20,52.310546875,52.96795122366643,51.08965513179976,52.87403426953381,141868003.0
2021-08-23,55.03407669067383,55.221907025356586,53.531441178343094,53.9071018477086,162895991.0
2021-08-24,54.846248626708984,56.44279747691099,54.752331670331145,55.9732234427185,177396116.0
2021-08-25,56.34888458251953,56.91237199531849,55.59756683793239,55.785397169720575,224280323.0
2021-08-26,57.47586441040039,58.88458655976037,56.63062968775812,58.602842846401515,259611356.0
2021-08-27,57.945438385009766,58.039351761818985,56.72454657366155,57.288033999648206,169766283.0
2021-08-30,58.97849655151367,59.166326877160614,57.94543513430373,58.60283948278528,205005185.0
2021-08-31,59.2602424621582,59.2602424621582,57.75760696598801,58.60284167168725,180534243.0
2021-09-01,60.19939041137695,60.57505107588153,58.7906682933332,58.97849862558549,259293907.0
2021-09-02,60.10547637939453,62.92292058467865,60.10547637939453,61.04462444782257,419823016.0
2021-09-03,65.74036407470703,65.74036407470703,61.420284439966785,61.51419781276158,636849628.0
2021-09-06,65.64645385742188,67.61866344143752,64.14381832508288,64.89513250868667,582599522.0
2021-09-07,64.04989624023438,66.30385306703025,63.48640882481822,65.83427902666158,329592945.0
2021-09-08,61.79594421386719,63.76815367492019,61.138536283428884,63.016832373028116,370835503.0
2021-09-09,63.392494201660156,63.7681548595851,61.13853741924158,61.3263713307696,280162094.0
2021-09-10,64.04989624023438,64.80121757087674,63.110748159497035,63.29858207472324,212454512.0
2021-09-13,62.73509216308594,64.70730162113416,62.73509216308594,64.14381422813909,164440315.0
2021-09-14,61.98377227783203,63.204667628144804,61.608111618879555,62.92292034264767,157083603.0
2021-09-15,61.60811233520508,62.453347036393026,61.514198960657794,62.17159974761998,104901582.0
2021-09-16,62.171600341796875,63.39249571797331,61.7959468400176,62.17160034179688,140953678.0
2021-09-17,61.60811233520508,63.11074782335521,61.514198960657794,62.17159974761998,168231667.0
2021-09-22,60.66896438598633,61.04462505009005,59.26024226944579,59.35415922675452,165283608.0
2021-09-23,61.232452392578125,62.07768710371431,61.04462564127287,61.88986035240906,118279945.0
2021-09-24,62.92292022705078,63.01683360033359,61.79594541739485,61.983772163960474,127879293.0
2021-09-27,62.26551818847656,63.39249297531874,61.983770909200544,63.20466623255536,92868852.0
2021-09-28,61.32637023925781,61.98377100507746,61.32637023925781,61.79594426202355,80605472.0
2021-09-29,59.16632843017578,60.387223787644565,59.16632843017578,59.729815839341704,217250781.0
2021-09-30,60.10547637939453,60.481137039791975,58.69675427675247,59.44807201498179,120716424.0
2021-10-01,58.79066848754883,59.91764690221994,58.32109444664967,59.54198981903998,142501064.0
2021-10-04,57.10020065307617,59.448070775180994,56.91237032679469,59.26024044889951,131200706.0
2021-10-05,57.3819465637207,57.56977689724445,54.47058893308221,55.12799330913254,189918094.0
2021-10-06,56.25497055053711,57.94543635174553,55.879309891350545,57.757606022152245,131848168.0
2021-10-07,58.696754455566406,58.79066782966908,57.10020201786188,57.19411897453014,151354156.0
2021-10-08,57.3819465637207,58.79066869130041,57.28803318824164,58.79066869130041,115041097.0
2021-10-12,54.940162658691406,56.06714107076743,54.940162658691406,55.879310738327156,162345809.0
2021-10-13,52.967952728271484,55.315822909798314,52.967952728271484,54.752331916692526,228247159.0
2021-10-14,53.24969482421875,54.09492591448432,53.06186449886013,53.81318221772913,118769240.0
2021-10-15,55.5036506652832,56.53671571343749,54.470589199694565,54.65841953413767,212901390.0
2021-10-18,54.846248626708984,56.06714039909634,54.846248626708984,56.06714039909634,119794110.0
2021-10-19,55.97322463989258,56.25497193248663,54.846249799778946,55.50365059565668,103789955.0
2021-10-20,55.12799072265625,56.53671278414202,54.75233007323386,56.16105213471963,150190445.0
2021-10-21,54.47058868408203,55.50365013989182,53.907101268652255,54.56450205913178,131526430.0
2021-10-22,54.7523307800293,54.94016110716519,53.71926935463017,54.47058708060822,103407443.0
2021-10-25,55.785396575927734,55.785396575927734,53.81318348699289,54.470587849971174,122194078.0
2021-10-26,56.16105270385742,57.1002007543653,55.78539563319358,56.16105270385742,179013620.0
2021-10-27,58.13326644897461,58.13326644897461,55.97322304113411,56.34888369881912,205373116.0
2021-10-28,56.16105270385742,57.38194445300456,56.16105270385742,57.00628738234071,273608270.0
2021-10-29,54.47058868408203,55.87931080522208,54.47058868408203,55.87931080522208,228569205.0
2021-11-01,54.09492874145508,55.03407683476205,53.907101988846215,54.56450278810856,133814105.0
2021-11-02,55.40973663330078,56.53671504405053,54.56450192959707,54.65841888698949,196050588.0
2021-11-03,55.597564697265625,56.442795783920225,55.40973437270945,56.348882412924866,93460973.0
2021-11-04,55.03407669067383,56.25497207482891,54.94016331461528,56.25497207482891,76279150.0
2021-11-05,56.724544525146484,57.19411855736602,55.59756613130648,55.97322320754278,186857464.0
2021-11-08,58.696754455566406,58.696754455566406,56.818458312988284,57.00628864375921,207476998.0
2021-11-09,59.2602424621582,60.950711873556685,59.2602424621582,59.917646835194766,229429473.0
2021-11-10,59.2602424621582,60.105477167857444,58.60284167168725,59.54198975243503,126681412.0
2021-11-11,58.41501235961914,58.978499784886495,58.32109540036413,58.60284269556348,108353293.0
2021-11-12,58.79066848754883,59.91764690221994,58.696755112395245,59.448072861320775,108567895.0
2021-11-15,59.541988372802734,59.82373207398573,58.97849738787121,59.72981511854771,74553814.0
2021-11-16,59.16632843017578,59.823732795913074,59.16632843017578,59.823732795913074,74721656.0
2021-11-17,59.72981643676758,60.19939047662445,58.88458531456458,59.44807272936658,111469217.0
2021-11-18,59.2602424621582,60.011563792808914,59.16632908710967,59.72981650253209,82944078.0
2021-11-19,61.1385383605957,62.077686437302646,60.10547690924431,60.29330365853322,368830431.0
2021-11-22,60.76287841796875,61.9837737982288,60.66896504220981,61.51419975430283,151356281.0
2021-11-23,59.35416030883789,60.575052115584604,59.07241659690645,60.575052115584604,136256721.0
2021-11-24,59.2602424621582,59.54198975243503,58.69675504673579,58.884585379398466,93267750.0
2021-11-25,59.16632843017578,59.6359024653359,58.790667769021454,59.6359024653359,67682737.0
2021-11-26,58.696754455566406,60.85679788558372,58.696754455566406,60.668963972247205,181896349.0
2021-11-29,58.602840423583984,58.884584125294715,57.19411833246481,58.227179766259326,111274094.0
2021-11-30,59.823734283447266,61.232452841390256,59.823734283447266,60.38722528919013,277535104.0
2021-12-01,62.92292022705078,62.92292022705078,60.19938941106266,60.48113669604219,271112474.0
2021-12-02,62.64117431640625,64.33164373310981,62.547260941063,63.29858227407153,309629242.0
2021-12-03,64.14381408691406,64.23772745801799,62.92291876717033,63.48640615892477,184103948.0
2021-12-06,63.20466613769531,64.04989364399292,62.64117157998899,64.04989364399292,134977704.0
2021-12-07,62.453346252441406,63.76815497499271,62.17159896720502,63.76815497499271,155164688.0
2021-12-08,62.453346252441406,64.049895095098,62.453346252441406,64.049895095098,145042808.0
2021-12-09,60.10547637939453,61.702025229669744,60.10547637939453,61.13853782163915,283828545.0
2021-12-10,59.635902404785156,60.29330318728938,58.884584665804915,59.07241499619137,150096505.0
2021-12-13,58.97849655151367,60.0115615512891,58.97849655151367,60.0115615512891,105402091.0
2021-12-14,58.602840423583984,58.884584125294715,57.757605735886266,58.69675379663238,103901892.0
2021-12-15,58.884586334228516,59.541990717925074,58.69675599852012,58.69675599852012,93198092.0
2021-12-16,59.16632843017578,60.668963909661954,59.07241505616999,60.29330324850762,137799524.0
2021-12-17,58.5089225769043,58.88458322850781,58.32109225110254,58.41500920528616,87120133.0
2021-12-20,58.41501235961914,58.790669448942154,58.22718202367479,58.50892573630847,63987172.0
2021-12-21,59.07241439819336,59.44807147259787,58.60284036826357,58.79066711418306,76514949.0
2021-12-22,59.823734283447266,60.011564618694884,59.44807361295202,59.54199057185867,82654446.0
2021-12-23,60.01156234741211,60.57504974926277,59.91764539205998,60.481136376476165,70656246.0
2021-12-24,60.38722229003906,60.95070968523047,60.19938838155461,60.38722229003906,75313292.0
2021-12-27,60.38722229003906,60.76287577674602,60.29330175323135,60.66896240506928,45805295.0
2021-12-28,60.76287841796875,61.23245246189473,60.76287841796875,60.95071233461792,79937853.0
2021-12-29,61.04462432861328,61.232451075879645,60.762877042582616,61.13853770224646,52868829.0
2021-12-30,61.04462432861328,61.326371614643946,60.85679758134692,61.13853770224646,48028296.0
2022-01-03,59.541988372802734,61.514197863649244,59.35415804449222,61.232450579900714,120134207.0
2022-01-04,59.16632843017578,60.10547650049603,58.97849809959862,59.6359024653359,113554504.0
2022-01-05,59.2602424621582,60.105477167857444,58.884585379398466,59.16632908710967,83002873.0
2022-01-06,58.884586334228516,59.07241666993691,58.60284262194875,58.69675599852012,80543215.0
2022-01-07,58.79066848754883,59.82373352706635,58.696755112395245,59.82373352706635,99195601.0
2022-01-10,58.32109451293945,58.69675517911202,58.03935080459284,58.227181137679125,95348594.0
2022-01-11,58.32109451293945,58.69675517911202,58.1332677624188,58.508924846025735,44217559.0
2022-01-12,58.13326644897461,58.978497554917574,58.039349493270585,58.88458418177909,74002300.0
2022-01-13,59.44807052612305,59.72981422308216,58.32109215572112,58.32109215572112,115790076.0
2022-01-14,58.884586334228516,59.63590409449644,58.415012286240355,59.63590409449644,92471313.0
2022-01-17,60.38722229003906,60.481135661715804,59.16632696284853,59.26024033452527,154911953.0
2022-01-18,59.91764450073242,60.95070949884491,59.91764450073242,60.57504884815573,96924393.0
2022-01-19,58.97849655151367,59.63590089999522,58.97849655151367,59.166326877160614,75176729.0
2022-01-20,59.635902404785156,59.91764610908205,58.69675433541846,59.07241499619137,61673388.0
2022-01-21,58.97849655151367,59.44807057434828,58.79066622586673,58.88458317997294,84065982.0
2022-01-24,58.79066848754883,58.97849882042161,57.47586332257055,58.50892477952245,104842422.0
2022-01-25,57.757606506347656,58.415010874152536,57.757606506347656,58.039350211816725,128470767.0
2022-01-26,53.81318283081055,54.94016121323619,52.686204448384906,52.96795173091545,399886476.0
2022-02-07,51.183570861816406,53.53144108483551,50.43225310696342,53.437527708941005,303067087.0
2022-02-08,52.028804779052734,52.49837881647175,51.27748345312984,51.27748345312984,145754347.0
2022-02-09,52.59229278564453,53.34361053749775,52.310549076520275,52.87403649476879,104196446.0
2022-02-10,52.40446090698242,53.53143929281801,51.747056550031196,53.53143929281801,113911457.0
2022-02-11,52.028804779052734,52.592292190929314,51.65314411609129,52.1227181535103,84581234.0
2022-02-14,49.77484893798828,50.80791040744857,49.77484893798828,50.713997031157874,159459899.0
2022-02-15,50.244422912597656,50.99574066954393,49.77484886668553,49.77484886668553,100424261.0
2022-02-16,50.80791091918945,51.55923226734502,50.80791091918945,51.27748497050383,90558141.0
2022-02-17,51.089656829833984,51.653144243096065,50.80790954063734,51.371400536465025,67766598.0
2022-02-18,50.4322509765625,50.71399467491001,50.244420650142324,50.526164348489836,81812084.0
2022-02-21,50.52616500854492,51.08965599516668,49.77484727561479,50.0565909776429,77093640.0
2022-02-22,49.58701705932617,50.15050804722731,49.117443027358,49.96267771792694,111986147.0
2022-02-23,50.33833312988281,50.33833312988281,49.68093237291209,49.68093237291209,56264257.0
2022-02-24,48.64786911010742,49.96267783574501,48.553955736518546,49.5870171762584,105770914.0
2022-02-25,48.92961120605469,50.05658956492665,48.83569783555096,49.774845870850015,107149479.0
2022-03-01,50.80791091918945,51.18357159326723,49.30527538800972,49.7748494393241,117258341.0
2022-03-02,50.33833312988281,50.620080405802184,49.86875911343776,49.962676066266035,57767223.0
2022-03-03,50.901824951171875,51.18356864924176,50.5261642987017,50.901824951171875,46574496.0
2022-03-04,50.150508880615234,50.52616596289301,49.96267854819354,50.05659192312158,45291882.0
2022-03-07,48.46003723144531,49.587015591318206,48.17829353711845,49.587015591318206,106963655.0
2022-03-08,46.6756591796875,48.08438126610122,46.487828851652566,47.520890281996415,178913624.0
2022-03-09,48.64786911010742,49.023529769594035,47.42697734062427,47.708721043956444,97926742.0
2022-03-10,49.58701705932617,50.52616512326252,49.3991867300258,50.244421420594726,96899292.0
2022-03-11,49.305274963378906,49.774849010649184,49.11744462795766,49.49310529880015,46824536.0
2022-03-14,49.305274963378906,49.86876238707697,48.64787058068739,49.49310529880015,59505595.0
2022-03-15,47.333065032958984,48.46003987166677,47.14523469898581,48.27221312025924,117655236.0
2022-03-16,47.70872116088867,48.17829519511507,47.05131679645861,48.08438182129602,82159391.0
2022-03-17,49.39918518066406,49.58701550407331,49.023528116411,49.21135843982025,106432004.0
2022-03-18,49.58701705932617,49.774847388626554,49.30527335665838,49.49310368595876,66178749.0
2022-03-21,50.244422912597656,50.43225324747564,49.86876224284169,50.244422912597656,50926506.0
2022-03-22,50.244422912597656,50.244422912597656,49.68093549052937,50.244422912597656,47683407.0
2022-03-23,50.52616500854492,50.90182566629276,50.33833467967101,50.52616500854492,63371218.0
2022-03-24,49.962677001953125,50.150507328561865,49.68093330332277,49.774846675344385,49965271.0
2022-03-25,50.05659103393555,50.338334736280494,49.77484733159059,50.2444213630207,42172838.0
2022-03-28,50.33833312988281,50.52616345297392,49.58701542008382,49.962676066266035,40335325.0
2022-03-29,50.4322509765625,50.71399467491001,50.056590323722155,50.62008130298267,39470682.0
2022-03-30,51.183570861816406,51.183570861816406,50.71399681721259,50.80791019310709,67529942.0
2022-03-31,50.71399688720703,50.90182722182093,50.52616655259314,50.80791026323116,48328440.0
2022-04-01,49.68093490600586,49.8687616561083,49.305274240669746,49.8687616561083,83819843.0
2022-04-06,47.99046325683594,48.55395422856537,47.70871956225395,48.460037275327736,130463959.0
2022-04-07,46.95740509033203,47.520892518389736,46.95740509033203,47.05131846748642,113474739.0
2022-04-08,46.95740509033203,47.33306576408097,46.95740509033203,47.05131846748642,91544578.0
2022-04-11,45.266937255859375,46.95740304911438,45.126063613685815,46.95740304911438,172822222.0
2022-04-12,44.42170333862305,45.21998135384668,44.13995963195349,44.42170333862305,149437106.0
2022-04-13,45.548683166503906,45.78347019313537,44.844322086609516,44.93823546423582,91562763.0
2022-04-14,45.31389617919922,46.06521394855881,45.266939490345315,46.01825725970491,63462591.0
2022-04-15,44.18691635131836,44.56257701552702,44.13995966393368,44.51562032814233,88548089.0
2022-04-18,43.388641357421875,43.99908545066589,43.388641357421875,43.76429843421075,70630379.0
2022-04-19,43.81126022338867,44.2808342725887,43.764299952416124,43.9051736002024,69983560.0
2022-04-20,44.75040817260742,44.75040817260742,44.23387385415678,44.562577837040436,63624569.0
2022-04-21,45.12606430053711,45.454768276423344,44.750407219965744,44.98519423878495,57340757.0
2022-04-22,44.75040817260742,44.75040817260742,44.32779081322311,44.60953452529076,44600819.0
2022-04-25,42.73123550415039,43.67038353720864,42.543405181025655,43.67038353720864,109358305.0
2022-04-26,42.96602249145508,43.29472286983895,42.49644847515503,43.20080949960511,51558629.0
2022-04-27,41.698177337646484,41.698177337646484,40.89989929804113,41.32251666223623,104597756.0
2022-04-28,45.548683166503906,45.83042688194852,43.05993925118411,43.48255661563389,235761700.0
2022-04-29,44.89127731323242,46.86349042223759,44.79736393866505,46.58174313340428,187382650.0
2022-05-03,44.3747444152832,45.548679452724556,44.233870777764075,44.797361745275175,84508425.0
2022-05-04,45.3608512878418,45.3608512878418,44.46865990043557,44.46865990043557,63133086.0
2022-05-05,46.11216735839844,46.816528388817346,45.877380348258804,46.675658332272846,103997181.0
2022-05-06,45.595638275146484,45.595638275146484,44.51562013961048,44.562576826796295,82849111.0
2022-05-09,44.98519515991211,46.01825663084355,44.98519515991211,45.54868258359005,63852606.0
2022-05-10,45.92434310913086,45.92434310913086,43.99908665542978,44.139960302186424,85028280.0
2022-05-11,45.68955612182617,46.20608685606001,45.313895451893025,45.64259585116029,78480733.0
2022-05-12,44.89127731323242,45.64259505746818,44.79736393866505,45.21998128934941,70288246.0
2022-05-13,45.87738037109375,46.11216738135025,45.360849665042544,45.548679989760835,73860423.0
2022-05-16,46.44087219238281,47.23914660879015,46.29999855063303,46.72261589331684,112735101.0
2022-05-17,47.05131530761719,47.33306258529017,46.675658241662305,46.957401936769834,89761593.0
2022-05-18,47.80263900756836,48.17829609240652,47.61480867386646,47.896552383136495,95535126.0
2022-05-19,47.70872116088867,47.70872116088867,46.29999905820949,46.29999905820949,86986838.0
2022-05-20,47.61480712890625,48.08438115664188,47.42697680129889,47.99046420155545,54871546.0
2022-05-23,47.2391471862793,48.27221221242046,47.05131685583858,48.084381881979745,51203951.0
2022-05-24,46.01825714111328,47.4269792984943,46.01825714111328,47.33306592102851,70613038.0
2022-05-25,46.346954345703125,46.44087129925198,45.68955358368841,46.06521065018747,55450045.0
2022-05-26,46.393917083740234,47.14523483930344,46.3000001251913,46.86349112878795,38717807.0
2022-05-27,47.145233154296875,47.145233154296875,46.86348945385111,46.95740282647785,44272926.0
2022-05-30,47.89655303955078,48.27221371210294,47.42697899014342,47.89655303955078,56426824.0
2022-05-31,48.272212982177734,48.36612635761286,47.61480860643492,47.80263893987081,90647218.0
2022-06-01,48.084381103515625,48.46003817574977,47.896550776115795,47.99046414853295,53236364.0
2022-06-02,47.61480712890625,47.896550829034524,47.520890173819815,47.80263745651361,49193727.0
2022-06-06,48.83570098876953,48.83570098876953,47.61480918056343,48.08438322853237,90265356.0
2022-06-07,48.553955078125,48.74178540532132,48.084381051416955,48.46003812324408,60602619.0
2022-06-08,49.211360931396484,49.49310463949235,48.929613640735,49.023530598477365,70914419.0
2022-06-09,48.64786911010742,49.023529769594035,48.64786911010742,48.929612813439604,39439506.0
2022-06-10,48.084381103515625,48.55395513073245,47.708720448715965,47.896550776115795,42745053.0
2022-06-13,46.95740509033203,47.33306576408097,46.863491713177645,47.05131846748642,80943487.0
2022-06-14,46.58174133300781,46.67565828651087,46.11216731318892,46.253040952160774,66117883.0
2022-06-15,46.62870407104492,47.33306513808448,46.62870407104492,46.910447781347614,59657666.0
2022-06-16,46.11216735839844,47.70871974386106,46.0652106728836,47.42697604820659,65327274.0
2022-06-17,44.75040817260742,45.26693890849239,44.32779081322311,45.12606526117573,151877009.0
2022-06-20,45.12606430053711,46.01825568856319,44.89127728171791,45.454768276423344,122064321.0
2022-06-21,46.29999923706055,46.29999923706055,45.03215077277797,45.54868149590918,130353483.0
2022-06-22,44.099998474121094,46.349998474121094,44.099998474121094,46.29999923706055,199757207.0
2022-06-23,42.0,44.150001525878906,41.04999923706055,44.04999923706055,204802598.0
2022-06-24,41.599998474121094,42.95000076293945,41.599998474121094,42.5,98110599.0
2022-06-27,42.900001525878906,43.29999923706055,42.400001525878906,42.599998474121094,89426186.0
2022-06-28,41.849998474121094,42.95000076293945,41.849998474121094,42.95000076293945,56708799.0
2022-06-29,40.900001525878906,41.54999923706055,40.70000076293945,41.25,68428072.0
2022-06-30,39.150001525878906,40.599998474121094,39.150001525878906,40.599998474121094,119517641.0
2022-07-01,38.04999923706055,39.900001525878906,38.04999923706055,39.150001525878906,135667180.0
2022-07-04,38.150001525878906,38.5,37.5,38.04999923706055,113656903.0
2022-07-05,38.900001525878906,39.54999923706055,38.0,39.400001525878906,84341341.0
2022-07-06,37.150001525878906,38.900001525878906,37.150001525878906,38.5,101611371.0
2022-07-07,39.849998474121094,40.5,37.25,37.849998474121094,169918818.0
2022-07-08,39.70000076293945,40.70000076293945,39.400001525878906,40.45000076293945,111431250.0
2022-07-11,38.599998474121094,40.0,38.349998474121094,39.849998474121094,78579255.0
2022-07-12,36.75,38.0,36.75,37.70000076293945,121975329.0
2022-07-13,38.04999923706055,39.0,37.849998474121094,38.79999923706055,113163223.0
2022-07-14,38.79999923706055,39.20000076293945,37.400001525878906,37.900001525878906,106195225.0
2022-07-15,38.95000076293945,39.400001525878906,38.5,39.0,93282900.0
2022-07-18,40.0,40.20000076293945,39.5,39.599998474121094,94635836.0
2022-07-19,39.900001525878906,40.150001525878906,39.54999923706055,39.650001525878906,50097902.0
2022-07-20,40.75,41.150001525878906,40.45000076293945,41.0,74999094.0
2022-07-21,42.79999923706055,42.79999923706055,40.79999923706055,41.0,137515298.0
2022-07-22,42.45000076293945,43.04999923706055,42.04999923706055,42.79999923706055,110057629.0
2022-07-25,40.5,41.349998474121094,40.20000076293945,41.29999923706055,102999108.0
2022-07-26,38.599998474121094,40.099998474121094,38.29999923706055,40.099998474121094,161723851.0
2022-07-27,39.45000076293945,39.5,38.20000076293945,38.349998474121094,109141607.0
2022-07-28,38.79999923706055,40.5,38.70000076293945,40.45000076293945,148493712.0
2022-07-29,40.150001525878906,40.20000076293945,39.400001525878906,39.5,109251171.0
2022-08-01,40.29999923706055,40.29999923706055,39.54999923706055,40.04999923706055,43204752.0
2022-08-02,39.099998474121094,39.599998474121094,38.79999923706055,39.54999923706055,71694172.0
2022-08-03,39.29999923706055,39.349998474121094,38.79999923706055,39.099998474121094,44604528.0
2022-08-04,40.0,40.20000076293945,39.349998474121094,39.79999923706055,73337609.0
2022-08-05,42.150001525878906,42.349998474121094,40.599998474121094,40.95000076293945,156027274.0
2022-08-08,41.04999923706055,41.650001525878906,41.0,41.400001525878906,70316154.0
2022-08-09,41.04999923706055,41.45000076293945,40.150001525878906,40.849998474121094,57553957.0
2022-08-10,40.29999923706055,40.45000076293945,40.04999923706055,40.29999923706055,59867589.0
2022-08-11,41.70000076293945,41.849998474121094,41.400001525878906,41.650001525878906,82326023.0
2022-08-12,42.349998474121094,42.650001525878906,41.79999923706055,41.900001525878906,71258030.0
2022-08-15,43.5,43.5,42.79999923706055,42.849998474121094,86310145.0
2022-08-16,43.04999923706055,43.599998474121094,42.849998474121094,43.54999923706055,54160486.0
2022-08-17,42.849998474121094,43.20000076293945,42.650001525878906,43.150001525878906,46303780.0
2022-08-18,42.5,42.5,42.04999923706055,42.099998474121094,35280239.0
2022-08-19,43.0,43.20000076293945,42.5,42.75,34107416.0
2022-08-22,41.95000076293945,42.25,41.900001525878906,42.20000076293945,33625000.0
2022-08-23,40.79999923706055,41.25,40.79999923706055,40.95000076293945,60939728.0
2022-08-24,40.900001525878906,41.349998474121094,40.849998474121094,41.099998474121094,36198142.0
2022-08-25,41.400001525878906,41.650001525878906,41.150001525878906,41.29999923706055,36753597.0
2022-08-26,41.29999923706055,42.150001525878906,41.29999923706055,42.0,41925852.0
2022-08-29,39.95000076293945,40.04999923706055,39.29999923706055,39.650001525878906,77947283.0
2022-08-30,40.400001525878906,40.849998474121094,39.849998474121094,40.099998474121094,36127846.0
2022-08-31,41.099998474121094,41.20000076293945,39.900001525878906,40.04999923706055,47051905.0
2022-09-01,40.45000076293945,40.70000076293945,40.0,40.20000076293945,40264410.0
2022-09-02,40.5,40.849998474121094,40.29999923706055,40.599998474121094,49625651.0
2022-09-05,39.79999923706055,40.5,39.25,40.29999923706055,88728180.0
2022-09-06,39.95000076293945,40.20000076293945,39.75,39.95000076293945,38130526.0
2022-09-07,39.20000076293945,39.79999923706055,39.150001525878906,39.599998474121094,56935811.0
2022-09-08,39.29999923706055,39.70000076293945,39.099998474121094,39.70000076293945,44441885.0
2022-09-12,40.150001525878906,40.95000076293945,40.0,40.0,68900843.0
2022-09-13,40.75,40.79999923706055,40.5,40.599998474121094,38459201.0
2022-09-14,40.150001525878906,40.400001525878906,39.400001525878906,39.45000076293945,54221462.0
2022-09-15,40.400001525878906,40.75,40.099998474121094,40.400001525878906,43284742.0
2022-09-16,39.95000076293945,40.349998474121094,39.95000076293945,40.29999923706055,58273261.0
2022-09-19,39.95000076293945,40.099998474121094,39.70000076293945,39.95000076293945,31821296.0
2022-09-20,40.150001525878906,40.45000076293945,39.900001525878906,40.20000076293945,37794410.0
2022-09-21,39.599998474121094,39.95000076293945,39.29999923706055,39.849998474121094,50581171.0
2022-09-22,38.75,39.04999923706055,38.599998474121094,39.0,55656445.0
2022-09-23,38.29999923706055,38.900001525878906,38.150001525878906,38.5,45731995.0
2022-09-26,36.849998474121094,37.849998474121094,36.75,37.79999923706055,67912112.0
2022-09-27,37.29999923706055,37.5,36.849998474121094,37.29999923706055,46286821.0
2022-09-28,36.20000076293945,37.95000076293945,36.150001525878906,37.5,72870615.0
2022-09-29,36.54999923706055,37.25,36.150001525878906,37.20000076293945,46575551.0
2022-09-30,35.75,35.79999923706055,35.04999923706055,35.599998474121094,81730648.0
2022-10-03,35.349998474121094,35.95000076293945,35.0,35.349998474121094,57761522.0
2022-10-04,37.70000076293945,37.70000076293945,36.29999923706055,36.29999923706055,76720137.0
2022-10-05,38.29999923706055,39.0,38.25,38.79999923706055,94638164.0
2022-10-06,38.95000076293945,39.0,38.20000076293945,38.54999923706055,57663694.0
2022-10-07,38.04999923706055,38.599998474121094,38.0,38.599998474121094,46871723.0
2022-10-11,35.400001525878906,36.400001525878906,35.29999923706055,36.29999923706055,97394246.0
2022-10-12,36.70000076293945,36.75,35.150001525878906,35.20000076293945,84105734.0
2022-10-13,36.400001525878906,37.20000076293945,36.20000076293945,36.650001525878906,70601673.0
2022-10-14,38.70000076293945,38.75,37.79999923706055,38.099998474121094,116583617.0
2022-10-17,37.75,38.099998474121094,37.04999923706055,37.79999923706055,75058345.0
2022-10-18,38.25,38.79999923706055,38.0,38.650001525878906,63553154.0
2022-10-19,38.20000076293945,38.900001525878906,38.0,38.29999923706055,70711372.0
2022-10-20,39.5,39.5,37.54999923706055,37.70000076293945,115651235.0
2022-10-21,39.04999923706055,39.95000076293945,38.900001525878906,39.5,92001219.0
2022-10-24,39.400001525878906,40.79999923706055,39.400001525878906,40.54999923706055,102938085.0
2022-10-25,39.45000076293945,40.099998474121094,39.349998474121094,39.849998474121094,91594231.0
2022-10-26,38.099998474121094,39.599998474121094,38.0,39.599998474121094,103443365.0
2022-10-27,39.25,39.400001525878906,37.900001525878906,37.95000076293945,90613946.0
2022-10-28,38.29999923706055,38.79999923706055,38.20000076293945,38.70000076293945,53649029.0
2022-10-31,39.099998474121094,39.29999923706055,38.79999923706055,39.0,51260076.0
2022-11-01,39.04999923706055,39.29999923706055,38.75,38.849998474121094,34377166.0
2022-11-02,39.349998474121094,39.599998474121094,39.0,39.25,39919536.0
2022-11-03,39.0,39.150001525878906,38.599998474121094,38.849998474121094,36155621.0
2022-11-04,38.900001525878906,39.099998474121094,38.599998474121094,38.70000076293945,30410548.0
2022-11-07,40.04999923706055,40.20000076293945,39.5,39.5,75828073.0
2022-11-08,40.150001525878906,40.599998474121094,39.79999923706055,40.29999923706055,63627343.0
2022-11-09,41.45000076293945,41.45000076293945,40.75,40.79999923706055,100630117.0
2022-11-10,41.650001525878906,41.650001525878906,40.900001525878906,41.099998474121094,63600346.0
2022-11-11,44.0,45.5,43.900001525878906,45.20000076293945,191455331.0
2022-11-14,44.900001525878906,45.0,44.29999923706055,44.79999923706055,126709347.0
2022-11-15,46.599998474121094,47.099998474121094,44.79999923706055,45.0,194213856.0
2022-11-16,45.25,46.900001525878906,45.04999923706055,46.900001525878906,129929141.0
2022-11-17,45.599998474121094,45.70000076293945,44.25,44.79999923706055,94490785.0
2022-11-18,45.599998474121094,46.599998474121094,45.400001525878906,46.20000076293945,74623478.0
2022-11-21,45.650001525878906,46.0,45.45000076293945,45.849998474121094,41236956.0
2022-11-22,46.099998474121094,46.150001525878906,45.25,45.54999923706055,65457989.0
2022-11-23,46.099998474121094,46.5,46.099998474121094,46.349998474121094,45884654.0
2022-11-24,46.20000076293945,46.5,45.599998474121094,46.400001525878906,38914337.0
2022-11-25,45.79999923706055,46.150001525878906,45.70000076293945,46.04999923706055,33819940.0
2022-11-28,44.400001525878906,44.95000076293945,44.20000076293945,44.599998474121094,78357139.0
2022-11-29,44.650001525878906,44.75,43.650001525878906,44.04999923706055,58090600.0
2022-11-30,45.79999923706055,45.79999923706055,44.150001525878906,44.349998474121094,61750227.0
2022-12-01,45.599998474121094,46.650001525878906,45.599998474121094,46.5,73822944.0
2022-12-02,45.5,45.650001525878906,44.79999923706055,44.79999923706055,54160843.0
2022-12-05,45.400001525878906,45.900001525878906,45.400001525878906,45.650001525878906,37425551.0
2022-12-06,44.5,45.400001525878906,44.5,45.20000076293945,40478376.0
2022-12-07,43.650001525878906,44.75,43.650001525878906,44.0,74981916.0
2022-12-08,42.5,43.70000076293945,42.5,43.650001525878906,76670517.0
2022-12-09,43.5,43.95000076293945,43.04999923706055,43.400001525878906,55417849.0
2022-12-12,43.5,43.650001525878906,43.0,43.349998474121094,25747200.0
2022-12-13,43.79999923706055,44.20000076293945,43.599998474121094,44.0,54778212.0
2022-12-14,44.45000076293945,44.5,43.95000076293945,44.29999923706055,49166432.0
2022-12-15,44.25,44.45000076293945,43.849998474121094,44.0,38456812.0
2022-12-16,44.29999923706055,44.29999923706055,42.95000076293945,43.150001525878906,95239295.0
2022-12-19,42.95000076293945,43.5,42.849998474121094,43.25,83378719.0
2022-12-20,41.849998474121094,42.849998474121094,41.849998474121094,42.5,80512928.0
2022-12-21,42.0,42.45000076293945,41.75,41.95000076293945,56823850.0
2022-12-22,42.849998474121094,43.099998474121094,42.5,42.650001525878906,52209660.0
2022-12-23,41.95000076293945,42.150001525878906,41.70000076293945,41.95000076293945,33933570.0
2022-12-26,41.900001525878906,42.0,41.599998474121094,42.0,23114661.0
2022-12-27,41.849998474121094,42.5,41.849998474121094,42.04999923706055,23355763.0
2022-12-28,40.79999923706055,41.5,40.650001525878906,41.5,51433985.0
2022-12-29,40.75,41.04999923706055,40.20000076293945,40.25,33299648.0
2022-12-30,40.70000076293945,41.45000076293945,40.70000076293945,41.29999923706055,31353411.0
2023-01-03,41.400001525878906,41.5,40.25,40.45000076293945,34737355.0
2023-01-04,41.04999923706055,41.599998474121094,41.04999923706055,41.25,23573244.0
2023-01-05,41.25,41.79999923706055,41.099998474121094,41.79999923706055,29326997.0
2023-01-06,42.400001525878906,42.400001525878906,41.25,41.29999923706055,54893830.0
2023-01-09,44.5,44.5,43.349998474121094,43.599998474121094,119293217.0
2023-01-10,45.0,45.0,44.20000076293945,44.5,91619765.0
2023-01-11,45.150001525878906,45.5,44.849998474121094,45.29999923706055,67893495.0
2023-01-12,45.150001525878906,45.5,44.70000076293945,45.349998474121094,58099046.0
2023-01-13,45.400001525878906,45.900001525878906,45.150001525878906,45.70000076293945,68861927.0
2023-01-16,44.900001525878906,45.54999923706055,44.599998474121094,45.25,67899354.0
2023-01-17,45.95000076293945,46.0,44.849998474121094,44.95000076293945,123681267.0
2023-01-30,48.79999923706055,48.79999923706055,47.5,47.95000076293945,259934552.0
2023-01-31,48.79999923706055,49.099998474121094,47.900001525878906,48.29999923706055,137164342.0
2023-02-01,49.25,49.5,48.95000076293945,49.5,114483826.0
2023-02-02,50.400001525878906,50.5,50.0,50.0,113657528.0
2023-02-03,50.099998474121094,50.400001525878906,50.0,50.20000076293945,62951018.0
2023-02-06,49.04999923706055,49.79999923706055,49.04999923706055,49.70000076293945,63272202.0
2023-02-07,49.150001525878906,49.45000076293945,48.349998474121094,48.54999923706055,54845672.0
2023-02-08,50.5,50.70000076293945,49.75,49.79999923706055,91987834.0
2023-02-09,50.5,50.900001525878906,49.79999923706055,49.849998474121094,54489972.0
2023-02-10,50.79999923706055,51.20000076293945,50.20000076293945,50.5,62316230.0
2023-02-13,49.75,50.20000076293945,49.150001525878906,50.20000076293945,58610023.0
2023-02-14,50.400001525878906,50.70000076293945,50.0,50.20000076293945,38055955.0
2023-02-15,49.900001525878906,50.599998474121094,49.75,49.900001525878906,54088246.0
2023-02-16,50.099998474121094,50.5,49.70000076293945,50.400001525878906,56240350.0
2023-02-17,50.0,50.20000076293945,49.349998474121094,49.650001525878906,37735264.0
2023-02-20,50.5,50.79999923706055,49.79999923706055,50.0,46850801.0
2023-02-21,50.599998474121094,50.70000076293945,50.20000076293945,50.400001525878906,28793861.0
2023-02-22,49.54999923706055,49.79999923706055,49.400001525878906,49.5,51599954.0
2023-02-23,50.20000076293945,50.5,49.75,49.900001525878906,69814349.0
2023-02-24,49.95000076293945,50.79999923706055,49.95000076293945,50.70000076293945,63799414.0
2023-03-01,51.29999923706055,51.70000076293945,48.95000076293945,49.0,93569096.0
2023-03-02,50.70000076293945,51.20000076293945,50.5,51.099998474121094,40170733.0
2023-03-03,51.29999923706055,51.70000076293945,51.20000076293945,51.29999923706055,37277893.0
2023-03-06,51.900001525878906,52.099998474121094,51.400001525878906,52.0,53372856.0
2023-03-07,51.599998474121094,51.900001525878906,51.0,51.5,43382441.0
2023-03-08,52.099998474121094,52.099998474121094,51.099998474121094,51.400001525878906,49154325.0
2023-03-09,52.5,53.20000076293945,52.400001525878906,52.5,101691322.0
2023-03-10,52.0,52.29999923706055,51.599998474121094,52.0,45381129.0
2023-03-13,52.5,52.5,51.5,51.79999923706055,50745174.0
2023-03-14,50.70000076293945,51.79999923706055,50.70000076293945,51.5,65128554.0
2023-03-15,51.70000076293945,52.29999923706055,51.29999923706055,51.5,54147135.0
2023-03-16,52.0,52.0,51.20000076293945,51.70000076293945,38251084.0
2023-03-17,53.20000076293945,53.20000076293945,52.400001525878906,53.0,93086342.0
2023-03-20,53.20000076293945,53.70000076293945,52.70000076293945,53.400001525878906,63520680.0
2023-03-21,52.79999923706055,53.599998474121094,52.599998474121094,53.5,45323603.0
2023-03-22,53.5,53.5,53.0,53.20000076293945,52511993.0
2023-03-23,53.29999923706055,53.29999923706055,52.599998474121094,53.0,54121683.0
2023-03-24,53.099998474121094,53.400001525878906,52.70000076293945,53.400001525878906,43187989.0
2023-03-27,53.0,53.099998474121094,52.20000076293945,52.79999923706055,33610473.0
2023-03-28,52.20000076293945,53.0,52.099998474121094,52.70000076293945,49512832.0
2023-03-29,51.5,52.400001525878906,51.099998474121094,52.099998474121094,62141441.0
2023-03-30,52.099998474121094,52.400001525878906,51.70000076293945,52.0,39528238.0
2023-03-31,52.900001525878906,53.0,52.5,52.5,38616672.0
2023-04-06,52.79999923706055,52.900001525878906,52.099998474121094,52.599998474121094,27062741.0
2023-04-07,52.400001525878906,53.0,52.400001525878906,52.79999923706055,17914131.0
2023-04-10,52.099998474121094,52.599998474121094,52.099998474121094,52.5,17618359.0
2023-04-11,51.599998474121094,51.900001525878906,51.20000076293945,51.70000076293945,42370862.0
2023-04-12,52.099998474121094,52.29999923706055,51.599998474121094,51.70000076293945,36090701.0
2023-04-13,51.599998474121094,52.20000076293945,51.5,51.79999923706055,38971908.0
2023-04-14,51.29999923706055,52.0,51.29999923706055,51.79999923706055,44076038.0
2023-04-17,52.0,52.099998474121094,51.400001525878906,51.599998474121094,30938868.0
2023-04-18,52.099998474121094,52.79999923706055,51.900001525878906,52.099998474121094,40526179.0
2023-04-19,51.20000076293945,52.400001525878906,51.20000076293945,52.400001525878906,43488184.0
2023-04-20,50.70000076293945,51.5,50.599998474121094,51.29999923706055,38302825.0
2023-04-21,50.099998474121094,51.599998474121094,50.099998474121094,51.0,40257727.0
2023-04-24,49.599998474121094,50.0,49.349998474121094,50.0,46150409.0
2023-04-25,48.5,49.79999923706055,48.45000076293945,49.599998474121094,59541021.0
2023-04-26,48.400001525878906,48.650001525878906,47.79999923706055,48.04999923706055,67991794.0
2023-04-27,48.849998474121094,49.20000076293945,48.5,48.5,62993007.0
2023-04-28,49.099998474121094,50.0,49.099998474121094,49.45000076293945,58892831.0
2023-05-02,49.849998474121094,50.20000076293945,49.25,49.5,31537756.0
2023-05-03,49.95000076293945,50.20000076293945,49.400001525878906,49.900001525878906,28657181.0
2023-05-04,49.650001525878906,49.79999923706055,49.400001525878906,49.79999923706055,26487301.0
2023-05-05,49.599998474121094,49.95000076293945,49.5,49.70000076293945,21031387.0
2023-05-08,50.0,50.599998474121094,49.95000076293945,50.099998474121094,27807248.0
2023-05-09,49.95000076293945,50.20000076293945,49.75,50.099998474121094,21745836.0
2023-05-10,49.45000076293945,49.79999923706055,49.20000076293945,49.79999923706055,27619316.0
2023-05-11,49.20000076293945,49.75,49.099998474121094,49.75,25318853.0
2023-05-12,48.70000076293945,48.900001525878906,48.5,48.79999923706055,36653057.0
2023-05-15,48.099998474121094,48.79999923706055,47.900001525878906,48.70000076293945,45110414.0
2023-05-16,48.79999923706055,49.0,48.45000076293945,48.45000076293945,36777132.0
2023-05-17,49.25,49.29999923706055,48.650001525878906,48.900001525878906,45756475.0
2023-05-18,50.20000076293945,50.29999923706055,49.70000076293945,49.95000076293945,40947582.0
2023-05-19,50.0,50.5,49.75,50.5,54028480.0
2023-05-22,48.900001525878906,49.599998474121094,48.70000076293945,49.5,75372804.0
2023-05-23,48.900001525878906,49.20000076293945,48.79999923706055,48.849998474121094,39877300.0
2023-05-24,49.150001525878906,49.150001525878906,48.70000076293945,48.79999923706055,27082718.0
2023-05-25,48.900001525878906,49.400001525878906,48.70000076293945,49.29999923706055,43294146.0
2023-05-26,50.400001525878906,50.79999923706055,49.0,49.04999923706055,126838659.0
2023-05-29,51.20000076293945,52.79999923706055,51.099998474121094,52.29999923706055,81036102.0
2023-05-30,51.599998474121094,51.79999923706055,50.599998474121094,51.20000076293945,55459727.0
2023-05-31,51.79999923706055,51.79999923706055,51.099998474121094,51.400001525878906,102913532.0
2023-06-01,50.79999923706055,51.29999923706055,50.29999923706055,51.29999923706055,56041081.0
2023-06-02,51.400001525878906,51.400001525878906,50.599998474121094,51.0,46344413.0
2023-06-05,50.900001525878906,51.5,50.79999923706055,51.400001525878906,28104311.0
2023-06-06,50.5,50.900001525878906,50.400001525878906,50.79999923706055,34947009.0
2023-06-07,51.29999923706055,51.5,50.70000076293945,50.900001525878906,41388320.0
2023-06-08,51.5,51.70000076293945,51.099998474121094,51.20000076293945,38370270.0
2023-06-09,52.29999923706055,52.400001525878906,51.70000076293945,51.900001525878906,52654500.0
2023-06-12,52.599998474121094,52.599998474121094,52.0,52.400001525878906,43177215.0
2023-06-13,53.20000076293945,53.29999923706055,52.900001525878906,53.099998474121094,62367279.0
2023-06-14,53.5,53.599998474121094,53.29999923706055,53.5,50927695.0
2023-06-15,54.5,54.599998474121094,53.79999923706055,53.79999923706055,76451940.0
2023-06-16,54.5,54.5,53.20000076293945,54.29999923706055,83561199.0
2023-06-19,53.79999923706055,54.29999923706055,53.599998474121094,53.70000076293945,43027089.0
2023-06-20,53.70000076293945,54.0,53.5,53.599998474121094,66672660.0
2023-06-21,53.900001525878906,53.900001525878906,52.79999923706055,52.79999923706055,82193112.0
2023-06-26,53.29999923706055,53.79999923706055,53.20000076293945,53.29999923706055,89410193.0
2023-06-27,49.04999923706055,50.0,49.04999923706055,50.0,124170409.0
2023-06-28,49.099998474121094,49.5,49.099998474121094,49.5,33377861.0
2023-06-29,48.5,49.349998474121094,48.5,49.349998474121094,49730094.0
2023-06-30,48.5,48.75,48.04999923706055,48.349998474121094,43790426.0
2023-07-03,48.25,49.20000076293945,48.25,49.0,52501250.0
2023-07-04,48.79999923706055,48.79999923706055,48.45000076293945,48.5,29983726.0
2023-07-05,48.349998474121094,49.0,48.349998474121094,48.95000076293945,28232553.0
2023-07-06,48.150001525878906,48.79999923706055,48.0,48.0,40600085.0
2023-07-07,48.349998474121094,48.95000076293945,48.0,48.04999923706055,39653420.0
2023-07-10,48.099998474121094,48.75,48.0,48.599998474121094,34272882.0
2023-07-11,48.5,48.70000076293945,48.20000076293945,48.54999923706055,31498332.0
2023-07-12,47.75,48.45000076293945,47.599998474121094,48.25,62341021.0
2023-07-13,47.5,48.25,47.5,47.849998474121094,52464102.0
2023-07-14,48.25,48.79999923706055,47.79999923706055,47.849998474121094,55574528.0
2023-07-17,48.45000076293945,48.70000076293945,47.650001525878906,48.25,47745522.0
2023-07-18,48.20000076293945,48.79999923706055,48.150001525878906,48.75,26231387.0
2023-07-19,47.5,48.5,47.45000076293945,48.29999923706055,49206010.0
2023-07-20,46.099998474121094,47.099998474121094,46.0,47.04999923706055,86599321.0
2023-07-21,45.20000076293945,45.45000076293945,44.70000076293945,45.0,96826103.0
2023-07-24,45.04999923706055,45.900001525878906,44.849998474121094,45.04999923706055,51546603.0
2023-07-25,45.650001525878906,45.900001525878906,45.20000076293945,45.45000076293945,36297797.0
2023-07-26,45.099998474121094,45.95000076293945,45.099998474121094,45.75,38761656.0
2023-07-27,46.150001525878906,46.70000076293945,45.04999923706055,45.099998474121094,61221132.0
2023-07-28,47.04999923706055,47.29999923706055,46.29999923706055,46.650001525878906,49489870.0
2023-07-31,47.0,47.5,46.650001525878906,47.349998474121094,53098015.0
2023-08-01,47.0,47.150001525878906,46.70000076293945,47.0,24111536.0
2023-08-02,46.650001525878906,47.45000076293945,46.5,46.70000076293945,34780532.0
2023-08-04,46.5,46.70000076293945,46.099998474121094,46.5,33157960.0
2023-08-07,46.400001525878906,46.75,46.29999923706055,46.29999923706055,28307075.0
2023-08-08,45.54999923706055,46.400001525878906,45.54999923706055,46.400001525878906,54378052.0
2023-08-09,45.599998474121094,45.75,45.29999923706055,45.54999923706055,26030497.0
2023-08-10,45.150001525878906,45.900001525878906,45.04999923706055,45.45000076293945,38550690.0
2023-08-11,45.349998474121094,45.79999923706055,45.29999923706055,45.349998474121094,15803575.0
2023-08-14,45.0,45.20000076293945,44.900001525878906,45.0,33004389.0
2023-08-15,45.45000076293945,45.5,45.04999923706055,45.150001525878906,18484617.0
2023-08-16,43.75,44.75,43.599998474121094,44.70000076293945,77053857.0
2023-08-17,43.599998474121094,43.70000076293945,42.400001525878906,43.099998474121094,55366447.0
2023-08-18,43.79999923706055,44.45000076293945,43.20000076293945,43.29999923706055,36290056.0
2023-08-21,43.650001525878906,44.20000076293945,43.5,43.900001525878906,22831740.0
2023-08-22,43.599998474121094,44.150001525878906,43.5,43.95000076293945,19710187.0
2023-08-23,43.400001525878906,43.599998474121094,42.95000076293945,43.54999923706055,37634066.0
2023-08-24,44.349998474121094,44.400001525878906,43.650001525878906,43.900001525878906,37530135.0
2023-08-25,43.5,44.20000076293945,43.5,43.95000076293945,37143328.0
2023-08-28,44.79999923706055,46.70000076293945,43.79999923706055,43.849998474121094,83882599.0
2023-08-29,45.29999923706055,45.79999923706055,45.04999923706055,45.5,37744602.0
2023-08-30,46.400001525878906,46.400001525878906,45.75,45.849998474121094,46530186.0
2023-08-31,45.5,46.599998474121094,45.5,46.599998474121094,64338362.0
2023-09-01,45.95000076293945,46.150001525878906,45.70000076293945,46.0,30045096.0
2023-09-04,46.0,46.150001525878906,45.75,46.099998474121094,22559935.0
2023-09-05,46.54999923706055,46.54999923706055,45.79999923706055,46.150001525878906,31890313.0
2023-09-06,46.70000076293945,47.0,46.349998474121094,46.900001525878906,38689842.0
2023-09-07,45.75,46.25,45.70000076293945,46.150001525878906,36498925.0
2023-09-08,45.70000076293945,45.95000076293945,45.20000076293945,45.29999923706055,27359189.0
2023-09-11,46.04999923706055,46.099998474121094,45.54999923706055,45.75,25717189.0
2023-09-12,46.79999923706055,46.79999923706055,45.849998474121094,46.099998474121094,36282046.0
2023-09-13,47.099998474121094,47.400001525878906,46.95000076293945,47.0,43371603.0
2023-09-14,47.349998474121094,47.54999923706055,47.20000076293945,47.400001525878906,27067874.0
2023-09-15,47.599998474121094,47.599998474121094,46.849998474121094,47.45000076293945,41287933.0
2023-09-18,46.5,47.20000076293945,46.29999923706055,46.900001525878906,42531234.0
2023-09-19,46.20000076293945,46.599998474121094,46.20000076293945,46.5,22089298.0
2023-09-20,45.900001525878906,46.20000076293945,45.75,46.04999923706055,26391390.0
2023-09-21,45.650001525878906,45.900001525878906,45.400001525878906,45.650001525878906,31005292.0
2023-09-22,45.349998474121094,45.400001525878906,45.099998474121094,45.099998474121094,30256022.0
2023-09-25,45.650001525878906,46.29999923706055,45.25,45.5,34914011.0
2023-09-26,44.75,45.599998474121094,44.75,45.54999923706055,49961526.0
2023-09-27,44.400001525878906,44.650001525878906,44.150001525878906,44.45000076293945,38076984.0
2023-09-28,45.20000076293945,45.29999923706055,44.70000076293945,44.75,28071106.0
2023-10-02,45.75,45.95000076293945,45.5,45.95000076293945,25354804.0
2023-10-03,45.25,45.900001525878906,45.25,45.70000076293945,22645603.0
2023-10-04,44.099998474121094,44.70000076293945,44.0,44.5,55574211.0
2023-10-05,45.150001525878906,45.349998474121094,44.29999923706055,44.45000076293945,45328957.0
2023-10-06,45.20000076293945,45.5,45.04999923706055,45.5,17740500.0
2023-10-11,46.900001525878906,46.900001525878906,45.849998474121094,46.04999923706055,79919349.0
2023-10-12,47.0,47.04999923706055,46.25,47.0,41438827.0
2023-10-13,47.0,47.20000076293945,46.400001525878906,46.79999923706055,42106719.0
2023-10-16,47.150001525878906,47.5,46.099998474121094,46.349998474121094,61976252.0
2023-10-17,48.20000076293945,48.400001525878906,47.45000076293945,47.5,106064588.0
2023-10-18,48.45000076293945,49.150001525878906,47.849998474121094,48.29999923706055,128648280.0
2023-10-19,49.29999923706055,49.29999923706055,48.20000076293945,48.849998474121094,101821663.0
2023-10-20,48.70000076293945,49.95000076293945,48.54999923706055,49.5,96533782.0
2023-10-23,48.599998474121094,49.20000076293945,48.5,48.650001525878906,46402001.0
2023-10-24,48.29999923706055,49.20000076293945,47.400001525878906,48.79999923706055,71294293.0
2023-10-25,49.04999923706055,49.20000076293945,48.0,48.45000076293945,54317686.0
2023-10-26,46.79999923706055,47.349998474121094,46.70000076293945,46.95000076293945,98752211.0
2023-10-27,46.599998474121094,46.95000076293945,46.349998474121094,46.95000076293945,42618202.0
2023-10-30,46.400001525878906,46.79999923706055,46.150001525878906,46.70000076293945,34448531.0
2023-10-31,46.20000076293945,46.5,46.099998474121094,46.400001525878906,44334958.0
2023-11-01,47.0,47.20000076293945,46.349998474121094,46.5,32799748.0
2023-11-02,48.25,48.29999923706055,47.599998474121094,47.900001525878906,52121795.0
2023-11-03,49.400001525878906,49.400001525878906,48.5,48.79999923706055,81214463.0
2023-11-06,49.400001525878906,50.099998474121094,49.20000076293945,50.0,60462667.0
2023-11-07,49.400001525878906,49.400001525878906,48.79999923706055,49.099998474121094,32520528.0
2023-11-08,48.5,49.650001525878906,48.349998474121094,49.20000076293945,57104782.0
2023-11-09,48.599998474121094,48.70000076293945,48.099998474121094,48.099998474121094,34493053.0
2023-11-10,48.54999923706055,48.599998474121094,48.150001525878906,48.29999923706055,22010914.0
2023-11-13,48.95000076293945,49.70000076293945,48.70000076293945,49.25,51951251.0
2023-11-14,48.54999923706055,48.900001525878906,48.20000076293945,48.75,41645659.0
2023-11-15,49.099998474121094,49.5,48.70000076293945,49.25,72702902.0
2023-11-16,48.79999923706055,49.04999923706055,48.5,49.04999923706055,30674199.0
2023-11-17,49.75,49.95000076293945,48.95000076293945,49.0,101492378.0
2023-11-20,50.29999923706055,51.20000076293945,49.900001525878906,50.20000076293945,94733226.0
2023-11-21,50.29999923706055,50.79999923706055,49.849998474121094,50.70000076293945,66428114.0
2023-11-22,50.0,50.29999923706055,49.25,49.849998474121094,62504761.0
2023-11-23,50.5,50.70000076293945,50.099998474121094,50.5,60047248.0
2023-11-24,50.29999923706055,51.20000076293945,50.29999923706055,50.5,86401652.0
2023-11-27,49.5,50.599998474121094,49.5,50.0,71685813.0
2023-11-28,49.04999923706055,49.599998474121094,48.849998474121094,49.5,80672376.0
2023-11-29,49.20000076293945,49.900001525878906,49.150001525878906,49.150001525878906,61999972.0
2023-11-30,48.900001525878906,49.79999923706055,48.900001525878906,49.29999923706055,87291668.0
2023-12-01,49.70000076293945,49.70000076293945,49.0,49.0,52316739.0
2023-12-04,50.20000076293945,50.20000076293945,49.79999923706055,49.849998474121094,43958233.0
2023-12-05,49.20000076293945,49.79999923706055,49.20000076293945,49.79999923706055,56578688.0
2023-12-06,48.900001525878906,49.400001525878906,48.900001525878906,49.29999923706055,36927692.0
2023-12-07,48.45000076293945,49.099998474121094,48.349998474121094,49.0,36067025.0
2023-12-08,48.54999923706055,49.04999923706055,48.54999923706055,48.79999923706055,33680342.0
2023-12-11,49.04999923706055,49.29999923706055,48.650001525878906,49.0,28661262.0
2023-12-12,49.900001525878906,49.900001525878906,49.20000076293945,49.45000076293945,48600982.0
2023-12-13,50.20000076293945,50.20000076293945,49.5,50.0,47899791.0
2023-12-14,50.400001525878906,50.5,50.0,50.400001525878906,51468459.0
2023-12-15,50.70000076293945,51.0,50.400001525878906,50.70000076293945,83947122.0
2023-12-18,50.599998474121094,50.599998474121094,49.900001525878906,50.20000076293945,54942293.0
2023-12-19,50.0,50.400001525878906,49.54999923706055,50.29999923706055,54201661.0
2023-12-20,49.849998474121094,50.20000076293945,49.54999923706055,50.0,55229209.0
2023-12-21,49.400001525878906,49.400001525878906,49.0,49.25,55517081.0
2023-12-22,50.0,50.0,49.29999923706055,49.45000076293945,33742229.0
2023-12-25,50.20000076293945,50.400001525878906,49.75,50.29999923706055,34041265.0
2023-12-26,50.79999923706055,51.0,50.20000076293945,50.5,55148904.0
2023-12-27,53.5,53.5,51.20000076293945,51.29999923706055,220103922.0
2023-12-28,52.5,54.79999923706055,52.5,54.29999923706055,154010012.0
2023-12-29,52.599998474121094,52.900001525878906,51.79999923706055,52.70000076293945,49054932.0
2024-01-02,51.900001525878906,52.79999923706055,51.29999923706055,52.5,64217881.0
2024-01-03,50.599998474121094,51.29999923706055,50.5,51.20000076293945,75978300.0
2024-01-04,50.79999923706055,50.900001525878906,50.20000076293945,50.5,56554331.0
2024-01-05,50.79999923706055,52.20000076293945,50.599998474121094,51.599998474121094,77391673.0
2024-01-08,50.5,51.0,50.099998474121094,51.0,63869803.0
2024-01-09,50.099998474121094,50.900001525878906,50.099998474121094,50.599998474121094,50477153.0
2024-01-10,50.099998474121094,50.5,50.099998474121094,50.400001525878906,40588805.0
2024-01-11,50.099998474121094,50.29999923706055,50.0,50.20000076293945,26875440.0
2024-01-12,50.099998474121094,50.099998474121094,49.599998474121094,50.099998474121094,30183922.0
2024-01-15,50.79999923706055,50.79999923706055,50.099998474121094,50.400001525878906,30013792.0
2024-01-16,50.79999923706055,50.79999923706055,50.0,50.5,49658808.0
2024-01-17,48.599998474121094,50.0,48.5,50.0,141437685.0
2024-01-18,48.099998474121094,48.900001525878906,47.54999923706055,48.599998474121094,91151420.0
2024-01-19,49.20000076293945,49.900001525878906,48.29999923706055,49.900001525878906,70235426.0
2024-01-22,50.29999923706055,50.29999923706055,49.70000076293945,50.0,73159697.0
2024-01-23,50.20000076293945,50.900001525878906,49.95000076293945,50.79999923706055,50692732.0
2024-01-24,50.599998474121094,50.79999923706055,50.29999923706055,50.70000076293945,60980878.0
2024-01-25,52.29999923706055,52.29999923706055,51.099998474121094,51.099998474121094,174170705.0
2024-01-26,49.79999923706055,51.099998474121094,49.79999923706055,50.79999923706055,181978031.0
2024-01-29,49.45000076293945,49.900001525878906,49.400001525878906,49.650001525878906,59567525.0
2024-01-30,49.599998474121094,49.900001525878906,49.599998474121094,49.650001525878906,38754522.0
2024-01-31,49.0,49.5,49.0,49.5,54713914.0
2024-02-01,49.04999923706055,49.150001525878906,48.29999923706055,48.54999923706055,64281001.0
2024-02-02,48.54999923706055,48.900001525878906,48.5,48.849998474121094,61988932.0
2024-02-05,48.099998474121094,48.25,47.849998474121094,48.0,59043982.0
2024-02-15,49.20000076293945,49.20000076293945,48.54999923706055,49.0,64345314.0
2024-02-16,48.849998474121094,49.25,48.849998474121094,49.25,37546293.0
2024-02-19,49.150001525878906,49.150001525878906,48.79999923706055,48.900001525878906,27779765.0
2024-02-20,49.25,49.650001525878906,48.95000076293945,49.0,33519790.0
2024-02-21,48.5,49.099998474121094,48.5,48.900001525878906,64118827.0
2024-02-22,48.599998474121094,48.849998474121094,48.400001525878906,48.599998474121094,44502835.0
2024-02-23,48.150001525878906,48.900001525878906,48.150001525878906,48.5,54152256.0
2024-02-26,48.0,48.25,47.849998474121094,48.0,42630523.0
2024-02-27,48.150001525878906,48.70000076293945,48.04999923706055,48.099998474121094,36863720.0
2024-02-29,48.849998474121094,48.900001525878906,48.150001525878906,48.400001525878906,66602301.0
2024-03-01,48.29999923706055,49.0,48.29999923706055,49.0,48011892.0
2024-03-04,48.849998474121094,48.95000076293945,48.45000076293945,48.5,52620867.0
2024-03-05,48.75,48.95000076293945,48.5,48.849998474121094,43833522.0
2024-03-06,49.20000076293945,49.20000076293945,48.45000076293945,48.54999923706055,50119208.0
2024-03-07,50.20000076293945,50.20000076293945,49.54999923706055,49.599998474121094,114381033.0
2024-03-08,51.900001525878906,53.0,51.0,51.900001525878906,284309520.0
2024-03-11,51.599998474121094,52.400001525878906,50.79999923706055,52.0,100314710.0
2024-03-12,52.5,52.5,51.29999923706055,51.599998474121094,85918981.0
2024-03-13,53.0,53.20000076293945,52.29999923706055,52.79999923706055,125263530.0
2024-03-14,52.599998474121094,53.0,52.0,53.0,75331524.0
2024-03-15,51.900001525878906,52.400001525878906,51.599998474121094,52.29999923706055,85406325.0
2024-03-18,51.79999923706055,52.0,51.0,51.5,69309594.0
2024-03-19,53.0,53.5,51.29999923706055,51.400001525878906,138908497.0
2024-03-20,52.900001525878906,54.29999923706055,52.79999923706055,53.599998474121094,128826380.0
2024-03-21,53.29999923706055,53.79999923706055,53.0,53.5,69351708.0
2024-03-22,52.400001525878906,53.29999923706055,52.0,53.29999923706055,91129106.0
2024-03-25,51.79999923706055,52.20000076293945,51.5,52.20000076293945,67294638.0
2024-03-26,51.70000076293945,52.099998474121094,50.79999923706055,51.79999923706055,79676002.0
2024-03-27,51.5,51.70000076293945,51.099998474121094,51.599998474121094,51078804.0
2024-03-28,52.0,52.099998474121094,51.20000076293945,51.5,80341420.0
2024-03-29,51.599998474121094,52.0,51.099998474121094,52.0,60111000.0
2024-04-01,51.70000076293945,52.5,51.599998474121094,52.400001525878906,52090342.0
2024-04-02,52.099998474121094,52.70000076293945,51.900001525878906,52.0,52845773.0
2024-04-03,51.599998474121094,52.20000076293945,51.599998474121094,52.20000076293945,41363165.0
2024-04-08,52.099998474121094,52.20000076293945,51.599998474121094,51.599998474121094,35041836.0
2024-04-09,52.400001525878906,52.599998474121094,52.099998474121094,52.400001525878906,60645946.0
2024-04-10,53.20000076293945,53.599998474121094,52.400001525878906,52.70000076293945,102945209.0
2024-04-11,52.5,52.900001525878906,52.099998474121094,52.70000076293945,56020149.0
2024-04-12,52.70000076293945,52.900001525878906,52.5,52.599998474121094,39562643.0
2024-04-15,51.599998474121094,52.099998474121094,51.400001525878906,52.0,57663496.0
2024-04-16,50.099998474121094,51.0,50.099998474121094,51.0,85553804.0
2024-04-17,50.29999923706055,50.599998474121094,50.20000076293945,50.20000076293945,50186684.0
2024-04-18,50.20000076293945,50.29999923706055,49.900001525878906,50.099998474121094,37669436.0
2024-04-19,49.099998474121094,49.45000076293945,48.70000076293945,49.45000076293945,125240375.0
2024-04-22,48.900001525878906,49.099998474121094,48.29999923706055,48.650001525878906,83258570.0
2024-04-23,48.70000076293945,49.45000076293945,48.70000076293945,49.099998474121094,48839318.0
2024-04-24,50.20000076293945,50.20000076293945,49.099998474121094,49.25,46851297.0
2024-04-25,49.5,49.75,48.849998474121094,49.25,65600848.0
2024-04-26,49.79999923706055,50.5,49.70000076293945,49.70000076293945,44383158.0
2024-04-29,50.400001525878906,50.5,49.900001525878906,50.29999923706055,41636808.0
2024-04-30,50.70000076293945,51.099998474121094,50.20000076293945,50.400001525878906,49586424.0
2024-05-02,50.29999923706055,50.900001525878906,50.0,50.20000076293945,60117129.0
2024-05-03,51.400001525878906,51.5,50.900001525878906,51.099998474121094,58495124.0
2024-05-06,51.70000076293945,52.29999923706055,51.5,52.099998474121094,42853986.0
2024-05-07,51.599998474121094,52.099998474121094,51.400001525878906,52.0,40079427.0
2024-05-08,51.900001525878906,51.900001525878906,51.400001525878906,51.900001525878906,36416598.0
2024-05-09,51.900001525878906,52.0,51.29999923706055,51.900001525878906,29014704.0
2024-05-10,52.20000076293945,52.29999923706055,51.400001525878906,51.5,52178902.0
2024-05-13,52.400001525878906,52.400001525878906,51.5,52.099998474121094,36249820.0
2024-05-14,52.099998474121094,52.400001525878906,51.79999923706055,52.29999923706055,44237062.0
2024-05-15,51.79999923706055,52.400001525878906,51.79999923706055,52.29999923706055,44199438.0
2024-05-16,52.099998474121094,52.29999923706055,51.900001525878906,52.099998474121094,41857613.0
2024-05-17,52.79999923706055,52.79999923706055,51.79999923706055,52.29999923706055,61246860.0
2024-05-20,53.099998474121094,53.099998474121094,52.5,53.0,55815584.0
2024-05-21,53.900001525878906,53.900001525878906,53.0,53.20000076293945,101866213.0
2024-05-22,55.0,55.20000076293945,54.29999923706055,54.5,152843001.0
2024-05-23,56.0,56.0,54.70000076293945,55.400001525878906,134041206.0
2024-05-24,54.599998474121094,55.5,54.599998474121094,55.0,72951290.0
2024-05-27,56.599998474121094,57.900001525878906,54.79999923706055,54.79999923706055,139490635.0
2024-05-28,56.400001525878906,57.29999923706055,56.29999923706055,57.099998474121094,78617613.0
2024-05-29,55.900001525878906,57.29999923706055,55.79999923706055,57.0,75822062.0
2024-05-30,55.79999923706055,56.400001525878906,54.70000076293945,55.0,74110267.0
2024-05-31,55.0,56.5,55.0,56.0,166673076.0
2024-06-03,55.0,56.0,54.599998474121094,55.79999923706055,72529904.0
2024-06-04,54.29999923706055,54.70000076293945,53.900001525878906,54.5,69360942.0
2024-06-05,53.5,53.900001525878906,53.20000076293945,53.79999923706055,67524397.0
2024-06-06,54.20000076293945,54.20000076293945,53.70000076293945,54.099998474121094,41626871.0
2024-06-07,55.099998474121094,55.099998474121094,53.900001525878906,54.0,52887635.0
2024-06-11,55.099998474121094,55.599998474121094,54.79999923706055,55.5,65133110.0
2024-06-12,54.900001525878906,55.0,54.20000076293945,55.0,45546856.0
2024-06-13,56.400001525878906,56.900001525878906,55.400001525878906,55.599998474121094,98989445.0
2024-06-14,56.29999923706055,57.0,56.099998474121094,57.0,49230772.0
2024-06-17,56.70000076293945,56.79999923706055,55.29999923706055,55.900001525878906,47878261.0
2024-06-18,56.79999923706055,57.0,56.20000076293945,56.70000076293945,47601340.0
2024-06-19,56.79999923706055,57.099998474121094,56.599998474121094,57.0,53101867.0
2024-06-20,57.5,57.5,56.29999923706055,56.900001525878906,58585544.0
2024-06-21,57.70000076293945,58.0,57.099998474121094,57.29999923706055,78368326.0
2024-06-24,56.79999923706055,57.5,56.599998474121094,57.5,68248302.0
2024-06-25,56.400001525878906,56.70000076293945,55.70000076293945,56.70000076293945,69308998.0
2024-06-26,56.599998474121094,56.70000076293945,56.099998474121094,56.5,40739678.0
2024-06-27,56.400001525878906,56.400001525878906,55.5,56.099998474121094,63763167.0
2024-06-28,55.70000076293945,56.20000076293945,55.599998474121094,56.099998474121094,86163793.0
2024-07-01,56.900001525878906,57.29999923706055,55.900001525878906,55.900001525878906,145350617.0
2024-07-02,52.70000076293945,53.5,51.900001525878906,53.5,237140005.0
2024-07-03,52.70000076293945,53.29999923706055,52.599998474121094,53.099998474121094,111388367.0
2024-07-04,54.0,54.400001525878906,53.20000076293945,53.29999923706055,110272226.0
2024-07-05,53.5,54.099998474121094,53.400001525878906,54.0,55145519.0
2024-07-08,55.29999923706055,55.5,53.599998474121094,54.0,120367805.0
2024-07-09,55.29999923706055,56.29999923706055,55.0,55.79999923706055,83403492.0
2024-07-10,54.70000076293945,55.400001525878906,54.20000076293945,55.20000076293945,56944184.0
2024-07-11,54.70000076293945,55.20000076293945,54.20000076293945,55.20000076293945,60341856.0
2024-07-12,53.0,53.70000076293945,52.79999923706055,53.70000076293945,96626512.0
2024-07-15,53.400001525878906,53.599998474121094,53.0,53.099998474121094,46152642.0
2024-07-16,53.0,53.79999923706055,52.900001525878906,53.70000076293945,52856418.0
2024-07-17,53.0,53.29999923706055,52.79999923706055,53.099998474121094,73601733.0
2024-07-18,52.70000076293945,52.900001525878906,51.79999923706055,52.5,80358251.0
2024-07-19,51.900001525878906,52.400001525878906,51.70000076293945,52.20000076293945,50035050.0
2024-07-22,50.20000076293945,51.599998474121094,49.849998474121094,51.5,86789525.0
2024-07-23,51.29999923706055,51.29999923706055,50.5,51.0,53903192.0
2024-07-26,50.70000076293945,50.70000076293945,49.150001525878906,49.45000076293945,89137435.0
2024-07-29,50.20000076293945,51.400001525878906,49.95000076293945,51.099998474121094,53032472.0
2024-07-30,50.0,50.0,49.20000076293945,49.95000076293945,55622666.0
2024-07-31,50.400001525878906,50.5,49.349998474121094,49.599998474121094,48317966.0
2024-08-01,53.900001525878906,54.0,52.599998474121094,53.70000076293945,176556343.0
2024-08-02,52.900001525878906,52.900001525878906,52.0,52.70000076293945,91788925.0
2024-08-05,49.95000076293945,51.5,49.400001525878906,51.5,114534832.0
2024-08-06,51.70000076293945,51.900001525878906,49.5,51.400001525878906,90813027.0
2024-08-07,53.0,53.0,51.70000076293945,52.20000076293945,66218876.0
2024-08-08,52.79999923706055,52.900001525878906,51.599998474121094,52.0,41796886.0
2024-08-09,53.900001525878906,54.400001525878906,53.5,54.20000076293945,91761372.0
2024-08-12,54.70000076293945,54.70000076293945,54.20000076293945,54.29999923706055,60391286.0
2024-08-13,54.79999923706055,54.900001525878906,54.29999923706055,54.79999923706055,40170440.0
2024-08-14,55.70000076293945,55.79999923706055,55.20000076293945,55.5,95516407.0
2024-08-15,54.70000076293945,55.70000076293945,54.5,55.70000076293945,36115991.0
2024-08-16,55.79999923706055,56.0,55.400001525878906,56.0,67870375.0
2024-08-19,56.0,56.0,55.400001525878906,55.900001525878906,42620464.0
2024-08-20,56.0,56.400001525878906,55.599998474121094,56.29999923706055,47491724.0
2024-08-21,56.0,56.0,55.29999923706055,55.900001525878906,34792241.0
2024-08-22,55.900001525878906,56.20000076293945,55.5,56.0,29967598.0
2024-08-23,55.599998474121094,55.599998474121094,54.79999923706055,55.20000076293945,31061518.0
2024-08-26,55.099998474121094,55.79999923706055,54.900001525878906,55.79999923706055,27550397.0
2024-08-27,54.0,54.599998474121094,53.79999923706055,54.5,38731939.0
2024-08-28,55.20000076293945,55.20000076293945,54.099998474121094,54.20000076293945,29669537.0
2024-08-29,54.599998474121094,54.79999923706055,54.29999923706055,54.70000076293945,23179361.0
2024-08-30,55.5,55.5,54.599998474121094,54.599998474121094,57216020.0
2024-09-02,55.400001525878906,55.599998474121094,54.79999923706055,55.599998474121094,35025097.0
2024-09-03,55.099998474121094,55.599998474121094,55.0,55.20000076293945,27823655.0
2024-09-04,53.29999923706055,54.099998474121094,52.29999923706055,53.0,85540468.0
2024-09-05,53.900001525878906,54.599998474121094,53.599998474121094,53.900001525878906,37686250.0
2024-09-06,54.5,54.5,53.599998474121094,54.29999923706055,24238268.0
2024-09-09,53.79999923706055,53.79999923706055,52.599998474121094,52.900001525878906,46344513.0
2024-09-10,53.29999923706055,53.79999923706055,52.900001525878906,53.79999923706055,34164771.0
2024-09-11,54.0,54.0,53.20000076293945,53.29999923706055,24058349.0
2024-09-12,55.20000076293945,55.400001525878906,54.900001525878906,55.099998474121094,35093409.0
2024-09-13,54.599998474121094,55.29999923706055,54.29999923706055,55.20000076293945,28598424.0
2024-09-16,54.5,54.79999923706055,54.29999923706055,54.599998474121094,24412438.0
2024-09-18,53.79999923706055,54.20000076293945,53.29999923706055,54.099998474121094,57624338.0
2024-09-19,53.70000076293945,54.20000076293945,53.5,53.70000076293945,44892168.0
2024-09-20,53.79999923706055,54.400001525878906,53.099998474121094,54.099998474121094,71046769.0
2024-09-23,54.0,54.0,53.400001525878906,53.79999923706055,30850375.0
2024-09-24,53.900001525878906,54.099998474121094,53.599998474121094,54.0,39787466.0
2024-09-25,54.5,54.79999923706055,54.099998474121094,54.29999923706055,49877625.0
2024-09-26,54.900001525878906,55.099998474121094,54.70000076293945,54.900001525878906,47416602.0
2024-09-27,55.0,55.400001525878906,55.0,55.400001525878906,39870008.0
2024-09-30,53.79999923706055,55.20000076293945,53.79999923706055,54.79999923706055,41080330.0
2024-10-01,53.70000076293945,54.20000076293945,53.599998474121094,53.599998474121094,24924409.0
2024-10-04,52.599998474121094,52.900001525878906,52.20000076293945,52.599998474121094,62671266.0
2024-10-07,52.900001525878906,53.29999923706055,52.29999923706055,53.0,43226644.0
2024-10-08,52.599998474121094,52.599998474121094,52.099998474121094,52.099998474121094,39630364.0
2024-10-09,51.900001525878906,52.5,51.70000076293945,52.29999923706055,42242680.0
2024-10-11,51.79999923706055,52.29999923706055,51.70000076293945,51.79999923706055,32068791.0
2024-10-14,52.5,52.599998474121094,52.0,52.099998474121094,27022971.0
2024-10-15,52.599998474121094,52.79999923706055,52.400001525878906,52.599998474121094,25228714.0
2024-10-16,51.70000076293945,51.900001525878906,51.29999923706055,51.400001525878906,58352616.0
2024-10-17,51.70000076293945,51.900001525878906,51.599998474121094,51.599998474121094,32312054.0
2024-10-18,50.5,51.70000076293945,50.5,51.5,78495841.0
2024-10-21,50.900001525878906,50.900001525878906,50.0,50.29999923706055,54363083.0
2024-10-22,50.70000076293945,50.900001525878906,50.400001525878906,50.400001525878906,50216365.0
2024-10-23,50.20000076293945,50.70000076293945,50.20000076293945,50.70000076293945,44712063.0
2024-10-24,49.900001525878906,50.099998474121094,49.849998474121094,49.95000076293945,49698655.0
2024-10-25,49.79999923706055,50.20000076293945,49.79999923706055,49.95000076293945,41806000.0
2024-10-28,49.25,50.0,49.25,49.79999923706055,49172879.0
2024-10-29,48.400001525878906,48.900001525878906,48.150001525878906,48.849998474121094,81420494.0
2024-10-30,48.150001525878906,48.650001525878906,48.0,48.5,54094334.0
2024-11-01,46.599998474121094,47.0,45.650001525878906,45.75,140986463.0
2024-11-04,46.0,46.70000076293945,46.0,46.599998474121094,59867354.0
2024-11-05,45.349998474121094,45.650001525878906,45.04999923706055,45.5,84205496.0
2024-11-06,45.849998474121094,46.45000076293945,45.0,45.0,78477326.0
2024-11-07,47.150001525878906,47.95000076293945,45.900001525878906,45.95000076293945,92748740.0
2024-11-08,46.650001525878906,47.79999923706055,46.650001525878906,47.400001525878906,62605606.0
2024-11-11,46.54999923706055,46.650001525878906,45.70000076293945,46.45000076293945,46286282.0
2024-11-12,46.099998474121094,46.95000076293945,45.75,45.95000076293945,70044482.0
2024-11-13,45.79999923706055,46.349998474121094,45.70000076293945,45.900001525878906,52919260.0
2024-11-14,45.0,45.599998474121094,45.0,45.599998474121094,78360986.0
2024-11-15,45.0,45.400001525878906,44.599998474121094,45.0,52740993.0
2024-11-18,45.099998474121094,45.79999923706055,44.849998474121094,44.900001525878906,69203736.0
2024-11-19,45.20000076293945,46.0,45.20000076293945,45.20000076293945,60137722.0
2024-11-20,44.900001525878906,44.900001525878906,44.900001525878906,44.900001525878906,61462099.0
2024-11-21,44.400001525878906,44.75,44.400001525878906,44.54999923706055,66276938.0
2024-11-22,44.45000076293945,45.20000076293945,44.45000076293945,44.75,50700692.0
2024-11-25,44.900001525878906,45.45000076293945,44.900001525878906,45.099998474121094,76975045.0
2024-11-26,45.400001525878906,45.70000076293945,44.599998474121094,44.79999923706055,41939444.0
2024-11-27,44.400001525878906,44.900001525878906,43.95000076293945,44.849998474121094,88688066.0
2024-11-28,43.900001525878906,44.099998474121094,43.0,43.95000076293945,83899732.0
2024-11-29,43.54999923706055,44.099998474121094,43.25,43.900001525878906,66068692.0
2024-12-02,44.599998474121094,44.599998474121094,43.79999923706055,43.95000076293945,38672952.0
2024-12-03,44.79999923706055,45.150001525878906,44.29999923706055,45.099998474121094,50530088.0
2024-12-04,44.45000076293945,44.45000076293945,44.0,44.25,51615273.0
2024-12-05,43.599998474121094,44.20000076293945,43.599998474121094,44.04999923706055,57277792.0
2024-12-06,43.5,43.95000076293945,43.150001525878906,43.150001525878906,43696126.0
2024-12-09,44.04999923706055,44.04999923706055,43.5,43.5,33159157.0
2024-12-10,43.70000076293945,43.95000076293945,43.5,43.79999923706055,32858676.0
2024-12-11,43.0,43.45000076293945,43.0,43.25,44150960.0
2024-12-12,42.5,43.29999923706055,42.150001525878906,43.150001525878906,71174029.0
2024-12-13,41.45000076293945,42.099998474121094,40.599998474121094,42.0,115254375.0
2024-12-16,41.45000076293945,41.599998474121094,40.70000076293945,41.29999923706055,85569382.0
2024-12-17,42.54999923706055,43.400001525878906,41.95000076293945,42.0,102163693.0
2024-12-18,43.70000076293945,43.849998474121094,43.0,43.099998474121094,88411619.0
2024-12-19,43.0,43.599998474121094,42.70000076293945,43.0,65229584.0
2024-12-20,42.349998474121094,43.0,42.150001525878906,42.599998474121094,67542850.0
2024-12-23,42.900001525878906,43.29999923706055,42.75,42.75,35330418.0
2024-12-24,44.0,44.95000076293945,43.70000076293945,44.400001525878906,133324087.0
2024-12-25,44.04999923706055,44.70000076293945,44.04999923706055,44.5,52528974.0
2024-12-26,43.70000076293945,44.29999923706055,43.5,44.29999923706055,26686974.0
2024-12-27,43.599998474121094,44.04999923706055,43.45000076293945,43.54999923706055,22648295.0
2024-12-30,43.099998474121094,43.599998474121094,43.099998474121094,43.20000076293945,25586120.0
2024-12-31,43.04999923706055,43.45000076293945,42.20000076293945,42.70000076293945,43445308.0
2025-01-02,43.70000076293945,43.70000076293945,42.849998474121094,42.900001525878906,65305876.0
2025-01-03,43.099998474121094,44.150001525878906,43.099998474121094,43.95000076293945,42345224.0
2025-01-06,43.400001525878906,43.75,43.349998474121094,43.599998474121094,30917178.0
2025-01-07,42.349998474121094,43.79999923706055,42.349998474121094,43.650001525878906,58823388.0
2025-01-08,42.70000076293945,42.900001525878906,42.349998474121094,42.400001525878906,37912494.0
2025-01-09,41.599998474121094,42.95000076293945,41.599998474121094,42.70000076293945,46690991.0
2025-01-10,41.29999923706055,41.599998474121094,40.79999923706055,41.25,40822034.0
2025-01-13,40.900001525878906,41.70000076293945,40.79999923706055,41.0,48487516.0
2025-01-14,42.25,42.25,41.04999923706055,41.20000076293945,37074886.0
2025-01-15,41.45000076293945,42.5,41.45000076293945,42.04999923706055,35977056.0
2025-01-16,41.54999923706055,42.25,41.54999923706055,41.900001525878906,37293479.0
2025-01-17,41.20000076293945,41.75,41.20000076293945,41.400001525878906,44131855.0
2025-01-20,42.75,42.75,41.5,41.54999923706055,47283878.0
2025-01-21,42.95000076293945,43.29999923706055,42.400001525878906,42.75,42221204.0
2025-01-22,40.20000076293945,40.54999923706055,39.70000076293945,39.70000076293945,147906733.0
2025-02-03,40.5,41.650001525878906,40.0,40.20000076293945,112180567.0
2025-02-04,40.099998474121094,40.95000076293945,40.099998474121094,40.95000076293945,58040732.0
2025-02-05,40.099998474121094,40.650001525878906,40.099998474121094,40.400001525878906,33884048.0
2025-02-06,40.099998474121094,40.349998474121094,39.95000076293945,40.29999923706055,32609083.0
2025-02-07,40.150001525878906,40.29999923706055,40.099998474121094,40.099998474121094,23131801.0
2025-02-10,40.20000076293945,40.29999923706055,39.900001525878906,40.150001525878906,30946715.0
2025-02-11,40.400001525878906,40.5,40.150001525878906,40.29999923706055,29858425.0
2025-02-12,40.099998474121094,40.5,40.04999923706055,40.400001525878906,27984906.0
2025-02-13,41.400001525878906,41.75,40.20000076293945,40.25,63852185.0
2025-02-14,41.400001525878906,41.75,41.04999923706055,41.5,28541805.0
2025-02-17,42.0,42.20000076293945,41.45000076293945,41.5,32974664.0
2025-02-18,41.95000076293945,42.29999923706055,41.70000076293945,42.04999923706055,35961690.0
2025-02-19,42.54999923706055,42.95000076293945,42.150001525878906,42.20000076293945,54652494.0
2025-02-20,43.0,43.29999923706055,42.849998474121094,43.0,40006471.0
2025-02-21,43.599998474121094,43.599998474121094,43.20000076293945,43.349998474121094,34296687.0
2025-02-24,43.54999923706055,43.650001525878906,42.79999923706055,43.04999923706055,30194703.0
2025-02-25,43.29999923706055,43.5,42.900001525878906,43.04999923706055,35619504.0
2025-02-26,43.599998474121094,43.79999923706055,43.04999923706055,43.099998474121094,35139939.0
2025-02-27,43.70000076293945,44.150001525878906,43.400001525878906,44.0,69299467.0
2025-03-03,43.599998474121094,43.599998474121094,42.849998474121094,43.099998474121094,53120564.0
2025-03-04,43.599998474121094,43.849998474121094,42.900001525878906,42.95000076293945,44284021.0
2025-03-05,44.0,44.5,43.70000076293945,44.099998474121094,46383229.0
2025-03-06,44.0,44.45000076293945,43.900001525878906,44.29999923706055,30376684.0
2025-03-07,44.150001525878906,44.599998474121094,43.79999923706055,44.0,31779134.0
2025-03-10,45.04999923706055,45.29999923706055,44.400001525878906,44.54999923706055,58815717.0
2025-03-11,44.849998474121094,45.0,44.20000076293945,44.29999923706055,68052418.0
2025-03-12,44.79999923706055,44.95000076293945,44.099998474121094,44.70000076293945,43316994.0
2025-03-13,43.70000076293945,44.70000076293945,43.599998474121094,44.70000076293945,57573005.0
2025-03-14,44.900001525878906,45.04999923706055,43.5,43.54999923706055,68441495.0
2025-03-17,44.099998474121094,45.150001525878906,44.099998474121094,45.0,44201092.0
2025-03-18,44.5,45.0,44.150001525878906,44.20000076293945,42180476.0
2025-03-19,44.29999923706055,44.900001525878906,44.29999923706055,44.5,37314811.0
2025-03-20,45.150001525878906,45.150001525878906,44.70000076293945,44.70000076293945,43291329.0
2025-03-21,45.0,45.0,44.5,45.0,39145180.0
2025-03-24,44.849998474121094,45.29999923706055,44.599998474121094,45.0,36059208.0
2025-03-25,44.849998474121094,45.20000076293945,44.45000076293945,45.0,36461286.0
2025-03-26,44.54999923706055,44.79999923706055,44.29999923706055,44.75,28156495.0
2025-03-27,44.79999923706055,44.79999923706055,44.0,44.099998474121094,43278476.0
2025-03-28,44.54999923706055,44.599998474121094,44.099998474121094,44.599998474121094,37954776.0
2025-03-31,44.650001525878906,44.650001525878906,43.29999923706055,43.54999923706055,61875919.0
2025-04-01,45.95000076293945,48.0,45.25,47.20000076293945,143290199.0
2025-04-02,45.25,45.79999923706055,45.150001525878906,45.79999923706055,50515462.0
2025-04-07,40.75,40.75,40.75,40.75,13988062.0
2025-04-08,41.70000076293945,42.0,39.5,39.54999923706055,120858432.0
2025-04-09,39.900001525878906,41.5,39.70000076293945,40.54999923706055,84824195.0
2025-04-10,43.849998474121094,43.849998474121094,43.5,43.849998474121094,49531081.0
2025-04-11,44.099998474121094,44.29999923706055,42.099998474121094,42.70000076293945,69373050.0
2025-04-14,44.29999923706055,45.349998474121094,44.29999923706055,44.79999923706055,56357316.0
2025-04-15,44.70000076293945,44.95000076293945,44.400001525878906,44.5,31216544.0
2025-04-16,44.95000076293945,45.0,44.20000076293945,44.20000076293945,35850779.0
2025-04-17,44.099998474121094,44.849998474121094,44.04999923706055,44.849998474121094,20580050.0
2025-04-18,44.29999923706055,44.45000076293945,44.099998474121094,44.45000076293945,16088207.0
2025-04-21,43.650001525878906,44.349998474121094,43.650001525878906,44.349998474121094,14669270.0
2025-04-22,44.29999923706055,44.54999923706055,43.54999923706055,43.599998474121094,27738319.0
2025-04-23,45.099998474121094,45.29999923706055,44.599998474121094,44.95000076293945,33676880.0
2025-04-24,43.400001525878906,44.95000076293945,43.400001525878906,44.75,42017291.0
2025-04-25,44.650001525878906,44.70000076293945,43.95000076293945,44.099998474121094,54399065.0
2025-04-28,44.900001525878906,44.900001525878906,44.20000076293945,44.54999923706055,22973317.0
2025-04-29,44.95000076293945,45.099998474121094,44.650001525878906,44.70000076293945,27807473.0
2025-04-30,45.20000076293945,45.29999923706055,44.75,44.75,30303702.0
2025-05-02,45.650001525878906,45.849998474121094,45.150001525878906,45.20000076293945,31142562.0
2025-05-05,45.04999923706055,45.79999923706055,44.599998474121094,45.75,35331097.0
2025-05-06,45.400001525878906,45.79999923706055,44.599998474121094,45.0,43359102.0
2025-05-07,45.75,45.900001525878906,45.400001525878906,45.599998474121094,31781212.0
2025-05-08,45.29999923706055,45.75,45.29999923706055,45.400001525878906,20575779.0
2025-05-09,45.54999923706055,45.70000076293945,45.150001525878906,45.20000076293945,16829589.0
2025-05-12,46.45000076293945,46.45000076293945,45.599998474121094,45.75,33950716.0
2025-05-13,46.54999923706055,46.849998474121094,46.349998474121094,46.650001525878906,31348875.0
2025-05-14,47.0,47.04999923706055,46.79999923706055,46.900001525878906,27429275.0
2025-05-15,47.5,47.5,46.849998474121094,46.95000076293945,41621426.0
2025-05-16,47.79999923706055,47.79999923706055,47.29999923706055,47.599998474121094,28845625.0
2025-05-19,47.75,47.95000076293945,47.5,47.599998474121094,36863531.0
2025-05-20,47.849998474121094,48.0,47.25,47.95000076293945,28130117.0
2025-05-21,49.54999923706055,49.70000076293945,47.900001525878906,48.0,93231386.0
2025-05-22,49.45000076293945,49.79999923706055,48.900001525878906,49.45000076293945,70843171.0
2025-05-23,48.04999923706055,49.45000076293945,48.04999923706055,48.099998474121094,71578900.0
2025-05-26,47.099998474121094,48.79999923706055,47.099998474121094,47.79999923706055,78899680.0
2025-05-27,46.0,47.599998474121094,46.0,47.099998474121094,99624798.0
2025-05-28,47.04999923706055,47.45000076293945,46.150001525878906,46.400001525878906,98074934.0
2025-05-29,46.75,48.099998474121094,46.75,47.400001525878906,149032843.0
2025-06-02,46.95000076293945,46.95000076293945,45.900001525878906,46.79999923706055,77681104.0
2025-06-03,47.25,47.29999923706055,46.599998474121094,46.70000076293945,77951822.0
2025-06-04,45.95000076293945,47.25,45.79999923706055,47.099998474121094,85197919.0
2025-06-05,45.29999923706055,46.04999923706055,45.099998474121094,45.650001525878906,74581058.0
2025-06-06,45.0,45.75,45.0,45.29999923706055,55682096.0
2025-06-09,45.650001525878906,45.75,44.849998474121094,45.0,39208994.0
2025-06-10,46.400001525878906,46.5,45.79999923706055,45.849998474121094,47063212.0
2025-06-11,47.25,47.25,46.54999923706055,46.54999923706055,56558714.0
2025-06-12,47.29999923706055,47.400001525878906,46.900001525878906,47.25,32543331.0
2025-06-13,47.45000076293945,47.75,46.79999923706055,46.79999923706055,44771416.0
2025-06-16,48.0,48.0,47.349998474121094,47.349998474121094,41131108.0
2025-06-17,47.5,48.79999923706055,47.5,48.25,71150250.0
2025-06-18,48.29999923706055,48.29999923706055,47.599998474121094,47.70000076293945,41498670.0
2025-06-19,47.75,48.45000076293945,47.599998474121094,48.400001525878906,51252856.0
2025-06-20,47.650001525878906,47.95000076293945,46.79999923706055,47.29999923706055,65459193.0
2025-06-23,47.0,47.20000076293945,46.20000076293945,46.5,74736166.0
2025-06-24,45.349998474121094,45.349998474121094,42.5,42.5,132396029.0
2025-06-25,43.79999923706055,45.45000076293945,43.79999923706055,45.45000076293945,95756039.0
2025-06-26,43.25,44.349998474121094,43.150001525878906,43.79999923706055,81421425.0
2025-06-27,44.29999923706055,44.29999923706055,43.599998474121094,43.849998474121094,49281090.0
