Date,Close,High,Low,Open,Volume
2000-01-03,24.419103622436523,24.41910362243652,24.41910362243652,24.41910362243652,0
2000-01-04,12.940408706665039,13.044865425466309,12.368610791582643,12.522582956683141,100969038
2000-01-05,12.940408706665039,13.25377886306885,12.681303563628493,12.785759157206577,78951612
2000-01-06,12.940408706665039,13.25377886306885,12.627039675484413,12.994672594809119,94351308
2000-01-07,12.41812515258789,12.785758039782968,12.313668442915715,12.522581862260067,63538583
2000-01-10,12.681300163269043,12.890212419630739,12.31366621729839,12.52257959888297,71348563
2000-01-11,12.577520370483398,13.462009661032871,12.577520370483398,13.462009661032871,113739712
2000-01-12,13.308039665222168,13.30803966522217,12.522581111642728,12.73149451846458,105636792
2000-01-13,13.308039665222168,13.775381917869641,13.203584087034264,13.516954197267042,180292164
2000-01-14,12.785757064819336,13.566468289740998,12.785757064819336,13.46201158803405,75928603
2000-01-17,13.253775596618652,13.516952857504103,13.099126085274232,13.203582778331699,63291557
2000-01-18,13.203584671020508,13.412498087082469,13.099127962989526,13.358234204533412,36009878
2000-01-19,12.890213012695312,13.253775918997817,12.835949136604906,13.203583099489995,39957690
2000-01-20,12.994670867919922,13.044863691906883,12.731494702370522,13.044863691906883,26366721
2000-01-21,12.940408706665039,13.20358603241166,12.940408706665039,12.994672594809119,47431990
2000-01-24,12.785757064819336,13.203583871647124,12.785757064819336,13.203583871647124,31916914
2000-01-25,12.681300163269043,12.940405236829244,12.681300163269043,12.78575572883845,22894992
2000-01-26,12.731493949890137,12.94040622215918,12.627037251144133,12.681301128869768,47392321
2000-01-27,12.681300163269043,12.940405236829244,12.681300163269043,12.940405236829244,24439421
2000-01-28,12.835951805114746,13.044865239742927,12.681303383081243,12.681303383081243,47079264
2000-01-31,12.994670867919922,13.149320396826681,12.940406986987083,13.044863691906883,31397900
2000-02-01,12.835951805114746,13.149321957057019,12.785758975172165,13.09912912711444,84326933
2000-02-02,12.835951805114746,12.835951805114746,12.835951805114746,12.835951805114746,0
2000-02-03,12.835951805114746,12.835951805114746,12.835951805114746,12.835951805114746,0
2000-02-04,12.835951805114746,12.835951805114746,12.835951805114746,12.835951805114746,0
2000-02-07,12.835951805114746,12.835951805114746,12.835951805114746,12.835951805114746,0
2000-02-08,12.835951805114746,12.835951805114746,12.835951805114746,12.835951805114746,0
2000-02-09,12.940408706665039,13.516956188815474,12.940408706665039,13.14932214426758,304085414
2000-02-10,13.203584671020508,13.203584671020506,12.785757838896584,12.940407372409489,187384723
2000-02-11,14.088749885559082,14.088749885559082,13.35823158225718,13.35823158225718,344853284
2000-02-14,14.088749885559082,14.714810376112437,14.088749885559082,14.402119948136182,406964176
2000-02-15,14.874210357666016,14.923725795924048,14.08875181591612,14.351927973700338,241149462
2000-02-16,14.665297508239746,14.92372521488871,14.560840810468893,14.874209778558496,161401143
2000-02-17,14.506574630737305,14.874207417694553,14.506574630737305,14.506574630737305,125048123
2000-02-18,14.35192584991455,14.769752595435849,14.35192584991455,14.769752595435849,107253028
2000-02-21,13.358233451843262,13.82964563044261,13.358233451843262,13.82964563044261,87638759
2000-02-22,13.566468238830566,13.829645520520648,13.358233345668218,13.358233345668218,134753118
2000-02-23,14.193203926086426,14.506572804998134,13.621406288845938,13.775377253907294,215180424
2000-02-24,14.560840606689453,14.769753999307412,14.297664462834806,14.610354917103752,214266979
2000-02-25,14.610355377197266,15.028182175590933,14.560841065223714,14.665297764822132,206994478
2000-02-28,14.610355377197266,14.610355377197266,14.610355377197266,14.610355377197266,0
2000-02-29,14.92372989654541,14.977992665564036,14.560845378286709,14.769758839365727,134264876
2000-03-01,14.665297508239746,15.132638610430417,14.665297508239748,15.028181912659564,108432762
2000-03-02,14.71480941772461,14.923722779169308,14.665295114698646,14.769751795420994,83138031
2000-03-03,14.71480941772461,14.819266098446958,14.456381753253948,14.71480941772461,62989128
2000-03-06,14.610355377197266,14.714812076795683,14.247470966428464,14.402121612679826,68070596
2000-03-07,14.92372989654541,14.923729896545408,14.610359704926882,14.610359704926882,95097517
2000-03-08,15.341551780700684,15.3958145319,14.81926829951549,14.92372499575253,171716614
2000-03-09,15.75870132446289,15.81364371866452,15.237097398712692,15.44601082291707,195730616
2000-03-10,15.813639640808105,16.1765240014384,15.50026958531014,15.918096325974096,181412129
2000-03-13,14.769753456115723,15.500270668754133,14.714811072241677,14.714811072241677,178226695
2000-03-14,14.874210357666016,15.028182497761783,14.351927973700338,14.977988550032793,174302792
2000-03-15,14.456384658813477,14.874210340458035,14.351927957096585,14.819269076941891,163459471
2000-03-16,15.39581298828125,15.395812988281252,13.82964346163381,13.82964346163381,183769198
2000-03-17,15.60472583770752,15.91809588451474,14.874207571167855,14.874207571167855,269405311
2000-03-20,15.082444190979004,15.39581427444992,15.082444190979004,15.082444190979004,129478732
2000-03-21,15.813639640808105,16.07206731627241,14.665295738567718,14.665295738567718,230740527
2000-03-22,16.022554397583008,16.176526537240534,15.604728716644301,15.70918541818473,162530267
2000-03-23,17.115957260131836,17.115957260131836,17.115957260131836,17.115957260131836,66685305
2000-03-24,18.264301300048828,18.264301300048828,17.220413919257496,17.69250347940927,234985680
2000-03-27,19.154216766357422,19.51710343861257,18.52747767492212,18.52747767492212,201955576
2000-03-28,18.786584854125977,19.308189853685096,18.631934204606274,19.154216588413142,122202264
2000-03-29,18.786584854125977,19.258673290219118,18.527477502800302,18.527477502800302,132588881
2000-03-30,19.049758911132812,19.57136500920523,18.57767049921374,18.786583892127933,163259342
2000-03-31,18.423017501831055,19.049756475208525,17.742694293427867,18.73638755113119,156873270
2000-04-03,18.423017501831055,18.423017501831055,18.423017501831055,18.423017501831055,0
2000-04-04,18.423017501831055,18.423017501831055,18.423017501831055,18.423017501831055,0
2000-04-05,18.264301300048828,18.63193415865226,17.379133374764248,17.379133374764248,121341596
2000-04-06,17.115957260131836,18.214787032297156,17.115957260131836,17.742697470975287,118265515
2000-04-07,17.4293270111084,17.638240410474392,17.115956912059413,17.22041361174241,124074466
2000-04-10,17.742698669433594,17.742698669433594,17.742698669433594,17.742698669433594,127193043
2000-04-11,17.274677276611328,17.274677276611328,17.274677276611328,17.274677276611328,90829473
2000-04-12,17.011499404907227,17.011499404907227,17.011499404907227,17.011499404907227,102663820
2000-04-13,15.863157272338867,15.863157272338867,15.863157272338867,15.863157272338867,155520481
2000-04-14,15.028181076049805,15.81364066871582,15.028181076049805,15.654920102561787,161000919
2000-04-17,14.2976655960083,14.297665596008299,14.297665596008299,14.297665596008299,138990930
2000-04-18,14.769753456115723,15.132637842111052,14.66529676364838,15.132637842111052,180090512
2000-04-19,14.71480941772461,14.71480941772461,14.71480941772461,14.71480941772461,153272913
2000-04-20,14.71480941772461,14.874207350920567,14.193205648669444,14.71480941772461,61250641
2000-04-21,15.132637023925781,15.291356457052597,14.665295970731114,14.665295970731114,104676165
2000-04-24,14.35192584991455,14.35192584991455,14.35192584991455,14.35192584991455,47985802
2000-04-25,15.082444190979004,15.082444190979004,15.082444190979004,15.082444190979004,58029852
2000-04-26,14.456384658813477,15.29135863785542,14.351927957096585,15.29135863785542,80349732
2000-04-27,15.028181076049805,15.028181076049805,15.028181076049805,15.028181076049805,53257884
2000-04-28,15.39581298828125,15.395812988281252,15.395812988281252,15.395812988281252,118338504
2000-05-01,15.39581298828125,15.395812988281252,15.395812988281252,15.395812988281252,0
2000-05-02,14.402124404907227,15.291361292362398,14.402124404907225,15.291361292362398,67576649
2000-05-03,14.402124404907227,14.402124404907225,14.402124404907225,14.402124404907225,62286094
2000-05-04,13.879837989807129,14.610355245743992,13.829645168828762,14.402121483100087,64335855
2000-05-05,14.456384658813477,14.456384658813477,14.456384658813477,14.456384658813477,70368714
2000-05-08,14.088749885559082,14.088749885559082,14.088749885559082,14.088749885559082,53973921
2000-05-09,14.35192584991455,14.402119790215886,13.984293044694587,14.088749731074913,0
2000-05-10,14.088749885559082,14.088749885559082,14.088749885559082,14.088749885559082,58384474
2000-05-11,13.149321556091309,13.984296759571434,13.149321556091309,13.566469903055973,75608980
2000-05-12,12.890213012695312,12.890213012695312,12.890213012695312,12.890213012695312,105249824
2000-05-15,12.627037048339844,12.627037048339844,12.627037048339844,12.627037048339844,55949171
2000-05-16,13.462011337280273,13.462011337280273,13.462011337280273,13.462011337280273,58146311
2000-05-17,14.402124404907227,14.402124404907225,14.247473728672798,14.402124404907225,54080309
2000-05-18,15.028181076049805,15.237094459961432,14.402120558944594,14.402120558944594,187760767
2000-05-19,14.769753456115723,14.769753456115723,14.769753456115723,14.769753456115723,100248313
2000-05-22,14.456384658813477,14.610355673508112,14.088751799616837,14.402121904767508,86251894
2000-05-23,14.71480941772461,14.769751795420994,14.297662329391793,14.456381753253948,61878338
2000-05-24,14.35192584991455,14.35192584991455,14.35192584991455,14.35192584991455,58392110
2000-05-25,14.038556098937988,14.714810537772536,13.98429335166786,14.610353849099253,69123287
2000-05-26,13.984293937683105,14.351926766378826,13.566467165480837,13.775380551581971,79803156
2000-05-29,13.621410369873047,13.621410369873047,13.621410369873047,13.621410369873047,63403041
2000-05-30,13.77538013458252,13.87983682447104,13.566466754805477,13.77538013458252,0
2000-05-31,14.71480941772461,14.71480941772461,14.71480941772461,14.71480941772461,91535082
2000-06-01,14.977988243103027,15.132638889500646,14.610355391014627,14.665297778691452,141661987
2000-06-02,15.39581298828125,15.395812988281252,15.395812988281252,15.395812988281252,253587779
2000-06-05,16.230791091918945,16.230791091918945,16.230791091918945,16.230791091918945,102495367
2000-06-06,16.230791091918945,16.230791091918945,16.230791091918945,16.230791091918945,0
2000-06-07,16.698810577392578,16.698810577392578,16.698810577392578,16.698810577392578,149570240
2000-06-08,16.230791091918945,16.230791091918945,16.230791091918945,16.230791091918945,72684357
2000-06-09,16.230791091918945,16.230791091918945,16.230791091918945,16.230791091918945,87763351
2000-06-12,16.230791091918945,16.230791091918945,16.230791091918945,16.230791091918945,62137567
2000-06-13,15.813639640808105,16.1765240014384,15.813639640808105,15.918096325974096,56488928
2000-06-14,16.022554397583008,16.126332589654407,15.813642119725156,15.918098821265582,53433216
2000-06-15,15.341551780700684,15.341551780700682,15.341551780700682,15.341551780700682,67645115
2000-06-16,15.654919624328613,15.813640185633982,15.341550683257,15.39581343057468,71425188
2000-06-19,15.50026798248291,15.50026798248291,15.50026798248291,15.50026798248291,17864622
2000-06-20,15.291357040405273,15.863154802233176,15.291357040405273,15.863154802233176,59555903
2000-06-21,15.237092971801758,15.500269078985111,15.237092971801758,15.34154965355561,39376855
2000-06-22,15.813639640808105,15.813639640808105,15.186899529812173,15.39581290014415,70005315
2000-06-23,15.39581298828125,15.813639731337158,15.395812988281252,15.758697350988966,28411960
2000-06-26,15.028181076049805,15.028181076049805,15.028181076049805,15.028181076049805,42564890
2000-06-27,14.665297508239746,15.186901362426514,14.351927414927186,15.132638610430417,74503530
2000-06-28,14.2976655960083,14.610356075059793,14.088752186832734,14.402122300596082,68202980
2000-06-29,14.402124404907227,14.81927164949637,14.193210965207074,14.81927164949637,96567957
2000-06-30,14.506574630737305,14.714809483783018,14.143011774578369,14.402119074768805,137319544
2000-07-03,14.769753456115723,14.769753456115723,14.769753456115723,14.769753456115723,64833490
2000-07-04,14.038556098937988,14.038556098937988,14.038556098937988,14.038556098937988,42334815
2000-07-05,14.977988243103027,14.977988243103027,14.977988243103027,14.977988243103027,114221631
2000-07-06,14.92372989654541,15.132643357624426,14.665302108826218,14.769758839365727,62758071
2000-07-07,14.874210357666016,14.874210357666016,14.874210357666016,14.874210357666016,51558814
2000-07-10,14.819267272949219,14.819267272949219,14.819267272949219,14.819267272949219,77694757
2000-07-11,14.71480941772461,14.71480941772461,14.71480941772461,14.71480941772461,50256766
2000-07-12,14.769753456115723,14.769753456115723,14.769753456115723,14.769753456115723,33735809
2000-07-13,14.977988243103027,14.977988243103027,14.977988243103027,14.977988243103027,109220728
2000-07-14,15.885578155517578,16.095440772391814,15.046123166654148,15.046123166654148,164809511
2000-07-17,21.439599990844727,21.439599990844723,21.439599990844723,21.439599990844723,56915950
2000-07-18,21.083518981933594,21.616762232582204,20.99493861890471,21.43960376720797,41468805
2000-07-19,21.350139617919922,21.350139617919922,21.350139617919922,21.350139617919922,41468805
2000-07-20,21.083518981933594,21.43960376720797,21.083518981933594,21.35013947691613,26786804
2000-07-21,20.905481338500977,20.905481338500977,20.905481338500977,20.905481338500977,53821782
2000-07-24,20.823097229003906,20.823097229003906,20.823097229003906,20.823097229003906,18663593
2000-07-25,20.73363494873047,20.994940601391885,20.467012167888033,20.467012167888033,42187946
2000-07-26,20.823097229003906,20.823097229003906,20.823097229003906,20.823097229003906,51180197
2000-07-27,20.823097229003906,20.823097229003906,19.489099526755044,20.823097229003906,62503673
2000-07-28,20.99494171142578,20.99494171142578,20.99494171142578,20.99494171142578,56532164
2000-07-31,21.350139617919922,21.350139617919922,21.350139617919922,21.350139617919922,41649927
2000-08-01,21.261560440063477,21.616761282462793,21.172982341611394,21.439602824875188,24514213
2000-08-02,21.1729793548584,21.1729793548584,21.1729793548584,21.1729793548584,20976614
2000-08-03,21.083518981933594,21.43960376720797,20.90547432861287,20.90547432861287,36133925
2000-08-04,20.99494171142578,20.99494171142578,20.99494171142578,20.99494171142578,40743623
2000-08-07,19.222482681274414,20.20039126340229,19.139217169644134,19.75572603180699,59344126
2000-08-08,18.784011840820312,19.222478174189146,18.427925941995557,19.222478174189146,44934798
2000-08-09,19.845190048217773,19.933768165857792,18.784015970000837,18.784015970000837,66674408
2000-08-10,19.933765411376953,19.933765411376953,19.933765411376953,19.933765411376953,41622771
2000-08-11,19.578563690185547,20.200387298282024,19.489099400696674,19.933764545008955,32981102
2000-08-14,19.40052032470703,19.40052032470703,19.40052032470703,19.40052032470703,12983985
2000-08-15,19.222482681274414,19.57856753324848,19.139217169644134,19.400525107261448,18285226
2000-08-16,19.845190048217773,19.84519004821777,19.84519004821777,19.84519004821777,45065333
2000-08-17,20.905481338500977,20.905481338500977,20.905481338500977,20.905481338500977,54718452
2000-08-18,20.905481338500977,21.350146635906473,20.823104263475383,20.905481338500977,67799815
2000-08-21,21.439599990844727,21.884267321507984,21.08351526829098,21.08351526829098,70934159
2000-08-22,21.083518981933594,21.43960376720797,20.823097281209414,21.43960376720797,27973662
2000-08-23,21.083518981933594,21.083518981933594,21.083518981933594,21.083518981933594,0
2000-08-24,20.645055770874023,21.17298649558248,20.46701335113181,20.823100451300114,47506776
2000-08-25,20.289852142333984,20.289852142333984,20.289852142333984,20.289852142333984,22270825
2000-08-28,19.667144775390625,19.667144775390625,19.667144775390625,19.667144775390625,20882915
2000-08-29,20.378433227539062,20.378433227539062,19.311058220277484,19.400522515374924,43000799
2000-08-30,19.845190048217773,20.733636570968276,19.84519004821777,20.37843565162476,36591252
2000-08-31,20.99494171142578,20.99494171142578,20.99494171142578,20.99494171142578,73297010
2000-09-01,22.239471435546875,22.239471435546875,22.239471435546875,22.239471435546875,270647200
2000-09-04,22.328052520751953,22.328052520751957,22.328052520751957,22.328052520751957,98352294
2000-09-05,23.12259864807129,23.212062928195838,22.150889153809036,22.328047599049857,129560168
2000-09-06,23.034027099609375,23.034027099609375,23.034027099609375,23.034027099609375,102041925
2000-09-07,22.150894165039062,22.150894165039062,22.150894165039062,22.150894165039062,119821734
2000-09-08,20.823097229003906,20.823097229003906,20.823097229003906,20.823097229003906,107097268
2000-09-11,20.378433227539062,20.378433227539062,20.378433227539062,20.378433227539062,72926611
2000-09-12,20.378433227539062,20.378433227539062,20.378433227539062,20.378433227539062,0
2000-09-13,21.1729793548584,21.261557440815274,20.20038374216539,20.20038374216539,87344403
2000-09-14,20.645055770874023,21.350142727243288,20.46701335113181,21.083522191670674,88510541
2000-09-15,20.0223445892334,20.0223445892334,20.0223445892334,20.0223445892334,113451031
2000-09-18,19.578563690185547,19.578563690185547,19.578563690185547,19.578563690185547,45427603
2000-09-19,19.40052032470703,19.40052032470703,19.40052032470703,19.40052032470703,88004087
2000-09-20,20.289852142333984,20.289852142333984,19.311057537468088,19.933765089839454,84816414
2000-09-21,20.823097229003906,20.994938566268377,20.022345036750295,20.022345036750295,109799803
2000-09-22,19.489099502563477,20.73363291319997,19.489099502563477,20.289851693823124,84831333
2000-09-25,19.933765411376953,20.111810070837922,19.31105784896113,19.578564541115686,57497972
2000-09-26,20.73363494873047,20.73363494873047,20.73363494873047,20.73363494873047,127978043
2000-09-27,20.556474685668945,20.556474685668945,20.556474685668945,20.556474685668945,83532090
2000-09-28,19.578563690185547,20.82309709431704,19.489099400696674,20.733632804828165,62171047
2000-09-29,18.250770568847656,18.250770568847656,18.250770568847656,18.250770568847656,98364109
2000-10-02,15.855600357055664,15.855600357055662,15.855600357055662,15.855600357055662,73148745
2000-10-03,14.794426918029785,14.794426918029785,14.794426918029785,14.794426918029785,168295396
2000-10-04,14.349763870239258,14.349763870239258,14.349763870239258,14.349763870239258,5181081
2000-10-05,14.000761032104492,14.172603510853627,13.911296736235757,13.911296736235757,122624932
2000-10-06,14.972468376159668,14.972468376159668,14.972468376159668,14.972468376159668,104241210
2000-10-09,15.328558921813965,15.85560235933795,15.239094612599438,15.85560235933795,97261864
2000-10-10,15.328558921813965,15.328558921813965,15.328558921813965,15.328558921813965,0
2000-10-11,15.328558921813965,15.328558921813965,15.328558921813965,15.328558921813965,137697704
2000-10-12,15.417136192321777,15.417136192321776,15.417136192321776,15.417136192321776,174041968
2000-10-13,15.417136192321777,15.417136192321776,15.417136192321776,15.417136192321776,137350795
2000-10-16,14.883890151977539,14.883890151977537,14.883890151977537,14.883890151977537,0
2000-10-17,14.883890151977539,15.328555288946779,14.349759596655064,14.883890151977537,141866968
2000-10-18,13.911296844482422,13.911296844482422,13.911296844482422,13.911296844482422,77870948
2000-10-19,12.981219291687012,12.98121929168701,12.98121929168701,12.98121929168701,56887924
2000-10-20,13.822718620300293,13.822718620300293,13.822718620300293,13.822718620300293,22214325
2000-10-23,15.505715370178223,15.683758920203978,14.794428488498244,15.683758920203978,256082428
2000-10-24,16.566890716552734,16.566890716552734,16.566890716552734,16.566890716552734,152930456
2000-10-25,17.10013198852539,17.10013198852539,17.10013198852539,17.10013198852539,158560214
2000-10-26,16.566890716552734,16.833512403143626,16.566890716552734,16.566890716552734,84091111
2000-10-27,16.03364372253418,16.03364372253418,16.03364372253418,16.03364372253418,0
2000-10-30,15.505715370178223,15.50571537017822,15.50571537017822,15.50571537017822,4337004
2000-10-31,14.972468376159668,15.505712747977867,14.972468376159668,14.972468376159668,86642255
2000-11-01,14.705846786499023,14.705846786499025,14.705846786499025,14.705846786499025,83436344
2000-11-02,15.683757781982422,15.683757781982422,14.349761100894378,14.349761100894378,98362691
2000-11-03,16.744932174682617,16.744932174682617,16.30026698011935,16.566888633181197,158299076
2000-11-06,16.83350944519043,16.83350944519043,16.83350944519043,16.83350944519043,105749233
2000-11-07,17.983264923095703,17.983264923095703,17.983264923095703,17.983264923095703,157522738
2000-11-08,18.60597038269043,19.13921363473589,17.367639149428758,17.80610437428047,204410435
2000-11-09,18.517391204833984,18.517391204833984,18.517391204833984,18.517391204833984,125585728
2000-11-10,17.894685745239258,17.894685745239258,17.894685745239258,17.894685745239258,80606512
2000-11-13,17.36764144897461,17.36764144897461,17.36764144897461,17.36764144897461,120064327
2000-11-14,17.18959617614746,17.18959617614746,17.18959617614746,17.18959617614746,82286357
2000-11-15,17.36764144897461,17.36764144897461,17.36764144897461,17.36764144897461,158117191
2000-11-16,17.18959617614746,17.18959617614746,17.18959617614746,17.18959617614746,127508821
2000-11-17,17.539480209350586,17.628059435156096,16.388842113465017,16.922971510564278,114248630
2000-11-20,15.683757781982422,15.683757781982422,15.683757781982422,15.683757781982422,85964106
2000-11-21,16.744932174682617,16.744932174682617,16.744932174682617,16.744932174682617,140443231
2000-11-22,16.566890716552734,16.566890716552734,16.566890716552734,16.566890716552734,132995030
2000-11-23,16.9229736328125,16.9229736328125,16.9229736328125,16.9229736328125,86844659
2000-11-24,17.18959617614746,17.18959617614746,17.18959617614746,17.18959617614746,111322082
2000-11-27,16.83350944519043,16.83350944519043,16.83350944519043,16.83350944519043,83160547
2000-11-28,16.83350944519043,16.83350944519043,16.83350944519043,16.83350944519043,73462510
2000-11-29,17.10013198852539,17.1895962824683,16.656351879716027,16.656351879716027,79169876
2000-11-30,16.656352996826172,16.656352996826172,16.656352996826172,16.656352996826172,91239301
2000-12-01,17.011552810668945,17.011552810668945,17.011552810668945,17.011552810668945,76860582
2000-12-04,15.945066452026367,15.945066452026369,15.945066452026369,15.945066452026369,61524985
2000-12-05,15.417136192321777,15.772335949481251,15.417136192321776,15.417136192321776,102725039
2000-12-06,15.239093780517578,16.033645044509303,15.061050229601943,16.033645044509303,108956094
2000-12-07,15.239093780517578,15.239093780517578,15.239093780517578,15.239093780517578,59915242
2000-12-08,15.505715370178223,15.50571537017822,15.50571537017822,15.50571537017822,70547610
2000-12-11,15.59517765045166,15.595177650451658,15.595177650451658,15.595177650451658,55666664
2000-12-12,16.656352996826172,16.656352996826172,15.772336341506922,15.855600716181069,157141990
2000-12-13,16.9229736328125,16.9229736328125,16.9229736328125,16.9229736328125,97502905
2000-12-14,16.656352996826172,16.656352996826172,16.656352996826172,16.656352996826172,80169832
2000-12-15,16.300268173217773,16.300268173217773,16.300268173217773,16.300268173217773,40478403
2000-12-18,15.59517765045166,15.595177650451658,15.595177650451658,15.595177650451658,77173216
2000-12-19,15.328558921813965,15.328558921813965,15.328558921813965,15.328558921813965,65667608
2000-12-20,15.150514602661133,15.150514602661133,15.150514602661133,15.150514602661133,117935746
2000-12-21,14.705846786499023,14.883890306791763,14.705846786499025,14.705846786499025,38049793
2000-12-22,14.972468376159668,15.15051189607615,14.527803235504964,14.527803235504964,80460709
2000-12-25,14.972468376159668,14.972468376159668,14.972468376159668,14.972468376159668,0
2000-12-26,14.972468376159668,15.239091127239643,14.705846755421444,15.239091127239643,42158448
2000-12-27,14.527802467346191,14.527802467346193,14.527802467346193,14.527802467346193,30791786
2000-12-28,14.883890151977539,14.883890151977537,14.883890151977537,14.883890151977537,93750699
2000-12-29,14.883890151977539,15.06104748249446,14.617267403107382,14.883890151977537,60166713
2001-01-01,14.883890151977539,14.883890151977537,14.883890151977537,14.883890151977537,0
2001-01-02,15.417136192321777,15.505714302021163,14.439226581838948,14.705848229299036,51515839
2001-01-03,15.150514602661133,15.505715518018215,15.061050297925666,15.239093849648988,36687828
2001-01-04,16.12222671508789,16.12222671508789,16.12222671508789,16.12222671508789,89040204
2001-01-05,16.656352996826172,16.656352996826172,16.656352996826172,16.656352996826172,117677090
2001-01-08,15.945066452026367,15.945066452026369,15.945066452026369,15.945066452026369,68151889
2001-01-09,16.83350944519043,16.83350944519043,16.83350944519043,16.83350944519043,102530102
2001-01-10,16.83350944519043,16.83350944519043,16.83350944519043,16.83350944519043,81231801
2001-01-11,17.011552810668945,17.011552810668945,17.011552810668945,17.011552810668945,143220162
2001-01-12,16.9229736328125,17.45621803924803,16.833509338251638,17.278174507773258,58514018
2001-01-15,16.744932174682617,16.744932174682617,16.744932174682617,16.744932174682617,41144255
2001-01-16,17.36764144897461,17.628063184861862,16.744932693612032,16.744932693612032,96200912
2001-01-17,17.716642379760742,17.716642379760742,17.716642379760742,17.716642379760742,157586364
2001-01-18,17.36764144897461,17.36764144897461,17.36764144897461,17.36764144897461,96109589
2001-01-19,17.36764144897461,17.36764144897461,17.36764144897461,17.36764144897461,0
2001-01-22,17.36764144897461,17.36764144897461,17.36764144897461,17.36764144897461,0
2001-01-23,17.36764144897461,17.36764144897461,17.36764144897461,17.36764144897461,0
2001-01-24,17.36764144897461,17.36764144897461,17.36764144897461,17.36764144897461,0
2001-01-25,17.36764144897461,17.36764144897461,17.36764144897461,17.36764144897461,0
2001-01-26,17.36764144897461,17.36764144897461,17.36764144897461,17.36764144897461,0
2001-01-29,17.011552810668945,17.011552810668945,17.011552810668945,17.011552810668945,74985653
2001-01-30,18.161304473876953,18.161304473876953,18.161304473876953,18.161304473876953,62810486
2001-01-31,18.784011840820312,18.784011840820312,18.784011840820312,18.784011840820312,138252295
2001-02-01,18.427927017211914,18.427927017211914,18.427927017211914,18.427927017211914,54327794
2001-02-02,18.250770568847656,18.250770568847656,18.250770568847656,18.250770568847656,88703116
2001-02-05,17.539480209350586,17.539480209350586,17.539480209350586,17.539480209350586,52361896
2001-02-06,17.894685745239258,18.250772857167615,17.71664218927508,17.71664218927508,83759001
2001-02-07,17.45621681213379,17.45621681213379,17.45621681213379,17.45621681213379,42562908
2001-02-08,17.806106567382812,17.806106567382812,17.806106567382812,17.806106567382812,45431564
2001-02-09,18.3393497467041,18.3393497467041,18.3393497467041,18.3393497467041,109737656
2001-02-12,18.250770568847656,18.694549555779165,18.161305142856605,18.339348676497313,77686327
2001-02-13,18.517391204833984,18.517391204833984,18.517391204833984,18.517391204833984,137790352
2001-02-14,17.894685745239258,17.894685745239258,17.894685745239258,17.894685745239258,80882450
2001-02-15,18.517391204833984,18.517391204833984,18.517391204833984,18.517391204833984,69075167
2001-02-16,17.983264923095703,17.983264923095703,17.983264923095703,17.983264923095703,69925091
2001-02-19,17.539480209350586,17.539480209350586,17.539480209350586,17.539480209350586,32451767
2001-02-20,17.716642379760742,17.716642379760742,17.716642379760742,17.716642379760742,83762279
2001-02-21,18.250770568847656,18.250770568847656,18.250770568847656,18.250770568847656,56994776
2001-02-22,17.628063201904297,17.628063201904297,17.628063201904297,17.628063201904297,37481847
2001-02-23,17.806106567382812,17.806106567382812,17.806106567382812,17.806106567382812,45116615
2001-02-26,17.716642379760742,18.250773053396138,17.716642379760742,17.806107817931068,47882427
2001-02-27,17.806106567382812,17.806106567382812,17.806106567382812,17.806106567382812,45279224
2001-02-28,17.806106567382812,17.806106567382812,17.806106567382812,17.806106567382812,0
2001-03-01,17.539480209350586,17.539480209350586,17.539480209350586,17.539480209350586,47432319
2001-03-02,17.011552810668945,17.011552810668945,17.011552810668945,17.011552810668945,40040505
2001-03-05,17.011552810668945,17.011552810668945,17.011552810668945,17.011552810668945,24650797
2001-03-06,17.10013198852539,17.45621791867353,17.10013198852539,17.1895962824683,31032693
2001-03-07,17.983264923095703,17.983264923095703,17.983264923095703,17.983264923095703,67266265
2001-03-08,17.628063201904297,17.628063201904297,17.628063201904297,17.628063201904297,31027842
2001-03-09,17.539480209350586,17.539480209350586,17.539480209350586,17.539480209350586,16905243
2001-03-12,17.36764144897461,17.36764144897461,17.36764144897461,17.36764144897461,20894757
2001-03-13,17.983264923095703,17.983264923095703,17.539484751938325,17.539484751938325,61331988
2001-03-14,18.872591018676758,18.872591018676758,18.872591018676758,18.872591018676758,140823591
2001-03-15,18.962055206298828,18.962055206298828,18.962055206298828,18.962055206298828,93488102
2001-03-16,18.250770568847656,18.250770568847656,18.250770568847656,18.250770568847656,62863634
2001-03-19,17.983264923095703,17.983264923095703,17.983264923095703,17.983264923095703,26213875
2001-03-20,17.806106567382812,17.806106567382812,17.806106567382812,17.806106567382812,28554092
2001-03-21,17.36764144897461,17.36764144897461,17.36764144897461,17.36764144897461,48849379
2001-03-22,17.894685745239258,17.894685745239258,17.539484821421574,17.539484821421574,32002081
2001-03-23,17.894685745239258,18.42793022502112,17.894685745239258,18.1613074199592,45853827
2001-03-26,18.161304473876953,18.250769896572507,17.983262077136356,18.161304473876953,62931221
2001-03-27,18.07272720336914,18.872593265024612,17.983262906887486,18.427928085956047,74558392
2001-03-28,17.894685745239258,18.250772857167615,17.894685745239258,18.1613074199592,30463650
2001-03-29,17.716642379760742,17.894685937639206,17.628064260052604,17.716642379760742,27942017
2001-03-30,17.806106567382812,18.072728226244198,17.71664113549577,17.806106567382812,27850754
2001-04-02,17.539480209350586,17.716637530619924,17.367637754663747,17.716637530619924,35484765
2001-04-03,17.36764144897461,17.53948394021446,17.18959790195558,17.456219563280094,38047244
2001-04-04,17.36764144897461,17.53948394021446,17.27817601626106,17.36764144897461,39492069
2001-04-05,17.36764144897461,17.36764144897461,17.36764144897461,17.36764144897461,0
2001-04-06,17.539480209350586,17.539480209350586,17.539480209350586,17.539480209350586,43280651
2001-04-09,17.36764144897461,17.456219563280094,17.27817601626106,17.36764144897461,19502478
2001-04-10,17.18959617614746,17.18959617614746,17.18959617614746,17.18959617614746,39810350
2001-04-11,17.18959617614746,17.456217810703585,16.833509117859972,17.367639705291204,47859044
2001-04-12,17.539480209350586,17.628059435156096,17.278172340980596,17.367637754663747,26274282
2001-04-13,17.011552810668945,17.011552810668945,17.011552810668945,17.011552810668945,23321555
2001-04-16,17.011552810668945,17.18959634152562,17.011552810668945,17.011552810668945,15141361
2001-04-17,17.18959617614746,17.18959617614746,17.18959617614746,17.18959617614746,11542411
2001-04-18,17.36764144897461,17.456219563280094,17.18959790195558,17.27817601626106,23003160
2001-04-19,17.983264923095703,18.250772784866573,17.716642119090018,17.894685674348867,78405783
2001-04-20,17.983264923095703,18.16130734801258,17.894685674348867,18.16130734801258,30286048
2001-04-23,18.161304473876953,18.161304473876953,17.806104738020878,18.072726369490113,21331866
2001-04-24,17.806106567382812,17.806106567382812,17.806106567382812,17.806106567382812,14763623
2001-04-25,17.716642379760742,17.716642379760742,17.716642379760742,17.716642379760742,13129300
2001-04-26,17.45621681213379,17.45621681213379,17.45621681213379,17.45621681213379,10136972
2001-04-27,17.10013198852539,17.10013198852539,17.10013198852539,17.10013198852539,27161064
2001-04-30,17.10013198852539,17.45621791867353,17.10013198852539,17.1895962824683,35963762
2001-05-01,17.10013198852539,17.10013198852539,17.10013198852539,17.10013198852539,0
2001-05-02,16.9229736328125,16.9229736328125,16.9229736328125,16.9229736328125,28088402
2001-05-03,17.278175354003906,17.456218894198688,16.922974461646525,16.922974461646525,18405592
2001-05-04,16.83350944519043,16.83350944519043,16.83350944519043,16.83350944519043,28407018
2001-05-07,17.10013198852539,17.278174388428553,16.833509221978346,17.1895962824683,26403674
2001-05-08,17.10013198852539,17.10013198852539,17.10013198852539,17.10013198852539,26741015
2001-05-09,17.18959617614746,17.18959617614746,17.18959617614746,17.18959617614746,19390702
2001-05-10,16.9229736328125,16.9229736328125,16.9229736328125,16.9229736328125,22677245
2001-05-11,17.278175354003906,17.278175354003906,16.744932051793622,16.922974461646525,30203696
2001-05-14,17.278175354003906,17.367640783288326,17.100132944151003,17.278175354003906,12882492
2001-05-15,17.10013198852539,17.10013198852539,17.10013198852539,17.10013198852539,23957039
2001-05-16,17.10013198852539,17.10013198852539,17.10013198852539,17.10013198852539,14482821
2001-05-17,17.278175354003906,17.367640783288326,17.100132944151003,17.189597243093544,15497168
2001-05-18,17.36764144897461,17.36764144897461,17.36764144897461,17.36764144897461,15267856
2001-05-21,17.011552810668945,17.278174447790192,16.656351936941306,17.278174447790192,18842460
2001-05-22,17.18959617614746,17.18959617614746,16.922973411249526,17.100131882757903,23884529
2001-05-23,17.36764144897461,17.716641299167346,17.011554354936546,17.18959790195558,33232473
2001-05-24,17.45621681213379,17.45621681213379,17.45621681213379,17.45621681213379,21866480
2001-05-25,17.45621681213379,17.45621681213379,17.45621681213379,17.45621681213379,18326472
2001-05-28,17.10013198852539,17.45621791867353,17.10013198852539,17.278174388428553,12944819
2001-05-29,17.18959617614746,17.18959617614746,17.18959617614746,17.18959617614746,17374740
2001-05-30,17.10013198852539,17.10013198852539,17.10013198852539,17.10013198852539,29494383
2001-05-31,16.83350944519043,16.83350944519043,16.83350944519043,16.83350944519043,20764362
2001-06-01,16.03364372253418,16.922974085359517,15.772335814406734,16.83350978840624,39960769
2001-06-04,16.03364372253418,16.03364372253418,15.595178466183276,16.03364372253418,31302295
2001-06-05,15.945066452026367,15.945066452026369,15.945066452026369,15.945066452026369,34687474
2001-06-06,16.300268173217773,16.478310597409127,15.94506725225468,15.94506725225468,75024872
2001-06-07,16.03364372253418,16.03364372253418,16.03364372253418,16.03364372253418,25701794
2001-06-08,16.211688995361328,16.478310669098498,16.122224688824662,16.122224688824662,42959928
2001-06-11,16.83350944519043,16.83350944519043,16.211686928232545,16.211686928232545,26506819
2001-06-12,16.83350944519043,16.83350944519043,16.83350944519043,16.83350944519043,20290028
2001-06-13,16.566890716552734,16.566890716552734,16.566890716552734,16.566890716552734,23991066
2001-06-14,16.211688995361328,16.478310669098498,16.122224688824662,16.388846362561832,19901893
2001-06-15,16.47830581665039,16.47830581665039,15.945062626202809,16.211684221426598,12281249
2001-06-18,16.211688995361328,16.211688995361328,16.211688995361328,16.211688995361328,7888988
2001-06-19,16.12222671508789,16.12222671508789,16.12222671508789,16.12222671508789,24652603
2001-06-20,15.855600357055664,15.855600357055662,15.855600357055662,15.855600357055662,10947115
2001-06-21,15.945066452026367,16.03364456562484,15.855601020026914,15.855601020026914,17985450
2001-06-22,15.772333145141602,16.03364100904604,15.505711545087152,15.945062915095946,14550749
2001-06-25,15.772333145141602,15.772333145141602,15.772333145141602,15.772333145141602,0
2001-06-26,15.06104850769043,15.855599680842076,14.794426871013249,15.683757205487879,20983364
2001-06-27,15.417136192321777,15.417136192321776,14.705848229299036,15.061049116800374,26323162
2001-06-28,15.06104850769043,15.328556332351836,14.972469271231567,15.328556332351836,17006917
2001-06-29,16.03364372253418,16.03364372253418,15.417136060289195,15.505714169229998,59631256
2001-07-02,15.846333503723145,16.270186197736425,15.739299282320681,16.163153114535767,51108842
2001-07-03,15.948017120361328,16.16315550467738,15.84633584701476,15.84633584701476,28513164
2001-07-04,15.792819023132324,15.9480174179904,15.73930190351844,15.9480174179904,11383740
2001-07-05,15.632266998291016,15.94801557734656,15.524162861664587,15.79281720040074,11294123
2001-07-06,15.948017120361328,15.948017120361328,15.948017120361328,15.948017120361328,15716456
2001-07-09,16.16315269470215,16.27018577512265,15.792815982807692,15.948014347788042,27298003
2001-07-10,16.485328674316406,16.485328674316406,16.485328674316406,16.485328674316406,48233918
2001-07-11,16.378293991088867,16.700465498830642,16.270189835816538,16.270189835816538,21409871
2001-07-12,16.592361450195312,16.70046560616241,16.378294096350082,16.70046560616241,21963677
2001-07-13,16.378293991088867,17.022637006572413,16.378293991088867,17.022637006572413,29975249
2001-07-16,16.485328674316406,16.807499052413778,16.0550529998731,16.807499052413778,26341860
2001-07-17,16.70046615600586,16.70046615600586,16.70046615600586,16.70046615600586,21839716
2001-07-18,16.270187377929688,16.914530296074343,16.270187377929688,16.914530296074343,19139873
2001-07-19,16.378293991088867,16.48532823642462,15.363615309484722,15.363615309484722,27095458
2001-07-20,16.592361450195312,16.592361450195312,16.163156832561402,16.378294096350082,22782762
2001-07-23,16.270187377929688,16.700462975943385,16.05505014802378,16.592358837002013,13164727
2001-07-24,15.948017120361328,16.27018860370566,15.739301609784508,16.27018860370566,20555082
2001-07-25,16.378293991088867,16.592361343558313,15.948018328074765,15.948018328074765,19359842
2001-07-26,16.914531707763672,17.02263585572743,16.270188735842055,16.378292883805813,25753571
2001-07-27,16.592361450195312,17.02263711597474,16.592361450195312,16.91453296000764,19723575
2001-07-30,16.592361450195312,16.592361450195312,16.592361450195312,16.592361450195312,0
2001-07-31,17.344804763793945,17.55994197968019,16.48532467175239,16.592357755741993,39109766
2001-08-01,17.768661499023438,17.98379990200368,17.34480870556148,17.559945970339648,54699111
2001-08-02,17.875696182250977,17.983800341356318,17.661628822191417,17.875696182250977,26420099
2001-08-03,17.5599422454834,17.983796087238556,17.5599422454834,17.875691953705555,20989749
2001-08-06,17.66162872314453,17.76866183347302,17.4518421423616,17.55994630086069,9682067
2001-08-07,17.5599422454834,17.66162464428422,17.451838111950398,17.66162464428422,7784784
2001-08-08,17.875696182250977,18.197867701415877,17.55994639933734,17.55994639933734,23477697
2001-08-09,17.875696182250977,18.090833452285047,17.661628822191417,17.875696182250977,15434519
2001-08-10,17.768661499023438,18.09083301031754,17.661628390709577,17.98379990200368,17093724
2001-08-13,17.768661499023438,17.98379990200368,17.661628390709577,17.768661499023438,11733156
2001-08-14,18.090831756591797,18.090831756591797,17.768660267624735,17.87569450672301,9309391
2001-08-15,18.090831756591797,18.197865995690073,17.983798655695512,18.090831756591797,21359989
2001-08-16,17.875696182250977,18.30597072231912,17.661628822191417,18.197867701415877,20770734
2001-08-17,17.66162872314453,17.875696082003596,17.4518421423616,17.76866183347302,17481554
2001-08-20,17.45183753967285,17.559941669660923,17.129667245484896,17.45183753967285,19781747
2001-08-21,17.66162872314453,17.875696082003596,17.55994630086069,17.66162872314453,20925873
2001-08-22,17.45183753967285,17.66162406512739,17.34480445757291,17.559941669660923,9978545
2001-08-23,17.45183753967285,17.66162406512739,17.02263302518316,17.66162406512739,19036864
2001-08-24,16.592361450195312,17.34480862578707,16.378294096350082,17.12967136199839,25453887
2001-08-27,16.8075008392334,16.8075008392334,16.48533042688582,16.700467717877853,10010687
2001-08-28,16.270187377929688,16.914530296074343,16.163154286965153,16.914530296074343,15926015
2001-08-29,15.948017120361328,16.05505135759158,15.685784491169384,16.05505135759158,36118903
2001-08-30,15.363614082336426,15.73930154453648,14.879821335296752,15.201992817305506,65531470
2001-08-31,14.288996696472168,14.449546927009525,14.28899669647217,14.28899669647217,27296615
2001-09-03,13.327831268310547,13.596485599654144,13.327831268310547,13.327831268310547,106291879
2001-09-04,13.220800399780273,13.274316382517918,12.629973387841918,12.629973387841918,147560961
2001-09-05,12.683489799499512,12.9521452990762,12.474774291528758,12.844041153340209,70880102
2001-09-06,12.098015785217285,12.952145299931876,11.990982687518375,12.737006918287873,78857893
2001-09-07,12.206120491027832,12.313154731839877,11.937466117308377,11.9909832377144,79619095
2001-09-10,12.098015785217285,12.20611993096042,11.615294090225028,12.20611993096042,38455977
2001-09-11,12.044498443603516,12.42018703392042,11.883948230935548,12.206119704295817,84116774
2001-09-12,12.044498443603516,12.044498443603516,12.044498443603516,12.044498443603516,0
2001-09-13,11.66881275177002,11.7223298767999,11.238537069765481,11.238537069765481,93017836
2001-09-14,10.916363716125488,11.937465145689398,10.86926947350675,11.937465145689398,97670647
2001-09-17,10.916363716125488,10.916363716125487,10.916363716125487,10.916363716125487,0
2001-09-18,10.916363716125488,10.916363716125487,10.916363716125487,10.916363716125487,0
2001-09-19,10.869268417358398,10.916362655401068,10.546025932857962,10.546025932857962,62465185
2001-09-20,10.492510795593262,10.761165142731093,10.49251079559326,10.49251079559326,44740090
2001-09-21,10.17033863067627,10.33195873642608,10.17033863067627,10.17033863067627,30550520
2001-09-24,10.492510795593262,10.707648027620245,9.955200963115699,10.49251079559326,73492413
2001-09-25,10.916363716125488,11.185018067978518,10.86926947350675,11.131502090130303,118639696
2001-09-26,11.66881275177002,11.66881275177002,10.916365547804505,11.077986832877947,97300670
2001-09-27,11.775845527648926,11.883949684608147,11.507191138382858,11.615295295342078,46987218
2001-09-28,11.66881275177002,11.990984273730996,11.453674341666696,11.883950023671233,51791019
2001-10-01,11.66881275177002,11.66881275177002,11.66881275177002,11.66881275177002,0
2001-10-02,11.238533973693848,11.82935972982102,11.238533973693848,11.775842619534414,28627190
2001-10-03,11.024467468261719,11.453672014888777,10.916363330179179,11.346638924774565,41960955
2001-10-04,11.4536714553833,11.668809811272544,11.238534237695882,11.668809811272544,62887425
2001-10-05,11.775845527648926,11.937466808111122,11.34664090607601,11.453674014879882,68511779
2001-10-08,11.400155067443848,11.775842467897851,11.346637957846378,11.560705258034478,26259931
2001-10-09,11.775845527648926,11.883949684608147,11.507191138382858,11.560708261885832,43893547
2001-10-10,11.775845527648926,11.775845527648926,11.775845527648926,11.775845527648926,0
2001-10-11,12.581808090209961,12.581808090209961,12.581808090209961,12.581808090209961,28575507
2001-10-12,13.434864044189453,13.434864044189453,13.059175529409565,13.434864044189453,126634536
2001-10-15,13.596487998962402,13.596487998962404,13.059179241458862,13.059179241458862,40688921
2001-10-16,13.650005340576172,13.758109495048496,13.274316712946737,13.59648821830434,30710861
2001-10-17,13.434864044189453,13.972172648963902,13.381346937993122,13.811622468576617,48014903
2001-10-18,12.952144622802734,13.166210807009323,12.898627507650138,13.05917771490603,40244530
2001-10-19,13.059178352355957,13.274315595052142,12.629972638600186,12.952145255028121,34350248
2001-10-22,13.059178352355957,13.274315595052142,12.952145255028121,13.059178352355959,31687487
2001-10-23,13.16621208190918,13.274316232468557,13.059178979441745,13.274316232468557,36578314
2001-10-24,13.489453315734863,13.91865904469915,13.166211916216565,13.166211916216565,71063246
2001-10-25,13.596487998962402,13.865142377714175,13.48945375614544,13.48945375614544,36765187
2001-10-26,13.703523635864258,14.133799332525616,13.65000650901138,13.865143788240985,56200876
2001-10-29,13.596487998962402,13.703522241779366,13.381350741619114,13.703522241779366,24664406
2001-10-30,13.059178352355957,13.381349830581936,13.005661234591061,13.274315595052142,26662708
2001-10-31,13.703523635864258,13.97217804194674,13.166213685497146,13.166213685497146,66057618
2001-11-01,14.240830421447754,14.449545934449764,14.08028020193882,14.133797321175793,57897587
2001-11-02,14.504130363464355,14.98685198352579,14.504130363464355,14.66468169239396,40292483
2001-11-05,14.718198776245117,14.772786937892091,14.2408289448883,14.55764857338282,20282271
2001-11-06,14.77278995513916,15.52416610514416,14.557651546689257,14.826305941555642,39956794
2001-11-07,15.363614082336426,15.632268445951912,15.148475698912238,15.417130062527724,45262859
2001-11-08,15.309025764465332,15.417129910033703,14.826304070253443,15.201992666939452,31553150
2001-11-09,15.363614082336426,15.57768027950556,14.986854433881318,14.986854433881318,35957754
2001-11-12,15.577674865722656,15.632263013197733,15.09495333449856,15.363608742948934,23054982
2001-11-13,15.417131423950195,15.73930293440857,15.201994159730104,15.201994159730104,22483173
2001-11-14,16.16315269470215,16.16315269470215,15.792815982807692,16.05504856641032,37103848
2001-11-15,16.485328674316406,16.485328674316406,15.94801875169425,16.163157158016947,34634924
2001-11-16,16.592361450195312,16.807498713983993,16.378294096350082,16.48532834237373,39752080
2001-11-19,16.914531707763672,17.02263585572743,16.48532712190533,16.592360221802863,23922060
2001-11-20,16.055051803588867,17.129670430559763,15.948017563385285,17.02263619035618,26375591
2001-11-21,16.485328674316406,16.485328674316406,15.84633746794664,15.84633746794664,23269347
2001-11-22,16.055051803588867,16.700464698062166,16.055051803588867,16.700464698062166,20008696
2001-11-23,16.16315269470215,16.592357202457258,15.948014347788042,15.948014347788042,23407336
2001-11-26,16.378293991088867,16.592361343558313,16.270189835816538,16.378293991088867,33946005
2001-11-27,15.89985179901123,16.592358869620064,15.63226736377103,16.48532577844512,51217582
2001-11-28,15.632266998291016,16.001532690783755,15.57767883689992,15.899851427275133,25698381
2001-11-29,15.948017120361328,15.948017120361328,15.417130126440178,15.52416436367043,21721514
2001-11-30,15.524162292480469,16.055049215572183,15.524162292480469,16.055049215572183,21161246
2001-12-03,16.592361450195312,16.592361450195312,15.846337148870461,16.001535553582478,51066352
2001-12-04,17.022634506225586,17.237771737031466,16.700463045805535,16.700463045805535,62648702
2001-12-05,17.344804763793945,17.87569168312287,17.02263332571629,17.344804763793945,77036792
2001-12-06,17.98379898071289,18.305969337300475,17.451840919836197,17.98379898071289,79494220
2001-12-07,17.66162872314453,17.875696082003596,17.12967176320554,17.875696082003596,61082297
2001-12-10,17.129667282104492,17.661624102884197,17.129667282104492,17.559941707200352,37301482
2001-12-11,17.022634506225586,17.12966873583976,16.59235890641194,16.59235890641194,47640331
2001-12-12,17.875696182250977,17.983800341356318,17.237774880172438,17.237774880172438,72647597
2001-12-13,17.768661499023438,18.95031443588598,17.661628390709577,18.197867256833472,135340534
2001-12-14,17.45183753967285,17.87569136752907,17.02263302518316,17.02263302518316,57181204
2001-12-17,16.592361450195312,17.45184173360865,16.592361450195312,17.237774379763422,44382384
2001-12-18,16.16315269470215,17.022632758083688,16.05504856641032,17.022632758083688,40744646
2001-12-19,15.846333503723145,16.59235763343935,15.846333503723146,16.378290328836226,47122190
2001-12-20,16.485328674316406,16.485328674316406,16.0550529998731,16.27019026799371,49751048
2001-12-21,16.16315269470215,16.807494411169586,16.05504856641032,16.485324122036754,42992276
2001-12-24,15.846333503723145,16.378290328836226,15.739299282320681,16.055048983435963,28229944
2001-12-25,16.70046615600586,16.70046615600586,15.792820545818907,15.846337670592721,37694123
2001-12-26,16.592361450195312,17.12967136199839,16.378294096350082,16.807498713983993,45581839
2001-12-27,17.344804763793945,17.66162437694185,17.129667547907705,17.66162437694185,151800274
2001-12-28,16.8075008392334,17.344810818977432,16.700467717877853,17.344810818977432,55170665
2001-12-31,17.129667282104492,17.344804494652422,16.807494710824212,16.914528931354766,50244970
2002-01-01,17.129667282104492,17.129667282104492,17.129667282104492,17.129667282104492,0
2002-01-02,17.45183753967285,17.66162406512739,17.02263302518316,17.237770237271175,53026747
2002-01-03,16.70046615600586,17.768662002312148,16.70046615600586,17.661628890966625,44495931
2002-01-04,17.45183753967285,17.66162406512739,17.02263302518316,17.129667245484896,107159067
2002-01-07,18.628141403198242,18.628141403198242,17.768661133511877,17.768661133511877,116986851
2002-01-08,19.911474227905273,19.911474227905273,18.950311660915865,19.05734475355644,170315770
2002-01-09,19.696334838867188,20.44878186886258,19.165447904056137,20.340677733813322,97088401
2002-01-10,20.233646392822266,20.55581674801912,19.37416501499432,19.911476037625416,128179175
2002-01-11,18.843276977539062,20.340678296167646,18.843276977539062,20.233644067895664,74453317
2002-01-14,19.05734634399414,19.165450493650194,18.413003361985783,18.6281406132149,42273156
2002-01-15,19.165449142456055,19.272483374685038,18.735173532130926,18.735173532130926,30525933
2002-01-16,18.73517417907715,19.481198410014784,18.73517417907715,19.16544980426017,35686677
2002-01-17,18.521106719970703,18.628139816968712,18.197865332902246,18.41300257493548,37598623
2002-01-18,18.521106719970703,19.05734552940187,18.305968339735518,18.735174052168677,62894885
2002-01-21,19.803369522094727,19.803369522094727,18.52110543737483,18.52110543737483,87671690
2002-01-22,19.481201171875,20.233648383148385,19.374166920775707,20.01850997095561,68112208
2002-01-23,19.696334838867188,20.340677733813322,19.481196478505105,19.481196478505105,97654596
2002-01-24,19.272480010986328,20.0185029477548,19.16544579743843,19.91147101061035,46294146
2002-01-25,19.58930206298828,20.018506629329647,19.37416368670787,19.8033705294531,63406013
2002-01-28,20.018505096435547,20.340677681278372,19.696334787996417,19.91147314780285,51573337
2002-01-29,19.374164581298828,20.01850755367277,19.272484445257074,20.01850755367277,45640407
2002-01-30,18.843276977539062,19.272482662191116,18.735172839501075,19.057344295881148,54631934
2002-01-31,18.9503116607666,19.272483124881308,18.843277429924964,19.272483124881308,27177119
2002-02-01,18.9503116607666,19.4811974847985,18.9503116607666,19.4811974847985,20491060
2002-02-04,19.481201171875,19.481201171875,19.057348360263052,19.27248677245583,38118721
2002-02-05,19.696334838867188,19.696334838867188,19.165447904056137,19.481196478505105,21578831
2002-02-06,19.696334838867188,20.126609283187666,19.696334838867188,19.911473199229274,52741732
2002-02-07,19.696334838867188,19.696334838867188,19.696334838867188,19.696334838867188,0
2002-02-08,19.696334838867188,19.696334838867188,19.696334838867188,19.696334838867188,0
2002-02-11,19.696334838867188,19.696334838867188,19.696334838867188,19.696334838867188,0
2002-02-12,19.696334838867188,19.696334838867188,19.696334838867188,19.696334838867188,0
2002-02-13,19.696334838867188,19.696334838867188,19.696334838867188,19.696334838867188,0
2002-02-14,19.696334838867188,19.696334838867188,19.696334838867188,19.696334838867188,0
2002-02-15,19.696334838867188,19.696334838867188,19.696334838867188,19.696334838867188,0
2002-02-18,19.374164581298828,20.233645939887072,19.374164581298828,20.126611701712417,51917261
2002-02-19,18.843276977539062,19.589301155135523,18.735172839501075,19.481197017097536,41572033
2002-02-20,18.197866439819336,18.73517519176851,18.090832198108828,18.73517519176851,41372298
2002-02-21,17.98379898071289,18.41300357833316,17.76866058875396,18.305969337300475,44602714
2002-02-22,17.5599422454834,17.983796087238556,17.5599422454834,17.66162464428422,41375453
2002-02-25,17.129667282104492,17.768657185212952,17.022633061573938,17.559941707200352,36164035
2002-02-26,16.592361450195312,17.55994588957575,16.592361450195312,17.34480862578707,65647074
2002-02-27,17.129667282104492,17.23777027412187,16.592357498276282,16.592357498276282,82966995
2002-02-28,17.129667282104492,17.129667282104492,17.129667282104492,17.129667282104492,0
2002-03-01,16.592361450195312,17.02263711597474,16.48532834237373,17.02263711597474,60356264
2002-03-04,17.45183753967285,17.66162406512739,16.91452889519509,17.129667245484896,84949151
2002-03-05,17.98379898071289,18.09083208354356,17.76866058875396,17.875694829786646,99120233
2002-03-06,18.30596923828125,18.30596923828125,17.87569473309483,18.197866226141763,47348224
2002-03-07,17.875696182250977,18.521109130555292,17.768661933120146,18.521109130555292,43657555
2002-03-08,17.129667282104492,17.768657185212952,16.914528931354766,17.661624102884197,67518610
2002-03-11,17.875696182250977,17.983800341356318,17.237774880172438,17.237774880172438,57030359
2002-03-12,17.875696182250977,18.090833452285047,17.661628822191417,18.090833452285047,48139182
2002-03-13,17.5599422454834,18.090829172848306,17.5599422454834,17.66162464428422,25205122
2002-03-14,17.5599422454834,17.5599422454834,17.237770802529063,17.451838111950398,25495579
2002-03-15,17.23777198791504,17.76865895178733,17.129668985149973,17.559943453024065,41145349
2002-03-18,17.129667282104492,17.451837576981177,17.022633061573938,17.344804494652422,27610438
2002-03-19,16.8075008392334,17.23777655941968,16.8075008392334,17.1296735279854,43718961
2002-03-20,17.23777198791504,17.23777198791504,16.70046328886896,17.129668985149973,35763979
2002-03-21,17.022634506225586,17.237771737031466,16.91453036683199,16.91453036683199,23084559
2002-03-22,17.344804763793945,17.66162437694185,17.237770541602533,17.344804763793945,35458107
2002-03-25,17.45183753967285,17.66162406512739,17.129667245484896,17.34480445757291,31112238
2002-03-26,17.5599422454834,17.76865772989397,17.451838111950398,17.451838111950398,30169197
2002-03-27,17.129667282104492,17.559941707200352,16.914528931354766,17.559941707200352,38018817
2002-03-28,17.45183753967285,17.559941669660923,17.129667245484896,17.237770237271175,42016329
2002-03-29,17.23777198791504,17.559943453024065,17.129668985149973,17.559943453024065,21242606
2002-04-01,17.129667282104492,17.451837576981177,17.129667282104492,17.129667282104492,8816060
2002-04-02,17.23777198791504,17.66162585881726,17.23777198791504,17.23777198791504,22470328
2002-04-03,17.344804763793945,17.344804763793945,17.129667547907705,17.129667547907705,24169882
2002-04-04,16.8075008392334,17.344810818977432,16.700467717877853,17.344810818977432,30115317
2002-04-05,16.8075008392334,16.8075008392334,16.8075008392334,16.8075008392334,0
2002-04-08,15.948017120361328,16.807497333164072,15.739301609784508,16.700464234135794,56335157
2002-04-09,15.524162292480469,15.948014992622134,15.417128069530422,15.524162292480469,42361000
2002-04-10,16.16315269470215,16.16315269470215,15.632265793076051,15.632265793076051,50732113
2002-04-11,16.378293991088867,16.48532823642462,16.163156728682846,16.378293991088867,33628542
2002-04-12,16.592361450195312,16.592361450195312,16.163156832561402,16.378294096350082,15241050
2002-04-15,16.8075008392334,16.914535098791152,16.700467717877853,16.914535098791152,23616706
2002-04-16,16.70046615600586,17.022637676425312,16.592361996479557,17.022637676425312,13306502
2002-04-17,17.022634506225586,17.237771737031466,16.91453036683199,17.022634506225586,40804057
2002-04-18,17.23777198791504,17.34480621908702,17.02263475397799,17.23777198791504,16441196
2002-04-19,16.8075008392334,17.23777655941968,16.8075008392334,17.23777655941968,19036223
2002-04-22,17.022634506225586,17.237771737031466,16.91453036683199,17.237771737031466,24766607
2002-04-23,16.8075008392334,17.1296735279854,16.8075008392334,17.022639268427643,21043668
2002-04-24,17.022634506225586,17.022634506225586,16.807496137217818,16.807496137217818,13749020
2002-04-25,16.378293991088867,17.022637006572413,16.270189835816538,16.914532851300088,24629237
2002-04-26,16.378293991088867,16.48532823642462,16.163156728682846,16.378293991088867,21875325
2002-04-29,16.8075008392334,16.8075008392334,16.16315887633603,16.270191997691573,17468792
2002-04-30,16.270187377929688,16.80749606690792,16.270187377929688,16.80749606690792,22355889
2002-05-01,16.270187377929688,16.270187377929688,16.270187377929688,16.270187377929688,0
2002-05-02,16.16315269470215,16.700461330749082,16.05504856641032,16.378289903414476,46667056
2002-05-03,16.378293991088867,16.48532823642462,16.055052573410517,16.163156728682846,20233141
2002-05-06,15.89985179901123,16.270187409914396,15.63226736377103,16.16315431873945,28372811
2002-05-07,16.16315269470215,16.27018577512265,15.739298873496553,15.739298873496553,22575450
2002-05-08,15.846333503723145,16.270186197736425,15.846333503723146,16.270186197736425,20865955
2002-05-09,16.270187377929688,16.378291516871055,15.948015918857358,16.270187377929688,41923071
2002-05-10,16.914531707763672,17.02263585572743,16.16315563594452,16.270188735842055,39861713
2002-05-13,17.344804763793945,17.451837847783548,16.807494971628234,16.91452919381965,37970128
2002-05-14,17.66162872314453,17.66162872314453,17.12967176320554,17.4518421423616,44067898
2002-05-15,17.875696182250977,18.090833452285047,17.768661933120146,17.983800341356318,49936533
2002-05-16,17.66162872314453,17.983800240502685,17.4518421423616,17.875696082003596,28590465
2002-05-17,17.66162872314453,17.983800240502685,17.66162872314453,17.875696082003596,31732848
2002-05-20,17.344804763793945,17.66162437694185,17.237770541602533,17.55994197968019,18046990
2002-05-21,17.344804763793945,17.55994197968019,17.02263332571629,17.129667547907705,23392941
2002-05-22,17.5599422454834,17.66162464428422,17.12966780719789,17.344805026340644,16677974
2002-05-23,17.875696182250977,18.090833452285047,17.55994639933734,17.661628822191417,49161638
2002-05-24,18.30596923828125,18.30596923828125,17.983798883436325,18.090831985688038,58997422
2002-05-27,18.197866439819336,18.413003694938666,17.98379909460034,17.98379909460034,26171774
2002-05-28,17.66162872314453,18.305970619658748,17.66162872314453,18.19786759936175,24420944
2002-05-29,17.23777198791504,17.559943453024065,17.129668985149973,17.559943453024065,36152790
2002-05-30,17.344804763793945,17.55994197968019,16.91452919381965,17.451837847783548,37175234
2002-05-31,16.592361450195312,17.237774379763422,16.592361450195312,17.237774379763422,40060060
2002-06-03,16.485328674316406,16.592361784293168,16.378294426137554,16.592361784293168,26345897
2002-06-04,16.70046615600586,16.70046615600586,16.163157364714582,16.163157364714582,20349799
2002-06-05,17.022634506225586,17.022634506225586,16.700463045805535,16.807496137217818,20269921
2002-06-06,16.592361450195312,17.02263711597474,16.48532834237373,16.91453296000764,23748027
2002-06-07,16.592361450195312,16.70046560616241,16.163156832561402,16.48532834237373,27010412
2002-06-10,16.70046615600586,17.022637676425312,16.70046615600586,16.70046615600586,38453340
2002-06-11,16.378293991088867,16.914532851300088,16.270189835816538,16.914532851300088,16039356
2002-06-12,16.270187377929688,16.378291516871055,16.05505014802378,16.270187377929688,21163532
2002-06-13,16.378293991088867,16.48532823642462,16.163156728682846,16.270189835816538,29019296
2002-06-14,16.592361450195312,16.592361450195312,16.270189940382984,16.378294096350082,13063418
2002-06-17,16.485328674316406,17.022637458736476,16.485328674316406,16.700465942437017,63854613
2002-06-18,16.70046615600586,16.91453351689901,16.592361996479557,16.91453351689901,18256890
2002-06-19,16.592361450195312,16.70046560616241,16.378294096350082,16.70046560616241,14808356
2002-06-20,16.70046615600586,16.70046615600586,16.163157364714582,16.378294635586407,23532541
2002-06-21,16.592361450195312,16.91453296000764,16.270189940382984,16.270189940382984,22171876
2002-06-24,16.378293991088867,16.592361343558313,16.163156728682846,16.378293991088867,26417283
2002-06-25,16.485328674316406,16.592361784293168,16.27019026799371,16.378294426137554,21917358
2002-06-26,16.16315269470215,16.378289903414476,15.739298873496553,16.16315269470215,39026320
2002-06-27,15.040369987487793,16.27018684352096,15.040369987487793,16.16315375607202,49164927
2002-06-28,14.611167907714844,14.933339410362834,14.342513526888583,14.879822288541105,66408756
2002-07-01,14.025693893432617,14.55765083072083,13.918659649459565,14.449546676824825,19300175
2002-07-02,14.187313079833984,14.240830198232114,13.596487234156086,13.650004352554214,29073287
2002-07-03,14.187313079833984,14.240830198232114,13.703521470952342,13.703521470952342,31100619
2002-07-04,14.342511177062988,14.55764840082021,14.080278575122012,14.240828776081187,19273034
2002-07-05,15.094959259033203,15.309026604026572,14.449546356153446,14.718200731844872,47882406
2002-07-08,15.89985179901123,15.948015950208728,15.417128995240308,15.685783340257558,39822792
2002-07-09,15.739303588867188,15.739303588867188,15.363616077870217,15.632270476380413,24237310
2002-07-10,16.00153350830078,16.378292002911923,15.739300891083127,15.84633512342589,48012439
2002-07-11,15.632266998291016,16.055049804220953,15.632266998291016,15.739300086963544,20289468
2002-07-12,16.70046615600586,16.70046615600586,15.899854795366535,15.899854795366535,67031585
2002-07-15,16.485328674316406,17.022637458736476,16.378294426137554,16.700465942437017,50241681
2002-07-16,16.16315269470215,16.700461330749082,16.05504856641032,16.485324122036754,19024576
2002-07-17,15.309025764465332,16.00153401436684,15.04037140350716,15.84633562458363,55273485
2002-07-18,16.270187377929688,16.378291516871055,15.30902482599121,15.363612988551257,54100345
2002-07-19,16.378293991088867,16.378293991088867,15.524165539286292,16.055052573410517,39986104
2002-07-22,15.948017120361328,16.16315550467738,15.792818728399634,15.84633584701476,38319087
2002-07-23,16.269506454467773,16.396165724587263,15.895737251742043,16.142847184348287,54594378
2002-07-24,16.022397994995117,16.269507950321177,15.836134007619277,16.022397994995117,24512619
2002-07-25,16.209903717041016,16.702882379718556,16.209903717041016,16.51661838691528,31954364
2002-07-26,16.14284896850586,16.14284896850586,15.523212175168462,15.895739008588258,26819332
2002-07-29,16.516616821289062,16.643276094738372,16.08324290703927,16.269506882186402,27263853
2002-07-30,17.262914657592773,17.389573944408113,17.01580469241323,17.01580469241323,52661060
2002-07-31,17.136255264282227,17.323760520308742,17.015804586666572,17.262914550310423,16642801
2002-08-01,16.582429885864258,17.01580264545953,16.26950664188962,17.01580264545953,49846170
2002-08-02,16.14284896850586,16.26950825262412,15.836134301869722,16.08324426178732,49517571
2002-08-05,15.028993606567383,15.523213570837155,15.028993606567383,15.523213570837155,51691437
2002-08-06,15.089838981628418,15.215257009677947,14.342300456044898,14.342300456044898,44088739
2002-08-07,15.523212432861328,15.775289742920197,15.523212432861328,15.649871719082197,27698209
2002-08-08,15.649870872497559,15.962792987465857,15.523211593128362,15.523211593128362,34281653
2002-08-09,16.08323860168457,16.396161766513977,16.08323860168457,16.08323860168457,40431158
2002-08-12,15.649870872497559,16.08324365874892,15.589024905698166,15.89573841258033,22651523
2002-08-13,15.589022636413574,15.836131402840595,15.523209333424171,15.775286593152106,16166262
2002-08-14,15.836135864257812,15.895740576856932,15.462367731599908,15.523213706683753,20792614
2002-08-15,16.396167755126953,16.64327771833587,16.142849183516415,16.209903761809258,59531090
2002-08-16,16.516616821289062,16.769935368187678,16.269506882186402,16.702880796436194,23321432
2002-08-19,16.14284896850586,16.643277496659987,16.14284896850586,16.516618212541722,18780645
2002-08-20,16.702880859375,16.769935431379157,16.330352907677,16.39616621741877,28092199
2002-08-21,16.516616821289062,16.702880796436194,16.396166155635708,16.516616821289062,17432992
2002-08-22,16.890382766723633,17.13625024775658,16.702877565588043,16.702877565588043,31904410
2002-08-23,16.890382766723633,17.262909496706108,16.890382766723633,17.13625024775658,27246114
2002-08-26,16.64327621459961,16.76993548896109,16.51661694023813,16.76993548896109,13523295
2002-08-27,16.516616821289062,16.890386033841033,16.455770857333533,16.702880796436194,9489667
2002-08-28,16.022397994995117,16.396167232085993,15.895738713230303,16.330353918271403,25093527
2002-08-29,16.396167755126953,16.396167755126953,15.895739220307496,15.962793798600337,14803158
2002-08-30,16.14284896850586,16.76993678077825,16.14284896850586,16.76993678077825,23835684
2002-09-02,16.516616821289062,16.516616821289062,16.142847608737092,16.396166155635708,23452229
2002-09-03,16.396167755126953,16.702882425848298,16.396167755126953,16.516618432530603,14359233
2002-09-04,16.209903717041016,16.582431702647565,16.083244431585552,16.14284913893336,24254104
2002-09-05,15.775289535522461,16.396167593366318,15.775289535522461,16.330354278101566,24956922
2002-09-06,15.775289535522461,15.775289535522461,15.775289535522461,15.775289535522461,0
2002-09-09,15.276103973388672,15.775291296632364,14.902334686335431,15.775291296632364,45927476
2002-09-10,15.523212432861328,15.523212432861328,15.276102468841582,15.276102468841582,41189439
2002-09-11,15.335704803466797,15.649869297384859,15.276100104982163,15.649869297384859,22737746
2002-09-12,15.335704803466797,15.649869297384859,15.276100104982163,15.40275937160348,24415773
2002-09-13,15.028993606567383,15.335708300779777,15.028993606567383,15.335708300779777,22832386
2002-09-16,14.902332305908203,15.276101533257336,14.902332305908203,15.276101533257336,39066750
2002-09-17,15.276103973388672,15.46236798566273,14.595619984399278,15.028993985031004,40485797
2002-09-18,14.842728614807129,15.089838580556895,14.716069327699516,15.028992610040039,30800460
2002-09-19,14.842728614807129,15.089838580556895,14.842728614807129,14.842728614807129,31136772
2002-09-20,14.529807090759277,14.716069945558663,14.40935640705996,14.529807090759277,25493790
2002-09-23,14.529807090759277,14.969388530409555,14.529807090759277,14.656466383184723,24569904
2002-09-24,14.409354209899902,14.781881010949109,14.282694936787653,14.52980487523272,35120082
2002-09-25,14.156037330627441,14.46895946698576,13.969773334042365,14.409355906681608,33621304
2002-09-26,14.468957901000977,14.716067841799743,14.409354347147756,14.529805013627856,26602491
2002-09-27,14.595614433288574,14.902329018572797,14.529802283960702,14.656461534484304,29554994
2002-09-30,14.468957901000977,14.468957901000977,14.096431096403485,14.409354347147756,16079234
2002-10-01,14.409354209899902,14.52980487523272,14.282694936787653,14.282694936787653,19839774
2002-10-02,14.716068267822266,14.78188157967303,14.595617597855181,14.716068267822266,26716349
2002-10-03,14.656462669372559,14.902330172499214,14.595615563465278,14.716066216643512,35034925
2002-10-04,14.656462669372559,14.716066216643512,14.409352755863164,14.409352755863164,20067814
2002-10-07,13.908926963806152,14.529806169097196,13.788476287747324,14.529806169097196,35320124
2002-10-08,13.788475036621094,14.096430938339909,13.348892516487203,13.908925701750578,36387015
2002-10-09,13.969773292541504,14.282696576224042,13.788476642604977,13.9089273217637,34544676
2002-10-10,13.969773292541504,13.969773292541504,13.969773292541504,13.969773292541504,0
2002-10-11,13.0421781539917,14.282693958521573,13.0421781539917,14.221847998895491,41414269
2002-10-14,13.849318504333496,13.849318504333498,12.482144738683653,13.042176674762173,65818403
2002-10-15,14.781877517700195,14.781877517700195,14.035581681458085,14.035581681458085,55767568
2002-10-16,15.276103973388672,15.52321396174634,14.902334686335431,15.52321396174634,81241608
2002-10-17,15.276103973388672,15.52321396174634,14.902334686335431,15.028993985031004,48332823
2002-10-18,15.895736694335938,16.3303518441772,15.523209915152128,15.895736694335938,66803109
2002-10-21,15.962791442871094,16.02239614158728,15.649869358181821,15.895736874473913,29517257
2002-10-22,15.709473609924316,16.330352758236803,15.589024093173041,16.14284752184129,43678222
2002-10-23,16.64327621459961,16.76993548896109,15.589024289356399,15.709473807623496,71300166
2002-10-24,16.455772399902344,16.8903876171508,16.142849121972386,16.643277654883978,41234667
2002-10-25,16.516616821289062,16.643276094738372,16.142847608737092,16.269506882186402,29216438
2002-10-28,16.269506454467773,16.89038558979975,16.209901754336933,16.643275657193506,40099980
2002-10-29,16.209903717041016,16.396167709844292,16.14284913893336,16.330354394112007,40892838
2002-10-30,15.962791442871094,16.14284680121527,15.775287363099572,16.14284680121527,26174986
2002-10-31,15.589022636413574,16.269505274259743,15.589022636413572,16.02239535957913,54006513
2002-11-01,15.589022636413574,15.895736098647644,15.149440157812071,15.649868594355656,47117082
2002-11-04,15.836135864257812,15.895740576856932,15.649873003298183,15.836135864257812,18458077
2002-11-05,15.836135864257812,16.02239987347136,15.589027028214337,16.02239987347136,23900780
2002-11-06,16.455772399902344,16.51661836956159,15.709475167097994,15.709475167097994,38063165
2002-11-07,16.64327621459961,16.76993548896109,16.269506999355833,16.582430250205878,44842308
2002-11-08,16.582429885864258,16.64327584892111,16.396165913468202,16.51661657734253,21599550
2002-11-11,16.022397994995117,16.58243121946183,15.962793289384091,16.58243121946183,13111910
2002-11-12,15.895736694335938,16.02239596001394,15.709472730617215,15.775287184326588,15260416
2002-11-13,15.775289535522461,16.022398348039644,15.649871513333332,16.022398348039644,19513987
2002-11-14,15.895736694335938,16.3303518441772,15.895736694335938,15.895736694335938,16152402
2002-11-15,16.209903717041016,16.396167709844292,16.14284913893336,16.396167709844292,18800750
2002-11-18,16.209903717041016,16.269508424388825,16.022398461862373,16.14284913893336,10087820
2002-11-19,16.209903717041016,16.330354394112007,16.14284913893336,16.269508424388825,13867621
2002-11-20,15.775289535522461,16.209903601886257,15.709475072003904,16.209903601886257,18705699
2002-11-21,15.589022636413574,16.02239535957913,15.589022636413572,15.895736098647644,19672612
2002-11-22,16.269506454467773,16.396165724587263,15.895737251742043,15.96279182173069,46862678
2002-11-25,16.455772399902344,16.455772399902344,16.142849121972386,16.455772399902344,27166702
2002-11-26,16.14284896850586,16.455772243460924,16.14284896850586,16.455772243460924,12093980
2002-11-27,15.962791442871094,16.20990136961245,15.962791442871092,16.02239614158728,12812676
2002-11-28,16.14284896850586,16.396167536742386,16.022398292706523,16.396167536742386,27079825
2002-11-29,16.209903717041016,16.396167709844292,16.083244431585552,16.14284913893336,15473058
2002-12-02,16.330350875854492,16.396164177407773,16.14284566107251,16.209900224733737,12615233
2002-12-03,16.64327621459961,17.015803019323023,16.330352963749565,16.330352963749565,69309680
2002-12-04,16.330350875854492,16.64327408669616,16.209900224733737,16.64327408669616,32288917
2002-12-05,16.396167755126953,16.45577246263938,16.142849183516415,16.330354439212908,15900427
2002-12-06,16.14284896850586,16.330354221704923,16.08324426178732,16.330354221704923,22087539
2002-12-09,16.209903717041016,16.51661838691528,16.14284913893336,16.396167709844292,32772810
2002-12-10,15.962791442871094,16.14284680121527,15.649869358181821,16.14284680121527,36350077
2002-12-11,15.962791442871094,16.14284680121527,15.836132175757726,15.962791442871092,30508900
2002-12-12,15.649870872497559,16.02239769194953,15.589024905698166,15.962792987465857,34914276
2002-12-13,15.589022636413574,15.775286593152106,15.46236337548209,15.649868594355656,25753163
2002-12-16,15.402762413024902,15.523213095969092,15.276103121393506,15.402762413024902,13089788
2002-12-17,15.775289535522461,15.895739063483965,15.523212228777654,15.589025544042402,29124537
2002-12-18,15.523212432861328,15.836134564757247,15.523212432861328,15.775289742920197,10249741
2002-12-19,15.276103973388672,15.52321396174634,15.276103973388672,15.52321396174634,30840602
2002-12-20,15.462363243103027,15.523209200524185,14.902330115547048,15.27609928795917,31725316
2002-12-23,15.462363243103027,15.649868460371293,15.402758547806277,15.649868460371293,11752175
2002-12-24,15.402762413024902,15.649872387600487,15.402762413024902,15.462367123279051,9468655
2002-12-25,15.215254783630371,15.402760018805822,15.21525478363037,15.27610074686246,5759723
2002-12-26,15.523212432861328,15.523212432861328,15.028992504821835,15.215256498750708,9887880
2002-12-27,15.276103973388672,15.52321396174634,15.276103973388672,15.52321396174634,11480478
2002-12-30,14.902332305908203,15.14944225479371,14.902332305908203,15.028991584371829,11659514
2002-12-31,14.902332305908203,15.089837550736194,14.842727601850687,14.902332305908203,11110831
2003-01-01,14.902332305908203,14.902332305908203,14.902332305908203,14.902332305908203,0
2003-01-02,15.028993606567383,15.215257614150898,14.842729598983867,14.969388894489876,13264383
2003-01-03,15.215254783630371,15.462364719794962,15.149441474919096,15.402760018805822,17293672
2003-01-06,15.215254783630371,15.402760018805822,15.21525478363037,15.402760018805822,13107823
2003-01-07,15.335704803466797,15.462364070088114,15.149440838360844,15.40275937160348,34475349
2003-01-08,15.709473609924316,15.775288067317527,15.335705547638021,15.335705547638021,33631121
2003-01-09,15.402762413024902,15.649872387600487,15.402762413024902,15.649872387600487,16074100
2003-01-10,15.523212432861328,15.649871719082197,15.40276175506245,15.649871719082197,15817074
2003-01-13,15.962791442871094,16.14284680121527,15.649869358181821,15.649869358181821,44317870
2003-01-14,16.396167755126953,16.396167755126953,16.022398506112765,16.142849183516415,41818280
2003-01-15,16.269506454467773,16.58242969483759,16.142847184348287,16.51661638707402,20553370
2003-01-16,15.962791442871094,16.396165335442003,15.895736874473913,16.20990136961245,21868294
2003-01-17,15.462363243103027,15.836131267261568,15.402758547806277,15.70947200741446,27377944
2003-01-20,15.402762413024902,15.649872387600487,15.276103121393506,15.276103121393506,20336869
2003-01-21,15.402762413024902,15.589026414910446,15.335707831647655,15.523213095969092,16363405
2003-01-22,14.34229850769043,15.149441633335714,14.342298507690428,15.028990967854941,60848710
2003-01-23,14.595614433288574,15.028988269096399,13.969769197629276,13.969769197629276,94704938
2003-01-24,14.656462669372559,15.335704041864311,14.656462669372559,14.902330172499214,308905011
2003-01-27,14.842728614807129,14.902333322932426,14.595618649057363,14.781882644290272,45147995
2003-01-28,14.781877517700195,14.902328154568155,14.656460684734524,14.716064223934536,53966851
2003-01-29,14.781877517700195,14.781877517700195,14.781877517700195,14.781877517700195,0
2003-01-30,14.781877517700195,14.781877517700195,14.781877517700195,14.781877517700195,0
2003-01-31,14.781877517700195,14.781877517700195,14.781877517700195,14.781877517700195,0
2003-02-03,14.781877517700195,14.781877517700195,14.781877517700195,14.781877517700195,0
2003-02-04,14.781877517700195,14.781877517700195,14.781877517700195,14.781877517700195,0
2003-02-05,14.781877517700195,14.781877517700195,14.781877517700195,14.781877517700195,0
2003-02-06,13.788475036621094,14.781880985995706,13.788475036621094,14.656464123603282,58784159
2003-02-07,13.66181468963623,13.908924608236466,13.475550729943208,13.66181468963623,53743795
2003-02-10,13.849318504333496,14.096428397826301,13.661813301537089,13.661813301537089,40276795
2003-02-11,14.0355863571167,14.156037034110252,13.908927071742665,13.969773041426727,23287239
2003-02-12,13.602212905883789,13.969773558859169,13.536400736009988,13.908927586921406,39065805
2003-02-13,13.162631034851074,13.66181715915733,12.976367041488821,13.536400283954674,54455112
2003-02-14,13.10178279876709,13.228442073795312,12.855915267110895,13.162629911734838,51955324
2003-02-17,13.969773292541504,13.969773292541504,13.289290511144545,13.289290511144545,91682069
2003-02-18,13.722662925720215,14.035586200281127,13.661816956716054,14.035586200281127,37083662
2003-02-19,13.722662925720215,14.035586200281127,13.722662925720213,14.035586200281127,68504877
2003-02-20,14.409354209899902,14.595617036297654,13.849321023691132,13.908925725230338,103983408
2003-02-21,14.468957901000977,14.716067841799743,14.409354347147756,14.656464287946523,53820521
2003-02-24,14.656462669372559,14.78187951932098,14.221847537878311,14.5298034090414,42463411
2003-02-25,14.0355863571167,14.468959163913999,14.0355863571167,14.409355604858323,55660770
2003-02-26,14.0355863571167,14.282696319484288,14.0355863571167,14.0355863571167,25536643
2003-02-27,13.908926963806152,14.221850239435357,13.849322256959207,13.849322256959207,30270481
2003-02-28,13.908926963806152,13.908926963806152,13.908926963806152,13.908926963806152,0
2003-03-03,13.908926963806152,14.15603692425611,13.849322256959207,13.969772933018035,44193230
2003-03-04,13.969773292541504,14.096432580192314,13.9089273217637,13.9089273217637,31378619
2003-03-05,13.788475036621094,13.969771665441474,13.722661727413556,13.908925701750578,42414097
2003-03-06,13.849318504333496,13.969769147754894,13.788472551608496,13.788472551608496,28414810
2003-03-07,13.969773292541504,14.096432580192314,13.72266332573197,13.788476642604977,35440080
2003-03-10,13.722662925720215,14.035586200281127,13.722662925720213,13.969772885326561,24717698
2003-03-11,13.602212905883789,13.908927586921406,13.536400736009988,13.60221290588379,44503484
2003-03-12,14.156037330627441,14.156037330627441,13.661817395540165,13.722663366498727,51249713
2003-03-13,14.221851348876953,14.468960180349978,14.03558734310849,14.156038028563634,42354867
2003-03-14,14.468957901000977,14.781881151745248,14.34229862668231,14.656464287946523,47245275
2003-03-17,13.908926963806152,14.342299767240377,13.908926963806152,14.28269620864724,27802738
2003-03-18,14.781877517700195,14.781877517700195,14.34229510070623,14.468954343886404,60847973
2003-03-19,14.781877517700195,14.781877517700195,14.468954343886404,14.781877517700195,29361318
2003-03-20,14.781877517700195,15.02898739774833,14.595613587066577,14.902328154568155,39005320
2003-03-21,14.781877517700195,14.902328154568155,14.595613587066577,14.781877517700195,20718918
2003-03-24,14.656462669372559,14.842725476974673,14.656462669372559,14.78187951932098,29441404
2003-03-25,14.221851348876953,14.468960180349978,14.156038028563634,14.282697322835409,23835708
2003-03-26,14.156037330627441,14.409355906681608,14.096432622069448,14.282696618654525,18487442
2003-03-27,14.409354209899902,14.409354209899902,14.096430962136198,14.156035663675405,26967591
2003-03-28,14.282694816589355,14.468957641419582,14.282694816589355,14.282694816589355,27581840
2003-03-31,13.722662925720215,14.156036875928748,13.722662925720213,14.156036875928748,32855387
2003-04-01,13.788475036621094,14.035584974649012,13.66181576372266,13.66181576372266,18877243
2003-04-02,13.969773292541504,14.221850605446239,13.788476642604977,13.969773292541504,35194592
2003-04-03,14.09643268585205,14.221850712046049,13.908927426017994,14.156037394679739,43896556
2003-04-04,14.409354209899902,14.409354209899902,14.035584998342587,14.096430962136198,22252282
2003-04-07,14.656462669372559,14.842725476974673,14.409352755863164,14.468956303134117,39469903
2003-04-08,14.656462669372559,14.78187951932098,14.595615563465278,14.78187951932098,37257849
2003-04-09,14.656462669372559,14.716066216643512,14.409352755863164,14.656462669372559,26662186
2003-04-10,14.529807090759277,14.656466383184723,14.468959969433902,14.656466383184723,32367150
2003-04-11,14.656462669372559,14.78187951932098,14.5298034090414,14.5298034090414,32604988
2003-04-14,14.409354209899902,14.716067701630472,14.409354209899902,14.656464148344968,35724702
2003-04-15,14.09643268585205,14.409355971880105,13.969773397251869,14.409355971880105,44498762
2003-04-16,14.409354209899902,14.656464148344968,14.221848972994042,14.282694936787653,64214736
2003-04-17,14.409354209899902,14.595617036297654,14.282694936787653,14.409354209899902,26555208
2003-04-18,14.716068267822266,14.842727545807653,14.529805434258165,14.595617597855181,47425614
2003-04-21,14.529807090759277,14.716069945558663,14.468959969433902,14.716069945558663,22500689
2003-04-22,14.221851348876953,14.716070160076896,14.221851348876953,14.529807302562329,46206702
2003-04-23,14.221851348876953,14.468960180349978,14.156038028563634,14.282697322835409,47696434
2003-04-24,13.66181468963623,14.221847830870022,13.536397837104031,14.221847830870022,75239901
2003-04-25,12.855916023254395,13.162630685918305,12.729256740776481,13.162630685918305,197463092
2003-04-28,12.795073509216309,12.915524215973484,12.108381961988009,12.108381961988009,59901179
2003-04-29,13.289288520812988,13.28928852081299,13.042178591013014,13.042178591013014,81736526
2003-04-30,13.536396980285645,13.908923727838115,13.475549876976283,13.661813824879289,111187975
2003-05-01,13.536396980285645,13.536396980285645,13.536396980285645,13.536396980285645,0
2003-05-02,13.536396980285645,13.602209131899619,13.415946332250154,13.536396980285645,73325801
2003-05-05,13.475550651550293,13.661814610159741,13.34889138934659,13.536397758357143,27692473
2003-05-06,13.536396980285645,13.72265977993511,13.475549876976283,13.536396980285645,42249736
2003-05-07,13.66181468963623,13.722660648543442,13.536397837104031,13.66181468963623,19298053
2003-05-08,13.289288520812988,13.661815308829421,13.28928852081299,13.661815308829421,30170222
2003-05-09,13.415948867797852,13.536399538597921,13.28928958893654,13.28928958893654,20846059
2003-05-12,13.66181468963623,13.722660648543442,13.475550729943208,13.536397837104031,38887744
2003-05-13,14.0355863571167,14.09643232680076,13.849322364433172,13.849322364433172,51462399
2003-05-14,14.156037330627441,14.156037330627441,13.969773334042365,14.035586651110886,39858511
2003-05-15,13.969773292541504,14.156037288573234,13.9089273217637,14.156037288573234,18325244
2003-05-16,13.969773292541504,14.221850605446239,13.969773292541504,14.156037288573234,51382192
2003-05-19,13.908926963806152,13.969772933018035,13.849322256959207,13.908926963806152,15495708
2003-05-20,13.908926963806152,14.096432217409165,13.661817003356195,13.788476287747324,31188012
2003-05-21,13.849318504333496,13.969769147754894,13.788472551608496,13.908923195029894,23783572
2003-05-22,13.969773292541504,14.03558660941451,13.72266332573197,13.84932261338278,29729870
2003-05-23,14.156037330627441,14.221850647695963,14.035586651110886,14.035586651110886,26759240
2003-05-26,14.34229850769043,14.409354227599543,14.282694954331713,14.282694954331713,39033555
2003-05-27,14.34229850769043,14.342298507690428,14.156035681063882,14.156035681063882,35814474
2003-05-28,14.34229850769043,14.595617054226087,14.282694954331713,14.468957780958258,46180614
2003-05-29,14.656462669372559,14.656462669372559,14.282693495532005,14.409352755863164,61980628
2003-05-30,14.409354209899902,14.781881010949109,14.282694936787653,14.468957763185404,67637965
2003-06-02,14.969385147094727,15.21525380520566,14.529803806796696,14.656463070595171,136968603
2003-06-03,14.842728614807129,15.089838580556895,14.781882644290272,14.902333322932426,78092524
2003-06-04,14.842728614807129,14.842728614807129,14.842728614807129,14.842728614807129,0
2003-06-05,14.595614433288574,15.089834222038629,14.529802283960702,14.902329018572797,92729238
2003-06-06,14.09643268585205,14.529806651941668,14.035586714618178,14.468959532453948,131213306
2003-06-09,15.028993606567383,15.028993606567383,14.156038166507352,14.221851487461992,249881996
2003-06-10,15.335704803466797,15.523210030763542,15.028990179200783,15.028990179200783,178977312
2003-06-11,15.523212432861328,15.523212432861328,15.028992504821835,15.523212432861328,100780825
2003-06-12,15.836135864257812,16.142850561154326,15.335708434985479,15.649873003298183,126331140
2003-06-13,15.775289535522461,15.836134356559585,15.589025544042402,15.649871513333332,95837603
2003-06-16,15.649870872497559,15.89573841258033,15.589024905698166,15.775288889551032,46389446
2003-06-17,15.962791442871094,16.08324210249908,15.775287363099572,15.895736874473913,80856413
2003-06-18,15.895736694335938,16.39616514963294,15.895736694335938,16.02239596001394,102248750
2003-06-19,15.962791442871094,16.14284680121527,15.895736874473913,16.14284680121527,50972891
2003-06-20,15.523212432861328,15.836134564757247,15.462366462770454,15.836134564757247,103416491
2003-06-23,15.462363243103027,15.775286458093994,15.402758547806277,15.523209200524185,44434467
2003-06-24,15.523212432861328,15.649871719082197,15.335707176549585,15.40276175506245,37468775
2003-06-25,15.836135864257812,15.895740576856932,15.462367731599908,15.649873003298183,57340140
2003-06-26,15.895736694335938,16.08324192023621,15.836131996295219,15.895736694335938,68564494
2003-06-27,16.022397994995117,16.142848668556365,15.709474725854465,16.142848668556365,63873047
2003-06-30,15.589022636413574,15.96279066377208,15.589022636413572,15.96279066377208,46157387
2003-07-01,15.836135864257812,15.836135864257812,15.649873003298183,15.649873003298183,36731865
2003-07-02,16.08323860168457,16.396161766513977,15.709469489187612,15.895733414473375,126214369
2003-07-03,16.08323860168457,16.396161766513977,15.96278796827489,16.269502526970335,112753424
2003-07-04,15.709473609924316,16.083242820464314,15.462364820405531,16.083242820464314,102138728
2003-07-07,16.14284896850586,16.26950825262412,15.775289481042725,15.836134301869722,134414443
2003-07-08,17.262914657592773,17.262914657592773,16.45577259386908,16.45577259386908,296856238
2003-07-09,17.822946548461914,18.25631932722072,17.575836602081928,17.636682567829357,250161556
2003-07-10,17.575834274291992,18.070052953342596,17.389570318328726,17.88379014563292,128868671
2003-07-11,18.12965965270996,18.38297820151699,17.38957224033783,17.510022906898616,122265131
2003-07-14,18.256319046020508,18.630088263822756,18.256319046020508,18.31716501083073,117067044
2003-07-15,18.196712493896484,18.569240411558315,18.070053231542182,18.2563171903731,123468874
2003-07-16,18.63008689880371,18.756746164751906,18.25631770838738,18.317163668739447,113409265
2003-07-17,18.63008689880371,18.87719682327184,18.443822934687642,18.503427632855512,130346942
2003-07-18,18.503427505493164,18.503427505493164,18.196712884968335,18.503427505493164,55818735
2003-07-21,18.256319046020508,18.75674753905123,18.256319046020508,18.630088263822756,57214094
2003-07-22,18.12965965270996,18.56924217806737,17.949605432256025,18.256318927113476,120900762
2003-07-23,18.63008689880371,19.249723603250338,18.25631770838738,18.317163668739447,169477086
2003-07-24,19.87060546875,19.87060546875,19.37638555140068,19.87060546875,225072751
2003-07-25,19.997264862060547,20.864010467462446,19.49683518542126,19.87060557788373,230161465
2003-07-28,20.369794845581055,20.86401251770232,20.24313554895783,20.24313554895783,128063286
2003-07-29,19.997264862060547,20.36979284390637,19.87060557788373,20.36979284390637,80049181
2003-07-30,19.87060546875,20.369792732030998,19.623494361821542,19.997264752231178,141993109
2003-07-31,19.49683380126953,19.870604167196667,19.376384282219465,19.62349307645434,153293879
2003-08-01,20.369794845581055,20.369794845581055,19.496837101313176,19.496837101313176,139367508
2003-08-04,20.24312973022461,20.369788990440593,19.870601818851952,20.369788990440593,100696633
2003-08-05,19.49683380126953,20.243132122595366,19.376384282219465,20.243132122595366,157524461
2003-08-06,19.003854751586914,19.249722248311222,18.630085587479247,19.1292715982695,171613194
2003-08-07,18.558902740478516,19.0862383529413,18.181805431723358,19.0862383529413,131564235
2003-08-08,18.333545684814453,18.85637315407892,18.333545684814453,18.47927586091098,55789203
2003-08-11,18.407161712646484,18.631017618515962,18.255421859592317,18.479276607752094,33704235
2003-08-12,18.856374740600586,19.086239169878457,18.558903534844433,18.782758292791605,49428185
2003-08-13,20.13790512084961,20.13790512084961,19.159855708476286,19.311596726593613,107745512
2003-08-14,19.760807037353516,20.137903169791556,19.68719059632802,20.137903169791556,52924885
2003-08-15,20.058277130126953,20.435373242156217,19.760805967881094,19.760805967881094,65134557
2003-08-18,19.912548065185547,20.210019278485333,19.83292310173639,20.058280572658564,46310768
2003-08-19,20.210018157958984,20.587116629219608,19.91254696115222,19.91254696115222,111769648
2003-08-20,20.289644241333008,20.435374416751664,20.058278283047468,20.21001697155358,67888925
2003-08-21,20.289644241333008,20.435374416751664,20.058278283047468,20.289644241333008,78709425
2003-08-22,20.435373306274414,21.03632646081295,20.28964313877487,20.28964313877487,95178285
2003-08-25,20.435373306274414,20.43537330627441,20.137902143095204,20.43537330627441,49831753
2003-08-26,19.984663009643555,20.43537561095928,19.760808258490478,20.43537561095928,63768296
2003-08-27,19.984663009643555,20.43537561095928,19.984663009643555,19.984663009643555,62123827
2003-08-28,19.832923889160156,20.289647362911047,19.832923889160156,20.289647362911047,59765048
2003-08-29,21.188068389892578,21.188068389892578,19.98466382008781,19.98466382008781,188870968
2003-09-01,21.861135482788086,22.16461752213769,21.339809511263546,21.789021741157327,163991749
2003-09-02,21.940759658813477,21.940759658813477,21.637277662370625,21.940759658813477,50273257
2003-09-03,21.789026260375977,22.389977319167084,21.789026260375977,22.238238583439994,79403090
2003-09-04,21.940759658813477,22.012873390248682,21.563661223865218,21.861132392027258,61331111
2003-09-05,22.012874603271484,22.541711750163607,22.012874603271484,22.092501874445574,68176740
2003-09-08,22.839183807373047,22.839183807373047,21.789020693809153,22.01287544435453,97990914
2003-09-09,22.541709899902344,23.440134208432916,22.541709899902344,23.14266304829561,109714185
2003-09-10,23.142667770385742,23.591880016309464,22.69345552446202,22.990926745296125,129668598
2003-09-11,23.142667770385742,23.142667770385742,23.142667770385742,23.142667770385742,0
2003-09-12,23.142667770385742,23.294408795475356,22.839185720206512,23.142667770385742,56865544
2003-09-15,22.693456649780273,23.142668917979435,22.693456649780273,23.142668917979435,34436354
2003-09-16,22.839183807373047,23.14266583213497,22.541712611452827,22.541712611452827,48081559
2003-09-17,23.142667770385742,23.743618725979452,22.839185720206512,23.142667770385742,94887189
2003-09-18,23.142667770385742,23.440138991219847,22.839185720206512,23.440138991219847,37207758
2003-09-19,23.591875076293945,23.743613754190648,22.99092193111706,23.4401340829781,90611518
2003-09-22,22.839183807373047,23.440137028055187,22.839183807373047,23.29440684451593,50604777
2003-09-23,22.23823356628418,22.693454301603392,22.01287610179778,22.541713284690488,122007746
2003-09-24,22.09250259399414,22.46208752599473,21.861134308701292,22.46208752599473,86041398
2003-09-25,22.09250259399414,22.09250259399414,21.637279559418204,21.715404125983788,48746842
2003-09-26,22.012874603271484,22.238232052416674,21.94076086786244,22.012874603271484,33301811
2003-09-29,21.940759658813477,22.0925006570349,21.71540222208664,22.012873390248682,40290689
2003-09-30,21.940759658813477,22.164614388470106,21.940759658813477,22.0925006570349,26791100
2003-10-01,22.09250259399414,22.238232776711644,21.940761582468827,21.940761582468827,35970913
2003-10-02,22.839183807373047,22.990924819754007,22.316357469116454,22.389971599071867,90882543
2003-10-03,22.839183807373047,22.990924819754007,22.693453623833786,22.839183807373047,61889567
2003-10-06,23.440135955810547,23.591876961250275,22.839182762618385,23.142664773497838,104687650
2003-10-07,23.440135955810547,23.591876961250275,23.294405778937563,23.591876961250275,53290993
2003-10-08,22.839183807373047,23.440137028055187,22.839183807373047,23.440137028055187,53261003
2003-10-09,22.990924835205078,23.142665847688015,22.693453639084943,22.839183822722138,44190410
2003-10-10,22.990924835205078,22.990924835205078,22.990924835205078,22.990924835205078,0
2003-10-13,23.142667770385742,23.440138991219847,23.142667770385742,23.440138991219847,36527635
2003-10-14,23.142667770385742,23.743618725979452,23.142667770385742,23.294408795475356,57666332
2003-10-15,23.294404983520508,23.59187615567569,22.990922983003834,23.294404983520508,51277200
2003-10-16,23.743614196777344,23.743614196777347,23.14266335581773,23.294404351962065,56028541
2003-10-17,23.743614196777344,23.743614196777347,23.14266335581773,23.5918755160522,82312633
2003-10-20,23.440135955810547,23.743615651270677,23.294405778937563,23.743615651270677,36386099
2003-10-21,23.895360946655273,24.34457321505499,23.591881196711288,23.74361991397341,87977872
2003-10-22,23.743614196777344,24.041085360867477,23.5918755160522,24.041085360867477,32517810
2003-10-23,23.142667770385742,23.591880016309464,22.839185720206512,23.591880016309464,107212060
2003-10-24,22.693456649780273,23.29440995059355,22.693456649780273,22.99092788536532,46020586
2003-10-27,22.839183807373047,22.990924819754007,22.693453623833786,22.839183807373047,26987068
2003-10-28,23.440135955810547,23.440135955810547,22.839182762618385,22.839182762618385,80867828
2003-10-29,23.294404983520508,23.74361484051478,23.14266398326217,23.74361484051478,33714695
2003-10-30,23.440135955810547,23.440135955810547,23.142664773497838,23.294405778937563,31911176
2003-10-31,22.839183807373047,23.440137028055187,22.839183807373047,23.440137028055187,47487829
2003-11-03,22.693456649780273,22.99092788536532,22.541715617166155,22.8391868527512,38975547
2003-11-04,22.990924835205078,23.142665847688015,22.839183822722138,23.142665847688015,30269248
2003-11-05,23.142667770385742,23.142667770385742,22.839185720206512,22.839185720206512,33478609
2003-11-06,23.142667770385742,23.440138991219847,22.990926745296125,23.142667770385742,81238085
2003-11-07,23.743614196777344,24.041085360867477,23.14266335581773,23.14266335581773,150802398
2003-11-10,23.440135955810547,23.743615651270677,23.142664773497838,23.743615651270677,55883389
2003-11-11,22.839183807373047,23.29440684451593,22.839183807373047,23.29440684451593,62145886
2003-11-12,22.389968872070312,23.142663013458517,22.16461375718122,22.83918102565939,95853204
2003-11-13,22.839183807373047,22.839183807373047,22.46208765265571,22.693453623833786,48164914
2003-11-14,22.839183807373047,22.990924819754007,22.693453623833786,22.839183807373047,30477300
2003-11-17,22.316360473632812,22.693456679119702,22.238235896108552,22.693456679119702,36559035
2003-11-18,22.164615631103516,22.38997076504541,21.8611336176463,22.238232073736143,62844124
2003-11-19,21.940759658813477,22.012873390248682,21.78901866059205,21.78901866059205,47462421
2003-11-20,21.036327362060547,21.940760231287353,20.890594872898294,21.861132962423518,113128714
2003-11-21,20.738859176635742,20.738859176635742,20.289646933756085,20.738859176635742,101273679
2003-11-24,20.587116241455078,20.81097098845123,20.435375231479973,20.73885725143018,34851799
2003-11-25,20.738859176635742,21.036330395454048,20.738859176635742,20.810972920351173,44547489
2003-11-26,20.513498306274414,20.89059442760458,20.289643575548588,20.738855744077622,42102712
2003-11-27,19.832923889160156,20.513502135422673,19.832923889160156,20.513502135422673,56535660
2003-11-28,19.832923889160156,20.289647362911047,19.832923889160156,19.984664916431047,51521984
2003-12-01,20.13790512084961,20.289646138966933,19.76080895187666,19.83292269276724,40396099
2003-12-02,20.435373306274414,20.587114301954077,20.28964313877487,20.28964313877487,63136937
2003-12-03,20.435373306274414,20.587114301954077,20.361756869002125,20.587114301954077,44749319
2003-12-04,20.435373306274414,20.43537330627441,20.137902143095204,20.43537330627441,25382620
2003-12-05,20.659229278564453,20.738856548820824,20.435374539152246,20.513499102272927,32905124
2003-12-08,20.513498306274414,20.587114745131437,20.361757307328233,20.513498306274414,32050179
2003-12-09,20.210018157958984,20.513500183625368,20.210018157958984,20.361759170792176,44843626
2003-12-10,20.210018157958984,20.210018157958984,19.984663014950993,19.984663014950993,34391141
2003-12-11,20.36176300048828,20.36176300048828,19.984666773721806,20.137908207172533,43675959
2003-12-12,20.36176300048828,20.587120501301566,20.21002195911522,20.435379459928505,25083917
2003-12-15,20.587116241455078,20.587116241455078,20.210017777297217,20.435375231479973,31958922
2003-12-16,20.513498306274414,20.513498306274414,20.137902576602407,20.137902576602407,29233845
2003-12-17,20.058277130126953,20.435373242156217,19.912544647665488,20.28964307511392,52259654
2003-12-18,20.210018157958984,20.210018157958984,19.687191818144225,19.8329220021178,76767602
2003-12-19,19.832923889160156,20.435377560750407,19.832923889160156,20.289647362911047,33051415
2003-12-22,19.760807037353516,19.984661774673285,19.68719059632802,19.832920771257363,47551052
2003-12-23,19.984663009643555,20.058279455218244,19.760808258490478,19.83292199685066,30016420
2003-12-24,20.058277130126953,20.28964307511392,20.058277130126953,20.137902079910358,22638389
2003-12-25,20.513498306274414,20.810969475857263,20.21001630838205,20.289643575548588,40745905
2003-12-26,19.832923889160156,20.587118588021294,19.832923889160156,20.587118588021294,63542197
2003-12-29,19.760807037353516,19.984661774673285,19.68719059632802,19.832920771257363,22350780
2003-12-30,20.13790512084961,20.289646138966933,19.83292269276724,19.984663710884565,64157788
2003-12-31,20.058277130126953,20.361756805114908,20.058277130126953,20.210015809911347,26953524
2004-01-01,20.058277130126953,20.058277130126953,20.058277130126953,20.058277130126953,0
2004-01-02,20.513498306274414,20.587114745131437,20.05827762485509,20.05827762485509,30369264
2004-01-05,20.435373306274414,20.659228032181332,20.28964313877487,20.513497864681792,32861346
2004-01-06,20.513498306274414,20.659228476911082,20.435373746185256,20.587114745131437,24672827
2004-01-07,20.738859176635742,20.96271394441252,20.65923189628982,20.65923189628982,47971370
2004-01-08,20.890596389770508,20.890596389770508,20.659230417345775,20.890596389770508,20898784
2004-01-09,22.012874603271484,22.092501874445574,21.188066663558793,21.33980767014193,103700457
2004-01-12,22.693456649780273,23.29440995059355,22.01287837955268,22.09250566438673,107431049
2004-01-13,22.46209144592285,22.9909287023281,22.389975380160465,22.839187664321997,35442394
2004-01-14,22.990924835205078,23.294406860170955,22.389971614119066,22.462087667751376,70094468
2004-01-15,22.541709899902344,23.294404042423594,22.38996890577436,23.14266304829561,53193554
2004-01-16,22.46209144592285,22.839187664321997,22.389975380160465,22.69345745617267,23733719
2004-01-19,22.46209144592285,22.46209144592285,22.46209144592285,22.46209144592285,0
2004-01-20,22.46209144592285,22.46209144592285,22.46209144592285,22.46209144592285,0
2004-01-21,22.46209144592285,22.46209144592285,22.46209144592285,22.46209144592285,0
2004-01-22,22.46209144592285,22.46209144592285,22.46209144592285,22.46209144592285,0
2004-01-23,22.46209144592285,22.46209144592285,22.46209144592285,22.46209144592285,0
2004-01-26,22.46209144592285,22.46209144592285,22.46209144592285,22.46209144592285,0
2004-01-27,23.142667770385742,23.294408795475356,22.69345552446202,22.839185720206512,52125083
2004-01-28,23.294404983520508,23.59187615567569,22.839181982745497,23.294404983520508,49186581
2004-01-29,23.294404983520508,23.294404983520508,22.693451810848657,22.839181982745497,45470238
2004-01-30,23.294404983520508,23.294404983520508,22.990922983003834,23.294404983520508,57755299
2004-02-02,22.693456649780273,23.142668917979435,22.693456649780273,23.142668917979435,43672646
2004-02-03,22.389968872070312,22.541709865969874,22.238230193589896,22.541709865969874,50610502
2004-02-04,22.09250259399414,22.54171248434285,22.09250259399414,22.54171248434285,50869637
2004-02-05,22.09250259399414,22.54171248434285,21.940761582468827,22.09250259399414,73773128
2004-02-06,22.541709899902344,22.83918106003965,22.31635478467402,22.38996890577436,49902838
2004-02-09,22.990924835205078,23.142665847688015,22.693453639084943,22.839183822722138,47160421
2004-02-10,22.541709899902344,22.99092205416763,22.462084950683344,22.99092205416763,37110938
2004-02-11,22.23823356628418,22.541713284690488,22.092503378392497,22.541713284690488,49892019
2004-02-12,22.389968872070312,22.83918102565939,22.316354751080784,22.316354751080784,44491231
2004-02-13,22.990924835205078,23.142665847688015,22.462087667751376,22.839183822722138,50347445
2004-02-16,22.23823356628418,22.83918448949507,22.23823356628418,22.541713284690488,56066239
2004-02-17,22.09250259399414,22.38997147281754,21.940761582468827,21.940761582468827,57004842
2004-02-18,22.693456649780273,22.693456649780273,22.164619412166797,22.164619412166797,46519378
2004-02-19,22.839183807373047,22.839183807373047,22.541712611452827,22.693453623833786,48468332
2004-02-20,22.389968872070312,22.83918102565939,22.389968872070312,22.83918102565939,28244805
2004-02-23,22.541709899902344,22.693450894030324,22.238230227065532,22.238230227065532,31675062
2004-02-24,22.23823356628418,22.541713284690488,22.23823356628418,22.389972267777583,28032940
2004-02-25,22.23823356628418,22.46208832351527,22.23823356628418,22.23823356628418,36894175
2004-02-26,22.23823356628418,22.46208832351527,22.092503378392497,22.389972267777583,51916449
2004-02-27,22.23823356628418,22.316358135623588,22.01287610179778,22.23823356628418,50552240
2004-03-01,22.541709899902344,22.693450894030324,22.31635478467402,22.38996890577436,51120251
2004-03-02,22.541709899902344,22.541709899902344,22.38996890577436,22.541709899902344,60287708
2004-03-03,21.71540069580078,22.541708923635497,20.962708901297276,22.541708923635497,256901062
2004-03-04,21.637279510498047,21.789020521680285,21.260183358759697,21.637279510498047,107634111
2004-03-05,21.789026260375977,22.16462211925793,21.789026260375977,21.789026260375977,105434693
2004-03-08,21.861135482788086,22.16461752213769,21.861135482788086,21.94076276083213,63075261
2004-03-09,22.012874603271484,22.16461560985462,21.861133596688347,21.94076086786244,53081090
2004-03-10,22.09250259399414,22.164616331751915,22.012875320226602,22.012875320226602,69700003
2004-03-11,21.71540069580078,22.012871843054803,21.411918720688426,22.012871843054803,72290032
2004-03-12,21.188068389892578,21.491550427785565,21.11445425675203,21.491550427785565,80886518
2004-03-15,21.41192054748535,21.78901898810176,21.339806814966206,21.491547815468444,88991802
2004-03-16,21.339807510375977,21.491548515823066,21.114452378337308,21.41192124524512,67078118
2004-03-17,21.41192054748535,21.715402548489823,21.41192054748535,21.56366154798759,48007092
2004-03-18,22.23823356628418,22.23823356628418,21.188068105936296,21.260184161673983,98936930
2004-03-19,22.23823356628418,22.316358135623588,22.01287610179778,22.23823356628418,57707953
2004-03-22,20.738859176635742,20.738859176635742,20.738859176635742,20.738859176635742,39257633
2004-03-23,20.289644241333008,20.962711162673884,19.687190662430726,19.687190662430726,137977576
2004-03-24,21.188068389892578,21.637280617630278,20.738858477574407,21.637280617630278,79754827
2004-03-25,20.810970306396484,21.49154845278002,20.738856571738875,21.49154845278002,51224594
2004-03-26,21.036327362060547,21.18806604882189,20.810969919453733,21.036327362060547,32311253
2004-03-29,21.71540069580078,21.789017129131995,21.491545981877973,21.637276141575818,56630804
2004-03-30,21.339807510375977,21.789019698150206,21.339807510375977,21.789019698150206,40833655
2004-03-31,21.41192054748535,21.63727798759952,21.260181862402362,21.41192054748535,32789287
2004-04-01,21.940759658813477,21.940759658813477,21.339806494208585,21.49154749243001,44875099
2004-04-02,21.41192054748535,21.940759988603997,21.339806814966206,21.940759988603997,46989146
2004-04-05,21.789026260375977,21.861140016963706,21.411927693899692,21.637285209228864,43087077
2004-04-06,21.861135482788086,22.316358541812495,21.861135482788086,21.94076276083213,70957663
2004-04-07,22.164615631103516,22.164615631103512,21.78901988216812,21.8611336176463,36552769
2004-04-08,22.164615631103516,22.238232073736143,22.012874624374906,22.164615631103512,34717341
2004-04-09,22.012874603271484,22.092501874445574,21.94076086786244,22.092501874445574,18480273
2004-04-12,22.164615631103516,22.316356637832122,22.092501895625333,22.092501895625333,25513434
2004-04-13,22.164615631103516,22.238232073736143,22.012874624374906,22.238232073736143,26391311
2004-04-14,22.164615631103516,22.164615631103512,21.940760888896726,22.164615631103512,17702065
2004-04-15,21.940759658813477,22.462085556632147,21.940759658813477,22.164614388470106,43626941
2004-04-16,21.940759658813477,22.164614388470106,21.940759658813477,22.012873390248682,23974205
2004-04-19,22.012874603271484,22.012874603271484,21.491548676725067,21.94076086786244,40115103
2004-04-20,21.789026260375977,22.092508362670202,21.637285209228864,22.01288106811082,19404166
2004-04-21,21.491546630859375,21.71540135154194,21.49154663085938,21.63727679495784,27736281
2004-04-22,21.637279510498047,22.23823272643278,21.56366306570476,21.715404076886998,66928251
2004-04-23,21.789026260375977,22.01288106811082,21.715409796193917,21.789026260375977,26042494
2004-04-26,21.940759658813477,21.940759658813477,21.71540222208664,21.78901866059205,20570399
2004-04-27,21.491546630859375,21.94075877923446,21.49154663085938,21.94075877923446,27597528
2004-04-28,21.637279510498047,21.637279510498047,21.411922054522524,21.49154932811003,34444931
2004-04-29,20.96271324157715,21.491550431652325,20.890597184860006,21.41192315397614,57169112
2004-04-30,19.687191009521484,20.810970525651783,19.609066445491383,20.73885679023441,115296118
2004-05-03,19.53545379638672,19.832925038739344,19.231972881964058,19.760811289318664,47437065
2004-05-04,19.687191009521484,19.912546143273342,19.687191009521484,19.687191009521484,40776064
2004-05-05,19.086238861083984,19.912547238055755,18.93449900385042,19.832922277914072,74800658
2004-05-06,18.856374740600586,19.45732682344359,18.856374740600586,19.086239169878457,65881596
2004-05-07,19.38370704650879,19.83291919251166,18.934496058215473,18.934496058215473,59804786
2004-05-10,18.407161712646484,19.231969675084084,18.407161712646484,19.231969675084084,52842908
2004-05-11,18.782756805419922,18.934497810802135,18.55890206519939,18.55890206519939,50685761
2004-05-12,19.53545379638672,19.760811289318664,19.008118096477098,19.231972881964058,79364846
2004-05-13,19.912548065185547,20.058280572658564,19.457327316866103,19.5354518884366,70750770
2004-05-14,19.38370704650879,19.98466018384865,19.38370704650879,19.912544140266107,34261802
2004-05-17,18.631017684936523,19.086238403431608,18.40716177826899,19.086238403431608,40704506
2004-05-18,19.086238861083984,19.38371006202738,18.631018131673557,18.631018131673557,45163702
2004-05-19,19.912548065185547,20.058280572658564,19.383710867190267,19.383710867190267,60246395
2004-05-20,19.912548065185547,19.98466412298273,19.383710867190267,19.5354518884366,36262420
2004-05-21,19.984663009643555,20.137904414231514,19.609067245697585,19.609067245697585,32629477
2004-05-24,19.984663009643555,20.058279455218244,19.68719181291579,19.760808258490478,24290547
2004-05-25,20.13790512084961,20.13790512084961,19.76080895187666,19.76080895187666,21405216
2004-05-26,20.435373306274414,20.659228032181332,20.43537330627441,20.43537330627441,30234733
2004-05-27,19.984663009643555,20.587116623752173,19.83292199685066,20.43537561095928,21120411
2004-05-28,20.513498306274414,20.513498306274414,20.05827762485509,20.05827762485509,30541949
2004-05-31,20.058277130126953,20.361756805114908,19.984660693085647,20.210015809911347,19904752
2004-06-01,20.289644241333008,20.289644241333008,19.91254579220951,20.137903237407595,13848913
2004-06-02,19.984663009643555,20.289645427024407,19.912546955863935,20.058279455218244,13595879
2004-06-03,19.912548065185547,20.513501320978005,19.912548065185547,19.98466412298273,42531179
2004-06-04,20.435373306274414,20.43537330627441,19.984660755789683,20.05827719306197,42799101
2004-06-07,21.41192054748535,21.41192054748535,20.58711495624543,20.738855956747667,64992250
2004-06-08,21.036327362060547,21.411920784319296,20.890594872898294,21.411920784319296,45135817
2004-06-09,20.96271324157715,21.114454260550943,20.890597184860006,20.890597184860006,38695577
2004-06-10,20.058277130126953,20.890593912347732,20.058277130126953,20.81096896256433,51269661
2004-06-11,18.71064567565918,19.383711539462983,18.71064567565918,18.78275942053787,118436140
2004-06-14,17.508739471435547,18.558902564834867,17.429112198747955,18.333546269115928,119911794
2004-06-15,17.580856323242188,18.030067444800707,17.277375408245604,17.277375408245604,109522516
2004-06-16,17.732595443725586,18.255422965801518,17.58085442376679,17.878325634542502,92001111
2004-06-17,18.10969352722168,18.479278495114873,17.65447160614614,17.732596180298867,77181378
2004-06-18,18.03006362915039,18.18180463339112,17.87832378261931,18.03006362915039,60067100
2004-06-21,17.95795440673828,18.631021498583937,17.95795440673828,18.631021498583937,35187388
2004-06-22,17.95795440673828,17.95795440673828,17.95795440673828,17.95795440673828,0
2004-06-23,18.255422592163086,18.479277349305914,17.95795138747579,17.95795138747579,57499441
2004-06-24,18.333545684814453,18.4071609687199,18.18180468018321,18.4071609687199,39963317
2004-06-25,18.631017684936523,18.710643800878657,18.255421924673865,18.333546491125933,51187126
2004-06-28,18.181808471679688,18.63102075071403,18.181808471679688,18.63102075071403,26547367
2004-06-29,18.479278564453125,18.479278564453125,18.109693595173173,18.18180734020493,22751184
2004-06-30,18.782756805419922,18.856373247399354,18.479275952365157,18.63101695774737,45904082
2004-07-01,18.479278564453125,18.782759460405604,18.407163661711543,18.782759460405604,23671918
2004-07-02,18.255422592163086,18.479277349305914,18.18180614461862,18.18180614461862,26760994
2004-07-05,18.10969352722168,18.18180727198285,17.957952500959895,18.18180727198285,25616290
2004-07-06,18.181808471679688,18.181808471679688,17.806213807321765,18.030067435405517,18189646
2004-07-07,17.878326416015625,17.878326416015625,17.65447164450627,17.65447164450627,44432488
2004-07-08,17.732595443725586,18.03006549679153,17.732595443725586,17.80621189277678,21849205
2004-07-09,17.878326416015625,17.878326416015625,17.58085519223725,17.732596218828746,20214634
2004-07-12,17.878326416015625,18.255423763757808,17.878326416015625,18.030066284897295,28132879
2004-07-13,17.878326416015625,18.030066284897295,17.732596218828746,17.878326416015625,33888863
2004-07-14,18.181808471679688,18.181808471679688,17.878327556841242,18.030067435405517,39342269
2004-07-15,17.580856323242188,18.030067444800707,17.50874257368513,17.878327566157367,64625128
2004-07-16,17.42911148071289,17.732593487144854,17.35699774690406,17.35699774690406,44002935
2004-07-19,17.20526123046875,17.580855885674257,16.756048962380724,17.429114853097683,37909819
2004-07-20,16.530689239501953,17.205257699177608,16.530689239501953,17.131641259114357,47413851
2004-07-21,17.508739471435547,17.58085320821528,16.82816014731463,16.82816014731463,49431664
2004-07-22,17.878326416015625,17.957952539979434,17.277374296764087,17.277374296764087,80630627
2004-07-23,17.65446662902832,17.87832133694253,17.50873647324209,17.87832133694253,21619150
2004-07-26,17.95795440673828,18.03006815915249,17.357002225016778,17.508743267382005,24925995
2004-07-27,18.10969352722168,18.10969352722168,17.732596180298867,17.8783263771691,27364064
2004-07-28,18.03006362915039,18.407160921347845,17.87832378261931,18.18180463339112,29016953
2004-07-29,18.10969352722168,18.255423724091912,17.957952500959895,18.030066245721063,22297791
2004-07-30,18.407161712646484,18.479276607752094,18.181805415002003,18.181805415002003,87348081
2004-08-02,18.333545684814453,18.4071609687199,18.18180468018321,18.333545684814453,39249787
2004-08-03,18.333545684814453,18.4071609687199,18.25542112179831,18.333545684814453,25544858
2004-08-04,18.255422592163086,18.333547161471692,18.030065127765543,18.333547161471692,18064904
2004-08-05,18.782756805419922,18.934497810802135,18.109691035326875,18.333545775547407,47663799
2004-08-06,18.631017684936523,18.710643800878657,18.47927667363169,18.47927667363169,39219951
2004-08-09,18.558902740478516,18.631017635650448,18.181805431723358,18.407161729575098,29907722
2004-08-10,18.181808471679688,18.63102075071403,18.10969472216021,18.558905843484652,22791302
2004-08-11,18.333545684814453,18.333545684814453,17.6544690895177,18.333545684814453,36711568
2004-08-12,17.806209564208984,17.957949406614564,17.580852124669615,17.806209564208984,25701649
2004-08-13,17.95795440673828,18.10969544910351,17.508743267382005,17.58085701979621,30245108
2004-08-16,17.580856323242188,17.80621381660031,17.580856323242188,17.732597359595427,18321013
2004-08-17,17.356996536254883,17.80620868609166,17.356996536254883,17.58085125766585,27174379
2004-08-18,17.65446662902832,17.806207612511542,17.27736938841613,17.35699548975887,67092226
2004-08-19,18.333545684814453,18.4071609687199,17.80621009414895,17.80621009414895,97977509
2004-08-20,18.631017684936523,18.710643800878657,18.255421924673865,18.333546491125933,95445285
2004-08-23,19.58530044555664,19.58530044555664,18.967169202044083,19.232333226416255,168381411
2004-08-24,19.58530044555664,19.58530044555664,19.58530044555664,19.58530044555664,0
2004-08-25,19.58530044555664,19.58530044555664,19.58530044555664,19.58530044555664,0
2004-08-26,19.757396697998047,19.936511977609335,19.49925512631808,19.671347938522192,110224645
2004-08-27,19.40618133544922,19.67134533950233,19.320134940715796,19.67134533950233,65219158
2004-08-30,19.054973602294922,19.320137643442273,18.88112281851447,19.23233444311933,78129178
2004-08-31,19.58530044555664,19.936510871255823,19.232333226416255,19.32013642118447,109216072
2004-09-01,20.287721633911133,20.461570036040552,19.757393637876635,19.85046249697091,85896322
2004-09-02,20.461572647094727,20.461572647094727,20.02256019092669,20.287724222780913,37930292
2004-09-03,19.8504638671875,20.547617847154317,19.75739500166897,20.547617847154317,54062351
2004-09-06,19.67134666442871,19.936510686341443,19.32013624198706,19.850464285812524,45678528
2004-09-07,20.196409225463867,20.196409225463867,19.757396756031312,19.850465629813915,37799499
2004-09-08,20.375526428222656,20.461572832758378,20.108606777142562,20.19640879849812,48775693
2004-09-09,20.10860252380371,20.37552211842541,20.10860252380371,20.37552211842541,23213906
2004-09-10,20.54762077331543,20.726740769803694,20.287725923460194,20.375527951379322,54602112
2004-09-13,20.99190330505371,21.163996114538342,20.89883207964143,20.89883207964143,54815573
2004-09-14,21.163997650146484,21.337848442443114,21.07795123916085,21.25004406113212,42688064
2004-09-15,20.54762077331543,21.163997645822192,20.54762077331543,21.163997645822192,26696168
2004-09-16,20.461572647094727,20.547619050849683,20.287724222780913,20.375526243339774,44359909
2004-09-17,20.54762077331543,20.640694358835642,20.196410308264987,20.54762077331543,47229143
2004-09-20,20.461572647094727,20.812785436077636,20.375526243339774,20.812785436077636,21110194
2004-09-21,20.99190330505371,20.99190330505371,20.640692865414483,20.7267392701568,40060915
2004-09-22,20.89883041381836,20.89883041381836,20.640691220167405,20.89883041381836,20940861
2004-09-23,20.72673988342285,20.72673988342285,20.547619894594668,20.72673988342285,20367641
2004-09-24,20.461572647094727,20.812785436077636,20.287724222780913,20.72673903232268,39204829
2004-09-27,20.022560119628906,20.375526170785122,19.93651136280663,20.196408543323674,29651993
2004-09-28,20.022560119628906,20.022560119628906,20.022560119628906,20.022560119628906,0
2004-09-29,20.196409225463867,20.640693252214884,20.022560795897316,20.022560795897316,33862678
2004-09-30,20.54762077331543,20.640694358835642,20.461574362347378,20.54762077331543,24791168
2004-10-01,20.81278419494629,20.81278419494629,20.375525028283555,20.64069139769881,28128848
2004-10-04,21.33784294128418,21.33784294128418,20.991899416204785,20.991899416204785,64000733
2004-10-05,21.33784294128418,21.51696053825639,21.25003858261023,21.33784294128418,45169239
2004-10-06,21.689054489135742,21.95421848925389,21.337844095561074,21.429157338798948,69516751
2004-10-07,21.86817741394043,21.86817741394043,21.603013349336777,21.782130999558202,23357866
2004-10-08,21.954219818115234,21.954219818115234,21.603009403282243,21.782127020785637,40112354
2004-10-11,21.782127380371094,21.782127380371094,21.25004136917724,21.603009759910776,32649157
2004-10-12,21.33784294128418,21.782124524030415,21.33784294128418,21.603006927058207,24205665
2004-10-13,21.163997650146484,21.429161704283054,21.07795123916085,21.337848442443114,25453081
2004-10-14,20.89883041381836,20.99190163181203,20.726737618051057,20.89883041381836,28805990
2004-10-15,20.72673988342285,20.812786290711124,20.547619894594668,20.72673988342285,23581423
2004-10-18,20.461572647094727,20.898831839832592,20.461572647094727,20.72673903232268,15706146
2004-10-19,21.077945709228516,21.25003848605016,20.640688947837752,20.640688947837752,34743107
2004-10-20,21.077945709228516,21.25003848605016,20.812781724659395,21.077945709228516,28387097
2004-10-21,21.163997650146484,21.429161704283054,20.898833596009915,21.25004406113212,43005804
2004-10-22,21.33784294128418,21.51696053825639,21.25003858261023,21.25003858261023,45600334
2004-10-25,21.33784294128418,21.33784294128418,21.33784294128418,21.33784294128418,0
2004-10-26,20.81278419494629,21.337845376931977,20.81278419494629,21.25004100823543,36761904
2004-10-27,20.640689849853516,20.991900238181653,20.54761628466533,20.89882902636688,23888744
2004-10-28,20.81278419494629,21.25004100823543,20.81278419494629,21.07794821098795,38419423
2004-10-29,21.603010177612305,21.68905657936132,20.99190257480696,21.077948976555973,69508319
2004-11-01,21.516963958740234,21.78212798666655,21.429159586108298,21.603010361220573,42288777
2004-11-02,21.782127380371094,21.95422018054165,21.516963359825496,21.603009759910776,49014023
2004-11-03,22.570594787597656,22.570594787597656,21.868171661039636,21.954218052785478,112337719
2004-11-04,22.39323616027832,22.570598173426237,22.30543413880236,22.570598173426237,52923139
2004-11-05,22.923561096191406,23.181702628241922,22.65839709781179,22.744445844077585,121658215
2004-11-08,23.009611129760742,23.181703925173423,22.830493514252513,23.181703925173423,44848604
2004-11-09,22.923561096191406,23.095656235349562,22.65839709781179,23.0096098424572,30683834
2004-11-10,22.923561096191406,23.0096098424572,22.744445844077585,23.0096098424572,35354143
2004-11-11,22.47928237915039,22.830495168899116,22.47928237915039,22.570597986889908,19862423
2004-11-12,22.570594787597656,22.658396795902384,22.39323280105592,22.479279192801762,41689222
2004-11-15,22.74444580078125,23.009609798656097,22.658397054679256,22.658397054679256,40015153
2004-11-16,22.923561096191406,23.0096098424572,22.744445844077585,22.830492236969945,36059362
2004-11-17,23.274776458740234,23.446869263881634,22.92356367459107,22.92356367459107,66577504
2004-11-18,23.446870803833008,23.71203720282716,23.360824395610923,23.534675182323994,63910502
2004-11-19,23.446870803833008,23.534675182323994,23.27477798738884,23.446870803833008,37499261
2004-11-22,22.39323616027832,23.27477702217742,22.219387734148647,23.27477702217742,71535765
2004-11-23,22.305435180664062,22.57059922767345,21.954222371607962,22.393237206241153,52886624
2004-11-24,22.47928237915039,22.65840000764022,22.3054339544575,22.3054339544575,49623000
2004-11-25,22.39323616027832,22.570598173426237,22.39323616027832,22.570598173426237,32209783
2004-11-26,22.219388961791992,22.830496618991038,22.04026896855152,22.47928380693483,49650266
2004-11-29,22.305435180664062,22.393237206241153,22.040268780280808,22.219388771991216,23953951
2004-11-30,22.83049964904785,22.83049964904785,21.95422547290163,22.04027189372955,102991150
2004-12-01,22.74444580078125,22.74444580078125,22.305431047496914,22.57059504537176,50246402
2004-12-02,22.923561096191406,23.0096098424572,22.744445844077585,22.923561096191406,55089497
2004-12-03,23.18170928955078,23.18170928955078,22.830498797357794,22.923567683322776,45772462
2004-12-06,23.18170928955078,23.274780528889874,22.830498797357794,23.009616454314852,51164112
2004-12-07,23.360824584960938,23.360824584960938,22.830496489421787,23.009614128271835,48580301
2004-12-08,23.18170928955078,23.36082694650784,23.009616454314852,23.18170928955078,36685648
2004-12-09,23.53467559814453,23.53467559814453,23.181707167796848,23.181707167796848,104820751
2004-12-10,23.62598991394043,23.625989913940426,23.360825851791315,23.53467664934125,64785745
2004-12-13,23.62598991394043,23.712038680900154,23.0956617896422,23.44687226537704,71434419
2004-12-14,23.53467559814453,23.625988858665124,23.44687121810218,23.625988858665124,29947172
2004-12-15,23.885887145996094,23.885887145996094,23.625989934632806,23.625989934632806,85157950
2004-12-16,24.065000534057617,24.237093330911115,23.712034503501062,23.885882917049756,69169282
2004-12-17,24.151042938232422,24.237089322428275,23.971925350848156,24.064996554036565,33608245
2004-12-20,24.32314109802246,24.32314109802246,23.79983555511932,23.79983555511932,59930256
2004-12-21,24.32314109802246,24.41620995946222,24.15104595476241,24.23709234970569,38175237
2004-12-22,24.502262115478516,24.588308522388868,24.323144480810857,24.323144480810857,88068965
2004-12-23,24.588306427001953,24.58830642700195,24.32314240802091,24.502260027424374,26253688
2004-12-24,24.416208267211914,24.588303398544312,24.323139412222616,24.416208267211914,15440340
2004-12-27,24.23709487915039,24.323143636447426,24.15104847522709,24.23709487915039,14513556
2004-12-28,24.588306427001953,24.58830642700195,24.237093655069714,24.237093655069714,39424816
2004-12-29,25.378536224365234,25.643700291310267,24.58831087463885,24.58831087463885,75767248
2004-12-30,25.378536224365234,25.557653876168256,25.292489809223223,25.46458263950725,31780140
2004-12-31,25.817548751831055,25.81754875183105,25.378533923985223,25.378533923985223,69641803
2005-01-03,25.557647705078125,25.908858102362725,25.46457649088988,25.817544858160286,25775718
2005-01-04,24.23709487915039,25.206440107670808,23.97193084677739,25.206440107670808,71065089
2005-01-05,23.712032318115234,23.97192710613784,23.53467033414888,23.625983574245456,42000052
2005-01-06,24.23709487915039,24.23709487915039,23.712036018200145,23.712036018200145,25777731
2005-01-07,24.065000534057617,24.323142082711453,24.065000534057614,24.237093330911115,12737810
2005-01-10,24.416208267211914,24.416208267211914,24.06499789191068,24.151044280890215,24415539
2005-01-11,24.416208267211914,24.502257009564776,24.151044280890215,24.23709066986975,31048909
2005-01-12,24.23709487915039,24.41621250760009,24.15104847522709,24.41621250760009,23770984
2005-01-13,23.79983901977539,24.237095878015328,23.71203699542623,24.065003063076396,27648932
2005-01-14,23.9719295501709,24.15104716893239,23.534672733601877,23.534672733601877,27290541
2005-01-17,24.416208267211914,24.502257009564776,24.151044280890215,24.151044280890215,56009125
2005-01-18,24.065000534057617,24.323142082711453,24.065000534057614,24.323142082711453,18312673
2005-01-19,24.588306427001953,24.58830642700195,24.237093655069714,24.237093655069714,36584681
2005-01-20,23.9719295501709,24.416211186963057,23.9719295501709,24.15104716893239,37036731
2005-01-21,23.885887145996094,24.237097622038533,23.885887145996094,23.885887145996094,19861274
2005-01-24,23.712032318115234,24.064998316141175,23.71203231811523,23.885880715641434,20388849
2005-01-25,23.62598991394043,23.88588712507609,23.625989913940426,23.712038680900154,25907765
2005-01-26,24.151042938232422,24.237089322428275,23.71203058185575,23.799832582456446,37849273
2005-01-27,24.065000534057617,24.237093330911115,23.885882917049756,24.237093330911115,25013214
2005-01-28,24.065000534057617,24.416210947918977,23.885882917049756,24.065000534057614,53499978
2005-01-31,24.588306427001953,24.58830642700195,24.151047255492138,24.237093655069714,49227779
2005-02-01,24.588306427001953,24.767424046405417,24.41621127447318,24.6761084432982,44354991
2005-02-02,24.941272735595703,25.20643911085616,24.588306696450466,24.676108713708885,93349576
2005-02-03,25.02732276916504,25.206442769906644,24.94127635615375,25.02732276916504,64160418
2005-02-04,25.02732276916504,25.02732276916504,25.02732276916504,25.02732276916504,0
2005-02-07,25.02732276916504,25.02732276916504,25.02732276916504,25.02732276916504,0
2005-02-08,25.02732276916504,25.02732276916504,25.02732276916504,25.02732276916504,0
2005-02-09,25.02732276916504,25.02732276916504,25.02732276916504,25.02732276916504,0
2005-02-10,25.02732276916504,25.02732276916504,25.02732276916504,25.02732276916504,0
2005-02-11,25.02732276916504,25.02732276916504,25.02732276916504,25.02732276916504,0
2005-02-14,25.378536224365234,25.557653876168256,25.292489809223223,25.292489809223223,74049103
2005-02-15,25.64369773864746,25.729744145224114,25.37853369809778,25.464580104674432,58359265
2005-02-16,25.557647705078125,25.72974049380903,25.46457649088988,25.64369409944358,39863134
2005-02-17,24.8552303314209,25.55765364254825,24.76742830004524,25.378535992382528,37664300
2005-02-18,25.557647705078125,25.557647705078125,24.85522455713545,24.85522455713545,48321283
2005-02-21,25.11336898803711,25.643697054998167,25.11336898803711,25.643697054998167,31421405
2005-02-22,24.941272735595703,25.29248551137667,24.9412727355957,25.11336789001036,34189598
2005-02-23,25.292484283447266,25.37853067979029,24.855225128374364,24.94127152471739,43983346
2005-02-24,25.378536224365234,25.46458263950725,25.113372157420205,25.292489809223223,32765958
2005-02-25,25.378536224365234,25.729746706452282,25.292489809223223,25.46458263950725,46929619
2005-02-28,25.378536224365234,25.378536224365234,25.378536224365234,25.378536224365234,0
2005-03-01,25.64369773864746,25.64369773864746,25.292487291521123,25.37853369809778,35859259
2005-03-02,25.817548751831055,25.81754875183105,25.464580331327753,25.643697966895058,67823373
2005-03-03,25.46457862854004,25.81754702544074,25.46457862854004,25.81754702544074,34607462
2005-03-04,25.729745864868164,25.8175502475485,25.378535394268724,25.46458180659628,49262769
2005-03-07,26.082706451416016,26.519963202669892,25.729738116754763,25.729738116754763,90162079
2005-03-08,25.46457862854004,26.254803853796762,25.46457862854004,26.16875745220806,49081840
2005-03-09,25.557647705078125,25.996662466713982,25.46457649088988,25.46457649088988,32670489
2005-03-10,25.557647705078125,25.908858102362725,25.557647705078125,25.64369409944358,41837205
2005-03-11,25.557647705078125,25.817544858160286,25.557647705078125,25.72974049380903,26248987
2005-03-14,25.292484283447266,25.729741085146635,25.20643788710424,25.464577076133317,37719726
2005-03-15,24.8552303314209,25.378535992382528,24.8552303314209,25.292489578027055,40220558
2005-03-16,25.11336898803711,25.29248661723494,24.855227421815272,24.94127382609797,38885234
2005-03-17,24.767423629760742,24.94127204271004,24.588306013370442,24.94127204271004,46906710
2005-03-18,24.23709487915039,24.588307668820427,24.15104847522709,24.41621250760009,83309244
2005-03-21,24.8552303314209,24.94127674577637,24.151051403273357,24.23709781762883,39723277
2005-03-22,24.416208267211914,24.855223001368447,24.323139412222616,24.855223001368447,31780199
2005-03-23,24.416208267211914,24.588303398544312,24.151044280890215,24.502257009564776,50911786
2005-03-24,24.23709487915039,24.588307668820427,24.23709487915039,24.502261264897125,25709707
2005-03-25,24.502262115478516,24.502262115478516,24.237095720526685,24.237095720526685,18786634
2005-03-28,24.32314109802246,24.67610711428967,24.32314109802246,24.58830510272227,22177864
2005-03-29,23.712032318115234,24.323139841003766,23.71203231811523,24.323139841003766,47174486
2005-03-30,24.065000534057617,24.151046932484366,23.625985751700725,23.712034503501062,35748508
2005-03-31,24.588306427001953,24.6761084432982,24.237093655069714,24.32314240802091,56896569
2005-04-01,24.502262115478516,24.76742615705653,24.237095720526685,24.588308522388868,37400550
2005-04-04,24.151042938232422,24.502255647381592,24.15104293823242,24.237089322428275,25981766
2005-04-05,24.151042938232422,24.15104293823242,24.15104293823242,24.15104293823242,0
2005-04-06,24.32314109802246,24.50225870777899,24.15104595476241,24.15104595476241,25566154
2005-04-07,24.151042938232422,24.502255647381592,24.15104293823242,24.416206909812537,32405621
2005-04-08,24.502262115478516,24.502262115478516,24.237095720526685,24.416213355194348,26485739
2005-04-11,24.767423629760742,24.94127204271004,24.588306013370442,24.676108028189663,67282972
2005-04-12,25.292484283447266,25.37853067979029,24.767423115378662,24.767423115378662,54332667
2005-04-13,25.02732276916504,25.292489182917933,25.02732276916504,25.292489182917933,23963102
2005-04-14,25.02732276916504,25.292489182917933,24.94127635615375,24.94127635615375,29241651
2005-04-15,25.02732276916504,25.643699656308126,24.94127635615375,25.113371535550314,100393497
2005-04-18,24.67610740661621,25.2064377756719,24.58830539400866,24.855225018494664,55440289
2005-04-19,24.588306427001953,25.02731886185682,24.58830642700195,24.941272462279244,57626198
2005-04-20,24.588306427001953,24.941272462279244,24.32314240802091,24.941272462279244,61485996
2005-04-21,24.588306427001953,24.767424046405417,24.237093655069714,24.237093655069714,55368010
2005-04-22,25.557647705078125,25.908858102362725,25.027317345866354,25.027317345866354,122946643
2005-04-25,25.378536224365234,25.643700291310267,25.292489809223223,25.557653876168256,46636628
2005-04-26,25.729745864868164,25.908863510812495,25.378535394268724,25.64369945254061,65962069
2005-04-27,25.90886116027832,26.347875973729277,25.81754790529855,25.99666553499276,76657450
2005-04-28,26.168758392333984,26.168758392333984,25.55765076871282,25.90886120809755,56588504
2005-04-29,26.082706451416016,26.16875283783203,25.81754247299417,25.996660065000004,36539092
2005-05-02,26.082706451416016,26.08270645141602,26.08270645141602,26.08270645141602,0
2005-05-03,25.206439971923828,25.996665214365123,25.027319991065028,25.643696809788626,84150213
2005-05-04,24.767423629760742,25.113367192343777,24.588306013370442,25.02731844084012,90187746
2005-05-05,25.378536224365234,25.643700291310267,24.85523055862012,24.85523055862012,66940823
2005-05-06,25.64369773864746,25.64369773864746,25.292487291521123,25.64369773864746,47105875
2005-05-09,25.90886116027832,25.908861160278317,25.464579496368746,25.643697126062957,38043969
2005-05-10,25.817548751831055,25.996666387398356,25.72974437423759,25.996666387398356,31023573
2005-05-11,25.99666976928711,25.99666976928711,25.46458364399779,25.729747721402635,42176885
2005-05-12,26.168758392333984,26.168758392333984,25.90886120809755,26.08271198765402,72889965
2005-05-13,26.69908905029297,26.872937478007003,26.08271221740043,26.08271221740043,103141616
2005-05-16,27.40326499938965,27.40326499938965,26.69908851179733,26.872936936005,94544211
2005-05-17,27.138097763061523,27.403261763441627,26.958980156222946,27.403261763441627,49274250
2005-05-18,26.69908905029297,27.138101515047435,26.69908905029297,27.138101515047435,43849029
2005-05-19,27.40326499938965,27.575360160168216,27.138100967697326,27.138100967697326,63914556
2005-05-20,27.138097763061523,27.57535690389813,27.138097763061523,27.489310510356606,37264206
2005-05-23,26.519968032836914,27.05029843964465,26.519968032836914,27.05029843964465,42611731
2005-05-24,26.958986282348633,27.138103929889677,26.43392501206073,26.519971425155333,42043692
2005-05-25,26.958986282348633,27.31019910945287,26.872939869254033,27.050301899800612,55540918
2005-05-26,27.661399841308594,27.926563808558004,26.958976787855562,27.22414075510497,90467214
2005-05-27,28.365585327148438,28.365585327148438,28.014374892715598,28.014374892715598,58324868
2005-05-30,28.544700622558594,28.54470062255859,28.100419000390783,28.279536613256287,50368785
2005-05-31,28.890642166137695,28.98195775955179,28.365581034066693,28.71679141534445,78017868
2005-06-01,28.544700622558594,29.068006174544834,28.54470062255859,28.890644178333922,61445041
2005-06-02,28.716794967651367,28.890645739950195,28.71679496765137,28.80284372211287,36461406
2005-06-03,28.716794967651367,28.981961344660156,28.63074856656353,28.80284372211287,30239484
2005-06-06,28.802845001220703,28.802845001220703,28.544703433119697,28.71679624293786,49481165
2005-06-07,29.334928512573242,29.334928512573246,28.802844828121863,28.802844828121863,81685665
2005-06-08,29.334928512573242,29.507021321357165,29.155810883147964,29.241857287539926,58040137
2005-06-09,28.981964111328125,29.420976595797303,28.89064849790102,29.334930186495328,61254826
2005-06-10,29.06800651550293,29.24185492707031,29.06800651550293,29.155808529624213,40381357
2005-06-13,30.211200714111328,30.383293512600687,28.981960723851422,29.241855538297344,77638059
2005-06-14,29.507022857666016,30.211204094312627,29.507022857666016,30.123399715158403,49370882
2005-06-15,29.772192001342773,29.772192001342777,29.241861503867224,29.507025575917954,44588599
2005-06-16,29.420978546142578,30.2112062479946,29.334932131136497,30.2112062479946,47888309
2005-06-17,29.334928512573242,29.772187708548152,29.334928512573246,29.420974916965204,49692564
2005-06-20,28.890642166137695,29.42097014780564,28.802840159161597,29.33492375736186,33651878
2005-06-21,28.890642166137695,29.155806156971668,28.71679141534445,28.89064216613769,59172667
2005-06-22,29.507022857666016,29.772189258663126,28.981963966518347,28.981963966518347,63768741
2005-06-23,29.593067169189453,30.032079585438726,29.507018419885053,29.772184781001812,75287497
2005-06-24,30.03208351135254,30.211203499953694,29.507022277160765,29.772188672941134,72130163
2005-06-27,29.241859436035156,29.858236306722574,29.06801099766112,29.858236306722574,44927446
2005-06-28,29.334928512573242,29.420974916965204,28.981962457547144,29.155810883147964,33989396
2005-06-29,28.890642166137695,29.68613649201298,28.89064216613769,29.59306528206657,86358015
2005-06-30,28.890642166137695,29.241852547415448,28.89064216613769,29.241852547415448,23529296
2005-07-01,29.155807495117188,29.241853889510182,28.716792733340785,28.9819590897183,31110298
2005-07-04,29.06800651550293,29.334926144590707,28.890644517211623,28.890644517211623,33702906
2005-07-05,28.981964111328125,29.155812546849162,28.802846471681963,28.98196411132813,36117444
2005-07-06,28.981964111328125,29.241858956151138,28.802846471681963,29.068010520630104,36587608
2005-07-07,29.420978546142578,29.420978546142575,28.802848381050786,29.15581447961645,50484774
2005-07-08,29.334928512573242,29.593070079122874,29.155810883147964,29.420974916965204,34713049
2005-07-11,30.47636604309082,30.734505251929424,29.686140805367238,29.686140805367238,97501719
2005-07-12,30.99966812133789,31.173518890886218,30.64845770217144,30.64845770217144,64570194
2005-07-13,31.35263442993164,31.524727217963967,30.734502062251277,30.999666064094043,45175475
2005-07-14,32.1411018371582,32.40626582141296,31.35263235034896,31.524725126966572,66442199
2005-07-15,31.875944137573242,32.58012299139853,31.875944137573242,32.14110817410781,45062096
2005-07-18,31.875944137573242,31.875944137573242,31.875944137573242,31.875944137573242,0
2005-07-19,32.1411018371582,32.66616295620145,31.875937852903448,31.875937852903448,38474393
2005-07-20,31.875944137573242,32.32022580536864,31.703848973651986,32.14110817410781,48299972
2005-07-21,31.875944137573242,32.93133343320684,31.43868493711742,31.43868493711742,55222841
2005-07-22,30.827577590942383,31.969015655652505,30.383295919087704,31.87594442881505,103879679
2005-07-25,30.562414169311523,30.999671029220767,30.476367761513558,30.82757821362484,58691160
2005-07-26,30.734500885009766,31.264831221755212,30.476361712848934,30.56240810356921,60234695
2005-07-27,31.08572006225586,31.264837700337704,30.648460845148676,31.08572006225586,32045959
2005-07-28,31.969017028808594,32.055063438564446,31.085720497712057,31.085720497712057,53454336
2005-07-29,31.43868637084961,32.32022727930269,31.43868637084961,32.32022727930269,40069241
2005-08-01,31.08572006225586,31.524732542890927,30.999671300331507,31.438686134340436,20818275
2005-08-02,31.61780548095703,31.789900660731405,30.913626562263975,31.617805480957035,64273821
2005-08-03,31.789899826049805,32.228912318881044,31.438687007736096,31.969017469107698,53748271
2005-08-04,31.789899826049805,32.05506388004864,31.617804650793992,32.05506388004864,33120849
2005-08-05,31.789899826049805,31.7898998260498,31.7898998260498,31.7898998260498,0
2005-08-08,31.43868637084961,31.70385041947674,31.26483793553904,31.61780401027893,36944449
2005-08-09,31.26483154296875,31.524726334337686,31.173515948323054,31.26483154296875,28795984
2005-08-10,30.827577590942383,31.52473163042403,30.56241355198508,31.52473163042403,51622816
2005-08-11,30.827577590942383,30.99967040306223,30.56241355198508,30.99967040306223,24979892
2005-08-12,30.211200714111328,31.085716700374004,29.85823232682598,30.913621548511035,47922590
2005-08-15,28.981964111328125,30.032084252244314,28.98196411132813,29.85823581672328,93856568
2005-08-16,29.420978546142578,29.68614496604274,28.981966032570835,29.068012447576912,58960109
2005-08-17,29.686138153076172,30.032079350740464,29.334925398773233,29.59306693792204,54379392
2005-08-18,29.858232498168945,30.47636490695665,29.772186098430485,29.85823249816895,50305718
2005-08-19,30.211200714111328,30.211200714111325,29.68613952833662,30.032080742027222,55581175
2005-08-22,30.91362762451172,30.91362762451172,30.38329948436662,30.562417138282267,41003659
2005-08-23,30.3832950592041,30.999669525734497,30.383295059204105,30.913623122109787,35390184
2005-08-24,30.47636604309082,30.648458848983225,30.21120201372889,30.38329481962129,27620363
2005-08-25,30.47636604309082,30.734505251929424,30.29724841667509,30.38329481962129,20620578
2005-08-26,30.648456573486328,30.827574186603456,30.211199770696155,30.476363780370963,39340786
2005-08-29,30.211200714111328,30.383293512600687,29.334926757763157,30.383293512600687,57367847
2005-08-30,29.772192001342773,29.858238418141603,29.420979159119128,29.858238418141603,49450598
2005-08-31,29.686138153076172,29.94427733885148,29.2418541836191,29.507018189290104,64684834
2005-09-01,29.686138153076172,29.686138153076175,29.686138153076175,29.686138153076175,0
2005-09-02,30.76058006286621,30.76058006286621,29.71065778268105,29.71065778268105,54494957
2005-09-05,31.709714889526367,32.024690471719985,31.18475480141231,31.709714889526364,56446125
2005-09-06,31.919696807861328,32.129681296759266,31.499727830065453,32.02468787562337,41784488
2005-09-07,31.394737243652344,32.024688366630805,31.18475275153489,31.919697297259027,45399596
2005-09-08,31.81470489501953,32.02468939387256,31.394738250687436,31.49972932342697,38977395
2005-09-09,31.919696807861328,32.129681296759266,31.70971231896339,32.02468787562337,29529615
2005-09-12,32.75963592529297,32.862530147991706,31.919700232947285,32.234675823405155,40492639
2005-09-13,33.072509765625,33.387485309475395,32.75963107779352,32.967516348759034,37762474
2005-09-14,32.654632568359375,33.07250222440001,32.234663703404735,32.86251779192269,50503812
2005-09-15,32.23466110229492,32.549638902281025,32.1296700712149,32.23466110229492,22556191
2005-09-16,32.9675178527832,32.9675178527832,31.919696965955676,32.23467252417569,34478740
2005-09-19,32.86252212524414,32.86252212524414,32.33966136070593,32.75962792766502,27589350
2005-09-20,32.86252212524414,32.96751317864053,32.44465241410232,32.54964582087224,29219124
2005-09-21,32.54964828491211,33.072509089031385,32.54964828491211,32.654639346256424,31398221
2005-09-22,31.289745330810547,32.23467441425021,31.289745330810547,32.129683339812026,67829514
2005-09-23,30.76058006286621,31.184747393239334,30.44560220212392,31.079753988534073,74145787
2005-09-26,30.76058006286621,31.289738444571107,30.44560220212392,31.079753988534073,37537932
2005-09-27,31.709714889526367,31.709714889526364,30.65559394062779,30.760587370275026,40471577
2005-09-28,30.974769592285156,31.49972966848127,30.865577745820428,31.394738594591644,57526726
2005-09-29,32.02259063720703,32.02259063720703,30.867677053867798,30.867677053867798,45547022
2005-09-30,32.44255447387695,32.54754553137999,32.12757894799423,32.12757894799423,46137550
2005-10-03,32.12758255004883,32.44255811124574,31.812604635478035,32.23257361932317,30155107
2005-10-04,32.65254211425781,32.65254211425781,32.127582068998635,32.23257313670093,44427663
2005-10-05,32.65254211425781,32.757533181960106,32.33756420440322,32.33756420440322,25933275
2005-10-06,32.337562561035156,32.337562561035156,32.02258702056121,32.23257149866842,23106968
2005-10-07,32.02259063720703,32.442559640852934,32.02259063720703,32.127584064805504,18949770
2005-10-10,32.02259063720703,32.02259063720703,32.02259063720703,32.02259063720703,0
2005-10-11,32.337562561035156,32.75753151724957,32.337562561035156,32.547547039142366,24478990
2005-10-12,31.602615356445312,32.44255319690323,31.182648789589884,32.23256873678875,24473114
2005-10-13,31.077655792236328,31.4976247179976,30.972664737482795,31.4976247179976,21109163
2005-10-14,30.8676700592041,31.49762342192451,30.8676700592041,31.18264791725104,22954195
2005-10-17,30.23771858215332,31.18264743493145,30.02773413116113,31.07765403274864,35214256
2005-10-18,29.8177547454834,30.552699272118616,29.817754745483395,30.4477082054738,26905736
2005-10-19,29.187795639038086,29.60776453112095,28.7678291003286,29.60776453112095,34697177
2005-10-20,30.23771858215332,30.3427096309627,29.39778077818457,29.39778077818457,38872002
2005-10-21,30.027742385864258,30.552702480970886,29.817757877146793,29.817757877146793,21861278
2005-10-24,30.027742385864258,30.44771140329919,29.817757877146793,29.922748954818488,23409577
2005-10-25,30.55270004272461,31.077660095937006,30.342715550764872,30.447708973431684,41830517
2005-10-26,30.9726619720459,30.9726619720459,30.447702038402866,30.657684129161396,22798483
2005-10-27,30.657691955566406,30.867676453303883,30.34271638564717,30.657691955566406,21952354
2005-10-28,30.132728576660156,30.657688586629643,29.39778409202814,30.447706465340804,34497396
2005-10-31,30.447710037231445,30.9726701087852,30.02774103863885,30.02774103863885,25992034
2005-11-01,31.602615356445312,31.917593223303797,31.07765538284588,31.07765538284588,55383275
2005-11-02,32.12758255004883,32.44255811124574,31.917598058126263,31.917598058126263,35646134
2005-11-03,32.12758255004883,32.44255811124574,32.0225891274006,32.33756468859751,33037235
2005-11-04,32.757537841796875,32.757537841796875,32.3375688044984,32.3375688044984,37241440
2005-11-07,32.547542572021484,32.75752702130851,32.12757602682083,32.547542572021484,22675089
2005-11-08,32.65254211425781,32.65254211425781,32.44255762547937,32.54754869318167,19340517
2005-11-09,32.9675178527832,32.9675178527832,32.337564382969305,32.337564382969305,31062934
2005-11-10,32.86252212524414,33.38748209897316,32.86252212524414,32.96751317864053,23668116
2005-11-11,33.597469329833984,33.597469329833984,33.17750037486763,33.282491436922356,32828641
2005-11-14,34.33241653442383,34.54240102848247,33.597471981905514,33.597471981905514,32050085
2005-11-15,34.01743698120117,34.22742146516445,33.49247694797988,34.22742146516445,24725778
2005-11-16,34.752384185791016,35.0673597380765,33.91244624186462,34.12243072784622,37779085
2005-11-17,34.437400817871094,34.962360772872074,34.12242531554519,34.962360772872074,17947930
2005-11-18,35.06735610961914,35.17234716505949,34.64738718111059,34.857371645364864,33930372
2005-11-21,34.85736846923828,35.382328405353995,34.64738402411732,35.2773373594802,15350783
2005-11-22,33.912437438964844,34.75237516486244,33.912437438964844,34.75237516486244,26268201
2005-11-23,35.17234802246094,35.17234802246094,34.33241249834218,34.54239696771528,28791899
2005-11-24,34.752384185791016,35.172350804380386,34.542399699809415,35.172350804380386,23433080
2005-11-25,34.752384185791016,34.96236631839879,34.647390766113304,34.752384185791016,10600119
2005-11-28,35.06735610961914,35.48732503812769,34.75238058992451,34.75238058992451,26820535
2005-11-29,34.542396545410156,35.27734100254397,34.542396545410156,35.17234759245422,23876711
2005-11-30,35.592315673828125,35.69730672803032,34.64738677251421,34.64738677251421,38128701
2005-12-01,35.592315673828125,35.90729118980825,35.48732461962594,35.592315673828125,29679160
2005-12-02,36.117279052734375,36.2222724701973,35.69731008963022,35.9072945711823,33342782
2005-12-05,36.95722198486328,37.06221306317366,36.432261886563204,36.432261886563204,33222326
2005-12-06,37.272186279296875,37.37717967916722,36.74722634006528,36.74722634006528,37106295
2005-12-07,37.5871696472168,37.5871696472168,37.06220959799848,37.377187510228566,37041660
2005-12-08,36.74723434448242,37.69216338227654,36.43225878300901,37.58716995953614,44398284
2005-12-09,36.64223861694336,37.0622075747411,36.5372475541808,36.74723203307967,26083110
2005-12-12,36.64223861694336,36.64223861694336,36.0122875336205,36.43225649141824,30084597
2005-12-13,36.327266693115234,36.43226011970784,35.90729769349278,36.327266693115234,28310076
2005-12-14,35.80229949951172,36.22226841560605,35.69730609380138,36.117275009895714,23406639
2005-12-15,36.01228713989258,36.222271616495654,35.69730924830111,35.8023026632895,23436018
2005-12-16,36.95722198486328,37.06221306317366,36.327268454878734,36.327268454878734,36797810
2005-12-19,37.272186279296875,37.272186279296875,36.9572107864326,37.167195232799905,12568545
2005-12-20,37.5871696472168,37.5871696472168,36.852225107636386,37.272194088360585,26006724
2005-12-21,38.217124938964844,38.532100512826474,37.797155938233345,37.90214936510321,35152559
2005-12-22,38.217124938964844,38.217124938964844,38.217124938964844,38.217124938964844,0
2005-12-23,38.74207305908203,38.74207305908203,37.69215323458663,38.21711314683433,30419523
2005-12-26,38.74207305908203,38.74207305908203,38.74207305908203,38.74207305908203,0
2005-12-27,38.217124938964844,38.532100512826474,37.90214936510321,38.42710943933059,12171922
2005-12-28,37.79715347290039,38.11213137959146,37.69216240625259,38.007137959569825,20880003
2005-12-29,38.74207305908203,38.74207305908203,38.0071287112606,38.21711314683433,37958300
2005-12-30,37.79715347290039,38.74208248622594,37.79715347290039,38.74208248622594,37009342
2006-01-02,38.112125396728516,38.112125396728516,37.27218758190468,37.37718098544439,14701496
2006-01-03,39.05705261230469,39.162046017736785,37.79714822073403,38.112126083656825,27740113
2006-01-04,41.15689468383789,41.68185226557375,39.26703468137265,39.37202808041851,95318815
2006-01-05,42.62678527832031,42.94176078226898,41.36687855577873,41.36687855577873,62995501
2006-01-06,41.996829986572266,42.83676781005793,41.15689686983358,42.83676781005793,36151461
2006-01-09,41.57686233520508,42.206818075289505,40.73692919300436,41.99683125967899,32214610
2006-01-10,41.366886138916016,41.57686827779219,40.8419237316039,41.57686827779219,17166435
2006-01-11,41.57686233520508,42.10182466748425,41.05190470967302,41.99683125967899,38028811
2006-01-12,44.41165542602539,44.41165542602539,42.626790865217686,42.626790865217686,88012136
2006-01-13,44.30665969848633,44.7266286391458,43.88669075782685,44.41165311033802,49798234
2006-01-16,47.24643325805664,47.351426660311986,44.09667355111785,44.62163114890089,65125514
2006-01-17,46.40650939941406,47.87639849664453,46.09152912993799,47.35143608759888,50183105
2006-01-18,44.096683502197266,45.25159706738915,43.36173893405224,45.14660364144045,55127674
2006-01-19,43.676719665527344,45.04161553713028,43.361744057215006,44.09668871219328,36838941
2006-01-20,43.99168395996094,45.14659736458196,43.78170184400587,44.5166463099695,29068066
2006-01-23,43.99168395996094,44.6216350145734,42.206819500727455,42.206819500727455,37479414
2006-01-24,43.88669204711914,44.62163653817742,43.88669204711914,44.2016675851802,38140453
2006-01-25,45.1465950012207,45.3565771061835,44.20166376202058,44.516643979585304,34635480
2006-02-03,44.2016716003418,46.19652313159871,43.676713891470094,45.881547564926116,52903646
2006-02-06,44.41165542602539,44.41165542602539,42.83677299312255,43.88669304614193,50617922
2006-02-07,44.726627349853516,44.83162075867866,43.466720564193224,44.20166501247494,39518351
2006-02-08,44.51664352416992,44.93660772979918,44.09667461179369,44.83161903176535,27178965
2006-02-09,44.93661117553711,45.35658012011655,44.30666011204162,45.146598001200495,37505856
2006-02-10,43.676719665527344,44.936622098776674,43.46673278882013,44.936622098776674,29082756
2006-02-13,42.101829528808594,43.15174960784976,41.996836108880174,43.04675618792134,52980033
2006-02-14,42.41680145263672,42.94176380061501,41.05190593733933,41.99683251560354,46495980
2006-02-15,42.41680145263672,43.46672144184604,42.41680145263672,42.62678827452694,32925593
2006-02-16,44.30665969848633,44.621635227294114,43.15174628835959,43.256739700211284,48517288
2006-02-17,43.781700134277344,44.93660878705051,43.781700134277344,44.83162008654655,19690133
2006-02-20,43.99168395996094,44.201666075916,43.04675267129498,43.256739493997316,16370251
2006-02-21,43.25674057006836,44.516647417382465,43.25674057006836,44.30666058945642,26829349
2006-02-22,42.52178955078125,43.57170940881042,41.99682726839334,43.15174052424942,34864640
2006-02-23,41.78684616088867,42.521790549444596,41.68185276059589,42.521790549444596,41151850
2006-02-24,42.52178955078125,42.52178955078125,41.57685838383234,41.57685838383234,36080951
2006-02-27,43.25674057006836,43.25674057006836,41.78685160157559,42.20682055068029,26694204
2006-03-01,42.206817626953125,44.306657520270306,42.206817626953125,42.41679973358602,51496369
2006-03-02,43.88669204711914,44.306661000116364,43.676709923994245,43.78170333893041,45121019
2006-03-03,43.0467529296875,44.20166634124101,42.836770812472004,43.57171528284721,23312624
2006-03-06,43.361732482910156,43.67670800714783,42.83677013801587,43.04675225192525,20824182
2006-03-07,43.0467529296875,43.466721870865804,42.7317774004906,43.361733165631705,31412550
2006-03-08,41.891845703125,42.73177890837315,41.78685228743868,42.41680336806166,66923539
2006-03-09,42.101829528808594,42.31181166191776,41.78685397577101,41.78685397577101,23418391
2006-03-10,41.891845703125,42.626790199434296,41.68185887175236,41.891845703125,32102968
2006-03-13,41.681861877441406,41.89184872395625,41.0519107513925,41.89184872395625,32390887
2006-03-14,41.681861877441406,42.206824286980705,41.36688631441695,41.786855300698825,37558739
2006-03-15,41.996829986572266,42.311805493692646,41.89184128869679,42.20681679581717,19769458
2006-03-16,42.73177719116211,44.09667741999223,41.99683272438715,42.10182613585422,47021872
2006-03-17,42.31181716918945,43.04676179085283,42.20682844234344,42.73178619681828,21787829
2006-03-20,41.996829986572266,42.83676781005793,41.89184128869679,42.4167988983151,28550987
2006-03-21,41.366886138916016,42.20682410791628,41.366886138916016,41.996837262292324,35035041
2006-03-22,39.05705261230469,41.156897187211605,38.6370860506968,41.156897187211605,65633779
2006-03-23,39.477020263671875,39.79199576313916,38.11212486373137,38.84706691136389,69315029
2006-03-24,39.26704025268555,39.7920002622775,38.637089182524676,39.37203366662815,36671478
2006-03-27,39.79199981689453,40.21196876121695,39.267039813178336,39.267039813178336,27126082
2006-03-28,40.736934661865234,41.26189235787193,40.10697883721036,40.211972259110794,36791934
2006-03-29,41.15689468383789,41.47187017422875,40.631932395355314,41.15689468383789,31145196
2006-03-30,41.681861877441406,41.89184872395625,41.156904174649924,41.681861877441406,39959043
2006-03-31,42.206817626953125,42.83676865359887,41.68185530025029,41.68185530025029,39124666
2006-04-03,42.94176483154297,43.04675353826135,42.101826937311735,42.31180905749586,29561642
2006-04-04,42.62678527832031,43.15174288265245,42.311805067624725,43.046749479087254,26550244
2006-04-06,43.15174102783203,43.466716518241896,42.941758936474365,43.04674762877984,45267917
2006-04-07,43.781700134277344,43.781700134277344,42.731775475261045,43.4667199125242,42955751
2006-04-10,43.0467529296875,43.676708694828605,42.9417642244534,43.676708694828605,17483734
2006-04-11,42.83676528930664,42.83676528930664,42.20681431213567,42.62678319916522,16625853
2006-04-12,43.676719665527344,43.781713103880946,42.31181908717592,42.31181908717592,22108065
2006-04-13,43.99168395996094,44.411652898618335,43.676708432654706,44.096677371312104,28736078
2006-04-14,44.726627349853516,44.726627349853516,43.9916829015718,44.09667631039695,20436372
2006-04-17,44.51664352416992,45.04160113457998,44.09667461179369,44.72662562698455,21370640
2006-04-18,44.096683502197266,44.516652499244124,43.15175208215485,44.096683502197266,20301227
2006-04-19,45.04160690307617,45.14660032130352,44.62163793691435,44.62163793691435,27834128
2006-04-20,46.1965217590332,46.1965217590332,44.93661482302863,45.25159508709056,29940637
2006-04-21,47.4564208984375,47.666402999899844,46.406500977631886,46.61648307909423,40816924
2006-04-24,46.82646560668945,47.561410028616265,46.72147690837633,47.246434520182916,19405152
2006-04-25,45.776546478271484,47.876391082525174,45.56656437121965,47.0364532408237,25357437
2006-04-26,46.61648941040039,46.82647154038185,45.1466003802874,45.77655147697937,19969238
2006-04-27,45.35657501220703,47.141444002350354,45.35657501220703,46.616481704058764,18276980
2006-04-28,45.46157455444336,46.406505877665985,45.25159243080913,46.19651904728432,19146613
2006-05-02,45.251590728759766,46.301510720935106,44.306659441078864,45.7765483714738,30219742
2006-05-03,44.831626892089844,45.46157801772997,44.41165790608049,45.04160903172062,33853985
2006-05-04,47.87638473510742,47.87638473510742,45.461564937057574,45.461564937057574,50429893
2006-05-05,48.19137191772461,49.34628540090189,48.086378499231884,49.34628540090189,50512156
2006-05-08,48.61133575439453,48.611335754394524,47.03645347021065,48.191366831495685,23380197
2006-05-09,47.87638473510742,48.61132907247104,47.351422476956365,48.40134228651204,28119109
2006-05-10,48.08637237548828,48.29635447898518,47.24643454800672,48.08637237548828,20465752
2006-05-11,48.71632385253906,48.71632385253906,47.45642180617201,47.66640391165084,22216769
2006-05-12,47.56142044067383,48.191376302196275,47.24644486328661,47.77140729676398,23418391
2006-05-15,46.1965217590332,47.03645971636959,46.09152833767923,46.6164907377014,30105162
2006-05-16,45.46157455444336,46.61648800130021,45.356581139252526,46.61648800130021,23183355
2006-05-17,45.986534118652344,46.406503047051785,45.6715538922924,45.77654730107905,15562315
2006-05-18,45.986534118652344,45.986534118652344,45.986534118652344,45.986534118652344,0
2006-05-19,45.986534118652344,45.986534118652344,45.986534118652344,45.986534118652344,0
2006-05-22,44.51664352416992,45.77654555455164,44.306656714608316,45.77654555455164,24978441
2006-05-23,42.83676528930664,44.096671950395276,42.83676528930664,43.67670306336573,34885205
2006-05-24,42.73177719116211,43.57171506940414,41.261888257612185,43.04675271881605,38663408
2006-05-25,41.57686233520508,43.046751217490225,41.57686233520508,42.83676910862682,29470565
2006-05-26,43.571712493896484,44.41165032249011,42.62678596678891,42.62678596678891,43669673
2006-05-29,43.571712493896484,43.57171249389649,43.57171249389649,43.57171249389649,0
2006-05-30,43.0467529296875,43.78170210681001,42.9417642244534,43.57171528284721,21326571
2006-06-01,41.996829986572266,43.676705633543584,41.89184128869679,43.04674991255585,39900284
2006-06-02,43.676719665527344,44.09668871219328,42.626799402236735,43.2567506188614,32766944
2006-06-05,41.996829986572266,44.09667454528641,41.78684788407434,43.991681140663964,26018475
2006-06-06,42.62678527832031,42.62678527832031,41.47187195934393,41.99682956367606,31744538
2006-06-07,41.996829986572266,42.311805493692646,41.78684788407434,42.20681679581717,20774237
2006-06-08,40.42195129394531,42.626789450903495,40.21196917300745,41.89184496749989,49892249
2006-06-09,40.42195129394531,41.1569004840963,39.89699363822696,40.94691365641105,49322286
2006-06-12,40.63194274902344,40.946918319675106,40.106980326772046,40.421955897423715,37532297
2006-06-13,40.736934661865234,40.736934661865234,39.47702771930323,40.31696568101123,42864675
2006-06-14,41.15689468383789,42.10182115501047,39.79199461648187,39.89698801552773,47950264
2006-06-15,42.206817626953125,43.04675076023176,41.57686189356032,42.206817626953125,39838587
2006-06-16,43.15174102783203,43.781696715398475,42.52179004701231,43.67670331634628,37899541
2006-06-19,42.83676528930664,43.15174077789213,41.99682751524755,43.15174077789213,22769104
2006-06-20,39.896995544433594,42.3118112309578,39.896995544433594,42.10182909998737,55489041
2006-06-21,39.896995544433594,40.94691561278097,39.47702657574512,39.896995544433594,36010440
2006-06-22,41.681861877441406,41.99683744046586,41.156904174649924,41.99683744046586,35769528
2006-06-23,41.366886138916016,41.786855123416146,40.42195474710376,41.15690400003984,31459557
2006-06-26,41.78684616088867,42.20681505531302,41.05190177233274,41.05190177233274,29303102
2006-06-27,41.681861877441406,42.52179985000515,41.57686845418399,41.99683744046586,33521997
2006-06-28,40.526947021484375,41.156902833757115,40.106978048885104,40.526947021484375,43763687
2006-06-29,40.9469108581543,41.26188637140978,40.526941938231296,40.526941938231296,40085375
2006-06-30,41.996829986572266,42.10182339119472,41.47187237695396,42.10182339119472,73586807
2006-07-03,41.996829986572266,42.52179230293755,41.57686107482944,42.52179230293755,20480442
2006-07-04,42.83676528930664,43.46671626647761,42.20681431213567,42.41679640227709,45003501
2006-07-05,41.996829986572266,42.941761214680376,41.996829986572266,42.52179230293755,28956424
2006-07-06,41.681861877441406,41.99683744046586,41.36688631441695,41.36688631441695,30378392
2006-07-07,41.996829986572266,41.996829986572266,41.36687897233151,41.68185447945189,19381649
2006-07-10,42.206817626953125,42.206817626953125,41.36687978692742,41.57686189356032,20310041
2006-07-11,41.78684616088867,42.521790549444596,41.78684616088867,42.20681505531302,22472371
2006-07-12,41.57686233520508,42.31180677634765,41.36688022634168,42.206818075289505,26564934
2006-07-13,40.526947021484375,41.366884966682925,40.421953601647644,41.366884966682925,47635904
2006-07-14,39.26704025268555,39.7920002622775,38.95206471760511,39.7920002622775,77573604
2006-07-17,37.5871696472168,39.16205214824561,37.377187510228566,38.74208316752141,49989201
2006-07-18,37.90214538574219,38.21712092653441,37.167200888311164,37.69216090742279,39430212
2006-07-19,37.79715347290039,38.95206697289537,37.79715347290039,38.4271069329087,33692398
2006-07-20,40.001983642578125,40.21196574561857,38.84706795561472,39.267036868442595,44953556
2006-07-21,39.477020263671875,39.477020263671875,38.95206031343526,39.26703581290255,22539944
2006-07-24,38.112125396728516,38.63708535430668,38.00713199318881,38.42710090060072,33319279
2006-07-25,38.322113037109375,39.1620509733591,38.322113037109375,39.057057554640984,36075075
2006-07-26,38.322113037109375,38.322113037109375,38.322113037109375,38.322113037109375,0
2006-07-27,38.322113037109375,38.322113037109375,38.322113037109375,38.322113037109375,0
2006-07-28,40.31696701049805,40.31696701049805,39.477029021092356,39.8969980157952,21914161
2006-07-31,40.736934661865234,41.471879201672806,40.526947818064365,40.736934661865234,38933699
2006-08-01,40.21196746826172,41.15689873929116,40.21196746826172,40.94691192050809,15321403
2006-08-02,40.63194274902344,40.946918319675106,40.21197375257191,40.31696717837177,15497680
2006-08-03,41.15689468383789,41.36687677518289,40.736925794401174,40.94690788574617,29223778
2006-08-04,41.15689468383789,41.47187017422875,40.631932395355314,41.47187017422875,24099995
2006-08-07,40.736934661865234,41.156903642719236,40.526947818064365,40.736934661865234,19590243
2006-08-08,41.15689468383789,41.15689468383789,40.736925794401174,40.736925794401174,12915223
2006-08-09,41.78684616088867,41.89183956118145,41.156895172625525,41.366877266464314,33445610
2006-08-10,43.0467529296875,43.2567397536503,41.996832930115396,41.996832930115396,51816605
2006-08-11,43.361732482910156,43.46672118649123,42.94176354834418,43.25673907258185,36410001
2006-08-14,45.1465950012207,45.1465950012207,43.78169955209499,43.78169955209499,41997980
2006-08-15,45.04160690307617,45.35658245101064,44.411655807207225,45.35658245101064,42221264
2006-08-16,45.04160690307617,45.04160690307617,45.04160690307617,45.04160690307617,0
2006-08-17,48.938819885253906,48.93881988525391,48.55548798978893,48.81104258676558,123313062
2006-08-18,47.91659927368164,48.81104518420652,47.40549005253006,48.81104518420652,68946316
2006-08-21,45.744380950927734,47.66104533059865,45.61660364385032,47.66104533059865,48965
2006-08-22,46.511043548583984,46.766602929408776,45.999934333953505,45.999934333953505,34276
2006-08-23,45.99993133544922,46.63882258560077,45.10549026814999,46.51104051676307,41261044
2006-08-24,46.2554931640625,46.511047794708034,45.61660658744864,45.99993853341696,18731872
2006-08-25,46.127716064453125,47.022162049405324,46.127716064453125,46.38327069629375,19045254
2006-08-28,45.488826751708984,46.1277132929238,45.36104944346602,45.99993598468084,17524865
2006-08-29,46.127716064453125,46.38327069629375,45.74438411669219,45.74438411669219,21459268
2006-08-30,47.149932861328125,47.53326475621115,46.51104159634705,46.51104159634705,34912626
2006-08-31,47.405494689941406,48.55549532354013,47.405494689941406,48.04438127887954,45261551
2006-09-01,48.81103515625,49.19436699336028,48.0443667085208,48.0443667085208,58080802
2006-09-04,51.238826751708984,52.13326802826173,49.833271400758605,50.08882605120224,67376962
2006-09-05,50.727718353271484,51.36660499074643,50.344381597276076,51.23882766325144,36822293
2006-09-06,50.08882141113281,51.11104469172221,50.08882141113281,50.08882141113281,37478435
2006-09-07,49.57770919799805,49.961041115269445,48.811045363455264,49.06659997496952,44737617
2006-09-08,50.21660614013672,50.472165578155646,49.1943874821035,49.57771947886596,31776366
2006-09-11,50.34437942504883,52.005489384321606,49.83327013712189,50.855493486486,40617144
2006-09-12,49.32215118408203,50.98326081784565,49.32215118408203,50.98326081784565,24793840
2006-09-13,50.08882141113281,50.47215812479753,49.44993484420813,50.344376037902684,25658087
2006-09-14,49.8332633972168,50.85548660832611,49.32215417841693,50.344372616016656,25520983
2006-09-15,50.59992218017578,50.59992218017578,49.322144607615115,49.83325372723591,19045254
2006-09-18,52.5166015625,52.644383665024456,51.36660560137436,51.36660560137436,72187853
2006-09-19,52.0054817199707,52.644373009232474,51.87770441682025,52.644373009232474,33404479
2006-09-20,52.77214813232422,52.77214813232421,51.4943703800962,51.877702273711805,36249393
2006-09-21,52.13325500488281,53.92214188461784,52.005477711580966,53.66658729801414,35938460
2006-09-22,52.5166015625,52.5166015625,51.49438293038832,51.8777149174302,15314058
2006-09-25,52.5166015625,52.644383665024456,51.49438293038832,52.133269575458115,18474802
2006-09-26,52.13325500488281,52.89992353820306,51.87770041827912,52.64436895159937,16685101
2006-09-27,51.87770462036133,52.77215051943334,51.74992731670955,52.51659113862023,32483922
2006-09-28,51.49437713623047,52.516595653321914,51.23882250695761,51.877709080139766,41966152
2006-09-29,51.49437713623047,51.877709080139766,51.23882250695761,51.494377136230476,20976955
2006-10-02,52.64436721801758,52.64436721801758,51.6221441317555,51.877698709943765,27741582
2006-10-03,53.411041259765625,53.538818573518036,52.26104066248401,52.64437737725116,30290253
2006-10-04,52.38882064819336,53.79437594466653,52.38882064819336,53.79437594466653,20342848
2006-10-05,54.17770767211914,54.17770767211914,52.89993447492916,53.027711794648155,42556190
2006-10-09,54.17770767211914,54.17770767211914,54.17770767211914,54.17770767211914,0
2006-10-11,53.15548324584961,53.922147079521714,53.027705940237595,53.66659246829768,30574255
2006-10-12,53.15548324584961,53.922147079521714,53.15548324584961,53.66659246829768,25954330
2006-10-13,54.43325424194336,54.81659091778166,53.66659043728564,54.0499223396145,37027949
2006-10-16,55.32771682739258,55.45549416675193,53.92216132092884,54.305493339006894,41804565
2006-10-17,54.944366455078125,55.45547564177885,54.68880708821848,54.94436645507813,29448041
2006-10-18,54.816593170166016,54.816593170166016,54.17770186652344,54.30547917255002,26316677
2006-10-19,55.19992446899414,55.19992446899414,54.43325586792574,54.56103317251887,20763954
2006-10-20,54.56104278564453,55.45548884889878,54.56104278564453,55.19993419468626,21522924
2006-10-23,54.944366455078125,54.94436645507813,54.17769790151776,54.43325249486812,16146477
2006-10-24,54.944366455078125,55.32769834510367,54.5610297915433,54.81658915840295,16998482
2006-10-25,54.816593170166016,55.32770239427236,54.816593170166016,54.944370476192596,14124189
2006-10-26,54.816593170166016,54.816593170166016,54.816593170166016,54.816593170166016,0
2006-10-27,56.09436798095703,57.244368544593776,55.96659067094293,55.96659067094293,32361507
2006-10-30,54.944366455078125,55.96658482847957,54.81658915840295,55.96658482847957,32148506
2006-10-31,55.072147369384766,55.45547928459097,54.816592759247285,54.944370064316026,15282231
2006-11-01,55.711036682128906,56.6054778623618,55.19992743628154,55.19992743628154,31027189
2006-11-02,57.24436950683594,57.49992413115986,55.83881429954447,56.094368923868394,32456990
2006-11-03,58.52213668823242,59.799914453662545,56.98880909792754,57.24436369631169,60489920
2006-11-06,59.03325271606445,59.799916537938316,57.62769760245282,57.62769760245282,29558214
2006-11-07,59.92770004272461,61.588809935514256,59.799922725856945,60.055477359592274,27063406
2006-11-08,59.79991149902344,60.18324337765971,59.288802327508414,60.05546608478095,16689998
2006-11-09,59.79991149902344,60.94991190844139,59.67213420614468,59.92768879190219,32824234
2006-11-10,60.566585540771484,61.20547688716101,59.54436702416418,59.54436702416418,24607770
2006-11-13,58.77770233154297,61.077698735912875,58.52214293238196,60.56658471110076,20773747
2006-11-14,58.1387939453125,59.54434874773928,56.988798467106626,59.03323964631445,35637320
2006-11-15,57.88325500488281,59.28881018636765,57.62770038525099,58.522141553962385,24597977
2006-11-16,58.1387939453125,58.52212577138112,57.24435301781904,57.88323939460008,22597723
2006-11-17,57.49991989135742,58.13880640505844,57.24436528587702,58.13880640505844,32736096
2006-11-20,61.333251953125,61.33325195312499,56.988813869800694,57.49992310936596,63212419
2006-11-21,60.43880844116211,61.07769978982402,60.05547649607095,61.07769978982402,20477504
2006-11-22,61.716583251953125,61.84436056053835,60.311028084005976,60.566582701176415,35654458
2006-11-23,61.20547866821289,62.09991989627212,60.56658730323192,61.71658794138959,18447871
2006-11-24,60.43880844116211,61.07769978982402,60.43880844116211,61.07769978982402,11602450
2006-11-27,61.07769775390625,61.46102968621972,60.31102911576951,61.33325237544856,13355426
2006-11-28,60.055477142333984,60.82214104076645,60.055477142333984,60.311031775144805,14653020
2006-11-29,60.055477142333984,60.82214104076645,59.544367876712336,59.79992250952316,24333562
2006-11-30,60.1832389831543,60.56657083380015,59.67212984895983,60.43879355025153,21077335
2006-12-01,60.566585540771484,60.566585540771484,59.28881239501236,60.183253597043745,21038162
2006-12-04,59.544368743896484,60.56658729002702,59.03325947083122,60.56658729002702,19627947
2006-12-05,59.544368743896484,60.05547801696175,58.77770483429858,60.05547801696175,32621026
2006-12-06,60.1832389831543,60.43879355025153,59.54435256541121,59.54435256541121,28510346
2006-12-07,60.1832389831543,60.94990745795481,60.05546169960568,60.05546169960568,26365643
2006-12-08,60.1832389831543,60.1832389831543,59.54435256541121,60.05546169960568,18712286
2006-12-11,59.92770004272461,60.311031993327596,59.67214540898929,60.055477359592274,15343438
2006-12-12,58.77770233154297,60.05547545979853,58.64992501871741,59.79992083414742,34038586
2006-12-13,58.39436340332031,58.777700100758125,56.861035707607876,58.777700100758125,43550196
2006-12-14,57.755470275878906,58.52213403628982,57.627692982477086,58.01102486268254,22656482
2006-12-15,58.2665901184082,58.52214475200525,57.7554808512141,57.88325816801263,27376787
2006-12-18,59.16102600097656,60.18324436070372,58.011025572774294,58.26658016270608,37390296
2006-12-19,58.90547561645508,59.41658483280803,58.77769831236684,58.90547561645508,48419846
2006-12-20,58.90547561645508,59.28880752871979,58.6499210082786,58.6499210082786,19640188
2006-12-21,59.544368743896484,60.05547801696175,58.522145424255854,58.522145424255854,18780838
2006-12-22,59.544368743896484,60.05547801696175,59.416591425630166,59.92770069869544,10486029
2006-12-25,58.52213668823242,59.544359855278394,58.52213668823242,59.544359855278394,9636472
2006-12-26,58.52213668823242,59.416582556086325,58.52213668823242,58.649918760933886,15331196
2006-12-27,58.52213668823242,59.67213715447047,58.52213668823242,58.90547335931803,15015367
2006-12-28,59.03325271606445,59.1610300197101,58.138806817035395,58.777698108773166,13747152
2006-12-29,59.41658401489258,59.54436131722186,59.03325210790472,59.16102941023401,14795021
2007-01-02,60.69436264038086,60.94992204213751,59.544366813270685,59.79992144151739,28843313
2007-01-03,60.949913024902344,61.588799500999045,60.822130956173766,60.822130956173766,32388438
2007-01-04,61.716583251953125,61.84436056053835,60.94991940044181,61.33325132619747,21941582
2007-01-05,60.055477142333984,61.71658702911435,59.92769982592857,61.71658702911435,23501143
2007-01-08,59.28880310058594,59.67213498422055,59.033248511496204,59.288803100585945,18562940
2007-01-09,59.544368743896484,60.18325533522807,59.416591425630166,59.92770069869544,11813003
2007-01-10,59.79991149902344,60.94991190844139,59.67213420614468,59.79991149902344,29487214
2007-01-11,60.1832389831543,61.077684741503425,59.92768441605706,60.82212540089739,33592997
2007-01-12,60.949913024902344,61.20546761534102,60.43879907051574,60.949913024902344,27271511
2007-01-15,64.27213287353516,64.39991017948891,61.588804674996766,61.844359286904265,90305205
2007-01-16,63.377689361572266,64.39990777097192,63.12213475922235,64.39990777097192,36721913
2007-01-17,63.76102066040039,64.01657526032668,62.3554655872964,62.611020187222685,29739388
2007-01-18,64.39990997314453,64.9110239688315,63.122136917701155,63.888800750967185,28096585
2007-01-19,63.122127532958984,63.88879125224055,63.12212753295898,63.63323667914669,19201944
2007-01-22,62.73879623413086,63.122132899873485,61.844355152253144,63.122132899873485,24108319
2007-01-23,63.377689361572266,63.37768936157226,62.227688877488184,62.61102078101305,13299115
2007-01-24,63.24992370605469,63.888810329562105,62.8665869584399,63.505478355457655,15186747
2007-01-25,63.377689361572266,64.01657586744705,63.2499120603973,63.761021265097135,20166571
2007-01-26,61.461021423339844,62.73879435926634,61.07768954256189,62.0999078913031,32346817
2007-01-29,59.544368743896484,61.2054786548687,59.03325947083122,60.94992401833607,39642724
2007-01-30,49.62030792236328,50.04621954487943,49.407333017066726,50.04621954487943,25301616
2007-01-31,57.49991989135742,59.79991611419058,56.98881068039662,59.79991611419058,53473119
2007-02-01,57.37213897705078,58.394357334623926,55.96658396187849,58.011025450534,43391057
2007-02-02,58.52213668823242,58.777696060125955,57.24436369631169,57.37214099550376,32726302
2007-02-05,58.2665901184082,59.16103610950791,57.88325816801263,58.64992684231382,25988606
2007-02-06,59.544368743896484,59.544368743896484,58.26659078772322,58.649927516032264,16440272
2007-02-07,60.055477142333984,60.055477142333984,58.90548129468528,59.544367876712336,23148589
2007-02-08,59.672142028808594,60.183251267327016,58.522141468632384,59.7999193384382,18198145
2007-02-09,59.544368743896484,59.79992338042912,58.522145424255854,59.79992338042912,21305026
2007-02-12,58.01102828979492,58.77769686900741,57.88325098884441,58.39436019264644,27379235
2007-02-13,55.966590881347656,58.011032622769164,55.966590881347656,57.755478001780205,45246862
2007-02-14,57.24436950683594,57.755478755483786,56.73326025818808,57.3721468189979,54227192
2007-02-26,58.39436340332031,59.54436394861434,58.26658609534427,59.28880933266227,46732974
2007-02-27,58.77770233154297,59.161034270019634,58.01103368107973,58.52214293238196,22066444
2007-03-01,55.32771682739258,57.244381691293725,54.94438480931453,56.222158202908034,93292120
2007-03-02,55.32771682739258,55.327716827392585,55.327716827392585,55.327716827392585,0
2007-03-05,51.36659622192383,54.177701720438506,50.727709693513596,54.177701720438506,67477342
2007-03-06,53.666587829589844,53.79436512415734,51.622146343000615,52.644369473049835,49107816
2007-03-07,54.816593170166016,55.19992508824577,53.79436994844368,54.688811090629784,63753492
2007-03-08,55.32771682739258,55.45549416675193,54.81660746995518,55.45549416675193,20034363
2007-03-09,54.17770767211914,55.71104028225727,53.922153032681145,55.455485642819276,23621109
2007-03-12,55.711036682128906,56.22214592797628,54.04992685961512,54.17770417107696,41055388
2007-03-13,56.47769546508789,56.86103213846382,55.838808965310356,56.222140865176875,35110938
2007-03-14,55.711036682128906,55.711036682128906,54.688813416924326,55.19992743628154,31391984
2007-03-15,56.09436798095703,56.47769991099935,55.96659067094293,56.09436798095703,21109163
2007-03-16,55.32771682739258,55.96660352418933,55.07216214867388,55.711048845470636,18700045
2007-03-19,55.072147369384766,55.711033894728445,54.944370064316026,55.711033894728445,12089659
2007-03-20,55.072147369384766,55.83881119979718,54.944370064316026,55.1999246744535,17865177
2007-03-21,55.072147369384766,55.711033894728445,55.07214736938476,55.45547928459097,15972649
2007-03-22,56.47769546508789,56.605472765043395,55.838808965310356,55.838808965310356,41312458
2007-03-23,57.11659622192383,57.49992818543818,56.22215020021347,56.22215020021347,36048633
2007-03-26,56.73324966430664,57.372136105816274,56.605467602495736,57.244358817514346,20707643
2007-03-27,56.73324966430664,57.62769068242012,56.47769031419381,56.73324966430664,27349856
2007-03-28,55.455482482910156,56.60547829485323,55.32770517047204,56.47770098241511,26025331
2007-03-29,56.22214889526367,56.34992621346933,54.94437571320705,54.94437571320705,22786242
2007-03-30,56.73324966430664,56.73324966430664,55.9665811609861,56.22213573758996,12018659
2007-04-02,56.09436798095703,56.86103661455146,55.711036050914714,55.711036050914714,9915577
2007-04-03,56.47769546508789,56.47769546508789,55.96658626526586,56.09436356522137,14062982
2007-04-04,57.755470275878906,58.01102486268254,56.98880651546799,57.244361102271625,51247622
2007-04-09,57.88325500488281,58.13880962451464,57.49992307543508,57.88325500488281,27398822
2007-04-10,57.49991989135742,57.75547449683783,56.98881068039662,57.75547449683783,21390716
2007-04-11,57.88325500488281,58.13880962451464,57.62770038525099,57.7554776950669,25856399
2007-04-12,57.88325500488281,58.266586934330554,57.49992307543508,57.49992307543508,32442301
2007-04-13,57.49991989135742,58.01102910231823,57.37214258861722,58.01102910231823,36849224
2007-04-16,57.49991989135742,57.49991989135743,56.98881068039662,57.24436528587702,22174169
2007-04-17,56.6054801940918,57.7554808181298,56.47770287736647,57.49992618467914,27411063
2007-04-18,56.6054801940918,56.8610396010525,56.22214824391581,56.22214824391581,18795528
2007-04-19,55.32771682739258,56.477712881626736,55.19993948803323,56.34993554226738,32217058
2007-04-20,55.32771682739258,55.58327150611128,55.19993948803323,55.19993948803323,26216297
2007-04-23,56.73324966430664,57.499913394118195,55.4554720077784,55.4554720077784,38110094
2007-04-24,56.47769546508789,57.116586738374835,55.96658626526586,56.733254838508316,20768850
2007-04-25,55.711036682128906,56.6054778623618,55.711036682128906,55.83881399359075,17892109
2007-04-26,56.47769546508789,56.86103213846382,56.222140865176875,56.222140865176875,27256821
2007-04-27,55.83881378173828,56.605477647600615,55.83881378173828,56.605477647600615,17767246
2007-04-30,56.6054801940918,56.988816917777825,56.09437092719048,56.73326228432717,25244326
2007-05-02,56.6054801940918,56.6054801940918,56.6054801940918,56.6054801940918,0
2007-05-03,61.461021423339844,61.716576010525145,60.31102100749682,60.43879830108947,68341589
2007-05-04,61.588809967041016,62.099919234773296,60.94992338237567,61.844364600907156,32924614
2007-05-07,62.355472564697266,62.61102719321939,61.33325405060876,61.71658599339195,31639261
2007-05-08,61.97213363647461,62.35546553604899,61.46102443704209,61.46102443704209,19116254
2007-05-09,61.84435272216797,62.09990730694852,61.333243552606866,62.09990730694852,22041961
2007-05-10,61.588809967041016,61.972141917840226,61.333255333174876,61.844364600907156,18472354
2007-05-11,60.949913024902344,61.20546761534102,60.56657636573508,61.20546761534102,17821108
2007-05-14,60.566585540771484,61.844363460040576,60.438808226195576,61.588808830888745,22166824
2007-05-15,59.672142028808594,60.94991989861441,59.416587409549386,60.82213781547503,16917689
2007-05-16,60.31103515625,60.56658980338751,59.288816567699975,59.288816567699975,24216044
2007-05-17,59.92770004272461,60.69436394393058,59.92770004272461,60.18325467645993,20484849
2007-05-18,59.92770004272461,60.82214126079824,59.799922725856945,60.56658662706292,22600172
2007-05-21,61.716583251953125,61.84436056053835,59.92769615825031,59.92769615825031,26630058
2007-05-22,62.48326110839844,62.866593120073745,61.71659708504784,61.844374422272935,26980164
2007-05-23,62.99435043334961,63.37768229412794,62.61101379906235,62.73879108598846,20727229
2007-05-24,62.48326110839844,63.12215256803475,62.483261108398445,63.12215256803475,20717436
2007-05-25,61.84435272216797,61.972130014558246,61.20546626021659,61.84435272216797,25303085
2007-05-28,61.84435272216797,62.61101647650963,61.84435272216797,62.2276845993388,14626089
2007-05-29,61.84435272216797,62.483239184119356,61.588798137387414,61.84435272216797,13947912
2007-05-30,61.461021423339844,61.844353304117796,60.82213018186742,61.588798716932494,28887383
2007-05-31,59.672142028808594,62.48324761416966,59.672142028808594,62.09991568528085,26918957
2007-06-01,61.97213363647461,62.09991093633273,61.33324713718396,61.71657903675835,25251671
2007-06-04,62.86656951904297,63.12212887106325,62.22768307276479,62.35546036202042,23912456
2007-06-05,64.91102600097656,64.91102600097656,63.24991620338681,63.37769351293142,46042556
2007-06-06,65.42213439941406,66.44435286265005,64.65546577847736,65.03880247570056,50745723
2007-06-07,65.93324279785156,66.316574716721,64.6554649614438,65.42213357269232,27981515
2007-06-08,64.91102600097656,65.80546716778886,64.91102600097656,65.42213523915503,37439262
2007-06-11,65.29435729980469,66.18879845798953,65.16657999149257,66.18879845798953,21454372
2007-06-12,67.21102905273438,67.46658369732333,65.93325105627933,66.06102837857381,43562438
2007-06-13,67.08323669433594,67.97767774991637,66.82767733351805,67.72212316260767,24747323
2007-06-14,70.14990997314453,71.42768792832678,67.59435883629013,67.97769079079177,49602371
2007-06-15,71.8110122680664,71.8110122680664,70.53323444837834,71.29990304959502,38469993
2007-06-20,73.59989929199219,74.23878581495788,72.70545338633065,72.83323069092378,54472021
2007-06-21,76.66656494140625,76.66656494140625,73.85545926277324,74.1110138905117,58416218
2007-06-22,73.85545349121094,76.41100434239755,72.96100759051441,76.41100434239755,47580083
2007-06-25,73.59989929199219,74.87767233792357,72.83323069092378,72.83323069092378,29186074
2007-06-26,72.1943359375,73.7276681913209,71.68322677739604,73.59989090129491,34848971
2007-06-27,72.3221206665039,72.57767527284197,71.17212493798264,71.93878875699683,21268302
2007-06-28,73.08879852294922,73.34435316167854,72.19435251388649,73.34435316167854,23807179
2007-06-29,72.57766723632812,73.34433574395875,71.55544892416597,73.34433574395875,30346564
2007-07-02,73.59989929199219,73.59989929199219,71.68323494958554,72.57767608173751,19556946
2007-07-03,73.85545349121094,74.87767192228176,73.85545349121094,74.23878540286249,21410302
2007-07-04,74.74989318847656,74.87767048991611,74.11100668127882,74.87767048991611,19485946
2007-07-05,75.38877868652344,75.38877868652344,74.36655557990673,74.87766474646054,19405152
2007-07-06,75.38877868652344,75.64433326980034,74.62211016318363,75.38877868652344,14121741
2007-07-09,76.4110107421875,76.53878805677331,74.62212356447608,74.87767819364772,28108826
2007-07-10,63.67584991455078,63.78231828146347,62.504540352681346,63.675849914550774,27963398
2007-07-11,75.00544738769531,75.64433866496417,74.74989278619154,75.64433866496417,21030817
2007-07-12,74.11101531982422,75.26101116682624,74.11101531982422,75.00545653415912,24972566
2007-07-13,75.38877868652344,75.89988785307725,74.74988745482209,75.64433326980034,27430650
2007-07-16,72.3221206665039,74.62211689705596,72.3221206665039,74.62211689705596,32589198
2007-07-17,72.57766723632812,73.0887811659182,70.53322583849481,72.3221126582876,35492871
2007-07-18,72.57766723632812,72.57766723632812,72.57766723632812,72.57766723632812,0
2007-07-19,70.66101837158203,70.78879568816836,69.89435447206405,70.27768642182305,38844581
2007-07-20,61.54621505737305,62.39808623327534,58.564756638418686,58.564756638418686,63503766
2007-07-23,73.08879852294922,73.4721304810432,72.57768447198046,72.83323911070977,23197555
2007-07-24,75.13320922851562,75.26098650297517,72.70543624027586,73.34432738608203,32542681
2007-07-25,73.3443374633789,73.98322392345776,73.08878287934738,73.85544663144198,32628371
2007-07-26,71.68324279785156,73.8554619872707,71.29991084210292,73.59990735010493,35987426
2007-07-27,67.33879089355469,69.6387869395867,67.21101360063675,68.87211840856993,81834119
2007-07-30,67.21102905273438,67.97769298650125,65.93325105627933,65.93325105627933,40286624
2007-07-31,69.51101684570312,69.51101684570312,67.5943524799221,67.97768439837637,39975692
2007-08-01,65.42213439941406,68.36101725472724,65.42213439941406,68.23323994682275,64727911
2007-08-02,68.4887924194336,68.9999016350576,66.18879617561596,67.84990589990358,39701483
2007-08-03,70.0221176147461,70.7887813590757,69.25545387041647,69.76656303330289,45006929
2007-08-06,70.27767181396484,70.27767181396484,67.9776758199761,67.9776758199761,28199413
2007-08-07,68.36102294921875,71.29991082285179,68.23324563067037,71.29991082285179,32177885
2007-08-08,70.14990997314453,70.14990997314453,68.48880006346064,68.48880006346064,19162772
2007-08-09,71.42767333984375,72.0665598001928,70.66100481391577,71.29989604777394,38935168
2007-08-10,68.61656951904297,69.63879272075704,68.23323760846628,68.23323760846628,41371217
2007-08-13,69.38323974609375,70.02212627875274,68.7443484399251,69.76657166568914,21833857
2007-08-14,69.51101684570312,70.78878990721736,68.23323901067923,70.27768068261167,28527484
2007-08-15,66.9554672241211,68.87212685288922,66.9554672241211,68.4887949271356,37023053
2007-08-16,62.48326110839844,65.67770408604757,62.483261108398445,65.42214941159737,82531882
2007-08-17,62.86656951904297,65.16657027266243,62.35546036202042,62.611014940531696,73573586
2007-08-20,67.21102905273438,67.21102905273438,65.93325105627933,66.95547440814542,32434956
2007-08-21,69.6387939453125,70.02212586262985,67.97768419676102,68.74434803139572,49925545
2007-08-22,68.23324584960938,69.5110238127033,67.59435925481746,69.5110238127033,38798064
2007-08-23,71.29991912841797,71.29991912841797,70.27769568744431,70.53325035431006,66911787
2007-08-24,72.1943359375,72.57766780757797,70.02211723354915,70.78878097370509,78788445
2007-08-27,73.75322723388672,74.82656038275991,73.29322799487099,73.90656190472845,77361908
2007-08-28,75.13320922851562,76.05321228753617,73.44654729624628,73.75321180024748,53331934
2007-08-29,75.43989562988281,75.43989562988281,72.9865647204741,73.29322929408411,50920367
2007-08-30,75.74656677246094,77.27989932050524,75.43990217225607,76.97323472030037,36018438
2007-08-31,75.13320922851562,75.13320922851562,72.98654815349023,73.59988193500111,84204881
2007-09-03,73.90655517578125,76.05322127808078,73.59989063552804,75.1332181103031,43342907
2007-09-04,73.59989929199219,74.97989704570382,73.44656461707659,73.7532291933982,35818494
2007-09-05,73.44657135009766,74.51990462588267,73.13990674566337,73.9065706435041,31446254
2007-09-06,72.52656555175781,73.29322937336693,71.75990173014871,72.83323012569954,47133678
2007-09-07,73.13990020751953,73.90656403682641,72.67990095523349,73.13990020751953,28434857
2007-09-10,72.37322998046875,72.98656389425528,71.91323073850623,72.06656541033023,26951601
2007-09-11,74.36656188964844,74.51989656202812,72.67989958750985,72.98656415875973,29375408
2007-09-12,73.59989929199219,75.43989629694104,73.59989929199219,74.97989704570382,31066769
2007-09-13,72.52656555175781,74.05989796848559,72.37323087803217,74.05989796848559,26100820
2007-09-14,72.52656555175781,73.13989947315083,72.06656630409044,72.52656555175781,33876183
2007-09-17,70.53324127197266,72.37323845528411,70.22657666592409,72.06657384923555,38109686
2007-09-18,70.53324127197266,70.53324127197266,70.53324127197266,70.53324127197266,0
2007-09-19,70.83991241455078,72.52657495005953,70.68657772095537,72.06657564278349,47802877
2007-09-20,72.98655700683594,73.44655620539037,71.60655941117265,71.75989406852715,36781488
2007-09-21,73.29322814941406,73.90656206056478,72.52656434060778,73.29322814941406,24562477
2007-09-26,73.29322814941406,73.59989749174416,72.67989901177283,72.67989901177283,37752643
2007-09-27,75.13320922851562,75.13320922851562,73.13988279224506,73.29321265749144,53935846
2007-09-28,75.43989562988281,76.51322879778215,74.82656170915325,75.43989562988281,50463353
2007-10-01,74.51988983154297,76.0532220963239,74.21322051448134,75.74655277926227,24244199
2007-10-02,76.66656494140625,76.97323431350036,75.13323240146555,75.13323240146555,49608492
2007-10-03,77.89322662353516,79.27322436653702,76.66655878074937,76.66655878074937,63096534
2007-10-04,77.7398910522461,78.81322420891387,76.97322723948882,77.89322572420134,29467219
2007-10-05,76.66656494140625,78.19989748134695,76.35990034282209,77.58656351066868,27059733
2007-10-08,77.89322662353516,78.19989119747683,77.27989270214226,78.19989119747683,17723585
2007-10-09,77.43323516845703,78.81323305033668,76.81990118534051,77.89323446241691,23228158
2007-10-11,77.58656311035156,78.19989707786526,76.66656454583597,77.73989779560746,34282191
2007-10-12,75.74656677246094,78.50656249483471,75.74656677246094,77.73989860756754,32388846
2007-10-15,74.82656860351562,76.35990115986279,74.36656931396247,75.74656718262192,21720419
2007-10-16,75.59322357177734,75.74655824136516,73.75322663076122,73.75322663076122,15293656
2007-10-17,75.13320922851562,75.7465430100265,73.90654643900233,75.59320837127167,22634448
2007-10-18,75.28656005859375,76.2065585419631,74.51989624695578,74.97989548864047,37236462
2007-10-19,74.51988983154297,76.51322129840729,74.51988983154297,76.0532220963239,33735406
2007-10-22,72.37322998046875,72.83322922243127,71.45323149654371,71.6065661683677,52519917
2007-10-23,74.51988983154297,75.13321891864808,72.52655836467865,72.52655836467865,35088087
2007-10-24,74.51988983154297,77.1265503855124,74.51988983154297,75.74655277926227,52387302
2007-10-25,75.89989471435547,76.05322938758657,74.8265615487569,75.74656004112438,44316103
2007-10-26,75.13320922851562,76.97321057304826,74.97987936326925,76.97321057304826,30915791
2007-10-29,76.66656494140625,76.8198996274533,75.59323168609676,75.74656637214382,36632550
2007-10-30,76.97322845458984,77.58655760507389,76.66655910583825,77.27989302983187,33137615
2007-10-31,75.43989562988281,77.12655794500216,75.43989562988281,76.97322804495194,52854517
2007-11-01,73.29322814941406,76.2065582604931,72.8332289094284,75.74655902050743,66467014
2007-11-02,68.99988555908203,71.29988604054238,68.23322191426756,69.91988861577124,104187014
2007-11-05,72.06656646728516,72.67990039006706,68.99990162688516,68.99990162688516,58381534
2007-11-06,70.53324127197266,72.37323845528411,70.53324127197266,72.06657384923555,27502466
2007-11-07,69.91991424560547,72.3732407177062,69.91991424560547,72.3732407177062,36377520
2007-11-08,66.39323425292969,68.07989640714928,65.93323504964171,67.77323186279365,56178072
2007-11-09,66.54658508300781,67.7732483320246,66.08658576793775,66.39325038681437,50383784
2007-11-12,62.86656951904297,64.39990176361961,61.9465759005078,64.39990176361961,65956953
2007-11-13,62.253257751464844,63.326591098492955,61.02658970528691,62.71325707540398,72320469
2007-11-14,64.39990997314453,65.62657783458172,64.2465800705971,64.39990997314453,74062836
2007-11-15,63.786582946777344,64.70658148683371,63.63324826559803,64.24658221680554,31517663
2007-11-16,62.09991455078125,62.559913811746085,61.33325070700977,61.486580611658255,66136495
2007-11-19,60.87324905395508,62.71324602550944,60.566579709689684,61.94658221186496,52307732
2007-11-20,60.719913482666016,60.71991348266601,58.11325273606728,58.266582632419926,76609059
2007-11-21,60.719913482666016,62.099911190896414,60.56657881280393,61.17991271874281,58938520
2007-11-22,61.333251953125,61.33325195312499,59.03325560157153,60.41325341250361,34382163
2007-11-23,59.953250885009766,62.099912438664376,59.79991621206675,61.486578520401835,26504788
2007-11-26,61.94658660888672,61.94658660888671,60.719918691774204,61.02658328429741,42435000
2007-11-27,60.41325378417969,61.63991692138499,59.64658514660529,60.41325378417969,38572821
2007-11-28,61.639923095703125,62.406587036562534,61.026589078909424,61.026589078909424,43026670
2007-11-29,63.173240661621094,63.633239870965205,62.40657213037482,63.47990521001412,34371962
2007-11-30,63.173240661621094,63.47990521001412,62.253242242932885,62.253242242932885,30934154
2007-12-03,61.333251953125,63.326583715641256,61.1799172718515,63.326583715641256,39960186
2007-12-04,62.253257751464844,62.406587677104326,60.41326045570828,60.41326045570828,17862321
2007-12-05,63.173240661621094,63.633239870965205,61.63990837263769,62.253242242932885,40927261
2007-12-06,63.01991271972656,64.5532451721908,62.559913461338255,64.2465805911018,39082881
2007-12-07,62.559906005859375,63.78657373104841,62.253241461316655,63.47990441299661,39548057
2007-12-10,61.333251953125,62.25325049374638,61.33325195312499,61.6399165421622,21183836
2007-12-11,61.17991638183594,62.09991490907364,60.7199171182171,61.79325032449764,40923180
2007-12-12,59.79991149902344,60.56657525629598,59.186577629099915,59.79991149902344,68162455
2007-12-13,55.65992736816406,60.25992018201814,55.65992736816406,59.186586934282225,127996642
2007-12-14,54.27992248535156,56.119919372294746,51.8265917115909,55.659920150558946,102240623
2007-12-17,52.43992233276367,54.27991910512286,51.826588484140956,54.126584449589934,60025969
2007-12-18,54.586585998535156,55.966583637362675,52.13325527167207,52.13325527167207,59777059
2007-12-19,57.95992660522461,58.266591216619084,55.353265474596235,55.506595393538404,71284026
2007-12-20,57.49991989135742,58.87991762505732,57.0399206467908,58.26658370779864,43948859
2007-12-21,58.726593017578125,60.25992568676958,57.95992906973757,58.113263768709814,57216555
2007-12-24,61.333251953125,61.33325195312499,60.10658404995662,60.71991800154081,35608349
2007-12-25,60.41325378417969,61.793251603601824,60.41325378417969,61.793251603601824,12655623
2007-12-26,60.106590270996094,60.4132596652834,58.573262393600686,60.4132596652834,22320251
2007-12-27,61.333251953125,61.94658590470918,59.799919460919426,60.10658404995662,27180108
2007-12-28,61.48657989501953,62.559913082597454,60.71991606018367,61.33324999215814,24038135
2007-12-31,60.106590270996094,60.4132596652834,58.573262393600686,60.4132596652834,22320251
2008-01-02,59.64657974243164,61.94658067325747,59.64657974243164,61.94658067325747,23446464
2008-01-03,57.346588134765625,58.266586670681235,57.193258227786195,58.266586670681235,56100543
2008-01-04,56.11992263793945,57.039921134946184,55.65992338943609,56.73325656044713,47821239
2008-01-07,52.59326171875,53.35993036144792,52.286597125776744,52.59326171875,128988200
2008-01-08,52.13325500488281,53.35992274879155,51.519925906437614,52.74658887683718,84600688
2008-01-09,54.27992248535156,54.27992248535156,50.59992871146521,50.906593268119316,58412137
2008-01-10,54.27992248535156,56.119919372294746,54.27992248535156,55.50658548547726,82376824
2008-01-11,54.27992248535156,55.50658548547726,54.27992248535156,54.58658704200567,34835097
2008-01-14,54.739933013916016,55.81326157066182,54.27993369716488,55.50659695066449,67093368
2008-01-15,55.81325912475586,57.65326108463621,55.04659522160492,55.19992991163913,75080917
2008-01-16,52.74658966064453,53.513253431848135,52.1332557795761,52.43992510686493,112825400
2008-01-17,53.053260803222656,54.279928717702035,52.59326152867035,53.513260077774966,51518158
2008-01-18,53.51325988769531,53.513259887695305,51.51993288738883,51.826597478164494,55543557
2008-01-21,52.59326171875,53.35993036144792,51.97993253280348,53.053260994964816,46089074
2008-01-22,48.91325759887695,50.29325514792462,48.91325759887695,48.91325759887695,84490515
2008-01-23,49.37326431274414,49.98659824148612,48.75993038400216,49.98659824148612,66817936
2008-01-24,48.60660171508789,50.446598774484556,48.45326703563493,49.06660097993706,73201854
2008-01-25,51.059932708740234,51.51993197349889,49.526600235041464,49.67993014095454,56025054
2008-01-28,49.06659698486328,50.599929334017595,49.06659698486328,49.986595439654,28483823
2008-01-29,49.8332633972168,50.139932747304385,49.373264145595,49.8332633972168,21906081
2008-01-30,49.986595153808594,50.90659360333836,49.6799258216258,50.293259712482076,31103494
2008-01-31,51.97992706298828,51.979927062988274,49.83326081753826,49.9865954846445,47780435
2008-02-01,52.74658966064453,53.35992354171295,52.1332557795761,53.05325421442412,35828695
2008-02-12,50.90659713745117,52.439929584286475,50.59993255748797,51.82659565085042,59387373
2008-02-13,50.13993453979492,51.36659766346943,49.986599859269454,51.05993307592824,33980235
2008-02-14,53.51325988769531,53.513259887695305,51.21326352310337,51.21326352310337,51106029
2008-02-15,53.51325988769531,53.97325916061369,52.43993143322561,52.43993143322561,38727879
2008-02-18,53.359928131103516,54.586591225234194,53.359928131103516,53.973257291414036,27271919
2008-02-19,53.819915771484375,54.126580285448505,53.20658197004751,53.97324564171213,21369498
2008-02-20,54.27992248535156,54.89325159865977,53.35992404187998,53.81992326361577,40370274
2008-02-21,55.65992736816406,56.11992664954947,54.43325943546304,54.43325943546304,45793238
2008-02-22,56.11992263793945,56.42658721243851,54.73992489242935,55.506588715431775,43589777
2008-02-25,58.419921875,59.03325582894652,57.03992405875266,57.03992405875266,54894759
2008-02-26,57.80657958984375,59.49324652673315,57.49991504382255,59.18657720720283,31332001
2008-02-27,58.879920959472656,58.879920959472656,57.80658773686366,58.57325637023143,41810685
2008-02-29,57.65325927734375,57.95992387428891,57.03992530994353,57.03992530994353,37926064
2008-03-03,54.89324951171875,56.11991723871805,53.819921217480726,55.5065833752184,39776564
2008-03-04,55.506587982177734,56.27325179505236,54.279924926876426,54.279924926876426,33733366
2008-03-05,54.739933013916016,56.27326088741296,54.43326362040841,55.50659695066449,28975521
2008-03-06,58.419921875,58.41992187499999,55.04659228855879,55.04659228855879,45550450
2008-03-07,57.95992660522461,58.266591216619084,56.42659400123196,56.42659400123196,34000638
2008-03-10,55.35326385498047,57.346590930985755,54.8932597910831,56.5799270381768,48829119
2008-03-11,55.04658889770508,55.04658889770508,53.819925838883904,53.819925838883904,42063676
2008-03-12,55.35326385498047,57.03992632856417,55.04659447904889,56.73326172614259,43799922
2008-03-13,54.126583099365234,55.35325076601061,53.97324844765735,54.739916932687926,33529342
2008-03-14,53.51325988769531,55.046592388593204,53.359929979062386,54.89325770645047,28179826
2008-03-17,51.2132568359375,52.593254474499616,50.59992773447158,52.28658992376665,57112503
2008-03-18,51.519935607910156,52.13326482184845,50.753266930222196,51.21326622743095,33041724
2008-03-19,52.59326171875,53.053260994964816,51.82659784956193,52.899931085233106,26953641
2008-03-20,52.59326171875,52.74659640199155,51.673263166320375,52.4399318090183,29846704
2008-03-21,53.97325897216797,53.973258972167976,52.74659583983839,52.74659583983839,44764956
2008-03-24,56.88658905029297,57.65325768170201,55.6599259229522,57.65325768170201,79132838
2008-03-25,57.346588134765625,57.49992281525481,56.273254918360834,56.88658886680782,59821945
2008-03-26,57.19325637817383,57.19325637817383,56.27325309850109,56.426587774031475,31672721
2008-03-27,54.89324951171875,56.73325110221771,53.20658735398107,56.11991723871805,69882380
2008-03-28,53.51325988769531,54.586593115674816,53.359929979062386,54.27992852489916,49949212
2008-03-31,53.359928131103516,54.12659196824649,52.133260263463185,53.66659271125877,52213881
2008-04-01,52.28660202026367,53.666599978088094,52.28660202026367,52.74660133953848,33462014
2008-04-02,53.359928131103516,53.81992738809122,52.74659419728335,53.66659271125877,65930430
2008-04-03,54.43325424194336,54.58658891227868,53.053256529453805,53.35992587012444,50748987
2008-04-07,55.966590881347656,56.11992556334496,54.89325765438616,55.19992701838076,56143388
2008-04-08,55.65992736816406,56.73326061589998,55.65992736816406,56.42659124596978,49979816
2008-04-09,55.19992446899414,56.42658754779018,54.893255119162944,55.96658829655297,36550941
2008-04-10,56.579933166503906,56.73326787107779,54.893265736722654,55.5065997815077,49104552
2008-04-11,57.65325927734375,58.266588471234066,57.03992530994353,57.03992530994353,73061077
2008-04-14,56.73324966430664,57.19324885689537,56.27324569820893,57.19324885689537,29118338
2008-04-15,56.273250579833984,57.039919149661934,56.11992068467591,56.73325458583639,20286129
2008-04-16,56.579933166503906,57.34659714235233,56.11993382629275,56.73326787107779,37103846
2008-04-17,58.419921875,58.57325655686408,57.4999233308351,57.95992260291755,96203546
2008-04-18,57.039920806884766,58.11325397172261,56.73325623414947,57.65325472586489,37891380
2008-04-21,58.2665901184082,58.2665901184082,57.19326161200261,57.19326161200261,53301330
2008-04-22,57.65325927734375,58.11325855951644,57.193259995171054,57.65325927734375,24833829
2008-04-23,55.506587982177734,56.73325581098853,55.04658873975105,56.119921896583136,80208046
2008-04-24,53.819915771484375,54.893243957113135,53.666581127748,54.586579443149006,94267356
2008-04-25,53.97325897216797,54.279928335382714,53.819929064070394,53.819929064070394,51216203
2008-04-28,55.19992446899414,55.19992446899414,53.66659204036691,54.12659129160412,45891170
2008-04-29,53.97325897216797,55.199926878007346,53.973258972167976,54.58659292508766,32862183
2008-04-30,54.126583099365234,54.58658228098003,53.97324844765735,53.97324844765735,27951319
2008-05-02,51.826602935791016,54.126599542585254,51.826602935791016,53.81993491951612,137873455
2008-05-05,49.986595153808594,51.36659282810324,48.91326203818743,51.21325816201184,151400262
2008-05-06,50.59992218017578,51.36658585960698,50.29325288959637,50.29325288959637,90374574
2008-05-07,51.059932708740234,52.133261144170625,50.446598764558786,50.59993344398158,88611804
2008-05-08,50.59992218017578,51.05992134253623,50.29325288959637,50.59992218017578,51199881
2008-05-09,50.44660186767578,51.21326576493002,50.44660186767578,50.75326647187547,67460612
2008-05-12,50.59992218017578,50.75325205195682,50.29325288959637,50.59992218017578,44377310
2008-05-13,52.13325500488281,52.286589666248695,50.906592034483246,51.05992669584913,112123557
2008-05-14,54.43325424194336,54.739923582614,53.20659119978912,53.66659043728564,159708128
2008-05-15,55.506587982177734,55.65992265415645,54.586589497324375,55.19992341172978,142133481
2008-05-16,55.81325912475586,56.27325842134843,55.35326460167334,56.27325842134843,93512466
2008-05-19,56.273250579833984,56.42658524850145,55.19992221968988,56.42658524850145,64592031
2008-05-20,54.27992248535156,56.27324926386716,53.97325315518818,55.659920150558946,61192988
2008-05-21,53.666587829589844,54.58658625987953,53.513253166705155,53.66658782958984,50883643
2008-05-22,55.04658889770508,55.19992357012379,53.05325725029986,53.05325725029986,55643528
2008-05-23,53.666587829589844,55.50658469016922,53.66658782958984,55.04658547502437,46925573
2008-05-26,53.053260803222656,53.666594760462345,52.59326152867035,53.359930168597415,35453290
2008-05-27,53.359928131103516,53.66659271125877,52.8999288741158,53.66659271125877,17574647
2008-05-28,52.28660202026367,53.81993467568312,51.82660270098887,53.666599978088094,39780644
2008-05-29,52.43992233276367,53.359920718943265,52.28658767723075,53.05325140787741,28267557
2008-05-30,52.74658966064453,53.97325264927215,52.1332557795761,53.20658887806854,72775443
2008-06-02,55.19992446899414,55.506589045315756,54.27992596651972,54.586590542841336,76668226
2008-06-03,54.43325424194336,55.199922820110515,54.12658967478216,55.199922820110515,30513864
2008-06-04,55.35326385498047,55.506593769436265,54.43326050069573,54.8932597910831,63176103
2008-06-05,55.81325912475586,55.81325912475586,54.58659592501235,55.35326460167334,43145004
2008-06-06,55.506587982177734,56.426586467031086,55.506587982177734,56.119921896583136,42581897
2008-06-09,53.819915771484375,54.126580285448505,53.05324732631114,53.666581127748,50357261
2008-06-10,53.053260803222656,54.126594035014655,53.053260803222656,54.126594035014655,38625867
2008-06-11,53.819915771484375,54.126580285448505,53.35991661378388,53.97324564171213,41331229
2008-06-12,52.74658966064453,53.20658887806854,52.593254997000116,52.899924324288946,33149857
2008-06-13,52.74658966064453,53.35992354171295,52.593254997000116,53.35992354171295,24780783
2008-06-16,52.43992233276367,53.20658606341034,51.97992313967388,53.05325140787741,33202903
2008-06-17,52.59326171875,52.59326171875,51.673263166320375,52.4399318090183,23738219
2008-06-18,52.13325500488281,52.5932542154713,51.67325579429433,52.5932542154713,27855428
2008-06-19,51.2132568359375,51.67325604879154,51.059926947325614,51.366591498058575,32964195
2008-06-20,50.59992218017578,51.979919667257136,50.59992218017578,51.05992134253623,45040389
2008-06-23,49.52660369873047,49.98660299565961,49.21993431843767,49.373269008584074,60801261
2008-06-24,48.60660171508789,49.83326483018243,48.60660171508789,49.37326556533326,50332778
2008-06-25,49.219932556152344,49.219932556152344,48.14660408408751,48.60660336454669,58691650
2008-06-26,49.06659698486328,49.83326077268577,48.75992765092682,49.679926105717534,40349872
2008-06-27,46.306602478027344,47.226600949855204,45.84660324211342,46.15326780821956,82458433
2008-06-30,45.84661102294922,46.6132749550833,45.23327701313581,46.30661033693171,45999303
2008-07-01,45.53993606567383,46.61326925829348,45.3866061620922,45.99993532343802,30515904
2008-07-02,45.53993606567383,46.4599345812022,45.3866061620922,45.53993606567383,38915582
2008-07-03,46.9199333190918,47.22660266987645,44.15993780308752,44.466607153872175,63745331
2008-07-04,45.38661193847656,46.91993981049841,45.38661193847656,46.91993981049841,34104690
2008-07-07,45.693275451660156,45.999940063936215,44.46661222904578,45.3866108393841,42008589
2008-07-08,44.77327346801758,45.69327200904144,44.159939516165075,45.539937327700876,47635577
2008-07-09,42.473270416259766,45.38660026116001,42.31993575910427,45.07993094684902,84921006
2008-07-10,41.55327606201172,42.62660921947956,40.63327757661342,42.31993987534047,84055943
2008-07-11,42.626609802246094,43.546603526712516,40.93994270695041,41.246607281772555,105543775
2008-07-14,42.93327331542969,44.00660646103053,42.62660874819064,42.62660874819064,65563187
2008-07-15,41.55327606201172,42.62660921947956,41.09327681931257,42.62660921947956,53009576
2008-07-16,41.70660400390625,42.77993711101867,41.70660400390625,42.013273333657956,32949913
2008-07-17,44.466617584228516,44.466617584228516,42.77995007980689,42.93328479116632,65081689
2008-07-18,44.00661087036133,45.386608721472875,43.853276184623404,45.386608721472875,52468911
2008-07-21,46.306602478027344,46.4599323743257,45.2332693363917,45.38660400619949,56890116
2008-07-22,45.693275451660156,46.306609449722416,44.92661153421494,45.0799414535979,55668011
2008-07-23,46.15327072143555,46.76660466587119,46.15327072143555,46.61326998638485,44699669
2008-07-24,46.766597747802734,46.919927631097636,46.3065985509,46.613263090998814,30958637
2008-07-25,46.306602478027344,46.306602478027344,45.53993390249785,45.99993313841178,27618760
2008-07-28,46.306602478027344,46.306602478027344,46.306602478027344,46.306602478027344,0
2008-07-29,44.00661087036133,45.07993934999703,43.853276184623404,44.77327475203111,41602581
2008-07-30,45.38661193847656,45.846611254785174,44.77327792556167,45.07994254526399,29983401
2008-07-31,45.84661102294922,46.459940259252384,44.92661239498423,45.99994094526989,34184260
2008-08-01,46.306602478027344,46.306602478027344,44.92660477028556,45.38660400619949,19539400
2008-08-04,46.15327072143555,46.30660540092189,45.53993677699991,45.84660613597259,20410584
2008-08-05,45.38661193847656,46.30661057109378,45.38661193847656,46.30661057109378,33437531
2008-08-06,47.226600646972656,47.37993054228765,46.30660218104511,46.30660218104511,58497827
2008-08-07,47.226600646972656,47.226600646972656,47.226600646972656,47.226600646972656,0
2008-08-08,49.986595153808594,50.59992904466487,48.29992814733115,48.29992814733115,61705088
2008-08-11,53.359928131103516,53.359928131103516,51.519931103152665,51.82659568330793,114176040
2008-08-12,53.666587829589844,54.43325159699484,53.05325395156031,53.973252381849996,87765104
2008-08-13,53.97325897216797,54.279928335382714,52.89993052144577,53.666594382463025,78567691
2008-08-14,54.27992248535156,54.27992248535156,53.35992404187998,53.97325315518818,37962788
2008-08-15,51.519935607910156,54.433261307892195,51.21326622743095,54.433261307892195,61111378
2008-08-18,49.06659698486328,52.2865915766308,49.06659698486328,51.51992778880832,65069448
2008-08-19,48.75993347167969,49.37326743926047,46.91993634244724,46.91993634244724,61715290
2008-08-20,50.29325485229492,50.599924154842135,47.533259770423165,47.533259770423165,44764956
2008-08-21,49.679935455322266,50.44660416093869,49.37327083718184,50.13993954279826,32415370
2008-08-22,48.91325759887695,50.139925269258576,48.146593885020096,49.6799213127338,38458567
2008-08-25,50.59992218017578,50.75325205195682,49.219919919585756,49.219919919585756,28287959
2008-08-26,51.059932708740234,51.059932708740234,49.67993014095454,50.29326408513599,28865348
2008-08-27,52.43992233276367,52.89992152585347,50.90659009796136,50.90659009796136,57314487
2008-08-28,49.8332633972168,52.133259655325766,49.679928722172995,51.67326040370397,96738089
2008-08-29,49.06659698486328,50.599929334017595,48.45326309049969,49.83326077268577,77059952
2008-09-01,45.693275451660156,46.15327475682931,45.693275451660156,45.693275451660156,80728308
2008-09-02,43.23994064331055,44.15993917727418,42.77994137632873,43.546605230128506,151804230
2008-09-03,43.393280029296875,44.46661335982295,42.933280712430026,43.393280029296875,65438732
2008-09-04,43.393280029296875,44.15994396623821,42.62661609235555,43.393280029296875,64051367
2008-09-05,43.853271484375,44.159936049472236,42.319939111870006,42.319939111870006,51261088
2008-09-08,46.9199333190918,46.9199333190918,45.846604911874316,46.613268741816746,46574651
2008-09-09,45.233272552490234,46.91993494626034,44.92660796458016,46.91993494626034,66891384
2008-09-10,44.926605224609375,46.153268274948104,44.31327131268527,45.23326979381669,57918399
2008-09-11,44.159934997558594,45.539932667887975,44.159934997558594,45.07993344444485,54101105
2008-09-12,44.926605224609375,45.539934363024,43.853272072119566,45.079935122458295,70822931
2008-09-15,42.16659927368164,44.61992981425247,42.01326939668328,44.61992981425247,80642618
2008-09-16,40.920413970947266,42.54280764768698,39.838817373123916,39.838817373123916,83616226
2008-09-17,42.54281234741211,43.62441150471085,41.28095154387867,42.90334539984502,94370965
2008-09-18,42.36254119873047,42.542807705276815,40.37961450670183,40.74014751979453,97044569
2008-09-19,45.24679946899414,45.24679946899414,43.98493882977029,44.34547183525743,75815404
2008-09-22,46.68893814086914,47.04947119770716,45.78760549877409,46.86920466928815,78157248
2008-09-23,47.59025955200195,47.77052605636417,45.96786589272317,46.68893191017203,50505755
2008-09-24,46.32840347290039,47.59026424796879,46.32840347290039,47.40999772581878,45084033
2008-09-25,44.52574157714844,46.32840185574246,44.345475061290884,45.42706927645471,52489225
2008-09-26,43.263877868652344,45.06653822651743,41.82175055835661,45.06653822651743,90705625
2008-09-29,43.263877868652344,43.263877868652344,43.263877868652344,43.263877868652344,0
2008-09-30,40.379615783691406,40.74014880818582,40.379615783691406,40.379615783691406,105235699
2008-10-01,40.379615783691406,41.64148136942187,40.199351711434886,41.64148136942187,52082951
2008-10-02,37.85589599609375,40.920419713305776,37.675629464494634,40.01908949530117,75355906
2008-10-03,37.85589599609375,38.576959682499236,35.69270005689537,36.41376618329181,101176503
2008-10-06,35.69269943237305,36.41376554615285,35.69269943237305,36.41376554615285,54889615
2008-10-07,35.7287483215332,36.05322803262428,34.358727754685404,34.358727754685404,52437775
2008-10-08,33.24107360839844,35.33216252614293,33.24107360839844,34.75530973780225,76924232
2008-10-09,33.24107360839844,34.46688334363191,33.24107360839844,33.24107360839844,65410168
2008-10-13,32.77238845825195,32.80844176335427,32.15948227151257,32.26764218681952,72707139
2008-10-14,35.04374313354492,35.04374313354492,34.53899684290093,35.04374313354492,62255776
2008-10-15,33.926090240478516,34.68320717324505,33.817930330084614,34.32267657858948,64258762
2008-10-16,32.77238845825195,32.77238845825195,32.77238845825195,32.77238845825195,22432020
2008-10-17,32.33974838256836,32.62817481969051,31.654738034394097,32.08737525008648,72139420
2008-10-20,31.36631965637207,32.2315967500675,31.222106400757585,32.2315967500675,50278667
2008-10-21,30.284717559814453,32.08737807028418,30.284717559814457,31.438420969712574,79619126
2008-10-22,29.239168167114258,29.70785863396653,29.239168167114258,29.275221467640627,57208394
2008-10-23,28.22968101501465,28.22968101501465,28.22968101501465,28.22968101501465,10309433
2008-10-24,27.256242752075195,27.256242752075195,27.256242752075195,27.256242752075195,21420770
2008-10-27,25.3814697265625,25.3814697265625,25.3814697265625,25.3814697265625,26711207
2008-10-28,26.2106990814209,26.967818487178285,23.614868438796748,23.614868438796748,127811423
2008-10-29,25.958324432373047,27.905200350794996,25.77806035769593,27.905200350794996,110540329
2008-10-30,27.760986328125,27.760986328125004,26.31885669289955,26.499123202301565,70198528
2008-10-31,28.84258270263672,29.635752897362416,27.364399777928742,27.760986095286906,89870013
2008-11-03,28.84258270263672,29.563646294206386,28.30178561895713,28.950742607370763,94422414
2008-11-04,27.79703712463379,28.842580344939076,27.36439754106315,28.842580344939076,94028559
2008-11-05,27.364397048950195,28.33783365448772,27.03991980709795,27.941249816670442,91182864
2008-11-06,25.453580856323242,26.138591178126333,25.453580856323242,25.453580856323242,77729684
2008-11-07,25.74200439453125,26.210694844241484,23.975395173342132,23.975395173342132,69293725
2008-11-10,24.263826370239258,25.453583039627095,24.0835598385152,25.23726320155822,98009693
2008-11-11,24.33592987060547,25.020940163559935,23.939343551531987,23.939343551531987,72621982
2008-11-12,24.33592987060547,24.876726956624122,24.011450154999892,24.33592987060547,50071094
2008-11-13,22.641427993774414,23.14617423732597,22.641427993774414,22.89380111555019,89552445
2008-11-14,21.631938934326172,23.326441817911302,21.631938934326172,22.713535637043396,100986672
2008-11-17,21.99247169494629,22.42510890639379,21.63193865208103,21.63193865208103,73830160
2008-11-18,20.478233337402344,21.45167001724546,20.478233337402344,21.307456814307134,86201125
2008-11-19,20.910871505737305,21.271402048256796,20.37007203197245,20.478231926725424,94500476
2008-11-20,19.46874237060547,20.406126980965187,19.46874237060547,19.865328683447977,87528169852
2008-11-21,20.80271339416504,20.80271339416504,18.96399746574269,19.10821067110841,80731501
2008-11-24,20.586395263671875,21.091141523582944,20.406128742275065,20.802715089348048,64317308
2008-11-25,21.487720489501953,21.884306745378783,21.01903008163777,21.487720489501953,80325227
2008-11-26,21.05508804321289,21.631938466867478,21.05508804321289,21.30745873106695,44672436
2008-11-27,22.49721336364746,22.49721336364746,21.631936583504636,21.66798988434353,81434054
2008-11-28,23.218280792236328,23.254334095267478,22.389057262510622,22.49721473161334,99508827
2008-12-01,23.542762756347656,23.939346687379565,22.82169662721516,23.21828299823803,95139160
2008-12-02,21.99247169494629,22.67748203639947,21.99247169494629,22.028524999232815,65665642
2008-12-03,21.05508804321289,22.38905785040204,21.019034739235057,22.172735586544228,68575205
2008-12-04,20.910871505737305,21.81220152202165,20.910871505737305,21.271402048256796,56413587
2008-12-05,21.09113883972168,21.41561609695518,20.9108723412639,21.019032240338568,46130766
2008-12-08,22.533267974853516,22.533267974853516,21.7400977502636,21.81220435613457,56527131
2008-12-09,23.39854621887207,23.86723918534813,23.18222882818168,23.25433543840877,133964085
2008-12-10,25.02094268798828,25.020942687988285,23.506708742368517,23.614868658482912,134522934
2008-12-11,24.73251724243164,25.165156924336753,24.29988000051751,24.840679602898906,101728256
2008-12-12,23.074066162109375,24.588302356370477,23.00195956047834,24.48014245392393,98923366
2008-12-15,24.660409927368164,24.660409927368164,24.155666086159545,24.155666086159545,86614496
2008-12-16,24.227773666381836,24.408040202588694,23.723027365002622,24.335933588105952,49613370
2008-12-17,24.011455535888672,24.984892460858795,23.79513567700838,24.840681661596456,79221722
2008-12-18,24.40804100036621,24.516200925625537,23.939347990909127,24.155667841427782,27825357
2008-12-19,24.69645881652832,24.69645881652832,24.69645881652832,24.69645881652832,53413544060
2008-12-22,23.074066162109375,24.84067546207909,23.074066162109375,24.44408915310841,72462310
2008-12-23,22.17273712158203,23.07406978342798,21.740099883886938,23.07406978342798,71126395
2008-12-24,22.35300064086914,22.53326468927148,21.631934687298312,21.631934687298312,44212938
2008-12-25,22.244844436645508,22.49721512225499,22.10063122201679,22.353004347617045,20659671
2008-12-26,22.17273712158203,22.461163573372733,22.06457964215148,22.24484617452067,22047035
2008-12-29,22.064579010009766,22.316952148096238,21.920365788246066,22.172736486341645,16747728
2008-12-30,22.965911865234375,23.110125103696333,22.316954732146744,22.35300804176223,45859325
2008-12-31,23.146175384521484,23.470655128601123,22.893802250237318,23.254335299214695,47315880
2009-01-02,23.146175384521484,23.146175384521484,23.146175384521484,23.146175384521484,0
2009-01-05,24.73251724243164,24.73251724243164,24.73251724243164,24.73251724243164,48275681
2009-01-06,25.056991577148438,25.165151474200012,24.516194531881023,25.056991577148438,123388533
2009-01-07,25.669902801513672,26.138593342614303,25.525689576562414,25.597796189038043,118020034
2009-01-08,23.903291702270508,24.876728468247034,23.903291702270508,24.732515252548172,90467892
2009-01-09,22.7856388092041,23.650915552847415,22.71353221056795,23.290384999657146,118067936
2009-01-12,22.67748260498047,23.038015656885193,22.353005298257095,22.929855741313776,47377975
2009-01-13,23.39854621887207,23.39854621887207,22.533269336137906,22.67748255659208,39403288
2009-01-14,23.074066162109375,23.61486567434212,23.00195956047834,23.506705771895568,40760493
2009-01-15,22.17273712158203,22.38905940041602,21.812206496834612,22.02852633567764,86740458
2009-01-16,22.425111770629883,22.713538241761217,22.280900975055342,22.713538241761217,35143617
2009-01-19,22.316951751708984,22.461162530920358,22.208791837307317,22.244845142107874,23970186129
2009-01-20,21.81220054626465,21.992467029455476,21.704040656350156,21.81220054626465,56424232
2009-01-21,21.271406173706055,21.595885920895675,21.055088782237185,21.343512784192637,88663609
2009-02-02,21.451671600341797,21.77615133089907,21.415618296946544,21.48772490373705,68358762
2009-02-03,21.920364379882812,22.208790804879076,21.55983134863748,21.55983134863748,75618477
2009-02-04,21.99247169494629,22.172735776388105,21.848258477800186,22.10063160780587,56786153
2009-02-05,21.81220054626465,22.100626919369972,21.740093952988317,21.920360436179145,40267286
2009-02-06,22.893800735473633,23.254333760596417,22.13668382270648,22.17273468522806,83410428
2009-02-09,23.218280792236328,23.68697129165054,23.11012088314288,23.254334095267478,81079229
2009-02-10,23.038015365600586,23.434599277690637,22.713535622988942,23.434599277690637,34758632
2009-02-11,23.254331588745117,23.25433158874512,22.353001550109074,22.353001550109074,62048204
2009-02-12,22.244844436645508,23.07406798076985,22.244844436645508,23.07406798076985,69281306
2009-02-13,22.821701049804688,23.074074243908154,22.425114601927813,22.425114601927813,58020943
2009-02-16,23.86724090576172,23.86724090576172,23.254337114642638,23.398547905501033,116538641
2009-02-17,23.038015365600586,23.686972410833025,22.929855451396705,23.506708327150736,67414928
2009-02-18,23.218280792236328,23.434598170432494,22.893801064955984,23.03801427708058,75975075
2009-02-19,23.723026275634766,23.939346109149533,23.001962603909778,23.43459983094841,86708524
2009-02-20,23.36249351501465,23.72302409778381,23.290386910462683,23.470653421842602,63678624
2009-02-23,23.795129776000977,23.795129776000977,23.074066198542692,23.254332702904907,55569104
2009-02-24,23.759075164794922,23.86723506144714,23.254331420408356,23.398542175954194,61769666
2009-02-25,24.37198257446289,24.804622184657116,24.011449565967705,24.119609468516263,118786456
2009-02-26,24.62435531616211,24.876728443382873,24.444091236709497,24.840677579484982,79062051
2009-02-27,25.129104614257812,25.201211230768774,24.51620081390571,24.62435829868107,85443574
2009-03-02,24.48014259338379,24.98488636768589,24.335929389300162,24.73251326053954,76161358
2009-03-03,24.552257537841797,24.5522575378418,23.542767206240317,24.15567109185887,66174816
2009-03-04,25.922271728515625,26.030431639815955,24.444091154059322,24.552251065359652,127492081
2009-03-05,27.22018814086914,27.22018814086914,26.39096459676043,26.643337722355923,164746906
2009-03-06,27.184133529663086,27.65282645465357,26.787549648507948,27.112026925818398,125150238
2009-03-09,25.30936622619629,25.922269907177167,25.30936622619629,25.30936622619629,108963133
2009-03-10,24.516197204589844,24.624354673442078,24.047504266270348,24.37198399279923,199111683
2009-03-11,24.552257537841797,25.020948170375654,24.37199097148592,24.5522575378418,121138944
2009-03-12,24.69645881652832,24.84067445392802,24.51619475975728,24.69645881652832,52556642
2009-03-13,25.597793579101562,25.958324164729262,25.129100645797646,25.237260553483164,113726655
2009-03-16,25.705957412719727,26.030434745341264,25.63385079658359,25.778064028855862,81994677
2009-03-17,26.57123374938965,26.751500285544275,25.85016760477114,25.99438083369484,122930809
2009-03-18,26.427017211914062,26.931763449954904,26.282804001045253,26.67939033093448,102764344
2009-03-19,26.174644470214844,26.859657231716515,26.102537863740984,26.679390715531863,63990869
2009-03-20,25.958324432373047,26.535177279310137,25.958324432373047,26.318857461708728,63417827
2009-03-23,26.85965919494629,26.859659194946286,26.138593077503426,26.246752995119856,54696235
2009-03-24,27.075971603393555,27.688877690336252,27.039920744152102,27.688877690336252,75804760
2009-03-25,28.5902156829834,28.662322301502368,27.14808575259518,27.47256553593054,123117092
2009-03-26,28.554157257080078,29.02285019346789,28.409944045883833,28.806530376673514,98831112
2009-03-27,28.193628311157227,29.383384932830367,27.97730848176377,29.167065103436915,89396322
2009-03-30,27.148082733154297,27.977308753894967,26.679392204900452,27.760988922397402,67312029
2009-03-31,27.65282440185547,27.905197496577053,27.1480782124123,27.1480782124123,53676114
2009-04-02,28.121522903442383,28.229682822762516,27.76098983904194,28.229682822762516,73008740
2009-04-03,28.482051849365234,28.734424979572847,28.157574550517694,28.55415845799598,81231804
2009-04-06,28.5902156829834,29.131015321875665,28.518109064464433,28.842588847799792,82246603
2009-04-07,29.635753631591797,29.67180693406304,28.265733017666072,28.409943787560337,76106361
2009-04-08,28.518102645874023,29.6357525413766,28.37388944129426,29.52759507793238,110417914
2009-04-09,29.239168167114258,29.347328068693372,28.91468846237691,29.203114866587885,82212895
2009-04-10,29.383386611938477,29.92418377633501,29.058906849305963,29.92418377633501,79693639
2009-04-13,30.933671951293945,31.149991779203425,29.527597949864,29.67180872847948,127025487
2009-04-14,32.80844497680664,33.06081813724177,31.00578198511827,31.366315071454164,168901904
2009-04-15,31.979219436645508,32.62817651387595,31.6547396780348,32.62817651387595,134258589
2009-04-16,32.26763916015625,33.024758496288065,32.26763916015625,32.9887051945675,115381912
2009-04-17,32.41185760498047,33.96214738950974,31.871060431766747,33.168977063467125,183976633
2009-04-20,33.16897201538086,33.16897201538086,32.087372953583184,32.77238569272171,99450281
2009-04-21,33.16897201538086,33.16897201538086,32.267639463882794,32.556065880362176,87182215
2009-04-22,33.02476501464844,33.529508898370985,32.880551779301676,33.1689782499952,55695067
2009-04-23,32.77238845825195,33.277132289693505,32.62817523784268,33.16897481437743,53202423
2009-04-24,32.77238845825195,33.529505425409724,32.62817523784268,33.16897481437743,59163479
2009-04-27,31.7989501953125,33.205026589525616,31.402363857460127,33.09686667920224,81565339
2009-04-28,31.690792083740234,32.231589226061686,31.005779279477927,31.798952000202704,73180831
2009-04-29,32.23158264160156,32.4118491322131,31.69078560975736,31.726838907879667,73471787
2009-04-30,34.466888427734375,34.466888427734375,34.466888427734375,34.466888427734375,77745651
2009-05-04,36.774295806884766,36.774295806884766,36.774295806884766,36.774295806884766,23885028
2009-05-05,39.29801940917969,39.29801940917969,39.29801940917969,39.29801940917969,44716789
2009-05-06,41.82174301147461,42.00200950272956,40.37961108143501,42.00200950272956,240253613
2009-05-07,41.10068130493164,42.72307501434298,39.83881817539468,42.72307501434298,126794851
2009-05-08,41.6414794921875,41.6414794921875,39.65855038685107,39.65855038685107,75068498
2009-05-11,41.6414794921875,41.82174599630813,40.92041347570495,41.6414794921875,61783859
2009-05-12,38.757225036621094,39.83882175336498,38.757225036621094,39.65855522724252,107338035
2009-05-13,38.39668655395508,38.9374860558375,37.49535649080824,38.03615599269067,120961532
2009-05-14,37.315086364746094,38.03615229719914,37.13481988163283,37.675619330972616,81336477
2009-05-15,38.757225036621094,38.93749156274355,37.49536179375474,37.6756283198772,82986413
2009-05-18,41.461219787597656,41.461219787597656,39.11775972968926,39.6585568907499,109731328
2009-05-19,41.461219787597656,43.263880244454434,41.10068672022991,43.263880244454434,100271700
2009-05-20,41.82174301147461,42.54280409651359,40.7401440639449,42.362537605258645,81332929
2009-05-21,41.461219787597656,41.8217528549654,40.74015365286216,41.64148632128153,71193812
2009-05-22,42.00200653076172,42.182273009261415,40.74014118126383,40.74014118126383,74025313
2009-05-25,41.10068130493164,43.08360803420802,40.74014828506661,42.542808504410466,87787191
2009-05-26,41.461219787597656,42.36254757603506,41.10068672022991,41.461219787597656,69621938
2009-05-27,44.34547805786133,44.34547805786133,42.36254624943501,42.54281277747377,129619256
2009-06-01,40.1993522644043,47.0494676240728,40.1993522644043,46.508668079892104,230079014
2009-06-02,49.06629180908203,49.485662668301785,46.75975701935484,46.75975701935484,197942844
2009-06-03,47.38881301879883,48.437235224464416,46.96944216214001,48.22754979613501,87293059
2009-06-04,45.291961669921875,46.75975466738086,44.6629054127332,46.13069841019219,138728764
2009-06-05,44.87259292602539,45.92101513428906,44.453222068327335,45.71132970544003,58927135
2009-06-08,45.082275390625,47.17912460526179,44.66290456050142,47.17912460526179,57982992
2009-06-09,43.19511413574219,45.082283198124536,42.56606271759674,44.872597746748724,99914022
2009-06-10,43.82416915893555,44.24354004895094,42.98542737890475,43.19511282391245,51576091
2009-06-11,43.61448669433594,43.61448669433594,41.93700795562523,42.9854303163261,73235828
2009-06-12,42.35637664794922,43.614484401857645,42.35637664794922,43.614484401857645,46722706
2009-06-15,40.34339904785156,41.72732003629621,39.92402815390193,41.72732003629621,82327056
2009-06-16,41.22407150268555,41.6853784380119,40.25951906737278,40.25951906737278,76933719
2009-06-17,41.09825897216797,41.72731524079834,40.93051211466094,41.72731524079834,38183771
2009-06-18,41.01438522338867,41.727313659764604,40.427267542373755,41.47569214904258,48004703
2009-06-19,41.391822814941406,41.72731902839922,40.930515829935764,41.30794814457923,32893797
2009-06-22,43.82416915893555,43.82416915893555,41.51763419983272,42.146690534855814,54414689
2009-06-23,42.146690368652344,42.98542720939376,42.146690368652344,42.775746701194784,51310744
2009-06-24,42.77574157714844,44.6629054127332,41.30794364370821,42.77574157714844,81075913
2009-06-25,43.4047966003418,43.82416747423563,42.77574522548271,43.195111163394884,40522529
2009-06-26,42.77574157714844,44.03384915554453,42.77574157714844,43.824163736481644,33148345
2009-06-29,41.76925277709961,43.404795183096816,41.76925277709961,43.404795183096816,36648768
2009-06-30,42.566062927246094,42.775748379654665,41.93700657002037,42.566062927246094,32278253
2009-07-01,43.61448669433594,43.82417215367255,42.35637887429846,42.35637887429846,44965552
2009-07-02,43.82416915893555,44.662910938966334,43.82416915893555,44.03385460394324,38600304
2009-07-03,42.77574157714844,43.404792898355865,42.77574157714844,42.985422060230086,40980716
2009-07-06,42.566062927246094,43.19511434848979,42.35637747483752,42.775748379654665,28185427
2009-07-07,42.77574157714844,43.61447831741875,42.35637073902266,42.566056158085544,38043384
2009-07-08,43.4047966003418,43.4047966003418,42.356374351588876,42.566059788535796,34354749
2009-07-09,44.24353790283203,44.87259420734153,43.195110728649546,43.40479616348604,74855680
2009-07-10,45.921016693115234,46.34038756504917,44.033852705394146,44.872594449262024,92442646
2009-07-13,44.87259292602539,47.17912770738322,44.87259292602539,47.17912770738322,126690949
2009-07-14,46.130699157714844,46.34038458017557,45.71132831279339,46.130699157714844,59718548
2009-07-15,47.38881301879883,47.38881301879883,46.55007130548119,46.96944216214001,86156077
2009-07-16,47.80817413330078,48.64691576229938,47.5984936620321,48.64691576229938,77032453
2009-07-17,47.80817413330078,48.64691576229938,47.38880825478245,48.64691576229938,46025398
2009-07-20,48.2275505065918,48.43723593801016,47.80817964375508,48.227550506591804,38908848
2009-07-21,46.550079345703125,48.6469290551878,46.13070841660973,48.4372435906411,94310876
2009-07-22,47.5984992980957,47.80817979419233,46.550072137704845,46.550072137704845,49059921
2009-07-23,46.7597541809082,47.17912501467099,45.711327096501236,46.969439597789595,48473689
2009-07-24,46.130699157714844,47.17912627001848,45.71132831279339,46.759755425097026,71552725
2009-07-27,45.71133041381836,46.34038671011379,45.501644981719885,46.13070127801531,46571520
2009-07-28,47.80817413330078,47.80817413330079,45.9210104040349,45.9210104040349,67182210
2009-07-29,46.7597541809082,48.227547163096766,46.7597541809082,48.017861746215374,44072319
2009-07-30,47.17913055419922,47.38881599570079,46.130703346691384,46.969445112697656,53020074
2009-07-31,47.38881301879883,48.0178643678056,46.96944216214001,47.80817893947619,53681899
2009-08-03,47.80817413330078,47.80817413330079,46.7597520330335,47.38880825478245,53225255
2009-08-04,46.550079345703125,48.4372435906411,46.34039388115643,48.2275581260944,47833462
2009-08-05,45.921016693115234,47.17912930891705,45.71133125714826,46.96944387295008,43345700
2009-08-06,45.71133041381836,46.550072142212265,45.29196448560295,46.13070127801531,42332135
2009-08-07,45.71133041381836,45.71133041381836,45.71133041381836,45.71133041381836,0
2009-08-10,44.87259292602539,45.501644276591,44.87259292602539,45.501644276591,36887889
2009-08-11,45.50164794921875,45.711333394992366,44.45322565633255,45.711333394992366,41323199
2009-08-12,44.453216552734375,45.501638630913654,44.45321655273437,45.29195816406248,36849321
2009-08-13,46.130699157714844,46.130699157714844,44.66290613647107,45.291962403853255,47563486
2009-08-14,45.291961669921875,46.55006924831797,45.291961669921875,46.34038382925508,35220213
2009-08-17,43.82416915893555,45.082281828981735,43.61448371392785,44.662910938966334,55693601
2009-08-18,44.033851623535156,44.66290791598091,43.19510990027416,43.19510990027416,36295486
2009-08-19,44.453216552734375,44.87258735839843,44.033845747070316,44.87258735839843,28768573
2009-08-20,44.87259292602539,45.08227835487442,43.614480352931224,44.87259292602539,37022106
2009-08-21,44.033851623535156,45.291964208426656,43.82416619271991,45.08227877761141,38962843
2009-08-24,46.130699157714844,46.34038458017557,44.8725915589318,45.291962403853255,62685191
2009-08-25,45.921016693115234,46.34038756504917,45.50164582118129,46.1307021290822,35200158
2009-08-26,45.082275390625,45.711326699829236,44.66290456050142,45.711326699829236,32424811
2009-08-27,45.71133041381836,46.13070127801531,44.66290818930753,44.66290818930753,42131582
2009-08-28,46.550079345703125,46.96945027479652,45.71133748751633,45.71133748751633,56256693
2009-08-31,46.550079345703125,46.96945027479652,46.13070841660973,46.75976481024983,42694673
2009-09-01,49.695343017578125,49.695343017578125,47.80817434401365,48.01785975218748,157287641
2009-09-02,51.5825080871582,52.00187891433513,50.32439560562744,50.32439560562744,148321374
2009-09-03,50.7437744140625,51.792201646907166,50.53408896749356,51.58251620033823,61748763
2009-09-04,51.5825080871582,51.79219350074667,50.953451846392824,51.58250808715821,70955694
2009-09-07,51.79219436645508,52.21156520064181,51.163138115175,51.792194366455085,42620623
2009-09-08,53.67936706542969,54.09873796900026,51.58251748355881,52.00188838712939,91688258
2009-09-09,52.840614318847656,54.09872676909598,52.63093384645393,53.67935595234654,58510601
2009-09-10,52.840614318847656,55.35683428336331,52.84061431884766,54.51809758584542,74841796
2009-09-11,52.001888275146484,52.21157372648023,51.16314646981151,51.582517372478996,57450755
2009-09-14,51.372833251953125,52.21157507901562,50.95346233842188,52.00188962225,31380392
2009-09-15,52.63093566894531,52.63093566894531,51.37282317513138,51.37282317513138,35522585
2009-09-16,53.46966552734375,53.88903630474701,53.0502947499405,53.67935091604538,45672116
2009-09-17,54.09873962402344,54.51811054042368,53.46968324942307,54.51811054042368,47295054
2009-09-18,54.09873962402344,54.09873962402343,53.67936870762319,54.09873962402343,30041314
2009-09-21,53.05030822753906,54.098735437403455,52.63094227957509,53.679364553457695,30602863
2009-09-22,51.79219436645508,53.050301933034056,51.792194366455085,52.840616515940695,46262976
2009-09-23,52.42125701904297,53.25999385385575,52.00188613364569,52.21157157634433,39177280
2009-09-24,52.001888275146484,52.84062514449946,51.792202823812744,52.84062514449946,25153989
2009-09-25,52.001888275146484,52.42125917781397,51.372831921145256,52.001888275146484,26042594
2009-09-28,51.79219436645508,52.42125061773517,51.37282353226836,52.001879783548446,19560100
2009-09-29,53.2599983215332,53.46968378182116,52.42126141636358,52.42126141636358,40905123
2009-09-30,54.09873962402344,54.30842508222356,53.25999779122295,53.25999779122295,50283295
2009-10-01,54.09873962402344,54.51811054042368,53.46968324942307,54.51811054042368,41728933
2009-10-02,52.840614318847656,53.46967054397182,52.42124843807921,52.84061431884766,39931669
2009-10-05,52.42125701904297,53.050308411157104,52.21157157634433,52.84062296845846,31537749
2009-10-06,54.09873962402344,54.09873962402343,52.63094635260475,52.84062687482271,59447030
2009-10-07,54.09873962402344,54.7277959986238,53.46968324942307,54.51811054042368,35883581
2009-10-08,52.840614318847656,54.09872676909598,52.84061431884766,54.09872676909598,33260963
2009-10-09,52.840614318847656,53.67935595234654,52.42124843807921,53.46967054397182,46088649
2009-10-12,53.2599983215332,54.09874016268505,53.050312861245246,54.09874016268505,38506199
2009-10-13,53.46966552734375,53.67935091604538,52.42124351981614,53.25998013864213,32546686
2009-10-14,54.30842590332031,54.5181113646907,53.67936951920916,54.09874044194993,59692322
2009-10-15,54.937469482421875,55.3568353714332,54.51809865742947,54.937469482421875,87305401
2009-10-16,54.518096923828125,54.937467735485114,54.30841151799963,54.937467735485114,33185370
2009-10-19,55.77621078491211,55.77621078491211,54.09873228292408,54.518103142416464,48995127
2009-10-20,55.77621078491211,56.40526707415068,55.356839925419735,56.40526707415068,48285477
2009-10-21,55.147159576416016,56.19558682173922,54.93747906333332,56.19558682173922,32542057
2009-10-22,55.356842041015625,55.77621291653528,54.518105225957996,55.147156603255794,44877617
2009-10-23,56.82463836669922,57.24400922938759,55.77621120997829,55.985896641322476,66196414
2009-10-26,57.66337585449219,58.08274672225983,56.8246390549385,57.24400992270614,45468477
2009-10-27,57.8730583190918,57.873058319091804,56.61495071632001,57.03432156257105,32802776
2009-10-28,56.614952087402344,57.453693800216804,56.40526665919873,57.453693800216804,40780163
2009-10-29,54.30842590332031,55.147162812819616,53.67936951920916,54.937482287431465,83019735
2009-10-30,54.518096923828125,55.14714820533268,54.518096923828125,55.14714820533268,31769157
2009-11-02,54.727783203125,54.93746861230012,53.67935615724938,53.67935615724938,28214738
2009-11-03,53.8890495300293,54.937476730839165,53.88904953002929,54.937476730839165,25502643
2009-11-04,54.727783203125,54.93746861230012,54.09872697559963,54.09872697559963,24367204
2009-11-05,55.356842041015625,55.356842041015625,54.518105225957996,55.147156603255794,23182398
2009-11-06,55.77621078491211,56.40526707415068,55.77621078491211,56.19558164440449,26303313
2009-11-09,56.4052619934082,56.614947404266836,56.19557658254957,56.614947404266836,19206818
2009-11-10,56.4052619934082,57.244003636842734,56.19557658254957,57.244003636842734,28109833
2009-11-11,55.77621078491211,56.614952503896866,55.14715449567354,56.40526707415068,49032152
2009-11-12,55.147159576416016,55.566530474545296,54.93747906333332,55.147159576416016,54107689
2009-11-13,55.77621078491211,55.77621078491211,54.72778857216265,54.72778857216265,25349914
2009-11-16,57.66337585449219,57.66337585449219,56.19558275328704,56.19558275328704,60485278
2009-11-17,57.45370101928711,58.50212335605823,56.8246446556352,58.29243790150759,50925065
2009-11-18,57.8730583190918,57.873058319091804,56.82463613944553,57.03432156257105,37335277
2009-11-19,57.24401092529297,57.873062301980205,57.03432548773666,57.03432548773666,27137922
2009-11-20,56.614952087402344,57.03432294380958,56.19558123099512,57.03432294380958,31150527
2009-11-23,57.8730583190918,57.873058319091804,56.40526529319449,56.61495071632001,27770436
2009-11-24,57.8730583190918,58.292429165342845,57.45369240882209,57.873058319091804,23765544
2009-11-25,57.45370101928711,58.08275244695695,57.034330110185834,57.45370101928711,28901247
2009-11-26,58.0827522277832,58.082752227783196,57.663381320264406,57.873066774023805,34376347
2009-11-27,56.614952087402344,57.453693800216804,56.614952087402344,56.614952087402344,42713186
2009-11-30,57.03432846069336,57.453699357666,56.614957563720736,56.614957563720736,31812353
2009-12-01,57.66337585449219,57.66337585449219,56.40526818717086,56.8246390549385,23654469
2009-12-02,57.8730583190918,58.082743742217325,57.45369240882209,57.873058319091804,30195586
2009-12-03,58.0827522277832,58.292437681542594,57.663381320264406,58.292437681542594,30008917
2009-12-04,57.8730583190918,57.873058319091804,57.45369240882209,57.873058319091804,17628619
2009-12-07,58.0827522277832,58.292437681542594,57.873066774023805,58.292437681542594,33270220
2009-12-08,58.50212097167969,58.50212097167969,57.8730646336663,58.08275007967077,23470885
2009-12-09,59.34085464477539,59.34085464477539,58.08274214071198,58.29242755805588,33589562
2009-12-10,58.29243469238281,59.550547350424814,57.663378363361815,59.34086190741782,46559178
2009-12-11,58.71180725097656,58.71180725097656,57.45369949307544,57.87306545505452,29584670
2009-12-14,58.71180725097656,58.92149269995708,58.08275090403503,58.71180725097656,17142663
2009-12-15,58.29243469238281,58.71180557839681,58.29243469238281,58.29243469238281,16658250
2009-12-16,58.0827522277832,58.50212313530199,57.873066774023805,58.50212313530199,23458544
2009-12-17,58.71180725097656,58.92149269995708,57.87306545505452,58.502121801996054,28308844
2009-12-18,58.29243469238281,58.502120135389816,57.87306380636881,58.082749249375816,23884333
2009-12-21,58.0827522277832,58.711808589061384,58.082752227783196,58.292437681542594,18995465
2009-12-22,58.92148971557617,59.13117515393609,58.29243340049642,58.92148971557618,30860497
2009-12-23,60.59897232055664,61.018343225194066,59.550549994945115,59.550549994945115,66543525
2009-12-24,62.48612594604492,62.69581136309713,60.80864754560851,61.228018379712914,67310255
2009-12-25,61.857086181640625,62.90550852669569,61.857086181640625,62.69582307048825,22526743
2009-12-28,62.90550231933594,63.32487319036833,62.48613144830355,62.48613144830355,31776870
2009-12-29,62.90550231933594,63.11518775485214,62.48613144830355,62.905502319335945,21468440
2009-12-30,62.69581604003906,62.90550147273324,62.06676467793808,62.69581604003906,35753993
2009-12-31,63.5345573425293,63.5345573425293,62.69581561740654,62.90550104868723,31520779
2010-01-04,63.5345573425293,63.953928205090676,63.11518647996792,63.74424277380999,36204466
2010-01-05,63.95392608642578,65.21203369644982,63.53455523775732,64.37329693509425,48342558
2010-01-06,63.5345573425293,64.16361363637137,63.5345573425293,63.953928205090676,42690045
2010-01-07,62.90550231933594,63.95392949691691,62.27645094876899,63.53455862588452,41818411
2010-01-08,63.11518096923828,63.324866382210864,61.64738801441132,62.905495556265706,35507158
2010-01-11,62.276432037353516,62.905483216897196,62.06674666551225,62.06674666551225,36579346
2010-01-12,62.066768646240234,62.69582004856025,61.8570832001396,62.27645409234086,47109928
2010-01-13,61.01832962036133,61.647385837061165,60.80864421479471,61.22801502592794,49217278
2010-01-14,62.69581604003906,62.90550147273324,61.228022947161364,61.228022947161364,34934810
2010-01-15,63.95392608642578,64.16361151076002,62.905498964754614,63.53455523775732,44018324
2010-01-18,63.32487106323242,63.74424192017779,62.90550020628706,63.32487106323242,23759373
2010-01-19,62.48612594604492,63.74423844835813,62.06676004792172,63.53455303130593,27744210
2010-01-20,61.857086181640625,62.90550852669569,61.64740072543319,62.90550852669569,41758245
2010-01-21,61.22800827026367,61.64737903512513,60.80863750540221,61.01832288783294,41755159
2010-01-22,57.8730583190918,59.55054170409597,57.45369240882209,59.13117085784493,114111640
2010-01-25,58.50212097167969,58.711806417684144,56.82464233962587,57.03432778563033,51202754
2010-01-26,57.24401092529297,59.13117492731804,56.824640050180356,59.13117492731804,59112260
2010-01-27,55.77621078491211,57.663374716646324,55.77621078491211,57.45369422288163,57725359
2010-01-28,57.03432846069336,58.29243621562932,56.1955866667481,57.03432846069337,48780689
2010-01-29,56.4052619934082,56.4052619934082,55.147149528256406,55.98589117169094,56886121
2010-02-01,55.147159576416016,56.40527227080386,54.51810816520403,55.77621592360994,37849002
2010-02-02,56.195587158203125,57.034328959483545,55.985901707883016,56.614958058843335,52697646
2010-02-03,57.8730583190918,57.873058319091804,56.61495071632001,57.24400698569657,34317724
2010-02-04,57.24401092529297,57.873062301980205,56.824640050180356,57.873062301980205,23378323
2010-02-05,55.5665283203125,55.98589920218338,55.35684287937705,55.77621376124794,41730476
2010-02-08,56.195587158203125,57.244014409803654,56.19558715820312,56.824643509163444,33566421
2010-02-09,55.985897064208984,56.61495336299309,55.56652619835292,55.77621163128095,47870487
2010-02-10,56.4052619934082,57.244003636842734,55.98589117169094,56.614947404266836,43268564
2010-02-22,56.4052619934082,57.87305493343759,55.98589117169094,57.87305493343759,50570240
2010-02-23,56.4052619934082,56.82463281512547,55.776205760832305,56.4052619934082,37290538
2010-02-24,55.5665283203125,56.19558464311883,55.56652832031249,56.19558464311883,27292194
2010-02-25,53.67936706542969,55.776216647300565,53.25999616185911,55.776216647300565,81910522
2010-02-26,53.2599983215332,54.51811108326096,52.84062740095728,52.84062740095728,47174722
2010-03-01,54.727783203125,55.356834494669364,53.8890415664245,54.727783203125,40204729
2010-03-02,55.77621078491211,56.614952503896866,55.356839925419735,55.77621078491211,60881756
2010-03-03,55.985897064208984,56.19558249713702,55.56652619835292,56.19558249713702,23760916
2010-03-04,55.985897064208984,56.61495336299309,55.356840765424884,56.61495336299309,32631535
2010-03-05,56.195587158203125,56.614958058843335,55.77621625756291,56.614958058843335,27707184
2010-03-08,57.66337585449219,57.66337585449219,56.40526818717086,57.03432448882232,45942091
2010-03-09,57.8730583190918,58.082743742217325,57.24400698569657,57.66337289596628,35712339
2010-03-10,57.8730583190918,58.082743742217325,57.45369240882209,57.873058319091804,23845766
2010-03-11,57.66337585449219,58.50211759002747,57.66337585449219,58.50211759002747,34687976
2010-03-12,57.66337585449219,57.87306128837601,56.8246390549385,57.87306128837601,26434444
2010-03-15,56.195587158203125,57.873065824781996,56.19558715820312,57.873065824781996,24293153
2010-03-16,57.45370101928711,57.45370101928711,56.40527374653392,57.034330110185834,26457584
2010-03-17,58.50212097167969,58.50212097167969,57.66337918766184,58.08275007967077,50628863
2010-03-18,58.50212097167969,58.711806417684144,58.08275007967077,58.711806417684144,33373582
2010-03-19,58.50212097167969,58.50212097167969,57.8730646336663,58.50212097167969,18416947
2010-03-22,57.45370101928711,58.08275244695695,57.24401556473647,58.08275244695695,14827046
2010-03-23,57.8730583190918,58.292429165342845,57.66337289596628,57.873058319091804,14495362
2010-03-24,57.24401092529297,58.50211861464913,57.24401092529297,58.082747739536515,27676330
2010-03-25,57.24401092529297,57.24401092529297,56.195583737511434,56.824640050180356,50588753
2010-03-26,56.4052619934082,57.244003636842734,56.19557658254957,56.82463281512547,43657328
2010-03-29,57.66337585449219,57.66337585449219,57.03432448882232,57.24400992270614,28916674
2010-03-30,58.0827522277832,58.292437681542594,57.663381320264406,58.082752227783196,29834590
2010-03-31,57.66337585449219,58.29243215614365,57.66337585449219,58.08274672225983,18528022
2010-04-01,58.71180725097656,58.71180725097656,57.87306545505452,58.08275090403503,42720900
2010-04-02,58.50212097167969,59.13117730969307,58.292435525675224,58.711806417684144,19891784
2010-04-06,60.179588317871094,60.59895913123273,58.92148081376714,58.92148081376714,50449908
2010-04-07,60.59897232055664,60.80865777287535,59.760235447263824,60.80865777287535,30362199
2010-04-08,59.76023864746094,60.808661029216125,59.55055318391344,60.38929010212114,41489812
2010-04-09,60.59897232055664,60.80865777287535,59.550549994945115,59.760235447263824,36978910
2010-04-12,60.59897232055664,61.018343225194066,59.96992089958253,60.80865777287535,31540835
2010-04-13,59.13117599487305,60.17959826560112,59.13117599487304,60.17959826560112,30067540
2010-04-14,59.550540924072266,59.96991176483017,59.13117008331436,59.550540924072266,18765601
2010-04-15,60.179588317871094,60.59895913123273,59.55053703380959,60.1795883178711,30821929
2010-04-16,59.13117599487305,60.17959826560112,58.711805112189104,60.17959826560112,28794799
2010-04-19,57.24401092529297,58.71180405220543,57.24401092529297,58.29243317709282,46822982
2010-04-20,58.0827522277832,58.292437681542594,57.45370080248707,57.873066774023805,28068180
2010-04-21,58.29243469238281,58.92149102140382,58.082749249375816,58.71180557839681,32646962
2010-04-22,59.76023864746094,59.96992411100843,58.082754939080985,58.29244040262848,46961827
2010-04-23,60.59897232055664,60.80865777287535,59.96992089958253,60.38928686823793,60911068
2010-04-26,62.066768646240234,62.066768646240234,61.228026861837705,61.228026861837705,69212424
2010-04-27,62.69581604003906,62.90550147273324,62.06676467793808,62.48613060734488,67956653
2010-04-28,64.16361236572266,64.37329779285089,61.01833589478056,61.2280213219088,96388915
2010-04-29,63.744239807128906,64.79266691473816,63.324868964085205,64.16361065017261,66358399
2010-04-30,62.276432037353516,64.37328081978607,62.276432037353516,62.905483216897196,73055331
2010-05-03,61.64738464355469,62.48612131360209,61.43769924204762,62.48612131360209,28541794
2010-05-04,62.276432037353516,62.48611247321466,61.64737592182971,62.276432037353516,27400184
2010-05-05,59.96990966796875,61.01833179722393,59.96990966796875,61.01833179722393,53873196
2010-05-06,59.13117599487305,60.17959826560112,58.92149055353107,59.96991776024092,43381182
2010-05-07,58.50212097167969,58.711806417684144,57.45369867763925,57.66337918766184,53373356
2010-05-10,59.34085464477539,59.34085464477539,58.08274214071198,58.92148381008759,38836340
2010-05-11,58.71180725097656,59.96991994485963,58.71180725097656,59.96991994485963,40243297
2010-05-12,58.71180725097656,59.55054904689861,58.71180725097656,58.92149269995708,19054089
2010-05-13,60.3892822265625,60.59896766276425,59.3408599815354,59.7602308539389,21237032
2010-05-14,60.179588317871094,60.38927372455191,59.76022244049041,59.96990784717123,20186442
2010-05-17,59.13117599487305,59.96991776024092,58.50211967084714,59.55054687755698,31551634
2010-05-18,59.13117599487305,59.55054687755698,58.92149055353107,59.55054687755698,15445675
2010-05-19,57.66337585449219,58.71180302391129,57.24400992270614,58.29243215614365,51111734
2010-05-20,56.195587158203125,57.45369986012376,56.19558715820312,57.244014409803654,45287980
2010-05-21,54.937469482421875,55.566520783929406,54.30841324493326,54.51809865742947,47180893
2010-05-24,55.5665283203125,55.98589920218338,55.1471574384416,55.35684287937705,21900400
2010-05-25,52.840614318847656,54.93746840259486,52.00187762132977,54.93746840259486,58104867
2010-05-26,54.09873962402344,54.7277959986238,53.46968324942307,54.09873962402343,45594980
2010-05-27,53.8890495300293,53.88904953002929,52.84062232921942,53.25999320954337,48907192
2010-05-28,53.2599983215332,54.51811108326096,52.84062740095728,54.51811108326096,67347280
2010-05-31,52.21157455444336,53.050311437096894,51.37283273580774,52.84062598243799,101317893
2010-06-01,52.21157455444336,52.84062598243799,51.37283273580774,51.582518190466644,77234549
2010-06-02,50.114723205566406,52.00188729605664,49.90503775818061,51.79220184867084,103693677
2010-06-03,52.42125701904297,52.421257019042976,50.95345892015247,51.163144362851114,78869828
2010-06-04,52.21157455444336,52.42126000910226,51.79220364512555,52.42126000910226,43677384
2010-06-07,49.275978088378906,49.90503438805563,48.64692178870218,49.48566352160448,134896657
2010-06-08,46.7597541809082,48.64691799685956,46.13069793026402,48.227547163096766,202490772
2010-06-09,47.5984992980957,48.43723609042685,47.17912843393936,47.388813866017536,129507949
2010-06-10,49.275978088378906,49.48566352160448,47.80818005579987,48.22755092225103,64809512
2010-06-11,49.695343017578125,50.74376512246629,49.695343017578125,50.53407971429246,71884409
2010-06-14,50.53408432006836,50.74376974735333,49.90503297419488,50.32439889278339,46230579
2010-06-15,50.7437744140625,51.16314530720037,50.11472301033758,50.74377441406249,44484224
2010-06-17,51.5825080871582,51.58250808715821,50.743766432804364,51.16313725998128,49911500
2010-06-18,51.5825080871582,52.00187891433513,50.953451846392824,52.00187891433513,30544240
2010-06-21,53.05030822753906,53.05030822753906,52.00188595365645,52.42125683760221,49704776
2010-06-22,51.79219436645508,53.050301933034056,51.792194366455085,53.050301933034056,38333414
2010-06-23,51.372833251953125,51.79220416548437,50.95346233842188,50.95346233842188,31903373
2010-06-24,51.372833251953125,51.79220416548437,51.372833251953125,51.79220416548437,15564464
2010-06-25,50.53408432006836,50.95345517463831,49.90503297419488,50.53408432006837,30428536
2010-06-28,50.53408432006836,50.95345517463831,50.11471840147985,50.32439889278339,18966154
2010-06-29,50.7437744140625,51.792201646907166,50.324403520924626,51.3728307537693,32498861
2010-06-30,47.80817413330078,49.06628657679868,47.80817413330079,48.64691576229938,88514891
2010-07-01,47.5984992980957,48.227550658348676,47.17912843393936,47.80817979419233,24203676
2010-07-02,46.969444274902344,47.80818108996628,46.75975883714094,47.17912971266375,49027524
2010-07-05,48.64692306518555,48.64692306518555,46.96944449134588,46.96944449134588,29745113
2010-07-06,48.85660171508789,48.85660171508789,47.38880878393175,47.80817466713278,36477527
2010-07-07,48.85660171508789,49.27597253426994,48.646916305496866,49.066287124678915,23683780
2010-07-08,50.32440185546875,50.32440185546874,49.48566503293239,49.695350472561906,46610087
2010-07-09,50.53408432006836,50.74376974735333,49.69534754690991,50.53408432006837,36529979
2010-07-12,50.7437744140625,51.58251620033823,50.324403520924626,51.58251620033823,49840535
2010-07-13,50.32440185546875,51.37282905361635,50.32440185546874,51.163143613986826,33864165
2010-07-14,51.79219436645508,52.001879783548446,51.163138115175,51.582508949361724,67149812
2010-07-15,51.5825080871582,52.21156432792359,51.58250808715821,52.00187891433513,38671269
2010-07-16,50.53408432006836,51.7921968837782,50.53408432006837,51.58251145649323,20042970
2010-07-19,49.905033111572266,50.11471853943445,49.485662255847885,49.695347683710075,29731228
2010-07-20,50.114723205566406,50.74377461174188,49.69535231079482,50.114723205566406,26798525
2010-07-21,49.905033111572266,50.534084459177386,49.695347683710075,50.11471853943445,27952476
2010-07-22,49.905033111572266,50.324399031315195,49.485662255847885,49.695347683710075,20545895
2010-07-23,52.42125701904297,52.63094246174162,50.74377347745383,50.74377347745383,91205388
2010-07-26,54.09873962402344,54.09873962402343,52.84062687482271,52.84062687482271,82556920
2010-07-27,54.518096923828125,54.72778232965662,53.88904070634264,54.518096923828125,56062310
2010-07-28,54.937469482421875,54.937469482421875,54.098727832437056,54.51809865742947,32981732
2010-07-29,54.937469482421875,55.147149958937,54.30841324493326,54.51809865742947,29418057
2010-07-30,54.09873962402344,54.51811054042368,53.88905416582331,54.51811054042368,20184900
2010-08-02,55.985897064208984,56.40526793006505,54.518103969694316,54.518103969694316,48094181
2010-08-03,57.03432846069336,57.24401390917968,56.40527211523442,56.614957563720736,45787820
2010-08-04,56.195587158203125,57.244014409803654,55.985901707883016,57.034328959483545,27739582
2010-08-05,56.195587158203125,57.034328959483545,55.77621625756291,56.824643509163444,21911199
2010-08-06,56.614952087402344,56.82463751560596,55.985895802791504,56.19558123099512,21480781
2010-08-09,57.03432846069336,57.03432846069337,56.1955866667481,56.1955866667481,18762515
2010-08-10,56.195587158203125,57.45369986012376,55.985901707883016,57.244014409803654,27363159
2010-08-11,54.937469482421875,56.195577021418025,54.51809865742947,55.77620619642561,33945929
2010-08-12,54.518096923828125,54.72778232965662,53.679355300514146,53.88904070634264,33461516
2010-08-13,54.727783203125,54.93746861230012,54.09872697559963,54.51809779394988,31201437
2010-08-16,55.356842041015625,55.356842041015625,53.88904891267852,54.518105225957996,23217880
2010-08-17,55.147159576416016,55.35684502548066,54.93747906333332,54.93747906333332,20268206
2010-08-18,54.937469482421875,55.566520783929406,54.51809865742947,55.3568353714332,24975034
2010-08-19,56.614952087402344,56.614952087402344,54.098731884940435,54.51810274134766,49336067
2010-08-20,56.4052619934082,56.614947404266836,55.98589117169094,56.4052619934082,25690854
2010-08-23,56.614952087402344,57.66337429243896,56.40526665919873,56.82463751560596,54058322
2010-08-24,55.77621078491211,56.614952503896866,55.56652535516592,56.614952503896866,72968938
2010-08-25,56.128482818603516,56.59817601698968,55.18909642183118,55.423940553033475,119324974
2010-08-26,55.89363479614258,56.833026146454905,55.65879066055075,56.12848386771608,64281682
2010-08-27,56.36332702636719,56.36332702636719,55.42393577460383,55.893628932494934,38869563
2010-08-30,56.833038330078125,57.30273163793429,56.59818920815868,57.30273163793429,25533332
2010-08-31,53.075462341308594,54.24969764411859,53.075462341308594,53.075462341308594,126984836
2010-09-01,50.96183776855469,51.9012290080391,50.72699366066939,51.43153585628743,170658859
2010-09-02,51.901222229003906,52.370915319407,51.66637321581214,51.66637321581214,58777491
2010-09-03,52.37092208862305,53.07546428328367,52.136077981056886,52.136077981056886,46486725
2010-09-06,50.96183776855469,51.66637996417273,50.02245146505135,51.66637996417273,72678467
2010-09-07,50.492149353027344,50.9618425488368,49.787607091322386,50.72699841892284,43256663
2010-09-08,50.726993560791016,51.431535755021855,50.02245136656017,50.02245136656017,40764901
2010-09-09,50.25730514526367,51.196691535427455,49.78760701420025,50.96184246989574,40898511
2010-09-10,50.726993560791016,51.196686711617886,50.257300409964145,50.726993560791016,30514102
2010-09-13,54.014862060546875,54.01486206054688,52.13608429266683,52.13608429266683,74403003
2010-09-14,54.24971008300781,54.95425241343415,53.31032359976071,54.24971008300781,52755388
2010-09-15,54.24971008300781,54.4845591718106,53.54516775258147,54.4845591718106,34178053
2010-09-16,54.014862060546875,54.95424847649607,53.78001298856874,54.71939940451794,27383214
2010-09-17,54.014862060546875,54.484555268521476,54.01486206054688,54.24970619654334,36941168
2010-09-20,54.014862060546875,54.484555268521476,53.78001298856874,54.24970619654334,18538766
2010-09-21,54.484561920166016,54.71940608483298,54.01486865484981,54.484561920166016,26552627
2010-09-23,55.42393493652344,55.42393493652344,54.48454863494594,54.48454863494594,40314483
2010-09-24,55.18910598754883,55.18910598754883,54.24971449197376,54.954256879659454,26993403
2010-09-27,54.95425033569336,55.65879263948197,54.95425033569336,55.42394355955849,23624220
2010-09-28,55.18910598754883,55.42395015945577,54.954256879659454,55.18910598754883,19632442
2010-09-29,55.18910598754883,55.89364343925209,54.954256879659454,55.658799267345145,34173921
2010-09-30,55.18910598754883,55.42395015945577,54.71940777177008,54.954256879659454,23045702
2010-10-01,53.78001022338867,54.95424565094091,53.310317039564055,54.7193965910379,56951025
2010-10-04,54.719398498535156,54.95424756662492,54.01486116622904,54.48455436642698,30332282
2010-10-05,54.484561920166016,54.954255185482225,54.01486865484981,54.954255185482225,24374917
2010-10-06,55.42393493652344,55.42393493652344,54.95424178573469,55.18909082911959,28102230
2010-10-07,55.42393493652344,55.65878397990834,54.95424178573469,55.65878397990834,23380416
2010-10-08,55.65879821777344,57.06788296657336,55.65879821777344,56.3633405921734,47039073
2010-10-11,54.95425033569336,56.1284858633471,54.719401255769874,56.1284858633471,23974086
2010-10-12,53.075462341308594,54.95423981300077,53.075462341308594,54.95423981300077,54557060
2010-10-13,53.78001022338867,54.24970340721328,53.54516116348565,53.54516116348565,30417682
2010-10-14,54.24971008300781,54.71940332463136,54.01486593018705,54.4845591718106,25625619
2010-10-15,54.484561920166016,54.484561920166016,53.78001955420057,53.78001955420057,22666910
2010-10-18,53.075462341308594,54.48454667907295,53.075462341308594,54.48454667907295,32935615
2010-10-19,52.605770111083984,53.310312292069334,52.605770111083984,53.07546325308056,27452085
2010-10-20,53.5451545715332,53.78000360252391,52.13607519353134,52.13607519353134,43621681
2010-10-21,53.075462341308594,53.78000451019077,52.84061330635424,53.54515547523641,28067794
2010-10-22,53.5451545715332,53.78000360252391,53.07546144553258,53.78000360252391,21956158
2010-10-25,55.65879821777344,55.65879821777344,53.54517109457356,53.54517109457356,63471756
2010-10-26,55.42393493652344,55.89362808731218,54.95424178573469,55.89362808731218,23745434
2010-10-27,54.484561920166016,55.893641716114644,54.484561920166016,55.423948450798434,21770206
2010-10-28,54.719398498535156,55.42394076682286,54.01486116622904,54.48455436642698,35497626
2010-10-29,54.484561920166016,55.18910428613147,54.24971281951678,55.18910428613147,14928535
2010-11-01,54.95425033569336,55.42394355955849,54.719401255769874,55.42394355955849,29921809
2010-11-02,54.719398498535156,54.95424756662492,54.48455436642698,54.719398498535156,16303205
2010-11-03,54.014862060546875,55.1890975484742,54.01486206054688,54.95424847649607,23693092
2010-11-04,54.95425033569336,54.95425033569336,54.0148638879631,54.48455711182823,24638005
2010-11-05,54.95425033569336,55.65879263948197,54.95425033569336,55.65879263948197,37741452
2010-11-08,54.484561920166016,55.18910428613147,54.01486865484981,55.18910428613147,20474049
2010-11-09,54.014862060546875,54.71939940451794,54.01486206054688,54.484555268521476,24056732
2010-11-10,54.719398498535156,54.95424756662492,54.24970529833722,54.48455436642698,23357000
2010-11-11,54.24971008300781,54.71940332463136,54.24971008300781,54.4845591718106,31279950
2010-11-12,53.3103141784668,54.249700495700345,53.07546513116783,54.01485638438253,48479860
2010-11-15,52.605770111083984,53.07546325308056,52.37092107209521,53.07546325308056,42632689
2010-11-16,53.075462341308594,53.075462341308594,52.13607607345296,52.37092017242642,26825357
2010-11-17,52.840614318847656,53.075463358302024,52.605770215374285,52.605770215374285,28226198
2010-11-18,53.3103141784668,53.3103141784668,52.605771972551054,53.07546513116783,20843199
2010-11-19,53.5451545715332,54.48454575951525,53.31031047652329,53.78000360252391,38055505
2010-11-22,54.014862060546875,54.24970619654334,53.78001298856874,53.78001298856874,30129800
2010-11-23,53.075462341308594,54.01485354514513,53.075462341308594,54.01485354514513,29895638
2010-11-24,52.605770111083984,53.07546325308056,52.605770111083984,52.84061421409178,29490675
2010-11-25,52.605770111083984,53.310312292069334,52.37092107209521,53.310312292069334,35837850
2010-11-26,52.136077880859375,52.84061513818492,52.13607788085938,52.84061513818492,43138204
2010-11-29,51.66638946533203,52.840625028637085,51.43154531426022,52.605780877565266,53085970
2010-11-30,50.96183776855469,52.13607805190548,50.96183776855469,51.66637996417273,56366997
2010-12-01,51.901222229003906,51.901222229003906,51.196680125409046,51.196680125409046,45813164
2010-12-02,51.19669723510742,52.37093282152945,51.196697235107415,52.13608866583429,43846201
2010-12-03,52.840614318847656,53.075463358302024,51.66637899353782,51.90122803299219,61210024
2010-12-06,53.075462341308594,53.54515547523641,52.605769207380774,52.84061330635424,42387508
2010-12-07,53.3103141784668,53.3103141784668,52.840616083868866,53.07546513116783,28807472
2010-12-08,53.075462341308594,53.54515547523641,52.84061330635424,53.31031137626295,23266090
2010-12-09,53.3103141784668,53.54515828978461,53.07546513116783,53.3103141784668,33872265
2010-12-10,53.3103141784668,53.54515828978461,52.840616083868866,53.07546513116783,27131145
2010-12-13,52.840614318847656,53.310312397756384,52.84061431884766,53.310312397756384,28351544
2010-12-14,54.014862060546875,54.484555268521476,53.07547070861602,53.31031978059415,58698978
2010-12-15,54.014862060546875,54.484555268521476,53.54516391659061,54.24970619654334,32519633
2010-12-16,54.484561920166016,54.484561920166016,53.78001955420057,54.01486865484981,27469992
2010-12-17,54.014862060546875,54.95424847649607,54.01486206054688,54.71939940451794,31124301
2010-12-20,53.78001022338867,54.4845524671163,53.78001022338867,54.4845524671163,19171005
2010-12-21,54.24971008300781,54.4845591718106,53.78001684138426,54.01486593018705,19361089
2010-12-22,54.484561920166016,54.484561920166016,54.01486865484981,54.01486865484981,17709556
2010-12-23,55.42393493652344,55.65878397990834,54.719392742349775,54.95424178573469,56453775
2010-12-24,54.95425033569336,55.65879263948197,54.95425033569336,55.42394355955849,22047069
2010-12-27,54.95425033569336,55.189099415616845,54.48455711182823,54.95425033569336,13691607
2010-12-28,54.95425033569336,55.42394355955849,54.48455711182823,55.42394355955849,15384462
2010-12-29,54.24971008300781,55.18910150223694,54.24971008300781,55.18910150223694,20281209
2010-12-30,54.95425033569336,55.189099415616845,54.48455711182823,54.48455711182823,26009921
2010-12-31,55.18910598754883,55.18910598754883,54.71940777177008,54.954256879659454,21169649
2011-01-03,55.18910598754883,55.42395015945577,54.954256879659454,55.42395015945577,19858340
2011-01-04,55.18910598754883,55.89364343925209,55.18910598754883,55.42395015945577,34654642
2011-01-05,53.78001022338867,55.42393883476553,53.54516116348565,55.18909471084393,36690477
2011-01-06,53.78001022338867,54.014859283291685,53.54516116348565,53.78001022338867,25370796
2011-01-07,53.5451545715332,54.24969672852453,53.07546144553258,53.78000360252391,23435513
2011-01-10,53.3103141784668,53.78000733708357,52.840616083868866,53.78000733708357,17188890
2011-01-11,54.484561920166016,54.71940608483298,53.54517045355133,53.78001955420057,35755205
2011-01-12,54.484561920166016,54.954255185482225,54.24971281951678,54.71940608483298,19644839
2011-01-13,54.95425033569336,54.95425033569336,54.249708031904746,54.719401255769874,32231751
2011-01-14,54.95425033569336,54.95425033569336,54.48455711182823,54.95425033569336,15482260
2011-01-17,54.014862060546875,54.95424847649607,54.01486206054688,54.95424847649607,14210896
2011-01-18,54.014862060546875,54.01486206054688,53.54516391659061,53.54516391659061,20244019
2011-01-19,54.95425033569336,54.95425033569336,54.0148638879631,54.48455711182823,26420394
2011-01-20,55.18910598754883,55.42395015945577,54.48456359986314,54.954256879659454,42766300
2011-01-21,54.24971008300781,55.18910150223694,54.24971008300781,54.95425241343415,25476857
2011-01-24,54.484561920166016,54.484561920166016,54.01486865484981,54.484561920166016,11378910
2011-01-25,54.719398498535156,54.95424756662492,54.48455436642698,54.95424756662492,24162794
2011-01-26,56.598182678222656,56.83303177304672,54.71940472757663,54.954253822400695,107997029
2011-01-27,58.24211502075195,59.18150150470855,57.77241684279162,57.77241684279162,143563527
2011-01-28,58.71180725097656,58.94665633590968,57.77241584722604,58.71180725097656,77485681
2011-02-08,58.476959228515625,59.41635064933403,58.242115075297555,59.18150156013392,79405812
2011-02-09,56.36332702636719,58.711797751803864,55.893628932494934,58.242104593912764,73875450
2011-02-10,55.89363479614258,56.833026146454905,54.95424838181192,55.42394158897725,48142390
2011-02-11,54.484561920166016,55.893641716114644,54.484561920166016,55.65879755144768,42016980
2011-02-14,54.95425033569336,55.42394355955849,54.48455711182823,54.719401255769874,28836398
2011-02-15,54.014862060546875,54.71939940451794,54.01486206054688,54.71939940451794,29096731
2011-02-16,54.014862060546875,54.484555268521476,54.01486206054688,54.01486206054688,26011298
2011-02-17,54.014862060546875,54.71939940451794,54.01486206054688,54.24970619654334,30099497
2011-02-18,54.719398498535156,54.95424756662492,54.48455436642698,54.48455436642698,23278487
2011-02-21,53.5451545715332,54.48454575951525,53.31031047652329,54.48454575951525,41654717
2011-02-22,52.37092208862305,52.605771132170275,51.666379893962414,52.605771132170275,51663089
2011-02-23,51.66638946533203,52.605780877565266,51.66638946533204,51.66638946533204,48594186
2011-02-24,51.19669723510742,52.37093282152945,51.196697235107415,51.66639048247981,33182174
2011-02-25,51.19669723510742,52.13608866583429,51.196697235107415,51.66639048247981,44282845
2011-03-01,53.5451545715332,53.545154571533196,51.43153303654001,51.666377131549915,44219483
2011-03-02,52.605770111083984,53.07546325308056,52.37092107209521,53.07546325308056,30239994
2011-03-03,53.3103141784668,53.54515828978461,52.840616083868866,53.07546513116783,25739946
2011-03-04,55.18910598754883,55.42395015945577,54.01487032006682,54.24971449197376,68254177
2011-03-07,54.95425033569336,55.42394355955849,54.48455711182823,55.189099415616845,23581520
2011-03-08,54.484561920166016,54.954255185482225,54.24971281951678,54.484561920166016,22199963
2011-03-09,54.719398498535156,55.18909663471468,54.48455436642698,55.18909663471468,15877581
2011-03-10,53.3103141784668,54.48454954299931,53.07546513116783,54.48454954299931,32098141
2011-03-11,53.075462341308594,53.31031137626295,52.605769207380774,53.075462341308594,23150386
2011-03-14,52.840614318847656,53.075463358302024,51.43153489006445,52.370921175919925,29005821
2011-03-15,51.19669723510742,52.60578191320669,49.55276840131299,52.13608866583429,54773316
2011-03-16,49.552757263183594,51.666378869265024,49.31790822429411,51.196685727467035,102738019
2011-03-17,47.43913650512695,47.90882970419218,46.92247250536074,47.90882970419218,102875761
2011-03-18,47.204288482666016,48.14367983757536,46.96944434592495,47.9088307648526,81162029
2011-03-21,48.84821701049805,48.84821701049805,47.439132593507615,47.439132593507615,38253854
2011-03-22,49.083072662353516,49.787615036490195,48.84822849496285,49.317921765726524,38392974
2011-03-23,48.37852478027344,49.083062066332715,48.37852478027344,49.083062066332715,28662842
2011-03-24,49.083072662353516,49.317921765726524,48.84822849496285,48.84822849496285,24602192
2011-03-25,49.787601470947266,50.02245051033135,49.31790832816008,50.02245051033135,31541661
2011-03-28,49.317909240722656,49.78760239220089,49.083060196993,49.78760239220089,21301881
2011-03-29,49.787601470947266,49.787601470947266,48.848215185372894,49.31790832816008,19609026
2011-03-30,49.083072662353516,49.787615036490195,48.84822849496285,49.083072662353516,40212553
2011-03-31,48.37852478027344,48.848217949640045,47.908826674925564,48.848217949640045,35881928
2011-04-01,49.787601470947266,49.787601470947266,48.61336614598881,48.848215185372894,29125657
2011-04-06,51.43153762817383,51.43153762817383,50.022453188392866,50.4921463563261,55435857
2011-04-07,51.43153762817383,51.66638174414982,50.4921463563261,51.43153762817383,26737202
2011-04-08,50.492149353027344,51.4315406806278,50.02245615721789,51.4315406806278,27262001
2011-04-11,51.19669723510742,51.196697235107415,50.25731074036263,51.196697235107415,28263389
2011-04-12,49.552757263183594,50.961836688577556,49.552757263183594,50.961836688577556,26631140
2011-04-13,50.0224494934082,50.0224494934082,49.3179073255598,49.78760045879844,17614514
2011-04-14,50.96183776855469,51.19668681242106,50.02245146505135,50.25730050891772,34585771
2011-04-15,49.317909240722656,51.19668678261667,48.848216089244424,51.19668678261667,36780009
2011-04-18,49.317909240722656,50.49214458740878,49.083060196993,49.317909240722656,30432834
2011-04-19,48.61336898803711,49.083062158283624,48.378524870904485,48.84821804115101,27646302
2011-04-20,50.726993560791016,50.726993560791016,49.31790917232933,49.5527582157333,39485273
2011-04-21,51.43153762817383,52.3709239640403,51.19668857621658,51.66638174414982,58037814
2011-04-22,51.43153762817383,51.66638174414982,50.96183952425934,51.43153762817383,21352846
2011-04-25,50.492149353027344,52.13608294233275,50.492149353027344,51.66638481054175,14636521
2011-04-26,50.96183776855469,50.96183776855469,49.78760242118497,50.02245146505135,15343140
2011-04-27,51.19669723510742,51.43154632678466,50.727003987735024,51.196697235107415,25666942
2011-04-28,51.19669723510742,51.43154632678466,50.25731074036263,51.196697235107415,49744336
2011-04-29,50.96183776855469,50.96183776855469,50.25730050891772,50.72699366066939,21768829
2011-05-03,49.787601470947266,50.72699269250263,49.31790832816008,50.72699269250263,35383300
2011-05-04,49.787601470947266,50.02245051033135,49.31790832816008,50.02245051033135,23537443
2011-05-05,50.726993560791016,50.96183766821392,49.31790917232933,49.7876023231562,27264755
2011-05-06,50.492149353027344,50.9618425488368,50.02245615721789,50.72699841892284,27003045
2011-05-09,51.19669723510742,51.196697235107415,50.492154896057784,50.961848143430174,26635272
2011-05-10,51.19669723510742,51.43154632678466,50.961848143430174,51.43154632678466,17746747
2011-05-11,51.901222229003906,51.901222229003906,51.43152913860081,51.66637321581214,31329537
2011-05-12,51.19669723510742,51.66639048247981,50.961848143430174,51.66639048247981,26326729
2011-05-13,50.96183776855469,51.66637996417273,50.72699366066939,51.43153585628743,22132469
2011-05-16,49.787601470947266,50.72699269250263,49.787601470947266,50.49214365311854,29503072
2011-05-17,48.84821701049805,49.787603331170885,48.84821701049805,49.787603331170885,39514199
2011-05-18,49.787601470947266,49.787601470947266,48.61336614598881,48.61336614598881,18002948
2011-05-19,48.84821701049805,50.02245237932968,48.84821701049805,49.787603331170885,25782646
2011-05-20,48.37852478027344,49.31791111900665,48.37852478027344,49.083062066332715,24690348
2011-05-23,46.969444274902344,47.43913748365595,45.88914545238555,46.734595202534706,71376800
2011-05-24,48.37852478027344,48.37852478027344,47.20428445288502,47.20428445288502,24654535
2011-05-25,47.43913650512695,48.37852783923898,47.204287437603554,48.37852783923898,23876289
2011-05-26,47.673980712890625,48.37852290766008,47.439131669307116,48.37852290766008,16578690
2011-05-27,47.43913650512695,47.90882970419218,47.43913650512695,47.67398557265035,20066331
2011-05-30,46.969444274902344,47.43913748365595,46.96944427490235,47.20428841128831,32397042
2011-05-31,47.204288482666016,47.673986628111535,46.96944434592495,46.96944434592495,63823000
2011-06-01,47.90882873535156,48.14367779812571,47.6739846085589,47.6739846085589,32124312
2011-06-02,46.969444274902344,47.43913748365595,46.922473473232486,47.20428841128831,51114874
2011-06-03,47.204288482666016,47.439137555388776,46.92247354418406,47.439137555388776,29906657
2011-06-07,46.969444274902344,47.67398655602359,46.922473473232486,47.43913748365595,20819783
2011-06-08,47.204288482666016,47.673986628111535,47.204288482666016,47.204288482666016,26767505
2011-06-09,47.90882873535156,48.37852686089985,47.6739846085589,47.6739846085589,44255296
2011-06-10,46.969444274902344,48.378528837144835,46.96944427490235,48.378528837144835,37606464
2011-06-13,46.969444274902344,47.43913748365595,46.922473473232486,46.96944427490235,31073336
2011-06-14,47.204288482666016,47.673986628111535,46.96944434592495,46.96944434592495,26067773
2011-06-15,46.73459243774414,47.439134677185095,46.49974831525142,47.204285618710976,60406985
2011-06-16,46.21792984008789,46.546715570195545,45.93611491027606,46.26490064038371,47522549
2011-06-17,46.35883331298828,46.87549726380721,46.35883331298828,46.499745701741624,23704111
2011-06-20,46.21792984008789,47.20428703041084,46.077022375181976,47.20428703041084,21797755
2011-06-21,47.204288482666016,47.204288482666016,46.59368780396121,46.96944434592495,19786714
2011-06-22,46.499752044677734,47.6739875592629,46.499752044677734,47.43913848195315,26884586
2011-06-23,46.077022552490234,46.68762815074091,46.03005175201367,46.21793001793837,29380481
2011-06-24,45.84217071533203,46.358834681401774,45.79520485367569,45.88914151296962,28833643
2011-06-27,45.09066390991211,45.654298689580436,44.90278565002267,45.654298689580436,40971514
2011-06-28,44.62096405029297,45.51337948123392,44.57399325835482,45.18459380962817,31863979
2011-06-29,45.84217071533203,45.983083108244806,44.76187692153621,45.090662633036835,34890182
2011-06-30,46.26490020751953,46.26490020751953,45.466421289869054,45.748236217044166,20171015
2011-07-01,45.84217071533203,46.45277627667696,45.70126325840051,46.45277627667696,20362477
2011-07-04,45.32550811767578,46.311870217938,45.231571455545826,46.311870217938,22913469
2011-07-05,45.137630462646484,45.60732360019393,45.137630462646484,45.46641615252779,15575925
2011-07-06,46.26490020751953,46.73459339813855,44.996723163268555,45.0436939631249,37040343
2011-07-07,45.88914108276367,46.49974663838424,45.842170285566425,46.31186838557647,20416197
2011-07-08,45.88914108276367,46.687624891192016,45.88914108276367,46.45277584118699,23819815
2011-07-11,45.2315673828125,46.499744291257,45.09065993431444,46.499744291257,48033574
2011-07-12,44.714908599853516,45.09066512979814,44.43309367038581,44.996723529321216,34774478
2011-07-13,43.07098388671875,44.66794188092517,42.648256517911065,44.62097601237697,83794289
2011-07-14,42.41341018676758,43.399767415301305,42.272497780421276,43.070981672456725,65974538
2011-07-15,43.30582809448242,43.30582809448242,42.36644161853254,42.50734909632682,36383311
2011-07-18,41.567955017089844,43.070976065277925,41.47401342508873,43.070976065277925,50424784
2011-07-19,41.84977722167969,42.084621370688055,41.427049855893515,41.52099146428242,34993489
2011-07-20,43.7755241394043,43.916431610345505,42.41341036033637,42.41341036033637,66762425
2011-07-21,43.35279846191406,43.44673513416902,42.88310522867541,43.44673513416902,32936993
2011-07-22,43.117942810058594,43.91642661452827,43.117942810058594,43.869455817563896,31172511
2011-07-25,43.02401351928711,43.0240135192871,42.507349472152036,42.977042714279726,21571857
2011-07-26,43.30582809448242,43.540677181460886,42.6952273787132,43.02401313889386,30055419
2011-07-27,43.211883544921875,43.30582020100196,42.7891562526088,42.7891562526088,26613233
2011-07-28,42.41341018676758,43.117947538590435,42.31946858253671,42.74219592961215,66113658
2011-07-29,42.52143859863281,42.98643275194259,42.10810442949098,42.52143859863281,68767331
2011-08-01,43.91643142700195,44.174760966652066,42.77976861898898,42.77976861898898,50546498
2011-08-02,42.98643112182617,43.6580948022271,42.779766513083146,43.6580948022271,29236477
2011-08-03,41.64310836791992,42.314767107031564,41.33310898926443,42.263102189249466,73663451
2011-08-04,40.558109283447266,42.00476880424468,40.558109283447266,41.59143469202771,53917434
2011-08-05,37.768131256103516,38.6464596029907,37.768131256103516,37.768131256103516,89436223
2011-08-08,36.78646469116211,38.90478797797304,36.16646841414131,37.97479232844652,83617227
2011-08-09,36.68313217163086,38.59478837607915,34.87480826807344,35.28813993962755,129995136
2011-08-10,38.078128814697266,38.3881282212716,37.509799859965575,38.28479590841047,88226593
2011-08-11,38.078128814697266,38.80145994070707,36.94146843724294,37.509799859965575,51123765
2011-08-12,37.664794921875,38.74979031428631,37.664794921875,38.698122926841656,52583836
2011-08-15,38.594791412353516,38.69812372137359,38.23312709678782,38.594791412353516,27510939
2011-08-16,38.33646011352539,39.00812383654154,38.129795491670066,38.749791825226936,27756371
2011-08-17,38.284793853759766,39.21478708759044,38.0264593834847,38.54312585604402,50278527
2011-08-18,37.09646224975586,38.1297901502606,36.78646289240822,38.1297901502606,73971494
2011-08-19,35.133140563964844,36.06313621616106,34.77147627366372,35.75313684276543,106250829
2011-08-22,34.61647415161133,35.80480170870523,34.46147694380863,35.133138092261675,78648479
2011-08-23,34.099815368652344,34.771479086686895,33.221487030295265,34.61647938744955,137910323
2011-08-24,33.47981643676758,34.51314439402474,33.47981643676758,34.15148010258287,109500300
2011-08-25,31.92983055114746,33.58315510244315,31.774833302581584,33.47982278073551,90630826
2011-08-26,33.169822692871094,33.47981962880964,32.1881620270793,32.1881620270793,71488372
2011-08-29,33.169822692871094,33.7381516427539,32.704823586976886,33.06649038089158,45723006
2011-08-30,35.44314193725586,35.44314193725586,34.40981392495199,35.33980962962364,54284330
2011-08-31,37.8714599609375,37.8714599609375,36.114803434441725,36.166468351108854,158880997
2011-09-01,38.284793853759766,40.04145048209638,38.12979415879105,39.36978678255915,138125702
2011-09-02,39.266448974609375,39.266448974609375,37.9231217637147,38.23312111022592,81528550
2011-09-05,37.71646499633789,38.388128741015436,37.71646499633789,38.388128741015436,69908089
2011-09-06,37.251461029052734,38.18145414266136,37.1997936480787,37.1997936480787,58000874
2011-09-07,37.768131256103516,38.129795579175784,37.61313155536086,37.87146356726832,48039584
2011-09-08,36.734798431396484,37.97479094010448,36.734798431396484,37.81979125951833,91165518
2011-09-09,37.56146240234375,38.078126401902274,36.838133790158125,36.993133483623836,71195356
2011-09-13,35.80480194091797,36.528130475323415,35.64980226411951,36.16646620812069,72784404
2011-09-14,34.771480560302734,36.63147209399551,34.409816225415526,36.63147209399551,98995554
2011-09-15,36.11479949951172,36.26979670061587,35.28813624300101,35.649800492228046,55311138
2011-09-16,36.68313217163086,37.354795829407465,36.57979987074,36.68313217163086,60198493
2011-09-19,36.88978958129883,37.04478923641138,36.47646045831892,36.73479239417645,31265049
2011-09-20,37.4581298828125,37.819794186846664,37.04479819192027,37.25146527136177,68871264
2011-09-21,37.61313247680664,37.81979710419912,37.19980075403073,37.81979710419912,59583660
2011-09-22,36.6314697265625,36.94146665014937,36.37313772291136,36.78646695436052,50359920
2011-09-23,35.649803161621094,36.16646711862955,34.668142630501265,34.71980754540776,68724756
2011-09-26,35.44314193725586,35.54647424488808,35.44314193725586,35.54647424488808,161201332
2011-09-27,35.18480682373047,36.06313506294357,34.874807460247915,35.6498034009637,69712745
2011-09-28,35.649803161621094,36.16646711862955,35.2364739704068,35.2364739704068,51193888
2011-09-29,36.166465759277344,36.528130021991636,35.339804939929024,35.39146985289364,39937819
2011-09-30,35.753135681152344,36.631466387906265,35.44313878581914,36.166467342920555,46282741
2011-10-03,35.029808044433594,35.494807101636816,34.92647574327421,35.39147233248677,36728418
2011-10-04,35.598140716552734,35.6498056350438,34.409813039387686,34.77147734078816,35606443
2011-10-05,34.926475524902344,35.701471480738185,34.926475524902344,35.288139810694275,21750797
2011-10-06,36.166465759277344,36.631464783901855,35.39146985289364,35.59813690872359,61271633
2011-10-07,36.68313217163086,36.68313217163086,36.68313217163086,36.68313217163086,118168062
2011-10-11,37.81979751586914,37.87146490727515,37.458133180000104,37.76813259245413,62467488
2011-10-12,37.664794921875,37.819794616218154,37.25146569428098,37.71646230931965,29960252
2011-10-13,37.199798583984375,37.87146228581493,36.786466885320124,37.81979489798534,45765581
2011-10-14,37.199798583984375,37.61313028264862,37.044798888486426,37.45813058715068,21708222
2011-10-17,38.749794006347656,38.749794006347656,37.61313358618205,37.71646590292601,82155904
2011-10-18,38.33646011352539,38.59479212484,37.768131169427804,38.33646011352539,59531068
2011-10-19,38.49146270751953,38.646462419558624,37.509801977923765,38.439795314176145,54621173
2011-10-20,37.56146240234375,38.85312240124007,37.40646517686882,38.64645778861297,59799040
2011-10-21,37.92313003540039,37.92313003540039,37.096469044378956,37.664798012957874,29180128
2011-10-24,39.214786529541016,39.266453916458936,38.491457920634815,38.543125307552735,85622007
2011-10-25,40.71310806274414,40.816440354529576,39.31811348567423,39.52478053723554,134852439
2011-10-26,41.539772033691406,41.95310123236209,40.2997795016981,40.50644410103344,115609808
2011-10-27,41.7981071472168,41.84977206387404,41.281440704709624,41.59143760862512,76653716
2011-10-28,42.21144104003906,43.451433729384206,42.10810625926785,43.14143432305245,89929592
2011-10-31,43.03810501098633,43.0897699340205,42.469771113682675,43.03810501098633,75037120
2011-11-01,44.89808654785156,44.94975640105349,42.67643587559148,43.39976446060466,134881240
2011-11-02,44.89808654785156,44.89808654785156,43.60642906546823,44.17475796283838,97386471
2011-11-03,43.29643249511719,44.84642453598139,43.29643249511719,44.84642453598139,100706066
2011-11-04,43.70975875854492,44.63975184039324,43.658088911344976,44.381417412335985,59015160
2011-11-07,43.45143508911133,43.9164342131602,43.193105533072206,43.86476435316674,34157642
2011-11-08,43.50309753417969,43.96809663173144,43.1931030717936,43.1931030717936,31192421
2011-11-09,42.67643737792969,43.65809551958428,42.62476752290882,43.50309582648481,48933659
2011-11-10,40.86811065673828,41.84977372815275,40.29978174296327,41.48810942520669,96636401
2011-11-11,42.52143859863281,42.52143859863281,41.69477519633081,42.26310412592146,63859940
2011-11-14,43.29643249511719,43.45143219280178,42.93476817918038,43.29643249511719,46573253
2011-11-15,42.6247673034668,43.24476607267281,42.52143746592016,43.14143129914463,31486689
2011-11-16,42.36643981933594,43.14143338228345,42.05644041976422,42.88310383996154,32042668
2011-11-17,42.31477355957031,42.41810834687338,42.004779069625506,42.10810892094637,30945737
2011-11-18,41.38478088378906,41.84978003016294,41.38478088378906,41.38478088378906,34757448
2011-11-21,40.40311050415039,41.07477413241121,40.35144312198011,40.55811018267066,38609230
2011-11-22,40.093109130859375,41.02310468722174,40.04144421927784,40.86810501649627,43739513
2011-11-23,38.85312271118164,40.041450413244014,38.85312271118164,39.78311841140397,53752143
2011-11-24,39.266448974609375,39.5764483211206,37.76812455844956,38.54312045673714,51163835
2011-11-25,39.11145782470703,40.35145054499605,38.74979348695532,39.576456945808665,46510642
2011-11-28,40.248111724853516,40.50644370549544,39.62811546491101,39.62811546491101,43556691
2011-11-29,40.9714469909668,41.02311191164685,40.248115889528336,40.60978020625213,41534381
2011-11-30,41.17810821533203,41.33310790057719,40.558111942342066,41.33310790057719,47318314
2011-12-01,42.7797737121582,43.39977257870353,42.573109068637194,43.34810271583654,65775813
2011-12-02,42.26310729980469,43.08977076418763,42.21144237577514,42.67644149998718,28872086
2011-12-05,42.46977233886719,42.62477204842314,41.90144336115011,42.62477204842314,23715506
2011-12-06,41.33311080932617,42.36643882635841,41.33311080932617,42.36643882635841,27965489
2011-12-07,42.00477600097656,42.26310554638873,41.69477659769649,41.69477659769649,27048875
2011-12-08,42.1597785949707,42.26310844583174,41.59144467130631,42.26310844583174,28619140
2011-12-09,41.17810821533203,41.74643710391006,41.074775914498815,41.53977250224362,31482933
2011-12-12,42.31477355957031,42.624772985497316,42.10810892094637,42.469773272533814,30219458
2011-12-13,42.10810470581055,42.366439180217135,41.798110246897025,42.00477486483327,25081662
2011-12-14,42.31477355957031,42.31477355957031,41.798114431001565,42.31477355957031,19655858
2011-12-15,40.71310806274414,42.05643279193566,40.609773302968264,42.05643279193566,48000766
2011-12-16,41.33311080932617,41.33311080932617,40.45478248844694,40.713114492704996,27726318
2011-12-19,40.19644546508789,41.02310881344495,39.93811594521582,40.868109127129166,35446161
2011-12-20,40.299781799316406,40.76477840832717,40.19644702576666,40.24811441254153,32993092
2011-12-21,42.6247673034668,42.88310176929648,42.10810330778897,42.88310176929648,66426960
2011-12-22,42.36643981933594,42.624769361657854,41.90144071997836,42.624769361657854,36278877
2011-12-23,42.83143615722656,43.14143060083026,42.521436777641405,42.521436777641405,52431067
2011-12-26,42.6247673034668,42.98643160684313,42.6247673034668,42.88310176929648,22276723
2011-12-27,42.46977233886719,42.779771757979084,42.26310770478662,42.62477204842314,16504059
2011-12-28,42.6247673034668,42.9347666880698,42.52143746592016,42.83143685052316,22063848
2011-12-29,42.83143615722656,42.83143615722656,42.26310231599329,42.62476661351548,25601327
2011-12-30,42.83143615722656,43.08976568289322,42.4697669237229,42.8831010751636,37628754
2012-01-02,42.05644607543945,42.624775093760945,42.05644607543945,42.624775093760945,73391723
2012-01-03,42.72810363769531,42.88310333565838,42.31476946446655,42.46976916242962,106025432
2012-01-04,42.98643112182617,43.348095421121826,42.779766513083146,42.8831012854454,134356566
2012-01-05,42.98643112182617,43.19310066655067,42.831436367255016,43.19310066655067,100068694
2012-01-06,43.34809112548828,43.606425562803196,42.883097035891026,43.19309638627652,52920679
2012-01-09,43.55475997924805,43.55475997924804,43.089760960828016,43.45142521871662,29706054
2012-01-10,44.63976287841797,44.63976287841797,43.81309941459974,43.86476433859399,93924125
2012-01-11,44.53642654418945,45.46642475960614,44.53642654418945,44.949760729701936,67568971
2012-01-12,44.74308776855469,44.89808745934442,44.38142346870581,44.69142285028527,48654417
2012-01-13,44.01976013183594,44.949758296919015,43.81309551825579,44.84642352213814,100220211
2012-01-16,43.14143371582031,44.794760568997226,43.14143371582031,44.794760568997226,50369938
2012-01-17,44.94975280761719,44.94975280761719,43.45142590417025,43.813090167764166,91979451
2012-01-18,45.311424255371094,45.62141871904359,45.104759634262166,45.20808947682574,89357334
2012-01-30,48.46306610107422,48.46306610107422,47.274738536270505,48.04973198428364,128679069
2012-01-31,49.23807144165039,49.961400150764526,48.56640765862091,49.13474158948108,129909986
2012-02-01,49.18640899658203,49.341408718636586,48.721409830418345,49.341408718636586,53082213
2012-02-02,49.961395263671875,49.961395263671875,48.92807216314452,49.59973094449186,58852373
2012-02-03,50.426387786865234,50.478057637141774,49.651394328509284,49.90972383596756,65042021
2012-02-06,48.56640625,49.34140479870296,48.30807669108708,49.34140479870296,47373411
2012-02-07,50.271392822265625,50.37472759652797,48.51473621167693,48.56640113081731,62644049
2012-02-08,52.441383361816406,52.95804735887818,50.7880565968261,50.7880565968261,118278256
2012-02-09,53.474708557128906,53.474708557128906,51.92471664706856,52.44138061708867,94336100
2012-02-10,52.699710845947266,53.2163748229462,51.61471797504391,52.95804530243741,64541139
2012-02-13,52.95804214477539,53.21637164988109,51.51138013384784,51.666379811303685,53936217
2012-02-14,52.183040618896484,52.6997045340137,51.66637670377927,52.6997045340137,36927519
2012-02-15,53.474708557128906,53.474708557128906,51.92471664706856,52.44138061708867,54351949
2012-02-16,52.699710845947266,53.47470927943635,52.183046868948324,53.2163748229462,41609513
2012-02-17,52.441383361816406,53.991375353001736,52.441383361816406,53.47471135593996,50715546
2012-02-20,51.51137161254883,52.69969898580986,51.408041801992375,52.44136952343846,50319849
2012-02-21,50.01306915283203,50.68473292431192,49.238070594977486,50.374733501170105,75141053
2012-02-22,50.426387786865234,50.9430517377629,49.341394970774466,49.341394970774466,74631406
2012-02-23,50.16806411743164,50.99472258628072,50.013064420527016,50.42639365495155,36410358
2012-02-24,51.149723052978516,51.408057530368,50.73639381233345,51.408057530368,49593571
2012-02-29,52.95804214477539,52.95804214477539,51.666379811303685,51.92471425239045,81249308
2012-03-01,52.95804214477539,53.73303559607356,52.699707703688624,52.95804214477539,42101629
2012-03-02,52.95804214477539,53.73303559607356,52.441378198582925,53.73303559607356,25259475
2012-03-05,51.92471694946289,52.44138092249191,51.30471820743554,52.44138092249191,25055365
2012-03-06,51.56304931640625,51.924713580462786,50.63305126370573,51.924713580462786,33445138
2012-03-07,51.04637908935547,51.356378402072046,50.7363797766389,50.78804468343153,21500356
2012-03-08,52.183040618896484,52.44137504444548,51.356382303493554,51.408047214211045,31891151
2012-03-09,52.441383361816406,52.699712892356516,52.18304889529474,52.699712892356516,32884150
2012-03-12,51.92471694946289,52.69971044101575,51.66638249495772,52.183046467986735,23711750
2012-03-13,52.95804214477539,53.21637164988109,52.18304375749616,52.699707703688624,43009478
2012-03-14,53.474708557128906,53.991372527149025,53.2163741041282,53.73303807414832,48824717
2012-03-15,53.73303985595703,53.73303985595704,52.95804634321842,53.73303985595704,28101980
2012-03-16,53.99137878417969,54.76637236103279,53.99137878417969,53.99137878417969,77476415
2012-03-19,53.73303985595703,54.249703843109934,52.44138235606552,53.99137431752421,26901115
2012-03-20,52.699710845947266,53.733038799945135,52.69971084594726,53.733038799945135,21343830
2012-03-21,52.95804214477539,53.474706090967864,52.441378198582925,53.21637164988109,30873109
2012-03-22,54.24971008300781,54.24971008300781,53.474716481128056,53.474716481128056,54225476
2012-03-23,54.7663688659668,54.7663688659668,53.73304087211941,54.2497048690431,44301753
2012-03-26,54.7663688659668,55.02470333241941,54.2497048690431,55.02470333241941,49092689
2012-03-27,55.79969024658203,55.79969024658203,54.766362375201936,55.283026310891984,47985740
2012-03-28,58.38301467895508,59.67467215536481,57.349686723434736,57.866350701194904,125516000
2012-03-29,59.933006286621094,60.44967026157424,57.8663503868085,58.383014361761646,150377274
2012-03-30,59.158023834228516,59.4163583594695,58.12469560522995,59.158023834228516,81008885
2012-04-02,57.349693298339844,59.674678996819914,57.349693298339844,58.89968540932053,44658631
2012-04-03,56.833038330078125,58.12469616067827,56.31637421064152,57.608032041241664,70529183
2012-04-05,57.349693298339844,57.866357335333404,55.541371636853334,55.79970118735915,67270946
2012-04-06,57.349693298339844,57.866357335333404,56.833029261346276,57.349693298339844,29346671
2012-04-09,56.57469940185547,57.09136343602725,55.799700882606835,56.058035367683686,26524202
2012-04-10,56.833038330078125,57.608032041241664,56.05804461891458,57.09137285778778,24137499
2012-04-11,58.64134979248047,58.89968427398864,56.8330281658506,56.8330281658506,55591632
2012-04-12,58.89968490600586,58.89968490600586,57.866356840848816,58.641350421725654,37782775
2012-04-13,59.158023834228516,59.6746879487278,58.38303013047093,59.4163583594695,35163162
2012-04-16,59.158023834228516,59.158023834228516,58.12469560522995,58.89969424497021,23975965
2012-04-17,56.833038330078125,59.416358927261136,56.05804461891458,59.15802439955147,63262638
2012-04-18,55.79969024658203,58.383009925032255,55.79969024658203,58.124675489196754,40881982
2012-04-19,54.50804138183594,55.799698954645784,54.249706905684924,55.799698954645784,52960749
2012-04-20,53.21637725830078,55.02470372854264,53.21637725830078,54.50803972789948,62140663
2012-04-23,51.61471939086914,52.441382763939615,51.40805478159689,52.18304830036319,63445460
2012-04-24,53.474708557128906,53.73303807414832,51.66638219406785,51.66638219406785,49578544
2012-04-25,54.7663688659668,55.02470333241941,53.73304087211941,55.02470333241941,57257064
2012-04-26,53.73303985595703,55.28303181741573,53.73303985595704,55.28303181741573,38872193
2012-04-27,51.304718017578125,53.73303818823017,50.891388815077,53.474708670662295,83815076
2012-04-30,47.739742279052734,47.739742279052734,47.739742279052734,47.739742279052734,27230445
2012-05-02,46.293087005615234,47.01642065481301,44.43310029619886,44.43310029619886,392742765
2012-05-03,46.499752044677734,46.80974650866991,45.31142430209872,45.72475354474282,108071535
2012-05-04,46.499752044677734,46.70641666599978,46.1380877233687,46.65474680868293,61503290
2012-05-07,45.72475814819336,45.98309265284071,45.51809350606485,45.98309265284071,62527594
2012-05-08,45.72475814819336,46.24142222150578,45.72475814819336,46.24142222150578,34724891
2012-05-09,45.10475158691406,45.46641584332392,44.79475224256821,45.46641584332392,59940539
2012-05-10,45.311424255371094,45.828088276134295,45.104759634262166,45.104759634262166,30921945
2012-05-11,44.63976287841797,45.15642692630661,44.48476317045317,44.94976229434756,48969973
2012-05-14,44.89808654785156,45.41475052800117,44.5880921085469,44.63975702576745,38999918
2012-05-15,44.12309265136719,44.226422484885,43.45142898957603,44.17475756812609,74685250
2012-05-16,42.7797737121582,44.329765942539204,42.7797737121582,44.071436372133526,73021070
2012-05-17,44.27809143066406,44.63975571253101,43.03809890198004,43.39976318384699,55636711
2012-05-18,42.98643112182617,43.70976465639897,42.93476620363578,43.348095421121826,45205845
2012-05-21,42.98643112182617,43.45143019348408,42.8831012854454,42.98643112182617,28309846
2012-05-22,45.05309295654297,45.10476281745304,43.76143528146934,43.91643499223532,52203165
2012-05-23,44.94975280761719,45.104752482869,44.123089518267804,44.89808295854591,40808102
2012-05-24,44.07142639160156,45.46641858943261,43.81309194371667,45.46641858943261,39802581
2012-05-25,43.45143508911133,44.484763185231905,43.399770165099916,44.07143392117649,32795243
2012-05-28,44.12309265136719,44.226422484885,43.29642930331797,43.29642930331797,19471784
2012-05-29,46.24142074584961,46.44808538138304,44.484763939842274,44.58809872560005,70307542
2012-05-30,45.93142318725586,46.241422621118744,45.36309418249545,46.241422621118744,61722426
2012-05-31,45.208091735839844,45.46642622712111,44.89809232069513,45.208091735839844,51842530
2012-06-01,44.07142639160156,45.20808414154772,44.07142639160156,45.00141954482853,45283482
2012-06-04,42.36643981933594,43.244768160801286,41.798110877442305,42.88310383996154,56132584
2012-06-05,42.46977233886719,43.39977059620288,42.108107995230675,43.038106252566365,33501487
2012-06-06,42.7797737121582,43.14143807231554,42.21144470847986,43.08977314543087,31158612
2012-06-07,43.34809112548828,43.91642491318869,43.141426537224945,43.91642491318869,32527271
2012-06-08,42.21144104003906,43.03810447826312,41.95310655610197,42.6764401495367,39485773
2012-06-11,43.29643249511719,43.50309711336941,42.883103258612756,42.883103258612756,30951998
2012-06-12,42.6247673034668,42.7797669957683,42.314767918863794,42.36643777361866,29625913
2012-06-13,42.36643981933594,42.93476876122957,42.36643981933594,42.93476876122957,24704748
2012-06-14,42.41810607910156,42.72810548845527,42.15977652862809,42.469771001999874,17980408
2012-06-15,43.65809631347656,43.65809631347656,42.521438458053154,42.67643815397119,39008683
2012-06-18,44.69142150878906,45.10475565048184,44.63975659207047,44.743086425507656,38418895
2012-06-19,44.58808898925781,44.898083406875905,44.17475487246527,44.898083406875905,30024114
2012-06-20,44.94975280761719,45.00141772070746,44.43308886877145,44.74308328329409,26869810
2012-06-21,44.48476028442383,44.94975937815056,44.38142550715732,44.94975937815056,23864519
2012-06-22,44.74308776855469,44.79475762280559,43.864759478067214,44.01975916885694,24985242
2012-06-25,44.69142150878906,44.84642119492619,43.91642801408478,44.53642182265194,27237958
2012-06-26,44.4330940246582,44.53642386282884,44.17475955726845,44.53642386282884,29206424
2012-06-27,44.69142150878906,44.89808611164478,44.381422136514814,44.381422136514814,22447023
2012-06-28,45.41475296020508,45.673087432105774,45.20808834427351,45.41475296020508,38100835
2012-06-29,46.18974685668945,46.396411452114464,45.51808321957229,45.67308290013634,42464769
2012-07-02,45.98308563232422,46.499749626754415,45.87975085904557,46.39641485347577,28569052
2012-07-03,46.75808334350586,46.80974826678139,45.98308975044501,45.98308975044501,42842935
2012-07-04,47.53307342529297,47.53307342529297,46.551415275663224,46.86141466438066,44458279
2012-07-05,47.223079681396484,47.63640891523625,46.913080288025824,47.274744601631035,21892296
2012-07-06,47.223079681396484,47.42974429831637,46.44808119796982,47.171409825180255,27542244
2012-07-09,47.481407165527344,47.481407165527344,46.758078569592534,46.91307825957592,22244166
2012-07-10,46.551422119140625,47.79141492031885,46.18975775779624,47.533080413082956,46901330
2012-07-11,46.448081970214844,46.49975182729013,45.569753631716004,45.62141855280954,25610092
2012-07-12,45.00142288208008,46.49974995737546,45.00142288208008,46.08641579730351,45958420
2012-07-13,44.94975280761719,45.15641739595928,44.69141837020382,44.89808295854591,31762174
2012-07-16,45.208091735839844,45.569756074848,45.053092028267486,45.46642622712111,14574411
2012-07-17,45.72475814819336,45.879757863785315,45.00142943275243,45.20809407488094,22761326
2012-07-18,44.94975280761719,45.466416746462926,44.94975280761719,45.466416746462926,30613902
2012-07-19,45.621421813964844,45.72475659952035,45.311427329262564,45.72475659952035,20529897
2012-07-20,46.293087005615234,46.293087005615234,45.41475857728465,45.46642843964452,22272966
2012-07-23,44.74308776855469,45.673085913293065,44.58809301374645,45.673085913293065,33798259
2012-07-24,44.22642517089844,44.58809441812015,43.91643071553669,44.58809441812015,32900428
2012-07-25,42.31477355957031,42.88310748576389,41.849779356662005,41.90144428232244,82858391
2012-07-26,41.5914421081543,42.52144032448374,41.43644240543272,42.31477076353373,83524564
2012-07-27,43.14143371582031,43.14143371582031,42.21144044589694,42.831439249833736,46582018
2012-07-30,42.7797737121582,43.14143807231554,42.62477399552187,43.14143807231554,35818066
2012-07-31,43.70975875854492,44.019753161840484,42.36643157900116,42.36643157900116,37320711
2012-08-01,43.81309509277344,44.019759704346605,43.193101258053936,43.91642986655079,34729900
2012-08-02,43.81309509277344,43.81309509277344,43.81309509277344,43.81309509277344,0
2012-08-03,42.1597785949707,42.93477222035716,40.81645104591985,42.366443232674946,73014809
2012-08-06,45.10475158691406,45.10475158691406,44.43308798615834,45.10475158691406,86458480
2012-08-07,45.10475158691406,45.10475158691406,43.91642405757555,44.949751914741135,40444962
2012-08-08,45.10475158691406,45.518080755387935,44.949751914741135,45.36308108321501,33834573
2012-08-09,47.01640701293945,47.27473650585509,45.41474540013536,45.46641524750315,95331603
2012-08-10,48.77098846435547,49.69555477779794,48.19313451845393,48.19313451845393,81458198
2012-08-13,49.05990982055664,49.98447602814777,48.828768268658855,49.98447602814777,35885912
2012-08-14,49.11771011352539,49.86892038515139,49.0599247080157,49.11771011352539,45596191
2012-08-15,48.82877731323242,49.34884590133494,48.42427952248602,49.29106050265688,34886425
2012-08-16,48.59762954711914,49.291054243198005,48.539844155779235,49.11769806917829,25496028
2012-08-17,48.82877731323242,49.46441669869105,48.655421117198244,48.7132065158763,28740376
2012-08-20,49.00212860107422,49.40662635130498,48.886557815294005,49.348840958414876,20939140
2012-08-21,49.63776779174805,50.44676830877965,49.406626220798174,49.406626220798174,58491624
2012-08-22,49.75333786010742,49.86890864391659,49.29105472487074,49.52219629248908,22485044
2012-08-23,50.331199645996094,50.331199645996094,49.6377698851944,49.695555280368936,32263625
2012-08-24,50.21562194824219,50.44676349714568,49.637763057276885,50.27340733546806,36615606
2012-08-27,50.56234359741211,50.966841382599576,50.33120200587642,50.85127058683173,36504046
2012-08-28,48.655418395996094,50.10005328215195,48.48206220965739,49.753340909474545,58943556
2012-08-29,48.53984832763672,49.00213149808784,48.25092134610477,48.25092134610477,38687436
2012-08-30,49.40663146972656,49.579987666356224,47.96199147910519,47.96199147910519,63278462
2012-08-31,49.00212860107422,49.40662635130498,48.01977692194237,48.01977692194237,44925693
2012-09-03,52.006980895996094,52.41148371818055,51.14019988854591,52.41148371818055,120161572
2012-09-04,51.94919204711914,52.87376341240079,51.833621253797354,52.295909445791864,57016299
2012-09-05,51.31356430053711,51.949203807707,51.31356430053711,51.949203807707,39965823
2012-09-06,51.08240509033203,51.94918593831906,50.966834310600426,51.77582976872166,41948860
2012-09-07,51.42911148071289,52.00696531253047,51.37132609753114,52.00696531253047,37314564
2012-09-10,51.31356430053711,51.66027675899341,51.31356430053711,51.42913512002254,24717384
2012-09-11,52.23811721801758,52.70040539397296,51.02462393024109,51.082409324897114,53650145
2012-09-12,53.74055099487305,53.85612180245837,52.46927211143454,52.584842919019856,73606874
2012-09-13,53.74055099487305,54.49176626288561,53.45162397590975,54.202834225214325,49438183
2012-09-14,56.05196762084961,56.62982663063402,55.069615836019004,55.47411362977278,85294499
2012-09-17,56.34089660644531,56.86097023549194,55.76304259495769,56.62982863089689,47257070
2012-09-18,55.53188705444336,55.994170147621915,55.300745507854074,55.76302860103264,37708440
2012-09-19,55.99418258666992,55.99418258666992,54.72290379801566,55.531899390795644,39036915
2012-09-20,55.47410202026367,55.936385116379455,55.24296047220578,55.936385116379455,26214338
2012-09-21,55.936405181884766,56.16754681285778,55.58969273542525,55.99419058962802,38992519
2012-09-24,55.35853958129883,55.878608142733256,55.30075418558389,55.878608142733256,30923766
2012-09-25,54.02946853637695,55.35853760918041,53.74054156809514,55.01182524724223,60976681
2012-09-26,52.1225471496582,53.16268928656093,51.949190963292295,53.047118495650324,89590699
2012-09-27,52.1225471496582,52.70040612291851,51.718049381471076,51.77583477692638,50856590
2012-09-28,53.16269302368164,53.16269302368164,52.29591203092092,52.29591203092092,41607350
2012-10-01,52.75819396972656,53.16269175670824,52.469266979025356,53.16269175670824,17799522
2012-10-02,52.98933410644531,53.04711950299794,52.23811893255376,52.5848363305769,31138918
2012-10-03,52.81597900390625,53.567189174552695,52.81597900390624,53.567189174552695,22482768
2012-10-04,52.64262390136719,52.87376549712428,52.18033569114544,52.70040930030647,23601783
2012-10-05,52.23811721801758,52.873761577941025,52.122546428705526,52.46926381534886,35801673
2012-10-08,51.25576400756836,52.00697411609349,51.197978614604885,52.00697411609349,34793079
2012-10-09,51.60248947143555,52.00698732491489,51.31356243323602,51.42913324851583,40911807
2012-10-11,49.695556640625,50.85126959445692,49.579985847112546,50.27341562689465,79809842
2012-10-12,50.15785217285156,50.38899379369883,49.579993102025284,50.21563757806338,41330726
2012-10-15,50.56234359741211,50.73569979106388,50.215631210108576,50.56234359741211,21811130
2012-10-16,50.6201286315918,51.082411811341686,50.44677243918559,50.735699426529266,28736961
2012-10-17,50.50455093383789,51.08240482954585,50.3311947651255,50.85126327126267,29896958
2012-10-18,50.56234359741211,51.140197576251346,50.56234359741211,50.85127058683173,29626027
2012-10-19,49.57999038696289,50.2156348281923,49.522204984915476,50.2156348281923,61063197
2012-10-22,49.17549133300781,49.23327673359857,48.53985192650954,48.53985192650954,39183764
2012-10-23,48.94435119628906,49.46441981717935,48.71320958700449,49.17549280557363,31079723
2012-10-24,49.11771011352539,49.46442254658354,48.250929030880016,48.48207065291878,38225259
2012-10-25,49.233272552490234,49.69555571795711,49.11770176112351,49.11770176112351,32006354
2012-10-26,48.71320724487305,50.15784725215118,48.71320724487305,49.29106124030125,51194685
2012-10-29,48.53984832763672,49.29105847961979,48.53984832763672,49.11770229070062,43004127
2012-10-30,50.85127639770508,51.024632611166595,49.11770924438185,49.2332800533562,82469069
2012-10-31,51.25576400756836,52.58483306443525,51.25576400756836,52.58483306443525,100358522
2012-11-01,51.89140701293945,52.295909811098674,50.677913674584,51.255767645229454,55173281
2012-11-02,51.197975158691406,52.23811216182363,51.197975158691406,52.23811216182363,28678905
2012-11-05,50.56234359741211,51.42912456567096,50.33120200587642,51.024626780483494,32369494
2012-11-06,51.89140701293945,51.89140701293945,50.85126986577763,51.14019685110036,37236017
2012-11-07,52.18033218383789,52.29590799265556,51.54469283823046,51.891405208561785,47173969
2012-11-08,52.52705001831055,52.52705001831055,51.37133708869835,51.89140564860556,56471021
2012-11-09,52.81597900390625,53.162691390358454,51.89140762132623,52.122549212294366,56008843
2012-11-12,52.006980895996094,52.52705451917391,51.60248309251934,52.52705451917391,46543314
2012-11-13,50.67790985107422,52.1803300613989,50.56233906566463,52.006973883284516,36790915
2012-11-14,51.89140701293945,52.46926600229231,51.71805082174581,52.18033399826218,55720836
2012-11-15,52.064762115478516,52.29590871761092,51.660264344484595,51.660264344484595,35194923
2012-11-16,51.833621978759766,52.46926636962729,51.544694991414275,52.18033436357436,35018476
2012-11-19,51.54469299316406,52.23811773591101,51.54469299316406,52.1803323406821,18182013
2012-11-20,51.94919204711914,52.353694842452754,51.775835857136464,52.353694842452754,22727517
2012-11-21,51.48690414428711,52.29590464193285,51.19797718752324,51.9491872751093,28423910
2012-11-22,51.42911148071289,52.00696531253047,51.42911148071289,52.00696531253047,18456360
2012-11-23,53.16269302368164,53.16269302368164,51.89140921559163,52.00698001462639,68938427
2012-11-26,53.624969482421875,54.14503801273732,53.509398697907336,53.74054026693642,48968037
2012-11-27,53.624969482421875,53.74054026693642,53.336042521135525,53.624969482421875,35099300
2012-11-28,53.91389465332031,53.97168004365863,53.220469969260506,53.39382614027546,53488497
2012-11-29,53.74055099487305,54.54955166667827,53.68276559108039,54.14504882142167,66076570
2012-11-30,53.85612487792969,54.49176937465561,53.79833947083717,54.029481099207224,53411088
2012-12-03,54.722900390625,54.89625657828361,54.14504141305566,54.14504141305566,57082324
2012-12-04,55.06961441040039,55.30075600084742,54.37618462035182,54.722902024729834,54775991
2012-12-05,54.89625549316406,55.06961167739599,54.029469553297226,54.37618192176108,38758015
2012-12-06,54.60732650756836,55.18518043371847,54.49175572233834,54.896253470643416,37084614
2012-12-07,55.18518829345703,55.35854449599229,54.37618766291811,54.838475888386526,64379263
2012-12-10,55.53188705444336,55.58967244109068,54.722891641380876,55.53188705444336,46678779
2012-12-11,54.89625549316406,55.820821809067674,54.029469553297226,55.76303641432369,92445726
2012-12-12,55.24296569824219,55.76303423057141,55.24296569824218,55.705248838090384,57315690
2012-12-13,55.47410202026367,55.53188740727815,54.89624815011895,55.30074585922026,36171643
2012-12-14,52.87376403808594,54.31839897170343,52.58483705136244,54.31839897170343,138455146
2012-12-17,50.38898468017578,51.31355099634464,49.9844818981447,50.157843101133565,170930508
2012-12-18,51.08240509033203,51.08240509033203,50.67790736127141,50.85126353086882,67705575
2012-12-19,51.197975158691406,51.429116714943014,51.024618991502706,51.429116714943014,51390484
2012-12-20,50.90904998779297,51.25576233425491,50.79347920563899,51.19797694317792,46165375
2012-12-21,50.27341842651367,50.909057826229564,49.98448640793515,50.909057826229564,66240495
2012-12-24,50.73569869995117,50.85126949323357,50.44677171674517,50.85126949323357,16565531
2012-12-25,51.31356430053711,51.31356430053711,50.73571020310994,50.85128102259537,19652785
2012-12-26,51.140193939208984,51.54469169562894,51.14019393920898,51.429120908080385,17900836
2012-12-27,51.42911148071289,51.54468224707641,51.14018456480411,51.14018456480411,24808453
2012-12-28,51.37134552001953,52.00698497534155,51.19798930493171,52.00698497534155,24679818
2013-01-02,51.25576400756836,51.949188723130014,51.197978614604885,51.71804715127613,38400567
2013-01-03,51.48690414428711,51.833616492403756,51.255762578876016,51.66026031834543,37393112
2013-01-04,50.85127639770508,51.371345038089636,50.73570558873074,51.024632611166595,48551395
2013-01-07,50.15785217285156,50.85127703539336,50.10006174893163,50.85127703539336,53103728
2013-01-08,50.27341842651367,50.56234542638453,49.98448640793515,50.15784762656532,51207207
2013-01-09,50.73569869995117,51.14019647643958,50.38898632010397,50.73569869995117,31235679
2013-01-10,51.197975158691406,51.197975158691406,50.5045504899366,51.082404380565606,46190419
2013-01-11,51.197975158691406,51.83361443838332,51.197975158691406,51.718043660257514,35511389
2013-01-14,50.38898468017578,51.14019481206298,50.04226729290525,51.08240941730242,58189957
2013-01-15,48.655418395996094,49.98448249125948,48.53984760510363,49.98448249125948,121779193
2013-01-16,48.53984832763672,49.17548768700701,48.077565157185596,48.25092134610477,82251641
2013-01-17,48.4820671081543,49.2910627261403,48.36649630558487,49.117706522286156,42795806
2013-01-18,49.34883499145508,49.34883499145508,48.828766518327605,49.059908061939815,39275972
2013-01-21,48.88656234741211,49.23327473689536,48.770991550917685,49.11770394040094,19740439
2013-01-22,49.34883499145508,49.63776192097034,48.94433729013371,49.00212267603676,33431591
2013-01-23,49.11771011352539,49.81113497964169,49.11771011352539,49.81113497964169,32581230
2013-01-24,47.67306137084961,48.30870573568072,47.55749058064527,48.250920340578546,101993219
2013-01-25,48.193138122558594,48.193138122558594,47.49970831691168,47.55749371582329,36907028
2013-01-28,48.3087043762207,48.42427516317275,48.13534819579262,48.13534819579262,18832021
2013-01-29,49.05990982055664,49.11769520853108,48.48205594081218,48.53984132878662,36048699
2013-01-30,49.05990982055664,49.34883676042887,49.00212443258219,49.29105137245442,24560289
2013-01-31,48.77098846435547,49.059915437306245,48.71320306976532,48.71320306976532,23491362
2013-02-01,48.88656234741211,49.11770394040094,48.597635356176056,48.8287769491649,20389309
2013-02-04,48.53984832763672,48.82877530916867,48.42427753502393,48.82877530916867,36012271
2013-02-05,48.01978302001953,48.25092462093285,47.84642180062686,48.25092462093285,35511389
2013-02-06,48.3087043762207,48.828772917504935,48.019777408840575,48.25091898274468,32738325
2013-02-18,47.84641647338867,49.002129367985454,47.78863107959419,49.002129367985454,41617595
2013-02-19,48.59762954711914,48.77098572113886,48.1931318077398,48.48205876443933,26801736
2013-02-20,49.00212860107422,49.175484779744544,48.65541624373357,48.828772422403894,28308935
2013-02-21,48.07756423950195,49.00213056275648,48.07756423950195,48.944345167553074,37361237
2013-02-22,48.07756423950195,48.07756423950195,47.73084684957426,47.73084684957426,28338532
2013-02-25,47.84641647338867,48.250919248657176,47.84641647338867,48.07756306727373,18176321
2013-02-26,47.21078109741211,47.730849685138686,47.2107810974121,47.55749348922983,45293385
2013-02-27,47.21078109741211,47.673064286502395,47.2107810974121,47.61527888786611,34790802
2013-03-01,47.15298843383789,47.78862772090306,46.8640614851719,47.21077382357109,44860806
2013-03-04,46.51734924316406,47.26855931125225,46.401778463458186,47.15298853154638,42242559
2013-03-05,46.228431701660156,46.86407111939888,46.055075496822326,46.80628571778627,54766884
2013-03-06,46.51734924316406,46.97963236198756,46.112851514193494,46.517349243164055,70930571
2013-03-07,46.45956802368164,47.095207369121134,46.34399723360173,46.57513881376155,41886250
2013-03-08,46.51734924316406,46.97963236198756,46.517349243164055,46.80627619242875,35166464
2013-03-11,46.51734924316406,46.69070541272287,46.112851514193494,46.517349243164055,25670198
2013-03-12,46.51734924316406,46.921846972134624,46.22842229389937,46.22842229389937,29117176
2013-03-13,46.228431701660156,46.80628571778627,46.228431701660156,46.51735870972321,32948923
2013-03-14,46.51734924316406,46.921846972134624,46.28620768375231,46.517349243164055,24888139
2013-03-15,46.63292694091797,47.09521012832171,46.63292694091797,46.86406853461984,43125933
2013-03-18,47.09520721435547,47.49970497830587,46.80628024010518,46.80628024010518,38325435
2013-03-19,48.07756423950195,48.36649121551899,47.268563687947,47.441919873557225,60462139
2013-03-20,47.441917419433594,48.250917929139746,47.384132027219366,48.250917929139746,36933211
2013-03-21,47.441917419433594,48.07756175249707,47.441917419433594,48.07756175249707,27082913
2013-03-22,47.90420150756836,48.48206045988235,47.730845327486286,47.84641611420767,48063035
2013-03-25,47.61526870727539,48.36648374763784,47.61526870727539,48.25091297507538,27465404
2013-03-26,48.25092697143555,48.65542479273863,48.25092697143555,48.65542479273863,56131787
2013-03-27,48.25092697143555,48.713210195781926,48.13535616534895,48.59763938969533,38052227
2013-03-28,47.78862762451172,48.42427192900154,47.73084223489508,48.42427192900154,32825979
2013-03-29,48.13534927368164,48.250920063221656,47.8464172811244,48.250920063221656,18893493
2013-04-01,47.84641647338867,48.13534846106821,47.78863107959419,48.13534846106821,12656375
2013-04-02,48.01978302001953,48.25092462093285,47.84642180062686,48.13535382047619,16695305
2013-04-03,48.01978302001953,48.19313922070452,47.84642180062686,48.13535382047619,18459775
2013-04-08,46.690711975097656,47.09520976092034,46.63292657712298,47.09520976092034,54209084
2013-04-09,46.51734924316406,46.921846972134624,46.517349243164055,46.74849080257581,27813745
2013-04-10,46.57514190673828,46.921854300002586,46.517356507860896,46.74849810337043,24880171
2013-04-11,46.51734924316406,46.74849080257581,46.112851514193494,46.459563853311124,38353894
2013-04-12,45.4194221496582,46.5173495836061,45.36163675938236,46.34399341277856,86008255
2013-04-15,44.55264663696289,45.41942759501945,44.09036345933273,45.36164219781568,90265752
2013-04-16,44.4948616027832,44.552647000458435,43.62807561894731,43.97479302370614,80726228
2013-04-17,44.89936065673828,45.24607305259835,44.72600445880825,44.72600445880825,46449967
2013-04-18,44.32150650024414,44.49486269753509,43.685862091469765,44.032579504759234,51577177
2013-04-19,44.841575622558594,45.36164422058344,44.20593622497267,44.20593622497267,54959268
2013-04-22,44.43708038330078,44.841578205060266,44.32150957708379,44.841578205060266,25476675
2013-04-23,44.03257369995117,44.37928604882602,43.917002916992885,44.26371526586774,41221443
2013-04-24,45.13050079345703,45.13050079345703,44.263719831857784,44.321505229297735,36736273
2013-04-25,44.72600555419922,45.07271795855067,44.49486395129826,45.07271795855067,26243935
2013-04-26,44.03257369995117,44.55264222326344,43.917002916992885,44.494856831784304,76466455
2013-04-29,43.62807846069336,44.321508296670615,43.62807846069336,44.14815209235325,54190870
2013-04-30,44.03257369995117,44.43707144030516,43.917002916992885,43.917002916992885,58429014
2013-05-02,44.148155212402344,44.72600926763182,43.801437760556524,44.26372602344824,46232539
2013-05-03,44.78378677368164,44.95714295967194,44.37928900637092,44.37928900637092,52864671
2013-05-06,45.014930725097656,45.47721391207829,45.014930725097656,45.36164311533313,39426237
2013-05-07,44.78378677368164,45.30385533165256,44.78378677368164,45.30385533165256,41457085
2013-05-08,46.11285400390625,46.11285400390625,44.95714112574178,45.18828269763326,99392048
2013-05-09,47.15298843383789,47.38412999277068,46.806276095438704,46.806276095438704,119425048
2013-05-10,46.51734924316406,47.210773921399316,46.401778463458186,47.15298853154638,81725715
2013-05-13,45.997283935546875,46.979635631410986,45.997283935546875,46.690708662039185,61010832
2013-05-14,45.766136169433594,46.51735128927143,45.592779992249554,46.401780504482076,41757614
2013-05-15,45.18828201293945,45.30385279713406,44.49485730777179,45.130496620842145,93576126
2013-05-16,45.477210998535156,45.76613797188766,45.01492784117115,45.30385481452365,77778993
2013-05-17,44.841575622558594,45.246073421022366,44.841575622558594,45.18828802124183,79072179
2013-05-20,44.55264663696289,45.1305006090006,44.43707584255535,44.84157362298174,54458386
2013-05-21,44.66822052001953,45.01493292721609,44.552649717620675,44.552649717620675,40817323
2013-05-22,45.246063232421875,45.303848619190184,44.95713629858034,45.303848619190184,36392486
2013-05-23,44.55264663696289,45.188286006204365,44.49486123975912,45.1305006090006,58853625
2013-05-24,44.43708038330078,44.78379280195177,44.26372417397529,44.494865786409285,48940717
2013-05-27,44.66822052001953,44.726005921218956,44.3792935140224,44.726005921218956,18945858
2013-05-28,44.4948616027832,44.78378859115935,44.4948616027832,44.66821779580889,22424711
2013-05-29,45.246063232421875,45.303848619190184,44.7259947515071,44.84156552504372,50790565
2013-05-30,44.61043167114258,45.18828563847791,44.55264627440904,44.89935865481024,39372734
2013-05-31,44.32150650024414,45.014931289407926,44.32150650024414,44.89936049121396,64126546
2013-06-03,44.205928802490234,44.55264114295806,44.14814341241226,44.321499582646176,33381503
2013-06-04,44.03257369995117,44.55264222326344,44.03257369995117,44.494856831784304,33338245
2013-06-05,43.801429748535156,44.32150332181958,43.801429748535156,44.32150332181958,38380077
2013-06-06,43.339149475097656,43.85922308301657,43.339149475097656,43.628076469103966,61367142
2013-06-07,43.454715728759766,43.62807190703617,43.33914494324216,43.39693033600096,42899398
2013-06-10,44.03257369995117,44.205929874388595,43.74364172384854,43.917002916992885,36015686
2013-06-11,43.339149475097656,44.032579279420354,43.339149475097656,44.032579279420354,45049775
2013-06-13,42.414588928222656,42.934657588967234,42.35680352147326,42.819086775468435,76501744
2013-06-14,41.95229721069336,42.76129529972006,41.60558481940496,42.64572450262393,59363614
2013-06-17,41.085506439208984,42.06786054972167,40.91215027429851,41.952289773114686,74433330
2013-06-18,41.31665802001953,41.432228817656515,41.02772851657329,41.08551391539178,39214500
2013-06-19,41.605587005615234,42.12565812922929,41.08551588200117,41.14330128358563,38100038
2013-06-20,40.8543701171875,41.25887039645945,40.73879932578227,41.201085000756834,49086428
2013-06-21,40.44987106323242,40.56544185096898,39.75644382745948,40.04537079680089,61107594
2013-06-24,40.623226165771484,40.85436773510485,40.44986998877146,40.56544077343814,34061108
2013-06-25,40.5654411315918,41.20108296222414,40.449870345904735,40.623226524435324,43047385
2013-06-26,42.183441162109375,42.29901195878872,41.1432989732878,41.77894086437793,64378125
2013-06-27,42.183441162109375,42.64572434882674,41.89451166105727,42.64572434882674,63378638
2013-06-28,42.761295318603516,42.761295318603516,42.35679752858842,42.645724521456344,43002989
2013-07-01,42.81908416748047,43.05022578039988,42.472371748101345,42.76129876425061,29770599
2013-07-02,42.35679244995117,43.281358716271775,42.35679244995117,43.281358716271775,28390897
2013-07-03,42.299007415771484,43.05021751350539,42.18343663150473,43.05021751350539,30422884
2013-07-04,41.95229721069336,42.64572450262393,41.89451181214529,42.64572450262393,22648969
2013-07-05,43.108001708984375,43.22357249004295,42.24122085104508,42.47236241316222,36705537
2013-07-08,42.414588928222656,43.10801380921543,42.414588928222656,43.10801380921543,26941755
2013-07-09,43.05022048950195,43.16579128175794,42.29901033983803,42.29901033983803,30792854
2013-07-10,43.859222412109375,44.205934799613345,43.396934210063264,43.396934210063264,54237543
2013-07-11,45.07271194458008,45.07271194458008,44.66821419347479,44.78378497950487,105421983
2013-07-12,45.07271194458008,45.18828273061016,44.84157037251991,45.07271194458008,43774803
2013-07-15,45.36164474487305,45.477215545769894,44.957146941734095,45.072717742630935,40354007
2013-07-16,45.303855895996094,45.5349974801958,44.95714351969654,45.5349974801958,32169141
2013-07-17,44.72600555419922,45.30385956145164,44.66822015347398,45.30385956145164,38841116
2013-07-18,45.07271194458008,45.2460681236252,44.61042880045975,45.01492655156504,32276147
2013-07-19,44.72600555419922,45.13050335927591,44.61043475274874,44.95714715710019,37217803
2013-07-22,44.841575622558594,45.30385882080291,44.841575622558594,45.072717221680755,30529891
2013-07-23,45.014930725097656,45.18828692021539,44.957145326725076,45.07271612347024,32627903
2013-07-24,45.65056228637695,45.82391845179545,45.24606456706713,45.41942073248563,43786186
2013-07-25,45.766136169433594,45.99728275771931,45.419423815065514,45.708350777038916,32322820
2013-07-26,45.59278106689453,45.99728384189863,45.4194248856244,45.82392264192138,22670598
2013-07-29,45.4194221496582,45.99728107112348,45.36163675938236,45.939495680847635,16401606
2013-07-30,45.477210998535156,45.592781787876156,45.24606941985316,45.41942560386466,25470984
2013-07-31,44.95714569091797,45.708355875846976,44.95714569091797,45.65057047700628,21923829
2013-08-01,44.26372146606445,44.72600466265144,43.91700906862421,44.72600466265144,42365503
2013-08-02,44.43708038330078,45.07271981749425,44.379294980192284,44.72600739884327,21144047
2013-08-05,45.65056228637695,45.65056228637695,44.55263990539315,44.78378145928448,28855352
2013-08-06,45.13050079345703,45.477213178096726,44.78378840881733,45.477213178096726,24018426
2013-08-07,44.55264663696289,44.899359020185514,44.49486123975912,44.899359020185514,27702185
2013-08-08,44.4948616027832,44.95714478418504,44.26372001208229,44.95714478418504,24222194
2013-08-09,44.09036636352539,44.49486417059569,43.9747955615053,44.26372256655552,31392774
2013-08-12,44.78378677368164,45.188284540992356,44.09036202972041,44.20593282038062,21874879
2013-08-13,45.70835494995117,45.766140347621324,45.361642563930225,45.592784154610854,48165488
2013-08-14,45.70835494995117,45.88171114296164,45.303857166260066,45.65056955228101,40703486
2013-08-15,45.36164474487305,45.65057174711516,45.24607394397621,45.53500094621832,23440135
2013-08-16,45.70835494995117,45.939501559339256,45.24607176858991,45.361642563930225,27801223
2013-08-19,45.881710052490234,46.05507126008789,45.3616414858193,45.93950046749435,29241258
2013-08-20,46.286216735839844,46.517358340455424,45.82392850790093,45.99728973007037,51251604
2013-08-22,46.63292694091797,46.63292694091797,45.8239263442539,46.17064375351423,53859605
2013-08-23,46.51734924316406,46.864061582281686,46.517349243164055,46.864061582281686,37133564
2013-08-26,46.97964096069336,47.03742636112279,46.57514315768737,46.74849935897566,29442749
2013-08-27,46.228431701660156,46.921856521011485,46.17064630004755,46.80628571778627,37552483
2013-08-28,45.82392501831055,46.05507162403157,45.65056882805031,45.65056882805031,26650333
2013-08-29,46.11285400390625,46.22842478985199,45.82392202033484,45.82392202033484,22404220
2013-08-30,46.921852111816406,46.921852111816406,46.343998149990604,46.51735433853835,33480541
2013-09-02,47.15298843383789,47.21077382357109,46.74849070570551,46.9218468749051,32792966
2013-09-03,47.38414001464844,47.61528162246832,47.210783808783525,47.38414001464844,35268917
2013-09-04,47.38414001464844,47.499710818558384,46.97964220096364,47.38414001464844,32404783
2013-09-05,47.49970626831055,47.61527706114936,47.26856468263294,47.384135475471744,53238056
2013-09-06,47.90420150756836,47.96198690092905,47.384132967322145,47.49970375404352,107201252
2013-09-09,49.846275329589844,49.846275329589844,48.68103638362483,48.74577472017306,123834775
2013-09-10,49.846275329589844,50.42889480257235,49.19892263124942,50.2994232406662,62190078
2013-09-11,49.198917388916016,49.328383825836696,48.35735488179292,49.198917388916016,87374918
2013-09-12,48.422088623046875,48.74577005241257,48.09841230487102,48.09841230487102,64478198
2013-09-13,48.55155563354492,48.74576549524592,48.292617669925846,48.292617669925846,25136200
2013-09-16,49.198917388916016,49.198917388916016,48.7457695261243,48.7457695261243,35779941
2013-09-17,49.134178161621094,49.198916490088486,48.87523507013087,48.93997339859826,24125122
2013-09-18,49.134178161621094,49.39312125311131,49.069444944343374,49.13417816162109,28210828
2013-09-23,49.3283805847168,49.45785212432033,49.134175830906216,49.3283805847168,31049504
2013-09-24,49.781532287597656,49.97574216769495,49.52259429945099,49.71679906835845,26905845
2013-09-25,49.716800689697266,49.716800689697266,49.45785758191624,49.652067468347006,20598251
2013-09-26,49.06944274902344,49.84626687755004,49.06944274902344,49.84626687755004,24747085
2013-09-27,49.39311599731445,49.457849207704065,49.00470140140934,49.198911254956464,21389934
2013-09-30,49.134178161621094,49.198916490088486,48.681030307108045,49.069444944343374,25359734
2013-10-01,48.8752326965332,49.3931188543628,48.81049948239922,49.328380529039386,14411738
2013-10-02,48.55155563354492,49.134174996269216,48.55155563354492,48.87523192146079,24258622
2013-10-03,49.198917388916016,49.263650607376356,48.55155964836372,48.55155964836372,27251495
2013-10-04,49.134178161621094,49.198916490088486,48.74576863557544,48.87523507013087,17417030
2013-10-07,48.6810302734375,49.13417812763712,48.61629705620456,49.13417812763712,20815576
2013-10-08,49.06944274902344,49.06944274902344,48.55155658921274,48.68102812916541,21590701
2013-10-09,48.74576950073242,49.06944581524508,48.74576950073243,49.004707485628686,15331747
2013-10-11,48.81050491333008,49.71680067918199,48.81050491333008,49.71680067918199,39265416
2013-10-14,47.90420913696289,48.875238123938225,47.90420913696289,48.81050490261587,45500568
2013-10-15,47.77473831176758,48.22788620150528,47.3863287555296,48.03368142338629,46601681
2013-10-16,47.58052444458008,48.033672247755234,47.58052444458008,47.70999597565714,23861228
2013-10-17,47.71000289916992,47.83947444903545,47.19211669970781,47.64526456864223,43026170
2013-10-18,48.55155563354492,48.55155563354492,47.968936270820635,48.16314613252163,24443865
2013-10-21,48.61629867553711,48.87523666428337,48.55156034495816,48.87523666428337,20734855
2013-10-22,48.8752326965332,48.87523269653321,48.35735164989305,48.616294728807844,18367050
2013-10-23,48.74576950073242,49.393122129757735,48.74576950073243,49.06944581524508,23859158
2013-10-24,49.06944274902344,49.06944274902344,48.745766454736476,48.745766454736476,16354208
2013-10-25,48.6810302734375,49.19891645605974,48.6810302734375,49.06944491040418,19920405
2013-10-28,48.55155563354492,48.74576549524592,48.292617669925846,48.68102717094914,19746545
2013-10-29,47.90420913696289,48.551561794946444,47.839475915640534,48.29262379846703,49280985
2013-10-30,48.55155563354492,48.55155563354492,47.904203057713204,47.904203057713204,21600015
2013-10-31,48.22788619995117,49.004710423592186,48.16315297764362,48.55156253386909,35820301
2013-11-01,48.16314697265625,48.61629480588082,47.968937107567555,48.55155648045477,22575907
2013-11-04,47.90420913696289,47.96894235828525,47.451061254136405,47.96894235828525,29389557
2013-11-05,47.645263671875,48.81050248754307,47.645263671875,48.42208784525713,23732903
2013-11-06,48.16314697265625,48.22788018689286,47.64526081400564,47.64526081400564,19293267
2013-11-07,48.22788619995117,48.422090978063906,47.904209866033256,48.22788619995117,15009899
2013-11-08,47.8394775390625,48.22788710255722,47.77473920435326,47.90421076258156,18561607
2013-11-11,48.4868278503418,48.74577095414854,48.163151526178325,48.2926230780817,32556289
2013-11-12,48.22788619995117,48.68103408967427,48.09841464414599,48.55156253386909,24847468
2013-11-13,48.16314697265625,48.357351726555514,47.904203893330944,48.0336754329936,25889592
2013-11-14,48.81050491333008,49.134181242392906,48.68103335946695,48.93997646719321,54835186
2013-11-15,48.74576950073242,49.198917363288096,48.74576950073243,49.004707485628686,23427613
2013-11-18,48.93997573852539,49.069447290460815,48.74577096621721,48.93997573852539,23119219
2013-11-19,49.06944274902344,49.13417596340505,48.8752328834997,49.06944274902344,22351338
2013-11-20,49.06944274902344,49.19891428897611,48.6162949147838,49.19891428897611,23947123
2013-11-21,48.55155563354492,48.93997024575757,48.42208409614071,48.93997024575757,37606504
2013-11-22,48.29262161254883,49.00470745962287,48.29262161254883,48.74576947486402,29717614
2013-11-25,48.61629867553711,48.939974994862325,48.55156034495816,48.55156034495816,27246320
2013-11-26,48.8752326965332,49.0047042359906,48.616294728807844,48.81049948239922,27686144
2013-11-27,48.81050491333008,49.06944802105634,48.74577169199351,49.06944802105634,18788246
2013-11-28,49.134178161621094,49.198916490088486,49.00470661587598,49.069444944343374,24799864
2013-11-29,50.493614196777344,50.752557249660256,49.19890915474062,49.19890915474062,100582056
2013-12-02,50.62309265136719,51.3351835886557,50.62309265136719,51.011507283849,43633645
2013-12-03,50.5583610534668,50.81729903888808,50.36415117541361,50.68783260177233,26318033
2013-12-04,51.14097213745117,51.399910080707,50.62308602856162,50.81729076380073,42567719
2013-12-05,50.7525520324707,51.33517128597152,50.68781883149879,51.14096657186738,34213132
2013-12-06,50.817291259765625,51.270439053872124,50.75255805111712,50.75255805111712,47595166
2013-12-09,51.52939224243164,51.658863796374035,51.14098269179447,51.33518746711306,46684471
2013-12-10,51.72359848022461,51.72359848022461,51.33518891860524,51.529393699414925,35776836
2013-12-11,50.62309265136719,52.24147928659031,50.62309265136719,52.0472694147546,85750156
2013-12-12,50.817291259765625,51.076234316737626,50.23467193717312,50.62308652263112,34985153
2013-12-13,50.817291259765625,51.14097263657512,50.62308652263112,51.14097263657512,23563182
2013-12-16,50.23468017578125,50.75256637465983,50.23468017578125,50.68783315539492,24836085
2013-12-17,50.5583610534668,50.94677058719361,50.5583610534668,50.882037368635736,17814424
2013-12-18,51.07622528076172,51.14096358914626,50.81728226959974,50.88202057798428,29867671
2013-12-19,51.33517837524414,51.52938311616752,51.07623531322024,51.46464990625609,23200974
2013-12-20,51.14097213745117,51.27043855348462,51.01150061022879,51.27043855348462,22011897
2013-12-23,51.14097213745117,51.46464839991267,51.01150061022879,51.46464839991267,18500549
2013-12-24,51.20570373535156,51.46464678165411,51.20570373535156,51.46464678165411,16431824
2013-12-25,51.14097213745117,51.399910080707,51.14097213745117,51.14097213745117,14029868
2013-12-26,51.33517837524414,51.399911585155564,51.01150210330881,51.14097363432076,15051294
2013-12-27,51.72359848022461,51.788336814621275,51.205717361002066,51.33518891860524,36564380
2013-12-30,51.982540130615234,52.047273351997625,51.788335355278036,51.788335355278036,29556172
2013-12-31,51.853057861328125,52.11200091572764,51.72358633412836,51.98252938852788,24403505
2014-01-02,52.04726791381836,52.11200623962655,51.6588584037271,51.98253469919964,24237924
2014-01-03,51.39991760253906,51.72359391236714,51.33518438504932,51.399917602539055,39925670
2014-01-06,51.14097213745117,51.59411992713506,51.076233818245505,51.46464839991267,19726882
2014-01-07,51.14097213745117,51.52938160792939,51.076233818245505,51.399910080707,21674526
2014-01-08,51.46464920043945,51.658853938699394,51.270439350990486,51.46464920043945,25493233
2014-01-09,52.11201095581055,52.50042050105323,51.205715201991055,51.27044842246819,70035504
2014-01-10,52.56515121459961,52.7593559590754,52.370946470123826,52.435679681219355,55095976
2014-01-13,52.95355987548828,53.147769728116295,52.75935513404938,53.08303140684392,53888271
2014-01-14,53.277244567871094,53.277244567871094,52.694625196185896,52.95356316378754,59664971
2014-01-15,53.92459487915039,53.92459487915038,53.47144706597424,53.600918599908745,89774805
2014-01-16,54.31300735473633,54.57194530127934,54.18353582587031,54.377740563574825,66023274
2014-01-17,54.24826431274414,54.507207347936834,53.7951165567512,54.507207347936834,47407852
2014-01-20,55.154571533203125,55.154571533203125,54.118804283743344,54.24827582882452,64869383
2014-01-21,54.701419830322266,55.607715470902434,54.5719482943552,55.34877239896831,47929432
2014-01-22,54.507225036621094,54.96037293966958,54.248281917396184,54.701429820444666,39734217
2014-01-23,54.31300735473633,54.70141683014536,54.18353582587031,54.44247377241333,34591898
2014-01-24,55.02509689331055,55.15456843110978,54.1835395643996,54.1835395643996,55869031
2014-01-27,54.960357666015625,55.28403391950101,54.313005159044835,54.830886142383704,67664593
2014-02-05,52.629886627197266,53.277244321177434,52.43568187459791,53.277244321177434,114899621
2014-02-06,53.0182991027832,53.0182991027832,52.435679757321076,52.629884502078724,49958832
2014-02-07,52.69462203979492,53.53617932867276,52.69462203979493,53.53617932867276,35735441
2014-02-10,52.888824462890625,53.21250072220592,52.759352936926724,52.759352936926724,33958552
2014-02-11,52.04726791381836,52.50041574971782,51.98253469919964,52.50041574971782,48465500
2014-02-12,53.277244567871094,53.34197778197415,52.37094890329177,52.37094890329177,40567296
2014-02-13,53.53618621826172,53.85986764461153,53.083038354799726,53.406714669959754,35625744
2014-02-14,54.05406951904297,54.37774581688312,53.85986476257678,54.1188027341352,47698654
2014-02-17,54.05406951904297,54.57195057334931,53.989331192761234,54.50721735825709,19968009
2014-02-18,54.24826431274414,54.24826431274414,53.7951165567512,54.054059591943904,15783989
2014-02-19,54.37773895263672,54.37773895263672,54.18353422068551,54.37773895263672,25982732
2014-02-20,53.600921630859375,54.18354101091517,53.600921630859375,54.18354101091517,23365520
2014-02-21,54.18354034423828,54.313011883900934,53.60092097135106,54.05406880457563,28629955
2014-02-24,53.53618621826172,54.18354395977156,53.471452999705626,54.11880563002569,20265020
2014-02-25,53.600921630859375,53.98933114343691,53.536183304636786,53.73039317211505,24338307
2014-02-26,54.118804931640625,54.24827647827181,53.60092385630562,53.60092385630562,27806190
2014-02-27,54.37773895263672,54.507210477667144,54.11879590257586,54.11879590257586,35648511
2014-03-03,53.79512023925781,54.24826802627065,53.34197245224497,54.24826802627065,37204970
2014-03-04,53.600921630859375,54.054069469659495,53.536183304636786,53.600921630859375,17800970
2014-03-05,53.73039245605469,54.18354028881575,53.66565413069486,53.9893304239257,16797137
2014-03-06,54.63668441772461,54.7014176275067,54.05406508492943,54.183536615682705,43010647
2014-03-07,54.83089828491211,55.15457461007696,54.57195518030426,54.895631505469105,49401031
2014-03-10,54.76615905761719,55.15456856073838,54.31301122984955,54.70142073297074,23642868
2014-03-11,54.507225036621094,54.895634604268245,54.507225036621094,54.76616815584601,21781119
2014-03-12,54.83089828491211,54.83089828491211,54.313017186886334,54.50722195974726,19773452
2014-03-13,55.737186431884766,56.190334247500175,55.02509554700648,55.02509554700648,82424052
2014-03-14,55.34877014160156,55.80191794341028,55.15456540116614,55.15456540116614,30552762
2014-03-17,56.1255989074707,56.125598907470696,55.2840365198734,55.47824125886161,33840576
2014-03-18,55.672454833984375,56.31980741471763,55.60771650919741,56.12560266273553,33541495
2014-03-19,55.21931076049805,55.80192505606583,55.15457243130847,55.60772029087657,23163719
2014-03-20,54.63668441772461,54.89562236804207,54.37774135621807,54.89562236804207,38085653
2014-03-21,54.83089828491211,55.15457461007696,54.766165064355114,55.08984138951997,24815387
2014-03-24,55.672454833984375,55.67245483398437,54.63668763809753,54.63668763809753,33204124
2014-03-25,55.478248596191406,55.93139645455476,55.47824859619141,55.672458472054075,19981463
2014-03-26,55.672454833984375,55.996131124351,55.54298329559984,55.996131124351,24268970
2014-03-27,55.866661071777344,56.06086582892445,55.672456314630246,55.996132613605255,21613468
2014-03-28,55.866661071777344,55.93139428709654,55.60771798812152,55.866661071777344,19988707
2014-03-31,55.866661071777344,55.866661071777344,55.28404168914651,55.80192274526863,34062040
2014-04-01,55.80192565917969,55.99613553765773,55.54298767319195,55.99613553765773,26294231
2014-04-02,55.80192565917969,55.99613553765773,55.54298767319195,55.99613553765773,29041837
2014-04-03,55.80192565917969,55.99613553765773,55.67245922178072,55.86666398906897,18871036
2014-04-07,55.866661071777344,55.866661071777344,55.413513230974424,55.73718952994943,24822631
2014-04-08,55.931396484375,56.06086803128923,55.67245850173626,55.866663266512745,17122089
2014-04-09,55.996131896972656,56.0608651114634,55.8666603568017,55.996131896972656,15894721
2014-04-10,56.190338134765625,56.25507135096498,55.47824720062466,56.190338134765625,20436810
2014-04-11,55.737186431884766,55.931391178237305,55.47824336262189,55.931391178237305,25455978
2014-04-14,56.06086730957031,56.190338854817746,55.34877636630425,55.67245778501766,35154873
2014-04-15,56.44927978515625,56.96716083513847,56.255069919122136,56.31980824486333,52469450
2014-04-16,56.64349365234375,56.96716999955173,56.319817305135764,56.64349365234375,35541918
2014-04-17,56.902427673339844,56.967160887951586,56.708217807125685,56.967160887951586,25327653
2014-04-18,56.9671630859375,57.2261061767543,56.83769154052909,57.2261061767543,15082341
2014-04-21,56.902427673339844,57.161365642976286,56.77295613292689,56.837689347538635,8097936
2014-04-22,56.83768844604492,57.03189830917874,56.643483694100475,56.643483694100475,14119902
2014-04-23,57.355587005615234,57.48505857197963,57.1613771004734,57.290848666837796,26023092
2014-04-24,57.355587005615234,57.61453013834402,57.09664387288645,57.61453013834402,25863720
2014-04-25,56.31981658935547,57.48505551344716,55.73719712730962,57.35558395397139,46004555
2014-04-28,55.931396484375,56.25507279606571,55.08983909621708,55.08983909621708,26956554
2014-04-29,56.83768844604492,56.902426770819325,56.12560265185217,56.31980740379661,21382690
2014-04-30,56.06086730957031,56.772958252836375,55.996134092541425,56.772958252836375,25512896
2014-05-02,57.485042572021484,57.485042572021484,56.31980391025629,56.51400865015413,39783891
2014-05-05,57.420310974121094,57.6145208479464,57.09663466599849,57.54978251960808,19693766
2014-05-06,57.614524841308594,57.93820117186577,57.29084339956139,57.614524841308594,17283530
2014-05-07,57.485042572021484,57.80871884224758,57.290832720934574,57.80871884224758,19776556
2014-05-08,57.67925262451172,58.002928924550275,57.4850478667265,58.002928924550275,17012392
2014-05-09,57.87345886230469,57.938197190681684,57.226106245672725,57.938197190681684,20800053
2014-05-12,56.77295684814453,57.873457288734365,56.77295684814453,57.873457288734365,29995996
2014-05-13,56.902427673339844,57.290837183389236,56.77295613292689,57.290837183389236,13486556
2014-05-14,57.096622467041016,57.29082718818392,56.708207913566646,57.16135567035913,24026808
2014-05-15,57.355587005615234,57.35558700561524,56.96717230652206,57.290848666837796,24701550
2014-05-16,57.485042572021484,57.54977578159107,57.09662798103673,57.35557104169323,17513274
2014-05-19,58.13240051269531,58.13240051269531,57.54978112769016,57.6145194544627,23549729
2014-05-20,58.65027618408203,58.779747714546005,58.06766196377773,58.261866703879164,43343879
2014-05-21,58.26187515258789,58.84449456856844,58.26187515258789,58.65028468911505,19955591
2014-05-22,59.556583404541016,59.750793293718324,58.456082847693274,58.52082118114907,40081937
2014-05-23,60.20393753051758,60.527613844588565,59.491846572847535,59.491846572847535,38329885
2014-05-26,59.880252838134766,60.59234375695246,59.880252838134766,60.52761054214607,19675138
2014-05-27,60.07445526123047,60.07445526123047,59.36236443064649,59.94498373647075,23519717
2014-05-28,60.462867736816406,60.721810799237375,60.07445825437405,60.203929785584535,28223247
2014-05-29,60.527610778808594,60.78654875023608,59.94499139851512,60.78654875023608,23961611
2014-05-30,59.81552505493164,60.78655403233955,59.81552505493164,60.78655403233955,33976145
2014-06-03,60.20393753051758,60.7865518291315,59.88025610525682,60.33340396719416,23749461
2014-06-04,60.26865768432617,60.721805448033976,60.2039244800202,60.721805448033976,15536653
2014-06-05,60.139198303222656,60.52761294102339,59.880255211355504,60.46287461246176,18947617
2014-06-06,60.33338928222656,60.52759911235088,60.268656079644146,60.52759911235088,15162026
2014-06-09,60.527610778808594,60.527610778808594,60.268667696191606,60.398139237500104,12775593
2014-06-10,60.916019439697266,60.91601943969726,60.527609932392785,60.59234314654705,19294302
2014-06-11,60.72182083129883,60.72182083129883,60.26867295279055,60.527616057992404,15915419
2014-06-12,60.462867736816406,60.65707758922669,60.333396205605915,60.462867736816406,14131286
2014-06-13,60.33338928222656,60.46286079857993,60.268656079644146,60.46286079857993,12249874
2014-06-16,60.00971603393555,60.398130602329076,60.00971603393555,60.33339228533577,17496716
2014-06-17,60.85128402709961,61.04548877373559,59.8802500715412,60.20393146418684,28479897
2014-06-18,60.916019439697266,61.11022930453893,60.398138392894815,60.85128622554299,26885147
2014-06-19,60.78655242919922,61.11023385765526,60.78655242919922,60.980762308510805,12291269
2014-06-20,61.04549026489258,61.43390487884159,60.980757051495765,61.11022858947877,18260457
2014-06-23,63.181758880615234,63.82911658095015,61.36916754205638,61.36916754205638,70849954
2014-06-24,63.570167541503906,63.89384380573398,63.11701974934402,63.44069601357409,42563579
2014-06-25,62.46966552734375,63.76437054916484,62.46966552734375,63.570165818129446,29625509
2014-06-26,63.76437759399414,63.95858745767511,63.375968089011,63.44070130277839,32561464
2014-06-27,63.82912063598633,64.08805862138107,63.69964908769408,64.02332540282983,29789020
2014-06-30,64.73541259765625,64.73541259765625,64.02332167906087,64.08805489384706,40293052
2014-07-01,66.03012084960938,66.03012084960938,64.73541560423844,65.05909191558118,37061122
2014-07-02,66.67748260498047,67.97218792843852,66.03012483206142,66.35380116292592,59006787
2014-07-03,67.32483673095703,67.64851306886118,66.67748405514872,67.00116039305288,31621793
2014-07-04,66.67748260498047,67.648511597574,66.35380116292592,67.648511597574,24956131
2014-07-07,67.00115966796875,67.00115966796875,65.70644921917334,66.03012555357466,26530183
2014-07-08,67.64850616455078,67.64850616455078,67.00115355481229,67.32482985968153,22228187
2014-07-09,67.97217559814453,67.97217559814453,67.00114678169764,67.3248230538466,24876445
2014-07-10,70.23792266845703,70.23792266845703,67.97218339241616,67.97218339241616,51648791
2014-07-11,70.56159210205078,72.50365487958851,69.91423954660128,70.56159210205078,70877896
2014-07-14,71.20894622802734,73.15100890900153,70.56158859357666,70.56158859357666,68322777
2014-07-15,71.8563003540039,72.1799766228542,70.56159016741368,71.53262408515361,51089955
2014-07-16,69.59056091308594,71.85629989164826,69.26688464631832,71.85629989164826,43609843
2014-07-17,68.9432144165039,69.91424330183406,67.97218041998428,69.26689071161395,42067872
2014-07-18,69.59056091308594,69.59056091308594,67.64849820129123,67.64849820129123,28874186
2014-07-21,71.53263092041016,71.53263092041016,70.23792061010468,70.56159690988366,31910524
2014-07-22,71.20894622802734,71.53262248965822,69.59055980868403,71.53262248965822,26027232
2014-07-23,71.20894622802734,71.20894622802734,71.20894622802734,71.20894622802734,0
2014-07-24,71.53263092041016,72.5036598197471,70.23792061010468,71.85630722018914,34373539
2014-07-25,69.91423797607422,71.53262443953236,69.26688543516659,70.88527189862474,26041720
2014-07-28,67.97217559814453,69.9142383422274,67.97217559814453,69.26688579792949,38554454
2014-07-29,67.97217559814453,69.26688579792949,66.03011285406164,68.61953325363156,51104444
2014-07-30,67.64850616455078,69.26689280008664,67.64850616455078,68.61954019034813,32299639
2014-07-31,67.00115966796875,67.97218867117276,66.353801887976,67.64851233677142,30431681
2014-08-01,66.03012084960938,66.35379716095211,65.05909191558118,65.38276822692391,31163341
2014-08-04,68.29586791992188,68.29586791992188,66.03012837123794,66.03012837123794,23457624
2014-08-05,66.03012084960938,67.9721838288555,66.03012084960938,67.9721838288555,32398988
2014-08-06,67.00115966796875,67.00115966796875,65.382772884772,66.03012555357466,24763643
2014-08-07,67.00115966796875,67.64851233677142,66.353801887976,67.64851233677142,15952675
2014-08-08,66.35379791259766,67.00115565380601,65.70644528257908,67.00115565380601,20075637
2014-08-11,67.32483673095703,67.97218940676532,65.05909725443786,65.382773592342,36068672
2014-08-12,67.64850616455078,68.29585877428927,67.00115355481229,67.32482985968153,22893615
2014-08-13,68.61953735351562,68.94321364500361,67.64850336786223,67.64850336786223,27070391
2014-08-14,70.56159210205078,71.856302324139,69.91423954660128,70.88527349096474,39717659
2014-08-15,69.59056091308594,70.88527109134542,69.26688464631832,70.56158971338878,29330568
2014-08-18,69.59056091308594,70.23791344662116,69.59056091308594,69.91423717985356,19295337
2014-08-19,70.23792266845703,70.88528039817564,69.59057004992812,70.23792266845703,22084339
2014-08-20,70.23792266845703,70.88528039817564,69.26689374066366,70.88528039817564,27782388
2014-08-21,70.23792266845703,70.23792266845703,69.59057004992812,70.23792266845703,15445584
2014-08-22,71.20894622802734,71.20894622802734,70.2379123319458,70.56158859357666,36413287
2014-08-25,71.53263092041016,71.85630722018914,70.88527832085218,71.20895462063118,26296300
2014-08-26,71.20894622802734,71.8562987512891,70.88526996639648,71.53262248965822,40670784
2014-08-27,72.50366973876953,72.50366973876953,71.2089643625286,71.2089643625286,86493200
2014-08-28,73.95372009277344,75.40379493993726,72.86616651299482,72.86616651299482,95062968
2014-08-29,73.95372009277344,74.67875751635535,73.22868266919153,73.95372009277344,37310196
2014-09-01,73.5912094116211,75.04128446738093,73.5912094116211,74.67876825903559,26675880
2014-09-02,72.86618041992188,73.95373420726635,72.86618041992188,73.59121287069186,20133960
2014-09-03,73.22870635986328,73.59122263333987,72.50366870171996,73.22870635986328,27182232
2014-09-04,72.43115234375,72.86617587603581,72.14113835928919,72.86617587603581,39033456
2014-09-05,72.86618041992188,72.86618041992188,71.48860751884202,72.1411428579624,33714912
2014-09-09,73.95372009277344,73.95372009277344,72.86616651299482,73.22868266919153,22974336
2014-09-10,73.22870635986328,73.59122263333987,72.21365466070066,73.22870635986328,27300504
2014-09-11,72.50366973876953,73.59122368594518,72.50366973876953,72.86619112862158,15984276
2014-09-12,72.06864929199219,72.86618917259108,71.85113748615794,72.86618917259108,21420168
2014-09-15,73.22870635986328,73.22870635986328,71.92364061968135,72.06865019578609,14791392
2014-09-16,72.14112854003906,73.22868211153566,72.14112854003906,73.22868211153566,14555772
2014-09-17,73.22870635986328,73.59122263333987,72.50366870171996,72.50366870171996,25506096
2014-09-18,73.95372009277344,73.95372009277344,72.86616651299482,72.86616651299482,20102544
2014-09-19,73.22870635986328,74.67878167614995,73.22870635986328,74.3162602914832,29818404
2014-09-22,72.86618041992188,72.86618041992188,72.2136450808015,72.86618041992188,22844052
2014-09-23,72.86618041992188,73.22869664530687,72.35865463766919,72.86618041992188,14703612
2014-09-24,72.86618041992188,73.22869664530687,72.50365908334739,72.50365908334739,15553692
2014-09-25,72.50366973876953,74.31626135445902,72.21365569360205,73.22870740728338,31681188
2014-09-26,70.40103912353516,71.77861173877365,70.40103912353516,71.77861173877365,53809140
2014-09-29,70.7635726928711,71.19859112649367,70.40105136846475,70.90857713368219,35623896
2014-09-30,69.60350799560547,70.6910616899642,68.73346606235629,70.6910616899642,48605172
2014-10-01,71.3436050415039,71.48860949118271,69.24099963164406,69.96603210241739,27544440
2014-10-02,70.6910629272461,71.34359822199588,70.40104894442035,70.90857469216269,21820260
2014-10-03,71.99614715576172,72.28616121411683,70.98109539592362,71.05360274390524,22019844
2014-10-06,71.4161148071289,72.28615693063792,71.4161148071289,72.28615693063792,21054264
2014-10-07,70.7635726928711,71.77862422330595,70.32854914805921,71.48860511930515,24960936
2014-10-08,70.11103820800781,70.7635735329725,69.96602865428586,69.96602865428586,20196792
2014-10-09,70.7635726928711,71.27109845808852,70.11103737565327,71.19859112649367,22224048
2014-10-13,69.45851135253906,70.11104675707134,68.8784832893037,68.8784832893037,32811240
2014-10-14,69.60350799560547,69.67601021224564,68.87847049563663,69.31349401785575,30134412
2014-10-15,67.79093170166016,69.3860114854752,66.99339180975265,69.24100702032301,76258644
2014-10-16,66.8483657836914,67.71841280526827,65.68830990317414,67.42839883513895,48216168
2014-10-17,64.52825164794922,67.28339214779969,64.52825164794922,67.06588038318135,60435144
2014-10-20,67.57340240478516,67.71841194359914,65.83331349496176,65.97832303377572,32176452
2014-10-21,67.79093170166016,68.58847159356768,67.42841542758953,68.15344797573078,33695508
2014-10-22,68.1534423828125,69.2410013381557,68.1534423828125,68.87847998264472,31264464
2014-10-23,68.87847900390625,68.87847900390625,68.29845097675837,68.87847900390625,20802936
2014-10-24,67.57340240478516,69.09597956198203,67.5009001909726,68.8784678093555,21026544
2014-10-27,68.1534423828125,68.51596373832349,67.64591657404893,67.79092613849127,19177620
2014-10-28,69.24098205566406,69.45848867497088,68.87846080110937,68.87846080110937,25287108
2014-10-29,68.87847900390625,69.74852615581776,68.73347455271413,69.60351659343594,26194476
2014-10-30,69.02349853515625,69.24101035454873,68.66097713243862,68.87848895183112,14610288
2014-10-31,69.60350799560547,69.74851754007486,68.87847049563663,69.16848447338636,25712148
2014-11-03,71.12609100341797,71.56111456105761,69.96602988677542,70.3285512218716,34832952
2014-11-04,70.6910629272461,71.56110998691246,70.61856070933695,71.56110998691246,17660412
2014-11-05,71.19860076904297,71.4161125709069,70.6185727048658,71.4161125709069,14782152
2014-11-06,69.531005859375,70.98107574980057,69.45849853146193,70.47355001035436,24501708
2014-11-07,69.8210220336914,69.96602647170057,68.95097496087953,69.02348229107334,16526664
2014-11-10,71.2710952758789,71.34359749304727,69.02348054295784,69.02348054295784,32189388
2014-11-11,70.8360824584961,71.48861273402991,70.69107289104977,71.48861273402991,21031164
2014-11-12,69.60350799560547,71.77862049551197,69.45849845113608,71.12608521218331,35973168
2014-11-13,71.0535888671875,71.0535888671875,69.74852330387272,69.96602997176728,22782144
2014-11-14,70.18355560302734,71.12610512802668,69.96604378101284,71.05360289108533,31440948
2014-11-17,69.3134994506836,70.90857900892476,69.3134994506836,70.32855100796242,33624360
2014-11-18,69.24098205566406,70.0385216600207,68.87846080110937,69.31348426209966,23146200
2014-11-19,69.60350799560547,70.3285454955743,69.31349401785575,69.67601021224564,35586012
2014-11-20,70.11103820800781,70.32854998299604,69.748521990487,69.748521990487,26016144
2014-11-21,69.8210220336914,70.69106399531405,69.74851981468682,70.61856177630948,27041784
2014-11-24,69.96603393554688,70.25605306488234,69.82102948206891,70.1835457269536,17373972
2014-11-25,69.8935317993164,70.25605315586031,69.67602000762803,69.96603402614929,27628524
2014-11-26,70.54606628417969,71.053592087985,69.96603314326669,69.96603314326669,27732012
2014-11-27,70.40103912353516,70.98106700827324,70.40103912353516,70.54604865031389,24972024
2014-11-28,70.32855224609375,70.69106847527993,70.25605002249442,70.40105446969308,26166756
2014-12-01,69.09599304199219,69.96603511104689,67.64591781571117,67.71842515485811,37381344
2014-12-02,67.21089172363281,68.73346900540479,67.13838950388822,68.51595723498176,54387564
2014-12-03,68.51596069335938,68.51596069335938,67.13839289273243,67.42840689753865,32980332
2014-12-04,69.09599304199219,69.24100260909623,68.15344363379054,68.51596499595573,21523656
2014-12-05,67.57340240478516,68.73346338173037,67.42839797716003,68.73346338173037,42784896
2014-12-08,66.63087463378906,68.00844259003935,66.41336282781478,67.71842855247034,45386880
2014-12-09,65.2532958984375,66.3408497226537,65.18079367314033,65.68831947259984,74055828
2014-12-10,64.9632797241211,65.61581506364864,64.74576794427858,65.1807915039636,50515080
2014-12-11,65.18079376220703,65.90583134973845,65.1082915368108,65.25329598760328,50308104
2014-12-12,64.9632797241211,65.68831728653298,64.9632797241211,65.25329372684794,37125396
2014-12-15,63.58572006225586,64.60077175716017,63.58572006225586,64.45576218166379,52412976
2014-12-16,62.353145599365234,63.585708885261056,62.35314559936523,62.933173577014124,79213596
2014-12-17,61.120582580566406,62.35314587184853,61.120582580566406,62.35314587184853,93944004
2014-12-18,61.48311233520508,62.49816399535556,61.33810276467359,61.84562859474884,48943356
2014-12-19,62.06313705444336,62.64316508296974,61.77312304018018,62.49816063143299,42672168
2014-12-22,63.80322265625,63.80322265625001,62.49815711000412,62.71566377505393,40557132
2014-12-23,63.29568862915039,63.87571654936723,63.150679093501815,63.80321433713731,18802476
2014-12-24,63.658206939697266,63.73070915436246,63.150681214663116,63.150681214663116,16450896
2014-12-25,63.658206939697266,63.803216480216555,63.44069518451279,63.658206939697266,10463376
2014-12-26,63.80322265625,63.80322265625001,63.440701325454846,63.65821310169406,11592504
2014-12-29,63.658206939697266,64.16573266473141,63.513197399177976,63.94822090954693,25219656
2014-12-30,63.658206939697266,64.09323045006623,63.658206939697266,63.803216480216555,18030012
2014-12-31,63.730712890625,63.803220220729905,63.22318713583677,63.65821067170931,15889104
2015-01-05,63.22319030761719,63.658213865313996,63.00568363995825,63.658213865313996,23308824
2015-01-06,61.26559066772461,62.35314438238725,61.26559066772461,62.35314438238725,60587604
2015-01-07,61.77312088012695,62.20813933071536,61.12058553746006,61.12058553746006,31148964
2015-01-08,63.005680084228516,63.078182302689825,62.13563301793606,62.28064256604786,28348320
2015-01-09,62.71567153930664,63.658220982635186,62.71567153930665,63.295704718149615,20894412
2015-01-12,62.1356315612793,63.22318525745997,62.1356315612793,62.715659517750446,21078288
2015-01-13,62.57066345214844,62.57066345214844,61.62811406343868,61.62811406343868,24245760
2015-01-14,61.84563064575195,62.715672764224394,61.77312841367678,62.715672764224394,20624604
2015-01-15,61.48311233520508,62.13564262462184,61.410604994344354,61.84562859474884,28715148
2015-01-16,60.97557067871094,61.555598587908705,60.90306335666974,61.48309637705614,38453184
2015-01-19,60.68556213378906,61.55560925961169,60.17803634745571,61.04808347327834,27467748
2015-01-20,61.41059875488281,61.628110532985346,60.39554719786396,60.685561198270854,25569852
2015-01-21,61.84563064575195,61.99064022109243,61.410607030920666,61.77312841367678,28552524
2015-01-22,61.990631103515625,62.13563554633872,61.48310533125601,62.06313332492717,22399608
2015-01-23,63.658206939697266,63.658206939697266,62.135629764594825,62.20813197926002,65960664
2015-01-26,64.38324737548828,64.60075914065784,63.22318633164703,63.658209861986144,58836624
2015-01-27,64.38324737548828,64.81826579463825,63.658209861986144,64.81826579463825,36498000
2015-01-28,63.730712890625,64.23823864541325,63.73071289062501,64.16573642649756,25221504
2015-01-29,62.860679626464844,63.658219478439875,62.71567005738306,63.658219478439875,30256380
2015-01-30,62.860679626464844,63.58571724949394,62.860679626464844,63.58571724949394,23878008
2015-02-02,62.71567153930664,63.295704718149615,62.20814570231282,63.22319737630047,27736632
2015-02-03,63.36819839477539,63.65821238945305,62.57065863161449,62.71566307335865,22140888
2015-02-04,63.440704345703125,64.0932397054863,63.440704345703125,63.5857139071626,33230736
2015-02-05,63.29568862915039,63.51319526584016,62.93316734562332,63.51319526584016,18909660
2015-02-06,63.29568862915039,63.585702589258815,62.93316734562332,63.585702589258815,15416940
2015-02-09,63.078189849853516,63.36820386958747,63.005687622717474,63.36820386958747,15176700
2015-02-10,61.990631103515625,62.86067309402236,61.990631103515625,62.71566354000988,34265616
2015-02-11,61.48311233520508,61.990638165280316,61.410604994344354,61.62811679454659,38997420
2015-02-12,62.49815368652344,62.64315812194703,61.26559042947733,61.77311617583813,36920268
2015-02-13,62.20814514160156,62.643168744015206,62.13564291159595,62.35315471280277,25619748
2015-02-24,62.20814514160156,62.933182775227635,62.208145141601555,62.42565694280838,53257512
2015-02-25,62.57066345214844,62.715667905063945,61.990635418106926,62.20814209748019,25347168
2015-02-26,63.15069580078125,63.585719411629,62.425658153098354,62.71567218993349,38978940
2015-03-02,63.15069580078125,64.09324525388801,63.07819356936999,63.585719411629,29402604
2015-03-03,62.57066345214844,63.44070550321071,62.49816122569069,63.15069148618995,19361496
2015-03-04,64.0207290649414,64.38325039428491,62.86067307789668,63.078184853264915,56449932
2015-03-05,64.16573333740234,64.81826349860756,63.58570539162238,64.2382355528276,52476732
2015-03-06,64.38324737548828,64.60075914065784,63.803219409162224,64.16573561031873,33571692
2015-03-09,63.658206939697266,64.2382348793966,63.658206939697266,64.09323045006623,19914972
2015-03-10,63.15069580078125,63.948235679875395,63.15069580078124,63.73072387445152,21674268
2015-03-11,63.29568862915039,63.80321433713731,62.64315338551489,62.715655597744814,28729932
2015-03-12,63.15069580078125,63.65822164304026,63.07819356936999,63.07819356936999,34865292
2015-03-13,63.80322265625,64.23824109753903,63.29569688208831,63.29569688208831,28796460
2015-03-16,63.29568862915039,64.09322829724573,63.29568862915039,63.80321433713731,33573540
2015-03-17,63.29568862915039,63.94821876159716,63.29568862915039,63.29568862915039,28448112
2015-03-18,63.730712890625,64.02072687747697,63.295694465941665,63.295694465941665,36242976
2015-03-19,66.05083465576172,66.12334199109095,64.02073149033463,64.02073149033463,120971928
2015-03-20,67.42841339111328,67.79092965423517,65.97833811624567,66.2683521489812,107852976
2015-03-23,67.79093170166016,68.66097382614376,67.50091766016563,67.79093170166016,72109884
2015-03-24,67.64591217041016,68.44345705613954,67.4284055046906,67.93593128041506,45345300
2015-03-25,68.44346618652344,68.7334802240269,67.71842853716969,68.15344703782986,43284780
2015-03-26,68.44346618652344,68.44346618652344,67.42841449966622,68.08094480625151,43623888
2015-03-27,67.42841339111328,68.4434650612826,66.993389786415,68.4434650612826,48414828
2015-03-30,68.1534423828125,68.58846596494979,67.79092613849127,68.1534423828125,38992800
2015-03-31,66.41336059570312,68.80598015862553,65.97833699837544,68.51596613080372,101265780
2015-04-01,66.48585510253906,67.06588309081253,65.61581312012888,66.41335288180221,37494072
2015-04-02,67.57340240478516,67.79091415741169,67.06587668571953,67.35589065215864,38727612
2015-04-07,67.8634262084961,68.08093799265247,67.28339819153885,68.0084357683302,22234212
2015-04-08,67.9359359741211,68.15344265486823,67.13839614447895,68.15344265486823,29445108
2015-04-09,67.42841339111328,68.00844145658431,67.13839935837775,67.93593922619793,31403988
2015-04-10,67.50090789794922,68.00843367496205,67.13839167630695,68.00843367496205,28247604
2015-04-13,67.35590362548828,67.79092721453065,67.13839694215693,67.57341542000947,17920980
2015-04-14,68.00843048095703,68.00843048095703,67.1383885231633,67.42840250909455,27583248
2015-04-15,66.77587890625,68.08094462717797,66.55836710089699,67.79093059043733,44381568
2015-04-16,67.64591217041016,67.7184195035061,67.1383915058751,67.35589817159466,22712844
2015-04-17,66.9208755493164,67.64590794547739,66.84836822074902,67.64590794547739,22677732
2015-04-20,67.28340148925781,67.57341551195071,66.26834985423774,66.26834985423774,23638692
2015-04-21,66.77587890625,67.57341878508431,66.70337667486235,67.28340474834366,20777988
2015-04-22,66.703369140625,67.42840670617768,66.55835958303865,66.55835958303865,25317600
2015-04-23,67.64591217041016,68.15343794613463,67.06588417277916,67.06588417277916,52587612
2015-04-24,68.58846282958984,69.09598861515308,68.0084348207146,68.15343926733864,80965500
2015-04-27,68.66096496582031,69.16849075073985,68.58846274260023,68.95097896989012,41227956
2015-04-28,67.8634262084961,69.1684918022447,67.64591442433974,68.87847779376607,45984708
2015-04-29,66.77587890625,68.00844239579033,66.70337667486235,67.86343282182496,39313428
2015-04-30,66.703369140625,67.5009089293761,66.63086691742657,66.77587136382341,29472828
2015-05-04,67.50090789794922,67.57341012003978,66.92087989884581,67.42840567585866,21150360
2015-05-05,67.50090789794922,68.00843367496205,66.99338212093639,67.79092189750092,17974572
2015-05-06,67.42841339111328,67.7184274238488,66.993389786415,67.28340381915051,20561772
2015-05-07,66.77587890625,67.42841432230902,66.77587890625,67.42841432230902,22205568
2015-05-08,67.21089172363281,67.6459101532896,66.84837040253133,66.92087773346519,26128872
2015-05-11,67.57340240478516,68.08092812385078,66.92087225809442,68.00842591003823,27005748
2015-05-12,67.21089172363281,67.71841748422347,67.06588217295436,67.2833939433774,14068824
2015-05-13,68.51596069335938,68.51596069335938,67.50090912094282,67.79092312574905,38297028
2015-05-14,67.9359359741211,68.51596401182633,67.71842418218418,68.51596401182633,23926980
2015-05-15,67.50090789794922,68.08093589705263,67.35589834257866,67.93593145287149,19802244
2015-05-18,70.18355560302734,70.18355560302734,68.95099201907216,69.02349936720398,115527720
2015-05-19,71.3436050415039,71.70612127689057,70.90858147008821,70.90858147008821,91820652
2015-05-20,70.6910629272461,71.41610043990502,70.3285467265112,71.41610043990502,41027448
2015-05-21,70.32855224609375,70.6185662516806,69.96603090571803,70.32855224609375,40099752
2015-05-22,69.96603393554688,70.98108555465173,69.82102948206891,70.4735597450993,31240440
2015-05-25,70.25605773925781,70.83608581414046,70.03854593337928,70.69107623982475,27196092
2015-05-26,70.61856842041016,71.27110378641241,70.54606619458426,70.90858243490348,20968332
2015-05-27,70.61856842041016,71.05359199774499,70.32855440591683,70.90858243490348,27550908
2015-05-28,71.2710952758789,71.70611369007818,71.05358351318472,71.2710952758789,50204616
2015-05-29,71.85112762451172,71.9961320677058,71.27109962935657,71.56111362693414,78316392
2015-06-01,70.54606628417969,71.85113190665196,70.54606628417969,71.85113190665196,33153120
2015-06-02,70.90858459472656,71.27110595727761,70.11104475278002,70.32855654807268,33017292
2015-06-03,70.32855224609375,71.05358981565567,70.18354268770555,70.69106847527993,21731556
2015-06-04,68.51596069335938,70.40105428019461,68.4434584699552,70.32855205679044,53763864
2015-06-05,68.3709487915039,69.16848855517756,67.79092080177567,68.15343701755849,38329368
2015-06-08,68.80598449707031,69.16850077690795,68.00844459247533,68.66097491842112,28456428
2015-06-09,67.57340240478516,68.8784678093555,67.5009001909726,68.80596559554294,25554144
2015-06-10,69.3134994506836,69.3134994506836,68.51595967156301,68.87847589436711,33604032
2015-06-11,69.45851135253906,70.11104675707134,68.51596702757911,69.82103272545366,34788600
2015-06-12,68.87847900390625,69.45850703105413,68.80597677831018,69.45850703105413,14254548
2015-06-15,68.1534423828125,68.95098220927102,68.1534423828125,68.51596373832349,17541216
2015-06-16,68.73346710205078,68.80596931978766,67.86342004445183,68.80596931978766,21057960
2015-06-17,68.44346618652344,68.8784846871836,68.08094480625151,68.8784846871836,24313212
2015-06-18,68.58846282958984,68.87847683402748,68.15343926733864,68.58846282958984,23671032
2015-06-22,70.47355651855469,70.54606385316377,69.24099827566404,69.24099827566404,36437940
2015-06-23,70.40103912353516,71.27108606183072,70.32853691574,70.83606259268294,29081976
2015-06-24,70.7635726928711,70.83607491327663,70.25604692765367,70.25604692765367,21166068
2015-06-25,71.77863311767578,72.28615383459277,71.34360951895843,71.63362354770669,70828296
2015-06-26,71.92362213134766,71.99612434516787,71.41609641222841,71.99612434516787,40846344
2015-06-29,70.25605773925781,71.1260998515818,70.03854593337928,71.1260998515818,33812856
2015-06-30,70.32855224609375,70.6185662516806,69.96603090571803,70.25605002249442,24798312
2015-07-01,71.0535888671875,71.27110064627155,70.32855130730384,70.61856530901942,23293116
2015-07-02,71.0535888671875,71.27110064627155,70.76357486547194,70.9810815333665,15847524
2015-07-03,70.54606628417969,70.83608029904133,70.32855449523602,70.83608029904133,11482548
2015-07-06,69.8210220336914,70.54605955730489,69.53100804648386,69.8210220336914,20230056
2015-07-07,70.54606628417969,70.90858252495931,70.25605226931803,70.69107073601566,15357804
2015-07-08,68.51596069335938,70.61856606159667,68.15343935395946,70.5460638381925,46826472
2015-07-09,67.71841430664062,68.37094447610149,66.34084152899833,66.34084152899833,39412296
2015-07-10,67.71841430664062,67.71841430664062,67.71841430664062,67.71841430664062,0
2015-07-13,69.74852752685547,69.74852752685547,68.4434618845244,68.51596411154563,28473984
2015-07-14,68.66096496582031,70.47355632464874,68.66096496582031,70.18354232057894,34069728
2015-07-15,69.38600158691406,69.60351336480241,68.58846180878304,69.53101114256944,21410004
2015-07-16,69.60350799560547,69.96602418999537,69.09598225674618,69.96602418999537,16024008
2015-07-17,68.95097351074219,69.6760110191071,68.95097351074219,69.60350880162734,18407928
2015-07-20,68.95097351074219,69.6760110191071,68.80596907578267,69.53100658414758,14398692
2015-07-21,69.8210220336914,69.8210220336914,68.95097496087953,69.45850071629006,14443044
2015-07-22,68.73346710205078,69.45849950179775,68.66095977312479,68.87847153752453,26535432
2015-07-23,65.6158218383789,68.3709577043422,65.6158218383789,67.79092963900152,73660356
2015-07-24,65.6158218383789,66.34085436445976,64.89078420110803,65.76082629911907,38347848
2015-07-27,65.32579040527344,66.05082790614851,65.25328818854264,65.54330216665487,24139500
2015-07-28,65.2532958984375,65.9783334849782,65.2532958984375,65.32579812373467,25552296
2015-07-29,66.34085083007812,66.34085083007812,63.44070554669307,65.25329698770744,46779348
2015-07-30,65.90583038330078,66.77587240886646,65.61581637477889,66.34084884048882,26776596
2015-07-31,65.76081848144531,66.19584203433006,65.47080448325195,66.05083247963867,25667796
2015-08-03,64.67326354980469,65.97832907384897,64.02072823218788,65.97832907384897,31193316
2015-08-04,64.89078521728516,65.47081329170898,63.875733531448425,64.6732734115787,29992116
2015-08-05,64.52825164794922,64.89077295937616,64.23823766552114,64.23823766552114,27400296
2015-08-06,64.16573333740234,64.96327304064704,63.87571936451236,64.52824952571758,29049636
2015-08-07,64.16573333740234,64.45574731029234,63.51319806500817,63.94822157993762,20273484
2015-08-10,64.16573333740234,64.67325906775706,63.658207607047636,64.16573333740234,18748884
2015-08-11,64.16573333740234,65.61580831304123,64.0932311219771,65.25328701353702,34841268
2015-08-12,62.71567153930664,63.94823501646165,62.71567153930665,63.44070917946783,39327288
2015-08-13,63.36819839477539,63.440700615647465,62.64316085248657,62.71566307335865,27375348
2015-08-14,64.31075286865234,64.81827871817597,63.875734362767915,63.875734362767915,32549748
2015-08-17,63.9482307434082,64.52825877230337,63.80322629177926,64.52825877230337,16972956
2015-08-18,64.0207290649414,64.74576661243906,63.948226843548454,64.52825483707082,16821420
2015-08-19,63.8757438659668,64.38326979099828,63.513222427406646,64.02074835243812,27691356
2015-08-20,63.36819839477539,64.09323593706421,63.15068662096981,63.58571016858097,25426632
2015-08-21,61.990631103515625,63.22318931226948,61.990631103515625,62.57065909718678,42128856
2015-08-24,59.16299057006836,61.55560997136691,56.48035204934915,60.17803704328233,81396084
2015-08-25,61.62811279296875,61.62811279296875,58.72796757135825,58.72796757135825,53887680
2015-08-26,60.54055404663086,61.41059600894819,60.250540059191756,60.90307025313244,53853492
2015-08-27,61.338096618652344,61.84562239787396,60.90307306183682,60.90307306183682,63393792
2015-08-28,64.23825073242188,64.67327435014805,62.49816648389748,63.0056923341813,59708880
2015-08-31,67.06588745117188,67.06588745117188,64.38325399760086,64.8907797981348,57226092
2015-09-01,65.10829162597656,66.34084990415933,64.81827250161508,66.34084990415933,55938036
2015-09-02,65.68831634521484,66.12333989866596,64.60076257277649,64.81826923831262,95802168
2015-09-03,66.66834259033203,67.30403400577632,66.35049154765893,66.7478013497871,90321440
2015-09-04,65.95318603515625,66.98618723635614,65.95318603515625,66.74780029186736,37604160
2015-09-07,65.87371826171875,66.50940963157228,65.6353313305484,65.87371826171875,16588880
2015-09-08,65.79427337646484,66.27104200435107,65.71480927100795,65.87373214697004,12614800
2015-09-09,67.93972778320312,67.93972778320312,66.50941671377653,66.50941671377653,36988160
2015-09-10,67.22457122802734,67.54242227692586,66.98618961004227,67.54242227692586,27099600
2015-09-11,67.30403900146484,67.46296186712208,66.90672916984609,67.22457490116055,24239600
2015-09-14,67.62187957763672,67.86026652542486,66.98618816346962,67.5424208183413,17976640
2015-09-15,67.30403900146484,67.86027169874083,66.98619327015038,67.78080759843654,20333280
2015-09-16,67.54241943359375,67.70134228387731,67.14510964040944,67.70134228387731,21574080
2015-09-17,67.93972778320312,68.65488331791643,67.78080492381697,68.09865064258929,29369120
2015-09-18,67.93972778320312,68.25757350197546,67.5424233022133,67.93972778320312,31738960
2015-09-21,66.90673065185547,67.46296336145222,66.74780778267804,67.30404049227478,22477840
2015-09-22,67.62187957763672,67.62187957763672,67.1451110170114,67.1451110170114,16287920
2015-09-23,66.82727813720703,67.22458267984732,66.66835525316053,67.06565979580081,24931280
2015-09-24,66.42996215820312,67.22457650545249,65.71480657820295,67.06565363600262,19214800
2015-09-25,66.98619842529297,67.30404418106829,66.35050157879056,66.7478114409856,16671600
2015-09-29,66.98619842529297,66.98619842529297,66.98619842529297,66.98619842529297,0
2015-09-30,68.01919555664062,68.01919555664062,66.42996154193371,66.66834851137274,41803520
2015-10-01,68.25757598876953,68.33704008883325,67.3040387977128,67.46296166288893,23848000
2015-10-02,68.09864807128906,68.57542196639643,67.62187951113262,68.49595787222823,19199840
2015-10-05,68.33704376220703,68.49596663592585,67.4629652892777,68.49596663592585,19122400
2015-10-06,68.6548843383789,69.05219416022535,68.416502713232,68.73434843672868,22110000
2015-10-07,69.05220031738281,69.05220031738281,68.33704470827162,68.49596758419058,23944800
2015-10-08,68.89328002929688,69.52897155685118,68.65489303898806,69.44951278338283,19018560
2015-10-12,70.0057373046875,70.32358839025936,69.6084327838881,69.7673556591982,40450960
2015-10-13,69.52896881103516,70.16466564843661,69.1316589545282,70.08520154315455,26038320
2015-10-14,68.41650390625,69.52896395788696,68.33703980651455,69.52896395788696,26818880
2015-10-15,68.89328002929688,69.92628142904856,68.89328002929688,69.37004867496259,36604480
2015-10-16,69.76734161376953,69.76734161376953,69.29057308382139,69.60841877045348,20126480
2015-10-19,69.68787384033203,70.08518359509222,69.05218250067598,70.08518359509222,22378400
2015-10-20,69.21111297607422,69.92626847961122,69.05219012361609,69.84680438590672,19260560
2015-10-21,68.6548843383789,69.76734970556848,68.57542557498034,69.52896274547037,16280880
2015-10-22,68.81381225585938,68.81381225585938,68.25757953139832,68.49596650901066,20278720
2015-10-23,69.44950866699219,69.76735441193007,69.13165758710272,69.76735441193007,22953920
2015-10-26,70.48250579833984,70.48250579833984,70.08519597340755,70.40304169937288,30552720
2015-10-27,70.40303802490234,70.7208837342787,69.52895965664187,70.7208837342787,32296000
2015-10-28,69.92627716064453,70.32358700858953,69.52896731269954,70.16466413640184,17717040
2015-10-29,68.97273254394531,70.16466205237772,68.81380967647793,69.92627508370096,26143920
2015-10-30,68.81381225585938,69.4495090845084,68.3370436355863,69.1316580027081,22265760
2015-11-02,69.44950866699219,69.44950866699219,68.49596609722694,69.29058579452324,14264800
2015-11-03,69.76734161376953,69.92626445708558,68.97272206223869,69.60841877045348,22444400
2015-11-04,70.48250579833984,70.72088742533822,69.76735024744221,70.08519597340755,36727680
2015-11-05,70.085205078125,70.48251495467154,70.085205078125,70.48251495467154,17424000
2015-11-06,68.81381225585938,70.32358755581818,68.734353486623,69.84681360059349,31685280
2015-11-09,68.33704376220703,69.05219936141755,68.17812088848821,68.7343536139799,19628400
2015-11-10,67.14511108398438,67.86026659311116,67.14511108398438,67.62187964508524,34258400
2015-11-11,66.27104187011719,67.54243021019028,65.95319611883683,66.74781049703772,40119200
2015-11-12,66.66834259033203,66.98618829805417,66.27103278820387,66.35049154765893,19453280
2015-11-13,66.42996215820312,67.30404060765316,66.11211641930338,66.35049805600245,23897280
2015-11-16,65.79427337646484,66.35050077485627,65.63534516555107,65.71480927100795,31211840
2015-11-17,67.54241943359375,67.86026513416087,66.9067226975087,67.14510964040944,32819600
2015-11-18,67.38349151611328,67.93972416179137,66.90672296336813,67.93972416179137,23150160
2015-11-19,67.93972778320312,68.01919188037178,67.22457224848984,67.93972778320312,15979040
2015-11-20,68.33704376220703,68.57543074026108,68.01919801476939,68.57543074026108,21341760
2015-11-23,67.93972778320312,68.57542455569892,67.70134616159946,68.41650169631275,15279440
2015-11-24,66.98619842529297,67.93973569261895,66.98619842529297,67.70135404326334,16303760
2015-11-25,66.98619842529297,67.22458007464859,66.50942445667822,66.7478114409856,15150080
2015-11-26,67.86026763916016,68.3370362076103,67.38349373575899,67.54242192686006,16410240
2015-11-27,67.54241943359375,67.86026513416087,66.98618679012588,67.62187819126011,11050160
2015-11-30,66.74781036376953,67.38350186506102,65.95319598715517,66.19157763266365,59221360
2015-12-01,68.33704376220703,68.33704376220703,67.14511954184005,67.62188816299653,32343520
2015-12-02,68.09864807128906,68.49595787222823,67.62187951113262,68.41649911301096,18297840
2015-12-03,67.30403900146484,67.78080759843654,67.22457490116055,67.22457490116055,12401840
2015-12-04,66.90673065185547,67.0656535210329,66.58888491350059,66.90673065185547,17750480
2015-12-07,67.30403900146484,68.1781174300553,67.22457490116055,67.22457490116055,15852320
2015-12-08,66.66834259033203,67.4629568596374,66.66834259033203,67.4629568596374,21806400
2015-12-09,66.19157409667969,66.98619376579677,66.1121153307388,66.6683480321305,17669520
2015-12-10,65.87371826171875,66.19156394664552,65.55587257679198,65.95318235042572,25659920
2015-12-11,66.03265380859375,66.74780940474726,65.79427216651031,66.66835063570332,31803200
2015-12-14,64.20503234863281,64.60233682815876,63.728258437279905,64.3639552074334,36296480
2015-12-15,63.569332122802734,64.60233331632746,63.25148642247987,64.2844876160046,44886160
2015-12-16,63.728267669677734,64.76126906900944,63.41042190602981,64.76126906900944,27146240
2015-12-17,65.4764175415039,65.4764175415039,63.72826069773861,63.966647661870724,23724800
2015-12-18,64.52287292480469,64.92018270762257,64.28448598812382,64.6817957709417,26012800
2015-12-21,64.68180084228516,65.15856941807701,63.80772245252455,63.96664531112183,15584800
2015-12-22,64.12557983398438,64.92019960646104,63.96665694647946,64.68181260772762,16114560
2015-12-23,64.60233306884766,64.92018410290372,64.20502861244148,64.36395146199412,15779280
2015-12-24,64.84071350097656,65.07910041884809,64.68179066737898,64.92017758525049,10163120
2015-12-25,64.84071350097656,64.99963633457415,64.44340374950745,64.76124941670263,6945840
2015-12-28,64.36396026611328,64.9996517512778,64.36396026611328,64.76126477686533,10907600
2015-12-29,64.12557983398438,64.52288972022271,64.04612105770796,64.3639668327178,15620000
2015-12-30,64.28450012207031,64.52288711116427,64.04611846792822,64.443423003149,12463440
2015-12-31,64.20503234863281,64.52287806623401,63.8871812960805,64.28449111055755,12002320
2016-01-04,62.77471923828125,64.5228759630563,62.45687353104051,64.5228759630563,30756880
2016-01-05,62.85417175292969,63.80771411486655,62.61579016365828,62.77471300148936,26388560
2016-01-06,62.77471923828125,62.85417799761597,61.42387231503261,62.21848658313448,37337520
2016-01-07,62.21848678588867,62.37740964002694,61.185485566514494,61.58279536933563,35362800
2016-01-08,61.980106353759766,62.218493327506515,61.34441487037047,61.34441487037047,24209680
2016-01-11,59.914100646972656,61.34441174671879,59.83464188307079,61.26494764786567,45438800
2016-01-12,60.62925720214844,60.78818006753854,59.914101640417265,60.390870236587595,27315200
2016-01-13,60.867637634277344,61.423870270913305,60.62925069430457,61.18548333094053,19923200
2016-01-14,60.390865325927734,60.390865325927734,59.278405358656215,59.834638009767424,20396640
2016-01-15,59.834632873535156,60.867633993375165,59.040013344457954,60.629247067661915,34723920
2016-01-18,59.516788482666016,59.83463953063071,58.08648277410459,58.245405630611415,23231120
2016-01-19,59.834632873535156,60.15247855118586,59.357859022108656,59.99355571236051,17548080
2016-01-20,58.086483001708984,59.51678871587489,58.086483001708984,59.51678871587489,28482960
2016-01-21,57.76863479614258,58.88110018576122,57.76863479614258,58.24540872595132,27078480
2016-01-22,59.43733596801758,59.43733596801758,58.324870520612386,58.40433462469201,28980160
2016-01-25,60.390865325927734,60.549793513346,59.99356086223479,60.549793513346,23728320
2016-01-26,59.99356460571289,60.23194623181301,59.596254782277704,59.834641743329065,14684560
2016-01-27,59.834632873535156,60.390860141948664,59.67571003470981,60.390860141948664,15889280
2016-01-28,59.67572021484375,59.91410184627229,58.56325481833939,58.56325481833939,23972080
2016-01-29,61.8211784362793,61.8211784362793,59.198943278931445,59.198943278931445,41300160
2016-02-01,63.172035217285156,63.172035217285156,62.13902856531049,62.8541841440114,26234560
2016-02-02,62.29794692993164,63.48987092786057,62.29794692993164,63.41040683835502,17775120
2016-02-03,60.867637634277344,62.05956166423968,60.62925069430457,61.9800975725985,32539760
2016-02-15,59.35786819458008,59.993564983065085,58.642712641878994,58.72217674104635,55121440
2016-02-16,60.867637634277344,61.18548333094053,59.43732666434223,59.43732666434223,27989280
2016-02-17,60.947105407714844,61.185492382955495,60.0730269451012,61.185492382955495,26813600
2016-02-18,61.74172592163086,61.821184691131684,61.0265703213653,61.18549319531857,26561920
2016-02-19,60.947105407714844,61.74172510188265,60.5498008955825,61.74172510188265,18102480
2016-02-22,60.947105407714844,61.74172510188265,60.470336792185094,60.5498008955825,16782480
2016-02-23,61.18549346923828,61.344416343903035,60.867647719908774,60.867647719908774,10927840
2016-02-24,60.78817367553711,61.98009770810534,60.54979206999393,61.18548346471011,18641040
2016-02-25,62.377410888671875,63.569334986043756,60.62925412320616,60.78817698052568,49954080
2016-02-26,61.980106353759766,61.980106353759766,60.788182154929075,61.58280184411721,34258400
2016-03-01,61.74172592163086,61.90064879558413,61.0265703213653,61.0265703213653,29082240
2016-03-02,63.172035217285156,63.172035217285156,62.13902856531049,62.536338405689094,31900000
2016-03-03,63.96664810180664,63.96664810180664,63.17203377415344,63.96664810180664,41909120
2016-03-04,65.87371826171875,65.95318235042572,63.96663881720758,64.36394859084132,54892640
2016-03-07,64.84071350097656,66.58887000550031,64.76124941670263,66.03263742043362,36234000
2016-03-08,65.95318603515625,65.95318603515625,64.44341094497881,64.8407207408098,30941680
2016-03-09,65.79427337646484,66.1915778988942,65.31749941362692,65.71480927100795,19674160
2016-03-10,65.95318603515625,66.35049049603637,65.79426318381402,66.19156764469415,19200720
2016-03-11,66.11211395263672,66.11211395263672,65.39695839931926,65.95319108911632,17548960
2016-03-14,66.74781036376953,66.74781036376953,66.27104173780091,66.58888748844666,22357280
2016-03-15,65.39696502685547,66.90673505077984,65.15857803994034,66.74781217115368,29883920
2016-03-16,65.95318603515625,66.74780029186736,65.63533499752093,65.63533499752093,22977680
2016-03-17,65.5558853149414,66.82727363664222,65.5558853149414,66.66835076329856,22359040
2016-03-18,66.74781036376953,66.74781036376953,65.8737318820179,65.95319598715517,53407200
2016-03-21,67.14511108398438,67.22456984335905,66.35049148053197,67.06564698965876,22796400
2016-03-22,66.98619842529297,67.14512130318063,66.35050157879056,67.14512130318063,19001840
2016-03-23,66.90673065185547,67.14511762309735,66.42996204432316,66.74780778267804,17944080
2016-03-24,67.14511108398438,67.46295679138495,66.35049148053197,66.8272653765838,19548320
2016-03-25,66.58887481689453,67.38348904229751,66.58887481689453,67.38348904229751,8309840
2016-03-28,67.14511108398438,67.54242088571057,66.98618823028409,67.30403393768466,22667040
2016-03-29,66.50941467285156,67.54242122958922,66.11211020405352,67.54242122958922,21949840
2016-03-30,66.50941467285156,66.50941467285156,66.50941467285156,66.50941467285156,0
2016-03-31,67.38349151611328,68.97272536021462,66.74780011245308,68.41649804948737,70584800
2016-04-01,65.95318603515625,67.22456884589404,65.95318603515625,66.82726438501392,27424320
2016-04-06,64.52287292480469,66.11210672112556,64.52287292480469,66.11210672112556,35239600
2016-04-07,64.76126098632812,65.0791120452578,63.80772381439279,64.36395649883069,24311760
2016-04-08,65.07910919189453,65.07910919189453,64.28448958183692,64.44341243685825,16746400
2016-04-11,64.52287292480469,65.0791055537596,64.1255631419868,64.99964146321574,9749520
2016-04-12,65.15857696533203,65.63534559634753,64.52288545731136,64.99965408832686,13434080
2016-04-13,66.50941467285156,66.58887876758176,65.39695469128566,65.39695469128566,29533680
2016-04-14,65.4764175415039,66.58888292751865,65.4764175415039,65.95319146976811,20081600
2016-04-15,65.87371826171875,66.1121051928891,64.92018120693845,65.31748564562163,16226320
2016-04-18,65.63534545898438,66.1121194239538,65.55588668812395,66.1121194239538,12326160
2016-04-19,64.76126098632812,66.19157207918236,64.5228793608199,65.79426759168491,16345120
2016-04-20,62.93363952636719,65.47641041558624,62.93363952636719,64.44340924168937,44046640
2016-04-21,63.8077278137207,63.966650685670864,63.17203632592007,63.41041796636953,18065520
2016-04-22,64.36396026611328,64.44341903428308,63.80772754911857,64.44341903428308,15252160
2016-04-25,63.8077278137207,64.68180627692236,63.72826371026985,64.44341930152135,12224960
2016-04-26,63.728267669677734,64.52288741374944,63.56934478785377,63.56934478785377,15876080
2016-04-27,63.172035217285156,63.728262591873445,63.013107013172544,63.489880955607454,21101520
2016-04-28,62.456878662109375,63.728261595521275,62.45687866210937,63.569338728844784,26363920
2016-04-29,61.26494598388672,61.74171989415357,61.26494598388671,61.26494598388671,33712800
2016-05-03,60.073028564453125,61.26495280288324,60.073028564453125,61.18549403229548,27543120
2016-05-04,60.152488708496094,60.708721405785134,59.51679191090089,60.07302460818993,28740800
2016-05-05,59.914100646972656,60.47033333409073,59.59625492146268,60.152487608580756,21832800
2016-05-06,58.64271926879883,59.993571762637984,58.48379638745631,59.91410765449079,38265920
2016-05-09,57.68917465209961,58.96056287627858,57.60971055404728,58.80164001512511,32601360
2016-05-10,59.43733596801758,59.43733596801758,57.609714923702136,57.68917902778176,26071760
2016-05-11,58.8016357421875,59.993559781700604,58.324861858421606,59.43732714060761,23735360
2016-05-12,58.24540328979492,58.88109469027451,58.00701634713966,58.72217184015461,23060400
2016-05-13,59.11948776245117,59.91410209543644,58.40433219528873,59.59625636224233,55498960
2016-05-16,58.8016357421875,59.119481441397554,58.40432595069953,58.88109449951461,22879120
2016-05-17,59.0400276184082,59.357873372903626,58.8016459700125,58.96056884726021,21299520
2016-05-18,59.11948776245117,59.19894652827401,58.40433219528873,59.040023661676955,25338720
2016-05-19,58.96056365966797,59.357868150354896,58.64271259818665,59.119486522932995,22170720
2016-05-20,58.8016357421875,59.43732714060761,58.8016357421875,59.04001734911964,21263440
2016-05-23,61.503334045410156,61.74172100483195,58.960562929699556,59.11948579099702,45397440
2016-05-24,60.70872497558594,61.503339350615754,60.70872497558594,61.4238805805886,22999680
2016-05-25,62.29794692993164,63.330948083800095,61.503327374678605,61.58279146418416,41125920
2016-05-26,62.059566497802734,62.7747220384708,61.980102399972424,62.37741221922161,14297360
2016-05-27,62.29794692993164,62.69525137260754,62.05955999636561,62.456869773992125,17010400
2016-05-30,63.172035217285156,63.489880955607454,62.37741553652795,62.77472537690655,22052800
2016-05-31,63.648807525634766,63.648807525634766,62.85418779867431,63.172038890429555,57468400
2016-06-01,64.0461196899414,64.36396545816334,63.25149993443461,63.25149993443461,24877600
2016-06-02,63.01310729980469,64.20503682636232,62.93364853233841,64.12557272394454,25395920
2016-06-03,63.569332122802734,63.72825497296417,63.17202766487457,63.17202766487457,14345760
2016-06-06,63.728267669677734,64.68181029557341,63.25149902420584,63.41042190602981,18032080
2016-06-07,64.44342041015625,64.52288451497415,64.04611589092171,64.20503876560586,26583040
2016-06-08,64.60233306884766,65.15856570975726,64.44341021929503,64.76125591840028,32547680
2016-06-13,62.456878662109375,63.569338728844784,62.45687866210937,63.48987996298223,42401920
2016-06-14,63.4898796081543,63.489879608154304,61.980104380738325,61.980104380738325,20516320
2016-06-15,63.728267669677734,63.807731778065666,62.93365326055792,63.013112033993956,18666560
2016-06-16,62.61579895019531,63.25149039072276,62.456876090063446,63.17203162813241,25232240
2016-06-17,63.01310729980469,63.64880411429239,62.77472566245436,62.93364853233841,28904480
2016-06-20,63.96664810180664,64.20503506757828,63.648802370745365,63.88718400156565,22524480
2016-06-21,64.12557983398438,64.3639668327178,63.64881117146963,63.807734058974546,20200400
2016-06-22,64.76126098632812,64.76126098632812,64.12556953837124,64.12556953837124,23541760
2016-06-23,65.87371826171875,65.95318235042572,65.15856280315825,65.15856280315825,42769760
2016-06-24,64.76126098632812,66.11211331566336,64.04611077485224,66.11211331566336,54957760
2016-06-27,65.15857696533203,65.23804107131048,64.20503970330104,64.3639625803062,17676560
2016-06-28,65.5558853149414,65.5558853149414,64.20503822404456,64.52288397073187,3887840
2016-06-29,65.5558853149414,65.8737310616287,65.15857546410648,65.15857546410648,18285520
2016-06-30,65.5558853149414,65.8737310616287,65.31749833745012,65.71480818828506,21737760
2016-07-01,65.71480560302734,66.27103830532342,65.55588273593581,65.55588273593581,22413600
2016-07-04,66.19157409667969,66.35049696351282,65.95319246390567,66.19157409667969,19812320
2016-07-05,65.95318603515625,66.19156764469415,65.63533499752093,65.95318603515625,15114000
2016-07-06,64.76126098632812,65.55588063122546,64.76126098632812,65.55588063122546,23430880
2016-07-07,65.23802947998047,65.39695232874863,64.92018378244417,65.158565388121,14634400
2016-07-08,65.23802947998047,65.23802947998047,65.23802947998047,65.23802947998047,0
2016-07-11,65.5558853149414,65.95319516577634,65.31749833745012,65.31749833745012,28612320
2016-07-12,66.19157409667969,66.35049696351282,65.63534139528801,65.63534139528801,28186400
2016-07-13,66.35049438476562,66.66834544102984,65.95318990059991,66.66834544102984,26475680
2016-07-14,66.35049438476562,66.42995848256948,65.95318990059991,66.35049438476562,16907440
2016-07-15,67.14511108398438,67.38349269705934,66.50941433423226,66.50941433423226,29886560
2016-07-18,68.33704376220703,68.33704376220703,67.54242939361292,67.86027514105056,37308480
2016-07-19,68.4959716796875,68.65489456510875,68.01920302342374,68.65489456510875,27935600
2016-07-20,68.33704376220703,68.57543074026108,68.01919801476939,68.17812088848821,22583440
2016-07-21,69.44950866699219,69.92627728439902,68.49596609722694,68.57543020093719,44792000
2016-07-22,69.6084213256836,69.84680293193304,69.29057562738382,69.68788008278315,28517280
2016-07-25,69.6084213256836,69.92626702398339,68.01918749923391,69.4494984765337,29854000
2016-07-26,69.76734161376953,69.84680036795226,68.89326330805596,69.52895468132016,25384480
2016-07-27,70.72088623046875,71.11819604868828,70.16465888690281,70.24411764957603,41266720
2016-07-28,70.72088623046875,71.03873728601508,70.3235817472004,71.03873728601508,25261280
2016-07-29,69.84680938720703,70.72088780578954,69.84680938720703,70.72088780578954,25738240
2016-08-01,70.56197357177734,70.72089645505145,69.76735915540685,69.76735915540685,30942560
2016-08-02,70.3235855102539,70.72089001478224,70.3235855102539,70.56196714598062,15638480
2016-08-03,69.52896881103516,70.16466564843661,69.44951004070478,69.52896881103516,23948320
2016-08-04,69.92627716064453,69.92627716064453,69.52896731269954,69.92627716064453,13994640
2016-08-05,70.24411010742188,70.56195579388974,69.76734157772007,69.92626442095401,19276400
2016-08-08,71.51551055908203,71.51551055908203,70.72089087050752,70.87981374123213,33339680
2016-08-09,71.43604278564453,71.5949656482032,70.87981009921359,71.51550688439949,21803760
2016-08-10,71.51551055908203,71.51551055908203,71.19766481763284,71.43604645624397,18800320
2016-08-11,71.11820220947266,71.27712508353731,70.24412373464126,71.03874343991615,27569520
2016-08-12,68.4959716796875,69.76736009800952,68.33704879426625,68.73435867529538,102171520
2016-08-15,69.29058837890625,69.29058837890625,67.93973591010909,68.1781228951796,36750560
2016-08-16,68.4959716796875,69.29059144174576,68.41651290445287,69.1316632213725,31078960
2016-08-17,67.54241943359375,68.41649777762872,67.38349124835936,68.33703368501153,55900240
2016-08-18,68.09864807128906,68.33703501884274,67.14511095097617,67.46295665774714,36287680
2016-08-19,67.78079986572266,68.89326513335999,67.7013411094347,68.33703249954132,33011440
2016-08-22,67.86026763916016,68.0191904953102,67.54242192686006,67.70134478301011,22437360
2016-08-23,68.17810821533203,68.2575669699456,67.70133968279876,67.70133968279876,28360640
2016-08-24,69.13165283203125,69.21111693027575,68.41650262258685,68.49596138588014,38617040
2016-08-25,70.16466522216797,70.32358809681492,69.05219976468771,69.05219976468771,50213680
2016-08-26,70.3235855102539,70.72089001478224,70.00573443769919,70.64143124785716,34433520
2016-08-29,71.11820220947266,71.27712508353731,70.24412373464126,70.72089235683521,53131760
2016-08-30,70.80035400390625,71.11819974100332,70.48250826680918,70.95927687245478,40711440
2016-08-31,69.92627716064453,70.6414327529649,69.92627716064453,70.48250988077722,60065280
2016-09-01,69.52896881103516,69.76735579192966,68.97273607891577,69.29058716509233,92154480
2016-09-02,67.4788589477539,68.09071388639934,66.69218831235263,66.95441185748639,127011200
2016-09-05,68.44033813476562,68.5277459740182,67.82848325999761,68.09070677775533,35671200
2016-09-06,69.66404724121094,69.83886291810231,68.7025610183084,68.87737669519977,41294400
2016-09-07,69.57664489746094,70.62553904164376,69.48923705211237,70.27590766024949,45388800
2016-09-08,68.70256042480469,69.66404663940119,68.6151525871141,69.5766388017106,40155200
2016-09-09,67.91590118408203,68.09071688854557,67.7410854796185,68.0033090363138,29612000
2016-09-12,67.91590118408203,68.35294044524086,67.7410854796185,68.17812474077733,25044800
2016-09-13,67.56625366210938,68.61514763875273,67.12921450517464,68.44033197597884,30163200
2016-09-14,67.91590118408203,68.35294044524086,67.4788619229232,67.4788619229232,35183200
2016-09-19,70.36331176757812,70.36331176757812,69.22700983841227,69.83886472334773,61713600
2016-09-20,70.10108947753906,70.53812868874567,69.92627379305642,70.36331300426303,33244800
2016-09-21,69.92627716064453,70.01368500709533,69.31442223548889,69.83886931419373,23539200
2016-09-22,69.66404724121094,70.62553346411347,69.3144158874282,70.18849427188505,25332800
2016-09-23,69.75145721435547,69.92627289659697,69.40182584987248,69.83886505547622,23955200
2016-09-26,69.05220031738281,69.40183171139488,68.70256892337075,69.13960816588583,25627200
2016-09-27,69.05220031738281,69.05220031738281,69.05220031738281,69.05220031738281,0
2016-09-28,69.05220031738281,69.05220031738281,69.05220031738281,69.05220031738281,0
2016-09-29,69.83885955810547,69.92626739234589,69.31441255266287,69.75145172386503,37776000
2016-09-30,69.22700500488281,69.48922850868918,69.05218933567856,69.22700500488281,24614400
2016-10-03,69.22700500488281,69.75145201249556,69.22700500488281,69.75145201249556,19135200
2016-10-04,69.4892349243164,69.4892349243164,68.96478786828384,69.05219571095593,15942400
2016-10-05,69.57664489746094,69.75146058815808,69.1396056707181,69.1396056707181,11414400
2016-10-06,70.10108947753906,70.18849731978038,69.92627379305642,70.10108947753906,20085600
2016-10-07,69.92627716064453,70.36331639289857,69.92627716064453,70.36331639289857,12265600
2016-10-11,70.88776397705078,71.58702675364314,70.36331689460651,70.80035612997673,41553600
2016-10-12,71.32479858398438,71.41220642538632,70.71294369417078,71.23739074258243,30932000
2016-10-13,71.49960327148438,72.02405023924587,71.32478761556388,71.76182675536512,28017600
2016-10-14,70.97515869140625,71.41219784590997,70.53811953690251,71.32479001500923,18040000
2016-10-17,71.58702087402344,71.67442871391846,70.2759032755981,70.6255346351782,23766400
2016-10-18,71.7618408203125,71.84924866540423,71.32480159485384,71.58702513012904,26260800
2016-10-19,72.0240478515625,72.11145567662508,71.84923220143736,71.84923220143736,27580800
2016-10-20,72.98554992675781,72.98554992675781,72.28628717296851,72.37369501719218,32256000
2016-10-21,73.68480682373047,74.29666168466298,73.33517547462617,73.42258331190224,52168000
2016-10-24,73.59739685058594,74.29665952850124,73.50998901584653,74.20925169376183,24948800
2016-10-25,74.90851593017578,75.08333160329171,73.8596218914802,73.94702972803816,38992800
2016-10-26,74.82111358642578,75.08333711535018,74.296666528577,74.4714822145266,29145600
2016-10-27,74.64630126953125,75.52037973872952,74.29666988185195,75.08334050413038,29520000
2016-10-28,74.1218490600586,75.08333530965842,73.94703337831318,75.08333530965842,24276000
2016-10-31,74.55889129638672,74.55889129638672,73.07295794112461,74.03444422982362,24972000
2016-11-01,73.94702911376953,74.64629180042456,73.77221344210577,74.55888396459268,18731200
2016-11-02,72.19888305664062,73.77222433390398,72.19888305664062,73.42259293895657,41457600
2016-11-03,71.41221618652344,72.54851828006665,71.32480833317395,71.76184759992134,34136000
2016-11-04,71.67443084716797,72.1114700596507,71.32479947718178,71.32479947718178,20577600
2016-11-07,72.98554992675781,73.07295777098147,71.93665579607386,72.11147148452119,24022400
2016-11-08,72.54850769042969,73.42258609633848,72.19887632806616,73.33517825574759,16280800
2016-11-09,70.2759017944336,73.59739964043916,70.01367828027526,73.42258396433361,56207200
2016-11-10,71.23738861083984,72.0240591599166,71.23738861083984,72.0240591599166,38777600
2016-11-11,69.05220031738281,70.18850234792203,69.05220031738281,69.4892395598979,58423200
2016-11-14,69.05220031738281,69.57664740840092,68.70256892337075,69.4892395598979,36716800
2016-11-15,69.05220031738281,69.75146310540694,68.78997677187377,68.78997677187377,27116800
2016-11-16,69.05220031738281,69.83887095390996,69.05220031738281,69.40183171139488,29344000
2016-11-17,70.45071411132812,70.45071411132812,69.31441227082283,69.75145144024795,25460800
2016-11-18,70.71294403076172,71.06257539803372,69.75145777076372,70.45072050530771,25700000
2016-11-21,70.71294403076172,70.88775971439772,70.36331266348972,70.71294403076172,11456000
2016-11-22,70.97515869140625,71.41219784590997,70.80034302960475,71.062566522307,22863200
2016-11-23,71.67443084716797,71.9366543746576,71.41220731967833,71.49961516217488,21122400
2016-11-24,70.88776397705078,71.41221105949505,70.88776397705078,71.23739536534696,13032000
2016-11-25,70.36331176757812,70.80035097110346,70.27590392687306,70.71294313039839,12829600
2016-11-28,71.06257629394531,71.1499841368653,70.53812923642542,71.1499841368653,12159200
2016-11-29,71.67443084716797,72.37369358714034,71.32479947718178,71.67443084716797,33350400
2016-11-30,71.67443084716797,72.46110142963688,71.06257594969215,71.84924653216106,39804800
2016-12-01,72.0240478515625,72.28627132675024,71.41219307612448,72.28627132675024,20602400
2016-12-02,71.41221618652344,71.58703189322239,71.06258477312552,71.23740047982447,21929600
2016-12-05,71.06257629394531,71.5870233514652,70.88776060810535,71.32479982270526,12609600
2016-12-06,71.93666076660156,72.02406861686475,71.58702936554882,71.7618450660752,23692800
2016-12-07,72.63591003417969,72.89813353610813,72.37368653225124,72.72331786815585,29590400
2016-12-08,74.1218490600586,74.1218490600586,73.16036281045878,73.42258633307692,66282400
2016-12-09,74.29666900634766,74.82111608168658,74.03444546867819,74.73370823579675,38017600
2016-12-12,72.89813995361328,74.20925757867826,72.81073211194227,73.85962621199427,28222400
2016-12-13,73.77222442626953,73.77222442626953,73.0729616354992,73.42259303088436,29092800
2016-12-14,73.16036224365234,74.29666416619413,73.16036224365234,74.20925632599861,23992800
2016-12-15,73.59739685058594,73.68480468532535,72.98554200741005,72.98554200741005,26461600
2016-12-16,73.07295227050781,73.85962280930514,73.07295227050781,73.33517578344025,28439200
2016-12-19,72.37369537353516,73.16036597542141,72.37369537353516,72.98555028611335,19383200
2016-12-20,73.16036224365234,73.24777008384787,72.54850736228369,72.9855465632613,18797600
2016-12-21,72.81072998046875,73.59740053247862,72.81072998046875,73.50999269336641,26215200
2016-12-22,72.37369537353516,73.07295813076738,72.28628752888113,73.07295813076738,22352800
2016-12-23,72.28628540039062,72.98554813703285,72.19887755831034,72.28628540039062,17437600
2016-12-26,72.81072998046875,72.81072998046875,72.37369078490771,72.37369078490771,6453600
2016-12-27,72.98554992675781,73.07295777098147,72.5485107056395,72.98554992675781,6774400
2016-12-28,73.4225845336914,73.4225845336914,72.63591398511615,72.63591398511615,12551200
2016-12-29,73.07295227050781,73.68480713401685,72.63591308228708,72.63591308228708,18927200
2016-12-30,73.59739685058594,73.77221252006477,73.4225811811071,73.59739685058594,17240800
2017-01-03,73.68480682373047,73.68480682373047,73.16035980007402,73.16035980007402,12211200
2017-01-04,73.59739685058594,73.94702818954359,73.59739685058594,73.68480468532535,18880800
2017-01-05,73.4225845336914,73.85962372734433,73.24776885623024,73.77221588861374,20177600
2017-01-06,73.24777221679688,73.85962711598252,73.24777221679688,73.85962711598252,17562400
2017-01-09,72.98554992675781,73.68481268054711,72.98554992675781,73.50999699209979,12941600
2017-01-10,73.4225845336914,73.50999237242199,73.07295317876907,73.33517669496082,12666400
2017-01-11,73.59739685058594,73.77221252006477,72.89813417267064,73.77221252006477,21523200
2017-01-12,73.68480682373047,73.77221466100654,73.07295196279794,73.5973989864544,22327200
2017-01-13,73.59739685058594,73.77221252006477,73.3351733463677,73.68480468532535,18072800
2017-01-16,72.98554992675781,73.42258914787612,72.98554992675781,73.42258914787612,12912000
2017-01-17,73.4225845336914,73.4225845336914,72.98554534003848,73.24776885623024,11548800
2017-01-18,72.81072998046875,73.50999269336641,72.81072998046875,73.4225848542542,15167200
2017-01-19,72.98554992675781,73.2477734594288,72.5485107056395,72.81073423831049,16925600
2017-01-20,72.89813995361328,73.42258700363926,72.89813995361328,73.42258700363926,13575200
2017-01-23,73.4225845336914,73.4225845336914,72.8981375013079,72.98554534003848,22187200
2017-01-24,73.16036224365234,73.42258576423892,73.07295440345682,73.07295440345682,20211200
2017-02-02,73.51000213623047,74.908527741676,72.72333148316736,74.908527741676,57068800
2017-02-03,73.16036224365234,73.50999360443444,72.9855465632613,73.24777008384787,27493600
2017-02-06,74.29666900634766,74.29666900634766,73.42259054744945,73.59740623922909,35532800
2017-02-07,74.99592590332031,74.99592590332031,73.9470318347424,74.73370238617584,45394400
2017-02-08,76.48185729980469,76.48185729980469,74.99592407226562,75.17073974609374,77283200
2017-02-09,77.70556640625,77.70556640625,76.65667237151996,76.91889588020247,75760800
2017-02-10,77.8803939819336,78.49224892904195,77.35594688441216,77.7929861323467,64649600
2017-02-13,78.57965087890625,78.57965087890625,77.61816460563821,78.14261166378442,42320000
2017-02-14,78.66705322265625,79.27890808105468,78.317421875,79.19150024414063,59132000
2017-02-15,79.45372772216797,79.54113556344647,78.75446499193987,79.10409635705392,59834400
2017-02-16,79.54114532470703,80.24040814074841,78.6670668046553,79.9781845847329,38084800
2017-02-17,78.66705322265625,79.4537237548828,78.66705322265625,79.01668457031249,23855200
2017-02-20,78.75447082519531,78.84187867294803,78.49224728193717,78.6670629774426,21981600
2017-02-21,79.10409545898438,79.54113466041522,78.49224057698117,79.54113466041522,27548000
2017-02-22,79.10409545898438,79.45372682012905,78.66705625755351,79.27891113955671,22290400
2017-02-23,78.92928314208984,79.27891451813453,78.49224392203396,78.49224392203396,25191200
2017-02-24,78.23001861572266,78.92928135195258,78.23001861572266,78.49224214180887,25395200
2017-03-01,77.79297637939453,79.016686120194,77.79297637939453,79.016686120194,24343200
2017-03-02,78.31742858886719,78.92928349971771,77.61816583360944,78.75446781090328,27184800
2017-03-03,77.61815643310547,78.40482693749506,77.44334076546335,78.40482693749506,23934400
2017-03-06,78.57965087890625,78.57965087890625,77.3559410765651,77.61816460563821,14743200
2017-03-07,79.10409545898438,79.27891113955671,78.31742489640884,78.57964841726735,24118400
2017-03-08,79.27891540527344,79.54113894024127,78.75446833533778,79.36632325026271,26876800
2017-03-09,78.05520629882812,78.92928475682172,78.05520629882812,78.84187691102237,27268800
2017-03-10,78.57965087890625,78.66705872193062,76.91890186144327,77.70557244866258,30039200
2017-03-13,78.66705322265625,78.84186889648437,78.23001403808593,78.84186889648437,12253600
2017-03-14,78.66705322265625,79.10409240722656,78.57964538574218,78.66705322265625,16468000
2017-03-15,78.75447082519531,79.01669436845346,78.40483943418445,78.57965512968988,14074400
2017-03-16,79.45372772216797,79.89076692856052,79.0166885157754,79.10409635705392,31026400
2017-03-17,79.89076232910156,79.89076232910156,79.54113098411644,79.80335449285529,37206400
2017-03-20,79.80335998535156,79.89076782761371,79.45372861630293,79.80335998535156,13362400
2017-03-21,79.9781723022461,80.24039581799117,79.80335662508271,79.80335662508271,23687200
2017-03-22,79.9781723022461,79.9781723022461,79.1040939164292,79.36631743217427,19390400
2017-03-23,79.80335998535156,80.1529913544002,79.36632077404076,80.1529913544002,13385600
2017-03-24,79.19149780273438,79.54112913961178,79.10408996851501,79.10408996851501,15688800
2017-03-27,79.10409545898438,79.54113466041522,78.49224057698117,78.66705625755351,18606400
2017-03-28,79.71595764160156,79.8033654898928,79.1915105518542,79.45373409672787,21665600
2017-03-29,79.9781723022461,80.24039581799117,79.54113310933765,80.15298797940947,18705600
2017-03-30,79.89076232910156,80.06557800159413,79.715946656609,79.97817016534785,14864800
2017-03-31,79.54114532470703,80.06559243673807,79.54114532470703,79.89077673272773,21751200
2017-04-05,85.65968322753906,86.00931458765146,83.56189506686464,83.91152642697703,136405600
2017-04-06,85.0478286743164,86.18413059905035,84.52338163213152,85.83449923759375,51088000
2017-04-07,83.9989242553711,85.39744952913378,83.21225378887958,84.78559472186261,50523200
2017-04-10,84.34856414794922,84.34856414794922,83.56189360149166,83.9115249554728,29796000
2017-04-11,84.69819641113281,85.31005128716782,84.34856505339852,84.69819641113281,36963200
2017-04-12,85.0478286743164,85.13523651468056,84.43597379176737,85.13523651468056,32064800
2017-04-13,86.09671783447266,86.79598051739222,85.22263948082318,85.39745515155307,49123200
2017-04-14,84.52338409423828,85.48487036625133,84.52338409423828,85.39746252334106,28532000
2017-04-17,85.0478286743164,85.0478286743164,83.56189538812589,84.52338163213152,22817600
2017-04-18,84.78559875488281,85.65967709256202,84.61078308734697,85.5722692587941,12048800
2017-04-19,83.7367172241211,84.34857215164598,83.7367172241211,84.34857215164598,24576000
2017-04-20,83.91152954101562,84.0863452275594,83.47449032465616,83.91152954101562,20187200
2017-04-21,84.34856414794922,84.61078766343508,84.08634063246336,84.08634063246336,11651200
2017-04-24,84.78559875488281,85.39745359125826,84.34855958604321,85.39745359125826,12256000
2017-04-25,85.572265625,85.572265625,84.87300298455057,85.39744996488764,27880800
2017-04-26,85.83448791503906,86.27152705920932,85.65967225737096,86.27152705920932,31615200
2017-04-27,85.92190551757812,86.09672119513169,85.57227416247099,85.92190551757812,21342400
2017-04-28,86.35893249511719,86.97078728000163,85.6596698838207,86.096709015881,37555200
2017-05-02,87.40784454345703,87.84488376617432,87.23302885437012,87.23302885437012,47229600
2017-05-03,87.84487915039062,88.718957549897,87.40783995063742,87.40783995063742,34082400
2017-05-04,87.84487915039062,88.28191835014381,87.40783995063742,87.84487915039062,21939200
2017-05-05,87.40784454345703,88.2819229888916,87.40784454345703,87.40784454345703,17613600
2017-05-08,88.28191375732422,88.71895293434068,87.4078354032913,88.28191375732422,16781600
2017-05-09,90.90415954589844,92.21527723165659,88.71896340296819,89.15600263155424,84645600
2017-05-10,90.90415954589844,92.21527723165659,90.03008108872633,92.21527723165659,35706400
2017-05-11,90.90415954589844,90.90415954589844,90.03008108872633,90.90415954589844,31622400
2017-05-12,89.5930404663086,91.77823657524296,89.15600124452172,90.9041581316692,47000000
2017-05-15,90.90415954589844,91.3411987744845,89.59304186014029,90.03008108872633,26138400
2017-05-16,90.46710968017578,90.90414885737471,89.59303132577794,90.90414885737471,27899200
2017-05-17,90.03006744384766,90.46710660619642,89.1559891191501,90.03006744384766,22278400
2017-05-18,89.15599822998047,89.15599822998047,87.84488060895134,88.28191981596105,38740000
2017-05-19,88.71896362304688,89.59304208238724,88.71896362304688,89.15600285271707,14604000
2017-05-22,89.5930404663086,89.5930404663086,89.15600124452172,89.5930404663086,15540800
2017-05-23,90.90415954589844,91.3411987744845,89.59304186014029,90.03008108872633,38082400
2017-05-24,90.90415954589844,91.3411987744845,90.46712031731239,90.46712031731239,16996000
2017-05-25,91.77823638916016,91.77823638916016,90.90415794735863,91.3411971682594,23301600
2017-05-26,91.34119415283203,91.34119415283202,90.90415494635914,90.90415494635914,25361600
2017-05-31,90.03006744384766,90.9041457685452,90.03006744384766,90.46710660619642,31111200
2017-06-01,91.34119415283203,91.34119415283202,90.03007653341338,90.46711573988627,21784000
2017-06-02,92.21527862548828,92.21527862548828,91.3412001551045,91.77823939029639,25496000
2017-06-05,92.21527862548828,92.65231786068017,91.77823939029639,91.77823939029639,23156000
2017-06-06,91.77823638916016,92.21527561006091,91.77823638916016,92.21527561006091,16924800
2017-06-07,91.77823638916016,92.21527561006091,91.3411971682594,91.77823638916016,18737600
2017-06-08,91.77823638916016,92.21527561006091,91.3411971682594,91.77823638916016,12027200
2017-06-09,91.77823638916016,92.65231483096169,91.77823638916016,91.77823638916016,27054400
2017-06-12,89.15599822998047,90.4671158510096,89.15599822998047,90.03007664399988,39863200
2017-06-13,89.15599822998047,89.59303743699017,88.28191981596105,88.28191981596105,33906400
2017-06-14,89.15599822998047,90.03007664399988,88.28191981596105,89.59303743699017,31945600
2017-06-15,89.5930404663086,90.03007968809547,89.15600124452172,89.5930404663086,17867200
2017-06-16,91.77823638916016,91.77823638916016,89.59304028465634,89.59304028465634,44288000
2017-06-19,95.71157836914062,96.14861753977597,92.65230417469321,92.65230417469321,73120800
2017-06-20,100.08197784423828,100.51901704879828,97.45974261687833,97.45974261687833,72144800
2017-06-21,98.7708511352539,99.64492946388447,97.89677280662333,99.20789029956919,55670400
2017-06-22,98.33381652832031,100.08197326660155,97.89677734374999,98.77085571289062,46712000
2017-06-23,98.33381652832031,99.64493408203124,98.33381652832031,98.77085571289062,30157600
2017-06-26,104.889404296875,105.76348266601562,98.77085571289062,99.20789489746093,110709600
2017-06-27,106.20052337646484,107.07460175816415,104.0153274222166,104.0153274222166,66268000
2017-06-28,103.14126586914062,105.76350144208487,103.14126586914061,104.88942291777012,74916800
2017-06-29,104.01533508300781,104.88941352908351,103.57829585996997,104.45237430604566,38654400
2017-06-30,102.26718139648438,103.1412598699586,101.39310292301015,102.7042206332215,54297600
2017-07-03,101.83013916015625,103.14125683174623,101.39309993629291,101.39309993629291,38040800
2017-07-04,98.7708511352539,102.26716444977616,98.77085113525389,101.83012528546088,52203200
2017-07-05,101.39311218261719,101.3931121826172,98.77087652272192,99.20791579937114,46241600
2017-07-06,100.9560546875,100.9560546875,99.64493709415584,100.9560546875,24748800
2017-07-07,100.08197784423828,100.51901704879828,99.6449386396783,100.08197784423828,26055200
2017-07-10,100.9560546875,101.39309388528139,100.08197629193722,100.51901548971861,35942400
2017-07-11,103.57829284667969,103.57829284667969,101.83013600538551,102.26717521570906,57205600
2017-07-12,103.57829284667969,104.45237126732678,103.14125363635614,103.57829284667969,71653600
2017-07-13,104.94116973876953,105.39546051685943,104.48687896067962,104.94116973876953,66203200
2017-07-14,104.94116973876953,105.39546051685943,104.48687896067962,105.39546051685943,28316800
2017-07-17,104.94116973876953,105.39546051685943,104.48687896067962,105.39546051685943,28311200
2017-07-18,106.30403900146484,106.30403900146484,104.48687594161075,104.94116670657428,27570400
2017-07-19,106.30403900146484,107.2126205313919,106.30403900146484,106.75832976642837,23513600
2017-07-20,105.84974670410156,107.66690973764837,105.84974670410155,107.21261897926166,27615200
2017-07-21,104.48686218261719,105.84973429804263,104.03257147747537,105.84973429804263,26162400
2017-07-24,105.39544677734375,105.39544677734375,103.5782839018723,104.03257462074016,22971200
2017-07-25,106.30403900146484,106.75832976642837,105.3954574715378,105.84974823650133,31085600
2017-07-26,104.94116973876953,106.75833285112917,104.94116973876953,106.75833285112917,22193600
2017-07-27,106.75833892822266,107.66692053612242,106.30404812427277,106.30404812427277,38150400
2017-07-28,106.75833892822266,107.21262973217254,105.8497573203229,106.75833892822266,22028000
2017-07-31,106.75833892822266,106.75833892822266,105.8497573203229,105.8497573203229,20868800
2017-08-01,105.84974670410156,106.75832822087496,105.84974670410155,105.84974670410155,19419200
2017-08-02,107.66690063476562,108.57548207472145,106.75831919480979,107.66690063476561,32477600
2017-08-03,108.1212158203125,108.1212158203125,106.75834335198923,106.75834335198923,26162400
2017-08-04,108.57548522949219,108.57548522949219,107.6669037631366,108.12119449631439,17000800
2017-08-07,110.39265441894531,110.846945177871,108.57549138324251,108.57549138324251,44245600
2017-08-08,109.9383544921875,111.3012266553138,108.57548232906122,110.8469359342717,28544000
2017-08-09,107.21260833740234,109.48406190387273,106.75831762410827,108.57548047728457,37831200
2017-08-10,105.39544677734375,107.21260965281519,104.48686533960803,107.21260965281519,38383200
2017-08-11,105.84974670410156,106.30403746248825,104.03258367055474,104.03258367055474,32952800
2017-08-14,103.57829284667969,105.84974663717705,103.57829284667969,105.84974663717705,36312000
2017-08-15,104.94116973876953,105.39546051685943,104.0325881825897,104.94116973876953,18913600
2017-08-16,104.48686218261719,105.39544359290082,104.03257147747537,104.48686218261719,23023200
2017-08-17,105.39544677734375,105.39544677734375,104.48686533960803,104.48686533960803,14277600
2017-08-18,104.94116973876953,105.39546051685943,103.57829740449979,104.0325881825897,19631200
2017-08-21,104.48686218261719,104.48686218261719,103.57828077233356,104.03257147747537,15009457
2017-08-22,104.48686218261719,105.39544359290082,104.48686218261719,104.941152887759,15093292
2017-08-23,104.48686218261719,105.84973429804263,104.48686218261719,104.941152887759,23156169
2017-08-24,105.39544677734375,105.39544677734375,104.48686533960803,104.48686533960803,22284870
2017-08-25,105.39544677734375,105.8497374962116,104.94115605847588,105.39544677734375,16153437
2017-08-28,104.94116973876953,105.84975129494934,104.48687896067962,105.84975129494934,15911328
2017-08-29,104.94116973876953,104.94116973876953,104.48687896067962,104.48687896067962,13677401
2017-08-30,106.75833892822266,106.75833892822266,105.395466516373,105.395466516373,27287525
2017-08-31,106.75833892822266,108.1212113400723,106.30404812427277,107.66692053612242,26086370
2017-09-01,106.75833892822266,107.21262973217254,106.30404812427277,106.30404812427277,13946593
2017-09-04,105.84974670410156,106.75832822087496,105.39545594571486,105.84974670410155,15301080
2017-09-05,105.84974670410156,106.30403746248825,104.94116518732815,105.84974670410155,16834324
2017-09-06,104.94116973876953,105.84975129494934,104.48687896067962,105.39546051685943,18233355
2017-09-07,104.94116973876953,105.84975129494934,104.48687896067962,104.94116973876953,20293124
2017-09-08,106.30403900146484,106.75832976642837,104.94116670657428,105.3954574715378,31735848
2017-09-11,105.39544677734375,107.21260965281519,104.94115605847588,106.75831893394732,16836020
2017-09-12,106.30403900146484,106.75832976642837,105.3954574715378,106.30403900146484,15294554
2017-09-13,104.94116973876953,106.75833285112917,104.94116973876953,105.84975129494934,19660940
2017-09-14,104.03257751464844,104.94115897765846,103.57828678314343,104.94115897765846,24419361
2017-09-15,104.48686218261719,104.48686218261719,103.57828077233356,103.57828077233356,38257807
2017-09-18,103.57829284667969,104.48687436287864,102.66971133048075,103.57829284667969,37218988
2017-09-19,99.9439697265625,103.57829589843749,99.94396972656249,103.12400512695312,78688935
2017-09-20,96.76393127441406,99.94396657451219,96.76393127441406,99.03538506019844,76690285
2017-09-21,100.85255432128906,101.76113589175114,95.40106489851668,95.85535568374772,81538097
2017-09-22,98.12679290771484,99.9439557393392,98.12679290771484,99.03537432352702,46907149
2017-09-25,95.40106201171875,97.21822509765624,95.40106201171875,97.21822509765624,55251560
2017-09-26,94.03817749023438,96.30963105280041,93.58388677772116,94.49246820274757,57276045
2017-09-27,95.40106201171875,95.85535278320312,94.94677124023437,95.40106201171875,29824445
2017-09-28,94.94676971435547,96.30964200690603,94.49247895017196,96.30964200690603,27778607
2017-09-29,95.40106201171875,95.85535278320312,94.03818969726562,94.94677124023437,26809956
2017-10-02,97.21820068359375,98.1267819983937,97.21820068359375,98.1267819983937,19701888
2017-10-03,96.30963134765625,98.12679420327241,96.30963134765625,97.67250348936837,20696517
2017-10-05,96.30963134765625,97.21821277546432,95.40104991984818,96.7639220615603,17618489
2017-10-06,96.76393127441406,97.21822203157095,96.3096405172572,96.76393127441406,16187235
2017-10-11,97.21820068359375,99.03536331319364,97.21820068359375,97.67249134099373,34528264
2017-10-12,98.12679290771484,99.03537432352702,97.67250219980876,98.58108361562094,33491009
2017-10-13,98.12679290771484,98.12679290771484,97.21821149190268,98.12679290771484,20761135
2017-10-16,99.48967742919922,99.94396819371612,98.12680513564855,99.03538666468233,27626600
2017-10-17,100.39824676513672,100.85253747448122,99.4896653464477,100.85253747448122,30423870
2017-10-18,101.30682373046875,101.76111441984305,99.94395166234585,101.30682373046875,28483260
2017-10-19,102.6697006225586,103.12399133327789,101.30682849040073,101.76111920112002,35477216
2017-10-20,101.76112365722656,102.6697051184518,100.85254219600132,101.76112365722656,22824491
2017-10-23,99.48967742919922,102.66971278081746,99.03538666468233,102.21542201630058,24910742
2017-10-24,99.48967742919922,101.30684048726678,99.03538666468233,99.94396819371612,22281280
2017-10-25,100.85255432128906,101.3068451065201,99.943972750827,100.85255432128906,23759273
2017-10-26,100.39824676513672,101.30682818382574,99.94395605579221,99.94395605579221,15306231
2017-10-27,99.9439697265625,101.7611328125,99.94396972656249,101.30684204101561,17042426
2017-10-30,101.30682373046875,103.57827717734025,101.30682373046875,102.66969579859165,31308972
2017-10-31,101.76112365722656,102.6697051184518,101.30683292661394,102.21541438783917,26279280
2017-11-01,101.76112365722656,102.6697051184518,101.30683292661394,102.21541438783917,14769348
2017-11-02,102.21541595458984,102.6697066921658,101.30683447943794,101.30683447943794,18983760
2017-11-03,102.6697006225586,104.03257275471645,102.21540991183932,102.6697006225586,27078292
2017-11-06,102.6697006225586,104.03257275471645,102.6697006225586,104.03257275471645,18333577
2017-11-07,101.76112365722656,103.57828657967704,101.76112365722656,103.57828657967704,23281745
2017-11-08,100.85255432128906,102.6697174622132,100.85255432128906,102.21542667698216,19755462
2017-11-09,98.58109283447266,101.30683733680831,98.58109283447266,100.85254658641904,32817122
2017-11-10,97.6725082397461,98.1267989757449,96.30963603174963,96.76392676774844,41587261
2017-11-13,97.21820068359375,98.1267819983937,96.76391002619378,97.67249134099373,18165258
2017-11-14,96.30963134765625,98.12679420327241,96.30963134765625,98.12679420327241,21459256
2017-11-15,93.58389282226562,94.9467650478326,93.58389282226562,93.58389282226562,101843079
2017-11-16,94.49246978759766,94.94676050773033,93.12959762719962,93.12959762719962,38108822
2017-11-17,95.85533905029297,96.76392046309196,95.85533905029297,95.85533905029297,41734323
2017-11-20,94.49246978759766,95.8553419479957,94.49246978759766,95.8553419479957,28008576
2017-11-21,94.49246978759766,95.40105122786302,94.49246978759766,94.94676050773033,27096074
2017-11-22,94.49246978759766,95.40105122786302,94.49246978759766,94.49246978759766,38166224
2017-11-23,96.30963134765625,96.30963134765625,94.49246849204009,94.49246849204009,23787433
2017-11-24,94.94676971435547,96.30964200690603,94.94676971435547,95.401060478539,18577474
2017-11-27,93.58389282226562,95.40105578968827,93.58389282226562,94.9467650478326,28941272
2017-11-28,93.12960052490234,94.03818199343797,92.67530979063453,93.58389125917016,30452490
2017-11-29,93.58389282226562,94.03818356412128,93.12960208040997,93.58389282226562,22903472
2017-11-30,90.85814666748047,93.12960033416749,90.85814666748047,92.67530960083009,62907407
2017-12-01,90.0404281616211,91.31244228297598,89.04098849484225,90.85815152534923,64978731
2017-12-04,89.9495620727539,90.2221365032774,89.04098063767557,89.49527135521474,34610309
2017-12-05,86.86039733886719,88.95013493174788,86.76953918265498,88.85927677553568,72680292
2017-12-06,84.49807739257812,85.86094960858745,84.49807739257812,84.9523681312479,79105411
2017-12-07,85.04322814941406,85.67923519754002,84.49807925102039,85.04322814941406,32224522
2017-12-08,85.04322814941406,85.67923519754002,84.04378850235899,84.67979555048494,35866224
2017-12-11,87.22382354736328,88.40497949123383,86.86039094924926,86.95124909877778,58107936
2017-12-12,85.49752044677734,87.22382532296093,85.40666229539926,87.22382532296093,40238058
2017-12-13,85.13408660888672,85.4975192091381,84.77065400863533,84.95237030876103,28883102
2017-12-14,86.22438049316406,86.76952936877943,85.49751532567691,85.49751532567691,24604468
2017-12-15,84.9523696899414,85.95180933335249,84.9523696899414,85.86095118395147,39601120
2017-12-18,85.04322814941406,85.86095149700459,85.04322814941406,85.86095149700459,14639564
2017-12-19,82.86263275146484,84.95237020024082,82.86263275146484,84.58893760045369,54779119
2017-12-20,84.22550964355469,84.22550964355469,82.22663023453829,82.22663023453829,31603269
2017-12-21,83.86207580566406,84.58894103474891,83.86207580566406,84.4980828811133,16644092
2017-12-22,84.40721893310547,84.40721893310547,83.95292819611352,84.40721893310547,13790736
2017-12-25,83.68035125732422,84.67979084888835,83.68035125732422,84.49807455951304,10057026
2017-12-26,82.86263275146484,83.68035610098588,82.22662570183736,83.58949795103909,21318608
2017-12-27,83.77120208740234,83.77120208740234,83.13519513012271,83.31691140363118,16988185
2017-12-28,85.67923736572266,86.04266997384873,84.40722323728139,84.67979769337595,32023332
2017-12-29,86.49695587158203,86.58781401850597,85.95180699003845,86.04266513696238,30136152
2018-01-02,86.31524658203125,86.95125366210937,85.67923950195312,86.67867919921875,22881852
2018-01-03,85.40665435791016,86.58781021605147,85.40665435791016,86.31523578724963,45193668
2018-01-04,84.1346435546875,85.31579945772307,84.04378540830015,85.04322501856102,43005120
2018-01-05,84.49807739257812,84.49807739257812,83.22606332430274,83.86207035844043,46881719
2018-01-08,83.40777587890625,84.13464102817777,83.3169177352473,83.86206659720094,37241359
2018-01-09,83.40777587890625,84.13464102817777,83.40777587890625,84.04378288451882,28794744
2018-01-10,82.49920654296875,83.13521364186829,82.31749022899746,82.86263917091135,44799220
2018-01-11,83.04434967041016,84.04378932727505,82.59005891728975,82.862633369162,53367584
2018-01-12,83.40777587890625,83.95292474085988,83.13520144792943,83.22605959158837,39188554
2018-01-15,84.77064514160156,84.77064514160156,83.95292187657004,84.22549629824721,33625388
2018-01-16,84.86150360107422,85.13407802377574,84.49807103747219,85.04321988287523,30658992
2018-01-17,84.86150360107422,84.95236174197473,84.13463847387015,84.31635475567117,29810764
2018-01-18,85.2249526977539,86.13353428301781,85.2249526977539,85.49752717333308,45076660
2018-01-19,88.04154968261719,88.04154968261719,85.40666326280719,85.40666326280719,81146340
2018-01-22,87.76896667480469,88.49583182325027,87.3146759570262,88.31411553613887,48936155
2018-01-23,88.04154968261719,88.04154968261719,86.76953554891581,87.22382631095202,40183920
2018-01-24,87.13296508789062,87.95068843073841,87.04210693868532,87.95068843073841,33666931
2018-01-25,86.67867279052734,87.6781124138982,86.496956495369,86.496956495369,45482758
2018-01-26,86.67867279052734,87.31467982358153,86.31524020021067,86.496956495369,36345607
2018-01-29,86.04267120361328,86.95125273691437,85.86095489695306,86.67867827692405,36652064
2018-01-30,85.04322814941406,86.2243840959337,85.04322814941406,85.58837704780775,30687018
2018-01-31,83.77120208740234,84.4980671814362,83.68034395064811,83.68034395064811,45494523
2018-02-01,84.9523696899414,86.1335256321545,84.13464634533234,84.13464634533234,32636135
2018-02-02,86.49695587158203,86.6786721654299,85.13408366772308,85.22494181464701,38378352
2018-02-05,84.31636047363281,84.95236750306753,84.04378603244649,84.04378603244649,41691148
2018-02-06,81.04547119140625,82.8626342226037,80.04603152424765,82.31748531324446,115028511
2018-02-07,81.77233123779297,82.95348713344997,81.77233123779297,82.95348713344997,57614000
2018-02-08,80.86375427246094,82.135768384612,80.86375427246094,81.77233578114027,32129717
2018-02-09,79.50088500976562,79.95517578124999,78.22887084960936,78.22887084960936,52131912
2018-02-12,79.59173583984375,80.5003172992027,79.59173583984375,79.68259398577965,50114208
2018-02-21,80.13688659667969,80.86375178123006,80.13688659667969,80.13688659667969,48363564
2018-02-22,79.86431121826172,80.31860195329165,79.59173677724377,79.77345307125573,36470657
2018-02-23,80.77288055419922,81.49974562105366,80.04601548734479,80.04601548734479,28335270
2018-02-26,80.68203735351562,81.59061885524441,80.68203735351562,80.86375365386138,29605201
2018-02-27,80.04603576660156,81.49976626860568,80.04603576660156,81.31804995585516,33272484
2018-03-01,79.86431121826172,80.22774380628566,79.50087863023778,79.77345307125573,33659192
2018-03-02,79.77345275878906,79.77345275878906,79.04658758558824,79.22830387888845,22400442
2018-03-05,79.04659271240234,80.04603239037525,79.04659271240234,79.68259978020329,24459339
2018-03-06,80.13688659667969,80.68203548509247,79.7734540044045,80.22774474474848,26357216
2018-03-07,80.40946197509766,81.86319236108811,80.22774567684884,80.50032012422206,35345312
2018-03-08,81.22718811035156,81.68147887159513,80.50032289236184,81.22718811035156,26757752
2018-03-09,83.49864196777344,83.86207457699116,82.04491153090251,82.68091859703354,69289441
2018-03-12,85.67923736572266,85.8609536697857,84.67979769337595,85.31580475759658,70991384
2018-03-13,86.49695587158203,87.67811178159313,86.13352328388632,86.31523957773418,67622579
2018-03-14,84.77064514160156,85.77008468775121,84.77064514160156,85.49751026607403,39863255
2018-03-15,84.86150360107422,86.04265943278082,83.86206405116863,84.31635475567117,33302965
2018-03-16,84.31636047363281,85.49751638544016,84.31636047363281,85.49751638544016,56741066
2018-03-19,84.40721893310547,84.95236781749583,83.95292819611352,84.1346444909103,23801912
2018-03-20,84.1346435546875,84.40721799384956,83.95292726191279,84.22550170107485,22325342
2018-03-21,83.95293426513672,84.4072250349697,83.77121795720352,83.77121795720352,22562171
2018-03-22,84.31636047363281,84.86150935600544,83.9529278853844,84.49807676775701,20038540
2018-03-23,82.13575744628906,83.22605511150529,82.13575744628906,82.68090627889718,46356075
2018-03-26,81.95405578613281,82.04491394110636,81.49976501126511,81.49976501126511,25844068
2018-03-27,82.86263275146484,83.13520720130519,82.40834200173093,82.68091645157128,24066772
2018-03-28,81.86318969726562,82.59005486660871,81.86318969726562,82.59005486660871,18466060
2018-03-29,81.77233123779297,82.31748011271158,81.49975680033366,81.77233123779297,24322749
2018-03-30,83.04434967041016,83.86207302602689,82.59005891728975,82.59005891728975,27591300
2018-04-02,80.04603576660156,81.22719179947991,79.50088682835002,80.4094683921026,43630381
2018-04-03,79.22830963134766,79.50088409108854,78.95573517160679,79.1374514781007,47449579
2018-04-09,79.41001892089844,79.95516779220895,78.59229561393266,78.68315375915108,45704560
2018-04-10,79.04659271240234,79.5008834751173,78.86487640731636,78.86487640731636,28664449
2018-04-11,79.31915283203125,80.7728830099379,79.31915283203125,79.68258537650792,32021274
2018-04-12,78.8648681640625,79.5008751653856,78.8648681640625,79.13744259320097,31028807
2018-04-13,79.04659271240234,79.31916717003132,78.95573455985935,79.04659271240234,20973101
2018-04-16,79.59173583984375,79.95516842358734,78.8648706723566,79.13744511016428,20499824
2018-04-17,78.59230041503906,79.31916562118971,78.59230041503906,79.22830747042089,32989891
2018-04-18,77.04771423339844,79.0465936120951,77.04771423339844,78.6831609977866,59271556
2018-04-19,77.22942352294922,77.77457239487592,75.32140247120577,76.32084206973805,55835633
2018-04-20,76.32084655761719,76.68427916027251,75.86655580429805,76.13913025628953,25127452
2018-04-23,75.41226959228516,76.2299929975027,75.41226959228516,75.95741852909686,36170394
2018-04-24,73.2316665649414,74.8671132127937,73.04995027073561,74.77625506569079,57563292
2018-04-25,73.0499496459961,73.23166593864784,72.23222632906331,72.59565891436677,40303204
2018-04-26,73.2316665649414,74.50368062438208,73.1408084178385,74.04938988886755,30636437
2018-04-27,74.04938507080078,74.04938507080078,73.41337808246261,73.95852692960962,22250115
2018-04-30,75.3214111328125,75.41226928858188,74.04939695204123,74.68540404242687,23957750
2018-05-02,74.32196807861328,75.95741480894951,74.23110992692793,75.68484035389348,29409952
2018-05-03,72.77737426757812,73.41338128364934,72.77737426757812,72.95909055788418,39636875
2018-05-04,73.0499496459961,73.50424037762542,72.7773752070185,72.7773752070185,20085507
2018-05-07,74.14025115966797,74.50368376339183,73.23166965035831,74.049393008737,20344311
2018-05-08,75.04883575439453,75.04883575439453,73.86767974373215,73.86767974373215,22615792
2018-05-09,74.32196807861328,75.50312405052279,74.32196807861328,74.32196807861328,24552268
2018-05-10,75.3214111328125,75.41226928858188,74.5945458866575,74.77626219819625,20409381
2018-05-11,77.22942352294922,77.22942352294922,75.95740948845359,76.41170021505917,37859652
2018-05-14,80.86375427246094,82.135768384612,79.6825983111778,82.135768384612,102619870
2018-05-15,78.13800811767578,80.86375258689704,78.13800811767578,80.86375258689704,58190856
2018-05-16,76.8659896850586,78.04714555492356,76.41169896587975,77.77457112341625,44038651
2018-05-17,76.5025634765625,77.7745775961253,76.5025634765625,77.04771238494656,22673220
2018-05-18,76.22998809814453,77.22942775139792,76.22998809814453,76.68427884962335,19150012
2018-05-21,77.22942352294922,77.68371424955481,76.68427465102252,76.68427465102252,19199119
2018-05-22,76.32084655761719,77.59286066691081,76.32084655761719,77.32028621491932,19324308
2018-05-23,75.95741271972656,76.95685236077558,75.95741271972656,76.77513606240304,16045619
2018-05-24,76.41169738769531,76.68427181357293,75.86654853594005,75.86654853594005,18350489
2018-05-25,78.59230041503906,79.04659116888323,76.59342109812478,76.77513739966244,40522437
2018-05-28,80.68203735351562,80.7728955036885,79.77345585178685,80.13688845247836,51987603
2018-05-29,79.59173583984375,80.86374988294628,79.50087769390785,80.77289173701038,29795651
2018-05-30,79.41001892089844,80.04602593742737,78.59229561393266,78.59229561393266,31206329
2018-05-31,77.86543273925781,79.95517014066147,77.86543273925781,79.41002125333877,66653723
2018-06-01,78.68315887451172,79.04659147901292,78.2288681188852,78.3197262700105,16267238
2018-06-04,79.77345275878906,79.95516905208926,79.41002017218865,79.50087831883876,26681376
2018-06-05,80.04603576660156,80.4094683921026,79.50088682835002,79.95517761022631,25309133
2018-06-06,80.95460510253906,81.04546324519062,79.95516553337191,79.95516553337191,35721686
2018-06-07,82.86263275146484,82.86263275146484,81.136327902476,81.68147680215668,68589467
2018-06-08,80.22774505615234,83.49863839932503,79.95517061088796,82.95348950879625,79786823
2018-06-11,79.41001892089844,80.31860037308263,79.13744448524318,80.04602593742737,32047612
2018-06-12,79.68258666992188,80.13687735789179,79.13743784435799,79.31915411954596,32705860
2018-06-13,79.77345275878906,80.31860163868967,79.31916202553855,79.95516905208926,19736389
2018-06-14,77.68372344970703,79.31917025917456,77.68372344970703,78.86487947876691,50041681
2018-06-15,77.22942352294922,77.41113981359146,76.77513279634364,77.04770723230699,44029548
2018-06-19,75.41226959228516,76.50256746590856,75.41226959228516,75.95741852909686,52722952
2018-06-20,75.41226959228516,75.77570221682629,74.32197171866176,74.77626249933817,37314816
2018-06-21,75.13969421386719,75.86655945414643,75.13969421386719,75.4122686789719,23720154
2018-06-22,74.77625274658203,74.86711089086707,74.32196202515686,74.50367831372694,26679439
2018-06-25,74.04938507080078,74.68539205913895,74.04938507080078,74.59453391794779,28695423
2018-06-26,73.5950927734375,74.14024160879629,72.95908579885223,73.50423463421103,33393759
2018-06-27,73.5042495727539,74.04939851890536,73.5042495727539,73.68596588813773,26338176
2018-06-28,73.14081573486328,73.68596467201755,72.95909942247853,73.5042483596328,22453360
2018-06-29,75.59397888183594,75.59397888183594,73.59509963255663,73.68595778025114,31787527
2018-07-02,73.5950927734375,75.68482997564621,73.5950927734375,75.68482997564621,27297955
2018-07-03,73.32251739501953,74.23109877537912,73.1408011189476,73.68594994716337,19194058
2018-07-04,74.14025115966797,74.14025115966797,73.41338595222024,73.41338595222024,13962236
2018-07-05,73.77681732177734,74.32196621824367,73.59510102295523,74.23110806883263,13979266
2018-07-06,73.14081573486328,73.77682282820992,72.86824126628615,73.5042483596328,31423124
2018-07-09,73.41339111328125,74.14025637182858,73.32253295596283,73.95854005719175,15299233
2018-07-10,73.14081573486328,73.8676809844023,72.95909942247853,73.77682282820992,25041964
2018-07-11,74.14025115966797,74.50368376339183,73.23166965035831,73.23166965035831,29404060
2018-07-12,73.77681732177734,74.32196621824367,73.41338472413312,73.41338472413312,20967731
2018-07-13,75.3214111328125,75.3214111328125,74.23111326357999,74.23111326357999,28979532
2018-07-16,75.23053741455078,75.77568623639534,75.23053741455078,75.41225368849896,19780872
2018-07-17,75.3214111328125,75.86656006742875,74.957978509735,75.3214111328125,18204702
2018-07-18,76.41169738769531,76.68427181357293,75.77569039398084,76.13912296181768,37352167
2018-07-19,77.4111328125,77.4111328125,76.59340957856514,76.77512585277289,31130595
2018-07-20,77.50199890136719,77.95628963349714,76.50255929068133,77.68371519421916,31184604
2018-07-23,77.68372344970703,77.86543976187009,77.13857451321786,77.77458160578857,28538121
2018-07-24,77.4111328125,78.13799790933098,77.22941653829226,77.32027467539612,51556430
2018-07-25,76.94593048095703,77.41114166887093,76.6668037682087,77.03897271853981,30354254
2018-07-26,77.69026184082031,77.69026184082031,76.48071285407701,76.75983954332546,21443237
2018-07-27,77.41114044189453,77.87635162243475,77.22505596967844,77.50418267800258,19002229
2018-07-30,78.34156036376953,78.43460259698067,77.31809579844713,77.59722249808051,29675366
2018-07-31,77.96939849853516,78.15548298182522,77.59722953195504,77.7833140152451,20707232
2018-08-01,78.24851989746094,78.4346043680851,77.69026648558845,78.06243542683677,23742560
2018-08-02,77.03897094726562,78.62068894980611,76.85288647637852,78.62068894980611,22842141
2018-08-03,77.96939849853516,77.96939849853516,77.22506056537492,77.7833140152451,18473730
2018-08-06,78.71372985839844,78.99285656002397,77.78330751964668,77.78330751964668,18488156
2018-08-07,78.52764892578125,79.27198683029103,78.52764892578125,79.27198683029103,24845871
2018-08-08,79.08589172363281,79.17893394919003,78.52763837028952,79.08589172363281,26145400
2018-08-09,79.27198028564453,79.64414920717338,79.08589582488011,79.64414920717338,20805246
2018-08-10,79.92327880859375,80.01632104236394,79.36502540597262,79.45806763974281,25760288
2018-08-13,77.96939849853516,80.01632781472581,77.69027177360006,79.92328557308078,28042868
2018-08-14,75.64334106445312,77.31810138322331,75.17812986479474,77.31810138322331,59249690
2018-08-15,75.4572525024414,75.82942144203422,74.7129146232558,75.3642102675432,37646316
2018-08-16,75.55029296875,76.10854636507081,74.71291287426878,75.36420850330973,20949308
2018-08-17,75.4572525024414,76.38767485142343,75.4572525024414,76.29463261652522,19087311
2018-08-20,75.36421203613281,75.9224654586227,75.36421203613281,75.45725427321446,16867433
2018-08-21,75.36421203613281,75.64333874737775,75.36421203613281,75.5502965102961,17415579
2018-08-22,76.01551055908203,76.20159504025482,75.55029935615006,75.55029935615006,13418093
2018-08-23,76.1085433959961,76.38767008326747,75.3642055632724,76.38767008326747,17029659
2018-08-24,75.4572525024414,75.92246367693241,74.8989990930522,75.82942144203422,17189495
2018-08-27,75.36421203613281,75.64333874737775,75.17812756196953,75.45725427321446,15902831
2018-08-28,75.55029296875,75.82941966691041,75.36420850330973,75.64333520147014,18467742
2018-08-29,75.73637390136719,75.73637390136719,75.45724721622702,75.55028944460707,17455293
2018-08-30,75.27117919921875,75.92247494012669,75.27117919921875,75.92247494012669,21364048
2018-08-31,74.89899444580078,75.17812113317645,74.71290998755035,75.08507890405123,34669629
2018-09-03,74.5268325805664,75.08508600813619,74.5268325805664,75.08508600813619,19007812
2018-09-04,74.5268325805664,74.8990015322796,74.5268325805664,74.61987481849471,13959788
2018-09-05,74.5268325805664,74.8990015322796,74.5268325805664,74.8990015322796,18018246
2018-09-06,73.78250122070312,74.52683919014275,73.59641672834323,74.4337969439628,31412452
2018-09-07,72.29383087158203,73.59642241881774,72.10774636483407,73.59642241881774,49261782
2018-09-10,69.87471008300781,72.10772345450208,69.59558341157103,72.01468123068982,62290696
2018-09-11,72.29383087158203,72.29383087158203,70.1538590439805,70.1538590439805,38918984
2018-09-12,71.64251708984375,72.85206607967228,71.27034816989651,72.57293938971185,35146614
2018-09-13,70.71211242675781,71.64253495868884,70.5260279203716,71.64253495868884,28930405
2018-09-14,72.47990417480469,72.57294641379673,71.36339730690013,71.36339730690013,25355916
2018-09-17,72.38685607910156,72.57294054202984,72.10772938470915,72.57294054202984,12293253
2018-09-18,70.52601623535156,71.82860756423668,70.52601623535156,71.73556532645917,27709529
2018-09-19,71.08426666259766,71.17730889644922,70.52601325948825,70.89818219489452,24462112
2018-09-20,70.33992767333984,70.99122329994485,69.96775874385128,70.89818106757271,21282019
2018-09-21,70.52601623535156,70.89818518646159,69.874720570909,70.52601623535156,36897023
2018-09-25,70.8051528930664,70.99123739475645,69.96777263546115,70.24689938799624,16418112
2018-09-26,71.9216537475586,72.47990720484883,71.17731580450494,71.45644253315007,25844777
2018-09-27,73.22423553466797,73.22423553466797,71.92164430533461,72.10772876666795,24585896
2018-09-28,73.68946075439453,73.96858749967633,72.66599602169461,73.41033400911274,30414720
2018-10-01,74.34075164794922,74.80596285976367,74.06162492086054,74.34075164794922,21893979
2018-10-02,72.66598510742188,74.80595649982995,72.66598510742188,74.71291426537742,31390971
2018-10-03,72.38685607910156,72.75902500495813,72.20077161617328,72.66598277349398,14156884
2018-10-04,70.89817810058594,72.38685375624128,70.89817810058594,72.29381152776283,24244027
2018-10-05,70.33992767333984,71.17730776468913,69.96775874385128,70.89818106757271,25313910
2018-10-08,70.24688720703125,70.80514061529905,70.06080273760865,70.15384497231996,15148312
2018-10-09,70.06080627441406,70.71210195027183,70.06080627441406,70.43297523204707,17571152
2018-10-11,65.22260284423828,67.26953189213164,65.12956061478859,67.17648966268194,77677171
2018-10-12,66.8973617553711,66.99040398312543,64.8504327447756,65.12955942803862,37269571
2018-10-15,65.59477996826172,66.24607565588985,65.31565324499252,66.24607565588985,30235586
2018-10-16,65.50173950195312,65.59478174556385,65.12957052751021,65.22261277112094,44156946
2018-10-17,63.36176681518555,66.05999183374705,63.36176681518555,65.78086510768895,68614752
2018-10-18,63.36176681518555,63.36176681518555,63.36176681518555,63.36176681518555,0
2018-10-19,63.36176681518555,63.36176681518555,63.36176681518555,63.36176681518555,0
2018-10-22,63.36176681518555,63.36176681518555,63.36176681518555,63.36176681518555,0
2018-10-23,63.36176681518555,63.36176681518555,63.36176681518555,63.36176681518555,0
2018-10-24,63.36176681518555,63.36176681518555,63.36176681518555,63.36176681518555,0
2018-10-25,63.36176681518555,63.36176681518555,63.36176681518555,63.36176681518555,0
2018-10-26,56.718544006347656,59.39816490901072,56.1975097635228,59.39816490901072,94812656
2018-10-29,56.197509765625,58.20721976385014,56.197509765625,58.20721976385014,37754156
2018-10-30,56.86741638183594,56.94184903565554,56.048645832125416,56.197511139764615,25299205
2018-10-31,58.65382385253906,58.65382385253906,57.835047688406874,58.13278395910521,38499406
2018-11-01,59.47260284423828,59.54703550284727,58.57939390438687,58.802697559061684,27690014
2018-11-02,60.2913703918457,60.7379719997195,58.579390936340694,59.32372884241287,33316756
2018-11-05,59.547027587890625,60.29136543273926,59.17485866546631,60.29136543273926,22308657
2018-11-06,57.537322998046875,59.249296792173865,57.38845200800479,59.17486413657662,26881925
2018-11-07,57.983924865722656,58.35609382419476,57.61175590725056,58.35609382419476,23677091
2018-11-08,57.01628112792969,58.35609159887672,57.01628112792969,58.207220613856265,30369462
2018-11-09,56.64411163330078,57.01628057396484,56.19751004027337,56.9418479216015,29029195
2018-11-12,56.718544006347656,57.23958392801984,56.4208133983605,56.49524605035729,20715466
2018-11-13,55.378746032714844,55.67648235610243,54.93214438705747,55.378746032714844,30588718
2018-11-14,54.559967041015625,55.60203549489925,54.33666341298504,55.527602845171444,35069438
2018-11-15,55.45317459106445,56.123079849410594,53.96449876311641,54.55997136583467,37801181
2018-11-16,55.30430603027344,55.82534026790161,54.9321370951541,55.7509076166472,23944773
2018-11-19,54.634403228759766,54.93213952579897,54.41109958626848,54.857701192403525,29552164
2018-11-20,52.847984313964844,54.11335631473233,52.847984313964844,53.592322121203786,41220804
2018-11-21,52.550254821777344,52.77355846424077,51.284882658077976,51.35931531261661,43230083
2018-11-22,51.73148727416992,52.84799419375632,51.657054615300396,52.550257879430376,32741087
2018-11-23,52.10365295410156,52.40138924960878,51.80591665859434,52.02922029993663,22499145
2018-11-26,52.847984313964844,53.22015321758432,52.55024805529991,53.07128792767525,25454931
2018-11-27,52.62467956542969,52.84798317432466,52.178078026486425,52.84798317432466,23732315
2018-11-28,54.411094665527344,54.63439828782387,52.84798634599274,52.84798634599274,48605161
2018-11-29,53.89006805419922,55.45317659424046,53.89006805419922,55.3787439359238,44157607
2018-11-30,53.51789474487305,55.00657050590514,53.51789474487305,54.038928989695336,77449359
2018-12-03,55.08100509643555,55.30430873998714,54.4110998446283,54.4110998446283,44718298
2018-12-04,54.634403228759766,55.08100483489481,54.41109958626848,55.08100483489481,23349621
2018-12-05,53.29458999633789,53.96449521058354,53.22015734560998,53.81562990912773,23887867
2018-12-06,51.359310150146484,52.84798580667247,51.21044485603267,52.32695159842716,70095497
2018-12-07,51.433746337890625,51.80591527764214,51.433746337890625,51.50817899007146,29761587
2018-12-10,50.39167404174805,50.912713984053646,50.317241386803694,50.763842995317376,34091628
2018-12-11,50.9127082824707,51.5081751341883,50.9127082824707,50.98714092907954,27835901
2018-12-12,52.996856689453125,53.36902564283088,52.17808612779158,52.47582242626329,47974303
2018-12-13,54.336666107177734,54.336666107177734,52.99685563025629,52.99685563025629,46293838
2018-12-14,53.22016143798828,54.03893201664934,52.9224251333349,54.03893201664934,31581440
2018-12-17,52.922420501708984,53.74119100871348,52.922420501708984,53.29458943024259,17772612
2018-12-18,52.69912338256836,52.69912338256837,52.17808346710011,52.475819750389505,22905185
2018-12-19,53.443458557128906,53.443458557128906,52.69912072585328,52.77355337321145,17919150
2018-12-20,53.22016143798828,53.74119571199596,52.77355982043204,52.9224251333349,25126106
2018-12-21,53.145721435546875,53.145721435546875,52.25251264504921,52.55024890854843,33056429
2018-12-24,53.145721435546875,53.145721435546875,52.624681554711515,52.699119879721486,11791597
2018-12-25,52.62467956542969,52.77355053097523,52.10364538313699,52.10364538313699,10943586
2018-12-26,52.25251770019531,52.99685559153056,52.25251770019531,52.77355763143845,9507306
2018-12-27,52.69912338256836,53.44346125136821,52.69912338256837,53.44346125136821,17074054
2018-12-28,52.69912338256836,52.92242133589996,52.624685052610566,52.773556033678894,16169241
2019-01-02,52.17808151245117,53.14572297718096,52.02921621580676,53.14572297718096,16775306
2019-01-03,51.28488540649414,51.657054377979804,50.98714909353604,51.359318065021704,36198461
2019-01-04,50.317237854003906,50.76383943116146,49.870636276846355,50.76383943116146,37013571
2019-01-07,51.582618713378906,51.657051367568776,50.83828081378526,51.13601143054472,24084557
2019-01-08,51.061580657958984,51.80591858498127,50.763844351380534,51.80591858498127,18303188
2019-01-09,52.02922058105469,52.25251854475597,51.21045002312156,51.28488267768866,31946504
2019-01-10,51.582618713378906,51.954787663175736,51.28488241777195,51.954787663175736,19041006
2019-01-11,51.657047271728516,52.25251413688091,51.65704727172852,51.95478354372824,23895923
2019-01-14,51.13600158691406,51.88033934322341,51.06156894705241,51.5826087837768,14186528
2019-01-15,52.32695770263672,52.550255669856305,51.73148509902259,51.73148509902259,34095247
2019-01-16,52.25251770019531,52.47582133913487,51.95478708673917,51.95478708673917,16978789
2019-01-17,52.40138244628906,52.77355134764218,52.10364618943721,52.62468037979288,14229333
2019-01-18,52.69912338256836,52.69912338256837,52.326954448168436,52.475819750389505,13989609
2019-01-21,52.996856689453125,53.14572767811276,52.773558724735004,53.07129502320672,13812012
2019-01-22,52.62467956542969,52.996848461023525,52.32694899203196,52.996848461023525,9804658
2019-01-23,51.880348205566406,52.47582078387271,51.805915552989966,52.47582078387271,13311510
2019-01-24,52.10365295410156,52.17808560826649,51.73148400442941,51.73148400442941,21008129
2019-01-25,52.62467956542969,52.77355053097523,52.25251066983586,52.25251066983586,30878222
2019-01-28,52.69912338256836,52.84798868478943,52.55025240150003,52.69912338256837,19776596
2019-01-29,52.02922058105469,52.55025484187189,51.95478792648759,52.02922058105469,24642535
2019-01-30,52.10365295410156,52.47582190377372,51.9547876457717,52.02922029993663,25665168
2019-02-11,52.02922058105469,53.07129478153663,52.02922058105469,53.07129478153663,37551372
2019-02-12,53.59232711791992,53.59232711791992,52.252516668432996,52.47582030296326,39354433
2019-02-13,53.59232711791992,54.187799690769076,53.29459083149535,53.74119242170855,31353987
2019-02-14,53.145721435546875,53.741188283698435,53.145721435546875,53.59232299137227,15001817
2019-02-15,52.32695770263672,53.220160929210294,52.32695770263672,53.220160929210294,24217212
2019-02-18,52.847984313964844,53.36901850749339,52.699119024055776,52.699119024055776,24104159
2019-02-19,53.59232711791992,53.81563075245019,53.14572552770672,53.14572552770672,26849801
2019-02-20,54.48553466796875,54.93214197284622,53.890067726211754,54.03893304193906,46550905
2019-02-21,54.9321403503418,54.9321403503418,54.336667747325215,54.78326936016384,29935136
2019-02-22,54.708839416503906,54.708839416503906,54.33667044088143,54.708839416503906,24033042
2019-02-25,54.634403228759766,54.708835883307685,54.11336328922927,54.708835883307685,23324206
2019-02-26,54.187801361083984,54.93213926066564,54.187801361083984,54.78326827344081,19709421
2019-02-27,54.113365173339844,54.33666882360608,53.81563454478182,54.26223616646657,24412855
2019-03-04,53.74119567871094,53.89006667036926,53.220161405025976,53.81563401396394,35967079
2019-03-05,53.51789474487305,53.59232739715518,53.07129315233289,53.294591109179294,15266318
2019-03-06,53.96449661254883,53.96449661254883,53.59232767039332,53.81563130722558,12965399
2019-03-07,53.29458999633789,53.96449521058354,53.22015734560998,53.890062559855636,18481684
2019-03-08,52.62467956542969,53.2201520699185,52.550246922080255,53.2201520699185,26489333
2019-03-11,52.40138244628906,52.69911870314091,52.326949801787784,52.62468037979288,16883254
2019-03-12,52.996856689453125,53.14572767811276,52.69912606982897,52.847991379641044,17317165
2019-03-13,52.62467956542969,52.92241581767409,52.550246922080255,52.699117887625796,15570731
2019-03-14,52.922420501708984,53.07129148043073,52.624684223112666,52.8479878517717,15826574
2019-03-15,52.550254821777344,52.922423773318044,52.550254821777344,52.84799111877941,39278305
2019-03-18,53.59232711791992,53.59232711791992,52.84798924128215,52.92242189317646,19365627
2019-03-19,53.81563186645508,54.03892982676037,53.36902458814961,53.592328227302346,15694654
2019-03-20,53.89006805419922,53.964500712515886,53.592331742084745,53.74119705871807,13949626
2019-03-21,54.336666107177734,54.41109876059616,53.96449716123816,54.03892981465658,18642534
2019-03-22,54.336666107177734,54.708835053117305,53.89006450781973,54.63440239969888,15792364
2019-03-25,52.996856689453125,53.592329286396556,52.922424034547085,53.592329286396556,20943727
2019-03-26,53.443458557128906,53.51789120448707,53.22015493620743,53.443458557128906,6931426
2019-03-27,53.51789474487305,53.59232739715518,53.44346209259092,53.59232739715518,8550359
2019-03-28,53.443458557128906,53.592323851845244,53.22015493620743,53.592323851845244,7024350
2019-03-29,54.708839416503906,54.708839416503906,53.294596173368916,53.51789983028156,37626532
2019-04-01,60.14250183105469,60.14250183105469,57.09071203805097,57.31401566934054,168930589
2019-04-02,61.03570556640625,62.226645027054474,60.51467132701243,60.886840263392955,100156317
2019-04-03,60.96127700805664,61.55674393893887,60.068068093461775,61.259013312921596,42366852
2019-04-08,61.333438873291016,61.85447308738649,61.03570260287344,61.40787152118365,50206746
2019-04-09,61.40787124633789,61.70560751542286,61.035702329693414,61.63117486786337,28246484
2019-04-10,61.7800407409668,62.077777012837245,61.33343917258463,61.70560809271094,34543224
2019-04-11,62.37551498413086,63.045414515532,62.003346053864796,62.22664400471611,44939031
2019-04-12,64.38522338867188,64.53408868566177,63.71531819452321,63.71531819452321,58914750
2019-04-15,66.46937561035156,66.84154455401793,64.9062615038749,65.35286877935248,72325290
2019-04-16,66.91597747802734,68.03248431354888,66.61824118611878,68.03248431354888,80576870
2019-04-17,68.3302230834961,69.0001226660254,67.06484521670683,67.73475047808377,91422037
2019-04-18,68.18135070800781,72.34964182469632,67.3625801513302,69.96776280911646,156478595
2019-04-19,66.17163848876953,69.14899000071554,65.94833485383465,68.92568636578066,84815908
2019-04-22,65.35287475585938,66.76711232804536,65.2784364172408,66.09721271126165,42019217
2019-04-23,65.72504425048828,65.8739095712004,64.60853730860353,65.65060591128426,66167792
2019-04-24,64.68296813964844,66.32050933656194,64.08749551594472,66.24607667831094,52576993
2019-04-25,64.60852813720703,64.9062587363674,63.864190281611776,64.01305558119196,32202088
2019-04-26,65.05513763427734,65.35287394852979,64.38523234692131,65.05513763427734,31089333
2019-04-29,65.35287475585938,66.09721271126165,65.05513843792887,65.12957109769951,33405276
2019-04-30,64.68296813964844,65.50173873810519,64.08749551594472,65.50173873810519,34255579
2019-05-02,64.68296813964844,64.9807044515003,64.23636651129456,64.38523182779659,24879608
2019-05-03,65.65060424804688,65.72504258536503,64.53409733444848,64.9807046429661,25168371
2019-05-06,63.19429397583008,64.16192991707346,63.119861315557195,63.789760936861086,48477706
2019-05-07,64.45967102050781,64.98071103877983,63.49203500745702,63.49203500745702,31286229
2019-05-08,63.938629150390625,64.23636545735748,63.492027529364215,63.86419649336084,24225963
2019-05-09,62.7476921081543,64.01306436475564,62.74769210815429,63.64089538589077,37217280
2019-05-10,62.301082611083984,63.71532581706839,61.85448098783831,63.26872419382272,26540533
2019-05-13,60.44023513793945,62.15221457748092,60.365802483795804,62.15221457748092,36817422
2019-05-14,59.32372283935547,59.91919537549546,58.65382333475671,58.87712127667397,58728717
2019-05-15,57.909488677978516,58.3560902651379,57.68618504497518,58.13278663213456,68954827
2019-05-16,56.49524688720703,58.28165895582829,56.495246887207024,58.13278797078219,61070947
2019-05-17,55.60204315185547,57.38845538556545,55.527610491877546,57.01628640682787,50083428
2019-05-20,55.82534408569336,56.644114663180666,55.60204043781152,56.0486477335752,31140335
2019-05-21,55.82534408569336,56.12308038991993,55.5276077814668,56.0486477335752,36661660
2019-05-22,55.08100509643555,56.04864664669573,55.08100509643555,55.899775658045485,30618177
2019-05-23,53.22016143798828,54.18780300839987,53.22016143798828,54.11336467310077,62459307
2019-05-24,53.145721435546875,53.741188283698435,52.92241781821074,53.220154081709964,40844359
2019-05-27,53.145721435546875,53.51789034520918,52.92241781821074,53.294586727873046,25409320
2019-05-28,52.996856689453125,53.592329286396556,52.996856689453125,53.07129502320672,136700059
2019-05-29,53.74119567871094,53.81563401396394,52.178087178808376,52.252519835213704,43871336
2019-05-30,54.634403228759766,54.857701192403525,53.369025386055014,53.74119433764214,44666687
2019-05-31,55.00657272338867,55.75091063391126,54.18780215758334,54.336667468148825,52374507
2019-06-03,54.634403228759766,54.857701192403525,53.74119433764214,54.559970574211846,30691063
2019-06-04,53.443458557128906,54.634397951400516,53.443458557128906,54.41109433047904,39322197
2019-06-05,52.847984313964844,54.18779463853366,52.847984313964844,53.96449102482326,48066800
2019-06-06,52.922420501708984,53.59232570883891,52.8479878517717,52.8479878517717,38757260
2019-06-10,53.66676330566406,53.81563429810842,52.9968580367837,53.59233064886573,35654410
2019-06-11,53.89006805419922,54.1878043663137,53.51789908376808,53.66676440040141,27727014
2019-06-12,54.857696533203125,55.006567508502506,53.59232447681709,53.964493396794985,40554559
2019-06-13,55.22986602783203,55.37873700468038,54.48552818013162,54.78326445498121,42030922
2019-06-14,55.89977264404297,56.19750892644257,55.22986742835566,55.22986742835566,40758143
2019-06-17,56.86741638183594,56.94184903565554,55.974207499458345,56.271943793584214,33117649
2019-06-18,56.49524688720703,57.68618637333873,55.89977430471747,57.46288273519329,36656969
2019-06-19,57.46288299560547,57.611753981326224,56.867416089264765,57.611753981326224,49543345
2019-06-20,57.83504867553711,57.90948700361748,57.16514915359076,57.537318078604116,26823796
2019-06-21,57.16514587402344,58.653821488671475,57.016274905250555,58.207214261199624,58532183
2019-06-24,57.38844680786133,57.46287945671399,56.04864209197198,56.867412587045536,28060800
2019-06-25,56.86741638183594,57.61175427772686,56.644112741529675,57.314017983601,21534885
2019-06-26,56.79298400878906,57.09071462553938,56.64411302156641,56.64411302156641,17510518
2019-06-27,57.611751556396484,57.983920486762294,57.09071164657603,57.165149975726955,30881055
2019-06-28,57.611751556396484,58.207218437673454,57.611751556396484,57.760616857003924,21112390
2019-07-01,59.100425720214844,59.323723665240784,58.504953175784884,58.57938582412687,37776031
2019-07-02,58.87712097167969,59.17485723820735,58.57938470515202,58.80268832475951,21546017
2019-07-03,57.68618392944336,58.65382541528257,57.68618392944336,58.35608913665149,30692214
2019-07-04,57.83504867553711,58.356088577864085,57.68618337707061,58.058352302083975,14276447
2019-07-05,58.20722198486328,58.28166031855053,57.98392402034418,57.98392402034418,10943297
2019-07-08,58.80269241333008,58.802692413330085,58.28165816981419,58.3560908219097,19426333
2019-07-09,57.983924865722656,58.87712809451664,57.90949220979776,58.87712809451664,20888735
2019-07-10,57.983924865722656,58.579391791969435,57.83505387502524,58.579391791969435,20106457
2019-07-11,58.20722198486328,58.57939093790933,57.90949136550448,58.132789330023584,20457120
2019-07-12,57.7606201171875,58.20722172306457,57.68618746268258,58.05835641405473,26468868
2019-07-15,58.13278579711914,58.207218447435345,56.644110075406246,57.38844793626269,32661975
2019-07-16,59.547027587890625,60.14250013530837,58.35608817190223,58.35608817190223,59184035
2019-07-17,59.025997161865234,59.844767708054874,59.025997161865234,59.69589672220838,31541667
2019-07-18,58.80269241333008,59.32372665684597,58.802692413330085,58.9515577175211,20198449
2019-07-19,59.025997161865234,59.844767708054874,59.025997161865234,59.249295122363804,24476592
2019-07-22,59.993629455566406,60.14250043258022,59.10042630887196,59.17485895795531,38577555
2019-07-23,60.2169303894043,60.589099297028746,59.77032883602434,60.36579568091533,38227545
2019-07-24,60.51467514038086,60.66354045277499,60.14250618054788,60.44023680533614,73095922
2019-07-25,61.532379150390625,62.080381032252404,60.90609896460103,61.06266751787156,62909028
2019-07-26,61.37580871582031,61.767236059706015,61.14094992040598,61.37580871582031,22089564
2019-07-29,61.37580871582031,61.610661538527374,61.06266564617029,61.29752444158463,18209593
2019-07-30,60.906097412109375,61.68895210392205,60.749522890122456,61.61066185657494,27716754
2019-07-31,61.532379150390625,61.61066342702589,60.82780871525831,61.2192360711421,23732224
2019-08-01,60.9843864440918,61.37581382053307,60.74952762914392,60.906102163345096,31383363
2019-08-02,59.10552978515625,59.966668759670036,59.10552978515625,59.88838448429739,51771742
2019-08-05,56.991825103759766,58.63581879521857,56.83525057861147,58.63581879521857,49484279
2019-08-06,57.38325119018555,57.61810401365982,55.34782421716478,55.58268301334634,40168974
2019-08-07,57.07011413574219,57.852968908598164,56.99182985299818,57.6181100876582,26458601
2019-08-08,57.2266731262207,57.69638471680185,56.91353007493096,56.99182031728359,18743614
2019-08-12,57.69638442993164,58.16610199088425,56.99182003391652,57.3049571109424,17609546
2019-08-13,57.07011413574219,57.77468462585415,57.07011413574219,57.77468462585415,18041979
2019-08-14,56.83525085449219,58.1661074475293,56.83525085449219,57.93124864502056,34110030
2019-08-15,56.05239486694336,56.28725366410514,55.8175420424889,55.97411059212521,29341797
2019-08-16,56.36553955078125,56.9135354628864,55.73925338891179,55.8958279157329,33475801
2019-08-19,56.678688049316406,57.148399729261875,56.522113507529205,56.75697233385598,19816447
2019-08-20,56.678688049316406,57.07011544472231,56.678688049316406,56.75697233385598,18777661
2019-08-21,57.539825439453125,57.774684258901395,56.835254953816204,57.148398055511265,27098920
2019-08-22,57.85296630859375,58.166109398204576,57.38325466053134,57.93125058781955,23080538
2019-08-23,57.38325119018555,57.85296280984139,57.30496094298683,57.539819739168394,16397789
2019-08-26,56.36553955078125,56.44382382783806,56.05239646984652,56.20897099666763,29641247
2019-08-27,56.52210998535156,56.835253076704376,56.365541426029004,56.75696879704309,37138289
2019-08-28,56.678688049316406,56.75697233385598,56.36554493845007,56.600403764776836,14696633
2019-08-29,56.287254333496094,56.67868168494919,56.20897005774696,56.67868168494919,20188936
2019-08-30,58.08781433105469,58.08781433105469,56.835248049151105,56.99182256733103,39791593
2019-09-02,57.931251525878906,58.24439462056034,57.774682964892065,58.24439462056034,18506890
2019-09-03,57.61811065673828,58.1661125867747,57.61811065673828,58.08782233054951,14880467
2019-09-04,58.166107177734375,58.32267573020901,57.69638957489561,57.85296410007768,22256326
2019-09-05,58.63581848144531,58.94896155735878,58.24439112973034,58.5575342056438,26853451
2019-09-06,58.714107513427734,59.41867799813044,58.714107513427734,59.105534896850585,29147446
2019-09-10,58.00953674316406,58.55753866088316,57.77468389789118,58.55753866088316,24330390
2019-09-11,58.32267761230469,58.948963787828596,58.08781880330632,58.32267761230469,35738526
2019-09-12,59.49695587158203,59.49695587158203,58.400958121511444,58.71410118906122,61561226
2019-09-16,59.49695587158203,59.810098939131805,58.71410118906122,59.731814665421176,40895700
2019-09-17,58.400962829589844,59.1055332952,58.32267854956821,58.635821642362465,43926799
2019-09-18,58.2443962097168,58.635823595571466,58.00953738912083,58.479249057604854,33122317
2019-09-19,57.539825439453125,58.55753902678511,57.539825439453125,58.400964489583636,31821479
2019-09-20,58.32267761230469,58.32267761230469,57.77468168825199,57.77468168825199,33275500
2019-09-23,58.479251861572266,58.479251861572266,58.0878244569494,58.3226832888064,10657229
2019-09-24,58.63581848144531,58.94896155735878,58.322675405531854,58.47924395713489,19777743
2019-09-25,58.55752944946289,58.55752944946289,58.009527617947484,58.479239207312894,18380995
2019-09-26,57.931251525878906,58.71410627622862,57.931251525878906,58.71410627622862,21861993
2019-09-27,57.30496597290039,58.16611098601448,57.30496597290039,58.009536450581095,25514894
2019-10-01,56.83525085449219,57.14839393360136,56.52210777538302,56.52210777538302,45392934
2019-10-02,56.600399017333984,56.756967573280704,56.52210876665307,56.52210876665307,25487396
2019-10-03,56.36553955078125,56.52210810489487,55.97411219278971,56.20897099666763,27606086
2019-10-04,56.91353988647461,56.91353988647461,56.36554393177663,56.52211249805949,18814662
2019-10-07,57.4615364074707,57.931248034833274,57.30496188321158,57.4615364074707,25366095
2019-10-08,57.931251525878906,58.08782008686575,57.53982415070405,57.852967245385486,28493260
2019-10-09,57.07011413574219,57.77468462585415,57.07011413574219,57.53982580491419,18869984
2019-10-14,58.32267761230469,58.32267761230469,57.77468168825199,58.16610905477752,48248401
2019-10-15,58.479251861572266,59.02725381166919,58.3226832888064,58.71411069342926,39808855
2019-10-16,58.714107513427734,59.02725061470759,58.479248694290874,59.02725061470759,35414100
2019-10-17,60.43638229370117,60.67124109994527,58.71410429026962,58.948963096513715,81667038
2019-10-18,60.20153045654297,61.21923803079357,60.20153045654297,60.74952638323886,79307262
2019-10-21,60.74952697753906,60.74952697753906,59.81010367323945,60.43638388520329,32380971
2019-10-22,62.236942291259766,62.471801066347226,61.37580340378369,61.454087671243926,84067950
2019-10-23,63.01980209350586,63.33294516180386,61.92380434081649,62.628374751310176,89180610
2019-10-24,63.01980209350586,63.56779798349693,62.78494329910555,63.33294516180386,40227260
2019-10-25,62.784950256347656,63.176377641917675,62.31523858820522,63.176377641917675,35236261
2019-10-28,62.7066535949707,63.254655410213445,62.62836932785223,63.01979663615131,24589303
2019-10-29,63.254661560058594,63.724373181143186,62.70665969153714,62.70665969153714,43338927
2019-10-30,62.784950256347656,63.33295217977043,62.393522870777645,63.33295217977043,31199154
2019-10-31,63.09808349609375,63.724369604190294,63.09808349609375,63.411226550142025,39460853
2019-11-01,66.38607788085938,66.38607788085938,63.33294349742729,63.724370829336344,124277985
2019-11-04,69.674072265625,69.75235654553921,67.40379231186647,67.40379231186647,155824158
2019-11-05,70.4569320678711,70.77007518271436,69.75236155265075,70.4569320678711,114554576
2019-11-06,70.77007293701172,71.16150032496786,69.59579077314329,70.84835722006136,102692823
2019-11-07,71.08320617675781,71.23977472112799,70.30035150949267,70.77006311531032,91907245
2019-11-08,71.16149139404297,72.72720074936753,71.16149139404297,71.39634421371733,107939604
2019-11-11,68.81292724609375,71.47463434024017,67.87349805084415,71.23977554825098,112360283
2019-11-12,71.23978424072266,71.23978424072266,69.43921587632452,69.75235897961653,87919854
2019-11-13,70.22206115722656,70.92663155122928,69.8306338241925,70.45691994612983,52397137
2019-11-14,69.90892791748047,71.5529216121846,69.90892791748047,71.5529216121846,89212854
2019-11-15,70.53520965576172,71.08321154787919,70.30035682146072,71.00492129707128,43361570
2019-11-18,70.84835052490234,71.00491907620592,70.37863889828425,70.53520744958783,35921688
2019-11-19,72.64892578125,72.64892578125,70.69178883641793,70.84835740292131,108575561
2019-11-20,71.9443359375,72.64890624269049,71.39633415670457,72.64890624269049,44527871
2019-11-21,72.41405487060547,72.41405487060547,71.00491411647306,71.39634144009796,52752786
2019-11-22,71.55291748046875,72.80548374826304,71.47463320861418,72.80548374826304,30090529
2019-11-25,70.14378356933594,71.70949305067248,69.6740719194765,71.70949305067248,56144076
2019-11-26,70.3786392211914,70.77006657395364,69.98721186842917,70.77006657395364,71764119
2019-11-27,70.92664337158203,71.08321791451401,70.14378857504644,70.14378857504644,19965877
2019-11-28,70.30035400390625,71.0049184512787,70.22206375623612,70.92663417631591,19363801
2019-11-29,69.28263854980469,70.84834789556298,69.04777975885808,70.4569205591234,37571546
2019-12-02,69.36093139648438,69.9089333188644,67.95179639473838,69.36093139648438,31236074
2019-12-03,70.4569320678711,70.69179089718058,68.73465389529528,69.12608129567234,33514279
2019-12-04,70.06549835205078,70.45692571714604,69.43921217881534,70.45692571714604,23893634
2019-12-05,70.3786392211914,71.00491940198654,70.1437804204511,70.45692349720237,19851813
2019-12-06,70.84835052490234,71.16149360021687,70.2220643742733,70.92663480055414,20657992
2019-12-09,71.23978424072266,71.78778019195273,70.69178828949256,71.08321567543061,39013354
2019-12-10,70.69178009033203,71.08320743087052,70.53520557049231,70.84834863746454,14099519
2019-12-11,71.4746322631836,71.4746322631836,70.77006188039805,70.8483461512171,32362218
2019-12-12,71.23978424072266,72.17920757789078,71.23978424072266,72.02263901259873,32664180
2019-12-13,71.23978424072266,72.02263901259873,71.16149995807663,72.02263901259873,33488249
2019-12-16,71.7094955444336,72.33578174783094,71.31806816048721,71.63121126218589,457107
2019-12-17,71.7094955444336,71.94435436388457,71.31806816048721,71.86607008163686,30639698
2019-12-18,72.33577728271484,72.64892036508394,71.31806375819217,71.70949111797665,58840462
2019-12-19,72.17919921875,72.17919921875,71.47463478382414,72.0226306715903,28904382
2019-12-20,71.31806182861328,72.4923438761954,71.31806182861328,72.41405960089807,39053336
2019-12-23,71.6312026977539,71.78777124352952,71.00491656923712,71.4746341519783,16995564
2019-12-24,71.16149139404297,71.6312030060989,71.08320712081817,71.6312030060989,11775451
2019-12-25,71.23978424072266,71.47464306136864,71.08321567543061,71.31806852336868,11310473
2019-12-26,71.08320617675781,71.47463351039038,71.0049159318656,71.23977472112799,10097183
2019-12-27,71.6312026977539,71.9443457620123,71.31805963349551,71.5529184248661,19597995
2019-12-30,71.16149139404297,71.86606179848046,71.16149139404297,71.70948727932368,15811376
2019-12-31,71.08320617675781,71.55291778257548,71.0049159318656,71.0049159318656,14491239
2020-01-02,71.08320617675781,71.63120205476056,70.69177884312523,71.23977472112799,20758722
2020-01-03,71.7094955444336,72.17920721062765,71.08321531374413,71.55292697993819,37936877
2020-01-06,70.84835052490234,71.31806215152045,70.53520744958783,71.31806215152045,26352522
2020-01-07,69.75234985351562,71.23977492001337,69.12606970157935,70.84834758528802,42728140
2020-01-08,67.71692657470703,68.9694928081371,67.71692657470703,68.81292426872344,56101121
2020-01-09,68.1866455078125,68.65635714933772,68.10836122967623,68.34322003679263,28192381
2020-01-10,69.674072265625,69.674072265625,68.49979014878862,68.89121752106742,32264863
2020-01-13,70.14378356933594,70.22206784886123,69.36092882866765,70.22206784886123,23369554
2020-01-14,70.4569320678711,70.53521635340488,70.14378895302782,70.4569320678711,18618838
2020-01-15,70.3786392211914,70.69178229794268,70.06549614444013,70.45692349720237,23798041
2020-01-16,70.4569320678711,70.61350063893866,69.98722038196024,70.30036349680353,19281565
2020-01-17,72.25749969482422,72.33578397948709,71.23978607608267,71.23978607608267,77634511
2020-01-20,72.25749969482422,73.11863877153196,72.10092515279041,72.57063683347572,35277412
2020-01-30,65.05522918701172,67.48207774196253,65.05522918701172,66.93408180051512,153608274
2020-01-31,65.13351440429688,66.46437109547865,64.66380273734774,64.9769458395498,69486948
2020-02-03,64.35064697265625,64.42893721233226,60.5146641368007,62.2369419009519,66666856
2020-02-04,64.35064697265625,71.78776581616623,64.35064697265625,71.63119728222766,45872853
2020-02-05,64.35064697265625,64.74207428020941,63.88093539813381,64.35064697265625,47188064
2020-02-06,65.44664764404297,65.44664764404297,64.42894018113415,64.5855087222872,43379109
2020-02-07,64.8986587524414,65.44665467808127,64.74208422175313,65.44665467808127,26495116
2020-02-10,64.19408416748047,64.74208005787607,61.76723583861717,61.84552011257265,42505477
2020-02-11,64.8986587524414,65.29008612010064,64.27237257510359,64.66379994276282,28310130
2020-02-12,66.93408203125,67.01236631276838,64.97694512975146,64.97694512975146,56443491
2020-02-13,66.30779266357422,67.56036499881525,66.30779266357422,67.1689376372293,36012520
2020-02-14,66.46437072753906,66.7775138280076,65.99465906319018,66.30779619095087,21292704
2020-02-17,65.6815185546875,65.91637140977592,65.60323426965803,65.91637140977592,16771107
2020-02-18,65.29008483886719,65.99465528136905,64.97694175634331,65.75979647629926,22611466
2020-02-19,65.60322570800781,66.22950587921802,64.58551221731865,64.97693956409029,25476407
2020-02-20,64.82036590576172,65.83807334353475,64.5855071271258,65.75978907489171,35212272
2020-02-21,63.959228515625,64.35065587734292,63.88094423782292,64.27237159954085,29778377
2020-02-24,63.17637252807617,63.72437440714067,62.78494517419043,63.098088251840515,32852370
2020-02-25,64.42894744873047,64.74208456635849,62.55009487942401,62.784947717645025,47213818
2020-02-26,63.4895133972168,64.35065235126886,63.176370330459534,63.56779767072931,43075406
2020-02-27,62.86323165893555,63.80265486292648,62.628372871584276,63.254658989382946,53384898
2020-03-02,62.00209045410156,62.86323541064507,61.140951470265485,61.219235746485595,53792166
2020-03-03,63.411231994628906,64.19408671061197,63.09808891369418,63.489516271685716,34822180
2020-03-04,63.959228515625,64.1158030439367,63.489516876105,63.80265996002085,29037913
2020-03-05,64.7420883178711,65.44665881877616,64.66380403392786,65.21180596694649,36950021
2020-03-06,63.254661560058594,63.95922600533183,63.17637131262173,63.88094173060228,38712605
2020-03-09,61.92380142211914,62.70665606961169,61.92380142211914,62.002085692327,45009955
2020-03-10,62.158660888671875,62.471803945652226,61.454090503642846,61.454090503642846,37383665
2020-03-11,61.532379150390625,62.706661218042,61.532379150390625,62.080381032252404,30546137
2020-03-12,58.479251861572266,60.67124771654357,58.3226832888064,60.59296343016064,85760356
2020-03-13,58.400962829589844,58.7141059223841,54.721547914203526,54.79983219422516,108780196
2020-03-16,55.66096496582031,58.16610345398965,55.66096496582031,57.852960396380105,65223917
2020-03-17,55.2695426940918,56.991826682178015,54.79983105105286,54.87811532944142,69146874
2020-03-18,54.79983139038086,55.817544933856695,54.79983139038086,55.34782731520161,75494240
2020-03-19,51.90327072143555,54.25183489937005,51.43355310768259,53.7821172856171,107246149
2020-03-20,55.42611312866211,55.89582473699846,53.23411765948289,53.23411765948289,102757524
2020-03-23,52.842689514160156,53.5472599022237,52.45126218442564,52.842689514160156,61288202
2020-03-24,54.330116271972656,55.347823777695005,54.095257477655906,55.26953950382517,41628933
2020-03-25,55.89582443237305,56.835247643926024,55.66096564313124,55.73924991530947,53652986
2020-03-26,55.582679748535156,56.13067561049428,55.191252426362375,55.974107070707944,38685860
2020-03-27,54.878108978271484,56.522102524998395,54.79982470894294,55.89582239766318,59785740
2020-03-30,54.79983139038086,55.0346901997084,54.01697665623256,54.40840402330671,33595577
2020-03-31,54.7215461730957,55.19125781098814,54.7215461730957,54.87811472815734,38298560
2020-04-01,54.79983139038086,55.19125875745501,54.79983139038086,55.19125875745501,24517865
2020-04-06,54.956398010253906,55.034688259074166,54.33011782864374,54.79982945802822,48957455
2020-04-07,55.739253997802734,56.287255888601706,55.426116886154816,55.89582852633425,46626787
2020-04-08,58.714107513427734,58.948966332564595,55.895831547324775,55.97411582946777,90172291
2020-04-09,57.931251525878906,59.41867674608492,57.69639271169089,59.10553365140348,55267837
2020-04-10,57.85296630859375,57.85296630859375,57.46153893975713,57.539823218982924,19079314
2020-04-13,57.2266731262207,57.85295922880018,57.2266731262207,57.77467495915448,25076651
2020-04-14,58.2443962097168,58.322680492346144,57.30496690004083,57.539825720636806,36772932
2020-04-15,58.00953674316406,58.87067578791367,58.00953674316406,58.322679842902424,42208905
2020-04-16,57.931251525878906,58.71410627622862,57.774682964892065,57.931251525878906,42182293
2020-04-17,59.34039306640625,59.88838900811635,58.948965687268235,59.10553424984032,70153153
2020-04-20,59.653526306152344,59.966669383608455,59.027246123947556,59.575242029965175,32197766
2020-04-21,57.539825439453125,59.10553497522056,57.539825439453125,58.87067615577229,50476839
2020-04-22,57.85296630859375,57.85296630859375,56.75696848130969,56.83525276053548,27664535
2020-04-23,57.931251525878906,58.87067483721547,57.61810843119747,58.08782008686575,26918129
2020-04-24,57.774681091308594,58.08781820312751,57.69639084064631,57.93124964721805,18097847
2020-04-27,58.63581848144531,58.870671308849865,58.08781660541991,58.08781660541991,28422746
2020-04-28,58.87067794799805,59.02725248996619,58.5575408094779,58.79239366336801,21837772
2020-04-29,59.18381881713867,59.65353047983266,58.792391436109035,58.870675717773395,31292555
2020-04-30,60.279815673828125,60.279815673828125,59.49696092481737,59.65352948553643,49682112
2020-05-04,58.32267761230469,58.71410497883023,57.85296596701557,57.931250245779154,50274654
2020-05-05,58.00953674316406,58.71410722439842,57.93125246140644,58.47924840641768,30499283
2020-05-06,58.166107177734375,58.87067163657767,58.00953265255231,58.00953265255231,26782236
2020-05-07,58.87067794799805,59.3403956011944,58.32268198287972,58.32268198287972,31856315
2020-05-08,59.653526306152344,60.12324390869022,59.418673477590836,60.12324390869022,38394983
2020-05-11,61.76723861694336,62.0020914493736,60.20152917657829,60.20152917657829,58601957
2020-05-12,60.51467514038086,61.37581417904017,60.27981632406113,61.2975298978362,45434634
2020-05-13,61.68894958496094,61.68894958496094,60.827804680964505,60.827804680964505,42897241
2020-05-14,61.21923828125,61.76724018289549,61.06266972232711,61.06266972232711,41840911
2020-05-15,60.35809326171875,61.532375255031205,59.810097387255766,61.219232195606466,46922082
2020-05-18,58.714107513427734,59.96667394583928,58.63582323128474,59.96667394583928,57099171
2020-05-19,58.55752944946289,59.49695262819371,58.40095493786981,59.0272410388283,48852505
2020-05-20,58.32267761230469,58.948963787828596,58.32267761230469,58.635820700066645,30828720
2020-05-21,58.479251861572266,58.71411069342926,58.16611471604053,58.3226832888064,24213322
2020-05-22,57.61811065673828,58.24439687029191,57.539826373221075,58.08782233054951,46433168
2020-05-25,57.61811065673828,57.61811065673828,56.83525587615024,57.539826373221075,26982259
2020-05-26,58.55752944946289,58.94895676938522,57.61810029802516,57.69638456746824,28310825
2020-05-27,58.9489631652832,59.105531721156886,58.55753580289144,58.55753580289144,22380029
2020-05-28,58.9489631652832,59.41867480561181,58.55753580289144,59.26210027703057,26184820
2020-05-29,59.34039306640625,59.34039306640625,58.166110928992204,58.166110928992204,44636709
2020-06-01,59.653526306152344,60.12324390869022,59.418673477590836,59.496957753778005,25890941
2020-06-02,60.35809326171875,60.67123632114348,59.810097387255766,59.88838165893518,41692048
2020-06-03,61.14094924926758,61.37580804210389,60.749521909678535,61.06266497589122,42871656
2020-06-04,61.37580871582031,61.610661538527374,60.74952257652027,61.454092990056,43657351
2020-06-05,61.454097747802734,61.454097747802734,60.90610181302007,61.140954653909326,33935695
2020-06-08,62.39351272583008,62.471802968380715,61.68894832452986,61.92380113406095,53575560
2020-06-09,62.236942291259766,62.78493813618816,61.76723071379161,62.080373756339306,38143498
2020-06-10,62.55009841918945,62.55009841918945,61.92381220307598,62.315239594969896,25863059
2020-06-11,61.532379150390625,62.86323574401999,61.14095179450683,62.55009266477146,41363010
2020-06-12,61.06266784667969,61.06266784667969,59.96667004976189,60.51467193457453,30382486
2020-06-15,60.279815673828125,60.98438614247936,60.279815673828125,60.82781160905256,26332046
2020-06-16,61.37580871582031,61.454092990056,60.827806850755955,60.90609709769892,22339775
2020-06-17,61.21923828125,61.84552446235694,60.98438544286566,61.76724018289549,18039312
2020-06-18,61.454097747802734,61.610666308395565,60.82781156001592,61.37581346750631,17726756
2020-06-19,61.68894958496094,61.76723385640415,61.140947739444385,61.53237506936747,35336232
2020-06-22,61.76723861694336,61.76723861694336,61.219236729191074,61.61066408928234,16769227
2020-06-23,62.784950256347656,63.176377641917675,62.080385740487955,62.31523858820522,45708143
2020-06-24,65.36836242675781,65.36836242675781,63.41122582715428,63.489510096597044,88391479
2020-06-29,66.69921112060547,67.16892866996585,65.29007639064456,65.44664492529353,96673392
2020-06-30,67.56036376953125,67.63864804588252,67.09064616600877,67.32550496777002,57741437
2020-07-01,67.24722290039062,68.57807356020098,66.93407981199182,67.716934546635,44576514
2020-07-02,67.32550811767578,67.32550811767578,66.22951027935812,67.16893955764799,34070431
2020-07-03,66.77751159667969,67.48207608330648,66.62093706532333,67.40379180398213,42663049
2020-07-06,67.63864135742188,67.7952098946421,67.01235526312729,67.0906395317374,44150881
2020-07-07,68.10836029052734,68.49978764851888,67.01236249360954,68.18664456758415,52059744
2020-07-08,68.10836029052734,68.34321909440526,67.79521720959261,68.10836029052734,37038208
2020-07-09,67.48207092285156,68.42150012102718,67.16893382950023,68.34321584768934,49514490
2020-07-10,66.38607788085938,67.48206963203907,66.38607788085938,67.48206963203907,52271243
2020-07-13,67.87350463867188,67.87350463867188,66.85579704425638,66.85579704425638,36625700
2020-07-14,67.56036376953125,68.49978703116135,67.56036376953125,67.95179112399504,34124410
2020-07-15,67.79522705078125,68.26493875401317,67.71694276236066,67.79522705078125,47807002
2020-07-16,68.57807159423828,68.89121467366004,68.03007568478078,68.10835996145937,50530654
2020-07-17,68.89122009277344,69.36093176250077,68.57807698871925,69.12607891399107,48813379
2020-07-20,67.95178985595703,68.89121310005669,66.54264901710022,68.89121310005669,71647567
2020-07-21,66.77751159667969,67.40379180398213,66.62093706532333,67.3255075246578,74962395
2020-07-22,67.24722290039062,67.32550717931342,66.62093672359303,66.77751125414625,73724655
2020-07-23,67.57646179199219,67.90570281918679,66.75336236388083,66.91798601735327,78361972
2020-07-24,65.84794616699219,67.41183614440816,65.84794616699219,67.08259515762329,46595732
2020-07-27,64.20175170898438,65.76564178861474,64.20175170898438,65.51870946244945,66336332
2020-07-28,64.53099060058594,68.07031405444447,63.62558256726165,64.03713224420449,80001664
2020-07-29,64.20175170898438,65.68333310647628,64.20175170898438,64.69561008156504,39362154
2020-07-30,64.20175170898438,64.86023372559187,63.79020201854217,64.7779187637035,40501045
2020-07-31,64.53099060058594,65.3540899544716,64.53099060058594,64.61329928002456,43374202
2020-08-03,63.46095657348633,64.94253786739631,63.460956573486335,64.53098820572681,61172243
2020-08-04,64.2840576171875,64.36636629577424,63.79019926591742,63.9548166230909,23051382
2020-08-05,64.11944580078125,64.61330419472722,64.11944580078125,64.44868682332863,27876127
2020-08-06,65.02484893798828,65.6010159736402,64.61329926116558,65.2717812559818,33250505
2020-08-07,64.44868469238281,65.51871013059449,64.44868469238281,65.51871013059449,21862438
2020-08-10,66.2594985961914,66.58873959671871,65.10715823422073,65.18946691441512,49798520
2020-08-11,65.6833267211914,66.75335204447063,65.51870309316816,66.67104337033366,30816578
2020-08-12,67.00028991699219,67.08259859797225,65.76564086304178,66.58874023234206,45677601
2020-08-13,65.43639373779297,67.74107426813065,65.18946143820348,67.49414196854117,85508728
2020-08-14,66.17720031738281,66.42412639677651,65.51871821283143,65.68334187884466,34369498
2020-08-17,66.0125732421875,66.42412296634016,65.84795586442661,66.42412296634016,23393631
2020-08-18,65.6833267211914,66.25949371989951,65.27177707075725,66.25949371989951,27191399
2020-08-19,65.27178192138672,66.58873964469501,65.27178192138672,66.58873964469501,32048778
2020-08-20,63.46095657348633,65.7656371907353,62.226307588477844,65.51870488183381,61942250
2020-08-21,64.36637115478516,64.5309948041357,63.790204081433544,64.36637115478516,24487793
2020-08-24,63.87251281738281,64.53099485581207,63.87251281738281,64.36637120632969,21801923
2020-08-25,64.44868469238281,64.61330205833846,64.0371349977437,64.28406104667718,17655262
2020-08-26,64.36637115478516,64.5309948041357,64.11944510038451,64.44868611933549,16266412
2020-08-27,63.790199279785156,64.77791598254004,63.790199279785156,64.36636630976723,24154047
2020-08-28,63.790199279785156,64.36636630976723,63.46095828561698,63.70789060118052,25083462
2020-08-31,63.29634475708008,64.20175283599669,63.29634475708008,64.03713546883004,30580373
2020-09-01,63.37865447998047,63.62558681452979,62.884796090631944,63.2963457950474,18151104
2020-09-02,64.0371322631836,64.0371322631836,63.37865026798002,63.54326762690606,24934189
2020-09-03,63.95481491088867,65.27177885201723,63.87250623450551,64.86022919035193,41374369
2020-09-04,63.29634475708008,63.6255857711634,63.049412426580076,63.3786534406634,35776710
2020-09-07,63.625587463378906,63.79020483492379,63.214037754766494,63.214037754766494,20795188
2020-09-08,63.790199279785156,64.2840576311626,63.62558192257589,63.95481663699442,22118917
2020-09-09,64.11944580078125,64.11944580078125,63.04941404743984,63.62558740683529,22505471
2020-09-10,64.6133041381836,64.77792150943813,64.20175443029707,64.20175443029707,29117204
2020-09-11,64.6133041381836,64.6133041381836,64.20175443029707,64.6133041381836,16102726
2020-09-14,65.35408782958984,65.43639650635234,64.6956058559909,64.8602294892654,27029525
2020-09-15,65.1071548461914,65.35408715367453,64.94253749436895,65.35408715367453,16938546
2020-09-16,64.8602294921875,65.3540878325342,64.6956058589056,65.3540878325342,18122360
2020-09-17,64.2840576171875,65.10715696255417,64.20174893860076,64.69560728987084,20754040
2020-09-18,63.87251281738281,64.36637120632969,63.790204132516685,64.11944515173131,31389875
2020-09-21,63.707889556884766,64.44868021168276,63.62558087962933,63.87250691139563,19006472
2020-09-22,63.214027404785156,63.62557704601488,62.96709510814766,63.62557704601488,23201394
2020-09-23,63.13172149658203,63.543271196767705,63.049412812494914,63.378653828593464,17803854
2020-09-24,61.73245620727539,62.884796645761234,61.73245620727539,62.63786430903206,57338020
2020-09-25,61.15628433227539,62.30861840064961,60.99166069411501,62.06169236303357,38124876
2020-09-28,63.29634475708008,63.29634475708008,61.56783728283017,61.6501459664135,31682528
2020-09-29,63.37865447998047,64.53099490829378,63.37865447998047,63.62558681452979,31662973
2020-09-30,63.707889556884766,64.20174790016691,63.62558087962933,64.20174790016691,19229698
2020-10-05,63.95481491088867,64.61329688145295,63.790197558122344,64.36636457255398,19075464
2020-10-06,64.0371322631836,64.36636698103567,63.872508624507844,64.28405830157266,16976308
2020-10-07,63.707889556884766,64.03713054565604,63.46095724536892,63.707889556884766,17236406
2020-10-08,64.20175170898438,64.20175170898438,63.79020201854217,64.03713434470745,14942266
2020-10-12,64.77792358398438,64.86023855199801,64.28406517465453,64.53099751919464,37807427
2020-10-13,64.94254302978516,65.10716039563887,64.28406100687036,65.02485171271202,22946661
2020-10-14,64.20175170898438,64.86023372559187,64.20175170898438,64.28406039112284,36842974
2020-10-15,64.2840576171875,64.6132986112841,63.87250794450416,63.9548166230909,26260704
2020-10-16,64.69561004638672,65.76564175285459,64.366369038262,64.53099268219931,48409062
2020-10-19,66.91798400878906,67.08260137757019,65.60101993953977,65.84795227246153,85721985
2020-10-20,67.00028991699219,67.49414828262239,66.506431551362,67.08259859797225,45166857
2020-10-21,66.17720031738281,67.08260850132788,66.09489162425157,67.08260850132788,29912692
2020-10-22,66.50643157958984,66.50643157958984,66.09488189476502,66.50643157958984,23803904
2020-10-23,66.42411804199219,67.0002913809416,66.2595006764352,66.83566773563464,18545821
2020-10-26,66.0125732421875,66.75336400161238,65.84795586442661,66.75336400161238,14302954
2020-10-27,65.84794616699219,65.84794616699219,65.35408782668965,65.76563749023335,16558440
2020-10-28,64.44868469238281,65.60101881357231,64.366369729655,65.35409276463884,32904050
2020-10-29,64.20175170898438,64.3663690732613,63.21403496382304,63.87251070068062,30542424
2020-10-30,63.790199279785156,64.36636630976723,63.46095828561698,63.87250795838979,25967547
2020-11-02,64.44868469238281,64.44868469238281,63.70789398608244,63.790202669060264,17779122
2020-11-03,64.44868469238281,64.8602343870219,64.28406104667718,64.61330205833846,14572543
2020-11-04,64.8602294921875,65.3540878325342,64.20174751855889,64.5309885053732,18883924
2020-11-05,65.02484893798828,65.2717812559818,64.61329926116558,65.02484893798828,14635844
2020-11-06,65.60101318359375,65.76563681517112,65.27177847993788,65.51870450767979,20743330
2020-11-09,66.8356704711914,67.0826028093837,66.25950338840967,66.4241207607044,40370761
2020-11-10,66.50643157958984,66.83566630364983,66.09488189476502,66.75335762263484,21803806
2020-11-11,67.16490936279297,67.24721804632672,66.17719260088793,66.50643361477296,36673265
2020-11-12,67.4118423461914,67.49415103052252,66.50643425904904,67.2472186977791,40247491
2020-11-13,67.00028991699219,67.49414828262239,66.58874023234206,67.41183960164233,32154345
2020-11-16,67.9880142211914,68.23494657138632,67.41184711040398,67.49415580055211,50569861
2020-11-17,68.31724548339844,68.56417779825033,67.74107845507685,68.39955416176585,38225431
2020-11-18,68.48187255859375,68.64649621844043,68.0703228286028,68.2349464884495,30867662
2020-11-19,68.23493957519531,68.48186562032215,67.90569856860965,68.07031593202754,23168892
2020-11-20,67.90569305419922,68.56417501389726,67.57645207435019,68.56417501389726,24772897
2020-11-23,68.23493957519531,68.48186562032215,67.90569856860965,68.23493957519531,24562403
2020-11-24,67.49414825439453,68.3995563042962,67.49414825439453,68.3995563042962,22681919
2020-11-25,67.49414825439453,67.90569793887255,67.08259856991651,67.8233892579269,23261567
2020-11-26,68.31724548339844,68.48186284013327,67.9056958118117,67.98800449017912,33348687
2020-11-27,67.9880142211914,68.31725526153446,67.90570553104328,68.31725526153446,20952764
2020-11-30,67.74108123779297,68.31724828978275,67.49414891279741,68.0703159647872,60143496
2020-12-01,68.23493957519531,68.23493957519531,67.65876624373294,67.90569856860965,24728091
2020-12-02,68.07032012939453,68.56418480960075,67.82339406904168,68.31725246949765,34377676
2020-12-03,67.49414825439453,67.8233892579269,67.41183957344889,67.74108057698128,30592924
2020-12-04,68.23493957519531,68.64648926348993,67.9880072503186,68.31724825690426,47939163
2020-12-07,72.35043334960938,72.5150507059545,68.39955399983052,68.56417763592525,163202466
2020-12-08,72.10350036621094,73.83200771079228,71.85657433398478,72.76198234497981,118078656
2020-12-09,73.25584411621094,73.50277643973855,72.59736210663719,72.84429443016481,67687451
2020-12-10,72.18582153320312,73.00892100920203,71.69196310355392,72.76199493425274,54001144
2020-12-11,72.10350036621094,72.84429102238853,70.6219253336053,72.84429102238853,61132200
2020-12-14,72.18582153320312,73.25585336390195,72.18582153320312,72.67968624260298,47831161
2020-12-15,71.69195556640625,72.67967860161362,71.19809718867756,72.67967860161362,38829235
2020-12-16,72.59736633300781,72.59736633300781,71.93889056484971,72.43274896090584,46567554
2020-12-17,72.26812744140625,72.76198580912033,72.10350379900166,72.67967712779296,28002430
2020-12-18,72.18582153320312,72.59737127120258,72.0212041499036,72.51506257955282,27662859
2020-12-21,72.43274688720703,72.8442965854298,71.52733880706695,72.51505557090158,28796357
2020-12-22,72.18582153320312,74.4905025779003,72.0212041499036,72.43275388790305,93748698
2020-12-23,73.09123229980469,73.5850907045837,72.67968258253045,72.84429995754002,56084453
2020-12-24,73.74970245361328,73.99663477704078,73.25584408650815,73.6673937723874,41068845
2020-12-25,75.5605239868164,75.88975870800533,74.73742462434454,74.81973330464177,113953143
2020-12-28,75.5605239868164,76.54824070988272,75.5605239868164,76.05438234834956,67270084
2020-12-29,74.40818786621094,75.56052829532872,74.40818786621094,75.56052829532872,45541806
2020-12-30,75.39590454101562,75.39590454101562,74.1612554286199,74.90204615200736,40032714
2020-12-31,75.72514343261719,75.72514343261719,74.98435273004377,75.31359374004862,32172356
2021-01-04,82.22762298583984,82.3099316615515,76.79516875212732,76.877477427839,232054808
2021-01-05,85.60234069824219,86.42544012803299,83.13304240886983,83.13304240886983,232720464
2021-01-06,86.4254379272461,89.71783556256975,83.95613970075334,88.48318644932338,220680394
2021-01-07,88.0716323852539,88.8947317533404,86.83698333312418,88.8947317533404,113608177
2021-01-08,88.89473724365234,90.12938637203641,87.24853840580693,89.71783666257505,114222138
2021-01-11,88.48318481445312,89.71783390488736,87.66008542083031,88.89473451126455,70025114
2021-01-12,85.60234069824219,88.07163898761456,84.7792412684514,87.66008927271916,105949230
2021-01-13,87.66007995605469,88.07162962720987,86.42543094258913,86.42543094258913,78943569
2021-01-14,95.47952270507812,96.3026220387426,88.8947280357624,89.71782736942686,316406354
2021-01-15,95.06797790527344,97.94882572058475,93.01022946576535,97.12572634478153,170231060
2021-01-18,93.83332061767578,95.47951922500343,91.36402270668431,95.06796957317152,94781807
2021-01-19,94.65642547607422,95.89107450402302,93.83332612410837,94.65642547607422,86180045
2021-01-20,94.24488067626953,97.53727825447982,93.83333097899325,95.89107946537467,132669313
2021-01-21,96.30261993408203,96.71416959191998,94.6564213027302,95.89107027624406,86888141
2021-01-22,100.0065689086914,100.0065689086914,96.3026219120732,96.71417157836412,220512284
2021-01-25,101.24122619628906,102.06432559625888,96.71417949645499,100.41812679631923,140354341
2021-01-26,100.41812133789062,102.88741940357646,98.7719226274334,100.82967101550493,128809261
2021-01-27,101.24122619628906,102.4758752962438,100.82967649630415,102.06432559625888,88077943
2021-01-28,97.53728485107422,99.59503347662431,97.1257351259642,98.77193402640427,123343574
2021-01-29,91.77558135986328,98.77192612720712,91.77558135986328,97.94882674281374,180839900
2021-02-01,93.0102310180664,94.24488010237701,88.89473407036435,91.36403223898557,125774649
2021-02-02,95.89108276367188,97.12573189796808,93.83333420651154,94.65643362937567,83620277
2021-02-03,95.89108276367188,97.53728160940015,94.65643362937567,97.12573189796808,56279288
2021-02-04,93.83332061767578,95.47951922500343,93.01022131401196,94.2448702695077,63941176
2021-02-05,93.4217758178711,95.89107385710999,93.01022614466461,94.65642483749055,87886466
2021-02-17,93.83332061767578,95.47951922500343,92.59867166218005,94.6564199213396,91093426
2021-02-18,93.0102310180664,94.24488010237701,93.0102310180664,93.42178071283661,47106193
2021-02-19,90.54092407226562,92.5986723466353,90.12937441739169,92.18712269176136,85959400
2021-02-22,91.36402893066406,93.8333270098712,91.36402893066406,91.77557861053191,60362039
2021-02-23,91.77558135986328,92.59868074425668,89.3062832066831,90.1293825910765,50872508
2021-02-24,90.95247650146484,93.83332417345694,90.95247650146484,92.18712550374718,54709354
2021-02-25,95.89108276367188,95.89108276367188,93.83333420651154,94.65643362937567,112185849
2021-02-26,92.18712615966797,94.65642418180194,92.18712615966797,94.24487451144627,120238472
2021-03-02,92.18712615966797,94.24487451144627,92.18712615966797,94.24487451144627,53842839
2021-03-03,95.06797790527344,95.47952759317505,92.18713008996212,93.01022946576535,86556063
2021-03-04,94.24488067626953,95.47952976809839,92.1871321898881,95.0679800708221,79169388
2021-03-05,94.65642547607422,95.47952482804008,92.59867709615956,93.42177644812543,86577805
2021-03-08,93.4217758178711,95.89107385710999,93.01022614466461,95.47952418390351,54467978
2021-03-09,94.65642547607422,94.65642547607422,92.18712742017664,93.0102267721425,43931623
2021-03-10,95.06797790527344,96.30262696897829,94.65642821737183,95.47952759317505,47780881
2021-03-11,96.30261993408203,97.12571924975794,95.47952061840611,95.89107027624406,75529976
2021-03-12,98.77192687988281,98.77192687988281,96.7141784032186,96.7141784032186,95891682
2021-03-15,99.59501647949219,100.41811578924005,97.5372682051225,98.77191716974431,69445679
2021-03-16,101.24122619628906,101.65277589627397,99.5950273963494,100.00657709633431,93143082
2021-03-17,103.71051788330078,105.35671657986111,101.2412198384603,101.65276951260037,143286602
2021-03-18,106.59136962890625,108.23756838765384,105.35672055984556,105.35672055984556,138285317
2021-03-19,101.65278625488281,104.53363444834102,101.65278625488281,104.53363444834102,162495850
2021-03-22,107.00291442871094,107.00291442871094,102.06431837815505,102.06431837815505,108447343
2021-03-23,107.41446685791016,110.70686430949361,107.00291717646222,109.47221526514981,113002380
2021-03-24,105.35671997070312,108.6491174697876,104.12207090854645,107.00291872024536,80879262
2021-03-25,104.1220703125,106.59136842267787,103.29897094244072,104.53361999752966,64485260
2021-03-26,104.1220703125,105.35671936758894,103.71052062747036,104.9451696825593,52856534
2021-03-29,105.76826477050781,106.17981443887554,104.94516543377233,105.35671510214007,41198716
2021-03-30,106.59136962890625,107.00291931859314,105.76827024953245,106.59136962890625,46587752
2021-03-31,102.06431579589844,104.1220640982351,101.24121647496378,102.88741511683311,130007897
2021-04-01,100.0065689086914,103.29896623901868,99.18346957610957,102.47586690643686,97056517
2021-04-07,101.65278625488281,102.47588573872801,100.8296867710376,102.06433599680541,33781367
2021-04-08,100.82967376708984,101.24122345593511,100.00657438939932,101.24122345593511,38840858
2021-04-09,98.77192687988281,101.2412250518799,98.77192687988281,101.2412250518799,80329342
2021-04-12,99.1834716796875,100.41812070474586,97.94882265462915,98.77192200466806,69260254
2021-04-13,100.82967376708984,101.24122345593511,99.59502470055405,100.00657438939932,49602834
2021-04-14,100.0065689086914,101.65276757385504,97.94882057723684,101.24121790756413,53282943
2021-04-15,99.59501647949219,99.59501647949219,98.36036751487038,99.59501647949219,39497137
2021-04-16,101.65278625488281,102.06433599680541,100.418137029115,100.418137029115,52975405
2021-04-19,100.0065689086914,101.65276757385504,100.0065689086914,101.65276757385504,32187002
2021-04-20,100.41812133789062,100.41812133789062,99.595021982662,100.00657166027632,26160003
2021-04-21,98.77192687988281,100.00657596588135,98.77192687988281,99.59502627054852,34814313
2021-04-22,96.71417236328125,100.41811938996011,96.71417236328125,100.41811938996011,67451616
2021-04-23,97.9488296508789,97.9488296508789,96.30263083321707,96.30263083321707,39251297
2021-04-26,96.71417236328125,98.77192071143617,96.71417236328125,98.3603710418052,40961898
2021-04-27,97.53728485107422,99.18348375151429,97.1257351259642,97.53728485107422,54358808
2021-04-28,96.30261993408203,97.5372689075959,96.30261993408203,97.12571924975794,38888642
2021-04-29,95.47952270507812,97.5372710392393,95.47952270507812,97.12572137240706,45671359
2021-05-03,92.59867858886719,94.65642700195312,92.18712890625,94.65642700195312,71622387
2021-05-04,89.30628204345703,92.18712985131049,88.48318266978461,92.18712985131049,86723115
2021-05-05,90.54092407226562,93.42177165638316,90.54092407226562,90.54092407226562,65337936
2021-05-06,92.59867858886719,93.01022827148438,90.95247985839843,92.18712890625,37607241
2021-05-07,96.71417236328125,96.71417236328125,93.83332467586436,94.24487434549535,60426256
2021-05-10,93.0102310180664,95.89107888145784,93.0102310180664,95.47952918668763,41561886
2021-05-11,88.0716323852539,90.54093048951336,87.24853301716742,90.12938080547012,80002280
2021-05-12,83.95614624023438,87.66009386848002,79.42909913904526,85.60234518612133,149627674
2021-05-13,84.77923583984375,86.42543459401547,80.82835631793166,81.89838802004324,70416230
2021-05-14,86.01388549804688,87.24853457218153,85.19078611529045,86.42543518942509,43828851
2021-05-17,80.82835388183594,83.95613393239363,79.92294585027967,82.30993522783689,96882339
2021-05-18,88.0716323852539,88.48318206929714,83.13303617673499,83.54458586077824,81635753
2021-05-19,86.4254379272461,87.66008704049246,85.60233851841518,87.66008704049246,47341275
2021-05-20,87.24853515625,87.66008485038326,86.01388607385023,86.42543576798349,42732251
2021-05-21,90.12938690185547,90.54093661373608,88.89473776621361,88.89473776621361,53869601
2021-05-24,90.12938690185547,90.54093661373608,88.89473776621361,89.30628747809423,31062650
2021-05-25,92.18712615966797,93.01022550037929,90.95247714860099,91.36402681895665,50727292
2021-05-26,91.77558135986328,93.42178012865007,90.9524819754699,93.42178012865007,24690941
2021-05-27,90.12938690185547,90.9524863256167,88.48318805433298,90.54093661373608,61173641
2021-05-28,91.36402893066406,91.77557861053191,90.54092957092834,90.9524792507962,26886430
2021-05-31,93.4217758178711,93.4217758178711,91.77557712504517,92.18712679825165,34198356
2021-06-01,94.24488067626953,94.65643037354582,93.42178128171696,94.24488067626953,22263808
2021-06-02,92.18712615966797,95.06797385215759,91.36402681895665,94.65642418180194,32957334
2021-06-03,91.36402893066406,93.01022765013548,90.9524792507962,93.01022765013548,23957797
2021-06-04,92.18712615966797,92.59867583002364,89.71782813753401,90.54092747824534,28808854
2021-06-07,90.95247650146484,92.59867517117462,89.71782749918252,92.59867517117462,20309568
2021-06-08,90.95247650146484,91.77557583631973,90.5409268340374,91.3640261688923,18203485
2021-06-09,90.12938690185547,91.36403603749731,90.12938690185547,90.54093661373608,22680962
2021-06-10,90.95247650146484,91.77557583631973,90.12937716660997,90.5409268340374,18992629
2021-06-11,93.4217758178711,94.24487516428407,91.77557712504517,91.77557712504517,36017587
2021-06-15,93.0102310180664,94.24488010237701,92.18713162852599,93.42178071283661,23544247
2021-06-16,91.77558135986328,93.01023043645337,91.77558135986328,92.18713105205998,23871999
2021-06-17,93.0102310180664,93.0102310180664,90.54093284944517,90.95248254421537,18109232
2021-06-18,91.77558135986328,93.01023043645337,91.77558135986328,92.59868074425668,29445549
2021-06-21,89.30628204345703,90.95248079080186,89.30628204345703,90.95248079080186,34818980
2021-06-22,89.30628204345703,90.54093110396565,89.30628204345703,90.12938141712945,21910960
2021-06-23,91.77558135986328,92.18713105205998,89.3062832066831,89.7178328988798,27710302
2021-06-24,93.0102310180664,93.83333040760681,91.36403223898557,91.77558193375579,31065987
2021-06-25,93.0102310180664,94.65642979714723,93.0102310180664,93.83333040760681,35574740
2021-06-28,91.77558135986328,93.42178012865007,91.3640316676666,93.01023043645337,23702001
2021-06-29,91.77558135986328,92.59868074425668,91.77558135986328,92.59868074425668,17706887
2021-06-30,92.18712615966797,93.42177517073496,92.18712615966797,92.18712615966797,31076380
2021-07-01,92.18712615966797,92.59867583002364,91.77557648931231,92.59867583002364,15859329
2021-07-02,91.77558135986328,92.59868074425668,91.77558135986328,92.18713105205998,16486732
2021-07-05,96.30261993408203,96.30261993408203,92.18712335570245,92.5986730135404,80145148
2021-07-06,95.89108276367188,96.71418218653601,95.06798334080774,95.89108276367188,43748805
2021-07-07,94.65642547607422,96.30262418000595,94.65642547607422,95.89107450402302,27901240
2021-07-08,95.06797790527344,95.89107728107668,94.65642821737183,94.65642821737183,23792227
2021-07-09,93.83332061767578,94.6564199213396,93.01022131401196,94.2448702695077,28407636
2021-07-12,94.65642547607422,95.47952482804008,94.2448758000913,95.06797515205716,17024161
2021-07-13,95.89108276367188,96.30263247510395,95.06798334080774,95.47953305223982,36478720
2021-07-14,95.47952270507812,96.71417170557483,95.47952270507812,96.71417170557483,27098250
2021-07-15,98.3603744506836,98.77192413457766,95.89107634731914,96.30262603121322,62649339
2021-07-16,98.3603744506836,98.3603744506836,97.12572539900137,97.53727508289545,33640925
2021-07-19,95.89108276367188,97.94883132083221,95.47953305223982,97.53728160940015,31735324
2021-07-20,94.24488067626953,95.47952976809839,94.24488067626953,94.65643037354582,26267081
2021-07-21,92.59867858886719,95.4795263671875,92.18712890625,95.4795263671875,62986162
2021-07-22,94.3055648803711,96.01245293250452,92.59867682823769,93.02539884127104,59259611
2021-07-23,94.3055648803711,95.58573091947116,93.87884286733774,95.58573091947116,21521533
2021-07-26,93.87884521484375,94.73228926225141,92.59867914373224,94.73228926225141,33363024
2021-07-27,95.15901184082031,95.58573386701232,93.87884576224425,94.73228981462829,27586534
2021-07-28,94.3055648803711,94.73228689340445,93.02539884127104,94.3055648803711,32678903
2021-07-29,94.73229217529297,95.15901421211862,93.87884810164168,94.73229217529297,20815906
2021-07-30,93.87884521484375,95.15901128595526,93.45212319113992,93.87884521484375,28280514
2021-08-02,96.4391860961914,96.4391860961914,93.87885372195623,94.7322978467013,24048289
2021-08-03,95.15901184082031,96.43917791939637,94.30556778843626,96.01245589320435,21627785
2021-08-04,95.58573913574219,96.01246118545532,94.73229503631592,95.58573913574219,21197328
2021-08-05,95.58573913574219,95.58573913574219,94.73229503631592,94.73229503631592,19911790
2021-08-06,96.012451171875,96.43917317708333,94.73228515625,95.15900716145833,41254699
2021-08-09,95.58573913574219,96.01246118545532,94.73229503631592,95.58573913574219,23189411
2021-08-10,92.59867858886719,95.58573273689517,92.59867858886719,95.15901071574831,42815166
2021-08-11,93.02540588378906,93.02540588378906,90.46507361175817,91.31851770243514,46678699
2021-08-12,93.02540588378906,93.45212792912754,92.1719617931121,93.02540588378906,18499146
2021-08-13,93.02540588378906,93.87884997446604,92.1719617931121,93.45212792912754,46504498
2021-08-16,91.7452392578125,93.02540538699128,90.89179517169332,92.5986833439317,34806631
2021-08-17,91.7452392578125,91.7452392578125,91.7452392578125,91.7452392578125,0
2021-08-18,91.31851196289062,91.7452339814088,89.18490187029973,90.03834590733608,31829261
2021-08-19,87.90473937988281,90.46507159483085,87.47801734405813,90.46507159483085,51471834
2021-08-20,89.18490600585938,90.46507212077601,87.05129581433164,88.75818396755382,30316791
2021-08-23,91.7452392578125,92.1719613008721,90.03835108557413,90.03835108557413,22499882
2021-08-24,93.02540588378906,93.02540588378906,91.74523974777362,92.59868383845058,17889785
2021-08-25,92.59867858886719,93.02540061001405,91.74523454657349,93.02540061001405,14045849
2021-08-26,91.7452392578125,93.02540538699128,91.31851721475292,92.5986833439317,12987155
2021-08-27,92.17195892333984,92.59868095539234,90.89179282718234,91.74523689128733,13808230
2021-08-30,93.02540588378906,93.02540588378906,91.74523974777362,92.59868383845058,13911174
2021-08-31,94.73229217529297,94.73229217529297,92.17195995433912,92.59868199116475,30458896
2021-09-01,94.73229217529297,95.58573624894426,93.87884810164168,94.73229217529297,22232171
2021-09-02,95.15901184082031,96.43917791939637,94.30556778843626,94.73228981462829,29565666
2021-09-03,96.012451171875,96.43917317708333,95.15900716145833,95.58572916666667,23894007
2021-09-06,94.73229217529297,96.43918032259555,94.30557013846733,96.01245828576991,18270142
2021-09-07,92.59867858886719,93.87884465230775,92.17195656772034,93.4521226311609,23133531
2021-09-08,91.7452392578125,93.45212743005088,91.31851721475292,92.5986833439317,28436166
2021-09-09,91.31851196289062,91.7452339814088,90.46506792585426,90.89178994437245,20347345
2021-09-10,92.17195892333984,92.59868095539234,91.31851485923484,91.31851485923484,13206233
2021-09-13,90.89178466796875,92.17195064920776,90.89178466796875,91.74522865546142,15297618
2021-09-14,91.7452392578125,92.1719613008721,90.89179517169332,91.7452392578125,19165417
2021-09-15,92.59867858886719,94.3055666734546,91.74523454657349,92.17195656772034,63262671
2021-09-16,91.7452392578125,93.45212743005088,91.7452392578125,92.5986833439317,22861780
2021-09-17,92.59867858886719,93.4521226311609,91.31851252542663,91.74523454657349,38649036
2021-09-22,91.31851196289062,91.7452339814088,90.46506792585426,90.89178994437245,38460147
2021-09-23,90.89178466796875,92.17195064920776,90.46506267422242,91.31850666171509,18878589
2021-09-24,91.7452392578125,92.1719613008721,91.31851721475292,91.7452392578125,15280177
2021-09-27,91.7452392578125,92.5986833439317,91.31851721475292,91.31851721475292,13850268
2021-09-28,90.89178466796875,91.74522865546142,90.46506267422242,91.31850666171509,22169547
2021-09-29,89.61162567138672,90.03834769839332,89.18490364438011,89.61162567138672,32073278
2021-09-30,89.61162567138672,90.46506972539993,88.75818161737351,89.61162567138672,22552355
2021-10-01,87.90473937988281,89.61162752318151,87.90473937988281,89.18490548735683,34131219
2021-10-04,87.90473937988281,89.61162752318151,87.47801734405813,89.18490548735683,25219519
2021-10-05,86.62457275390625,87.4780168204472,86.19785072063577,87.05129478717673,41574679
2021-10-06,87.90473937988281,89.18490548735683,87.90473937988281,88.33146141570748,38805074
2021-10-07,91.31851196289062,91.31851196289062,88.75817985178153,89.18490187029973,38220702
2021-10-08,92.17195892333984,92.17195892333984,90.89179282718234,91.74523689128733,27430627
2021-10-12,89.61162567138672,91.31851377941314,89.18490364438011,90.89179175240653,38628919
2021-10-13,90.0383529663086,90.89179707025464,89.18490886236253,90.46507501828161,18684819
2021-10-14,90.89178466796875,91.74522865546142,90.89178466796875,91.31850666171509,17684751
2021-10-15,93.45211791992188,93.87883991955623,91.74522992138449,92.17195192101885,49011891
2021-10-18,91.7452392578125,94.73229355922966,91.31851721475292,94.30557151617006,42099090
2021-10-19,91.31851196289062,93.02540003696335,90.89178994437245,92.59867801844517,26270635
2021-10-20,91.7452392578125,92.5986833439317,90.89179517169332,91.7452392578125,29381245
2021-10-21,92.17195892333984,92.59868095539234,91.31851485923484,92.17195892333984,30517157
2021-10-22,91.7452392578125,92.5986833439317,91.31851721475292,92.1719613008721,14667653
2021-10-25,92.17195892333984,93.02540298744483,91.31851485923484,91.74523689128733,21027449
2021-10-26,93.02540588378906,93.45212792912754,92.1719617931121,92.59868383845058,18026359
2021-10-27,92.17195892333984,93.02540298744483,91.74523689128733,93.02540298744483,15831617
2021-10-28,92.59867858886719,93.02540061001405,91.74523454657349,92.17195656772034,14181424
2021-10-29,91.31851196289062,92.59867801844517,91.31851196289062,92.59867801844517,20664910
2021-11-01,90.89178466796875,92.17195064920776,90.89178466796875,92.17195064920776,18124077
2021-11-02,91.7452392578125,92.5986833439317,91.31851721475292,91.31851721475292,20172294
2021-11-03,91.7452392578125,92.5986833439317,91.7452392578125,91.7452392578125,12249306
2021-11-04,92.17195892333984,92.59868095539234,91.74523689128733,92.59868095539234,11307246
2021-11-05,93.02540588378906,93.02540588378906,91.74523974777362,92.1719617931121,17621370
2021-11-08,91.7452392578125,92.1719613008721,91.31851721475292,91.7452392578125,19912872
2021-11-09,92.17195892333984,92.17195892333984,91.31851485923484,91.74523689128733,23901115
2021-11-10,93.02540588378906,93.45212792912754,91.74523974777362,92.1719617931121,22839265
2021-11-11,91.7452392578125,93.02540538699128,91.7452392578125,92.5986833439317,18674012
2021-11-12,93.02540588378906,93.45212792912754,92.1719617931121,92.59868383845058,26633641
2021-11-15,92.17195892333984,93.87884705154984,92.17195892333984,93.02540298744483,25735186
2021-11-16,92.17195892333984,93.02540298744483,92.17195892333984,92.59868095539234,15746287
2021-11-17,91.31851196289062,92.59867801844517,90.89178994437245,92.59867801844517,31800650
2021-11-18,91.31851196289062,91.7452339814088,90.89178994437245,91.31851196289062,30441523
2021-11-19,90.89178466796875,92.17195064920776,90.89178466796875,91.74522865546142,20714969
2021-11-22,90.89178466796875,91.74522865546142,90.89178466796875,91.31850666171509,17750562
2021-11-23,90.46507263183594,91.31851671326835,90.46507263183594,90.89179467255214,22288461
2021-11-24,90.0383529663086,90.89179707025464,89.18490886236253,90.46507501828161,29810172
2021-11-25,89.61162567138672,90.89179175240653,89.61162567138672,90.89179175240653,17457242
2021-11-26,88.33145141601562,89.61161737856658,88.33145141601562,89.61161737856658,24109403
2021-11-29,88.33145141601562,90.03833936608356,87.47800744098166,87.90472942849864,27800208
2021-11-30,88.33145141601562,90.03833936608356,87.90472942849864,88.75817340353261,49334401
2021-12-01,90.0383529663086,90.46507501828161,88.33146475841649,88.33146475841649,22443321
2021-12-02,89.61162567138672,91.31851377941314,89.61162567138672,89.61162567138672,27037026
2021-12-03,89.61162567138672,90.46506972539993,89.61162567138672,90.03834769839332,18091990
2021-12-06,90.89178466796875,91.31850666171509,89.61161868672976,90.0383406804761,22698693
2021-12-07,90.46507263183594,91.74523875398455,89.61162855040352,90.46507263183594,25236546
2021-12-08,89.61162567138672,91.31851377941314,89.61162567138672,90.89179175240653,35111410
2021-12-09,90.46507263183594,90.46507263183594,89.61162855040352,89.61162855040352,15077799
2021-12-10,89.61162567138672,90.46506972539993,89.18490364438011,90.03834769839332,20356210
2021-12-13,89.18490600585938,90.46507212077601,89.18490600585938,89.61162804416492,17305354
2021-12-14,89.18490600585938,90.03835008247046,88.75818396755382,89.18490600585938,22026866
2021-12-15,89.61162567138672,89.61162567138672,88.33145959036692,88.75818161737351,22944995
2021-12-16,88.33145141601562,90.46506135360055,88.33145141601562,90.03833936608356,33943652
2021-12-17,88.33145141601562,88.75817340353261,87.90472942849864,88.33145141601562,31642630
2021-12-20,87.90473937988281,88.75818345153216,87.90473937988281,88.33146141570748,17983356
2021-12-21,89.18490600585938,89.18490600585938,87.90473989094272,88.33146192924828,13187322
2021-12-22,88.33145141601562,89.1848953910496,88.33145141601562,89.1848953910496,11494283
2021-12-23,88.75818634033203,89.18490839004517,88.3314642906189,88.75818634033203,13822871
2021-12-24,88.75818634033203,89.6116304397583,88.75818634033203,89.18490839004517,11585049
2021-12-27,89.18490600585938,89.61162804416492,88.75818396755382,89.18490600585938,8809417
2021-12-28,90.0383529663086,90.0383529663086,89.18490886236253,89.18490886236253,15514907
2021-12-29,89.61162567138672,90.03834769839332,89.18490364438011,89.61162567138672,13358175
2021-12-30,88.75818634033203,89.6116304397583,88.75818634033203,89.18490839004517,16940701
2022-01-03,87.90473937988281,89.61162752318151,87.90473937988281,89.18490548735683,21800309
2022-01-04,88.33145141601562,88.75817340353261,87.90472942849864,88.75817340353261,18097232
2022-01-05,93.02540588378906,94.732294065143,88.33146338506576,88.75818543040425,142256949
2022-01-06,91.31851196289062,92.59867801844517,90.46506792585426,92.17195599992698,49111058
2022-01-07,90.89178466796875,92.59867264295409,90.46506267422242,92.17195064920776,38575103
2022-01-10,89.18490600585938,90.89179415908156,88.75818396755382,90.46507212077601,34566857
2022-01-11,89.18490600585938,89.61162804416492,88.75818396755382,89.18490600585938,26075278
2022-01-12,89.18490600585938,90.03835008247046,88.75818396755382,89.61162804416492,18805639
2022-01-13,90.0383529663086,90.0383529663086,89.18490886236253,89.61163091433556,19590729
2022-01-14,88.33145141601562,90.03833936608356,87.90472942849864,89.61161737856658,38360049
2022-01-17,88.33145141601562,89.1848953910496,88.33145141601562,88.33145141601562,16094235
2022-01-18,88.33145141601562,89.1848953910496,88.33145141601562,89.1848953910496,14778734
2022-01-19,88.33145141601562,89.1848953910496,87.90472942849864,88.33145141601562,23938918
2022-01-20,87.90473937988281,88.75818345153216,87.90473937988281,88.33146141570748,28843468
2022-01-21,87.05130004882812,87.90474416695389,87.05130004882812,87.47802210789101,32900646
2022-01-24,87.90473937988281,89.18490548735683,87.47801734405813,87.90473937988281,41645390
2022-01-25,87.90473937988281,88.33146141570748,87.05129530823346,87.90473937988281,28944982
2022-01-26,87.05130004882812,88.33146622601677,87.05130004882812,87.90474416695389,33050112
2022-02-07,87.90473937988281,89.18490548735683,87.47801734405813,87.47801734405813,33556371
2022-02-08,90.0383529663086,90.46507501828161,87.90474270644346,88.7581868103895,42889717
2022-02-09,90.89178466796875,90.89178466796875,90.0383406804761,90.46506267422242,22694894
2022-02-10,90.89178466796875,91.31850666171509,90.0383406804761,90.89178466796875,20096356
2022-02-11,90.46507263183594,90.46507263183594,89.18490650968731,90.03835059111972,16613415
2022-02-14,88.75818634033203,89.6116304397583,88.3314642906189,89.6116304397583,22322581
2022-02-15,88.75818634033203,89.6116304397583,88.75818634033203,88.75818634033203,13442567
2022-02-16,90.0383529663086,90.46507501828161,89.18490886236253,89.61163091433556,13415034
2022-02-17,90.46507263183594,90.89179467255214,89.61162855040352,90.46507263183594,25431607
2022-02-18,90.0383529663086,90.46507501828161,89.61163091433556,89.61163091433556,11303877
2022-02-21,90.46507263183594,91.31851671326835,89.18490650968731,89.61162855040352,23424745
2022-02-22,89.18490600585938,90.03835008247046,88.75818396755382,89.61162804416492,25922027
2022-02-23,89.61162567138672,90.03834769839332,89.18490364438011,89.18490364438011,14519774
2022-02-24,87.47801208496094,89.18490012564311,87.47801208496094,88.75817811547256,47297284
2022-02-25,87.90473937988281,88.33146141570748,87.47801734405813,87.90473937988281,29597295
2022-03-01,89.18490600585938,90.03835008247046,88.33146192924828,88.75818396755382,28845483
2022-03-02,89.18490600585938,89.61162804416492,88.75818396755382,88.75818396755382,13781632
2022-03-03,89.18490600585938,90.03835008247046,89.18490600585938,89.61162804416492,13799475
2022-03-04,89.61162567138672,89.61162567138672,88.33145959036692,88.75818161737351,18406414
2022-03-07,87.47801208496094,88.75817811547256,87.47801208496094,88.75817811547256,43631775
2022-03-08,86.62457275390625,87.4780168204472,85.34440665409483,86.62457275390625,60192113
2022-03-09,86.62457275390625,87.4780168204472,86.62457275390625,87.05129478717673,29168018
2022-03-10,87.90473937988281,88.75818345153216,87.47801734405813,87.90473937988281,25008712
2022-03-11,88.33145141601562,88.75817340353261,87.47800744098166,87.90472942849864,23629440
2022-03-14,87.47801208496094,88.75817811547256,87.47801208496094,87.90473409513149,25796152
2022-03-15,86.1978530883789,87.90474126834681,86.1978530883789,87.05129717836286,31099190
2022-03-16,86.62457275390625,87.4780168204472,85.34440665409483,86.62457275390625,35941142
2022-03-17,88.75818634033203,89.18490839004517,87.90474224090576,88.3314642906189,43536754
2022-03-18,90.46507263183594,90.46507263183594,88.3314624282549,89.61162855040352,82056684
2022-03-21,89.18490600585938,90.89179415908156,89.18490600585938,90.46507212077601,21118636
2022-03-22,88.75818634033203,89.18490839004517,88.3314642906189,88.75818634033203,21010720
2022-03-23,90.0383529663086,90.0383529663086,88.7581868103895,89.18490886236253,19285529
2022-03-24,90.89178466796875,92.17195064920776,89.18489669298343,89.61161868672976,50161697
2022-03-25,90.46507263183594,91.31851671326835,90.46507263183594,90.89179467255214,20559680
2022-03-28,90.46507263183594,90.89179467255214,89.18490650968731,90.03835059111972,19827138
2022-03-29,90.0383529663086,90.89179707025464,89.18490886236253,90.46507501828161,15281994
2022-03-30,90.0383529663086,90.46507501828161,89.61163091433556,90.46507501828161,19929601
2022-03-31,90.46507263183594,90.89179467255214,90.03835059111972,90.46507263183594,20008814
2022-04-01,89.18490600585938,90.03835008247046,89.18490600585938,89.61162804416492,23307788
2022-04-06,89.61162567138672,89.61162567138672,88.75818161737351,89.18490364438011,31289599
2022-04-07,87.90473937988281,89.61162752318151,87.90473937988281,89.18490548735683,34459124
2022-04-08,87.90473937988281,88.33146141570748,87.47801734405813,87.90473937988281,24825800
2022-04-11,87.05130004882812,88.33146622601677,86.62457798976524,87.90474416695389,28845321
2022-04-12,87.05130004882812,87.90474416695389,86.62457798976524,87.05130004882812,17640348
2022-04-13,88.75818634033203,89.18490839004517,87.47802019119263,87.90474224090576,15837431
2022-04-14,88.75818634033203,89.18490839004517,88.3314642906189,88.75818634033203,8896584
2022-04-15,87.90473937988281,88.75818345153216,87.90473937988281,88.33146141570748,11699116
2022-04-18,87.47801208496094,87.90473409513149,87.0512900747904,87.0512900747904,11383276
2022-04-19,87.05130004882812,88.33146622601677,87.05130004882812,87.90474416695389,17643855
2022-04-20,87.90473937988281,87.90473937988281,87.05129530823346,87.47801734405813,19489328
2022-04-21,87.90473937988281,88.75818345153216,87.90473937988281,88.33146141570748,18357634
2022-04-22,88.33145141601562,88.33145141601562,87.05128545346467,87.47800744098166,16603902
2022-04-25,85.77112579345703,87.47801386894871,85.77112579345703,87.47801386894871,40565427
2022-04-26,86.1978530883789,86.62457513337088,85.77113104338693,86.1978530883789,20545513
2022-04-27,85.34440612792969,85.77112815856933,85.08837030504131,85.25906302405404,29697752
2022-04-28,86.62457275390625,86.62457275390625,85.34440665409483,85.34440665409483,27751372
2022-04-29,87.05130004882812,87.05130004882812,86.62457798976524,86.62457798976524,14137983
2022-05-03,87.47801208496094,87.90473409513149,86.62456806461987,87.0512900747904,17216495
2022-05-04,88.75818634033203,89.18490839004517,87.90474224090576,88.3314642906189,29912716
2022-05-05,89.18490600585938,90.03835008247046,88.75818396755382,89.61162804416492,34766562
2022-05-06,88.75818634033203,88.75818634033203,87.47802019119263,88.3314642906189,27316318
2022-05-09,88.75818634033203,88.75818634033203,87.90474224090576,88.3314642906189,24282777
2022-05-10,88.75818634033203,88.75818634033203,87.47802019119263,87.90474224090576,17584435
2022-05-11,87.90473937988281,88.75818345153216,87.90473937988281,88.33146141570748,19605349
2022-05-12,87.05130004882812,87.90474416695389,87.05130004882812,87.90474416695389,22154008
2022-05-13,88.75818634033203,88.75818634033203,87.90474224090576,88.75818634033203,19656439
2022-05-16,89.18490600585938,89.18490600585938,88.33146192924828,88.75818396755382,22467860
2022-05-17,89.61162567138672,89.61162567138672,88.75818161737351,89.18490364438011,25153620
2022-05-18,91.31851196289062,91.31851196289062,89.6116238888179,90.03834590733608,55743416
2022-05-19,91.7452392578125,91.7452392578125,89.61162904251454,90.03835108557413,37286039
2022-05-20,91.31851196289062,93.02540003696335,91.31851196289062,91.7452339814088,45964633
2022-05-23,92.17195892333984,93.02540298744483,91.31851485923484,92.17195892333984,34196330
2022-05-24,92.17195892333984,93.02540298744483,92.17195892333984,92.17195892333984,37199729
2022-05-25,93.45211791992188,93.87883991955623,92.17195192101885,92.59867392065318,75541746
2022-05-26,93.02540588378906,94.30557201980452,92.59868383845058,93.87884997446604,39995538
2022-05-27,93.87884521484375,94.73228926225141,93.45212319113992,93.87884521484375,51671206
2022-05-30,94.3055648803711,94.73228689340445,93.02539884127104,94.3055648803711,43770168
2022-05-31,96.4391860961914,96.4391860961914,93.87885372195623,94.7322978467013,89526207
2022-06-01,97.71934509277344,98.99951118569186,95.58573493790938,96.01245696888219,71080756
2022-06-02,97.29261779785156,98.99950582939282,96.86589578996626,97.71933980573688,36440162
2022-06-06,98.57278442382812,98.99950643432088,97.29261839234984,98.14606241333536,35782678
2022-06-07,96.86589813232422,98.5727862051405,96.86589813232422,98.14606418693644,37688003
2022-06-08,97.29261779785156,98.1460618136222,96.86589578996626,97.71933980573688,18570005
2022-06-09,98.57278442382812,98.57278442382812,96.86589638185707,97.29261839234984,29571170
2022-06-10,97.29261779785156,98.1460618136222,97.29261779785156,98.1460618136222,24037427
2022-06-13,95.15901184082031,96.01245589320435,94.73228981462829,96.01245589320435,45251873
2022-06-14,95.15901184082031,96.01245589320435,93.87884576224425,93.87884576224425,31839349
2022-06-15,95.58573913574219,96.01246118545532,95.15901708602905,96.01246118545532,24548371
2022-06-16,95.15901184082031,96.86589994558838,94.30556778843626,96.86589994558838,31543119
2022-06-17,93.45211791992188,94.73228391882492,93.45211791992188,93.87883991955623,49546955
2022-06-20,93.02540588378906,94.30557201980452,92.59868383845058,93.87884997446604,33359214
2022-06-21,95.58573913574219,96.01246118545532,94.30557298660278,94.30557298660278,38500252
2022-06-22,93.45211791992188,95.15900591845927,93.45211791992188,95.15900591845927,31181855
2022-06-23,92.17195892333984,94.30556908360234,91.74523689128733,94.30556908360234,45758826
2022-06-24,93.87884521484375,94.30556723854758,92.59867914373224,93.02540116743607,29542926
2022-06-27,94.73229217529297,95.58573624894426,94.73229217529297,94.73229217529297,25944301
2022-06-28,95.58573913574219,95.58573913574219,93.87885093688965,95.15901708602905,27617500
2022-06-29,94.73229217529297,96.01245828576991,94.30557013846733,95.15901421211862,33501065
2022-06-30,93.02540588378906,94.732294065143,93.02540588378906,94.30557201980452,44339108
2022-07-01,90.46507263183594,93.02540487613318,90.03835059111972,92.59868283541697,62417854
2022-07-04,89.74708557128906,91.54202728271484,89.29835014343261,90.19582099914551,70346389
2022-07-05,91.99076843261719,92.43950388838604,90.6445620653106,91.54203297684832,45133868
2022-07-06,90.1958236694336,92.88823631628236,90.1958236694336,92.43950087514091,45606608
2022-07-07,92.88823699951172,92.88823699951172,90.1958243328592,90.64455977730128,40971306
2022-07-08,91.54203796386719,93.33697988472733,91.09330248365215,92.88824440451229,34112553
2022-07-11,90.64456176757812,91.542032676168,90.19582631328318,91.542032676168,18375028
2022-07-12,90.1958236694336,90.64455911057506,89.47784422474348,89.74708822829214,26056813
2022-07-13,91.99076843261719,92.88823934415491,91.99076843261719,92.43950388838604,31813542
2022-07-14,94.23444366455078,95.13191455659413,91.99076643444242,91.99076643444242,46066645
2022-07-15,94.23444366455078,95.13191455659413,93.78570821852911,94.23444366455078,24630202
2022-07-18,94.23444366455078,94.68317911057245,93.33697277250744,94.23444366455078,17000378
2022-07-19,93.33697509765625,94.2344460120568,92.88823964045598,93.78571055485652,20445793
2022-07-20,92.88823699951172,94.23444333283797,92.43950155506963,93.3369724439538,35017029
2022-07-21,94.68318176269531,94.68318176269531,92.88823992833142,93.33697538692239,23154380
2022-07-22,95.13191986083984,95.58065533188154,94.23444891875644,94.68318438979814,28741668
2022-07-25,96.4781265258789,96.9268619980923,94.68318463702535,95.13192010923873,39068310
2022-07-26,96.92686462402344,97.37560010839393,96.02939365528248,96.92686462402344,22725130
2022-07-27,96.92686462402344,98.27307107713487,96.47812913965296,97.37560010839393,30666386
2022-07-28,97.3755874633789,97.82432288947743,96.92685203728038,97.82432288947743,21777281
2022-07-29,97.82432556152344,98.27306099987905,97.37559012316783,97.82432556152344,21866952
2022-08-01,97.82432556152344,97.82432556152344,96.92685468481221,97.37559012316783,14697891
2022-08-02,96.92686462402344,96.92686462402344,95.580658170912,96.92686462402344,40353392
2022-08-03,97.3755874633789,97.3755874633789,96.02938118508334,96.47811661118186,30936472
2022-08-04,96.92686462402344,97.37560010839393,95.580658170912,96.92686462402344,38651714
2022-08-05,96.92686462402344,97.8243355927644,96.92686462402344,97.37560010839393,24868879
2022-08-08,96.92686462402344,96.92686462402344,95.580658170912,96.02939365528248,22571210
2022-08-09,97.82432556152344,97.82432556152344,96.02938380810099,96.92685468481221,25759491
2022-08-10,98.7218017578125,99.61927268288353,96.92685990767046,97.82433083274148,56343332
2022-08-11,101.41421508789062,101.41421508789062,99.17053776293729,100.06800869291862,62046990
2022-08-12,100.96546936035156,102.31167561848957,100.51673394097222,101.4142047797309,48405887
2022-08-15,100.5167465209961,101.41421747207642,100.06801104545593,101.41421747207642,29323346
2022-08-16,99.61927795410156,100.51674892666104,99.17054246782182,100.51674892666104,28765617
2022-08-17,100.96546936035156,100.96546936035156,99.61926310221354,99.61926310221354,30500758
2022-08-18,100.5167465209961,100.96548199653625,99.61927556991577,100.96548199653625,25764909
2022-08-19,99.61927795410156,100.51674892666104,99.61927795410156,100.06801344038129,17611604
2022-08-22,98.7218017578125,99.61927268288353,98.7218017578125,99.17053722034801,10185000
2022-08-23,98.7218017578125,99.17053722034801,98.27306629527699,98.7218017578125,17881145
2022-08-24,98.27306365966797,99.61927001117027,97.82432820916719,99.1705345606695,24541358
2022-08-25,98.27306365966797,99.1705345606695,98.27306365966797,98.27306365966797,14108637
2022-08-26,99.1705322265625,99.1705322265625,98.2730613466841,98.7217967866233,17056269
2022-08-29,96.92686462402344,97.8243355927644,96.92686462402344,97.37560010839393,26838820
2022-08-30,97.3755874633789,97.82432288947743,96.92685203728038,97.3755874633789,21797499
2022-08-31,97.82432556152344,98.27306099987905,96.4781192464566,96.92685468481221,28991269
2022-09-01,96.4781265258789,97.37559747030569,96.02939105366552,96.9268619980923,37415613
2022-09-02,96.4781265258789,96.9268619980923,96.02939105366552,96.9268619980923,17074664
2022-09-05,96.92686462402344,97.37560010839393,96.47812913965296,96.92686462402344,21079281
2022-09-06,97.3755874633789,97.3755874633789,96.47811661118186,97.3755874633789,16384324
2022-09-07,95.13191986083984,96.92686174500663,95.13191986083984,96.47812627396493,31588795
2022-09-08,96.02938842773438,96.02938842773438,95.13191750784901,96.02938842773438,15056746
2022-09-12,97.3755874633789,97.82432288947743,96.47811661118186,97.3755874633789,18427897
2022-09-13,98.7218017578125,99.17053722034801,97.37559537020597,97.82433083274148,32733009
2022-09-14,96.4781265258789,97.37559747030569,96.02939105366552,96.4781265258789,26434615
2022-09-15,96.92686462402344,97.37560010839393,96.47812913965296,96.47812913965296,17100232
2022-09-16,96.4781265258789,96.9268619980923,96.02939105366552,96.4781265258789,37103124
2022-09-19,96.02938842773438,96.92685934761974,95.58065296779169,96.47812388767706,17131612
2022-09-20,97.3755874633789,97.3755874633789,96.02938118508334,96.47811661118186,25688754
2022-09-21,96.02938842773438,97.37559480756242,95.58065296779169,97.37559480756242,25799149
2022-09-22,96.02938842773438,96.47812388767706,95.13191750784901,95.58065296779169,24048970
2022-09-23,95.58065032958984,96.47812122470336,95.13191488203309,96.0293857771466,15318321
2022-09-26,93.33697509765625,95.13191692645732,92.88823964045598,94.68318146925706,40675073
2022-09-27,92.88823699951172,93.78570788839589,92.43950155506963,93.3369724439538,21273277
2022-09-28,90.1958236694336,93.33697175742383,90.1958236694336,92.88823631628236,48743869
2022-09-29,91.09329223632812,91.99076309579934,90.64455680659252,91.09329223632812,40253163
2022-09-30,91.54203796386719,91.54203796386719,89.74709604300705,89.74709604300705,27852050
2022-10-03,90.64456176757812,91.542032676168,90.19582631328318,90.64456176757812,20873153
2022-10-04,91.99076843261719,92.43950388838604,91.54203297684832,91.99076843261719,17249740
2022-10-05,96.02938842773438,96.47812388767706,94.23444658796363,94.68318204790633,52299029
2022-10-06,96.4781265258789,97.37559747030569,95.58065558145213,96.9268619980923,27153696
2022-10-07,96.4781265258789,96.9268619980923,95.58065558145213,96.02939105366552,21917087
2022-10-11,93.33697509765625,94.68318146925706,93.33697509765625,94.2344460120568,37540410
2022-10-12,92.43950653076172,93.78571293654952,91.99077106216579,93.33697746795357,37752638
2022-10-13,92.88823699951172,93.78570788839589,91.99076611062755,92.88823699951172,29359558
2022-10-14,94.23444366455078,94.68317911057245,93.78570821852911,93.78570821852911,25035354
2022-10-17,94.23444366455078,94.68317911057245,93.33697277250744,93.33697277250744,28280778
2022-10-18,92.88823699951172,95.13191422172214,92.43950155506963,94.68317877728006,38498822
2022-10-19,92.43950653076172,94.23444840514544,92.43950653076172,93.33697746795357,54005985
2022-10-20,91.99076843261719,92.88823934415491,90.6445620653106,92.43950388838604,57596655
2022-10-21,92.88823699951172,92.88823699951172,91.54203066618545,91.99076611062755,24049235
2022-10-24,92.43950653076172,93.78571293654952,91.99077106216579,93.78571293654952,29054365
2022-10-25,92.88823699951172,92.88823699951172,91.09329522174338,92.43950155506963,36701674
2022-10-26,93.33697509765625,93.78571055485652,92.4395041832557,93.33697509765625,28275416
2022-10-27,93.33697509765625,94.2344460120568,93.33697509765625,94.2344460120568,31261879
2022-10-28,93.33697509765625,93.78571055485652,92.4395041832557,93.78571055485652,22200068
2022-10-31,91.99076843261719,92.43950388838604,91.09329752107945,91.09329752107945,43562953
2022-11-01,91.09329223632812,91.54202766606373,90.19582137685691,91.09329223632812,46692717
2022-11-02,91.54203796386719,91.54203796386719,90.64456700343712,91.09330248365215,28465028
2022-11-03,90.64456176757812,91.09329722187307,90.19582631328318,90.64456176757812,39227107
2022-11-04,90.1958236694336,90.64455911057506,89.29835278715068,89.74708822829214,48440518
2022-11-07,89.74708557128906,90.64455642700196,89.56759413901018,90.19582099914551,40465357
2022-11-08,89.74708557128906,90.19582099914551,89.74708557128906,89.74708557128906,29917422
2022-11-09,91.99076843261719,91.99076843261719,89.74709115377286,89.74709115377286,40267209
2022-11-10,90.1958236694336,91.09329455171653,90.1958236694336,90.64455911057506,38942597
2022-11-11,89.74708557128906,91.99076271057129,89.74708557128906,91.0932918548584,88699853
2022-11-14,91.09329223632812,91.09329223632812,89.2983505173857,89.2983505173857,66938705
2022-11-15,91.09329223632812,91.99076309579934,90.64455680659252,91.09329223632812,46831926
2022-11-16,91.09329223632812,91.99076309579934,90.64455680659252,91.09329223632812,46656901
2022-11-17,91.09329223632812,91.54202766606373,90.64455680659252,91.09329223632812,26166790
2022-11-18,90.1958236694336,91.99076543399944,90.1958236694336,91.09329455171653,43152213
2022-11-21,89.74708557128906,91.0932918548584,89.74708557128906,90.64455642700196,30138717
2022-11-22,90.1958236694336,90.1958236694336,89.74708822829214,89.74708822829214,28386414
2022-11-23,90.1958236694336,91.09329455171653,90.1958236694336,90.64455911057506,31531556
2022-11-24,90.64456176757812,90.64456176757812,89.74709085898824,90.19582631328318,42058555
2022-11-25,90.1958236694336,90.64455911057506,89.74708822829214,90.1958236694336,34893350
2022-11-28,89.74708557128906,90.19582099914551,89.38809585957206,90.19582099914551,46570604
2022-11-29,89.74708557128906,90.19582099914551,89.47784157571151,89.74708557128906,33933430
2022-11-30,90.1958236694336,91.09329455171653,89.74708822829214,90.1958236694336,73098376
2022-12-01,92.43950653076172,92.43950653076172,91.09330012497392,91.09330012497392,66190485
2022-12-02,94.68318176269531,95.13191722128629,92.43950446974044,92.43950446974044,77556958
2022-12-05,94.68318176269531,96.02938813846822,94.68318176269531,95.58065267987726,45869305
2022-12-06,92.43950653076172,93.78571293654952,91.99077106216579,93.33697746795357,54823509
2022-12-07,91.54203796386719,93.33697988472733,91.54203796386719,91.99077344408222,44543745
2022-12-08,91.09329223632812,91.99076309579934,91.09329223632812,91.54202766606373,30784065
2022-12-09,91.54203796386719,92.43950892429726,91.54203796386719,91.99077344408222,32429484
2022-12-12,91.54203796386719,91.54203796386719,90.64456700343712,91.54203796386719,19377505
2022-12-13,90.64456176757812,91.99076813046295,90.64456176757812,91.542032676168,34609744
2022-12-14,91.99076843261719,91.99076843261719,90.6445620653106,91.09329752107945,24686884
2022-12-15,91.09329223632812,91.99076309579934,91.09329223632812,91.09329223632812,24472461
2022-12-16,90.1958236694336,91.09329455171653,89.74708822829214,90.1958236694336,71935875
2022-12-19,91.09329223632812,91.54202766606373,90.19582137685691,90.19582137685691,29443100
2022-12-20,89.74708557128906,91.0932918548584,89.74708557128906,90.64455642700196,44517003
2022-12-21,89.74708557128906,90.64455642700196,89.74708557128906,90.64455642700196,27849028
2022-12-22,90.64456176757812,90.64456176757812,90.19582631328318,90.64456176757812,21205805
2022-12-23,90.64456176757812,90.64456176757812,89.74709085898824,89.74709085898824,15377369
2022-12-26,90.64456176757812,91.09329722187307,90.19582631328318,91.09329722187307,8716525
2022-12-27,90.1958236694336,91.09329455171653,90.1958236694336,90.64455911057506,8826169
2022-12-28,90.1958236694336,90.1958236694336,89.74708822829214,90.1958236694336,22673422
2022-12-29,89.47784423828125,89.74708824187064,89.29835280066129,89.74708824187064,37212398
2022-12-30,89.6573486328125,90.19582982952694,89.56760290788674,89.74709435773825,18093658
2023-01-03,88.93936920166016,89.65734869589116,87.95215253246246,89.65734869589116,46594672
2023-01-04,88.0418930053711,88.58037417034166,87.95214728573592,87.95214728573592,41500261
2023-01-05,87.9521484375,88.75987361911304,87.9521484375,88.04189415831043,35686123
2023-01-06,88.3111343383789,88.67012405321299,88.2213886214602,88.2213886214602,20091590
2023-01-09,88.93936920166016,89.38810467376456,88.75987775168235,89.02911492664906,33250703
2023-01-10,89.20861053466797,89.56760027096203,88.9393665206575,89.20861053466797,19385954
2023-01-11,88.93936920166016,89.56760297090226,88.93936920166016,89.56760297090226,19900837
2023-01-12,88.4906234741211,89.2983485997314,88.4906234741211,88.93935889422025,18537275
2023-01-13,88.4906234741211,89.2983485997314,88.4906234741211,88.84961317963224,17809439
2023-01-16,88.0418930053711,89.02910961567704,88.0418930053711,88.49062845070648,26829826
2023-01-17,88.0418930053711,88.4008827310713,88.0418930053711,88.13163872500627,27871039
2023-01-30,88.0418930053711,89.47784506101243,87.95214728573592,89.38809934137726,81832690
2023-01-31,89.47784423828125,90.64455912428934,88.1316379146532,88.22139048062262,78717445
2023-02-01,89.74708557128906,90.64455642700196,89.56759413901018,90.19582099914551,39899084
2023-02-02,89.74708557128906,90.64455642700196,89.74708557128906,90.19582099914551,49473623
2023-02-03,89.38809967041016,90.19582484441895,89.29835395044464,89.7470893974318,43062963
2023-02-06,91.09329223632812,91.54202766606373,90.19582137685691,90.19582137685691,50209500
2023-02-07,90.1958236694336,91.54202999285798,90.1958236694336,91.54202999285798,31198971
2023-02-08,90.1958236694336,90.64455911057506,90.1958236694336,90.1958236694336,24332505
2023-02-09,90.64456176757812,91.09329722187307,89.74709085898824,90.19582631328318,29215985
2023-02-10,91.09329223632812,91.54202766606373,90.19582137685691,91.09329223632812,25426136
2023-02-13,90.64456176757812,91.542032676168,90.64456176757812,91.09329722187307,18330530
2023-02-14,91.54203796386719,91.54203796386719,91.09330248365215,91.09330248365215,18342029
2023-02-15,91.99076843261719,91.99076843261719,91.09329752107945,91.54203297684832,36053227
2023-02-16,92.88823699951172,92.88823699951172,91.99076611062755,92.43950155506963,39617729
2023-02-17,92.88823699951172,92.88823699951172,91.99076611062755,92.43950155506963,28586479
2023-02-20,92.43950653076172,93.33697746795357,91.99077106216579,92.88824199935765,21971615
2023-02-21,91.99076843261719,92.43950388838604,91.99076843261719,91.99076843261719,13794962
2023-02-22,91.54203796386719,91.99077344408222,91.09330248365215,91.54203796386719,21960210
2023-02-23,92.43950653076172,92.43950653076172,91.54203559356985,91.54203559356985,20815057
2023-02-24,90.64456176757812,92.88823903905283,90.64456176757812,92.43950358475789,53866924
2023-03-01,91.54203796386719,92.43950892429726,89.74709604300705,89.74709604300705,44807719
2023-03-02,91.99076843261719,92.43950388838604,91.09329752107945,91.99076843261719,27825685
2023-03-03,91.99076843261719,93.33697479992378,91.99076843261719,92.88823934415491,29133932
2023-03-06,92.88823699951172,93.3369724439538,91.99076611062755,92.43950155506963,37825717
2023-03-07,94.23444366455078,95.13191455659413,92.88823732648576,92.88823732648576,72281357
2023-03-08,93.33697509765625,94.2344460120568,93.33697509765625,93.78571055485652,31270865
2023-03-09,91.99076843261719,93.78571025569263,91.54203297684832,93.33697479992378,61494331
2023-03-10,91.54203796386719,91.99077344408222,91.09330248365215,91.54203796386719,27734890
2023-03-13,92.43950653076172,92.88824199935765,91.09330012497392,91.54203559356985,23591966
2023-03-14,91.54203796386719,91.99077344408222,91.09330248365215,91.54203796386719,29415418
2023-03-15,91.99076843261719,92.43950388838604,91.54203297684832,91.99076843261719,20481113
2023-03-16,91.54203796386719,92.43950892429726,91.54203796386719,91.99077344408222,27614054
2023-03-17,92.88823699951172,93.78570788839589,91.99076611062755,92.43950155506963,62309325
2023-03-20,91.99076843261719,93.33697479992378,91.99076843261719,92.88823934415491,21366539
2023-03-21,92.88823699951172,93.3369724439538,92.43950155506963,92.43950155506963,21054992
2023-03-22,92.88823699951172,93.78570788839589,92.43950155506963,92.88823699951172,21545922
2023-03-23,92.88823699951172,93.78570788839589,92.43950155506963,92.43950155506963,31525774
2023-03-24,94.68318176269531,95.13191722128629,93.33697538692239,93.78571084551336,68833626
2023-03-27,92.88823699951172,94.68317877728006,92.88823699951172,94.23444333283797,32246406
2023-03-28,92.43950653076172,93.33697746795357,92.43950653076172,93.33697746795357,24056022
2023-03-29,92.88823699951172,93.3369724439538,92.43950155506963,92.43950155506963,21090350
2023-03-30,93.78570556640625,93.78570556640625,92.88823469974207,93.33697013307416,19398433
2023-03-31,93.33697509765625,94.2344460120568,93.33697509765625,93.78571055485652,18283580
2023-04-06,92.88823699951172,94.68317877728006,92.43950155506963,93.78570788839589,39046856
2023-04-07,92.43950653076172,93.33697746795357,92.43950653076172,93.33697746795357,11565207
2023-04-10,92.43950653076172,93.33697746795357,92.43950653076172,92.43950653076172,12404976
2023-04-11,92.88823699951172,93.3369724439538,92.43950155506963,92.88823699951172,29073959
2023-04-12,91.99076843261719,92.88823934415491,91.99076843261719,92.88823934415491,20279457
2023-04-13,92.43950653076172,92.88824199935765,91.99077106216579,91.99077106216579,22784420
2023-04-14,93.78570556640625,93.78570556640625,92.43949926640998,93.33697013307416,25584829
2023-04-17,93.33697509765625,93.78571055485652,92.88823964045598,93.78571055485652,15274691
2023-04-18,93.78570556640625,93.78570556640625,92.88823469974207,93.33697013307416,16042798
2023-04-19,93.33697509765625,93.78571055485652,92.88823964045598,93.78571055485652,18734037
2023-04-20,93.78570556640625,93.78570556640625,92.88823469974207,92.88823469974207,19680444
2023-04-21,93.33697509765625,94.68318146925706,93.33697509765625,94.2344460120568,32735172
2023-04-24,92.88823699951172,93.78570788839589,92.88823699951172,93.3369724439538,18393606
2023-04-25,92.43950653076172,93.33697746795357,92.43950653076172,92.88824199935765,26878363
2023-04-26,92.88823699951172,93.78570788839589,92.43950155506963,92.43950155506963,33983572
2023-04-27,92.88823699951172,93.3369724439538,92.43950155506963,92.88823699951172,16606395
2023-04-28,93.78570556640625,93.78570556640625,92.88823469974207,93.33697013307416,19404553
2023-05-02,95.13191986083984,95.13191986083984,93.33697797667305,93.78571344771476,49934354
2023-05-03,94.68318176269531,95.13191722128629,94.23444630410434,94.68318176269531,26855259
2023-05-04,94.23444366455078,94.68317911057245,94.23444366455078,94.68317911057245,12735443
2023-05-05,94.23444366455078,94.68317911057245,93.78570821852911,94.23444366455078,12524881
2023-05-08,94.23444366455078,95.13191455659413,94.23444366455078,94.68317911057245,10197144
2023-05-09,95.58065032958984,96.0293857771466,93.7857085393628,94.23444398691956,40552496
2023-05-10,95.58065032958984,96.0293857771466,95.13191488203309,95.58065032958984,17406967
2023-05-11,94.23444366455078,96.02938544863746,94.23444366455078,95.58065000261578,21740140
2023-05-12,91.99076843261719,93.33697479992378,91.54203297684832,92.88823934415491,70640476
2023-05-15,91.54203796386719,92.43950892429726,91.54203796386719,91.99077344408222,28080940
2023-05-16,91.54203796386719,92.43950892429726,91.54203796386719,91.99077344408222,41848030
2023-05-17,91.99076843261719,92.43950388838604,91.54203297684832,91.54203297684832,38707801
2023-05-18,92.43950653076172,92.88824199935765,91.99077106216579,92.43950653076172,27646823
2023-05-19,92.43950653076172,92.43950653076172,91.54203559356985,92.43950653076172,33026440
2023-05-22,92.43950653076172,92.43950653076172,91.99077106216579,91.99077106216579,18055020
2023-05-23,91.99076843261719,92.43950388838604,91.99076843261719,92.43950388838604,21793465
2023-05-24,92.43950653076172,92.43950653076172,91.99077106216579,91.99077106216579,15681903
2023-05-25,91.99076843261719,92.88823934415491,91.99076843261719,91.99076843261719,25782108
2023-05-26,91.99076843261719,92.43950388838604,91.54203297684832,91.99076843261719,34841283
2023-05-29,94.68318176269531,95.13191722128629,92.43950446974044,92.88823992833142,77950453
2023-05-30,96.02938842773438,96.92685934761974,95.13191750784901,95.58065296779169,88126662
2023-05-31,95.58065032958984,96.47812122470336,94.68317943447632,96.47812122470336,58697772
2023-06-01,96.92686462402344,96.92686462402344,95.13192268654153,95.580658170912,46264650
2023-06-02,96.92686462402344,97.8243355927644,96.47812913965296,97.37560010839393,53639503
2023-06-05,96.4781265258789,97.37559747030569,96.02939105366552,97.37559747030569,24441405
2023-06-06,96.02938842773438,96.47812388767706,95.13191750784901,96.02938842773438,36177082
2023-06-07,96.92686462402344,96.92686462402344,96.02939365528248,96.47812913965296,22331554
2023-06-08,96.02938842773438,96.92685934761974,96.02938842773438,96.92685934761974,17253275
2023-06-09,96.92686462402344,96.92686462402344,96.02939365528248,96.47812913965296,16636034
2023-06-12,99.1705322265625,100.5167385463801,96.47811958692732,96.92685502686652,97931538
2023-06-13,100.96546936035156,101.4142047797309,99.61926310221354,99.61926310221354,69701479
2023-06-14,100.96546936035156,101.4142047797309,100.06799852159287,100.96546936035156,35568685
2023-06-15,100.06800842285156,101.41421481419037,99.61927295907196,100.96547935041077,34887268
2023-06-16,99.61927795410156,100.96548441294077,99.61927795410156,100.06801344038129,46995134
2023-06-19,100.96546936035156,101.4142047797309,99.61926310221354,100.06799852159287,25047682
2023-06-20,100.96546936035156,101.86294019911024,100.06799852159287,101.4142047797309,29739937
2023-06-21,101.41421508789062,101.41421508789062,100.51674415790929,100.96547962289995,34763025
2023-06-26,103.65789031982422,104.1066257757542,101.41421304017435,101.86294849610432,99919960
2023-06-27,102.31168365478516,104.55536092791641,102.31168365478516,104.10662547329017,66946025
2023-06-28,103.20915222167969,104.10662311056386,102.7604167772376,102.7604167772376,44666321
2023-06-29,101.41421508789062,104.10662787783463,101.41421508789062,104.10662787783463,39560094
2023-06-30,101.41421508789062,101.41421508789062,99.61927322792796,101.41421508789062,48200965
2023-07-03,103.20915222167969,103.20915222167969,101.86294588835342,102.31168133279552,87520052
2023-07-04,103.49140167236328,105.84347898309882,103.02098621021618,105.3730635209517,79691146
2023-07-05,102.08015441894531,103.9618162515526,101.13932350264167,103.49140079340079,50544581
2023-07-06,99.2576675415039,101.13932948541867,98.78725205552522,101.13932948541867,69069457
2023-07-07,99.2576675415039,99.7280830274826,98.31683656954652,98.78725205552522,30487502
2023-07-10,98.31683349609375,99.72807990991328,98.31683349609375,99.2576644386401,24605713
2023-07-11,98.78724670410156,99.25766216459729,98.31683124360585,98.78724670410156,23641103
2023-07-12,101.13932800292969,101.13932800292969,98.78725060751272,98.78725060751272,37582438
2023-07-13,100.66890716552734,102.55056898170542,100.66890716552734,102.0801535276609,29761053
2023-07-14,103.02098846435547,103.02098846435547,100.1984956297156,101.13932657459556,43171954
2023-07-17,103.9618148803711,104.43223033231847,103.02098397647633,103.4913994284237,41250219
2023-07-18,105.37306213378906,106.78430850165232,103.49140030997141,103.96181576592582,52327726
2023-07-19,102.08015441894531,106.78430900046354,101.60973896079349,106.31389354231172,54580337
2023-07-20,101.6097412109375,103.49140308521413,101.13932574236836,102.55057214807582,32928924
2023-07-21,101.13932800292969,102.08015896109647,100.19849704476289,100.66891252384629,24874943
2023-07-24,101.6097412109375,102.08015667950666,100.6689102737992,101.6097412109375,19757373
2023-07-25,105.37306213378906,105.37306213378906,102.08015394210815,102.08015394210815,60570621
2023-07-26,104.90264892578125,105.84347985785104,104.43223345974636,105.37306439181614,30040003
2023-07-27,103.9618148803711,106.313892140108,103.9618148803711,105.37306123621323,31329930
2023-07-28,103.02098846435547,104.43223488167541,103.02098846435547,103.96181940923543,22140011
2023-07-31,102.08015441894531,104.43223170970442,102.08015441894531,103.9618162515526,30316038
2023-08-01,103.9618148803711,104.43223033231847,102.55056852452894,103.02098397647633,23966725
2023-08-02,101.6097412109375,103.96181855378327,101.6097412109375,103.49140308521413,33642403
2023-08-04,104.43223571777344,104.43223571777344,102.5505738129487,102.5505738129487,38960707
2023-08-07,103.02098846435547,105.84348129899534,103.02098846435547,105.37306582655538,45334600
2023-08-08,103.9618148803711,104.43223033231847,103.02098397647633,103.9618148803711,29163604
2023-08-09,103.9618148803711,104.90264578426584,103.4913994284237,103.9618148803711,20348974
2023-08-10,103.49140167236328,104.4322325966575,103.02098621021618,104.4322325966575,22241741
2023-08-11,102.08015441894531,103.9618162515526,102.08015441894531,103.49140079340079,22550572
2023-08-14,103.49140167236328,103.96181713451038,102.55057074806908,103.02098621021618,29995115
2023-08-15,100.66890716552734,102.55056898170542,100.66890716552734,101.60973807361638,63923173
2023-08-16,99.2576675415039,100.19849851346129,98.78725205552522,100.19849851346129,43637112
2023-08-17,100.19849395751953,100.66890942210883,99.25766302834094,99.25766302834094,24569578
2023-08-18,99.72808074951172,100.6689116999788,99.25766527427817,100.19849622474526,17125216
2023-08-21,99.72808074951172,100.6689116999788,99.25766527427817,100.19849622474526,10711817
2023-08-22,100.19849395751953,100.66890942210883,99.72807849293024,100.19849395751953,13146421
2023-08-23,100.19849395751953,101.13932488669812,99.72807849293024,100.19849395751953,16513876
2023-08-24,103.02098846435547,103.96181940923543,102.08015751947552,102.55057299191549,50697365
2023-08-25,101.6097412109375,102.55057214807582,101.6097412109375,102.08015667950666,21088268
2023-08-28,101.6097412109375,102.55057214807582,101.6097412109375,102.08015667950666,16737977
2023-08-29,99.72808074951172,102.08015812567945,98.78724979904462,101.6097426504459,64075629
2023-08-30,99.72808074951172,100.6689116999788,99.72808074951172,100.19849622474526,20719271
2023-08-31,100.19849395751953,100.66890942210883,99.25766302834094,99.72807849293024,56712590
2023-09-01,101.13932800292969,101.13932800292969,100.19849704476289,100.19849704476289,14016360
2023-09-04,100.19849395751953,101.60974035128741,99.25766302834094,101.13932488669812,21196486
2023-09-05,100.66890716552734,100.66890716552734,99.7280762574383,100.19849171148282,13373644
2023-09-06,99.72808074951172,100.6689116999788,99.72808074951172,100.19849622474526,16988014
2023-09-07,99.2576675415039,99.7280830274826,99.2576675415039,99.7280830274826,14559702
2023-09-08,99.72808074951172,99.72808074951172,98.78724979904462,99.25766527427817,12030780
2023-09-11,98.78724670410156,99.72807762509301,98.78724670410156,99.72807762509301,17772579
2023-09-12,101.13932800292969,101.13932800292969,99.2576660865961,99.7280815656795,29770627
2023-09-13,99.72808074951172,101.13932717521236,99.25766527427817,100.6689116999788,18281220
2023-09-14,100.19849395751953,100.66890942210883,99.72807849293024,100.19849395751953,15804957
2023-09-15,99.72808074951172,100.6689116999788,99.72808074951172,100.19849622474526,35465752
2023-09-18,100.19849395751953,100.19849395751953,99.25766302834094,99.72807849293024,19079463
2023-09-19,100.19849395751953,101.13932488669812,100.19849395751953,100.19849395751953,13714612
2023-09-20,99.72808074951172,100.6689116999788,99.72808074951172,100.19849622474526,18615029
2023-09-21,98.78724670410156,100.19849308558874,98.78724670410156,99.72807762509301,22188851
2023-09-22,98.78724670410156,99.25766216459729,98.78724670410156,98.78724670410156,15051487
2023-09-25,99.2576675415039,99.7280830274826,98.78725205552522,99.2576675415039,16313538
2023-09-26,97.84642028808594,99.25766673454872,97.84642028808594,98.78725125239446,30099451
2023-09-27,97.84642028808594,98.3168357702402,97.37600480593169,97.84642028808594,16064926
2023-09-28,97.84642028808594,98.3168357702402,96.90558932377742,98.3168357702402,21103053
2023-10-02,98.31683349609375,98.78724896736692,97.84641802482058,97.84641802482058,13885858
2023-10-03,97.84642028808594,98.3168357702402,97.37600480593169,97.84642028808594,17439779
2023-10-04,96.90558624267578,97.37600170987324,96.43517077547833,96.90558624267578,27359567
2023-10-05,97.3759994506836,97.84641490696708,96.9055839944001,96.9055839944001,16616231
2023-10-06,99.2576675415039,99.7280830274826,98.31683656954652,98.78725205552522,28044586
2023-10-11,99.72808074951172,100.19849622474526,99.25766527427817,100.19849622474526,28530118
2023-10-12,100.66890716552734,100.66890716552734,99.7280762574383,100.19849171148282,27974396
2023-10-13,101.13932800292969,101.13932800292969,99.7280815656795,100.66891252384629,26550436
2023-10-16,100.66890716552734,101.13932261957186,100.19849171148282,100.66890716552734,17125445
2023-10-17,100.19849395751953,101.60974035128741,100.19849395751953,101.13932488669812,15540479
2023-10-18,99.2576675415039,100.19849851346129,98.78725205552522,99.7280830274826,26924552
2023-10-19,97.3759994506836,99.25766127581758,96.9055839944001,98.78724581953408,36902352
2023-10-20,97.3759994506836,98.31683036325059,96.9055839944001,96.9055839944001,32000342
2023-10-23,94.55351257324219,95.96475902955923,94.08309708780317,95.96475902955923,82749215
2023-10-24,92.48368072509766,93.8949270809559,91.54284982119216,93.8949270809559,110028656
2023-10-25,93.14226531982422,93.61268080123747,92.4836865170339,92.4836865170339,40481603
2023-10-26,92.6718521118164,92.86001543780944,92.20143661886301,92.48368878582336,37967556
2023-10-27,92.38959503173828,93.04818099363303,92.38959503173828,92.67184718368894,33142928
2023-10-30,88.90852355957031,92.67184730812356,88.43810809100115,92.48368399188406,134995332
2023-10-31,90.79019165039062,91.1665254866082,89.47302681261462,89.47302681261462,56204082
2023-11-01,89.94344329833984,90.79019264460915,89.94344329833984,90.69611097901722,26230059
2023-11-02,91.26060485839844,91.63693868516124,90.3197738804768,90.50793720487285,25008686
2023-11-03,90.13160705566406,90.50793368984084,89.56710274845801,90.13160705566406,42627707
2023-11-06,90.69610595703125,91.91918189794463,90.5079354582957,90.5079354582957,38328942
2023-11-07,90.41385650634766,91.07244250469475,89.84935934917215,90.6961086739208,27742358
2023-11-08,91.26060485839844,91.63693868516124,90.03752171591204,90.03752171591204,19441199
2023-11-09,92.10735321044922,92.57776869448831,91.54285606519643,91.63693772641012,30810327
2023-11-10,91.44876098632812,92.20142858062331,91.2605976767394,92.10734692582895,16271698
2023-11-13,91.91917419433594,92.57776011775934,91.73101088934067,92.01326302480355,18203271
2023-11-14,94.08309173583984,95.02392265319824,92.38959321340663,92.57776370366045,46678644
2023-11-15,94.55351257324219,95.49434354412021,93.89493376481583,94.55351257324219,51077691
2023-11-16,95.02392578125,95.4943412554146,94.55351030708539,95.02392578125,30695116
2023-11-17,96.43517303466797,97.37600399110376,95.02392660001429,95.49434207823218,46873557
2023-11-20,95.02392578125,96.4351722037438,95.02392578125,96.4351722037438,29812892
2023-11-21,96.43517303466797,96.43517303466797,95.02392660001429,95.96475755645008,36969965
2023-11-22,95.96475982666016,97.84642178404566,95.96475982666016,96.9055908053529,28364466
2023-11-23,95.49433898925781,96.90558537826162,95.02392352625654,96.43516991526036,22618693
2023-11-24,95.49433898925781,96.43516991526036,95.02392352625654,95.96475445225909,20946560
2023-11-27,95.49433898925781,96.90558537826162,95.49433898925781,96.43516991526036,23065767
2023-11-28,96.43517303466797,96.90558851288586,95.96475755645008,95.96475755645008,26026370
2023-11-29,95.96475982666016,96.9055908053529,95.49434433731379,96.43517531600654,31821148
2023-11-30,95.49433898925781,96.43516991526036,95.02392352625654,95.96475445225909,40730573
2023-12-01,94.55351257324219,95.49434354412021,94.55351257324219,95.02392805868121,26482926
2023-12-04,95.02392578125,95.4943412554146,94.55351030708539,95.02392578125,14718271
2023-12-05,95.02392578125,95.96475672957921,94.55351030708539,95.02392578125,21884962
2023-12-06,95.02392578125,95.96475672957921,95.02392578125,95.4943412554146,15330669
2023-12-07,95.02392578125,95.4943412554146,94.55351030708539,95.02392578125,13982251
2023-12-08,95.49433898925781,95.96475445225909,95.02392352625654,95.02392352625654,16070568
2023-12-11,95.02392578125,95.96475672957921,94.55351030708539,95.4943412554146,24953090
2023-12-12,95.02392578125,95.4943412554146,94.55351030708539,95.02392578125,19973869
2023-12-13,95.02392578125,95.4943412554146,94.55351030708539,94.55351030708539,15105897
2023-12-14,95.96475982666016,95.96475982666016,95.02392884796741,95.49434433731379,32650955
2023-12-15,95.49433898925781,95.96475445225909,95.02392352625654,95.49433898925781,40775463
2023-12-18,95.96475982666016,95.96475982666016,95.02392884796741,95.49434433731379,27764780
2023-12-19,96.43517303466797,96.43517303466797,95.49434207823218,95.96475755645008,32860763
2023-12-20,98.31683349609375,98.31683349609375,96.43517161100105,96.43517161100105,54287637
2023-12-21,97.3759994506836,97.3759994506836,96.4351685381166,96.9055839944001,34805864
2023-12-22,97.3759994506836,97.84641490696708,96.9055839944001,97.3759994506836,23776427
2023-12-25,97.3759994506836,97.84641490696708,96.9055839944001,97.3759994506836,11295535
2023-12-26,97.84642028808594,97.84642028808594,97.37600480593169,97.84642028808594,9920950
2023-12-27,97.3759994506836,97.84641490696708,96.9055839944001,97.84641490696708,18875621
2023-12-28,97.84642028808594,97.84642028808594,96.90558932377742,97.37600480593169,23057092
2023-12-29,98.31683349609375,98.78724896736692,97.3760025535474,97.84641802482058,25969421
2024-01-02,98.78724670410156,98.78724670410156,97.84641578311012,98.31683124360585,19921105
2024-01-03,98.31683349609375,98.78724896736692,97.84641802482058,98.31683349609375,18957682
2024-01-04,97.84642028808594,98.78725125239446,97.84642028808594,98.3168357702402,15488559
2024-01-05,97.84642028808594,98.3168357702402,97.84642028808594,97.84642028808594,13349572
2024-01-08,95.49433898925781,97.84641630426417,95.49433898925781,97.3760008412629,34642006
2024-01-09,95.02392578125,96.4351722037438,95.02392578125,95.96475672957921,25228043
2024-01-10,94.08309173583984,95.49433811187744,94.08309173583984,95.02392265319824,22800432
2024-01-11,94.55351257324219,95.96475902955923,93.8008449253515,94.08309708780317,34453180
2024-01-12,94.55351257324219,95.49434354412021,94.08309708780317,94.08309708780317,29241441
2024-01-15,94.08309173583984,95.49433811187744,94.08309173583984,95.02392265319824,22480585
2024-01-16,94.08309173583984,94.55350719451904,93.42451296487707,93.89492842355627,25892269
2024-01-17,92.76593017578125,94.08309494054295,92.6718485164348,93.89493162185006,47592663
2024-01-18,93.989013671875,94.08309533161251,93.04818271855888,93.14226437829639,18106511
2024-01-19,94.55351257324219,95.02392805868121,94.08309708780317,94.08309708780317,16417094
2024-01-22,93.989013671875,95.02392628492863,93.989013671875,94.55351080827057,22982811
2024-01-23,95.02392578125,95.4943412554146,93.98901317368197,94.08309483292079,18993909
2024-01-24,94.55351257324219,95.49434354412021,94.55351257324219,95.02392805868121,13198166
2024-01-25,95.96475982666016,95.96475982666016,94.55351335862105,95.02392884796741,24228872
2024-01-26,96.43517303466797,97.37600399110376,95.96475755645008,95.96475755645008,25615989
2024-01-29,96.43517303466797,96.90558851288586,95.96475755645008,96.43517303466797,16386992
2024-01-30,95.96475982666016,96.9055908053529,95.96475982666016,96.43517531600654,17551728
2024-01-31,96.43517303466797,96.43517303466797,95.49434207823218,95.96475755645008,18545562
2024-02-01,96.90558624267578,96.90558624267578,95.96475530828087,96.43517077547833,14397907
2024-02-02,95.96475982666016,96.9055908053529,95.49434433731379,96.43517531600654,16516773
2024-02-05,95.49433898925781,95.96475445225909,95.02392352625654,95.49433898925781,17438135
2024-02-15,95.02392578125,95.96475672957921,95.02392578125,95.4943412554146,27953440
2024-02-16,95.49433898925781,95.49433898925781,94.55350806325528,95.02392352625654,32615887
2024-02-19,96.90558624267578,96.90558624267578,95.02392437388596,95.49433984108342,24938217
2024-02-20,97.3759994506836,98.31683036325059,96.9055839944001,97.3759994506836,39410270
2024-02-21,96.90558624267578,97.84641717707069,96.90558624267578,97.37600170987324,18479374
2024-02-22,97.3759994506836,97.84641490696708,96.9055839944001,97.3759994506836,19601423
2024-02-23,96.90558624267578,97.84641717707069,96.90558624267578,97.37600170987324,17252304
2024-02-26,97.3759994506836,97.84641490696708,96.9055839944001,96.9055839944001,19894677
2024-02-27,97.3759994506836,98.31683036325059,96.9055839944001,97.84641490696708,28688693
2024-02-29,96.90558624267578,97.37600170987324,96.90558624267578,96.90558624267578,38390662
2024-03-01,95.96475982666016,97.37600629469928,95.96475982666016,96.9055908053529,28121335
2024-03-04,100.19849395751953,100.66890942210883,96.43517024080518,96.43517024080518,106351735
2024-03-05,100.19849395751953,102.08015581587671,100.19849395751953,100.66890942210883,75461014
2024-03-06,100.19849395751953,101.13932488669812,99.25766302834094,99.72807849293024,40347458
2024-03-07,101.13932800292969,102.08015896109647,100.66891252384629,101.60974348201307,47505374
2024-03-08,98.78724670410156,102.08015492757161,98.31683124360585,101.13932400658018,68582080
2024-03-11,103.02098846435547,104.9026503541154,98.78724921239566,98.78724921239566,139480002
2024-03-12,111.9588851928711,111.9588851928711,104.9026529328162,104.9026529328162,347034486
2024-03-13,113.37013244628906,116.19262537026306,111.01805500964406,114.31096342094706,338406505
2024-03-14,113.84054565429688,114.3109611322072,110.07722183101434,113.84054565429688,191622484
2024-03-15,124.18968200683594,125.13051293113016,119.48552738536488,120.4263583096591,403022484
2024-03-18,127.95301055908203,128.8938415190753,123.71927123911242,125.13051767910228,239249130
2024-03-19,127.95301055908203,127.95301055908203,122.30802479912253,125.13051767910228,171242442
2024-03-20,129.8346710205078,133.5979948182037,127.48259364694788,128.42342459637186,204806549
2024-03-21,134.0684051513672,136.4204824347245,130.77549695466695,132.6571587813528,183957559
2024-03-22,136.89089965820312,139.71339243466093,133.59799141900237,135.47965326997422,236266998
2024-03-25,136.89089965820312,138.772561509175,134.5388223444883,138.30214604643203,145490405
2024-03-26,133.59799194335938,138.30214658925232,130.7754991558236,137.36131566007373,180436950
2024-03-27,139.71339416503906,141.12464057074652,134.53882401077837,134.53882401077837,146369404
2024-03-28,146.29922485351562,147.71047139551095,141.12465419953276,141.5950697135312,196277222
2024-03-29,142.535888671875,148.18087436185024,141.59505772354578,147.71045888768563,123239000
2024-04-01,141.5950469970703,145.3583705052981,141.12463155854184,142.0654624355988,77891382
2024-04-02,149.5921173095703,150.06253277280797,142.06546989776803,143.0063008242433,178365027
2024-04-03,149.5921173095703,149.5921173095703,145.82879360366917,146.76962453014445,141177640
2024-04-08,148.6512908935547,150.5329528035997,147.24004446102094,149.5921218485772,108228836
2024-04-09,148.6512908935547,151.94419923613344,146.29921350599844,149.12170637106593,101725664
2024-04-10,145.35838317871094,150.53295345368124,144.8879676991682,149.59212249459574,97698334
2024-04-11,141.12464904785156,144.41755752563478,138.30215606689453,143.9471420288086,171910054
2024-04-12,141.5950469970703,144.41753962824114,139.7133852429564,142.0654624355988,117153973
2024-04-15,137.36131286621094,141.1246365063811,135.95006650114712,139.7133901413173,111843413
2024-04-16,132.65716552734375,134.53882744971742,129.36425716318982,134.06841196912399,175513013
2024-04-17,137.83172607421875,138.7725569689233,132.65715615334364,134.53881794275276,105075694
2024-04-18,139.24298095703125,139.71339643323745,135.95007262358794,135.95007262358794,74990020
2024-04-19,134.53883361816406,138.77257313761677,131.7163406051956,137.36132663113253,132498553
2024-04-22,134.53883361816406,136.89091112897114,133.12758711167982,133.12758711167982,71191312
2024-04-23,135.4796600341797,137.83173746532864,135.0092445479499,136.89090649286905,67495791
2024-04-24,146.76962280273438,147.71045371813653,137.83172910641403,138.77256002181616,191980597
2024-04-25,142.535888671875,145.3583815168626,142.0654731977104,143.9471350943688,108275889
2024-04-26,145.82879638671875,148.65128922001009,144.8879654422883,147.24004280336442,99130006
2024-04-29,149.1217041015625,151.47378145332215,146.76962674980282,147.7104576905067,98183957
2024-04-30,146.76962280273438,151.4737773797451,146.76962280273438,150.06253100664188,72258292
2024-05-02,144.88796997070312,145.82880094453887,143.00630802303166,144.41755448378527,67014593
2024-05-03,146.76962280273438,149.59211554894082,146.76962280273438,148.18086917583759,67145053
2024-05-06,157.5891876220703,158.53001859294835,151.4737863113631,151.9442017968021,177370587
2024-05-07,159.47085571289062,160.88210222362417,156.64836269142353,159.47085571289062,124701709
2024-05-08,159.47085571289062,161.352517727202,158.05960920215708,158.53002470573492,75120589
2024-05-09,160.41168212890625,164.6454215399331,159.47085114867807,159.47085114867807,113944686
2024-05-10,159.47085571289062,161.82293323077985,157.11877819500137,161.352517727202,84399408
2024-05-13,159.47085571289062,162.76376423793556,159.00044020931279,160.88210222362417,77795848
2024-05-14,161.8229217529297,164.6454145742017,158.05959799123366,159.94125987208167,124475075
2024-05-15,160.41168212890625,163.7045905597049,155.7075272277653,158.05960467833577,155589110
2024-05-16,161.35250854492188,168.40874069703216,160.41167759130718,164.64541688257333,149892909
2024-05-17,159.94125366210938,162.76374637379365,157.11876095042507,162.76374637379365,87995690
2024-05-20,157.5891876220703,160.4116805347044,156.17794116575325,159.94126504926538,73840961
2024-05-21,156.1779327392578,158.53001003954785,155.7075172791998,156.1779327392578,46498585
2024-05-22,159.00042724609375,160.41167364176914,156.17793445474297,156.17793445474297,55204400
2024-05-23,162.7637481689453,163.7045790832167,159.47083996899556,163.234163626081,83577643
2024-05-24,165.58624267578125,165.58624267578125,160.8820880543102,161.8229189786044,69225558
2024-05-27,174.05372619628906,174.05372619628906,167.93832500560865,168.40874048181482,113997157
2024-05-28,174.52413940429688,174.9945548743893,172.64247752392708,174.52413940429688,67804130
2024-05-29,169.8199920654297,174.9945624607752,169.8199920654297,174.52414697028925,75213627
2024-05-30,166.05665588378906,168.87914861835773,165.58624042802762,166.5270713395505,78702491
2024-05-31,161.8229217529297,168.40873833589777,161.8229217529297,166.52707645504975,147141860
2024-06-03,166.05665588378906,168.87914861835773,164.1749940607433,166.5270713395505,89188697
2024-06-04,160.882080078125,166.0566499051992,159.94124920047514,164.64540358872443,101915226
2024-06-05,165.11582946777344,167.4679068106192,158.5300129078053,160.88209025065106,117365054
2024-06-06,166.99749755859375,172.17206790547976,166.99749755859375,170.76082144723813,121092025
2024-06-07,166.99749755859375,169.3495749889965,166.05666658643267,166.99749755859375,55448022
2024-06-11,169.8199920654297,170.7608230464016,166.99749912251397,168.40874559397182,83420531
2024-06-12,176.4058074951172,176.87622298177084,171.70165262858075,173.11289908854167,124760086
2024-06-13,180.63954162597656,183.46203446388245,176.87621784210205,179.69871068000793,146691778
2024-06-14,186.28453063964844,186.7549461210617,179.6987138998629,181.10996034410263,123524930
2024-06-17,188.1661834716797,188.1661834716797,183.4620288848877,185.81410617828368,90030798
2024-06-18,186.75494384765625,189.1070212260902,185.34369742059587,188.63660575040342,90319019
2024-06-19,190.98867797851562,195.69283260852833,187.69576973750674,188.166185200508,173889577
2024-06-20,204.6307373046875,204.6307373046875,191.45910363909843,192.8703501032687,177537123
2024-06-21,199.45616149902344,204.63073172659244,198.51533054855634,198.51533054855634,163458287
2024-06-24,193.81117248535156,197.5744962229312,192.87034155095665,197.10408075573375,104052744
2024-06-25,198.5153350830078,199.4561660549652,189.10702536343396,190.98868730734875,116945868
2024-06-26,197.57449340820312,202.74906347365607,197.57449340820312,198.9857397896903,107811774
2024-06-27,199.92657470703125,201.80823658662683,195.22242000804226,195.69283547794117,84781047
2024-06-28,201.3378143310547,203.21947614723277,199.92656796892112,201.3378143310547,75725075
2024-07-01,203.219482421875,204.16031335901332,201.80823601616754,202.2786514847367,73503014
2024-07-02,197.333251953125,205.5353675599786,195.88581978720964,204.5704127827017,142637509
2024-07-03,195.8858184814453,200.7105923356681,195.8858184814453,197.81572802313443,75817371
2024-07-04,206.98280334472656,207.4652807418005,200.2281197856912,200.71059718276516,110905158
2024-07-05,206.98280334472656,207.9477581388745,205.05289375643076,206.5003259476526,43052441
2024-07-08,218.562255859375,218.562255859375,208.91270813931428,209.39518552531732,114405840
2024-07-09,217.59730529785156,226.28189841395206,212.77253134446238,218.5622600885294,137762761
2024-07-10,215.66738891601562,218.0797758166422,212.77252463526375,217.5972984365169,70302456
2024-07-11,217.59730529785156,220.974647065224,216.1498731118348,218.5622600885294,65419255
2024-07-12,208.43023681640625,213.25501081678604,206.50032721625436,211.32510121663412,137754131
2024-07-15,208.9127197265625,211.3251067903796,206.98281007550878,208.9127197265625,52526510
2024-07-16,205.53536987304688,209.87766641966053,205.0528924789787,208.91271163152416,82245845
2024-07-17,204.57041931152344,209.87767075592618,204.08794190748682,205.53537411959667,75060648
2024-07-18,196.8507843017578,201.6755584268009,195.8858294767492,198.78069395177505,132207113
2024-07-19,196.8507843017578,196.8507843017578,192.99096500172334,193.47344241422766,90412154
2024-07-22,185.75379943847656,196.85077966467125,184.30636723505987,195.88582486239346,158438644
2024-07-23,194.43838500976562,194.43838500976562,190.09608857034158,191.54352071681626,83955746
2024-07-26,185.2713165283203,187.2012260754903,181.8939748207728,183.3414069811503,101861581
2024-07-29,186.2362823486328,190.09610167192054,185.27132751781087,189.1311468410986,58864802
2024-07-30,189.13113403320312,190.09608879867866,182.37645067487443,183.82388282308773,55246089
2024-07-31,191.06105041503906,194.9208696153429,187.20123121473526,187.68370861477322,76997270
2024-08-01,195.40335083007812,198.29821528682004,193.4734411922502,197.81573787736303,70033754
2024-08-02,179.9640655517578,187.6837037523694,178.99911077668136,185.7537942022165,170805688
2024-08-05,162.11241149902344,166.45470823560441,162.11241149902344,163.55984374455045,229394141
2024-08-06,161.6299285888672,168.86708957045826,154.3927676072761,167.41965737414003,309246386
2024-08-07,164.52479553222656,168.86709218850234,162.11240850096226,163.07736331346797,170623130
2024-08-08,157.77011108398438,160.66497550754372,155.3577240643516,157.77011108398438,171908756
2024-08-09,162.59487915039062,165.97222085381122,162.1124017641877,164.04231130899944,137129939
2024-08-12,169.83204650878906,172.72691093791616,165.48974986509845,165.97222726995295,110929344
2024-08-13,174.6568145751953,176.5867241285124,171.7619502452197,173.6918597985368,111247858
2024-08-14,178.99911499023438,180.4465471869209,177.06920539465233,179.48159238912987,98234123
2024-08-15,174.6568145751953,179.481588458488,174.6568145751953,178.99911107015873,83391282
2024-08-16,177.5516815185547,180.4465458911398,176.58672672769296,179.4815911002781,72396121
2024-08-19,180.44654846191406,181.41150326652323,178.03416145039117,178.51663885269573,57256994
2024-08-20,179.9640655517578,184.30636203960185,179.4815881642196,182.85892987698716,80711041
2024-08-21,177.06919860839844,179.48158551042022,175.13928908678102,178.5166307496115,71607014
2024-08-22,173.20938110351562,178.51663233509967,172.72690371882615,177.55167756572075,72229297
2024-08-23,173.69186401367188,174.65681881374783,168.8670900132921,169.83204481336807,49085475
2024-08-26,175.62176513671875,178.51662939721413,174.17433300647107,175.62176513671875,42223023
2024-08-27,174.17434692382812,175.62177916973252,172.72691467792373,175.13930175443105,27898074
2024-08-28,178.99911499023438,179.48159238912987,173.20938620348824,174.65681840017479,59781576
2024-08-29,178.03416442871094,178.99911924946275,173.69186773532775,174.17434514570365,57658983
2024-08-30,178.03416442871094,179.48159665983866,177.06920960795912,178.51664183908684,50920206
2024-09-02,176.58673095703125,180.44655021292263,175.62177614305838,178.99911799196337,35772515
2024-09-03,178.51663208007812,180.44654161607897,176.58672254407728,177.55167731207771,50713412
2024-09-04,173.20938110351562,174.656813257584,165.97222033317374,168.8670846413105,124980705
2024-09-05,168.86709594726562,174.65682495117187,168.86709594726562,173.6918701171875,75390366
2024-09-06,170.31451416015625,171.76194629182896,168.86708202848354,169.34955940570777,38390840
2024-09-09,165.97222900390625,167.90213864348655,164.52479677422102,165.97222900390625,66946358
2024-09-10,163.07736206054688,167.90213608600686,161.6299298529089,167.41965868346085,89950703
2024-09-11,163.55984497070312,165.9722320646663,163.55984497070312,164.04232238949575,29053719
2024-09-12,171.27947998046875,171.27947998046875,167.90213812169895,168.38461553009464,52398341
2024-09-13,169.83204650878906,173.20938834277067,168.86709169908005,172.72691093791616,34996605
2024-09-16,174.6568145751953,175.62176935185386,168.8670859152441,170.79699546856116,53785495
2024-09-18,167.90213012695312,173.2093813665982,167.41965274153085,172.72690398117592,76540029
2024-09-19,170.31451416015625,170.31451416015625,166.93717251958657,168.3846046512593,41446153
2024-09-20,170.7969970703125,175.6217709988524,170.7969970703125,173.69186142743644,81520029
2024-09-23,173.69186401367188,174.17434141370987,171.279477013482,171.76195441352,30529852
2024-09-24,176.58673095703125,177.5516857710041,171.761956887167,172.72691170113984,56746047
2024-09-25,181.89398193359375,184.30636896189077,179.48159490529676,179.96407231095617,117055770
2024-09-26,182.8589324951172,186.23627425624073,181.89397770622475,185.2713194673483,65079925
2024-09-27,184.30636596679688,187.20123035370992,183.3414111711592,185.27132076243456,67106252
2024-09-30,180.9290313720703,184.30637329101563,180.9290313720703,183.34141845703124,61700675
2024-10-01,180.44654846191406,183.34141287574158,178.99911625500033,182.37645807113242,33579126
2024-10-04,187.20123291015625,189.61361993219435,181.41150405726484,181.41150405726484,114048146
2024-10-07,190.5785675048828,192.02599966314776,188.16618057444126,192.02599966314776,83512089
2024-10-08,187.20123291015625,190.5785747410096,187.20123291015625,190.09609733660196,53834729
2024-10-09,192.0260009765625,192.9909557553392,190.0960914190091,191.0610461977858,83114046
2024-10-11,192.99095153808594,194.9208610534668,192.0259967803955,192.99095153808594,69936130
2024-10-14,192.0260009765625,192.9909557553392,189.61361402962078,192.9909557553392,36211894
2024-10-15,199.74563598632812,200.22811336793762,193.47343002540478,193.95590740701425,126315098
2024-10-16,197.81573486328125,200.22812187380907,196.36830265696454,196.8507800590701,96069107
2024-10-17,201.1930694580078,201.6755468427992,196.85077299488535,200.22811468842505,65050499
2024-10-18,200.22811889648438,203.6054606610034,199.74564150155308,202.64050587114082,101109312
2024-10-21,202.6405029296875,206.0178446451823,201.67554815383187,202.6405029296875,58640655
2024-10-22,207.94775390625,208.43023129350348,201.67554787195476,203.60545742096866,87878376
2024-10-23,208.43023681640625,209.3951916164822,205.5353724161784,206.98280461629233,51043274
2024-10-24,204.0879364013672,207.94775552952544,202.64050422830786,207.46527813850565,78486941
2024-10-25,208.43023681640625,208.43023681640625,204.57041761610245,205.0528950161404,49063789
2024-10-28,207.4652862548828,213.73749258351882,206.50033143509268,210.84262812414835,93823853
2024-10-29,202.1580352783203,205.5353771564784,199.74564822249312,205.5353771564784,85568817
2024-10-30,204.0879364013672,207.94775552952544,201.6755494462683,202.15802683728808,67172212
2024-11-01,200.71060180664062,201.19307921482965,194.4383955001831,194.92087290837213,87793218
2024-11-04,206.5003204345703,206.5003204345703,200.71059182425526,201.6755465926411,57179294
2024-11-05,206.5003204345703,207.94775258714907,203.6054561294128,204.57041089779864,43137748
2024-11-06,206.01785278320312,209.3951946321081,205.05289796923026,207.46528500416238,66841891
2024-11-07,209.3951873779297,211.3250969390166,204.5704134752124,204.5704134752124,75949925
2024-11-08,210.36013793945312,212.29004746183344,209.87766055885805,211.80757008123837,53938151
2024-11-11,212.29005432128906,212.29005432128906,209.87766734036532,211.8075769251043,41304740
2024-11-12,206.5003204345703,210.8426168923066,206.5003204345703,209.87766212392077,67724865
2024-11-13,206.98280334472656,208.9127129330224,205.05289375643076,205.05289375643076,54978607
2024-11-14,204.0879364013672,207.94775552952544,201.6755494462683,207.46527813850565,71008649
2024-11-15,199.74563598632812,206.98279671047044,198.78068122310916,204.570409802423,99347209
2024-11-18,195.40335083007812,200.71060233410495,194.92087342062115,197.81573787736303,59712102
2024-11-19,196.36830139160156,197.81573358859126,193.95591439661874,196.36830139160156,59058419
2024-11-20,198.7806854248047,198.7806854248047,198.7806854248047,198.7806854248047,44351353
2024-11-21,195.40335083007812,197.81573787736303,194.92087342062115,197.81573787736303,49115813
2024-11-22,195.8858184814453,199.74563756482354,195.8858184814453,198.2982054085567,36997322
2024-11-25,203.12298583984375,203.12298583984375,198.29821182939617,198.7806892304409,80172067
2024-11-26,195.40335083007812,199.74564751519097,194.92087342062115,199.74564751519097,92584940
2024-11-27,189.61361694335938,193.95591351458134,189.61361694335938,193.4734361177789,92029898
2024-11-28,188.64866638183594,192.0260082352192,186.23627934370504,189.1311437894621,56842531
2024-11-29,188.64866638183594,192.0260082352192,185.75380193607887,186.71875675133123,48382854
2024-12-02,189.13113403320312,192.50847571236747,188.64865665046537,191.54352094689193,46054629
2024-12-03,189.61361694335938,192.99095872097647,189.61361694335938,191.54352653056915,50430915
2024-12-04,193.95591735839844,194.43839476476262,190.09609810748503,190.57857551384922,48810602
2024-12-05,192.0260009765625,196.36829748105762,192.0260009765625,195.88582009166927,45629278
2024-12-06,191.06105041503906,194.4383922153049,190.5785730150011,192.508482615153,46385653
2024-12-09,188.1661834716797,192.02600261981672,188.1661834716797,191.54352522629958,39186123
2024-12-10,185.2713165283203,188.16618084907532,185.2713165283203,186.2362713019053,55981201
2024-12-11,182.37644958496094,187.2012233835049,182.37644958496094,183.34140434466974,62875365
2024-12-12,181.89398193359375,186.23627858452835,181.89398193359375,183.82389155623136,47067315
2024-12-13,179.9640655517578,182.85892987698716,178.99911077668136,181.8939751019107,52081754
2024-12-16,175.62176513671875,182.85892578795716,175.13928775996953,181.41149365770949,71398289
2024-12-17,176.58673095703125,179.4815953989498,174.65682132908555,174.65682132908555,54107138
2024-12-18,178.03416442871094,178.99911924946275,176.1042547872073,176.58673219758322,46803571
2024-12-19,174.6568145751953,175.62176935185386,172.72690502187825,174.6568145751953,62303203
2024-12-20,174.6568145751953,177.55167890517095,173.6918597985368,174.6568145751953,55158347
2024-12-23,178.99911499023438,180.92902458581642,177.55168279354785,178.51663759133888,50507684
2024-12-24,178.99911499023438,180.92902458581642,178.99911499023438,180.92902458581642,32584682
2024-12-25,179.9640655517578,181.4114977143725,179.4815881642196,179.9640655517578,21198608
2024-12-26,180.9290313720703,182.37646362304687,180.44655395507812,180.9290313720703,35581123
2024-12-27,179.9640655517578,181.4114977143725,178.99911077668136,180.92902032683426,20870917
2024-12-30,178.51663208007812,180.44654161607897,178.03415469607793,178.99910946407834,23909208
2024-12-31,177.5516815185547,178.51663630941638,176.58672672769296,178.03415891398552,21179875
2025-01-02,176.104248046875,179.48158979023972,175.13929326305652,177.55168022260276,38301022
2025-01-03,174.6568145751953,177.55167890517095,174.17433718686604,176.5867241285124,46698161
2025-01-06,178.03416442871094,180.9290288909664,177.06920960795912,178.51664183908684,66600965
2025-01-07,183.34141540527344,185.27132504111842,179.96407354254472,180.44655095150597,80605094
2025-01-08,181.4114990234375,183.34140858751664,180.44654424139793,183.34140858751664,40650155
2025-01-09,176.58673095703125,181.4115050268955,176.58673095703125,181.4115050268955,44873514
2025-01-10,175.13929748535156,177.55168450305612,174.65682008181065,176.1042522924334,39132489
2025-01-13,165.48974609375,174.17433918321794,165.48974609375,173.6918617893586,148207264
2025-01-14,168.38461303710938,168.38461303710938,165.00727122834215,165.4897486295946,62025042
2025-01-15,165.00726318359375,169.349559583162,165.00726318359375,168.3846048277024,57853514
2025-01-16,167.41966247558594,169.8320495429575,166.93718506211164,168.86709471600886,41090927
2025-01-17,167.41966247558594,169.3495721294832,165.972230235163,166.93718506211164,44467947
2025-01-20,171.76194763183594,171.76194763183594,168.3846059649178,168.3846059649178,33266229
2025-01-21,172.2444305419922,173.6918627314207,170.7969983525637,172.2444305419922,31745824
2025-01-22,173.69186401367188,174.65681881374783,172.24443181355795,174.17434141370987,43634401
2025-02-03,159.70001220703125,162.11239909837613,157.77010269395535,158.2525800722243,155112848
2025-02-04,159.21754455566406,163.07736381761956,159.21754455566406,161.1474541866418,62817481
2025-02-05,165.00726318359375,165.48974056132357,161.14744416175532,161.14744416175532,50787569
2025-02-06,166.9371795654297,167.90213436060557,165.0072699750779,166.45470216784173,40235011
2025-02-07,171.76194763183594,171.76194763183594,167.9021285839295,168.8670833459061,50334024
2025-02-10,167.90213012695312,170.3145170540645,167.90213012695312,169.83203966864224,35975740
2025-02-11,172.72691345214844,175.6217779234135,169.83204898088337,171.76195862839342,69282654
2025-02-12,170.7969970703125,175.1392936059984,170.7969970703125,175.1392936059984,41760435
2025-02-13,173.69186401367188,174.65681881374783,170.79699961344403,170.79699961344403,40054109
2025-02-14,171.76194763183594,174.17433453677745,171.27947025084762,173.69185715578914,26170902
2025-02-17,176.104248046875,176.104248046875,172.72690630351028,173.20938369541952,46052153
2025-02-18,177.06919860839844,177.5516759888028,174.65681170637666,176.58672122799408,26614265
2025-02-19,176.58673095703125,178.0341631779905,175.62177614305838,177.06920836401767,33998620
2025-02-20,175.62176513671875,177.06919726696646,175.13928775996953,176.5867198902172,23201907
2025-02-21,176.58673095703125,177.5516857710041,174.65682132908555,175.13929873607196,34837198
2025-02-24,177.5516815185547,177.5516815185547,174.1743397505387,174.65681714596954,26499357
2025-02-25,171.27947998046875,175.62177665602994,171.27947998046875,175.13929924763426,62236037
2025-02-26,174.17434692382812,174.65682433912957,168.38461794021057,168.86709535551202,44189198
2025-02-27,167.90213012695312,175.1392909082873,167.90213012695312,173.69185875202047,78529299
2025-03-03,164.0423126220703,168.86708652271943,164.0423126220703,165.97222218232997,67754390
2025-03-04,164.52479553222656,165.97222775098516,159.21754406344508,159.70002146969793,68513242
2025-03-05,167.41966247558594,168.86709471600886,165.48975282168868,165.48975282168868,44481318
2025-03-06,167.41966247558594,169.8320495429575,167.41966247558594,169.3495721294832,28371666
2025-03-07,165.97222900390625,168.38461605338162,165.0072741841161,165.0072741841161,31346422
2025-03-10,165.97222900390625,167.90213864348655,164.04231936432595,167.41966123359148,35538548
2025-03-11,162.59487915039062,163.5598339227965,159.21753744697006,160.18249221937594,65518436
2025-03-12,164.52479553222656,165.4897503447323,163.07736331346797,163.07736331346797,39457767
2025-03-13,162.11241149902344,167.90214048113143,162.11241149902344,166.45470823560441,33203563
2025-03-14,164.0423126220703,164.52479001213524,162.11240306181065,162.59488045187558,32460048
2025-03-17,162.11241149902344,166.45470823560441,162.11241149902344,165.97223082042876,49505421
2025-03-18,161.6299285888672,163.55983818395814,161.14745119009444,163.0773607851854,38491878
2025-03-19,158.25257873535156,161.6299203547036,157.77010136115842,161.14744298051045,76827146
2025-03-20,160.1824951171875,161.1474499070501,158.73506293239365,159.21754032732494,36080294
2025-03-21,159.21754455566406,161.1474541866418,159.21754455566406,161.1474541866418,44208163
2025-03-24,157.28762817382812,161.1474472701184,157.28762817382812,160.6649698830821,40731359
2025-03-25,159.21754455566406,160.66497677889737,158.25258974017518,159.7000219634085,32238564
2025-03-26,160.1824951171875,161.1474499070501,159.21754032732494,160.1824951171875,18157417
2025-03-27,154.875244140625,158.252585913162,154.39276674454828,157.77010851708528,64776987
2025-03-28,148.60304260253906,152.9453393019639,147.63808778044466,152.4628618909167,106024520
2025-03-31,140.88339233398438,144.26073393103195,139.9184375919708,139.9184375919708,126784939
2025-04-01,146.67312622070312,147.6380809984709,142.81330710963198,143.29578449851587,59980318
2025-04-02,148.1205596923828,149.0855144786524,146.67312751297843,147.63808229924803,38028390
2025-04-07,133.646240234375,133.646240234375,133.646240234375,133.646240234375,26126364
2025-04-08,120.61934661865234,125.92659786987305,120.61934661865234,122.54925616455078,301202019
2025-04-09,108.55741119384766,118.206958855523,108.55741119384766,114.82961717393663,358282270
2025-04-10,119.17192077636719,119.17192077636719,119.17192077636719,119.17192077636719,35122259
2025-04-11,129.7864227294922,130.2689001374085,112.89971345242071,114.34714567616969,293820443
2025-04-14,133.646240234375,139.91844645476084,131.23385322653428,136.54110464378385,210223406
2025-04-15,134.61119079589844,135.09366818226366,131.23384909134185,134.12871340953322,84519852
2025-04-16,131.23385620117188,134.61119808870203,131.23385620117188,133.1637658511891,59628853
2025-04-17,129.7864227294922,130.75137754532483,127.37403568991054,129.7864227294922,63502645
2025-04-18,130.75137329101562,131.71632807545114,128.82146372214453,130.26889589879784,25953939
2025-04-21,131.71632385253906,132.1988012292883,129.78641434554217,130.2688917222914,31715258
2025-04-22,127.37403106689453,131.23385019013375,126.89155367648962,129.78641801891905,43756112
2025-04-23,134.12872314453125,134.61120056591446,131.233858616232,131.233858616232,64790108
2025-04-24,131.71632385253906,134.1287107362852,130.7513690990406,134.1287107362852,43373263
2025-04-25,134.12872314453125,136.05863283006408,133.64624572314804,135.57615540868088,53501504
2025-04-28,137.5060577392578,138.47101253041052,135.0936707613761,135.0936707613761,46661370
2025-04-29,137.98854064941406,138.47101806427216,136.0586309899817,136.5411084048398,37793068
2025-04-30,136.54110717773438,138.95349423034452,136.54110717773438,137.98853940930047,41225512
2025-05-02,142.33082580566406,142.81330318127647,138.95348417637712,139.43596155198955,58858234
2025-05-05,137.5060577392578,143.7782638817503,137.0235803436815,143.7782638817503,65835101
2025-05-06,140.88339233398438,141.36586970499118,137.02357336593002,137.5060507369368,52642201
2025-05-07,139.91844177246094,142.81330608499462,138.4710096161941,141.36587392872778,42941757
2025-05-08,140.88339233398438,141.36586970499118,139.435960220964,140.4009149629776,28650766
2025-05-09,141.84835815429688,142.33083556298496,140.40092592823262,141.3658807456088,29653062
2025-05-12,147.63807678222656,147.63807678222656,143.29578040627874,143.77825778138404,58159600
2025-05-13,152.46286010742188,155.84020194524453,151.49790529661541,153.91029232363158,91396561
2025-05-14,157.28762817382812,157.28762817382812,153.91028646457414,155.84019601271928,68720158
2025-05-15,153.91029357910156,157.2876354444737,152.94533876042382,157.2876354444737,68371776
2025-05-16,152.46286010742188,153.91029232363158,151.49790529661541,152.94533751282512,34064080
2025-05-19,148.60304260253906,152.4628618909167,148.60304260253906,151.4979070688223,51994460
2025-05-20,148.60304260253906,152.9453393019639,148.12056519149186,151.4979070688223,40404578
2025-05-21,149.5679931640625,151.01542535597278,149.08551576675907,149.5679931640625,28794921
2025-05-22,147.63807678222656,148.6030315324372,146.19064465691062,148.1205541573319,36180030
2025-05-23,148.60304260253906,150.5329522467279,147.63808778044466,150.5329522467279,22240124
2025-05-26,147.63807678222656,149.56798628264784,145.70816728180532,147.15559940712126,28674499
2025-05-27,146.67312622070312,149.56799055400649,146.67312622070312,148.1205583873548,27178660
2025-05-28,146.67312622070312,148.6030357762387,146.19064883181923,148.6030357762387,31301270
2025-05-29,150.53294372558594,152.46285326052936,148.60303419064252,149.0855115743784,88695221
2025-06-02,147.15560913085938,149.08551875880508,145.7081769099001,148.60304135181863,54596606
2025-06-03,146.19065856933594,149.5680005164823,146.19065856933594,148.12056825341958,37496603
2025-06-04,150.53294372558594,150.53294372558594,147.63807942317084,148.12055680690668,39430089
2025-06-05,150.05047607421875,151.4979083193077,150.05047607421875,151.01543090427805,34135967
2025-06-06,147.63807678222656,150.05046365775314,147.63807678222656,150.05046365775314,23622232
2025-06-09,149.08551025390625,150.0504650128312,148.60303287444376,149.56798763336872,18242233
2025-06-10,150.05047607421875,150.5329534892484,149.56799865918913,150.05047607421875,31625938
2025-06-11,150.53294372558594,151.9803758767935,150.0504663418501,151.01542110932178,26921144
2025-06-12,151.98037719726562,152.46285458519347,148.60303548177083,150.05046764555433,32770167
2025-06-13,151.0154266357422,152.94533624131077,150.53294923435004,151.49790403713433,37075939
2025-06-16,149.5679931640625,151.4979027532762,149.08551576675907,150.53294795866935,21564832
2025-06-17,149.5679931640625,151.4979027532762,149.08551576675907,151.01542535597278,25153697
2025-06-18,150.53294372558594,151.01542110932178,148.60303419064252,149.56798895811423,34125837
2025-06-19,148.60304260253906,150.5329522467279,148.60304260253906,150.0504748356807,20289055
2025-06-20,150.05047607421875,150.05047607421875,147.63808899907053,149.08552124415948,58365008
2025-06-23,150.53294372558594,150.53294372558594,146.67312465569913,147.63807942317084,48485749
2025-06-24,154.875244140625,156.32267632885515,151.98037976416472,152.46285716024144,66177329
2025-06-25,156.3226776123047,156.3226776123047,154.39276801215277,155.84020021226672,48074338
2025-06-26,157.28762817382812,158.2525829479007,155.84019601271928,156.32267339975556,64983063
2025-06-27,159.21754455566406,159.7000219634085,156.80515751694188,157.2876349246863,74726884
2025-06-30,155.35772705078125,160.66497859599426,155.35772705078125,160.1825011827931,59551541
2025-07-01,159.70001220703125,160.18248958530023,155.35771580261047,155.84019318087942,101734619
2025-07-02,162.0,162.0,160.0,160.0,64904578
2025-07-03,164.0,164.5,163.0,164.0,45499276
2025-07-04,161.0,164.5,160.5,164.0,27434055
